event,start_stamp_s,end_stamp_s,frame_dt_s,imu_state_stamp_s,tracks,inliers,inlier_ratio,rotation_accepted,rotation_nis,rotation_reason,rotation_innovation_deg,visual_relative_rotation_body,predicted_relative_rotation_body,gt_rotation_error_deg,gt_rotation_error_if_inverse_deg,direction_accepted,direction_nis,direction_reason,direction_innovation_deg,visual_direction_world,gt_direction_error_deg
visual_span,2.0,2.04,0.040000000000000036,2.04,28,0,0.0,False,,disabled_or_unavailable,,null,"[[0.9999999859054979, -9.679237663701523e-05, 0.0001371868805213885], [9.679187285079461e-05, 0.9999999953088997, 3.678896911977641e-06], [-0.00013718723596700658, -3.6656182850291966e-06, 0.999999990583113]]",nan,nan,False,,disabled_or_unavailable,,null,nan
visual_span,2.04,2.08,0.040000000000000036,2.08,28,0,0.0,False,,disabled_or_unavailable,,null,"[[0.9999999958689554, -3.492220570479494e-05, 8.391977441842584e-05], [3.492031757298055e-05, 0.999999999137147, 2.2500607897568673e-05], [-8.39205601168729e-05, -2.2497677299444318e-05, 0.999999996225597]]",nan,nan,False,,disabled_or_unavailable,,null,nan
visual_span,2.08,2.12,0.040000000000000036,2.12,28,0,0.0,False,,disabled_or_unavailable,,null,"[[0.9999999969862573, 4.196149117705502e-05, 6.532012277580129e-05], [-4.195994258912382e-05, 0.9999999988386264, -2.370886013209222e-05], [-6.532111755906549e-05, 2.3706119232038234e-05, 0.9999999975855857]]",nan,nan,False,,disabled_or_unavailable,,null,nan
visual_span,2.12,2.16,0.040000000000000036,2.16,28,0,0.0,False,,disabled_or_unavailable,,null,"[[0.9999999888121481, -5.708242835914426e-06, 0.00014947615141042711], [5.708298423901532e-06, 0.9999999999836389, -3.7145870012493997e-07], [-0.00014947614928760501, 3.7231195044862206e-07, 0.9999999888283712]]",nan,nan,False,,disabled_or_unavailable,,null,nan
visual_span,2.16,2.2,0.040000000000000036,2.2,28,0,0.0,False,,disabled_or_unavailable,,null,"[[0.9999999980108029, -2.1859113700105387e-05, -5.916564622577276e-05], [2.186749453077679e-05, 0.9999999897280714, 0.00014165334518487918], [5.916254920144905e-05, -0.000141654638707548, 0.9999999882168782]]",nan,nan,False,,disabled_or_unavailable,,null,nan
visual_span,2.2,2.24,0.040000000000000036,2.24,28,0,0.0,False,,disabled_or_unavailable,,null,"[[0.9999999884045554, 6.919683056227552e-05, 0.00013565650816525985], [-6.919878396281496e-05, 0.9999999975021568, 1.4394967245026965e-05], [-0.00013565551174030173, -1.4404354343512595e-05, 0.9999999906950485]]",nan,nan,False,,disabled_or_unavailable,,null,nan
visual_span,2.24,2.2800000000000002,0.040000000000000036,2.2800000000000002,28,0,0.0,False,,disabled_or_unavailable,,null,"[[0.9999999971199381, -6.782387963404946e-05, 3.4059435483807124e-05], [6.782360536814848e-05, 0.9999999976675487, 8.053657888125898e-06], [-3.405998163468836e-05, -8.051347831219549e-06, 0.9999999993875468]]",nan,nan,False,,disabled_or_unavailable,,null,nan
visual_span,2.2800000000000002,2.32,0.03999999999999959,2.32,28,0,0.0,False,,disabled_or_unavailable,,null,"[[0.9999999993773521, 2.0475122314472694e-05, 2.874135815060774e-05], [-2.047377854883567e-05, 0.9999999986974796, -4.675324348537954e-05], [-2.874231539155049e-05, 4.675265501206675e-05, 0.9999999984940345]]",nan,nan,False,,disabled_or_unavailable,,null,nan
visual_span,2.32,2.36,0.040000000000000036,2.36,28,0,0.0,False,,disabled_or_unavailable,,null,"[[0.9999999995989097, 1.500602109184525e-06, 2.8283018091034367e-05], [-1.5030031527775818e-06, 0.9999999963954055, 8.489364153254833e-05], [-2.828289059750801e-05, -8.489368400796366e-05, 0.9999999959965704]]",nan,nan,False,,disabled_or_unavailable,,null,nan
visual_span,2.36,2.4,0.040000000000000036,2.4,28,0,0.0,False,,disabled_or_unavailable,,null,"[[0.9999999949332877, -7.48500496313668e-05, 6.73119202141457e-05], [7.484924829874574e-05, 0.9999999971279042, 1.1907205760679194e-05], [-6.731281127576157e-05, -1.1902167453719233e-05, 0.999999997663662]]",nan,nan,False,,disabled_or_unavailable,,null,nan
visual_span,2.4,2.44,0.040000000000000036,2.44,28,0,0.0,False,,disabled_or_unavailable,,null,"[[0.9999999972765173, 2.7244799556120777e-05, 6.8590714876872e-05], [-2.7245087661452842e-05, 0.999999999620035, 4.1994238306239256e-06], [-6.859060043834941e-05, -4.20129257922645e-06, 0.9999999976388393]]",nan,nan,False,,disabled_or_unavailable,,null,nan
visual_span,2.44,2.48,0.040000000000000036,2.48,28,0,0.0,False,,disabled_or_unavailable,,null,"[[0.9999999992324615, -3.4302912784603366e-05, 1.8931125421661286e-05], [3.430201181333011e-05, 0.9999999982792662, 4.759033364996257e-05], [-1.893275787615044e-05, -4.7589684237747294e-05, 0.9999999986883864]]",nan,nan,False,,disabled_or_unavailable,,null,nan
visual_span,2.48,2.56,0.08000000000000007,2.56,28,0,0.0,False,,disabled_or_unavailable,,null,"[[0.999999999894588, 1.3258260734182851e-05, 5.919697634885064e-06], [-1.3258125038560632e-05, 0.999999999649398, -2.292217943918265e-05], [-5.920001541041206e-06, 2.292210095267494e-05, 0.9999999997197655]]",nan,nan,False,,disabled_or_unavailable,,null,nan
visual_span,2.56,2.6,0.040000000000000036,2.6,28,0,0.0,False,,disabled_or_unavailable,,null,"[[0.9999999980603863, 1.949463064987584e-05, -5.915392356055372e-05], [-1.9485400676967334e-05, 0.9999999876375238, 0.0001560297127426205], [5.915696457088507e-05, -0.00015602855980208097, 0.999999986077771]]",nan,nan,False,,disabled_or_unavailable,,null,nan
visual_span,2.6,2.64,0.040000000000000036,2.64,28,0,0.0,False,,disabled_or_unavailable,,null,"[[0.9999999857882119, -6.863671410907268e-05, -0.00015398888715584955], [6.863375863452323e-05, 0.9999999974604223, -1.919798047911765e-05], [0.00015399020445108045, 1.918741137016657e-05, 0.9999999879594299]]",nan,nan,False,,disabled_or_unavailable,,null,nan
visual_span,2.64,2.68,0.040000000000000036,2.68,28,0,0.0,False,,disabled_or_unavailable,,null,"[[0.999999999042744, -2.7974241324576757e-05, 3.3644528178545644e-05], [2.7977983996048596e-05, 0.9999999934207485, -0.00011124628407475805], [-3.364141592679266e-05, 0.00011124722527433777, 0.9999999932461552]]",nan,nan,False,,disabled_or_unavailable,,null,nan
visual_span,2.68,2.72,0.040000000000000036,2.72,28,0,0.0,False,,disabled_or_unavailable,,null,"[[0.9999999936722888, -6.134121947989248e-05, 9.430099398777909e-05], [6.134931012110153e-05, 0.9999999944377034, -8.579542870400605e-05], [-9.429573066702647e-05, 8.580121346204222e-05, 0.9999999918732336]]",nan,nan,False,,disabled_or_unavailable,,null,nan
visual_span,2.72,2.76,0.03999999999999959,2.76,28,0,0.0,False,,disabled_or_unavailable,,null,"[[0.9999999980690321, -6.212437023317664e-05, -1.5807488498921224e-06], [6.212435389749082e-05, 0.9999999980169064, -1.033209513805481e-05], [1.5813907216609903e-06, 1.033199691510289e-05, 0.9999999999453747]]",nan,nan,False,,disabled_or_unavailable,,null,nan
visual_span,2.76,2.8,0.040000000000000036,2.8,28,0,0.0,False,,disabled_or_unavailable,,null,"[[0.9999999953088666, -5.236406606369253e-05, 8.148786253979915e-05], [5.2369616096449e-05, 0.9999999963093579, -6.81080613438248e-05], [-8.148429582403291e-05, 6.81123285123985e-05, 0.9999999943605103]]",nan,nan,False,,disabled_or_unavailable,,null,nan
visual_span,2.8,2.84,0.040000000000000036,2.84,28,0,0.0,False,,disabled_or_unavailable,,null,"[[0.9999999999983037, 1.8383636690211763e-06, 1.1569047529655424e-07], [-1.8383722812965403e-06, 0.9999999972241932, 7.448647060966024e-05], [-1.155535417540174e-07, -7.448647082221604e-05, 0.9999999972258763]]",nan,nan,False,,disabled_or_unavailable,,null,nan
visual_span,2.84,2.88,0.040000000000000036,2.88,28,0,0.0,False,,disabled_or_unavailable,,null,"[[0.9999999999334582, 8.716307914811083e-06, 7.55708485284095e-06], [-8.715962474425341e-06, 0.9999999989173309, -4.570962686895782e-05], [-7.557483263841589e-06, 4.570956099864823e-05, 0.9999999989267602]]",nan,nan,False,,disabled_or_unavailable,,null,nan
visual_span,2.88,2.92,0.040000000000000036,2.92,28,0,0.0,False,,disabled_or_unavailable,,null,"[[0.9999999892367787, -5.028106778231706e-05, 0.00013783416520321649], [5.028374050288235e-05, 0.9999999985478364, -1.9387445505017418e-05], [-0.00013783319018159716, 1.939437611374156e-05, 0.9999999903129351]]",nan,nan,False,,disabled_or_unavailable,,null,nan
visual_span,2.92,3.0,0.08000000000000007,3.0,28,0,0.0,False,,disabled_or_unavailable,,null,"[[0.9999999726238462, -0.0001718464046751894, 0.00015881158726997353], [0.00017181553334510158, 0.9999999663473624, 0.00019438286073561367], [-0.00015884498592129266, -0.00019435556911659037, 0.9999999684970912]]",nan,nan,False,,disabled_or_unavailable,,null,nan
visual_span,3.0,3.04,0.040000000000000036,3.04,28,0,0.0,False,,disabled_or_unavailable,,null,"[[0.9999999960352363, -5.183332096475572e-05, 7.240741846299383e-05], [5.183639898955932e-05, 0.9999999977530045, -4.25085691368119e-05], [-7.240521493998687e-05, 4.251232230810872e-05, 0.9999999964750935]]",nan,nan,False,,disabled_or_unavailable,,null,nan
visual_span,3.04,3.08,0.040000000000000036,3.08,28,0,0.0,False,,disabled_or_unavailable,,null,"[[0.9999999908290499, -1.7310931181992542e-05, -0.00013432137588499462], [1.729876759778076e-05, 0.9999999957501395, -9.055646734358438e-05], [0.00013432294293092177, 9.055414291883069e-05, 0.9999999868786472]]",nan,nan,False,,disabled_or_unavailable,,null,nan
visual_span,3.08,3.12,0.040000000000000036,3.12,28,0,0.0,False,,disabled_or_unavailable,,null,"[[0.9999999974766033, -5.793657191631857e-05, -4.111139835814518e-05], [5.793337028446315e-05, 0.9999999952896897, -7.787390536279564e-05], [4.11159099116162e-05, 7.78715234444249e-05, 0.9999999961227539]]",nan,nan,False,,disabled_or_unavailable,,null,nan
visual_span,3.12,3.16,0.040000000000000036,3.16,28,0,0.0,False,,disabled_or_unavailable,,null,"[[0.999999993251586, -5.068965346818812e-05, 0.00010453414318418032], [5.069072700325655e-05, 0.9999999986625187, -1.0267083559380005e-05], [-0.00010453362260946008, 1.0272382401808142e-05, 0.9999999944836]]",nan,nan,False,,disabled_or_unavailable,,null,nan
visual_span,3.16,3.2,0.040000000000000036,3.2,28,0,0.0,False,,disabled_or_unavailable,,null,"[[0.9999999881252482, -0.00015149116028592748, 2.8283075327585146e-05], [0.000151492694870787, 0.9999999870527014, -5.426380635190488e-05], [-2.8274854474409937e-05, 5.426809038683625e-05, 0.9999999981277536]]",nan,nan,False,,disabled_or_unavailable,,null,nan
visual_span,3.2,3.24,0.040000000000000036,3.24,28,0,0.0,False,,disabled_or_unavailable,,null,"[[0.9999999955042929, -3.936749376068528e-05, -8.626479242889774e-05], [3.936299292876633e-05, 0.9999999978641262, -5.217568689051354e-05], [8.626684627067516e-05, 5.2172291015532555e-05, 0.9999999949180416]]",nan,nan,False,,disabled_or_unavailable,,null,nan
visual_span,3.24,3.2800000000000002,0.040000000000000036,3.2800000000000002,28,0,0.0,False,,disabled_or_unavailable,,null,"[[0.9999999979541916, -3.200382996882941e-05, 5.53838566470877e-05], [3.2002560223355014e-05, 0.9999999992250942, 2.2927008381557248e-05], [-5.538459035624836e-05, -2.2925235909445233e-05, 0.9999999982034903]]",nan,nan,False,,disabled_or_unavailable,,null,nan
visual_span,3.2800000000000002,3.32,0.03999999999999959,3.32,28,0,0.0,False,,disabled_or_unavailable,,null,"[[0.9999999982302774, -1.0038403684455871e-05, 5.8640223984705465e-05], [1.0033379128403566e-05, 0.9999999962787809, 8.568412792582143e-05], [-5.864108389835781e-05, -8.568353941458486e-05, 0.9999999946097773]]",nan,nan,False,,disabled_or_unavailable,,null,nan
visual_span,3.32,3.36,0.040000000000000036,3.36,28,0,0.0,False,,disabled_or_unavailable,,null,"[[0.999999998229901, 3.6125702252260524e-05, -4.727717992628357e-05], [-3.612945026972973e-05, 0.9999999962047464, -7.92790650489613e-05], [4.727431573495588e-05, 7.928077300715054e-05, 0.9999999957398492]]",nan,nan,False,,disabled_or_unavailable,,null,nan
visual_span,3.36,3.4,0.040000000000000036,3.4,28,0,0.0,False,,disabled_or_unavailable,,null,"[[0.9999999961044524, -5.509529551061645e-05, 6.896088428873356e-05], [5.509627862941365e-05, 0.9999999983806067, -1.4254361702544312e-05], [-6.896009882878846e-05, 1.4258161135111071e-05, 0.9999999975206049]]",nan,nan,False,,disabled_or_unavailable,,null,nan
visual_span,3.4,3.44,0.040000000000000036,3.44,28,0,0.0,False,,disabled_or_unavailable,,null,"[[0.9999999984673184, -3.2128977032558206e-05, -4.5089822756167125e-05], [3.213157110436412e-05, 0.9999999978288352, 5.753165919021854e-05], [4.5087974224912924e-05, -5.753310790888679e-05, 0.999999997328508]]",nan,nan,False,,disabled_or_unavailable,,null,nan
visual_span,3.44,3.48,0.040000000000000036,3.48,28,0,0.0,False,,disabled_or_unavailable,,null,"[[0.9999999988582474, 3.998914289521518e-05, -2.616054379067675e-05], [-3.9987803953771186e-05, 0.9999999978907799, 5.118023405715276e-05], [2.6162590389191522e-05, -5.1179187896021156e-05, 0.999999998348105]]",nan,nan,False,,disabled_or_unavailable,,null,nan
visual_span,3.48,3.52,0.040000000000000036,3.52,28,0,0.0,False,,disabled_or_unavailable,,null,"[[0.9999999987445506, -4.350294672945171e-05, 2.486750006356936e-05], [4.35057261211038e-05, 0.9999999928064178, -0.00011177842436012701], [-2.4862637193842517e-05, 0.00011177950609844192, 0.9999999934435956]]",nan,nan,False,,disabled_or_unavailable,,null,nan
visual_span,3.52,3.6,0.08000000000000007,3.6,28,0,0.0,False,,disabled_or_unavailable,,null,"[[0.9999999964929829, -6.654658152491146e-05, 5.08486658989105e-05], [6.65380429380648e-05, 0.9999999836903342, 0.00016790479540160872], [-5.085983855974136e-05, -0.00016790141144204878, 0.9999999846111963]]",nan,nan,False,,disabled_or_unavailable,,null,nan
visual_span,3.6,3.64,0.040000000000000036,3.64,28,0,0.0,False,,disabled_or_unavailable,,null,"[[0.9999999997873473, -4.246873334219572e-06, -2.018092412673935e-05], [4.247930126355547e-06, 0.9999999986198713, 5.2366139788070435e-05], [2.0180701706524392e-05, -5.236622550409021e-05, 0.999999998425259]]",nan,nan,False,,disabled_or_unavailable,,null,nan
visual_span,3.64,3.68,0.040000000000000036,3.68,28,0,0.0,False,,disabled_or_unavailable,,null,"[[0.9999999924553931, 1.111187813921124e-06, 0.000122833136595498], [-1.0991884860441465e-06, 0.9999999952279175, -9.76880604030964e-05], [-0.00012283324455911038, 9.76879246493089e-05, 0.9999999876845318]]",nan,nan,False,,disabled_or_unavailable,,null,nan
visual_span,3.68,3.72,0.040000000000000036,3.72,28,0,0.0,False,,disabled_or_unavailable,,null,"[[0.9999999972017405, -6.554286955940441e-05, -3.606453977819926e-05], [6.554325724456538e-05, 0.9999999977942735, 1.0748683497924128e-05], [3.606383519909031e-05, -1.0751047255254613e-05, 0.9999999992919073]]",nan,nan,False,,disabled_or_unavailable,,null,nan
visual_span,3.72,3.76,0.03999999999999959,3.76,28,0,0.0,False,,disabled_or_unavailable,,null,"[[0.9999999919911985, -9.489121826243025e-05, 8.374520975573866e-05], [9.489461041513888e-05, 0.9999999946772768, -4.050258881804911e-05], [-8.374136596999034e-05, 4.0510535462725805e-05, 0.9999999956731404]]",nan,nan,False,,disabled_or_unavailable,,null,nan
visual_span,3.76,3.8,0.040000000000000036,3.8,28,0,0.0,False,,disabled_or_unavailable,,null,"[[0.9999999773921912, -0.00013434703870182323, 0.0001648226030952261], [0.00013434820705834197, 0.999999990950234, -7.077518419962177e-06], [-0.00016482165075997903, 7.0996618811635266e-06, 0.9999999863917091]]",nan,nan,False,,disabled_or_unavailable,,null,nan
visual_span,3.8,3.84,0.040000000000000036,3.84,28,0,0.0,False,,disabled_or_unavailable,,null,"[[0.9999999929079051, -4.881547859794653e-05, 0.00010863350814699715], [4.8800842930781585e-05, 0.9999999897339964, 0.0001347237364871678], [-0.00010864008363544028, -0.00013471843412492615, 0.9999999850241379]]",nan,nan,False,,disabled_or_unavailable,,null,nan
visual_span,3.84,3.88,0.040000000000000036,3.88,28,0,0.0,False,,disabled_or_unavailable,,null,"[[0.9999999956845504, -4.812821394691651e-05, 7.94642929236508e-05], [4.8117790637754296e-05, 0.9999999902400236, 0.00013116642328776595], [-7.947060495376382e-05, -0.0001311625990755138, 0.9999999882403976]]",nan,nan,False,,disabled_or_unavailable,,null,nan
visual_span,3.88,3.96,0.08000000000000007,3.96,28,0,0.0,False,,disabled_or_unavailable,,null,"[[0.9999999598410316, -0.00012903987055295046, 0.0002523225056038873], [0.00012904504593332525, 0.9999999914636696, -2.04948011810233e-05], [-0.00025231985880348756, 2.052736132729889e-05, 0.9999999679566576]]",nan,nan,False,,disabled_or_unavailable,,null,nan
visual_span,3.96,4.0,0.040000000000000036,4.0,28,0,0.0,False,,disabled_or_unavailable,,null,"[[0.9999999993572679, -6.690740870605989e-06, 3.5223548222452364e-05], [6.689919267458887e-06, 0.9999999997055841, 2.3325460339147014e-05], [-3.52237042766928e-05, -2.332522468146107e-05, 0.9999999991076124]]",nan,nan,False,,disabled_or_unavailable,,null,nan
visual_span,4.0,4.04,0.040000000000000036,4.04,28,0,0.0,False,,disabled_or_unavailable,,null,"[[0.9999999968591877, -7.230406084510409e-05, -3.246148199932614e-05], [7.23040809122393e-05, 0.9999999973858699, 6.170098426970157e-07], [3.246143730215038e-05, -6.193569383801139e-07, 0.999999999472936]]",nan,nan,False,,disabled_or_unavailable,,null,nan
visual_span,4.04,4.12,0.08000000000000007,4.12,28,0,0.0,False,,disabled_or_unavailable,,null,"[[0.9999999917461201, 2.1995904103602963e-05, -0.00012658570223740367], [-2.199253229695511e-05, 0.9999999994033759, 2.6637882388693504e-05], [0.00012658628808618613, -2.6635098228682832e-05, 0.9999999916332416]]",nan,nan,False,,disabled_or_unavailable,,null,nan
visual_span,4.12,4.16,0.040000000000000036,4.16,28,0,0.0,False,,disabled_or_unavailable,,null,"[[0.9999999874844289, -9.739500419777608e-05, 0.00012468101337176387], [9.73914756425569e-05, 0.9999999948568234, 2.830642063268733e-05], [-0.00012468376963446377, -2.8294277410539422e-05, 0.9999999918266956]]",nan,nan,False,,disabled_or_unavailable,,null,nan
visual_span,4.16,4.2,0.040000000000000036,4.2,28,0,0.0,False,,disabled_or_unavailable,,null,"[[0.9999999955344296, -9.348361831944609e-05, 1.3854753140369832e-05], [9.34841029808899e-05, 0.9999999950183834, -3.49850826361077e-05], [-1.3851482539238733e-05, 3.4986377679048694e-05, 0.9999999992920451]]",nan,nan,False,,disabled_or_unavailable,,null,nan
visual_span,4.2,4.24,0.040000000000000036,4.24,28,0,0.0,False,,disabled_or_unavailable,,null,"[[0.9999999989374818, -4.151759534098014e-05, -2.0033109025559925e-05], [4.1516291241479745e-05, 0.999999997019634, -6.509323504981362e-05], [2.0035811480446167e-05, 6.509240328026211e-05, 0.9999999976807725]]",nan,nan,False,,disabled_or_unavailable,,null,nan
visual_span,4.24,4.28,0.040000000000000036,4.28,28,0,0.0,False,,disabled_or_unavailable,,null,"[[0.999999996514047, -6.116300906871688e-05, -5.684181708503969e-05], [6.115760106740834e-05, 0.9999999936042434, -9.513811476609823e-05], [5.6847635654869486e-05, 9.5134638125278e-05, 0.9999999938588734]]",nan,nan,False,,disabled_or_unavailable,,null,nan
visual_span,4.28,4.4,0.1200000000000001,4.4,28,0,0.0,False,,disabled_or_unavailable,,null,"[[0.9999999866611362, -5.234562327587264e-05, 0.00015471801200536987], [5.233008749650412e-05, 0.9999999935891088, 0.00010041585726808147], [-0.00015472326734412503, -0.0001004077595215425, 0.9999999829894961]]",nan,nan,False,,disabled_or_unavailable,,null,nan
visual_span,4.4,4.48,0.08000000000000007,4.48,28,0,0.0,False,,disabled_or_unavailable,,null,"[[0.999999960556917, -0.00012072375700453633, 0.0002535979875744897], [0.00012075695138365455, 0.9999999841437693, -0.0001308824672977884], [-0.00025358218293020324, 0.00013091308585523687, 0.9999999592789196]]",nan,nan,False,,disabled_or_unavailable,,null,nan
visual_span,4.48,4.52,0.03999999999999915,4.52,28,0,0.0,False,,disabled_or_unavailable,,null,"[[0.9999999978527618, -1.683093879345863e-05, 6.333400685306286e-05], [1.6833168052381177e-05, 0.9999999992388701, -3.519808234193166e-05], [-6.333341438808789e-05, 3.519914837833377e-05, 0.9999999973749496]]",nan,nan,False,,disabled_or_unavailable,,null,nan
visual_span,4.52,4.6,0.08000000000000007,4.6,28,0,0.0,False,,disabled_or_unavailable,,null,"[[0.999999997057381, -6.64254511344356e-05, -3.837834886320501e-05], [6.641962922410796e-05, 0.9999999862909349, -0.00015167914506185632], [3.838842369271214e-05, 0.00015167659553982067, 0.9999999877602697]]",nan,nan,False,,disabled_or_unavailable,,null,nan
visual_span,4.6,4.64,0.040000000000000036,4.64,28,0,0.0,False,,disabled_or_unavailable,,null,"[[0.9999999978373424, 5.500397861267473e-06, -6.553671779273702e-05], [-5.5069615324491195e-06, 0.9999999949695435, -0.00010015281757386561], [6.553616658271381e-05, 0.00010015317826545318, 0.9999999928371761]]",nan,nan,False,,disabled_or_unavailable,,null,nan
visual_span,4.64,4.68,0.040000000000000036,4.68,28,0,0.0,False,,disabled_or_unavailable,,null,"[[0.9999999994964157, 3.0466042400403e-05, 8.887572533472266e-06], [-3.046490466003846e-05, 0.9999999913456332, -0.0001279868082760507], [-8.891471708083584e-06, 0.00012798653745254868, 0.9999999917701939]]",nan,nan,False,,disabled_or_unavailable,,null,nan
visual_span,4.68,4.76,0.08000000000000007,4.76,28,0,0.0,False,,disabled_or_unavailable,,null,"[[0.999999999008367, -4.4304997876867266e-05, -4.5092542129788504e-06], [4.430403615027604e-05, 0.9999999763222496, -0.00021305551572672958], [4.518693530381781e-06, 0.000213055315737295, 0.9999999772935068]]",nan,nan,False,,disabled_or_unavailable,,null,nan
visual_span,4.76,4.8,0.040000000000000036,4.8,28,0,0.0,False,,disabled_or_unavailable,,null,"[[0.999999999046239, 3.10946484338979e-06, 4.356435963612754e-05], [-3.1068411178206885e-06, 0.9999999981815666, -6.022636163701122e-05], [-4.35645468286628e-05, 6.022622623202587e-05, 0.9999999972374661]]",nan,nan,False,,disabled_or_unavailable,,null,nan
visual_span,4.8,4.84,0.040000000000000036,4.84,28,0,0.0,False,,disabled_or_unavailable,,null,"[[0.9999999957335327, -1.7380953764112033e-05, 9.072396025273747e-05], [1.7388443837975233e-05, 0.999999996440843, -8.255880273137636e-05], [-9.072252497910355e-05, 8.256037992762954e-05, 0.9999999924766035]]",nan,nan,False,,disabled_or_unavailable,,null,nan
visual_span,4.84,4.88,0.040000000000000036,4.88,28,0,0.0,False,,disabled_or_unavailable,,null,"[[0.9999999926460246, -2.3730790941253453e-05, 0.0001189319159153348], [2.373309074177913e-05, 0.9999999995314348, -1.9335744277170084e-05], [-0.00011893145700710229, 1.9338566756928007e-05, 0.9999999927406643]]",nan,nan,False,,disabled_or_unavailable,,null,nan
visual_span,4.88,4.92,0.040000000000000036,4.92,28,0,0.0,False,,disabled_or_unavailable,,null,"[[0.9999999975005707, -1.583066010834738e-05, 6.890754019310724e-05], [1.583258650581569e-05, 0.9999999994839011, -2.7955809490013987e-05], [-6.890709759862605e-05, 2.795690040473142e-05, 0.9999999972351119]]",nan,nan,False,,disabled_or_unavailable,,null,nan
visual_span,4.92,4.96,0.040000000000000036,4.96,28,0,0.0,False,,disabled_or_unavailable,,null,"[[0.9999999555159496, -6.014067113821566e-05, 0.0002921492757349289], [6.013664089988474e-05, 0.9999999980965187, 1.3803898590901915e-05], [-0.0002921501053545537, -1.3786329100764555e-05, 0.9999999572291259]]",nan,nan,False,,disabled_or_unavailable,,null,nan
visual_span,4.96,5.0,0.040000000000000036,5.0,28,0,0.0,False,,disabled_or_unavailable,,null,"[[0.9999999961248439, -5.023433093646297e-05, 7.229677783835484e-05], [5.023653835824091e-05, 0.9999999982720653, -3.05312902062924e-05], [-7.22952439944946e-05, 3.0534922027831935e-05, 0.9999999969205081]]",nan,nan,False,,disabled_or_unavailable,,null,nan
visual_span,5.0,5.04,0.040000000000000036,5.04,28,0,0.0,False,,disabled_or_unavailable,,null,"[[0.9999999988827716, 1.5957191612098994e-05, -4.449522291321329e-05], [-1.595976434893301e-05, 0.9999999982010227, -5.7820762353790934e-05], [4.449430017618336e-05, 5.782147242246428e-05, 0.9999999973384673]]",nan,nan,False,,disabled_or_unavailable,,null,nan
visual_span,5.04,5.08,0.040000000000000036,5.08,28,0,0.0,False,,disabled_or_unavailable,,null,"[[0.9999999954371978, -8.474691639004786e-05, -4.4085882264527334e-05], [8.474570396747135e-05, 0.9999999960308887, -2.7502520584076828e-05], [4.4088212843358005e-05, 2.7498784369460723e-05, 0.9999999986500234]]",nan,nan,False,,disabled_or_unavailable,,null,nan
visual_span,5.08,5.12,0.040000000000000036,5.12,28,0,0.0,False,,disabled_or_unavailable,,null,"[[0.999999994021337, -6.148486372053572e-05, -9.042642258417642e-05], [6.147736760422563e-05, 0.9999999946742397, -8.289785435134969e-05], [9.043151906586448e-05, 8.2892294677309e-05, 0.9999999924755041]]",nan,nan,False,,disabled_or_unavailable,,null,nan
visual_span,5.12,5.16,0.040000000000000036,5.16,28,0,0.0,False,,disabled_or_unavailable,,null,"[[0.9999999990513235, 2.564968335320639e-06, 4.3483031701444547e-05], [-2.5667074216641666e-06, 0.9999999991969225, 3.9994588702137186e-05], [-4.348292908167069e-05, -3.9994700272415444e-05, 0.9999999982548294]]",nan,nan,False,,disabled_or_unavailable,,null,nan
visual_span,5.16,5.2,0.040000000000000036,5.2,28,0,0.0,False,,disabled_or_unavailable,,null,"[[0.9999999969140253, -4.387480900407777e-05, -6.516863718594262e-05], [4.38695025181567e-05, 0.9999999957226218, -8.142618690869702e-05], [6.517220946559025e-05, 8.142332774172469e-05, 0.9999999945614128]]",nan,nan,False,,disabled_or_unavailable,,null,nan
visual_span,5.2,5.24,0.040000000000000036,5.24,28,0,0.0,False,,disabled_or_unavailable,,null,"[[0.9999999972568687, -4.129219916995158e-05, 6.149159914456577e-05], [4.129529608904494e-05, 0.99999999787914, -5.0362869611548315e-05], [-6.148951942050793e-05, 5.036540878719002e-05, 0.9999999968411822]]",nan,nan,False,,disabled_or_unavailable,,null,nan
visual_span,5.24,5.28,0.040000000000000036,5.28,28,0,0.0,False,,disabled_or_unavailable,,null,"[[0.99999999797089, -5.0210499166434826e-05, 3.9206198814951065e-05], [5.021144721596371e-05, 0.999999998447057, -2.4180503262931358e-05], [-3.920498463892714e-05, 2.4182471813848787e-05, 0.9999999989390888]]",nan,nan,False,,disabled_or_unavailable,,null,nan
visual_span,5.28,5.32,0.040000000000000036,5.32,28,0,0.0,False,,disabled_or_unavailable,,null,"[[0.9999999988803807, -3.881942108951062e-05, -2.7060881360883078e-05], [3.882101576281195e-05, 0.9999999975100294, 5.893106268480353e-05], [2.705859362376466e-05, -5.893211314972504e-05, 0.9999999978974194]]",nan,nan,False,,disabled_or_unavailable,,null,nan
visual_span,5.32,5.36,0.040000000000000036,5.36,28,0,0.0,False,,disabled_or_unavailable,,null,"[[0.9999999983135844, -3.9459855344868145e-05, 4.261163462314842e-05], [3.9458871688324286e-05, 0.9999999989550445, 2.3084818567014123e-05], [-4.2612545502222466e-05, -2.3083137121060494e-05, 0.9999999988256701]]",nan,nan,False,,disabled_or_unavailable,,null,nan
visual_span,5.36,5.4,0.040000000000000036,5.4,28,0,0.0,False,,disabled_or_unavailable,,null,"[[0.9999999984897107, -4.0617414638843755e-05, -3.702437808793137e-05], [4.061365010080494e-05, 0.9999999940066313, -0.00010167236119654802], [3.702850753448265e-05, 0.00010167085734785645, 0.9999999941459633]]",nan,nan,False,,disabled_or_unavailable,,null,nan
visual_span,5.4,5.44,0.040000000000000036,5.44,28,0,0.0,False,,disabled_or_unavailable,,null,"[[0.9999999985936644, -5.193057498699061e-05, -1.0765075318834875e-05], [5.1930443913498855e-05, 0.9999999985774904, -1.2175730105258153e-05], [1.0765707596186701e-05, 1.217517105299492e-05, 0.9999999998679325]]",nan,nan,False,,disabled_or_unavailable,,null,nan
visual_span,5.44,5.48,0.040000000000000036,5.48,28,0,0.0,False,,disabled_or_unavailable,,null,"[[0.9999999916481551, -9.046285880019921e-05, 9.230471756381355e-05], [9.04800498071262e-05, 0.9999999785612671, -0.0001862547344758825], [-9.228786644917159e-05, 0.00018626308465575443, 0.9999999783945063]]",nan,nan,False,,disabled_or_unavailable,,null,nan
visual_span,5.48,5.52,0.03999999999999915,5.52,28,0,0.0,False,,disabled_or_unavailable,,null,"[[0.9999999976429536, -5.740814384628524e-05, 3.766163022043846e-05], [5.741260998662394e-05, 0.9999999913194391, -0.00011859559247057336], [-3.765482154068229e-05, 0.00011859775444352532, 0.9999999922583437]]",nan,nan,False,,disabled_or_unavailable,,null,nan
visual_span,5.52,5.5600000000000005,0.040000000000000924,5.5600000000000005,28,0,0.0,False,,disabled_or_unavailable,,null,"[[0.9999999983220249, -5.314590690441671e-05, 2.3053478320722454e-05], [5.314658502035464e-05, 0.9999999981550906, -2.9415292531408004e-05], [-2.3051914975792435e-05, 2.9416517695695463e-05, 0.9999999993016389]]",nan,nan,False,,disabled_or_unavailable,,null,nan
visual_span,5.5600000000000005,5.6,0.03999999999999915,5.6,28,0,0.0,False,,disabled_or_unavailable,,null,"[[0.999999992930514, -4.9109139641778535e-05, -0.0001082924952032423], [4.910612346288827e-05, 0.9999999984063541, -2.785463366665625e-05], [0.00010829386294775682, 2.7849315645098753e-05, 0.9999999937484275]]",nan,nan,False,,disabled_or_unavailable,,null,nan
visual_span,5.6,5.64,0.040000000000000036,5.64,28,0,0.0,False,,disabled_or_unavailable,,null,"[[0.9999999993559958, 1.7598304919288766e-05, 3.127791747670826e-05], [-1.759795004647838e-05, 0.9999999997807899, -1.1346033062270814e-05], [-3.127811714080127e-05, 1.1345482627734607e-05, 0.9999999994464798]]",nan,nan,False,,disabled_or_unavailable,,null,nan
visual_span,5.64,5.68,0.040000000000000036,5.68,28,0,0.0,False,,disabled_or_unavailable,,null,"[[0.9999999953057128, -6.065180164395005e-05, 7.556410244511378e-05], [6.0652570381534425e-05, 0.9999999981089077, -1.0171067174446815e-05], [-7.556348540866631e-05, 1.0175650283742773e-05, 0.9999999970933081]]",nan,nan,False,,disabled_or_unavailable,,null,nan
visual_span,5.68,5.76,0.08000000000000007,5.76,28,0,0.0,False,,disabled_or_unavailable,,null,"[[0.9999999969764434, -2.1515381071985534e-05, 7.472752017446553e-05], [2.15217896965284e-05, 0.9999999960910047, -8.576015314143449e-05], [-7.472567471998034e-05, 8.576176115210751e-05, 0.9999999935304972]]",nan,nan,False,,disabled_or_unavailable,,null,nan
visual_span,5.76,5.8,0.040000000000000036,5.8,28,0,0.0,False,,disabled_or_unavailable,,null,"[[0.999999999909968, 9.573280250241313e-06, 9.403026326877564e-06], [-9.572208052096173e-06, 0.9999999934538668, -0.0001140203485245189], [-9.404117814074755e-06, 0.00011402025850652907, 0.9999999934554719]]",nan,nan,False,,disabled_or_unavailable,,null,nan
visual_span,5.8,5.88,0.08000000000000007,5.88,28,0,0.0,False,,disabled_or_unavailable,,null,"[[0.9999999978439982, -6.312525749488779e-05, 1.808882880978882e-05], [6.312537756018019e-05, 0.9999999979855683, -6.637044152999448e-06], [-1.8088409808228944e-05, 6.638186002838207e-06, 0.999999999814372]]",nan,nan,False,,disabled_or_unavailable,,null,nan
visual_span,5.88,5.92,0.040000000000000036,5.92,28,0,0.0,False,,disabled_or_unavailable,,null,"[[0.9999999977576439, -5.5002949420647304e-05, -3.820193270158195e-05], [5.500219887090124e-05, 0.9999999982943635, -1.964767781267708e-05], [3.8203013316652306e-05, 1.9645576578320288e-05, 0.9999999990772905]]",nan,nan,False,,disabled_or_unavailable,,null,nan
visual_span,5.92,5.96,0.040000000000000036,5.96,28,0,0.0,False,,disabled_or_unavailable,,null,"[[0.999999999103909, -2.593614694252908e-05, -3.3458909830230264e-05], [2.593717097558535e-05, 0.9999999991952797, 3.060562016940123e-05], [3.345811601144322e-05, -3.0606487971440725e-05, 0.9999999989718988]]",nan,nan,False,,disabled_or_unavailable,,null,nan
visual_span,5.96,6.0,0.040000000000000036,6.0,28,0,0.0,False,,disabled_or_unavailable,,null,"[[0.9999999718502007, 6.157514863164446e-06, 0.00023719545303545469], [-6.155569411039468e-06, 0.9999999999474131, -8.202623845936942e-06], [-0.0002371955035307595, 8.201163541959585e-06, 0.9999999718355167]]",nan,nan,False,,disabled_or_unavailable,,null,nan
visual_span,6.0,6.04,0.040000000000000036,6.04,28,0,0.0,False,,disabled_or_unavailable,,null,"[[0.99999999959997, -1.772004080910935e-05, -2.2046774862463837e-05], [1.771744404694436e-05, 0.9999999929071186, -0.00011777883987782226], [2.2048861751937763e-05, 0.00011777844921820714, 0.9999999928210423]]",nan,nan,False,,disabled_or_unavailable,,null,nan
visual_span,6.04,6.08,0.040000000000000036,6.08,28,0,0.0,False,,disabled_or_unavailable,,null,"[[0.9999999998729027, 5.178801751637358e-06, 1.5078965895185652e-05], [-5.176946201016061e-06, 0.9999999924155794, -0.0001230530007136558], [-1.507960304791607e-05, 0.0001230529226350209, 0.9999999923152921]]",nan,nan,False,,disabled_or_unavailable,,null,nan
visual_span,6.08,6.12,0.040000000000000036,6.12,28,0,0.0,False,,disabled_or_unavailable,,null,"[[0.9999999968731375, 3.380903401794605e-05, 7.148898289684753e-05], [-3.380267838136643e-05, 0.9999999954768126, -8.890306021721125e-05], [-7.149198830007663e-05, 8.89006434201269e-05, 0.9999999934927858]]",nan,nan,False,,disabled_or_unavailable,,null,nan
visual_span,6.12,6.16,0.040000000000000036,6.16,28,0,0.0,False,,disabled_or_unavailable,,null,"[[0.9999999976984613, -3.4401015560309156e-05, 5.847775392798647e-05], [3.440189930800816e-05, 0.9999999992940743, -1.5111606498212046e-05], [-5.847723403209524e-05, 1.5113618209234488e-05, 0.9999999981759958]]",nan,nan,False,,disabled_or_unavailable,,null,nan
visual_span,6.16,6.2,0.040000000000000036,6.2,28,0,0.0,False,,disabled_or_unavailable,,null,"[[0.9999999964783785, -5.9682444878491144e-05, 5.900211123638744e-05], [5.968878603917006e-05, 0.9999999924429143, -0.0001074775354657401], [-5.899569626841731e-05, 0.00010748105685163833, 0.9999999924836652]]",nan,nan,False,,disabled_or_unavailable,,null,nan
visual_span,6.2,6.28,0.08000000000000007,6.28,28,0,0.0,False,,disabled_or_unavailable,,null,"[[0.9999999887225542, -0.00014150773878567744, -5.030358948318913e-05], [0.0001415129467086779, 0.9999999846266352, 0.00010354136950197859], [5.028893680478471e-05, -0.00010354848694347422, 0.9999999933743667]]",nan,nan,False,,disabled_or_unavailable,,null,nan
visual_span,6.28,6.32,0.040000000000000036,6.32,28,0,0.0,False,,disabled_or_unavailable,,null,"[[0.9999999908183712, -8.388655883330534e-05, -0.00010642510546098308], [8.387992658164559e-05, 0.9999999945400994, -6.232142099454157e-05], [0.0001064303328094614, 6.23124934922969e-05, 0.9999999923948688]]",nan,nan,False,,disabled_or_unavailable,,null,nan
visual_span,6.32,6.36,0.040000000000000036,6.36,28,0,0.0,False,,disabled_or_unavailable,,null,"[[0.9999999960171088, -6.198766247505752e-05, 6.42130246866934e-05], [6.198886290088798e-05, 0.9999999979039838, -1.8692607435465903e-05], [-6.421186584106136e-05, 1.8696587853399034e-05, 0.9999999977636371]]",nan,nan,False,,disabled_or_unavailable,,null,nan
visual_span,6.36,6.4,0.040000000000000036,6.4,28,0,0.0,False,,disabled_or_unavailable,,null,"[[0.9999999959963388, -3.4948472414366996e-05, 8.237673714914659e-05], [3.4944142392323724e-05, 0.9999999980079399, 5.256450398712579e-05], [-8.237857403416476e-05, -5.256162519224257e-05, 0.9999999952255231]]",nan,nan,False,,disabled_or_unavailable,,null,nan
visual_span,6.4,6.44,0.040000000000000036,6.44,28,0,0.0,False,,disabled_or_unavailable,,null,"[[0.9999999889823339, -6.288904869818498e-05, 0.00013446300543868575], [6.288330115295208e-05, 0.9999999971091394, 4.27482357537964e-05], [-0.00013446569344585204, -4.273977980514568e-05, 0.9999999900461443]]",nan,nan,False,,disabled_or_unavailable,,null,nan
visual_span,6.44,6.48,0.040000000000000036,6.48,28,0,0.0,False,,disabled_or_unavailable,,null,"[[0.9999999973162961, -4.601473484306818e-05, 5.7009231349411934e-05], [4.601581740075218e-05, 0.9999999987610004, -1.8987998571149688e-05], [-5.700835755105806e-05, 1.899062184657145e-05, 0.999999998194702]]",nan,nan,False,,disabled_or_unavailable,,null,nan
visual_span,6.48,6.52,0.03999999999999915,6.52,28,0,0.0,False,,disabled_or_unavailable,,null,"[[0.9999999939264502, -4.182610071317716e-05, 0.00010196900167880727], [4.18266478984543e-05, 0.9999999991108794, -5.364065748912703e-06], [-0.00010196877723019027, 5.3683307378635585e-06, 0.999999994786775]]",nan,nan,False,,disabled_or_unavailable,,null,nan
visual_span,6.52,6.5600000000000005,0.040000000000000924,6.5600000000000005,28,0,0.0,False,,disabled_or_unavailable,,null,"[[0.9999999981046436, -6.12640644033312e-05, -6.117836921769104e-06], [6.126357272280246e-05, 0.9999999948964323, -8.033623419786234e-05], [6.1227586147721265e-06, 8.033585924504935e-05, 0.999999996754331]]",nan,nan,False,,disabled_or_unavailable,,null,nan
visual_span,6.5600000000000005,6.6,0.03999999999999915,6.6,28,0,0.0,False,,disabled_or_unavailable,,null,"[[0.9999999901232429, -1.412163412278505e-05, -0.00013983595383516083], [1.4105110334842814e-05, 0.999999992918945, -0.00011816579932222162], [0.00013983762153915857, 0.00011816382575356907, 0.9999999832413751]]",nan,nan,False,,disabled_or_unavailable,,null,nan
visual_span,6.6,6.64,0.040000000000000036,6.64,28,0,0.0,False,,disabled_or_unavailable,,null,"[[0.9999999954536563, -6.340282308208879e-05, 7.122337890009802e-05], [6.340365971403995e-05, 0.9999999979210226, -1.1744395201278097e-05], [-7.122263412421507e-05, 1.1748910970763505e-05, 0.9999999973946498]]",nan,nan,False,,disabled_or_unavailable,,null,nan
visual_span,6.64,6.68,0.040000000000000036,6.68,28,0,0.0,False,,disabled_or_unavailable,,null,"[[0.9999999891940456, -1.5464784282208672e-05, 0.00014619421772706608], [1.547368003989207e-05, 0.9999999980290452, -6.084796713720842e-05], [-0.00014619327643823805, 6.0850228642236846e-05, 0.9999999874623878]]",nan,nan,False,,disabled_or_unavailable,,null,nan
visual_span,6.68,6.72,0.040000000000000036,6.72,28,0,0.0,False,,disabled_or_unavailable,,null,"[[0.9999999816168504, -9.012512370843507e-05, 0.0001692446793379314], [9.012171136556372e-05, 0.9999999957356304, 2.016970506106758e-05], [-0.00016924649641337328, -2.015445207014342e-05, 0.9999999854747109]]",nan,nan,False,,disabled_or_unavailable,,null,nan
visual_span,6.72,6.76,0.040000000000000036,6.76,28,0,0.0,False,,disabled_or_unavailable,,null,"[[0.9999999982014243, -5.956669758248861e-05, 6.997174118213575e-06], [5.9567154434653367e-05, 0.9999999960932511, -6.530889943860997e-05], [-6.9932838554150665e-06, 6.530931612289825e-05, 0.9999999978428938]]",nan,nan,False,,disabled_or_unavailable,,null,nan
visual_span,6.76,6.8,0.040000000000000036,6.8,28,0,0.0,False,,disabled_or_unavailable,,null,"[[0.9999999927260187, -5.282218310451881e-05, 0.00010843329753706025], [5.282727382244003e-05, 0.9999999975026954, -4.694559406861055e-05], [-0.00010843081749750342, 4.695132196262963e-05, 0.9999999930191659]]",nan,nan,False,,disabled_or_unavailable,,null,nan
visual_span,6.8,6.84,0.040000000000000036,6.84,28,0,0.0,False,,disabled_or_unavailable,,null,"[[0.9999999986491156, -1.2054761193044948e-05, 5.056136389465881e-05], [1.2052315939683968e-05, 0.9999999987579237, 4.836211844335888e-05], [-5.056194682564636e-05, -4.836150899649525e-05, 0.999999997552327]]",nan,nan,False,,disabled_or_unavailable,,null,nan
visual_span,6.84,6.88,0.040000000000000036,6.88,28,0,0.0,False,,disabled_or_unavailable,,null,"[[0.9999999981143057, -5.705386334678589e-05, -2.2721039179612762e-05], [5.705116870992787e-05, 0.9999999913420281, -0.0001185795441416189], [2.2727804404001818e-05, 0.00011857824765617461, 0.9999999927113232]]",nan,nan,False,,disabled_or_unavailable,,null,nan
visual_span,6.88,6.92,0.040000000000000036,6.92,28,0,0.0,False,,disabled_or_unavailable,,null,"[[0.999999995045593, -5.904857747115403e-05, -8.013787752000762e-05], [5.904049429656565e-05, 0.9999999931702903, -0.00010086446090807022], [8.01438328756232e-05, 0.00010085972902844597, 0.9999999917021406]]",nan,nan,False,,disabled_or_unavailable,,null,nan
visual_span,6.92,6.96,0.040000000000000036,6.96,28,0,0.0,False,,disabled_or_unavailable,,null,"[[0.9999999768316915, -3.0443273652650832e-05, 0.000213095809140289], [3.0432180186128106e-05, 0.9999999981817345, 5.2061634978513504e-05], [-0.00021309739367942465, -5.205514880227281e-05, 0.999999975939881]]",nan,nan,False,,disabled_or_unavailable,,null,nan
visual_span,6.96,7.0,0.040000000000000036,7.0,28,0,0.0,False,,disabled_or_unavailable,,null,"[[0.9999999995132384, -9.10976493145511e-06, 2.984184065311568e-05], [9.113769224717693e-06, 0.9999999909554654, -0.00013418646880666325], [-2.9840617976022306e-05, 0.0001341867407129954, 0.9999999905517281]]",nan,nan,False,,disabled_or_unavailable,,null,nan
visual_span,7.0,7.04,0.040000000000000036,7.04,28,0,0.0,False,,disabled_or_unavailable,,null,"[[0.999999998501984, -3.816604167027566e-05, -3.923499997623383e-05], [3.816020523240859e-05, 0.9999999882092292, -0.00014874589086673687], [3.9240676555492047e-05, 0.00014874439342826178, 0.9999999881676372]]",nan,nan,False,,disabled_or_unavailable,,null,nan
visual_span,7.04,7.12,0.08000000000000007,7.12,28,0,0.0,False,,disabled_or_unavailable,,null,"[[0.9999999980079273, -6.279885339605359e-05, 6.3600025409831795e-06], [6.279990395224782e-05, 0.9999999843633213, -0.0001653164524663765], [-6.3496207578714715e-06, 0.0001653168515446028, 0.9999999863150104]]",nan,nan,False,,disabled_or_unavailable,,null,nan
visual_span,7.12,7.16,0.040000000000000036,7.16,28,0,0.0,False,,disabled_or_unavailable,,null,"[[0.9999999982260288, -9.832147975410849e-06, 5.8747520044265516e-05], [9.844026078873747e-06, 0.9999999795107143, -0.0002021921511685539], [-5.8745530857421045e-05, 0.00020219272912199026, 0.9999999778335311]]",nan,nan,False,,disabled_or_unavailable,,null,nan
visual_span,7.16,7.2,0.040000000000000036,7.2,28,0,0.0,False,,disabled_or_unavailable,,null,"[[0.9999999837052557, -2.4857100687387345e-05, 0.00017880607779431867], [2.4869568705274776e-05, 0.9999999972597983, -6.972738796933304e-05], [-0.00017880434408365048, 6.973183366317968e-05, 0.9999999815832391]]",nan,nan,False,,disabled_or_unavailable,,null,nan
visual_span,7.2,7.24,0.040000000000000036,7.24,28,0,0.0,False,,disabled_or_unavailable,,null,"[[0.9999999894690002, -4.0845949366058065e-06, -0.0001450700390496016], [4.076467832142136e-06, 0.9999999984224488, -5.602218764492787e-05], [0.00014507026764869015, 5.602159568161061e-05, 0.9999999879080994]]",nan,nan,False,,disabled_or_unavailable,,null,nan
visual_span,7.24,7.28,0.040000000000000036,7.28,28,0,0.0,False,,disabled_or_unavailable,,null,"[[0.9999999951933414, -6.0989773991170155e-05, 7.676955562442391e-05], [6.100069785135546e-05, 0.9999999880148306, -0.00014229987212629113], [-7.676087586728781e-05, 0.00014230455443877104, 0.9999999869285908]]",nan,nan,False,,disabled_or_unavailable,,null,nan
visual_span,7.28,7.32,0.040000000000000036,7.32,28,0,0.0,False,,disabled_or_unavailable,,null,"[[0.9999999949892242, -4.2766461369931175e-05, 9.05128793048526e-05], [4.2790816034679115e-05, 0.9999999628799748, -0.0002690891949513084], [-9.05013679523513e-05, 0.0002690930667229299, 0.9999999596992111]]",nan,nan,False,,disabled_or_unavailable,,null,nan
visual_span,7.32,7.36,0.040000000000000036,7.36,28,0,0.0,False,,disabled_or_unavailable,,null,"[[0.9999999855943363, -4.6302501413418264e-05, -0.00016330157932584302], [4.625781738352549e-05, 0.9999999614955926, -0.00027362205314500446], [0.00016331424242351493, 0.0002736144952286622, 0.9999999492317819]]",nan,nan,False,,disabled_or_unavailable,,null,nan
visual_span,7.36,7.4,0.040000000000000036,7.4,28,0,0.0,False,,disabled_or_unavailable,,null,"[[0.9999999930049758, -8.603649586285211e-05, 8.116507997649824e-05], [8.602909482727515e-05, 0.9999999921422315, 9.118405723026401e-05], [-8.117292449548445e-05, -9.117707403406734e-05, 0.999999992548849]]",nan,nan,False,,disabled_or_unavailable,,null,nan
visual_span,7.4,7.44,0.040000000000000036,7.44,28,0,0.0,False,,disabled_or_unavailable,,null,"[[0.9999999994810042, -3.19160323604106e-05, 4.399879038656881e-06], [3.19159555981096e-05, 0.9999999993385147, 1.744542351722517e-05], [-4.400435824447941e-06, -1.744528308182703e-05, 0.9999999998381494]]",nan,nan,False,,disabled_or_unavailable,,null,nan
visual_span,7.44,7.48,0.040000000000000036,7.48,28,0,0.0,False,,disabled_or_unavailable,,null,"[[0.9999999979699856, -3.105565292104642e-05, -5.5637893477928277e-05], [3.103874429712671e-05, 0.9999999533467971, -0.00030387991036781955], [5.564732807126841e-05, 0.00030387818282059004, 0.9999999522807113]]",nan,nan,False,,disabled_or_unavailable,,null,nan
visual_span,7.48,7.52,0.03999999999999915,7.52,28,0,0.0,False,,disabled_or_unavailable,,null,"[[0.9999999964524757, -1.3247773465107853e-05, -8.318380575294686e-05], [1.3238954936148952e-05, 0.9999999942930694, -0.00010601222486118097], [8.318520970416213e-05, 0.00010601112321844422, 0.9999999909209315]]",nan,nan,False,,disabled_or_unavailable,,null,nan
visual_span,7.52,7.5600000000000005,0.040000000000000924,7.5600000000000005,28,0,0.0,False,,disabled_or_unavailable,,null,"[[0.9999999948165909, -6.731333346601635e-05, -7.639197179068064e-05], [6.730762677367426e-05, 0.9999999949445809, -7.47028881986336e-05], [7.639699990491138e-05, 7.469774604909217e-05, 0.9999999942918725]]",nan,nan,False,,disabled_or_unavailable,,null,nan
visual_span,7.5600000000000005,7.6,0.03999999999999915,7.6,28,0,0.0,False,,disabled_or_unavailable,,null,"[[0.9999999969131238, -2.3767521679558497e-05, -7.489230579708678e-05], [2.375795364964311e-05, 0.9999999915570483, -0.00012775548146610975], [7.489534159595007e-05, 0.00012775370178381455, 0.9999999890348398]]",nan,nan,False,,disabled_or_unavailable,,null,nan
visual_span,7.6,7.64,0.040000000000000036,7.64,28,0,0.0,False,,disabled_or_unavailable,,null,"[[0.9999999992749595, -1.7830920705973664e-05, -3.3647274979388846e-05], [1.7827814440968568e-05, 0.9999999955799151, -9.231651355727434e-05], [3.3648920919098135e-05, 9.231591363296636e-05, 0.9999999951727611]]",nan,nan,False,,disabled_or_unavailable,,null,nan
visual_span,7.64,7.68,0.040000000000000036,7.68,28,0,0.0,False,,disabled_or_unavailable,,null,"[[0.9999999970951006, 3.997528339467083e-06, 7.611713832906117e-05], [-3.990191331771715e-06, 0.9999999953464349, -9.639091595896077e-05], [-7.611752330026333e-05, 9.639061195700928e-05, 0.9999999924574863]]",nan,nan,False,,disabled_or_unavailable,,null,nan
visual_span,7.68,7.72,0.040000000000000036,7.72,28,0,0.0,False,,disabled_or_unavailable,,null,"[[0.9999999966593226, 1.6004488392055762e-05, 8.015741904782121e-05], [-1.6003016538598113e-05, 0.9999999997033587, -1.836264426249318e-05], [-8.015771290877013e-05, 1.836136144064679e-05, 0.999999996618801]]",nan,nan,False,,disabled_or_unavailable,,null,nan
visual_span,7.72,7.76,0.040000000000000036,7.76,28,0,0.0,False,,disabled_or_unavailable,,null,"[[0.9999999986120146, 1.5377653199760884e-06, -5.2665036798068646e-05], [-1.538385923770111e-06, 0.9999999999293862, -1.1783942537293059e-05], [5.26650186734116e-05, 1.1784023540088404e-05, 0.9999999985437663]]",nan,nan,False,,disabled_or_unavailable,,null,nan
visual_span,7.76,7.8,0.040000000000000036,7.8,28,0,0.0,False,,disabled_or_unavailable,,null,"[[0.9999999949033075, -9.437655118609232e-05, 3.586714431453701e-05], [9.437897391070066e-05, 0.9999999932647026, -6.755149561447416e-05], [-3.586076879577756e-05, 6.755488037446246e-05, 0.9999999970751718]]",nan,nan,False,,disabled_or_unavailable,,null,nan
visual_span,7.8,7.84,0.040000000000000036,7.84,28,0,0.0,False,,disabled_or_unavailable,,null,"[[0.9999999962788743, -8.06842813762168e-05, -3.0533555189485464e-05], [8.067843954888812e-05, 0.9999999784519105, -0.00019127772429204296], [3.054898763727347e-05, 0.00019127526018068795, 0.9999999812402668]]",nan,nan,False,,disabled_or_unavailable,,null,nan
visual_span,7.84,7.88,0.040000000000000036,7.88,28,0,0.0,False,,disabled_or_unavailable,,null,"[[0.9999999984923388, -5.093329974394897e-05, 2.0521244991746124e-05], [5.093648216526547e-05, 0.9999999866733855, -0.000155108683282695], [-2.0513344521208876e-05, 0.00015510972832887319, 0.9999999877600874]]",nan,nan,False,,disabled_or_unavailable,,null,nan
visual_span,7.88,7.96,0.08000000000000007,7.96,28,0,0.0,False,,disabled_or_unavailable,,null,"[[0.9999999719226109, -0.00019976908772468006, 0.00012746406947968908], [0.00019979313575701197, 0.9999999622412129, -0.0001886803536004737], [-0.00012742637216469005, 0.0001887058147489597, 0.9999999740763172]]",nan,nan,False,,disabled_or_unavailable,,null,nan
visual_span,7.96,8.0,0.040000000000000036,8.0,28,0,0.0,False,,disabled_or_unavailable,,null,"[[0.9999999769872581, -0.00010890090142063496, -0.0001848406801704748], [0.00010886611401251281, 0.9999999763641351, -0.000188201749911538], [0.00018486117114181974, 0.0001881816226939381, 0.9999999652070116]]",nan,nan,False,,disabled_or_unavailable,,null,nan
visual_span,8.0,8.04,0.03999999999999915,8.04,28,0,0.0,False,,disabled_or_unavailable,,null,"[[0.9999999897693851, -3.690258977446921e-05, 0.00013820068176511376], [3.692248949968345e-05, 0.9999999889515556, -0.00014399172953794129], [-0.0001381953665704852, 0.00014399683077803867, 0.9999999800834765]]",nan,nan,False,,disabled_or_unavailable,,null,nan
visual_span,8.04,8.08,0.040000000000000924,8.08,28,0,0.0,False,,disabled_or_unavailable,,null,"[[0.9999999908074658, -4.183211902177386e-05, -0.00012897729336319483], [4.181428955587551e-05, 0.9999999895710701, -0.00013823684424198694], [0.00012898307475822117, 0.00013823144987734918, 0.9999999821277162]]",nan,nan,False,,disabled_or_unavailable,,null,nan
visual_span,8.08,8.12,0.03999999999999915,8.12,28,0,0.0,False,,disabled_or_unavailable,,null,"[[0.9999999982369835, -5.167873614976992e-05, -2.9246215897309112e-05], [5.167492201218123e-05, 0.9999999901627097, -0.0001304004705120636], [2.9252954541115e-05, 0.00013039895898623978, 0.999999991070188]]",nan,nan,False,,disabled_or_unavailable,,null,nan
visual_span,8.12,8.16,0.040000000000000924,8.16,28,0,0.0,False,,disabled_or_unavailable,,null,"[[0.9999999863445628, -6.876194279002502e-05, 0.00015027531276096614], [6.879512812898874e-05, 0.9999999732492867, -0.00022083626616680024], [-0.00015026012361029422, 0.00022084660136058047, 0.9999999643243364]]",nan,nan,False,,disabled_or_unavailable,,null,nan
visual_span,8.16,8.2,0.03999999999999915,8.2,28,0,0.0,False,,disabled_or_unavailable,,null,"[[0.9999999830319433, -0.00013574318523472176, -0.00012453875322715732], [0.00013574695058513815, 0.9999999903295648, 3.0226412683457338e-05], [0.00012453464899327748, -3.024331792655411e-05, 0.9999999917882315]]",nan,nan,False,,disabled_or_unavailable,,null,nan
visual_span,8.2,8.24,0.040000000000000924,8.24,28,0,0.0,False,,disabled_or_unavailable,,null,"[[0.999999998052809, -6.240361006062877e-05, -4.141051088721837e-07], [6.240356164071938e-05, 0.9999999913348409, -0.00011591425170464683], [4.2133857304774343e-07, 0.00011591422563730595, 0.9999999932818574]]",nan,nan,False,,disabled_or_unavailable,,null,nan
visual_span,8.24,8.28,0.03999999999999915,8.28,28,0,0.0,False,,disabled_or_unavailable,,null,"[[0.999999997589868, -6.692205851236477e-05, -1.848519286562846e-05], [6.69183721206243e-05, 0.9999999778902131, -0.00019935271527478363], [1.8498533551001e-05, 0.00019935147779530233, 0.9999999799583963]]",nan,nan,False,,disabled_or_unavailable,,null,nan
visual_span,8.28,8.32,0.040000000000000924,8.32,28,0,0.0,False,,disabled_or_unavailable,,null,"[[0.9999999681218936, -7.533049876604184e-05, 0.000241001095385818], [7.53461951801301e-05, 0.9999999950410617, -6.51216365983906e-05], [-0.000240996188545343, 6.51397930380077e-05, 0.9999999688388219]]",nan,nan,False,,disabled_or_unavailable,,null,nan
visual_span,8.32,8.36,0.03999999999999915,8.36,28,0,0.0,False,,disabled_or_unavailable,,null,"[[0.9999999906606052, -0.00012586669438143067, 5.3257534614855066e-05], [0.00012587855596329827, 0.9999999672626112, -0.0002227764929554724], [-5.322949273058825e-05, 0.00022278319485642624, 0.9999999737671343]]",nan,nan,False,,disabled_or_unavailable,,null,nan
visual_span,8.36,8.4,0.040000000000000924,8.4,28,0,0.0,False,,disabled_or_unavailable,,null,"[[0.9999999736450289, -4.476669427697118e-05, 0.0002251796724060847], [4.482058217505663e-05, 0.9999999703606044, -0.0002393113158139865], [-0.00022516895255538324, 0.0002393214021909549, 0.9999999460121033]]",nan,nan,False,,disabled_or_unavailable,,null,nan
visual_span,8.4,8.44,0.03999999999999915,8.44,28,0,0.0,False,,disabled_or_unavailable,,null,"[[0.9999999966688211, -8.103326065482691e-05, 9.796358747682456e-06], [8.103424065853406e-05, 0.9999999917088653, -0.00010007857516411093], [-9.788248973192288e-06, 0.00010007936867122362, 0.9999999949441551]]",nan,nan,False,,disabled_or_unavailable,,null,nan
visual_span,8.44,8.48,0.040000000000000924,8.48,28,0,0.0,False,,disabled_or_unavailable,,null,"[[0.9999999930576241, -0.00011780793679088458, -2.4580227607936597e-06], [0.00011780751037756282, 0.9999999781371551, -0.0001727630744159375], [2.4783755684048806e-06, 0.00017276278364300942, 0.999999985073439]]",nan,nan,False,,disabled_or_unavailable,,null,nan
visual_span,8.48,8.52,0.03999999999999915,8.52,28,0,0.0,False,,disabled_or_unavailable,,null,"[[0.9999999870613011, -0.00010866826517767027, -0.00011861115297290331], [0.00010865047821402053, 0.9999999828540697, -0.0001499564398560817], [0.00011862744644537613, 0.00014994355075734846, 0.99999998172223]]",nan,nan,False,,disabled_or_unavailable,,null,nan
visual_span,8.52,8.56,0.040000000000000924,8.56,28,0,0.0,False,,disabled_or_unavailable,,null,"[[0.9999999879481808, -9.375532419728347e-05, 0.00012374804137958942], [9.377496932660322e-05, 0.9999999830015878, -0.0001587547781234113], [-0.00012373315517037837, 0.00015876638067891197, 0.9999999797416713]]",nan,nan,False,,disabled_or_unavailable,,null,nan
visual_span,8.56,8.6,0.03999999999999915,8.6,28,0,0.0,False,,disabled_or_unavailable,,null,"[[0.9999999963199815, -8.435116675323151e-05, 1.5649864619013947e-05], [8.435326751471197e-05, 0.9999999874262936, -0.0001342830571921769], [-1.5638537489687786e-05, 0.0001342843768152295, 0.9999999908615714]]",nan,nan,False,,disabled_or_unavailable,,null,nan
visual_span,8.6,8.64,0.040000000000000924,8.64,28,0,0.0,False,,disabled_or_unavailable,,null,"[[0.9999999966894895, -3.9085879956765754e-05, -7.136746931725018e-05], [3.907110860925191e-05, 0.999999977819348, -0.00020696558320158827], [7.137555716621335e-05, 0.00020696279411028162, 0.9999999760359659]]",nan,nan,False,,disabled_or_unavailable,,null,nan
visual_span,8.64,8.68,0.03999999999999915,8.68,28,0,0.0,False,,disabled_or_unavailable,,null,"[[0.9999999946204261, -5.878684943483674e-05, 8.54590810830416e-05], [5.879081224740241e-05, 0.9999999971967735, -4.6369104825149276e-05], [-8.545635494989664e-05, 4.637412878449402e-05, 0.999999995273326]]",nan,nan,False,,disabled_or_unavailable,,null,nan
visual_span,8.68,8.76,0.08000000000000007,8.76,28,0,0.0,False,,disabled_or_unavailable,,null,"[[0.9999999803893913, -0.0001303878702730432, 0.0001490644836308377], [0.00013043929812730595, 0.9999999319642745, -0.00034504642587749544], [-0.00014901948362051193, 0.00034506586297754547, 0.9999999293613694]]",nan,nan,False,,disabled_or_unavailable,,null,nan
visual_span,8.76,8.8,0.040000000000000924,8.8,28,0,0.0,False,,disabled_or_unavailable,,null,"[[0.9999999959997936, -8.445904770065142e-05, 2.9446260527847318e-05], [8.446085043785104e-05, 0.9999999945589081, -6.122539351018204e-05], [-2.9441089329196538e-05, 6.122788032147422e-05, 0.9999999976921846]]",nan,nan,False,,disabled_or_unavailable,,null,nan
visual_span,8.8,8.84,0.03999999999999915,8.84,28,0,0.0,False,,disabled_or_unavailable,,null,"[[0.9999999932383579, -0.00011424929630265483, -2.168830428248574e-05], [0.00011424498226085187, 0.9999999737117087, -0.0001988081138896415], [2.1711017399448425e-05, 0.00019880563476543415, 0.9999999800024755]]",nan,nan,False,,disabled_or_unavailable,,null,nan
visual_span,8.84,8.88,0.040000000000000924,8.88,28,0,0.0,False,,disabled_or_unavailable,,null,"[[0.9999999914375984, -2.7736870710550234e-05, 0.00012788850220490886], [2.7749236850776857e-05, 0.999999994940131, -9.669393853428614e-05], [-0.0001278858195705382, 9.669748651469198e-05, 0.9999999871474066]]",nan,nan,False,,disabled_or_unavailable,,null,nan
visual_span,8.88,8.92,0.03999999999999915,8.92,28,0,0.0,False,,disabled_or_unavailable,,null,"[[0.9999999947068916, -8.392219341136875e-05, -5.952548009733267e-05], [8.391435335390676e-05, 0.9999999878068064, -0.00013169954005225578], [5.953653188579941e-05, 0.00013169454431298533, 0.9999999895559744]]",nan,nan,False,,disabled_or_unavailable,,null,nan
visual_span,8.92,8.96,0.040000000000000924,8.96,28,0,0.0,False,,disabled_or_unavailable,,null,"[[0.9999999954218332, -6.267470719702778e-05, 7.23063967127725e-05], [6.268465348096362e-05, 0.9999999885734739, -0.0001375633908121369], [-7.229777414132139e-05, 0.0001375679226837711, 0.9999999879240493]]",nan,nan,False,,disabled_or_unavailable,,null,nan
visual_span,8.96,9.0,0.03999999999999915,9.0,28,0,0.0,False,,disabled_or_unavailable,,null,"[[0.9999999941587605, -4.0129223531609985e-05, 0.00010035997365828355], [4.014094680993148e-05, 0.9999999923717132, -0.00011681300361584888], [-0.00010035528527757539, 0.00011681703147788061, 0.9999999881412989]]",nan,nan,False,,disabled_or_unavailable,,null,nan
visual_span,9.0,9.04,0.03999999999999915,9.04,28,0,0.0,False,,disabled_or_unavailable,,null,"[[0.9999999976250792, -4.51899442591339e-05, -5.203567193747658e-05], [4.518648129749319e-05, 0.9999999967647054, -6.654901576763422e-05], [5.2038679115438884e-05, 6.654666430066874e-05, 0.999999996431759]]",nan,nan,False,,disabled_or_unavailable,,null,nan
visual_span,9.04,9.08,0.040000000000000924,9.08,28,0,0.0,False,,disabled_or_unavailable,,null,"[[0.9999999855510328, -7.95025806602015e-05, 0.00015025736083534478], [7.954382987558727e-05, 0.9999999591509083, -0.00027453772273408036], [-0.00015023552824002212, 0.0002745496708132416, 0.9999999510258811]]",nan,nan,False,,disabled_or_unavailable,,null,nan
visual_span,9.08,9.12,0.03999999999999915,9.12,28,0,0.0,False,,disabled_or_unavailable,,null,"[[0.9999999985447322, -4.652198464562014e-05, 2.7317414130552926e-05], [4.652573037981086e-05, 0.9999999895147713, -0.00013713429313114337], [-2.7311034084644148e-05, 0.0001371355638942207, 0.9999999902239726]]",nan,nan,False,,disabled_or_unavailable,,null,nan
visual_span,9.12,9.16,0.040000000000000924,9.16,28,0,0.0,False,,disabled_or_unavailable,,null,"[[0.9999999960946242, -3.4264137815505037e-05, 8.146607148175976e-05], [3.428233959333914e-05, 0.9999999744503557, -0.00022343681307002776], [-8.14584135305745e-05, 0.00022343960504495088, 0.9999999717196346]]",nan,nan,False,,disabled_or_unavailable,,null,nan
visual_span,9.16,9.2,0.03999999999999915,9.2,28,0,0.0,False,,disabled_or_unavailable,,null,"[[0.9999999962664042, -6.755593653396315e-05, -5.3883085915087686e-05], [6.754830489187542e-05, 0.9999999876901329, -0.00014162259921815767], [5.3892652699118615e-05, 0.00014161895897828023, 0.9999999885198262]]",nan,nan,False,,disabled_or_unavailable,,null,nan
visual_span,9.2,9.32,0.120000000000001,9.32,28,0,0.0,False,,disabled_or_unavailable,,null,"[[0.9999999296998189, -0.00027265298312187104, 0.00025741155471857753], [0.0002727503450726076, 0.9999998912575291, -0.0003782752697461378], [-0.0002573083888462714, 0.0003783454522436929, 0.9999998953235506]]",nan,nan,False,,disabled_or_unavailable,,null,nan
visual_span,9.32,9.36,0.03999999999999915,9.36,28,0,0.0,False,,disabled_or_unavailable,,null,"[[0.9999999966908878, -7.702542223773565e-05, 2.617840664310327e-05], [7.702992246771354e-05, 0.9999999822500224, -0.00017194867274054505], [-2.6165161759316077e-05, 0.00017195068869218163, 0.9999999848741724]]",nan,nan,False,,disabled_or_unavailable,,null,nan
visual_span,9.36,9.44,0.08000000000000007,9.44,28,0,0.0,False,,disabled_or_unavailable,,null,"[[0.9999999604134314, -0.00021464334220465959, 0.00018193782350449738], [0.000214690930825256, 0.9999999427402475, -0.00026158613545605627], [-0.00018188166536439393, 0.0002616251855014392, 0.9999999492356599]]",nan,nan,False,,disabled_or_unavailable,,null,nan
visual_span,9.44,9.48,0.040000000000000924,9.48,28,0,0.0,False,,disabled_or_unavailable,,null,"[[0.9999999750494829, -9.501790733785695e-05, -0.00020216980798801813], [9.499366466632426e-05, 0.9999999882978611, -0.00011991864661823793], [0.00020218120004105136, 0.00011989943877526, 0.9999999723734433]]",nan,nan,False,,disabled_or_unavailable,,null,nan
visual_span,9.48,9.52,0.03999999999999915,9.52,28,0,0.0,False,,disabled_or_unavailable,,null,"[[0.999999989923004, -0.00013875147110586265, 3.0033675384337895e-05], [0.00013875655003504076, 0.9999999760637541, -0.00016917183971700063], [-3.0010201823814035e-05, 0.00016917600538143783, 0.9999999852394336]]",nan,nan,False,,disabled_or_unavailable,,null,nan
visual_span,9.52,9.6,0.08000000000000007,9.6,28,0,0.0,False,,disabled_or_unavailable,,null,"[[0.9999999759847119, -0.00013737068720999512, -0.00017076261297570462], [0.00013733032792847096, 0.9999999626427062, -0.0002363365554740006], [0.00017079507231151383, 0.00023631309891267228, 0.9999999574925804]]",nan,nan,False,,disabled_or_unavailable,,null,nan
visual_span,9.6,9.64,0.040000000000000924,9.64,28,0,0.0,False,,disabled_or_unavailable,,null,"[[0.9999999977404617, -6.565430322444144e-05, 1.4442618998453984e-05], [6.56552884637174e-05, 0.9999999955171889, -6.822760063505539e-05], [-1.4438139498130078e-05, 6.822854871520902e-05, 0.9999999975682027]]",nan,nan,False,,disabled_or_unavailable,,null,nan
visual_span,9.64,9.68,0.03999999999999915,9.68,28,0,0.0,False,,disabled_or_unavailable,,null,"[[0.9999999983189354, -2.5263264413528072e-05, 5.219096416709509e-05], [2.5271357687820378e-05, 0.9999999876564626, -0.00015507557250061196], [-5.218704580768181e-05, 0.0001550768911764434, 0.9999999866138349]]",nan,nan,False,,disabled_or_unavailable,,null,nan
visual_span,9.68,9.72,0.040000000000000924,9.72,28,0,0.0,False,,disabled_or_unavailable,,null,"[[0.9999999980322323, -5.868692893557716e-05, -2.216709566013203e-05], [5.868442503432524e-05, 0.9999999919004003, -0.00011293953105051515], [2.2173723554820205e-05, 0.00011293822996501287, 0.9999999933766411]]",nan,nan,False,,disabled_or_unavailable,,null,nan
visual_span,9.72,9.8,0.08000000000000007,9.8,28,0,0.0,False,,disabled_or_unavailable,,null,"[[0.9999999813447128, -0.0001820281890816219, -6.462439480609588e-05], [0.0001820240688376332, 0.9999999814011448, -6.375694807528579e-05], [6.463599916595563e-05, 6.374518369059284e-05, 0.9999999958793695]]",nan,nan,False,,disabled_or_unavailable,,null,nan
visual_span,9.8,9.84,0.03999999999999915,9.84,28,0,0.0,False,,disabled_or_unavailable,,null,"[[0.9999999755875337, -0.00010713179977580297, 0.0001932555559053422], [0.00010715869683710097, 0.9999999845738423, -0.00013917373705478342], [-0.0001932406429912193, 0.00013919444267073656, 0.9999999716414802]]",nan,nan,False,,disabled_or_unavailable,,null,nan
visual_span,9.84,9.88,0.040000000000000924,9.88,28,0,0.0,False,,disabled_or_unavailable,,null,"[[0.9999999957607943, -4.276206483478091e-05, 8.15464133871091e-05], [4.2765919701158026e-05, 0.9999999979682695, -4.727089524193121e-05], [-8.154439182034162e-05, 4.727438244890699e-05, 0.9999999955578227]]",nan,nan,False,,disabled_or_unavailable,,null,nan
visual_span,9.88,9.92,0.03999999999999915,9.92,28,0,0.0,False,,disabled_or_unavailable,,null,"[[0.9999999873715211, -9.772448855647513e-05, 0.0001253271019403192], [9.774467262400766e-05, 0.9999999822536189, -0.0001610550879219231], [-0.00012531136069012004, 0.00016106733594459236, 0.9999999791771881]]",nan,nan,False,,disabled_or_unavailable,,null,nan
visual_span,9.92,9.96,0.040000000000000924,9.96,28,0,0.0,False,,disabled_or_unavailable,,null,"[[0.9999999811216154, -0.00014549283673907635, 0.0001287967547014388], [0.00014551988278250724, 0.999999967360797, -0.00021000564093018217], [-0.00012876619618118522, 0.00021002437945426175, 0.9999999696545132]]",nan,nan,False,,disabled_or_unavailable,,null,nan
visual_span,9.96,10.0,0.03999999999999915,10.0,28,0,0.0,False,,disabled_or_unavailable,,null,"[[0.9999999818825873, -7.031920659202263e-05, 0.00017688989255378024], [7.032612682030686e-05, 0.9999999967620967, -3.911575581658539e-05], [-0.0001768871413921136, 3.9128195088926075e-05, 0.9999999835899616]]",nan,nan,False,,disabled_or_unavailable,,null,nan
visual_span,10.0,10.04,0.03999999999999915,10.04,28,0,0.0,False,,disabled_or_unavailable,,null,"[[0.9999999936349013, -9.88237259247939e-05, -5.4443260629553855e-05], [9.88192004218044e-05, 0.9999999916629396, -8.311971090188345e-05], [5.445147437518622e-05, 8.31143303333345e-05, 0.9999999950635226]]",nan,nan,False,,disabled_or_unavailable,,null,nan
visual_span,10.04,10.08,0.040000000000000924,10.08,28,0,0.0,False,,disabled_or_unavailable,,null,"[[0.9999999871755854, -5.035415616991733e-05, 0.00015203055068058766], [5.036306299564507e-05, 0.9999999970158262, -5.8582502507634654e-05], [-0.000152027600354422, 5.859015848054953e-05, 0.9999999867274011]]",nan,nan,False,,disabled_or_unavailable,,null,nan
visual_span,10.08,10.12,0.03999999999999915,10.12,28,0,0.0,False,,disabled_or_unavailable,,null,"[[0.9999999942035577, -6.8059295203609e-05, -8.343151076378651e-05], [6.805163091621766e-05, 0.9999999934651174, -9.186261903946687e-05], [8.343776232367877e-05, 9.185694085661322e-05, 0.9999999923002211]]",nan,nan,False,,disabled_or_unavailable,,null,nan
visual_span,10.12,10.16,0.040000000000000924,10.16,28,0,0.0,False,,disabled_or_unavailable,,null,"[[0.9999999989250764, -3.9837376422289516e-05, 2.3724050821725946e-05], [3.983880257456347e-05, 0.9999999973994225, -6.011675919887997e-05], [-2.372165586606422e-05, 6.0117704272036e-05, 0.9999999979115722]]",nan,nan,False,,disabled_or_unavailable,,null,nan
visual_span,10.16,10.2,0.03999999999999915,10.2,28,0,0.0,False,,disabled_or_unavailable,,null,"[[0.9999999971427618, -6.462169047403753e-05, 3.9223897543668505e-05], [6.46186025151794e-05, 0.9999999948135923, 7.872262900402795e-05], [-3.922898452960216e-05, -7.872009418565414e-05, 0.9999999961321171]]",nan,nan,False,,disabled_or_unavailable,,null,nan
visual_span,10.2,10.24,0.040000000000000924,10.24,28,0,0.0,False,,disabled_or_unavailable,,null,"[[0.9999999984382317, -5.327289053474447e-05, 1.689779874889663e-05], [5.327475471491459e-05, 0.9999999924934831, -0.00011033962996279626], [-1.6891920511024367e-05, 0.00011034053001655489, 0.9999999937698152]]",nan,nan,False,,disabled_or_unavailable,,null,nan
visual_span,10.24,10.28,0.03999999999999915,10.28,28,0,0.0,False,,disabled_or_unavailable,,null,"[[0.9999999972299023, -7.077616117906253e-05, -2.3041929879522874e-05], [7.077495560022568e-05, 0.9999999961268821, -5.231769961409279e-05], [2.304563263621917e-05, 5.231606867760348e-05, 0.9999999983659639]]",nan,nan,False,,disabled_or_unavailable,,null,nan
visual_span,10.28,10.32,0.040000000000000924,10.32,28,0,0.0,False,,disabled_or_unavailable,,null,"[[0.9999999911165199, -0.00011105687927564755, -7.37111220539864e-05], [0.00011105282375879294, 0.9999999923199867, -5.5020875531676806e-05], [7.371723193461556e-05, 5.501268921465343e-05, 0.9999999957696868]]",nan,nan,False,,disabled_or_unavailable,,null,nan
visual_span,10.32,10.36,0.03999999999999915,10.36,28,0,0.0,False,,disabled_or_unavailable,,null,"[[0.9999999892151408, -5.932203934636011e-05, -0.0001343525755463987], [5.9310150197523445e-05, 0.999999994325523, -8.84944097155484e-05], [0.00013435782445287315, 8.848644028971355e-05, 0.9999999870590627]]",nan,nan,False,,disabled_or_unavailable,,null,nan
visual_span,10.36,10.4,0.040000000000000924,10.4,28,0,0.0,False,,disabled_or_unavailable,,null,"[[0.9999999975086442, -6.499756231407691e-05, 2.7532318720982993e-05], [6.499972645994268e-05, 0.9999999947977333, -7.861023566195174e-05], [-2.7527209104061566e-05, 7.861202505929135e-05, 0.9999999965312012]]",nan,nan,False,,disabled_or_unavailable,,null,nan
visual_span,10.4,10.44,0.03999999999999915,10.44,28,0,0.0,False,,disabled_or_unavailable,,null,"[[0.9999999873791505, -0.00015384924983527298, 3.9649805021005456e-05], [0.00015385400039418, 0.999999980983932, -0.00011983773297630548], [-3.963136732170171e-05, 0.00011984383174496882, 0.9999999920334053]]",nan,nan,False,,disabled_or_unavailable,,null,nan
visual_span,10.44,10.48,0.040000000000000924,10.48,28,0,0.0,False,,disabled_or_unavailable,,null,"[[0.999999983104486, -0.0001834197896893098, -1.2174096116226647e-05], [0.00018341726639325778, 0.9999999617657026, -0.0002069461280869654], [1.2212053666049361e-05, 0.00020694389165107374, 0.9999999785125455]]",nan,nan,False,,disabled_or_unavailable,,null,nan
visual_span,10.48,10.52,0.03999999999999915,10.52,28,0,0.0,False,,disabled_or_unavailable,,null,"[[0.999999985637205, -7.801841872524602e-05, -0.00015046167801103727], [7.803102527581357e-05, 0.9999999934458899, 8.378173985489572e-05], [0.0001504551405060333, -8.379347933055566e-05, 0.9999999851709519]]",nan,nan,False,,disabled_or_unavailable,,null,nan
visual_span,10.52,10.56,0.040000000000000924,10.56,28,0,0.0,False,,disabled_or_unavailable,,null,"[[0.9999999944360244, -0.00010395168939445901, -1.794428659555278e-05], [0.00010395106884138521, 0.9999999939992106, -3.4579678578591195e-05], [1.7947881103879856e-05, 3.4577813058419505e-05, 0.9999999992411243]]",nan,nan,False,,disabled_or_unavailable,,null,nan
visual_span,10.56,10.6,0.03999999999999915,10.6,28,0,0.0,False,,disabled_or_unavailable,,null,"[[0.9999999924566497, -0.00011142934045614806, 5.167400554872605e-05], [0.00011143486195347385, 0.999999988081398, -0.00010686194648353516], [-5.1662097376627616e-05, 0.00010686770396311295, 0.9999999929551608]]",nan,nan,False,,disabled_or_unavailable,,null,nan
visual_span,10.6,10.64,0.040000000000000924,10.64,28,0,0.0,False,,disabled_or_unavailable,,null,"[[0.9999999903728081, -7.046783531012249e-05, -0.00011953521727395675], [7.046380448159487e-05, 0.9999999969487477, -3.372472124109023e-05], [0.00011953759341732695, 3.371629801023721e-05, 0.9999999922869875]]",nan,nan,False,,disabled_or_unavailable,,null,nan
visual_span,10.64,10.68,0.03999999999999915,10.68,28,0,0.0,False,,disabled_or_unavailable,,null,"[[0.9999999937015565, -0.0001099681516820884, -2.2447562839420734e-05], [0.00010996703327020368, 0.9999999927126862, -4.9818465436839416e-05], [2.2453041120402026e-05, 4.981599663117101e-05, 0.999999998507114]]",nan,nan,False,,disabled_or_unavailable,,null,nan
visual_span,10.68,10.72,0.040000000000000924,10.72,28,0,0.0,False,,disabled_or_unavailable,,null,"[[0.9999999976490062, 3.2622426880955344e-06, 6.849339558174742e-05], [-3.256405151418911e-06, 0.99999999636282, -8.52276692879242e-05], [-6.849367336596558e-05, 8.522744604530826e-05, 0.9999999940224494]]",nan,nan,False,,disabled_or_unavailable,,null,nan
visual_span,10.72,10.76,0.03999999999999915,10.76,28,0,0.0,False,,disabled_or_unavailable,,null,"[[0.9999999969370533, -2.7924312015799888e-05, -7.311720939172259e-05], [2.7907776555954566e-05, 0.999999974040635, -0.00022614129512742046], [7.312352233373106e-05, 0.0002261392538960196, 0.9999999717569938]]",nan,nan,False,,disabled_or_unavailable,,null,nan
visual_span,10.76,10.8,0.040000000000000924,10.8,28,0,0.0,False,,disabled_or_unavailable,,null,"[[0.9999999981384098, -5.7431669865477906e-05, 2.0610293626395344e-05], [5.743471179478962e-05, 0.9999999874544271, -0.0001476224919534474], [-2.0601815161604807e-05, 0.00014762367542490925, 0.9999999888914081]]",nan,nan,False,,disabled_or_unavailable,,null,nan
visual_span,10.8,10.84,0.03999999999999915,10.84,28,0,0.0,False,,disabled_or_unavailable,,null,"[[0.9999999905737724, -0.0001093268526660923, 8.306680946079186e-05], [0.00010933627829180128, 0.999999987584575, -0.0001134743525224525], [-8.30544026356625e-05, 0.00011348343366861343, 0.9999999901117385]]",nan,nan,False,,disabled_or_unavailable,,null,nan
visual_span,10.84,10.88,0.040000000000000924,10.88,28,0,0.0,False,,disabled_or_unavailable,,null,"[[0.9999999841508789, -9.009457918732224e-05, 0.00015356174192885727], [9.010665466663848e-05, 0.9999999928489873, -7.863088371342455e-05], [-0.00015355465661435604, 7.864471940204416e-05, 0.9999999851179876]]",nan,nan,False,,disabled_or_unavailable,,null,nan
visual_span,10.88,10.92,0.03999999999999915,10.92,28,0,0.0,False,,disabled_or_unavailable,,null,"[[0.9999999833328098, -9.445150635361149e-05, -0.00015624753848283006], [9.445307577881177e-05, 0.9999999954889364, 1.0037130983842507e-05], [0.00015624658975584658, -1.0051888877144304e-05, 0.9999999877429814]]",nan,nan,False,,disabled_or_unavailable,,null,nan
visual_span,10.92,10.96,0.040000000000000924,10.96,28,0,0.0,False,,disabled_or_unavailable,,null,"[[0.9999999950055385, -5.35664316782876e-05, -8.437748881385633e-05], [5.3554479659650665e-05, 0.9999999885342681, -0.00014164526703013913], [8.438507527792559e-05, 0.00014164074753018885, 0.9999999864085289]]",nan,nan,False,,disabled_or_unavailable,,null,nan
visual_span,10.96,11.0,0.03999999999999915,11.0,28,0,0.0,False,,disabled_or_unavailable,,null,"[[0.9999999973733731, -6.265569297191682e-05, -3.6435119132651334e-05], [6.26516336440281e-05, 0.9999999918320749, -0.00011140297550282418], [3.644209886568127e-05, 0.00011140069249047445, 0.9999999931309295]]",nan,nan,False,,disabled_or_unavailable,,null,nan
visual_span,11.0,11.04,0.03999999999999915,11.04,28,0,0.0,False,,disabled_or_unavailable,,null,"[[0.9999999864830573, -4.6768042684479774e-05, -0.00015762815532994182], [4.676885827244848e-05, 0.9999999988929702, 5.170444129318758e-06], [0.000157627913343891, -5.177816148286534e-06, 0.9999999875633155]]",nan,nan,False,,disabled_or_unavailable,,null,nan
visual_span,11.04,11.08,0.040000000000000924,11.08,28,0,0.0,False,,disabled_or_unavailable,,null,"[[0.9999999926605244, -6.519485921572968e-05, -0.00010212042607474183], [6.518976780480268e-05, 0.999999996632164, -4.985946510234267e-05], [0.0001021236763116249, 4.985280752953641e-05, 0.9999999935427262]]",nan,nan,False,,disabled_or_unavailable,,null,nan
visual_span,11.08,11.12,0.03999999999999915,11.12,28,0,0.0,False,,disabled_or_unavailable,,null,"[[0.9999999952429023, -4.718244810966898e-05, -8.536985523974352e-05], [4.716702975629582e-05, 0.9999999825795403, -0.00018059953092453538], [8.537837488055785e-05, 0.00018059550342290338, 0.9999999800478985]]",nan,nan,False,,disabled_or_unavailable,,null,nan
visual_span,11.12,11.2,0.08000000000000007,11.2,28,0,0.0,False,,disabled_or_unavailable,,null,"[[0.9999999692262364, -0.00024670382829706356, -2.6167685488953813e-05], [0.00024669401563441314, 0.9999998995079374, -0.00037433431326164296], [2.6260032567453718e-05, 0.0003743278463305541, 0.9999999295945348]]",nan,nan,False,,disabled_or_unavailable,,null,nan
visual_span,11.2,11.24,0.040000000000000924,11.24,28,0,0.0,False,,disabled_or_unavailable,,null,"[[0.9999999985652053, -4.631513192434556e-05, -2.6916497982576112e-05], [4.63130363728517e-05, 0.999999995897302, -7.784920341095318e-05], [2.6920103468272036e-05, 7.784795671450547e-05, 0.9999999966075017]]",nan,nan,False,,disabled_or_unavailable,,null,nan
visual_span,11.24,11.28,0.03999999999999915,11.28,28,0,0.0,False,,disabled_or_unavailable,,null,"[[0.9999999989045387, -2.5400651653794952e-05, 3.931577176103849e-05], [2.5401598871675804e-05, 0.9999999993871612, -2.4092255562188605e-05], [-3.931515977795316e-05, 2.409325421926007e-05, 0.9999999989369168]]",nan,nan,False,,disabled_or_unavailable,,null,nan
visual_span,11.28,11.32,0.040000000000000924,11.32,28,0,0.0,False,,disabled_or_unavailable,,null,"[[0.999999996194301, -8.335203896796542e-05, 2.5765013141130628e-05], [8.335436901604818e-05, 0.9999999924357187, -9.044673669003133e-05], [-2.5757474026315702e-05, 9.044888397223134e-05, 0.9999999955777762]]",nan,nan,False,,disabled_or_unavailable,,null,nan
visual_span,11.32,11.36,0.03999999999999915,11.36,28,0,0.0,False,,disabled_or_unavailable,,null,"[[0.9999999934065824, -0.00010697430908305503, 4.175323389948405e-05], [0.00010697372645456753, 0.999999994180925, 1.395607630809247e-05], [-4.175472659813942e-05, -1.3951609717052474e-05, 0.9999999990309478]]",nan,nan,False,,disabled_or_unavailable,,null,nan
visual_span,11.36,11.4,0.040000000000000924,11.4,28,0,0.0,False,,disabled_or_unavailable,,null,"[[0.999999998817002, -4.8628701881013436e-05, -1.1159329760638425e-06], [4.8628499795380296e-05, 0.9999999825487517, -0.00018038227503986752], [1.124704712466952e-06, 0.00018038222056032918, 0.9999999837304946]]",nan,nan,False,,disabled_or_unavailable,,null,nan
visual_span,11.4,11.44,0.03999999999999915,11.44,28,0,0.0,False,,disabled_or_unavailable,,null,"[[0.9999999923800312, -0.00011352362005099373, 4.850077398109706e-05], [0.00011352658869177322, 0.9999999916825405, -6.120974357439963e-05], [-4.849382482602087e-05, 6.121524923540228e-05, 0.9999999969505211]]",nan,nan,False,,disabled_or_unavailable,,null,nan
visual_span,11.44,11.48,0.040000000000000924,11.48,28,0,0.0,False,,disabled_or_unavailable,,null,"[[0.9999999977096581, -4.464713323230169e-05, 5.0865677595478074e-05], [4.464905272858799e-05, 0.9999999982912259, -3.773606107896644e-05], [-5.086399270161347e-05, 3.7738332096858995e-05, 0.9999999979943363]]",nan,nan,False,,disabled_or_unavailable,,null,nan
visual_span,11.48,11.52,0.03999999999999915,11.52,28,0,0.0,False,,disabled_or_unavailable,,null,"[[0.999999985678808, -5.363418121573564e-05, -0.00016051715949022213], [5.3616718545950824e-05, 0.9999999926447333, -0.00010879237585493455], [0.0001605229932995771, 0.00010878376789353586, 0.9999999811992301]]",nan,nan,False,,disabled_or_unavailable,,null,nan
visual_span,11.52,11.56,0.040000000000000924,11.56,28,0,0.0,False,,disabled_or_unavailable,,null,"[[0.9999999971452188, -6.257951787842482e-05, -4.2348156119410194e-05], [6.25725974038134e-05, 0.9999999846925294, -0.0001634001558144328], [4.235838097413917e-05, 0.00016339750551383744, 0.9999999857535112]]",nan,nan,False,,disabled_or_unavailable,,null,nan
visual_span,11.56,11.6,0.03999999999999915,11.6,28,0,0.0,False,,disabled_or_unavailable,,null,"[[0.9999999960283003, -8.421487125238467e-05, -2.917627091865189e-05], [8.421348082663411e-05, 0.999999995318593, -4.7653998723374556e-05], [2.918028395743304e-05, 4.765154149877559e-05, 0.9999999984389207]]",nan,nan,False,,disabled_or_unavailable,,null,nan
visual_span,11.6,11.64,0.040000000000000924,11.64,28,0,0.0,False,,disabled_or_unavailable,,null,"[[0.9999999926488595, -7.884705657103854e-05, -9.211635540987916e-05], [7.883633021968289e-05, 0.9999999901131245, -0.00011644133437369665], [9.212553555561476e-05, 0.0001164340714023063, 0.9999999889779965]]",nan,nan,False,,disabled_or_unavailable,,null,nan
visual_span,11.64,11.68,0.03999999999999915,11.68,28,0,0.0,False,,disabled_or_unavailable,,null,"[[0.9999999824156042, -9.329138664534283e-05, -0.00016268223295808158], [9.329886237625396e-05, 0.9999999945921447, 4.5945981177047665e-05], [0.0001626779457140248, -4.596115843637915e-05, 0.9999999857117291]]",nan,nan,False,,disabled_or_unavailable,,null,nan
visual_span,11.68,11.72,0.040000000000000924,11.72,28,0,0.0,False,,disabled_or_unavailable,,null,"[[0.9999999852767336, -0.00010210602147222186, 0.00013791625556072677], [0.00010210615566683878, 0.9999999947867002, -9.659745295428969e-07], [-0.00013791615620991187, 9.800566139798674e-07, 0.9999999904890868]]",nan,nan,False,,disabled_or_unavailable,,null,nan
visual_span,11.72,11.76,0.03999999999999915,11.76,28,0,0.0,False,,disabled_or_unavailable,,null,"[[0.9999999983754221, -3.673359290852713e-05, 4.3586685634588254e-05], [3.6737292575570864e-05, 0.999999995722632, -8.488290473056379e-05], [-4.358356739408469e-05, 8.488450584948746e-05, 0.9999999954475467]]",nan,nan,False,,disabled_or_unavailable,,null,nan
visual_span,11.76,11.8,0.040000000000000924,11.8,28,0,0.0,False,,disabled_or_unavailable,,null,"[[0.9999999999887255, -4.746334396918583e-06, 1.461289770765807e-07], [4.7463527862144455e-06, 0.9999999920379854, -0.0001261011546202708], [-1.4553045766543432e-07, 0.00012610115531242876, 0.9999999920492386]]",nan,nan,False,,disabled_or_unavailable,,null,nan
visual_span,11.8,11.88,0.08000000000000007,11.88,28,0,0.0,False,,disabled_or_unavailable,,null,"[[0.9999999941959147, -9.212561390119819e-05, 5.5866289270349045e-05], [9.214472241401086e-05, 0.9999999372268118, -0.0003421340716373587], [-5.5834766452057835e-05, 0.00034213921743530044, 0.9999999399116157]]",nan,nan,False,,disabled_or_unavailable,,null,nan
visual_span,11.88,11.92,0.03999999999999915,11.92,28,0,0.0,False,,disabled_or_unavailable,,null,"[[0.9999999879919671, -9.669335068012103e-05, -0.00012110516873697486], [9.669951088189961e-05, 0.9999999940311449, 5.0861724735015225e-05], [0.00012110025002352963, -5.0873434934848085e-05, 0.9999999913733116]]",nan,nan,False,,disabled_or_unavailable,,null,nan
visual_span,11.92,11.96,0.040000000000000924,11.96,28,0,0.0,False,,disabled_or_unavailable,,null,"[[0.9999999953502514, -8.073422814507712e-05, 5.273975527060554e-05], [8.073667737186505e-05, 0.9999999956624865, -4.6439380613917107e-05], [-5.2736005794296735e-05, 4.6443638430591605e-05, 0.9999999975309513]]",nan,nan,False,,disabled_or_unavailable,,null,nan
visual_span,11.96,12.0,0.03999999999999915,12.0,28,0,0.0,False,,disabled_or_unavailable,,null,"[[0.9999999843962918, -0.00016936249092623155, 5.0237067926861944e-05], [0.00016935943962148058, 0.99999998381425, 6.0736150680067005e-05], [-5.024735353950577e-05, -6.07276416106855e-05, 0.9999999968936786]]",nan,nan,False,,disabled_or_unavailable,,null,nan
visual_span,12.0,12.04,0.03999999999999915,12.04,28,0,0.0,False,,disabled_or_unavailable,,null,"[[0.99999998946605, -0.00011599561249134336, -8.725203943609049e-05], [0.00011600372025539169, 0.9999999889541179, 9.292416999301682e-05], [8.724125967630115e-05, -9.293429057533268e-05, 0.9999999918760903]]",nan,nan,False,,disabled_or_unavailable,,null,nan
visual_span,12.04,12.08,0.040000000000000924,12.08,28,0,0.0,False,,disabled_or_unavailable,,null,"[[0.9999999886303436, -0.0001505421749563508, -8.738789315946982e-06], [0.00015054269191610732, 0.9999999869169326, 5.91864241793257e-05], [8.729879148592967e-06, -5.91877390672641e-05, 0.9999999982103005]]",nan,nan,False,,disabled_or_unavailable,,null,nan
visual_span,12.08,12.12,0.03999999999999915,12.12,28,0,0.0,False,,disabled_or_unavailable,,null,"[[0.9999999942184574, -7.409802477039024e-05, 7.792668354972313e-05], [7.410270253642137e-05, 0.9999999954527979, -6.002660871509126e-05], [-7.792223534223529e-05, 6.003238294589559e-05, 0.9999999951621192]]",nan,nan,False,,disabled_or_unavailable,,null,nan
visual_span,12.12,12.16,0.040000000000000924,12.16,28,0,0.0,False,,disabled_or_unavailable,,null,"[[0.9999999944668851, -5.520703561943036e-05, -8.954559154105911e-05], [5.521311841707455e-05, 0.9999999961686107, 6.792856642777051e-05], [8.954184106318873e-05, -6.793351014326342e-05, 0.9999999936836484]]",nan,nan,False,,disabled_or_unavailable,,null,nan
visual_span,12.16,12.2,0.03999999999999915,12.2,28,0,0.0,False,,disabled_or_unavailable,,null,"[[0.9999999995878575, -1.2686241797350012e-05, -2.5755483117498304e-05], [1.2686459172400308e-05, 0.9999999998839121, 8.439806521792516e-06], [2.5755376045082138e-05, -8.440133264199145e-06, 0.9999999996327127]]",nan,nan,False,,disabled_or_unavailable,,null,nan
visual_span,12.2,12.28,0.08000000000000007,12.28,28,0,0.0,False,,disabled_or_unavailable,,null,"[[0.9999999426361906, -0.00023356875622847613, 0.00024530236805545263], [0.00023357712908232263, 0.999999972139297, -3.410469466183635e-05], [-0.0002452943954300425, 3.4161989728348635e-05, 0.9999999693318087]]",nan,nan,False,,disabled_or_unavailable,,null,nan
visual_span,12.28,12.32,0.040000000000000924,12.32,28,0,0.0,False,,disabled_or_unavailable,,null,"[[0.9999999867796705, 6.344087140883627e-06, 0.0001624820339430432], [-6.332845045808501e-06, 0.999999997586306, -6.919019421359328e-05], [-0.0001624824724994827, 6.918916432533243e-05, 0.9999999844061527]]",nan,nan,False,,disabled_or_unavailable,,null,nan
visual_span,12.32,12.36,0.03999999999999915,12.36,28,0,0.0,False,,disabled_or_unavailable,,null,"[[0.9999999972844641, -2.6710952593135412e-05, 6.868476402898105e-05], [2.670875376151995e-05, 0.9999999991308699, 3.2014100358841126e-05], [-6.868561909640206e-05, -3.2012265787456075e-05, 0.9999999971287502]]",nan,nan,False,,disabled_or_unavailable,,null,nan
visual_span,12.36,12.4,0.040000000000000924,12.4,28,0,0.0,False,,disabled_or_unavailable,,null,"[[0.9999999972984026, -2.3887640848826462e-05, -6.951673194387254e-05], [2.388905160294858e-05, 0.9999999995087544, 2.029297521284031e-05], [6.951624715841909e-05, -2.029463584681353e-05, 0.9999999973778099]]",nan,nan,False,,disabled_or_unavailable,,null,nan
visual_span,12.4,12.44,0.03999999999999915,12.44,28,0,0.0,False,,disabled_or_unavailable,,null,"[[0.9999999855695468, -0.00011230585121783435, 0.00012746882902037255], [0.00011231724153163965, 0.9999999897003502, -8.935399983717214e-05], [-0.00012745879273047677, 8.936831549501026e-05, 0.9999999878837803]]",nan,nan,False,,disabled_or_unavailable,,null,nan
visual_span,12.44,12.48,0.040000000000000924,12.48,28,0,0.0,False,,disabled_or_unavailable,,null,"[[0.9999999894837535, -5.11604673526317e-05, -0.0001357022465745383], [5.116651990346523e-05, 0.9999999976964761, 4.459860286712326e-05], [0.00013569996457657893, -4.4605545809813664e-05, 0.9999999897979325]]",nan,nan,False,,disabled_or_unavailable,,null,nan
visual_span,12.48,12.52,0.03999999999999915,12.52,28,0,0.0,False,,disabled_or_unavailable,,null,"[[0.9999999939952711, -7.844279722844814e-05, 7.652571674872719e-05], [7.844784474583703e-05, 0.9999999947477604, -6.595767469625548e-05], [-7.652054244229392e-05, 6.596367757774408e-05, 0.9999999948966999]]",nan,nan,False,,disabled_or_unavailable,,null,nan
visual_span,12.52,12.56,0.040000000000000924,12.56,28,0,0.0,False,,disabled_or_unavailable,,null,"[[0.9999999925012915, -0.00010370662947215075, 6.513333931535235e-05], [0.00010370239170678682, 0.9999999925063146, 6.506292933266438e-05], [-6.514008628436827e-05, -6.505617436170958e-05, 0.9999999957622316]]",nan,nan,False,,disabled_or_unavailable,,null,nan
visual_span,12.56,12.6,0.03999999999999915,12.6,28,0,0.0,False,,disabled_or_unavailable,,null,"[[0.9999999885877228, -0.00012132149847800701, -9.003137532052988e-05], [0.0001213327739119598, 0.9999999847961434, 0.00012524404724538997], [9.001617915621848e-05, -0.00012525496957257692, 0.9999999881041401]]",nan,nan,False,,disabled_or_unavailable,,null,nan
visual_span,12.6,12.64,0.040000000000000924,12.64,28,0,0.0,False,,disabled_or_unavailable,,null,"[[0.9999999748667718, -0.0001179179685804527, -0.0001906877262071808], [0.00011793423715681538, 0.999999989407177, 8.530628427069421e-05], [0.00019067766504351108, -8.532877073819728e-05, 0.9999999781805146]]",nan,nan,False,,disabled_or_unavailable,,null,nan
visual_span,12.64,12.68,0.03999999999999915,12.68,28,0,0.0,False,,disabled_or_unavailable,,null,"[[0.9999999977140352, -6.752964287631683e-05, 3.4171855648280715e-06], [6.752884532293564e-05, 0.9999999706082348, 0.00023285915243758193], [-3.432910359795547e-06, -0.0002328589211466786, 0.9999999728824688]]",nan,nan,False,,disabled_or_unavailable,,null,nan
visual_span,12.68,12.72,0.040000000000000924,12.72,28,0,0.0,False,,disabled_or_unavailable,,null,"[[0.9999999764447526, -0.00010614814677122789, -0.00018932264893803454], [0.00010615780964510397, 0.9999999930632362, 5.1029867168138405e-05], [0.0001893172308989181, -5.104996404384472e-05, 0.9999999807764436]]",nan,nan,False,,disabled_or_unavailable,,null,nan
visual_span,12.72,12.76,0.03999999999999915,12.76,28,0,0.0,False,,disabled_or_unavailable,,null,"[[0.9999999974271707, -4.572078323229837e-05, -5.52744882105673e-05], [4.5723090284952565e-05, 0.9999999980836874, 4.1737566578831523e-05], [5.52725798304099e-05, -4.174009379186279e-05, 0.9999999976013535]]",nan,nan,False,,disabled_or_unavailable,,null,nan
visual_span,12.76,12.8,0.040000000000000924,12.8,28,0,0.0,False,,disabled_or_unavailable,,null,"[[0.9999999903506948, -0.00010306044288047255, 9.31512518732942e-05], [0.00010305930478537901, 0.9999999946146961, 1.2222428679299773e-05], [-9.315251102055914e-05, -1.2212828458103877e-05, 0.9999999955867284]]",nan,nan,False,,disabled_or_unavailable,,null,nan
visual_span,12.8,12.84,0.03999999999999915,12.84,28,0,0.0,False,,disabled_or_unavailable,,null,"[[0.9999999963341155, -8.110999997097569e-05, -2.743969209231352e-05], [8.111005481540764e-05, 0.9999999967085842, 1.9976193033895682e-06], [2.743952997509644e-05, -1.999844930996252e-06, 0.9999999996215363]]",nan,nan,False,,disabled_or_unavailable,,null,nan
visual_span,12.84,12.88,0.040000000000000924,12.88,28,0,0.0,False,,disabled_or_unavailable,,null,"[[0.9999999954366356, -8.502104891561093e-05, 4.35677645458326e-05], [8.502134332956112e-05, 0.9999999963628653, -6.755802206306934e-06], [-4.356719000198092e-05, 6.7595063653452984e-06, 0.9999999990281047]]",nan,nan,False,,disabled_or_unavailable,,null,nan
visual_span,12.88,12.92,0.03999999999999915,12.92,28,0,0.0,False,,disabled_or_unavailable,,null,"[[0.9999999939125698, -9.813299483966518e-05, -5.04457704589523e-05], [9.813228756358043e-05, 0.9999999950867076, -1.4022806980232428e-05], [5.044714631114251e-05, 1.4017856536016525e-05, 0.9999999986292926]]",nan,nan,False,,disabled_or_unavailable,,null,nan
visual_span,12.92,12.96,0.040000000000000924,12.96,28,0,0.0,False,,disabled_or_unavailable,,null,"[[0.9999999919466719, -0.00011151778581444757, -6.058415495698425e-05], [0.00011152229186983094, 0.9999999910153078, 7.437851058465984e-05], [6.057585988584169e-05, -7.438526646947707e-05, 0.9999999953986988]]",nan,nan,False,,disabled_or_unavailable,,null,nan
visual_span,12.96,13.0,0.03999999999999915,13.0,27,0,0.0,False,,disabled_or_unavailable,,null,"[[0.9999986365152385, -0.0001345258695788462, 0.0016458646524411902], [0.00013459812040731697, 0.9999999899829909, -4.378771573024657e-05], [-0.0016458587453740136, 4.4009186315026854e-05, 0.9999986446051723]]",nan,nan,False,,disabled_or_unavailable,,null,nan
visual_span,13.0,13.04,0.03999999999999915,13.04,29,0,0.0,False,,disabled_or_unavailable,,null,"[[0.9999884154885529, -8.34736398339612e-05, 0.004812683331095804], [8.365758839993361e-05, 0.9999999957779316, -3.80203253621727e-05], [-0.00481268013708138, 3.842250239649034e-05, 0.9999884182497365]]",nan,nan,False,,disabled_or_unavailable,,null,nan
visual_span,13.04,13.08,0.040000000000000924,13.08,27,0,0.0,False,,disabled_or_unavailable,,null,"[[0.9999909438861755, -8.957070548282882e-05, 0.004254893973394246], [8.929422503232738e-05, 0.9999999938897505, 6.516932351351411e-05], [-0.0042548997846580654, -6.478879587275353e-05, 0.9999909457741278]]",nan,nan,False,,disabled_or_unavailable,,null,nan
visual_span,13.08,13.12,0.03999999999999915,13.12,28,0,0.0,False,,disabled_or_unavailable,,null,"[[0.9999947142733213, -1.589539340005907e-05, 0.003251333996239734], [1.583559596505218e-05, 0.9999999997050166, 1.841740436981747e-05], [-0.003251334288032532, -1.8365820208939946e-05, 0.9999947142300524]]",nan,nan,False,,disabled_or_unavailable,,null,nan
visual_span,13.12,13.16,0.040000000000000924,13.16,29,0,0.0,False,,disabled_or_unavailable,,null,"[[0.999995612072538, -0.00010985944487671926, 0.002960365952559604], [0.00011006317103632241, 0.99999999158629, -6.865507101991276e-05], [-0.0029603583852439524, 6.898059703060787e-05, 0.9999956157503436]]",nan,nan,False,,disabled_or_unavailable,,null,nan
visual_span,13.16,13.2,0.03999999999999915,13.2,29,0,0.0,False,,disabled_or_unavailable,,null,"[[0.9999969371334615, -1.0385533776507001e-05, 0.0024749981488388154], [1.0182049515931127e-05, 0.9999999965673991, 8.22285104660457e-05], [-0.002474998994330107, -8.220305805738916e-05, 0.999996933806617]]",nan,nan,False,,disabled_or_unavailable,,null,nan
visual_span,13.2,13.4,0.20000000000000107,13.4,29,0,0.0,False,,disabled_or_unavailable,,null,"[[0.9999968382542938, -0.00044692197877494854, 0.0024746195991884076], [0.00044630502711759433, 0.9999998691913125, 0.00024985832136891276], [-0.0024747309426620657, -0.00024875309621311646, 0.9999969069095457]]",nan,nan,False,,disabled_or_unavailable,,null,nan
visual_span,13.4,13.44,0.03999999999999915,13.44,28,0,0.0,False,,disabled_or_unavailable,,null,"[[0.9999993462220211, -8.840031493195417e-05, -0.0011400618029474212], [8.852684958827247e-05, 0.9999999899277331, 0.00011093931002519471], [0.00114005198439447, -0.0001110401635752677, 0.9999993439755622]]",nan,nan,False,,disabled_or_unavailable,,null,nan
visual_span,13.44,13.56,0.120000000000001,13.56,29,0,0.0,False,,disabled_or_unavailable,,null,"[[0.9999826152793785, -0.00036719788827222264, -0.0058850917346660305], [0.0003686226849103704, 0.9999999030133726, 0.0002410198367317577], [0.005885002661915751, -0.0002431850249854083, 0.9999826536519086]]",nan,nan,False,,disabled_or_unavailable,,null,nan
visual_span,13.56,13.72,0.16000000000000014,13.72,29,0,0.0,False,,disabled_or_unavailable,,null,"[[0.9999510660857479, -0.0005219715052665369, -0.009878915918460742], [0.0005252574738610863, 0.9999998075914553, 0.0003300327838653073], [0.009878741749963926, -0.00033520560848917803, 0.9999511478560529]]",nan,nan,False,,disabled_or_unavailable,,null,nan
visual_span,13.72,13.88,0.16000000000000014,13.88,28,0,0.0,False,,disabled_or_unavailable,,null,"[[0.9999594963425947, -0.00035126953236834513, -0.008993457843380242], [0.0003518887997756195, 0.9999999358241546, 6.727525468394298e-05], [0.008993433634470227, -7.04372268764151e-05, 0.9999595557771624]]",nan,nan,False,,disabled_or_unavailable,,null,nan
visual_span,13.88,14.4,0.5199999999999996,14.4,29,0,0.0,False,,disabled_or_unavailable,,null,"[[0.9999954102505177, -0.0017998575994713638, -0.0024372095767397723], [0.0018002865660690396, 0.9999983643752609, 0.00017382486471458782], [0.0024368927303757603, -0.00017821174256170438, 0.9999970148927426]]",nan,nan,False,,disabled_or_unavailable,,null,nan
visual_span,14.4,14.64,0.2400000000000002,14.64,29,0,0.0,False,,disabled_or_unavailable,,null,"[[0.9999863565207426, -0.000874097253501095, 0.005150021976808364], [0.0008752228860879794, 0.9999995935954488, -0.0002163188319800183], [-0.005149830800119079, 0.00022082329773647993, 0.999986715151657]]",nan,nan,False,,disabled_or_unavailable,,null,nan
visual_span,14.64,14.84,0.1999999999999993,14.84,29,0,0.0,False,,disabled_or_unavailable,,null,"[[0.9999929448268934, -0.0004567893040660077, 0.0037284903071029686], [0.00045582488161237833, 0.999999862439456, 0.0002595086646858189], [-0.003728608334992153, -0.0002578072951544387, 0.99999301548325]]",nan,nan,False,,disabled_or_unavailable,,null,nan
visual_span,14.84,15.36,0.5199999999999996,15.36,29,0,0.0,False,,disabled_or_unavailable,,null,"[[0.9999982995590885, -0.0016530575449789917, -0.0008174837518013776], [0.0016534603662462812, 0.9999985118401552, 0.0004923274237680176], [0.0008166686896924247, -0.0004936782635779783, 0.999999544666908]]",nan,nan,False,,disabled_or_unavailable,,null,nan
visual_span,15.36,15.48,0.120000000000001,15.48,24,0,0.0,False,,disabled_or_unavailable,,null,"[[0.9999977531904084, -0.0002619451287792677, -0.002103568131681052], [0.000262735037273571, 0.9999998950821242, 0.0003752413100103092], [0.0021034696183458777, -0.00037579314796601945, 0.9999977170949315]]",nan,nan,False,,disabled_or_unavailable,,null,nan
visual_span,15.48,15.6,0.11999999999999922,15.6,28,0,0.0,False,,disabled_or_unavailable,,null,"[[0.9999987815040846, -0.00021642748535683151, -0.0015460108312092382], [0.00021652397038428672, 0.9999999746216566, 6.224192257273148e-05], [0.0015459973211112577, -6.257659513463357e-05, 0.9999988029875103]]",nan,nan,False,,disabled_or_unavailable,,null,nan
visual_span,15.6,15.72,0.120000000000001,15.72,24,0,0.0,False,,disabled_or_unavailable,,null,"[[0.9999993853263046, -0.0003969352509825174, -0.0010352726306426736], [0.00039698976394032966, 0.9999999198240231, 5.245068952008429e-05], [0.00103525172811107, -5.2861649917277847e-05, 0.9999994627296085]]",nan,nan,False,,disabled_or_unavailable,,null,nan
visual_span,15.72,15.8,0.08000000000000007,15.8,28,0,0.0,False,,disabled_or_unavailable,,null,"[[0.9999999607973512, -0.00025333066053373265, -0.00011928483845175353], [0.0002533466560274217, 0.9999999589164733, 0.00013409893288749745], [0.00011925086217986641, -0.0001341291480454006, 0.9999999838943018]]",nan,nan,False,,disabled_or_unavailable,,null,nan
visual_span,15.8,15.84,0.03999999999999915,15.84,27,0,0.0,False,,disabled_or_unavailable,,null,"[[0.9999999989231497, -4.619604642661212e-05, 4.430160059020712e-06], [4.619617261915826e-05, 0.9999999985271454, -2.84890022387155e-05], [-4.4288439732256614e-06, 2.8489206864475922e-05, 0.9999999995843755]]",nan,nan,False,,disabled_or_unavailable,,null,nan
visual_span,15.84,15.92,0.08000000000000007,15.92,29,0,0.0,False,,disabled_or_unavailable,,null,"[[0.9999999727456452, -0.00022274542372442558, 6.995130811065463e-05], [0.00022274309792887252, 0.9999999746398149, 3.3254809239631886e-05], [-6.995871369325144e-05, -3.323922716222076e-05, 0.9999999970004663]]",nan,nan,False,,disabled_or_unavailable,,null,nan
visual_span,15.92,15.96,0.040000000000000924,15.96,29,0,0.0,False,,disabled_or_unavailable,,null,"[[0.999999985983571, -0.00012744318153060647, 0.00010858680154695921], [0.0001274370272618472, 0.9999999902735306, 5.6681063549191654e-05], [-0.00010859402410586425, -5.6667224775536533e-05, 0.9999999924980818]]",nan,nan,False,,disabled_or_unavailable,,null,nan
visual_span,15.96,16.12,0.16000000000000014,16.12,28,0,0.0,False,,disabled_or_unavailable,,null,"[[0.999998412850763, -0.0005816062306998498, 0.0016840517058534122], [0.0005817119951280324, 0.9999998288640197, -6.23144157753769e-05], [-0.0016840151751990951, 6.329394995081019e-05, 0.9999985800423749]]",nan,nan,False,,disabled_or_unavailable,,null,nan
visual_span,16.12,16.2,0.0799999999999983,16.2,26,0,0.0,False,,disabled_or_unavailable,,null,"[[0.9999997177574267, -0.0001559447710808316, 0.000734960063887055], [0.00015577839600439158, 0.9999999622324597, 0.00022642475729203664], [-0.0007349953458863642, -0.00022631020248545087, 0.9999997042827232]]",nan,nan,False,,disabled_or_unavailable,,null,nan
visual_span,16.2,16.36,0.16000000000000014,16.36,28,0,0.0,False,,disabled_or_unavailable,,null,"[[0.9999981382345602, -0.0003380590345561066, 0.0018998009112833828], [0.00033779035525663, 0.9999999329031457, 0.00014174406464843763], [-0.0018998487016743673, -0.00014110206632949752, 0.9999981853309123]]",nan,nan,False,,disabled_or_unavailable,,null,nan
visual_span,16.36,16.84,0.4800000000000004,16.84,26,0,0.0,False,,disabled_or_unavailable,,null,"[[0.9999988947501016, -0.001178092280890663, -0.0009069714179447361], [0.0011786476975259859, 0.999999118064089, 0.0006120952942725727], [0.0009062495133127204, -0.0006131636175277933, 0.9999994013709197]]",nan,nan,False,,disabled_or_unavailable,,null,nan
visual_span,16.84,17.32,0.4800000000000004,17.32,29,0,0.0,False,,disabled_or_unavailable,,null,"[[0.9999935829139333, -0.0014637700260905677, -0.003269787189609281], [0.0014671028156029086, 0.9999984065550516, 0.001017102102187705], [0.0032682931758127457, -0.0010218926893482744, 0.9999941369803367]]",nan,nan,False,,disabled_or_unavailable,,null,nan
visual_span,17.32,18.08,0.759999999999998,18.08,29,0,0.0,False,,disabled_or_unavailable,,null,"[[0.9999954916391625, -0.002251907230788947, 0.0019863572623270024], [0.00224913038073822, 0.9999964919753787, 0.001399088798752969], [-0.001989500912319247, -0.001394614914690121, 0.9999970484633239]]",nan,nan,False,,disabled_or_unavailable,,null,nan
visual_span,18.08,19.04,0.9600000000000009,19.04,29,0,0.0,False,,disabled_or_unavailable,,null,"[[0.9999872531769213, -0.0037622968339593625, -0.003367284693788085], [0.0037665176526575387, 0.9999921278695509, 0.001248015905293942], [0.0033625627797944984, -0.001260682934296674, 0.9999935519042565]]",nan,nan,False,,disabled_or_unavailable,,null,nan
visual_span,19.04,20.24,1.1999999999999993,20.24,40,34,0.85,False,41.44463172194673,Mahalanobis gate,1.6385619929031745,"[[0.9996429055134344, -0.006616647009528217, 0.025889794109076582], [0.006470228371274489, 0.9999626214126947, 0.005735147973307401], [-0.02592677383483394, -0.005565587103215492, 0.99964835149102]]","[[0.9999825660577515, -0.005446766277002574, -0.002280420504745607], [0.005448948480274728, 0.9999847013889219, 0.0009518133052309338], [0.002275201312866276, -0.0009642226052164599, 0.999996946862216]]",1.5444375786631213,1.5857968412294121,True,3.162725928758742,,12.83272379388766,"[0.007773174109385064, -0.1110427729187517, 0.9937852284808726]",6.413916277466212
visual_span,20.24,21.36,1.120000000000001,21.36,42,36,0.8571428571428571,True,4.51676468247818,,0.5347436561156741,"[[0.9999684424153897, -0.0030582938181249143, -0.007332190140835128], [0.003010795342369468, 0.9999744695397617, -0.006480384253929704], [0.007351821865749145, 0.00645810402472991, 0.9999521206576143]]","[[0.9999832047788797, -0.005772909595579617, -0.0005134929042341976], [0.0057725361968679915, 0.9999830754438096, -0.0007257077898687174], [0.0005176736590584064, 0.000722731445069391, 0.9999996048365426]]",0.6105730187700599,0.5647118846129032,True,5.189592435402692,,5.817057314296018,"[-0.019389220097083885, -0.054844013931767265, 0.9983066624439001]",3.852387918059938
visual_span,21.36,22.4,1.0399999999999991,22.4,37,31,0.8378378378378378,True,1.8006840677065723,,0.35838146992981657,"[[0.9999858665375005, 0.0011234077461732214, -0.005196602763343768], [-0.001121545760191674, 0.9999993058314961, 0.000361208573696796], [0.0051970049405354775, -0.0003553752407723366, 0.9999864323320024]]","[[0.999988856094647, -0.004245619831817245, -0.002064557764523996], [0.004244891972685805, 0.9999909267504009, -0.00035680388799867496], [0.0020660538859390435, 0.0003480360871281435, 0.9999978051437025]]",0.2920953542521747,0.3185682543301475,False,10.357900023573093,Mahalanobis gate,7.561686905135189,"[-0.0247667184019839, 0.0077348686751554895, 0.9996633340611103]",2.574293356348062
visual_span,22.4,23.48,1.0800000000000018,23.48,33,29,0.8787878787878788,False,,disabled_or_unavailable,,null,"[[0.9999940161170717, -0.003360698101132988, -0.0008206328793531771], [0.003360215749044793, 0.9999941813192942, -0.0005884536298770432], [0.0008226057193490081, 0.0005856926051140267, 0.9999994901418714]]",nan,nan,False,,disabled_or_unavailable,7.561686905135189,null,nan
visual_span,23.48,24.48,1.0,24.48,30,25,0.8333333333333334,False,,disabled_or_unavailable,,null,"[[0.9999916719123644, -0.0034571122639724234, -0.0021689814911401498], [0.0034545123440124638, 0.9999933116059422, -0.0012012859136966713], [0.0021731199644020108, 0.001193783135947228, 0.9999969262109984]]",nan,nan,False,,disabled_or_unavailable,7.561686905135189,null,nan
visual_span,24.48,25.52,1.0399999999999991,25.52,32,24,0.75,False,,disabled_or_unavailable,,null,"[[0.9999894870697928, -0.004176808237462256, -0.0018920948284617408], [0.004177259166772703, 0.9999912477350684, 0.00023443360341173227], [0.0018910990841406585, -0.00024233490929421642, 0.9999981825073712]]",nan,nan,False,,disabled_or_unavailable,7.561686905135189,null,nan
visual_span,25.52,26.72,1.1999999999999993,26.72,33,25,0.7575757575757576,False,,disabled_or_unavailable,,null,"[[0.9999840319350668, -0.005145914759258077, -0.002335687517209754], [0.0051462529811091015, 0.9999867483169441, 0.00013881916065054434], [0.0023349422138513984, -0.0001508369828255531, 0.9999972626427849]]",nan,nan,False,,disabled_or_unavailable,7.561686905135189,null,nan
visual_span,26.72,27.8,1.0800000000000018,27.8,34,25,0.7352941176470589,False,,disabled_or_unavailable,,null,"[[0.9999859176565624, -0.005299608621890614, 0.0002804229262445409], [0.005299570938851345, 0.9999859480691591, 0.00013495217374091383], [-0.00028113417946447534, -0.00013346415210754235, 0.9999999515754455]]",nan,nan,False,,disabled_or_unavailable,7.561686905135189,null,nan
visual_span,27.8,28.84,1.0399999999999991,28.84,36,29,0.8055555555555556,False,,disabled_or_unavailable,,null,"[[0.9999868345153994, -0.005031633349642629, 0.0010067083519729122], [0.005030775583716749, 0.9999869819505361, 0.0008527757526244698], [-0.0010109861015104623, -0.0008477000016214019, 0.9999991296555262]]",nan,nan,False,,disabled_or_unavailable,7.561686905135189,null,nan
visual_span,28.84,30.0,1.1600000000000001,30.0,41,30,0.7317073170731707,False,12.383176206676351,Mahalanobis gate,0.8966695565448326,"[[0.9999685519545127, 0.0009207943129921703, -0.007877007034912061], [-0.0009879789152575046, 0.9999631344926133, -0.008529569354353657], [0.007868862666097268, 0.008537083432934441, 0.9999325973318407]]","[[0.9999828007863133, -0.005340513839342639, 0.0024242614324172813], [0.0053370506298657736, 0.9999847313835013, 0.0014327911366899934], [-0.002431876258193557, -0.0014198280878042226, 0.9999960350251726]]",0.6668455628295094,0.6681235251363264,True,5.477452922052622,,14.439889513832656,"[-0.1003315226054572, -0.13893768206075366, 0.9852055146390809]",10.561592099393515
visual_span,30.0,31.16,1.1600000000000001,31.16,34,20,0.5882352941176471,False,,disabled_or_unavailable,,null,"[[0.9999830538147974, -0.005701241564262453, 0.0011781035007503054], [0.005701762319554123, 0.9999836483959865, -0.00043914360286329186], [-0.0011755805731070497, 0.00044585342720358, 0.9999992096122067]]",nan,nan,False,,disabled_or_unavailable,14.439889513832656,null,nan
visual_span,31.16,31.88,0.7199999999999989,31.88,29,0,0.0,False,,disabled_or_unavailable,,null,"[[0.9999940695814441, -0.0033984211217854593, 0.0005581539405193193], [0.003398667771909426, 0.9999941270277966, -0.00044155100670073886], [-0.0005566500862292239, 0.0004434453679278625, 0.9999997467484116]]",nan,nan,False,,disabled_or_unavailable,14.439889513832656,null,nan
visual_span,31.88,32.6,0.7200000000000024,32.6,29,0,0.0,False,,disabled_or_unavailable,,null,"[[0.9999917808320608, -0.004054302826440952, -2.9948548648231558e-05], [0.004054298317860185, 0.999991770183101, -0.0001491013690064379], [3.05528042789488e-05, 0.00014897872316683918, 0.9999999884359332]]",nan,nan,False,,disabled_or_unavailable,14.439889513832656,null,nan
visual_span,32.6,32.76,0.1599999999999966,32.76,29,0,0.0,False,,disabled_or_unavailable,,null,"[[0.9999995590588234, -0.0009386343963660445, -2.9114068173538523e-05], [0.0009386375534217603, 0.9999995535811701, 0.00010861401500952925], [2.9012106326054907e-05, -0.00010864129467485822, 0.9999999936776836]]",nan,nan,False,,disabled_or_unavailable,14.439889513832656,null,nan
visual_span,32.76,33.92,1.1600000000000037,33.92,30,28,0.9333333333333333,False,,disabled_or_unavailable,,null,"[[0.9999760265993297, -0.006914876335629193, 0.0003615409797426707], [0.00691481847949349, 0.9999760793908905, 0.00016103235613739846], [-0.00036264585029094224, -0.00015852850539638507, 0.9999999216783473]]",nan,nan,False,,disabled_or_unavailable,14.439889513832656,null,nan
visual_span,33.92,34.24,0.3200000000000003,34.24,29,0,0.0,False,,disabled_or_unavailable,,null,"[[0.9999980492506847, -0.001957386895695536, -0.0002648232722442799], [0.0019573894585422644, 0.9999980842670624, 9.418738423518499e-06], [0.00026480432879845043, -9.93708233138859e-06, 0.9999999648899602]]",nan,nan,False,,disabled_or_unavailable,14.439889513832656,null,nan
visual_span,34.24,35.56,1.3200000000000003,35.56,31,28,0.9032258064516129,False,,disabled_or_unavailable,,null,"[[0.9999698563874263, -0.0077636463116553716, -0.00011005661066915778], [0.007763737868732423, 0.9999694941210692, 0.0008574389533288903], [0.00010339640052803568, -0.0008582675576972319, 0.9999996263429222]]",nan,nan,False,,disabled_or_unavailable,14.439889513832656,null,nan
visual_span,35.56,36.64,1.0799999999999983,36.64,29,0,0.0,False,,disabled_or_unavailable,,null,"[[0.9999761790144759, -0.006708199103072119, 0.0016252594878630828], [0.006706692378477653, 0.9999770767278792, 0.0009307502920885986], [-0.001631465889872148, -0.0009198280052790641, 0.9999982461162077]]",nan,nan,False,,disabled_or_unavailable,14.439889513832656,null,nan
visual_span,36.64,37.76,1.1199999999999974,37.76,32,32,1.0,False,17.501178902730857,Mahalanobis gate,1.0548241000525949,"[[0.9998766203346682, -0.0003498718652902001, -0.015704193637367546], [0.00034505201620690706, 0.9999998925362608, -0.0003096232763881612], [0.015704300278209418, 0.0003041663114944641, 0.9998766336081802]]","[[0.9999744058517496, -0.007024509056193135, 0.001357907935130037], [0.007022546207999272, 0.9999742977269881, 0.001444897980423318], [-0.0013680227327583219, -0.0014353250282695405, 0.9999980341760009]]",0.9001900495476554,0.9002420956153866,False,20.325836766238215,Mahalanobis gate,26.932917255503877,"[-0.24265644815592638, -0.009444379630761182, 0.9700663131259328]",15.167621734529545
visual_span,37.76,38.92,1.1600000000000037,38.92,33,29,0.8787878787878788,False,,disabled_or_unavailable,,null,"[[0.9999682892287515, -0.00769158818163189, 0.0020639787228147674], [0.007690490851250265, 0.9999702824360861, 0.000539068790831604], [-0.002068063681535802, -0.0005231786870595085, 0.9999977246957468]]",nan,nan,False,,disabled_or_unavailable,26.932917255503877,null,nan
visual_span,38.92,39.96,1.0399999999999991,39.96,32,26,0.8125,False,,disabled_or_unavailable,,null,"[[0.9696047314133915, -0.0065882153662567755, 0.24458793968438577], [0.006505838553778522, 0.9999781816254589, 0.0011446998527904907], [-0.2445901447022694, 0.00048134325447406006, 0.9696264380797351]]",nan,nan,False,,disabled_or_unavailable,26.932917255503877,null,nan
visual_span,39.96,41.0,1.0399999999999991,41.0,49,45,0.9183673469387755,True,0.8106584438698078,,0.23694160623233945,"[[0.9998896008389491, -0.003836623430899177, 0.014355014969555852], [0.00377473571088013, 0.9999834757936503, 0.0043358401680151605], [-0.014371412750307587, -0.0042811751072623595, 0.9998875606963319]]","[[0.9998670268806525, -0.006874749075750156, 0.014787372382883761], [0.0068517058825242234, 0.9999752332800559, 0.0016084007576943203], [-0.014798063499795637, -0.001506868157285528, 0.9998893672126995]]",0.28494278658770367,1.7550580060364271,True,5.734440865913379,,17.769689784730488,"[0.9074070833436857, 0.0019530468387875671, 0.42024822510719945]",7.0763936584086045
visual_span,41.0,42.04,1.0399999999999991,42.04,41,34,0.8292682926829268,True,10.79719974221988,,0.811828590158239,"[[0.9989972379228873, -0.0001787218598704293, -0.04477149406641636], [0.00015748907970233408, 0.9999998734643138, -0.0004777745767955579], [0.04477157378998559, 0.0004702444611711203, 0.9989971396608275]]","[[0.9983199860571628, -0.005957048297943753, -0.057634356198390926], [0.00599192780194962, 0.9999819547575457, 0.00043238928616090697], [0.05763074040859843, -0.0007770037673840289, 0.998337665334281]]",0.7512217264902857,5.876258782288874,False,26.685461546419532,Mahalanobis gate,12.180553410503913,"[0.9969013148769543, 0.062482056736688704, 0.047788711873760284]",14.13720771468236
visual_span,42.04,43.2,1.1600000000000037,43.2,45,41,0.9111111111111111,True,2.6302197790071506,,0.4292003380544826,"[[0.9999720646930111, 0.0007091907292860857, 0.007440892561093469], [-0.0007140694186712161, 0.9999995318328324, 0.0006530229561343606], [-0.0074404259596853725, -0.0006583180275631052, 0.9999721029503338]]","[[0.9999672683054557, -0.006002706296441238, 0.0054249271740246805], [0.006013359700262648, 0.9999800190547926, -0.0019496143957034911], [-0.005413115816243341, 0.0019821726199657514, 0.999983384446394]]",0.23365574718262588,0.6638667486244514,True,6.0199601251196695,,5.325088636787196,"[0.9960823520910678, 0.0883566345681992, -0.0036128908796089327]",6.3091965865841315
visual_span,43.2,44.44,1.2399999999999949,44.44,48,44,0.9166666666666666,True,0.6897065711929692,,0.21272396894475978,"[[0.9999936677837129, -0.0033061280445065037, 0.0013167800996106837], [0.003306593250462138, 0.9999944715098315, -0.0003512703362741743], [-0.0013156114750948894, 0.0003556221681441453, 0.9999990713492289]]","[[0.9999764910819224, -0.005155390139904117, 0.004520977327078662], [0.0051555953329218696, 0.9999867092610772, -3.3733744451607304e-05], [-0.004520743329335802, 5.704128101550485e-05, 0.999989779760795]]",0.15362282075249575,0.3224631699568525,True,7.750231905796167,,4.699777550086595,"[0.9941624154168522, 0.07902806547879798, -0.07345513351161578]",5.4465410276422555
visual_span,44.44,45.36,0.9200000000000017,45.36,26,0,0.0,False,,disabled_or_unavailable,,null,"[[0.9992051089083687, -0.0032359962398834014, -0.03973258939146618], [0.0032347120053847667, 0.9999947636387433, -9.66091933387872e-05], [0.03973269396426084, -3.199108435796657e-05, 0.9992103442253353]]",nan,nan,False,,disabled_or_unavailable,4.699777550086595,null,nan
visual_span,45.36,46.0,0.6400000000000006,46.0,29,0,0.0,False,,disabled_or_unavailable,,null,"[[0.9988622122596946, -0.0018947145151372673, -0.047651767822135004], [0.001894419067740131, 0.9999982042675561, -5.1362035427946195e-05], [0.04765177956870357, -3.896882124005903e-05, 0.9988640079537187]]",nan,nan,False,,disabled_or_unavailable,4.699777550086595,null,nan
visual_span,46.0,46.32,0.3200000000000003,46.32,29,0,0.0,False,,disabled_or_unavailable,,null,"[[0.9999535315412158, -0.0008537542744564653, 0.009602388343000836], [0.0008666136883224238, 0.9999987332329147, -0.001335107966202953], [-0.009601236324878335, 0.0013433674869720853, 0.9999530047081358]]",nan,nan,False,,disabled_or_unavailable,4.699777550086595,null,nan
visual_span,46.32,46.64,0.3200000000000003,46.64,29,0,0.0,False,,disabled_or_unavailable,,null,"[[0.9999951286462669, -0.0010776514841146882, 0.0029293943086061694], [0.0010777758881552768, 0.9999994183634349, -4.088920844427136e-05], [-0.002929348540447161, 4.404623981118818e-05, 0.9999957084793203]]",nan,nan,False,,disabled_or_unavailable,4.699777550086595,null,nan
visual_span,46.64,46.72,0.0799999999999983,46.72,29,0,0.0,False,,disabled_or_unavailable,,null,"[[0.9999999767179333, -0.0002109085296292046, -4.562592848794216e-05], [0.00021091483691769173, 0.999999968196992, 0.00013827851155123364], [4.55967629193498e-05, -0.00013828813151709032, 0.9999999893986641]]",nan,nan,False,,disabled_or_unavailable,4.699777550086595,null,nan
visual_span,46.72,46.88,0.1600000000000037,46.88,29,0,0.0,False,,disabled_or_unavailable,,null,"[[0.9999994280075141, -0.0005004431477729642, -0.0009452731355327025], [0.0005006699603512721, 0.9999998459313294, 0.00023972256583331273], [0.0009451530223802891, -0.0002401956985770946, 0.9999995244957824]]",nan,nan,False,,disabled_or_unavailable,4.699777550086595,null,nan
visual_span,46.88,47.72,0.8399999999999963,47.72,29,0,0.0,False,,disabled_or_unavailable,,null,"[[0.9999967992657897, -0.0022970076251409162, -0.0010607611163268495], [0.002296902291820072, 0.9999973570655779, -0.00010050731727095317], [0.0010609891788789356, 9.807053093457963e-05, 0.9999994323419055]]",nan,nan,False,,disabled_or_unavailable,4.699777550086595,null,nan
visual_span,47.72,47.76,0.03999999999999915,47.76,29,0,0.0,False,,disabled_or_unavailable,,null,"[[0.9999999966905833, -4.840435460377731e-05, 6.539000269996812e-05], [4.840077867378212e-05, 0.999999997333367, 5.468666385122417e-05], [-6.53926495982661e-05, -5.468349874319504e-05, 0.9999999963667584]]",nan,nan,False,,disabled_or_unavailable,4.699777550086595,null,nan
visual_span,47.76,48.8,1.0399999999999991,48.8,32,28,0.875,False,,disabled_or_unavailable,,null,"[[0.9999945887630065, -0.0030172574718673934, 0.0013109546347296205], [0.0030181094251117654, 0.9999952352975383, -0.0006483808444520254], [-0.0013089920564733062, 0.0006523339404485854, 0.9999989304995415]]",nan,nan,False,,disabled_or_unavailable,4.699777550086595,null,nan
visual_span,48.8,49.28,0.480000000000004,49.28,28,0,0.0,False,,disabled_or_unavailable,,null,"[[0.9999990651890904, -0.0012426084795404474, 0.0005705656069688832], [0.0012424153194233647, 0.9999991708187818, 0.0003387711956410029], [-0.0005709860938269257, -0.00033806199950315907, 0.9999997798444584]]",nan,nan,False,,disabled_or_unavailable,4.699777550086595,null,nan
visual_span,49.28,50.36,1.0799999999999983,50.36,32,30,0.9375,True,0.48526809880209765,,0.1737991388295437,"[[0.9999985032139068, -0.0011070773438411168, 0.0013296426967391681], [0.001108060528541396, 0.9999991130944534, -0.0007389263643054357], [-0.001328823468834996, 0.0007403985828800496, 0.9999988430183944]]","[[0.9999950108338238, -0.0030080116666824338, -0.0009644549104447645], [0.003006748461366792, 0.9999946235703899, -0.0013085465237470575], [0.000968385848330654, 0.0013056401218729636, 0.9999986787654879]]",0.125079542054145,0.10183903303758202,True,4.570974239577842,,4.015097196048,"[0.997468182490712, 0.032141295476970304, 0.06343628333799577]",3.954324219778846
visual_span,50.36,51.4,1.0399999999999991,51.4,34,31,0.9117647058823529,False,,disabled_or_unavailable,,null,"[[0.9999958520116071, -0.002874859553186469, 0.0001764713284402521], [0.002875258935121743, 0.9999932070628859, -0.00230623375671753], [-0.00016984003153423504, 0.002306731591250566, 0.9999973250682873]]",nan,nan,False,,disabled_or_unavailable,4.015097196048,null,nan
visual_span,51.4,52.52,1.1200000000000045,52.52,67,64,0.9552238805970149,False,,disabled_or_unavailable,,null,"[[0.9999941958306586, -0.0033780275603820173, -0.00044411124261474596], [0.0033770022162040335, 0.9999916768016947, -0.002289581482918325], [0.0004518418155398425, 0.002288068429149126, 0.9999972802872203]]",nan,nan,False,,disabled_or_unavailable,4.015097196048,null,nan
visual_span,52.52,53.68,1.1599999999999966,53.68,58,56,0.9655172413793104,True,1.029256428291717,,0.25606939660565914,"[[0.9999993820130857, 0.00015345176969992004, -0.0011011021756395312], [-0.00015374992708909192, 0.9999999515408772, -0.00027070131769914773], [0.0011010605826848245, 0.0002708704447884979, 0.9999993571471911]]","[[0.9999949995665035, -0.00311563845673366, 0.0005418846705552751], [0.00311716438407495, 0.9999911136534781, -0.0028382917890573266], [-0.000533036764130899, 0.002839966739963322, 0.9999958252216479]]",0.07500529655331205,0.0895237105213257,True,4.172218065499098,,5.3825353667720774,"[0.9985710393760634, 0.05220604167087032, -0.011419655531945426]",2.852440000561917
visual_span,53.68,54.72,1.0399999999999991,54.72,59,57,0.9661016949152542,True,0.41853370023268927,,0.15796253558009385,"[[0.9999992405712431, 7.566632196705526e-05, -0.0012300941204124861], [-7.610454873769075e-05, 0.999999933660637, -0.00035621176220346055], [0.0012300670855749382, 0.0003563051074439436, 0.9999991799904816]]","[[0.9999990772228091, -0.001163544476970726, 0.000701225912678674], [0.001164864283391353, 0.9999975455307069, -0.0018846813426751233], [-0.0006990312809740843, 0.001885496436554436, 0.9999979781271842]]",0.08397660441789241,0.09337470387571653,True,1.7722506522288928,,2.516740394022845,"[0.9985862149436964, 0.04585495528264871, -0.026886695603005224]",2.9039175924014144
visual_span,54.72,55.84,1.1200000000000045,55.84,47,47,1.0,False,,disabled_or_unavailable,,null,"[[0.999999415170676, -0.0009580435829777722, 0.000501807532303757], [0.0009588951867796551, 0.9999980959547536, -0.001699590211955681], [-0.0005001782953432544, 0.001700070398812902, 0.9999984297899235]]",nan,nan,False,,disabled_or_unavailable,2.516740394022845,null,nan
visual_span,55.84,56.92,1.0799999999999983,56.92,55,52,0.9454545454545454,False,,disabled_or_unavailable,,null,"[[0.9999988493632384, -0.001477047452369985, -0.00034583669936161715], [0.0014762558265938002, 0.9999963152517375, -0.0022781904402534355], [0.00034920042042623005, 0.0022776772754412823, 0.9999973451191234]]",nan,nan,False,,disabled_or_unavailable,2.516740394022845,null,nan
visual_span,56.92,58.04,1.1199999999999974,58.04,45,44,0.9777777777777777,False,,disabled_or_unavailable,,null,"[[0.999998164113363, -0.001593194779676753, 0.001064659709709372], [0.0015938070273776586, 0.9999985648844327, -0.0005744634317748779], [-0.0010637429496590297, 0.0005761592392522408, 0.9999992682454663]]",nan,nan,False,,disabled_or_unavailable,2.516740394022845,null,nan
visual_span,58.04,59.12,1.0799999999999983,59.12,33,33,1.0,False,,disabled_or_unavailable,,null,"[[0.9999962497550829, -0.0020791246078725326, 0.001782615111291896], [0.002081182569641779, 0.9999971691864822, -0.0011533855098135035], [-0.0017802120328451246, 0.0011570911318333585, 0.9999977459900752]]",nan,nan,False,,disabled_or_unavailable,2.516740394022845,null,nan
visual_span,59.12,59.96,0.8400000000000034,59.96,28,0,0.0,False,,disabled_or_unavailable,,null,"[[0.9999994249953286, -0.0009832133684925814, 0.00042813605826894313], [0.0009838498126000332, 0.9999984076338597, -0.0014888818929843918], [-0.00042667148793829165, 0.0014893022584510432, 0.9999987999643922]]",nan,nan,False,,disabled_or_unavailable,2.516740394022845,null,nan
visual_span,59.96,60.44,0.4799999999999969,60.44,29,0,0.0,False,,disabled_or_unavailable,,null,"[[0.9999998417687013, -0.00036422908818622957, 0.00042871872341056395], [0.0003645908926778453, 0.9999995772462323, -0.0008441450335213455], [-0.000428411079992252, 0.0008443012068932563, 0.999999551809609]]",nan,nan,False,,disabled_or_unavailable,2.516740394022845,null,nan
visual_span,60.44,60.84,0.4000000000000057,60.84,27,0,0.0,False,,disabled_or_unavailable,,null,"[[0.9999995097654711, -0.00037676501184416426, 0.0009157057081127936], [0.0003770660693438227, 0.9999998749148266, -0.00032862061894168166], [-0.0009155817808201982, 0.00032896573939254103, 0.9999995267456608]]",nan,nan,False,,disabled_or_unavailable,2.516740394022845,null,nan
visual_span,60.84,61.2,0.35999999999999943,61.2,27,0,0.0,False,,disabled_or_unavailable,,null,"[[0.9999995275718815, -1.9910165612657808e-05, 0.0009718331128479485], [2.022461256087064e-05, 0.9999999474525686, -0.0003235518893195332], [-0.0009718266198089141, 0.00032357139141270404, 0.9999994754271503]]",nan,nan,False,,disabled_or_unavailable,2.516740394022845,null,nan
visual_span,61.2,61.4,0.19999999999999574,61.4,29,0,0.0,False,,disabled_or_unavailable,,null,"[[0.9999999404516247, -3.0435438392630214e-05, 0.0003437592638055357], [3.0483336046281733e-05, 0.9999999898288898, -0.00013933049381811244], [-0.0003437550197244615, 0.0001393409644503655, 0.9999999312082887]]",nan,nan,False,,disabled_or_unavailable,2.516740394022845,null,nan
visual_span,61.4,61.64,0.240000000000002,61.64,28,0,0.0,False,,disabled_or_unavailable,,null,"[[0.9999995672484704, 0.00012227566824593952, 0.0009222535080247113], [-0.00012225951948534992, 0.9999999923720146, -1.756646705674505e-05], [-0.000922255648941273, 1.745370518409478e-05, 0.9999995745698527]]",nan,nan,False,,disabled_or_unavailable,2.516740394022845,null,nan
visual_span,61.64,61.96,0.3200000000000003,61.96,29,0,0.0,False,,disabled_or_unavailable,,null,"[[0.9999998656590882, 0.00042299819549554825, 0.00029959027424659464], [-0.00042293400759065247, 0.9999998876047497, -0.0002142832553871067], [-0.0002996808820044244, 0.00021415651968477645, 0.9999999321641748]]",nan,nan,False,,disabled_or_unavailable,2.516740394022845,null,nan
visual_span,61.96,62.24,0.28000000000000114,62.24,29,0,0.0,False,,disabled_or_unavailable,,null,"[[0.9999992694397849, 0.0002725444936320542, 0.0011776414546323607], [-0.00027146564353022686, 0.9999995434660754, -0.0009161735889772636], [-0.0011778906150659723, 0.0009158532304619597, 0.9999988868926601]]",nan,nan,False,,disabled_or_unavailable,2.516740394022845,null,nan
visual_span,62.24,62.28,0.03999999999999915,62.28,28,0,0.0,False,,disabled_or_unavailable,,null,"[[0.9999999697522626, 6.920086309430683e-05, 0.00023602269948186708], [-6.918552227087524e-05, 0.9999999954938709, -6.500478277201252e-05], [-0.0002360271968053914, 6.49884514520335e-05, 0.9999999700338313]]",nan,nan,False,,disabled_or_unavailable,2.516740394022845,null,nan
visual_span,62.28,62.36,0.0799999999999983,62.36,27,0,0.0,False,,disabled_or_unavailable,,null,"[[0.9999999464379768, 0.00020300846777071506, 0.0002567325566701319], [-0.0002029849792641201, 0.9999999752112414, -9.151292246661305e-05], [-0.00025675112820422165, 9.146080471230365e-05, 0.9999999628568891]]",nan,nan,False,,disabled_or_unavailable,2.516740394022845,null,nan
visual_span,62.36,62.44,0.0799999999999983,62.44,28,0,0.0,False,,disabled_or_unavailable,,null,"[[0.9999999911274846, 7.322180376944393e-05, 0.0001112816177275169], [-7.321361933400862e-05, 0.9999999946151296, -7.354935075064048e-05], [-0.00011128700254440782, 7.354120276807356e-05, 0.9999999911034474]]",nan,nan,False,,disabled_or_unavailable,2.516740394022845,null,nan
visual_span,62.44,62.52,0.0800000000000054,62.52,29,0,0.0,False,,disabled_or_unavailable,,null,"[[0.9999999607792313, 9.145095004734283e-05, 0.00026472298680980765], [-9.143921986177046e-05, 0.9999999948371733, -4.432293502295461e-05], [-0.0002647270388176054, 4.429872722118166e-05, 0.9999999639786082]]",nan,nan,False,,disabled_or_unavailable,2.516740394022845,null,nan
visual_span,62.52,62.6,0.0799999999999983,62.6,27,0,0.0,False,,disabled_or_unavailable,,null,"[[0.9999712161774196, 0.00022231569902122678, -0.0075840221770769765], [-0.00022384203226760585, 0.9999999548656475, -0.00020040820235274676], [0.00758397728088745, 0.0002021000567754861, 0.9999712208079641]]",nan,nan,False,,disabled_or_unavailable,2.516740394022845,null,nan
visual_span,62.6,62.68,0.0799999999999983,62.68,23,0,0.0,False,,disabled_or_unavailable,,null,"[[0.9994685966284074, 0.00011012311436547418, -0.03259619957207034], [-0.00011048719225271073, 0.9999999938524096, -9.368125786329499e-06], [0.03259619834003506, 1.29646101015282e-05, 0.9994686026512772]]",nan,nan,False,,disabled_or_unavailable,2.516740394022845,null,nan
visual_span,62.68,62.72,0.03999999999999915,62.72,19,0,0.0,False,,disabled_or_unavailable,,null,"[[0.9997878009419335, 5.9749733860250177e-05, -0.020599745572764776], [-5.844900301121021e-05, 0.9999999962601366, 6.374512948859608e-05], [0.020599749304479054, -6.252756824114956e-05, 0.9997878006951757]]",nan,nan,False,,disabled_or_unavailable,2.516740394022845,null,nan
visual_span,62.72,62.76,0.03999999999999915,62.76,19,0,0.0,False,,disabled_or_unavailable,,null,"[[0.9997500690673347, 7.787804388107263e-05, -0.02235605812458967], [-7.47610982504131e-05, 0.9999999873691495, 0.0001402586153843234], [0.02235606876528024, -0.00013855219695982162, 0.999750062261889]]",nan,nan,False,,disabled_or_unavailable,2.516740394022845,null,nan
visual_span,62.76,62.8,0.03999999999999915,62.8,17,0,0.0,False,,disabled_or_unavailable,,null,"[[0.9997112202901163, 7.896378040242322e-05, -0.024030601132058176], [-7.433783812235573e-05, 0.9999999785360513, 0.0001933954052576495], [0.0240306158874989, -0.00019155317365168853, 0.9997112047023626]]",nan,nan,False,,disabled_or_unavailable,2.516740394022845,null,nan
visual_span,62.8,62.84,0.04000000000000625,62.84,15,0,0.0,False,,disabled_or_unavailable,,null,"[[0.9997276376452593, 0.0001238914000851943, -0.023337420147703715], [-0.00012214757210739062, 0.9999999896407354, 7.61478811067205e-05], [0.02333742934001281, -7.327653208022165e-05, 0.9997276424218499]]",nan,nan,False,,disabled_or_unavailable,2.516740394022845,null,nan
visual_span,62.84,62.88,0.03999999999999915,62.88,13,0,0.0,False,,disabled_or_unavailable,,null,"[[0.9998138008278592, 8.825055744841493e-05, -0.01929652523097643], [-8.811947365578725e-05, 0.9999999960882686, 7.6434082662004e-06], [0.01929652583002864, -5.941585423169634e-06, 0.9998138046934485]]",nan,nan,False,,disabled_or_unavailable,2.516740394022845,null,nan
visual_span,62.88,62.92,0.03999999999999915,62.92,4,0,0.0,False,,disabled_or_unavailable,,null,"[[0.9997841155650956, -0.0015060321459868299, -0.020723275100602193], [0.0015537089702507916, 0.9999961829844113, 0.0022847330356443383], [0.0207197551181414, -0.0023164377357608105, 0.9997826393091956]]",nan,nan,False,,disabled_or_unavailable,2.516740394022845,null,nan
visual_span,62.92,62.96,0.03999999999999915,62.96,0,0,nan,False,,disabled_or_unavailable,,null,"[[0.9995418543388719, -0.006874215204164441, -0.02947586453586243], [0.0071352829509313724, 0.9999361644138175, 0.008760983654438836], [0.029413758039730765, -0.008967288481477043, 0.9995270974692334]]",nan,nan,False,,disabled_or_unavailable,2.516740394022845,null,nan
visual_span,63.52,63.56,0.03999999999999915,63.56,0,0,nan,False,,disabled_or_unavailable,,null,"[[0.9998149013026724, -0.01914807620245656, -0.0018746495332687483], [0.019145867377084312, 0.9998159938515148, -0.0011892018697206045], [0.0018970755142498858, 0.001153089958661183, 0.9999975357409839]]",nan,nan,False,,disabled_or_unavailable,2.516740394022845,null,nan
visual_span,63.56,63.6,0.03999999999999915,63.6,0,0,nan,False,,disabled_or_unavailable,,null,"[[0.999815289259819, -0.019162647411402927, -0.0014765860933043937], [0.019161372805701255, 0.999816023276536, -0.0008725776151431116], [0.0014930353330111052, 0.0008441230240724335, 0.9999985291498257]]",nan,nan,False,,disabled_or_unavailable,2.516740394022845,null,nan
visual_span,63.6,63.64,0.03999999999999915,63.64,0,0,nan,False,,disabled_or_unavailable,,null,"[[0.9998169588286552, -0.019094985328356604, -0.001195982411969687], [0.019094141509835908, 0.9998174360066611, -0.0007130337082326307], [0.0012093794368419203, 0.0006900669362900432, 0.9999990306040311]]",nan,nan,False,,disabled_or_unavailable,2.516740394022845,null,nan
visual_span,63.64,63.76,0.11999999999999744,63.76,0,0,nan,False,,disabled_or_unavailable,,null,"[[0.9983565406338168, -0.057293531752169946, -0.0012918951357442758], [0.057293730584565175, 0.9983573581907415, 0.00011739722091451417], [0.0012830469133770417, -0.00019122177520308108, 0.9999991586120717]]",nan,nan,False,,disabled_or_unavailable,2.516740394022845,null,nan
visual_span,63.76,63.8,0.03999999999999915,63.8,6,0,0.0,False,,disabled_or_unavailable,,null,"[[0.9998169504594093, -0.019130370006807604, 0.00030743690381492103], [0.01913009056668369, 0.9998166091464464, 0.0008875301757078177], [-0.000324359303352214, -0.0008814864179033737, 0.9999995588862716]]",nan,nan,False,,disabled_or_unavailable,2.516740394022845,null,nan
visual_span,63.8,63.84,0.04000000000000625,63.84,7,0,0.0,False,,disabled_or_unavailable,,null,"[[0.9998183394833395, -0.01905363977945419, 0.0004968339086030994], [0.019052904001060394, 0.9998174315250593, 0.0014458449986317957], [-0.0005242918121749623, -0.0014361162169172466, 0.9999988313434709]]",nan,nan,False,,disabled_or_unavailable,2.516740394022845,null,nan
visual_span,63.84,63.88,0.03999999999999915,63.88,9,0,0.0,False,,disabled_or_unavailable,,null,"[[0.9998181962479689, -0.019042428100102246, 0.0009799915869684237], [0.019040508820135485, 0.9998168466488566, 0.0019318853504219728], [-0.001016599886108229, -0.0019128745879614412, 0.9999976537149886]]",nan,nan,False,,disabled_or_unavailable,2.516740394022845,null,nan
visual_span,63.88,63.92,0.03999999999999915,63.92,15,0,0.0,False,,disabled_or_unavailable,,null,"[[0.999818329981978, -0.01901965585358593, 0.001248888809951851], [0.01901666463856871, 0.9998163701867404, 0.002364819789109543], [-0.0012936375352775105, -0.002340640472586121, 0.9999964239456586]]",nan,nan,False,,disabled_or_unavailable,2.516740394022845,null,nan
visual_span,63.92,63.96,0.03999999999999915,63.96,12,0,0.0,False,,disabled_or_unavailable,,null,"[[0.999816291758453, -0.01908522097596613, 0.0017711788940613326], [0.019080044680727656, 0.9998137687014469, 0.0028947901463119846], [-0.001826096754737335, -0.0028604641770683054, 0.9999942415410872]]",nan,nan,False,,disabled_or_unavailable,2.516740394022845,null,nan
visual_span,63.96,64.0,0.03999999999999915,64.0,14,0,0.0,False,,disabled_or_unavailable,,null,"[[0.9998166240299503, -0.01903975744962926, 0.0020508411963278887], [0.019032348295875186, 0.9998124818930048, 0.0035736213138640115], [-0.002118497509501801, -0.0035339336736409494, 0.9999915116045199]]",nan,nan,False,,disabled_or_unavailable,2.516740394022845,null,nan
visual_span,64.0,64.04,0.04000000000000625,64.04,16,0,0.0,False,,disabled_or_unavailable,,null,"[[0.9998148195297606, -0.01906996262220287, 0.0025813125073762782], [0.019059680053247513, 0.9998105406883306, 0.003951116902397141], [-0.0026561711053300937, -0.0039011862422031443, 0.9999888626884619]]",nan,nan,False,,disabled_or_unavailable,2.516740394022845,null,nan
visual_span,64.04,64.08,0.03999999999999204,64.08,18,0,0.0,False,,disabled_or_unavailable,,null,"[[0.9998137241563115, -0.01908485858808225, 0.002878395622501706], [0.019072271938687182, 0.9998086940488604, 0.0043386342792204385], [-0.002960647189973716, -0.004282928552400142, 0.9999864454537528]]",nan,nan,False,,disabled_or_unavailable,2.516740394022845,null,nan
visual_span,64.08,64.12,0.04000000000000625,64.12,14,0,0.0,False,,disabled_or_unavailable,,null,"[[0.9998118659090965, -0.0191040584046153, 0.0033567454243987006], [0.019087745733485678, 0.9998061636027811, 0.004826301348150974], [-0.003448296707792603, -0.0047613206531814485, 0.9999827193884168]]",nan,nan,False,,disabled_or_unavailable,2.516740394022845,null,nan
visual_span,64.12,64.16,0.03999999999999204,64.16,20,0,0.0,False,,disabled_or_unavailable,,null,"[[0.9998097036437471, -0.019110642147107892, 0.003916612889731206], [0.01908912241224666, 0.9998028768210196, 0.005460119590583925], [-0.004020187226123608, -0.005384315846827669, 0.9999774233639122]]",nan,nan,False,,disabled_or_unavailable,2.516740394022845,null,nan
visual_span,64.16,64.2,0.04000000000000625,64.2,22,0,0.0,False,,disabled_or_unavailable,,null,"[[0.9998085571747763, -0.019087491639415574, 0.004303099232824645], [0.019061346838307097, 0.9998000893615825, 0.006037082845355478], [-0.0044174717658470196, -0.00595390422220293, 0.9999725181062282]]",nan,nan,False,,disabled_or_unavailable,2.516740394022845,null,nan
visual_span,64.2,64.28,0.0799999999999983,64.28,19,0,0.0,False,,disabled_or_unavailable,,null,"[[0.9992215995958592, -0.03815958342325403, 0.010002054491756212], [0.038025691441307276, 0.9991888965056727, 0.013251259947140418], [-0.010499604349823624, -0.012860610123159527, 0.9998621720096011]]",nan,nan,False,,disabled_or_unavailable,2.516740394022845,null,nan
visual_span,64.28,64.32,0.03999999999999204,64.32,24,0,0.0,False,,disabled_or_unavailable,,null,"[[0.9998024663302291, -0.019068443411058452, 0.005605603078226961], [0.019027292102191836, 0.9997922780241841, 0.007304995446312852], [-0.005743733563565968, -0.007196893016576312, 0.9999576062292136]]",nan,nan,False,,disabled_or_unavailable,2.516740394022845,null,nan
visual_span,64.32,64.36,0.04000000000000625,64.36,21,0,0.0,False,,disabled_or_unavailable,,null,"[[0.9997986044588713, -0.019121350419150005, 0.006092986151457552], [0.019075440474168186, 0.999789871976254, 0.0075059619251741675], [-0.006235229972522888, -0.007388223863268495, 0.9999532669356784]]",nan,nan,False,,disabled_or_unavailable,2.516740394022845,null,nan
visual_span,64.36,64.48,0.12000000000000455,64.48,18,0,0.0,False,,disabled_or_unavailable,,null,"[[0.9981440606539562, -0.05737515457354942, 0.020408964179808715], [0.05684939722099878, 0.9980578060542342, 0.025470803085446688], [-0.021830717277279286, -0.024263293508297996, 0.99946721425532]]",nan,nan,False,,disabled_or_unavailable,2.516740394022845,null,nan
visual_span,64.48,64.52,0.03999999999999204,64.52,23,0,0.0,False,,disabled_or_unavailable,,null,"[[0.9997890206427719, -0.019083249957651646, 0.007598932373769784], [0.019016707177376243, 0.9997810092712768, 0.008734892594486943], [-0.007763958416765569, -0.008588543040649235, 0.9999329766930091]]",nan,nan,False,,disabled_or_unavailable,2.516740394022845,null,nan
visual_span,64.52,64.56,0.04000000000000625,64.56,21,0,0.0,False,,disabled_or_unavailable,,null,"[[0.999787051589982, -0.019092942435988747, 0.007830135512675522], [0.019020794642097175, 0.9997768761457141, 0.009187344311659957], [-0.008003801858742485, -0.009036452481690107, 0.9999271381867543]]",nan,nan,False,,disabled_or_unavailable,2.516740394022845,null,nan
visual_span,64.56,64.68,0.12000000000000455,64.68,15,0,0.0,False,,disabled_or_unavailable,,null,"[[0.9980771887700933, -0.05767505856966551, 0.02270490862729211], [0.05706606262193943, 0.9980156053336544, 0.02661420687017986], [-0.02419482906773506, -0.025267353036784346, 0.9993878982241571]]",nan,nan,False,,disabled_or_unavailable,2.516740394022845,null,nan
visual_span,64.68,64.84,0.1599999999999966,64.84,27,0,0.0,False,,disabled_or_unavailable,,null,"[[0.9969381377718658, -0.07651365322478886, 0.01612483569408294], [0.0762209639207566, 0.9969276329037919, 0.01804603590357509], [-0.01745606241267291, -0.01676173090820756, 0.9997071222423124]]",nan,nan,False,,disabled_or_unavailable,2.516740394022845,null,nan
visual_span,64.84,65.0,0.1599999999999966,65.0,27,0,0.0,False,,disabled_or_unavailable,,null,"[[0.9954591753369786, -0.07447825486647333, 0.05927916825890331], [0.07729170028200819, 0.9959155129046328, -0.0466720925545291], [-0.055560987256697864, 0.05104195047161657, 0.9971497861340162]]",nan,nan,False,,disabled_or_unavailable,2.516740394022845,null,nan
visual_span,65.0,65.12,0.12000000000000455,65.12,25,0,0.0,False,,disabled_or_unavailable,,null,"[[0.9969685375457963, -0.05513917783861854, 0.05489450073620637], [0.0582297293238598, 0.9967093465105787, -0.05638951322120952], [-0.051604590558071345, 0.05941506244830632, 0.996898598949561]]",nan,nan,False,,disabled_or_unavailable,2.516740394022845,null,nan
visual_span,65.12,65.2,0.0799999999999983,65.2,26,0,0.0,False,,disabled_or_unavailable,,null,"[[0.9987628232542769, -0.03721154990646684, 0.03298671609458757], [0.03841375934797725, 0.9985916669403339, -0.03659324814882199], [-0.03157856833205212, 0.03781511960689932, 0.9987856680745945]]",nan,nan,False,,disabled_or_unavailable,2.516740394022845,null,nan
visual_span,65.2,65.4,0.20000000000000284,65.4,25,0,0.0,False,,disabled_or_unavailable,,null,"[[0.994025408996395, -0.0927107506785752, 0.057603845168224366], [0.09637060386368815, 0.9932608830373378, -0.06438575105437601], [-0.05124639480488155, 0.06955238986909835, 0.9962611465288602]]",nan,nan,False,,disabled_or_unavailable,2.516740394022845,null,nan
visual_span,65.4,65.68,0.28000000000000114,65.68,28,0,0.0,False,,disabled_or_unavailable,,null,"[[0.9913597176883162, -0.13113968052956695, 0.0028799888099661926], [0.1311259681549373, 0.9913553954769756, 0.004523310084472244], [-0.0034482778850871572, -0.004106586087376914, 0.999985622561812]]",nan,nan,False,,disabled_or_unavailable,2.516740394022845,null,nan
visual_span,65.68,65.84,0.1599999999999966,65.84,26,0,0.0,False,,disabled_or_unavailable,,null,"[[0.9972444004932725, -0.06778483779261309, -0.03014666565713185], [0.06927856935156994, 0.9962607264616176, 0.05162407131145397], [0.02653460972792847, -0.053570333913459056, 0.9982114674812083]]",nan,nan,False,,disabled_or_unavailable,2.516740394022845,null,nan
visual_span,65.84,65.88,0.03999999999999204,65.88,28,0,0.0,False,,disabled_or_unavailable,,null,"[[0.9999258705589594, -0.01068698019878889, -0.0058345386397095095], [0.010751381741568183, 0.999880363765337, 0.011120519194043655], [0.00571499584904866, -0.011182424188373164, 0.999921142996645]]",nan,nan,False,,disabled_or_unavailable,2.516740394022845,null,nan
visual_span,65.88,66.0,0.12000000000000455,66.0,26,0,0.0,False,,disabled_or_unavailable,,null,"[[0.9989888524597493, -0.038398740657641386, -0.02338395554777519], [0.03940122813381168, 0.9982526465426677, 0.04403631333464651], [0.02165215653694695, -0.04491314269194528, 0.9987562233752701]]",nan,nan,False,,disabled_or_unavailable,2.516740394022845,null,nan
visual_span,66.0,66.16,0.1599999999999966,66.16,22,0,0.0,False,,disabled_or_unavailable,,null,"[[0.9986819946068881, -0.04462756813937296, -0.025350617546189932], [0.04593349998919937, 0.9975103229578932, 0.05350952411657013], [0.022899502762064303, -0.05460344086598576, 0.9982454993731977]]",nan,nan,False,,disabled_or_unavailable,2.516740394022845,null,nan
visual_span,66.16,66.36,0.20000000000000284,66.36,28,0,0.0,False,,disabled_or_unavailable,,null,"[[0.9991117186824123, -0.03937153119104867, -0.015021854850459808], [0.03989945484083889, 0.9985319901514649, 0.03663192798036519], [0.013557547524528871, -0.03719875234234458, 0.9992159154703717]]",nan,nan,False,,disabled_or_unavailable,2.516740394022845,null,nan
visual_span,66.36,67.16,0.7999999999999972,67.16,28,0,0.0,False,,disabled_or_unavailable,,null,"[[0.995882296884701, -0.0902568971358322, 0.008493719507057879], [0.09060906018740632, 0.9939959117074013, -0.061336169760814144], [-0.0029067101003971917, 0.06185321356553947, 0.9980810242700782]]",nan,nan,False,,disabled_or_unavailable,2.516740394022845,null,nan
visual_span,67.16,67.68,0.5200000000000102,67.68,29,0,0.0,False,,disabled_or_unavailable,,null,"[[0.9996677098069211, -0.025536475880946277, 0.003515447193093682], [0.025664590683683534, 0.9987371333360598, -0.04319105556372422], [-0.0024080603033490274, 0.043266926112812513, 0.9990606459821767]]",nan,nan,False,,disabled_or_unavailable,2.516740394022845,null,nan
visual_span,67.68,68.32,0.6399999999999864,68.32,29,0,0.0,False,,disabled_or_unavailable,,null,"[[0.9998710771904074, -0.015974788588551156, 0.0016233076250296407], [0.015987503279023103, 0.9998389979832117, -0.008147260326657408], [-0.001492895507933901, 0.008172162594943638, 0.9999654929153926]]",nan,nan,False,,disabled_or_unavailable,2.516740394022845,null,nan
visual_span,68.32,68.88,0.5600000000000023,68.88,29,0,0.0,False,,disabled_or_unavailable,,null,"[[0.9999764676245702, -0.006625149777873126, 0.0017808951422455803], [0.006636487879744244, 0.9999572546883504, -0.006437843176055894], [-0.001738167342039881, 0.006449510567339925, 0.9999776910450217]]",nan,nan,False,,disabled_or_unavailable,2.516740394022845,null,nan
visual_span,68.88,69.44,0.5600000000000023,69.44,28,0,0.0,False,,disabled_or_unavailable,,null,"[[0.9999928773864656, -0.003559327432606635, 0.001255533577817859], [0.0035652580505698864, 0.999982346891179, -0.0047534031012349195], [-0.001238592495690518, 0.004757845545777732, 0.9999879143241645]]",nan,nan,False,,disabled_or_unavailable,2.516740394022845,null,nan
visual_span,69.44,70.12,0.6800000000000068,70.12,28,0,0.0,False,,disabled_or_unavailable,,null,"[[0.9992644351171707, -0.002709618248272093, -0.03825240749168885], [0.0026645449935838003, 0.999995694570573, -0.0012292437895409776], [0.03825557358005171, 0.0011264143401024482, 0.9992673527544045]]",nan,nan,False,,disabled_or_unavailable,2.516740394022845,null,nan
visual_span,70.12,70.28,0.1599999999999966,70.28,29,0,0.0,False,,disabled_or_unavailable,,null,"[[0.9996883657248943, -0.00035882544903794686, -0.02496082287480428], [0.0003561218590613249, 0.9999999302313698, -0.00011275849091100329], [0.024960861593937993, 0.00010383425685455047, 0.9996884237635922]]",nan,nan,False,,disabled_or_unavailable,2.516740394022845,null,nan
visual_span,70.28,70.36,0.0799999999999983,70.36,29,0,0.0,False,,disabled_or_unavailable,,null,"[[0.9999464779729588, -0.00015287426629219842, -0.010344941707623486], [0.0001509126170656579, 0.9999999704857832, -0.00019040434633828542], [0.010344970510225376, 0.00018883297328522279, 0.999946471530977]]",nan,nan,False,,disabled_or_unavailable,2.516740394022845,null,nan
visual_span,70.36,70.52,0.1599999999999966,70.52,26,0,0.0,False,,disabled_or_unavailable,,null,"[[0.9999177103729785, -0.00029678238305041327, -0.012825147277028487], [0.000288342676301363, 0.9999997406930141, -0.000659903330525587], [0.01282533979906122, 0.0006561509900368302, 0.9999175366623575]]",nan,nan,False,,disabled_or_unavailable,2.516740394022845,null,nan
visual_span,70.52,70.8,0.28000000000000114,70.8,29,0,0.0,False,,disabled_or_unavailable,,null,"[[0.9999994847646193, -0.0003340311006763043, -0.0009585894427836531], [0.0003323687856703011, 0.9999984417992756, -0.0017337618092598721], [0.0009591670794743464, 0.0017334423107553919, 0.999998037586209]]",nan,nan,False,,disabled_or_unavailable,2.516740394022845,null,nan
visual_span,70.8,70.96,0.1599999999999966,70.96,28,0,0.0,False,,disabled_or_unavailable,,null,"[[0.9999876037868507, -3.7184728150931086e-05, 0.004979045081987645], [4.2520570388581113e-05, 0.9999994249773602, -0.001071558187926051], [-0.004979002373324082, 0.0010717566164992283, 0.9999870303524548]]",nan,nan,False,,disabled_or_unavailable,2.516740394022845,null,nan
visual_span,70.96,71.12,0.1600000000000108,71.12,29,0,0.0,False,,disabled_or_unavailable,,null,"[[0.9999904094223008, -7.358085188260146e-05, 0.0043790009451231795], [7.596785294196176e-05, 0.9999998486357685, -0.0005449379096231235], [-0.0043789601853034535, 0.0005452653466535918, 0.9999902636493003]]",nan,nan,False,,disabled_or_unavailable,2.516740394022845,null,nan
visual_span,71.12,71.28,0.1599999999999966,71.28,29,0,0.0,False,,disabled_or_unavailable,,null,"[[0.9999976064529353, -6.845628992472695e-05, 0.00218687039786746], [6.887168604138601e-05, 0.9999999796020314, -0.0001898752965933726], [-0.0021868573551013923, 0.0001900254555693689, 0.9999975907697154]]",nan,nan,False,,disabled_or_unavailable,2.516740394022845,null,nan
visual_span,71.28,72.4,1.1200000000000045,72.4,29,0,0.0,False,,disabled_or_unavailable,,null,"[[0.999999042050122, 0.000711998895820999, -0.0011869946968696638], [-0.0007112987907593567, 0.9999995728996313, 0.0005901309897075255], [0.0011874143625168528, -0.0005892861164990947, 0.9999991213941162]]",nan,nan,False,,disabled_or_unavailable,2.516740394022845,null,nan
visual_span,72.4,73.44,1.039999999999992,73.44,38,38,1.0,False,,disabled_or_unavailable,,null,"[[0.999999044617335, 6.940788382845527e-06, 0.0013822865993177768], [-6.834771571047689e-06, 0.9999999970350903, -7.670140265675207e-05], [-0.0013822871275876265, 7.669188176440954e-05, 0.999999041699867]]",nan,nan,False,,disabled_or_unavailable,2.516740394022845,null,nan
visual_span,73.44,74.56,1.1200000000000045,74.56,30,30,1.0,False,,disabled_or_unavailable,,null,"[[0.9999994171235953, -0.0005633074242289911, 0.0009211065170948432], [0.0005632952580599642, 0.9999998412585258, 1.346758497581339e-05], [-0.0009211139572676398, -1.2948722192628222e-05, 0.9999995756906143]]",nan,nan,False,,disabled_or_unavailable,2.516740394022845,null,nan
visual_span,74.56,74.6,0.03999999999999204,74.6,26,0,0.0,False,,disabled_or_unavailable,,null,"[[0.9999999954869759, -4.778461048827849e-05, 8.211382090179355e-05], [4.777439899396205e-05, 0.9999999911266877, 0.00012435526447963208], [-8.211976244104729e-05, -0.00012435134097997107, 0.9999999888965445]]",nan,nan,False,,disabled_or_unavailable,2.516740394022845,null,nan
visual_span,74.6,75.6,1.0,75.6,39,39,1.0,False,,disabled_or_unavailable,,null,"[[0.9999998509286528, -0.000137900428233539, -0.0005283239003739006], [0.0001378164392552207, 0.9999999778619204, -0.0001590056211548367], [0.0005283458156210729, 0.0001589327857329316, 0.9999998477955226]]",nan,nan,False,,disabled_or_unavailable,2.516740394022845,null,nan
visual_span,75.6,76.64,1.0400000000000063,76.64,43,43,1.0,False,,disabled_or_unavailable,,null,"[[0.9999998534471144, -0.0004515055447990243, -0.00029874486319507926], [0.00045172414735975333, 0.9999996300062455, 0.000732074222613873], [0.000298414217090631, -0.000732209065594888, 0.9999996874093711]]",nan,nan,False,,disabled_or_unavailable,2.516740394022845,null,nan
visual_span,76.64,77.72,1.0799999999999983,77.72,49,49,1.0,False,,disabled_or_unavailable,,null,"[[0.9999952185954409, -0.0010923258226675585, -0.002893027921337265], [0.0010949870821441755, 0.9999989787138637, 0.0009184631292396772], [0.00289202170573472, -0.0009216265658980304, 0.999995393396853]]",nan,nan,False,,disabled_or_unavailable,2.516740394022845,null,nan
visual_span,77.72,78.76,1.0400000000000063,78.76,46,46,1.0,False,,disabled_or_unavailable,,null,"[[0.9999949567596002, -0.0014983801321649072, -0.0028002343376357566], [0.0014981190403696078, 0.9999988732747037, -9.533448803954182e-05], [0.00280037402984368, 9.11389228660913e-05, 0.9999960747917915]]",nan,nan,False,,disabled_or_unavailable,2.516740394022845,null,nan
