timestamp_sim_s,gt_x,gt_y,gt_z,gt_vx,gt_vy,gt_vz,gt_roll,gt_pitch,gt_yaw,est_x,est_y,est_z,est_vx,est_vy,est_vz,est_roll,est_pitch,est_yaw,gps_x_lat_deg,gps_y_lon_deg,gps_z_alt_m,gnss_available,barometer_pa,imu_ax,imu_ay,imu_az,imu_gx,imu_gy,imu_gz
0.1,2.6509683337394563e-11,5.070964041218754e-20,0.029641980835759918,2.933648448787333e-10,-4.9191872785971817e-20,0.0009997873051000726,-2.538913990698178e-18,8.836660292388387e-10,-2.649720825074589e-20,nan,nan,nan,nan,nan,nan,nan,nan,nan,25.032999012156363,121.5654043016467,6.610059590156579,1,101309.59383701833,0.016260310930340853,0.024178962272164123,9.799505377404483,0.008332644743635336,0.01980241875252922,0.0024307317986174137
0.2,5.593059348996121e-11,5.552543831284542e-20,0.029741959566269936,2.923843141875241e-10,8.132447501125765e-20,0.0009997873051000726,-2.5794068572787273e-18,1.864405074769593e-09,-1.746320504743475e-20,nan,nan,nan,nan,nan,nan,nan,nan,nan,25.032999012156363,121.5654043016467,6.610059590156579,1,101321.58495071603,0.08493985835097648,0.056357213734993396,9.797290212242705,0.011261559826767322,0.012292204597703079,0.005511146218573514
0.30000000000000004,8.535150364252786e-11,5.158394593007932e-20,0.02984193829677995,2.914037834907194e-10,-8.392955364256394e-20,0.000999787305100073,-2.378964704519157e-18,2.8451445643895568e-09,-2.266845765295962e-20,nan,nan,nan,nan,nan,nan,nan,nan,nan,25.032999012156363,121.5654043016467,6.610059590156579,1,101320.3317884894,0.0634669100764304,0.02480962261910066,9.802749735867291,0.000822198419902687,0.009653035962444758,0.00538229341654757
0.4,7.794981327080563e-11,2.999380293925812e-20,0.029934377724887797,-5.151835186450871e-10,1.1386730231027314e-19,0.0006935822437131853,-1.1207105009883118e-18,2.5984476792473288e-09,-1.3904063157866584e-20,nan,nan,nan,nan,nan,nan,nan,nan,nan,25.032999012156363,121.5654043016467,6.610059590156579,1,101318.70983988555,0.07505079739624418,0.003306502051433617,9.78757437780506,0.006823474977698906,0.01771943018721679,0.0027021894696053978
0.5,4.7175319206615995e-11,3.492999452722926e-20,0.02997596664614939,-2.484712707597894e-10,-7.281793435966053e-19,0.0003351459557432431,-8.117172329481845e-20,1.5726278057570653e-09,2.123558373527639e-20,nan,nan,nan,nan,nan,nan,nan,nan,nan,25.032999012156363,121.5654043016467,6.610059590156579,1,101335.60879124985,-0.01791061654852963,0.023353611306482426,9.80156748582215,0.014195344558678992,0.022212893520631403,0.005057770359595436
0.6000000000000001,3.604755383079805e-11,2.129793430650951e-20,0.02999101107664806,-7.765284619756517e-11,8.349271643237427e-20,0.00010482859660633495,1.299453752701653e-18,1.2016987405161217e-09,3.8547536454254907e-20,nan,nan,nan,nan,nan,nan,nan,nan,nan,25.032999012156363,121.5654043016467,6.610059590156579,1,101319.53940917656,0.07381366172027586,-0.009501685283225873,9.803115529344202,0.012355904119519853,0.020254630490599352,0.003360217246042665
0.7000000000000001,3.226752198770555e-11,2.787237769832545e-20,0.029996123635354675,0.0,0.0,0.0,1.1932687841893128e-18,1.0756942003808945e-09,5.13698411612138e-20,nan,nan,nan,nan,nan,nan,nan,nan,nan,25.032999012156363,121.5654043016467,6.610059590156579,1,101305.4033700152,0.03826578888388246,0.013481625097430994,9.800918346096813,0.012873345625484164,0.01724246182191928,0.0029732262236736398
0.8,3.078642896170436e-11,3.7784260604285445e-20,0.02999812773980606,0.0,0.0,0.0,7.217639002754439e-19,1.0263172534052956e-09,4.8807298302669824e-20,nan,nan,nan,nan,nan,nan,nan,nan,nan,25.032999012156363,121.5654043016467,6.610059590156579,1,101335.04749076045,0.10520713802582429,0.013490049257396873,9.805071569937857,0.02140062299281456,0.0166931541785317,0.003275173235167679
0.9,3.0042968113264124e-11,4.1062264043350927e-20,0.0299991335502575,0.0,0.0,0.0,6.008798259710597e-19,1.0015439588784147e-09,4.8545740576734306e-20,nan,nan,nan,nan,nan,nan,nan,nan,nan,25.032999012156363,121.5654043016467,6.610059590156579,1,101332.18396071035,0.034143327808860084,0.010002443622953935,9.79704397655388,0.010572132277933587,0.020678784855971775,0.004632764607753137
1.0,3.0042968113264124e-11,4.1062264043350927e-20,0.0299991335502575,0.0,0.0,0.0,6.008798259710597e-19,1.0015439588784147e-09,4.8545740576734306e-20,nan,nan,nan,nan,nan,nan,nan,nan,nan,25.032999012156363,121.5654043016467,6.610059590156579,1,101319.54911597319,0.07341295570003917,0.015674492531694454,9.800418822505632,0.008048752248175403,0.01783733960279259,0.004226854677613607
1.1,3.0042968113264124e-11,4.1062264043350927e-20,0.0299991335502575,0.0,0.0,0.0,6.008798259710597e-19,1.0015439588784147e-09,4.8545740576734306e-20,nan,nan,nan,nan,nan,nan,nan,nan,nan,25.03299213736353,121.56539743984716,14.761726175367865,1,101327.22498112456,0.11836269670258438,-0.002442868413393971,9.791040914683085,0.0040865283602409645,0.01900215653422133,0.004252475161458281
1.2000000000000002,3.0042968113264124e-11,4.1062264043350927e-20,0.0299991335502575,0.0,0.0,0.0,6.008798259710597e-19,1.0015439588784147e-09,4.8545740576734306e-20,nan,nan,nan,nan,nan,nan,nan,nan,nan,25.03299213736353,121.56539743984716,14.761726175367865,1,101321.49410951351,0.06804025598590935,0.04644777169818422,9.8032654781075,0.009603286220679588,0.01049286051147151,0.0035600213046099783
1.3,3.0042968113264124e-11,4.1062264043350927e-20,0.0299991335502575,0.0,0.0,0.0,6.008798259710597e-19,1.0015439588784147e-09,4.8545740576734306e-20,nan,nan,nan,nan,nan,nan,nan,nan,nan,25.03299213736353,121.56539743984716,14.761726175367865,1,101329.84927291295,0.08972558293161706,-0.0064886692088068215,9.792084177707698,0.0071181437273221265,0.013440922789688545,0.003788953741822888
1.4000000000000001,3.0042968113264124e-11,4.1062264043350927e-20,0.0299991335502575,0.0,0.0,0.0,6.008798259710597e-19,1.0015439588784147e-09,4.8545740576734306e-20,nan,nan,nan,nan,nan,nan,nan,nan,nan,25.03299213736353,121.56539743984716,14.761726175367865,1,101331.08573050822,0.0416133947838863,0.017939762569716612,9.806897379463074,0.006030676112795586,0.019334585664153747,0.0027673632145762
1.5,3.0042968113264124e-11,4.1062264043350927e-20,0.0299991335502575,0.0,0.0,0.0,6.008798259710597e-19,1.0015439588784147e-09,4.8545740576734306e-20,nan,nan,nan,nan,nan,nan,nan,nan,nan,25.03299213736353,121.56539743984716,14.761726175367865,1,101317.81604598962,0.09864158964364733,0.0627274283451128,9.787098187000453,0.012025143279803831,0.02255295875000988,0.0035590936948891
1.6,3.0042968113264124e-11,4.1062264043350927e-20,0.0299991335502575,0.0,0.0,0.0,6.008798259710597e-19,1.0015439588784147e-09,4.8545740576734306e-20,nan,nan,nan,nan,nan,nan,nan,nan,nan,25.03299213736353,121.56539743984716,14.761726175367865,1,101308.71501454325,0.03409045686327121,0.002639539608025529,9.79664555680607,0.0029775169139812834,0.019739937586180555,0.0009182630062885095
1.7000000000000002,3.0042968113264124e-11,4.1062264043350927e-20,0.0299991335502575,0.0,0.0,0.0,6.008798259710597e-19,1.0015439588784147e-09,4.8545740576734306e-20,nan,nan,nan,nan,nan,nan,nan,nan,nan,25.03299213736353,121.56539743984716,14.761726175367865,1,101315.32286904151,-0.024390195715372785,0.004827656016351009,9.791635032288266,0.013290569683541475,0.015069604613335508,0.002483965545117337
1.8,3.0042968113264124e-11,4.1062264043350927e-20,0.0299991335502575,0.0,0.0,0.0,6.008798259710597e-19,1.0015439588784147e-09,4.8545740576734306e-20,nan,nan,nan,nan,nan,nan,nan,nan,nan,25.03299213736353,121.56539743984716,14.761726175367865,1,101320.39702483425,0.04270318787443458,0.0020102016848433067,9.793312435816791,0.014964657957598396,0.011826712739782527,0.003157969068959733
1.9000000000000001,3.0042968113264124e-11,4.1062264043350927e-20,0.0299991335502575,0.0,0.0,0.0,6.008798259710597e-19,1.0015439588784147e-09,4.8545740576734306e-20,nan,nan,nan,nan,nan,nan,nan,nan,nan,25.03299213736353,121.56539743984716,14.761726175367865,1,101322.53689730521,0.06683369028926059,-0.02408223169478672,9.80652522323609,0.006780390726892987,0.02021273625077469,0.003951125427928515
2.0,3.0042968113264124e-11,4.1062264043350927e-20,0.0299991335502575,0.0,0.0,0.0,6.008798259710597e-19,1.0015439588784147e-09,4.8545740576734306e-20,nan,nan,nan,nan,nan,nan,nan,nan,nan,25.03299213736353,121.56539743984716,14.761726175367865,1,101328.31490021493,0.12497843785357957,0.016466666015406733,9.798374883321843,0.014232935272881126,0.018450216670714024,0.003005567473501385
2.1,3.0042968113264124e-11,4.1062264043350927e-20,0.0299991335502575,0.0,0.0,0.0,6.008798259710597e-19,1.0015439588784147e-09,4.8545740576734306e-20,-0.4079636850877082,2.6352048752037995,-3.3484425494712977,0.0003930428954991356,0.0008358145860263232,0.0001495223401771821,0.0013262331598209599,-0.005147065537015605,0.00014311272548578444,25.033023788757436,121.5653959572527,6.6515469751569345,1,101331.16587846592,0.05968019951324119,0.03326900124750343,9.79662250029437,0.014721395916546153,0.01877466438663963,0.0033250756533683224
2.2,3.0042968113264124e-11,4.1062264043350927e-20,0.0299991335502575,0.0,0.0,0.0,6.008798259710597e-19,1.0015439588784147e-09,4.8545740576734306e-20,-0.4078228757377461,2.635316407191148,-3.3484262173311965,0.0026167503883396887,0.0011785231718970228,0.0002202195190280596,0.0012776496055782079,-0.0049730804159910935,0.0001303203179359024,25.033023788757436,121.5653959572527,6.6515469751569345,1,101325.94285926443,-0.0030689769704247763,-0.020679395391533042,9.803100403864425,0.0020735010934002235,0.011779564157993992,0.00774829638462601
2.301,3.0042968113264124e-11,4.1062264043350927e-20,0.0299991335502575,0.0,0.0,0.0,6.008798259710597e-19,1.0015439588784147e-09,4.8545740576734306e-20,-0.4075633997699748,2.6354640297144756,-3.348381103490587,0.00276652595094973,0.0017410035971233543,0.0005619731691620584,0.0011862943594374063,-0.004821694533900578,0.0001277663990226221,25.033023788757436,121.5653959572527,6.6515469751569345,1,101326.94265079826,0.0848279594430592,0.0019933958376419907,9.80100112945561,0.012589261819419016,0.01644072635530159,0.0032230865803925266
2.4000000000000004,3.0042968113264124e-11,4.1062264043350927e-20,0.0299991335502575,0.0,0.0,0.0,6.008798259710597e-19,1.0015439588784147e-09,4.8545740576734306e-20,-0.40731579028291726,2.635603656325964,-3.348311528710532,0.0028434416462557463,0.001097278952753472,0.0008054727449821671,0.001142226216957953,-0.0047258555284204196,0.00012395353573980159,25.033023788757436,121.5653959572527,6.6515469751569345,1,101334.5557371573,0.0905384649876747,5.4760119684416075e-05,9.788556352311655,0.012537883733701596,0.022298239195131152,0.0066375868442307955
2.5,3.0042968113264124e-11,4.1062264043350927e-20,0.0299991335502575,0.0,0.0,0.0,6.008798259710597e-19,1.0015439588784147e-09,4.8545740576734306e-20,-0.40691274760916596,2.6358087990612162,-3.3935936297134868,0.005027323179734006,0.0022749327345251108,0.0005775695435343836,0.0010841744190066723,-0.004609895441969547,0.00018794203047122453,25.033023788757436,121.5653959572527,6.6515469751569345,1,101330.6496671436,0.13208098891456294,-0.001155101303944299,9.79741533105352,0.014389069607098483,0.01700302973849685,0.00548567116288265
2.6,3.0042968113264124e-11,4.1062264043350927e-20,0.0299991335502575,0.0,0.0,0.0,6.008798259710597e-19,1.0015439588784147e-09,4.8545740576734306e-20,-0.40644762530565043,2.6361207149328414,-3.393536919352477,0.003898076817821256,0.0035187810902037116,0.0005441799738852836,0.0010169673324706653,-0.004611201861834058,0.00016983866248314994,25.033023788757436,121.5653959572527,6.6515469751569345,1,101329.31327651061,0.07309631693043363,0.007803607882472526,9.796457169274438,0.0076137355178204375,0.014374802263346989,0.004641059966303552
2.7,3.0042968113264124e-11,4.1062264043350927e-20,0.0299991335502575,0.0,0.0,0.0,6.008798259710597e-19,1.0015439588784147e-09,4.8545740576734306e-20,-0.4061202178287477,2.6365206168491944,-3.2853256109354074,0.002675851095217218,0.004623481936714998,0.003927155166236599,0.001081228621159605,-0.004783587023625913,0.00025163792422763066,25.033023788757436,121.5653959572527,6.6515469751569345,1,101313.64990652369,-0.001402218532774717,0.02268832615625525,9.803112823083186,0.013434130799046241,0.020788803164283894,0.004256545776981426
2.8000000000000003,3.0042968113264124e-11,4.1062264043350927e-20,0.0299991335502575,0.0,0.0,0.0,6.008798259710597e-19,1.0015439588784147e-09,4.8545740576734306e-20,-0.40592943450811136,2.6369732062543627,-3.2849101163922554,0.0026183011936949316,0.004605256570619484,0.0042461254444549545,0.0011704479010056015,-0.004702532520527658,0.00039808595576134535,25.033023788757436,121.5653959572527,6.6515469751569345,1,101328.40410207781,0.05345028646591562,0.04065017741867988,9.778943057056583,0.015564651374198173,0.015172567942576131,0.004486188232214307
2.9000000000000004,3.0042968113264124e-11,4.1062264043350927e-20,0.0299991335502575,0.0,0.0,0.0,6.008798259710597e-19,1.0015439588784147e-09,4.8545740576734306e-20,-0.40557609183645316,2.637477929669054,-3.208298465834444,0.003715213425665945,0.005498146996213332,0.009613239586073588,0.0012159730461268224,-0.0046019557905061514,0.0004171332840673091,25.033023788757436,121.5653959572527,6.6515469751569345,1,101312.599728505,0.051816801293332874,-0.004773398678157202,9.79080576755381,0.009231211554422698,0.02058543144552272,0.002074570612267056
3.0,3.0042968113264124e-11,4.1062264043350927e-20,0.0299991335502575,0.0,0.0,0.0,6.008798259710597e-19,1.0015439588784147e-09,4.8545740576734306e-20,-0.4053082474706721,2.6380326904861073,-3.207314543628588,0.0017507374763470495,0.00610250652385757,0.0099573847048591,0.0010210626072996289,-0.0042336522844910185,0.0006008609766007087,25.033023788757436,121.5653959572527,6.6515469751569345,1,101321.00353812089,-0.01845086651641123,0.012266615165765831,9.804507906510608,0.009539563819418138,0.017839065265424274,0.006521819876598168
3.1,3.0042968113264124e-11,4.1062264043350927e-20,0.0299991335502575,0.0,0.0,0.0,6.008798259710597e-19,1.0015439588784147e-09,4.8545740576734306e-20,-0.180702314548233,2.3222355680561604,-3.181245520100902,0.008369755645795125,0.00020874501633334552,0.01337848041160814,0.001270931460722715,-0.0042981005367812575,0.0007081420316262257,25.032995676221518,121.56541788446016,13.211449003843185,1,101336.64145257944,0.07570395274942404,0.003156907210745361,9.800626349277975,0.013779216126981825,0.01589839045911716,0.0051958157335318484
3.2,3.0042968113264124e-11,4.1062264043350927e-20,0.0299991335502575,0.0,0.0,0.0,6.008798259710597e-19,1.0015439588784147e-09,4.8545740576734306e-20,-0.17982228579746753,2.3222768303321946,-3.1798814066832595,0.009433272587291762,0.0003754904940397351,0.013981213655904148,0.001399451329979786,-0.004175277571319969,0.0008999581805178704,25.032995676221518,121.56541788446016,13.211449003843185,1,101333.75735032589,0.06439572033528598,0.023404663541145756,9.797996229079898,0.013322487329710994,0.016004460922041826,0.007701336265276767
3.3000000000000003,3.0042968113264124e-11,4.1062264043350927e-20,0.0299991335502575,0.0,0.0,0.0,6.008798259710597e-19,1.0015439588784147e-09,4.8545740576734306e-20,-0.17880767648997417,2.3223405712380227,-3.1259850900080712,0.00977568091335206,0.0006196029484003537,0.024901056519165816,0.0014413237014805624,-0.004237824011984026,0.0010397128293094054,25.032995676221518,121.56541788446016,13.211449003843185,1,101337.52641294526,0.0053489060136709815,0.002407536374721315,9.79526591581217,0.008739776170736537,0.006068321921847879,0.007636878583028932
3.4000000000000004,3.0042968113264124e-11,4.1062264043350927e-20,0.0299991335502575,0.0,0.0,0.0,6.008798259710597e-19,1.0015439588784147e-09,4.8545740576734306e-20,-0.17780933684301195,2.3224141140280015,-3.1234429983825107,0.010059898489841396,0.0007332250627124067,0.025886907166416624,0.0014966415740798168,-0.004178147282576372,0.0010087136917321367,25.032995676221518,121.56541788446016,13.211449003843185,1,101317.560575137,0.04257268178989262,0.05265126944816517,9.793552427179051,0.01313539909324368,0.013789970301862813,0.006113214507678024
3.5010000000000003,3.0042968113264124e-11,4.1062264043350927e-20,0.0299991335502575,0.0,0.0,0.0,6.008798259710597e-19,1.0015439588784147e-09,4.8545740576734306e-20,-0.17681119214629223,2.3225359283934615,-3.1736864473624893,0.010403096033420987,0.0017248355774669257,0.011346993255327044,0.0013401550612485266,-0.004228633767578316,0.0010608755534287843,25.032995676221518,121.56541788446016,13.211449003843185,1,101313.42677988588,0.04912655864672434,-0.019295389300127308,9.805791862492734,0.015003001315276574,0.01662142307648428,0.005483458986965373
3.6,3.0042968113264124e-11,4.1062264043350927e-20,0.0299991335502575,0.0,0.0,0.0,6.008798259710597e-19,1.0015439588784147e-09,4.8545740576734306e-20,-0.1757714436833891,2.3227219982357177,-3.1725229359578906,0.01041708642690938,0.0023534202821089453,0.011727612839506438,0.0013798566651650683,-0.004190359293392953,0.0011804536633913652,25.032995676221518,121.56541788446016,13.211449003843185,1,101328.84249787008,0.04881193833392122,0.004945193750929534,9.796772844082126,0.003602471659278742,0.01623385364605688,0.003637004539851835
3.7,3.0042968113264124e-11,4.1062264043350927e-20,0.0299991335502575,0.0,0.0,0.0,6.008798259710597e-19,1.0015439588784147e-09,4.8545740576734306e-20,-0.17457100534686193,2.3229528324715347,-3.158651571226498,0.012622357950794404,0.0021461858965482255,0.01718265707835344,0.0013045831405000853,-0.004018163935056274,0.0011592607249190654,25.032995676221518,121.56541788446016,13.211449003843185,1,101337.8602903206,0.01654193074694261,0.025035223973374512,9.791033897773476,0.014860446557806445,0.00841420730235391,0.0026519008988717327
3.8000000000000003,3.0042968113264124e-11,4.1062264043350927e-20,0.0299991335502575,0.0,0.0,0.0,6.008798259710597e-19,1.0015439588784147e-09,4.8545740576734306e-20,-0.1733267488235096,2.323206104369833,-3.1569188557568717,0.01195011458943106,0.002573862022599236,0.017443774515833094,0.0013820948831057816,-0.003917508074417819,0.0014130433645558886,25.032995676221518,121.56541788446016,13.211449003843185,1,101297.59039568757,0.09112826198217122,0.019878222695517006,9.782788734870932,0.007704370180259436,0.02313036103998374,0.008096515495525883
3.9000000000000004,3.0042968113264124e-11,4.1062264043350927e-20,0.0299991335502575,0.0,0.0,0.0,6.008798259710597e-19,1.0015439588784147e-09,4.8545740576734306e-20,-0.1719365624078085,2.3234773482893796,-3.1551533240331504,0.015487294752566404,0.0033648369115039417,0.01799116756907275,0.0010983677620160274,-0.0036503789943251874,0.0015665407006267705,25.032995676221518,121.56541788446016,13.211449003843185,1,101323.73452251224,-0.01971934917122309,0.013895426925231599,9.799907508880908,0.009333482194247228,0.017383152215140935,0.004035037651133547
4.0,3.0042968113264124e-11,4.1062264043350927e-20,0.0299991335502575,0.0,0.0,0.0,6.008798259710597e-19,1.0015439588784147e-09,4.8545740576734306e-20,-0.17037897175296615,2.323767548851497,-3.153318920889127,0.01743129252365445,0.0028120783686899423,0.01868833588182958,0.0010937478549663464,-0.0033278223828878684,0.001680609390276873,25.032995676221518,121.56541788446016,13.211449003843185,1,101332.07637431579,0.08687198080217015,0.0059580561058371565,9.79301588555406,0.01073858708718864,0.016577198669198673,0.0047846078950122386
4.1000000000000005,3.0042968113264124e-11,4.1062264043350927e-20,0.0299991335502575,0.0,0.0,0.0,6.008798259710597e-19,1.0015439588784147e-09,4.8545740576734306e-20,-0.21027632444803704,2.469482254856398,-3.1707675258997807,0.012921123842195117,0.018036485817896145,0.008459926834257961,0.0007665866550664385,-0.0036760703768419223,0.0017598447967667266,25.03303379098844,121.56539428666686,5.810877551487938,1,101312.21041930707,-0.004677347516236677,0.019702680278306677,9.80126275052852,0.0069559356577119005,0.013870482055695731,0.0015489504229181969
4.2,3.0042968113264124e-11,4.1062264043350927e-20,0.0299991335502575,0.0,0.0,0.0,6.008798259710597e-19,1.0015439588784147e-09,4.8545740576734306e-20,-0.2089286908643715,2.4713575970248263,-3.1699033871041253,0.014694993801658493,0.019404410406886927,0.008748151203120523,0.0008234682825758135,-0.0034732674410473674,0.0019072481430029691,25.03303379098844,121.56539428666686,5.810877551487938,1,101312.41034201987,0.039502164380114446,0.038865512963862425,9.80112529656149,0.00447647507766362,0.011572792591840145,0.009219920630212281
4.300000000000001,3.0042968113264124e-11,4.1062264043350927e-20,0.0299991335502575,0.0,0.0,0.0,6.008798259710597e-19,1.0015439588784147e-09,4.8545740576734306e-20,-0.20748289990143243,2.4733189699035316,-3.0725540295626046,0.014940194512709582,0.019912936409451586,0.0666985571890045,0.0009433448181965607,-0.0035443179602279162,0.002047578674745229,25.03303379098844,121.56539428666686,5.810877551487938,1,101319.07826150887,0.03193983011293325,0.001187203009446379,9.789821522051781,0.006107764841389703,0.01923442173368102,0.005970135920783114
4.4,3.0042968113264124e-11,4.1062264043350927e-20,0.0299991335502575,0.0,0.0,0.0,6.008798259710597e-19,1.0015439588784147e-09,4.8545740576734306e-20,-0.20597514805501696,2.475372346321964,-3.065761870109774,0.016956031253778845,0.02128395622829254,0.0691906588280233,0.0008250267720371775,-0.0033783308406420964,0.0020623362117187767,25.03303379098844,121.56539428666686,5.810877551487938,1,101333.13340065292,-0.009272959970368755,0.005521005399654402,9.805145586706631,0.01212634744722825,0.013512022939552962,0.004835489661473485
4.5,3.0042968113264124e-11,4.1062264043350927e-20,0.0299991335502575,0.0,0.0,0.0,6.008798259710597e-19,1.0015439588784147e-09,4.8545740576734306e-20,-0.20432100283892574,2.477555910450733,-3.007035607173554,0.0170787335990124,0.022642367018873486,0.10410485593713689,0.0009737767306924039,-0.0031368493266552555,0.0022210244879687863,25.03303379098844,121.56539428666686,5.810877551487938,1,101324.84977740655,-0.017450133138623924,0.033249652678350575,9.797325946177192,0.007293367444055874,0.015576613381310719,0.006745907787573904
4.6000000000000005,3.0042968113264124e-11,4.1062264043350927e-20,0.0299991335502575,0.0,0.0,0.0,6.008798259710597e-19,1.0015439588784147e-09,4.8545740576734306e-20,-0.20252959864534661,2.4799355288640923,-2.9964476826703814,0.019234545109696743,0.02450582984338425,0.1077281806026164,0.0011253011097750003,-0.003098604014903472,0.002265227013322246,25.03303379098844,121.56539428666686,5.810877551487938,1,101337.44811063322,0.06926367122168003,-0.0023448039790371737,9.79720855658168,0.011066071497446787,0.02026682641587473,0.008327754185197227
4.7,3.0042968113264124e-11,4.1062264043350927e-20,0.0299991335502575,0.0,0.0,0.0,6.008798259710597e-19,1.0015439588784147e-09,4.8545740576734306e-20,-0.20055385787887714,2.482336177371801,-2.8343020595625847,0.021116314759897812,0.024591036045343594,0.20896177307729766,0.0013904994951215123,-0.003171058164095353,0.0022682575757205295,25.03303379098844,121.56539428666686,5.810877551487938,1,101319.5800386117,0.029791914148625462,-0.026633538699667225,9.799942599172722,0.013849296191334418,0.019702878242004816,0.007053674093013473
4.800000000000001,3.0042968113264124e-11,4.1062264043350927e-20,0.0299991335502575,0.0,0.0,0.0,6.008798259710597e-19,1.0015439588784147e-09,4.8545740576734306e-20,-0.19842297436153053,2.48479526813725,-2.81306932890759,0.022341418935054164,0.024497523508413152,0.21564260146514122,0.001708187811656367,-0.003172670931604671,0.002324340243781106,25.03303379098844,121.56539428666686,5.810877551487938,1,101328.65200756803,0.10334088249492886,-0.0030683977933291737,9.806100783596047,0.016423989658924873,0.01890739921596244,0.0035102458148102062
4.9,3.0042968113264124e-11,4.1062264043350927e-20,0.0299991335502575,0.0,0.0,0.0,6.008798259710597e-19,1.0015439588784147e-09,4.8545740576734306e-20,-0.1960357274835256,2.4872261634775854,-2.8226347673443257,0.024758309319442322,0.023566095753671645,0.20172603608030254,0.001764968219022859,-0.0029218472220207126,0.0023510001836080595,25.03303379098844,121.56539428666686,5.810877551487938,1,101322.3807329226,0.0546473453451889,0.000531582666497412,9.798286192696441,0.01236270992830585,0.021206273310169187,0.003379281894487641
5.0,3.0042968113264124e-11,4.1062264043350927e-20,0.0299991335502575,0.0,0.0,0.0,6.008798259710597e-19,1.0015439588784147e-09,4.8545740576734306e-20,-0.19355432796565966,2.4895948320467034,-2.802161829268256,0.02590535368487101,0.023765855422093248,0.2077081073274874,0.0017993485646874811,-0.002489749989031953,0.002483384440659905,25.03303379098844,121.56539428666686,5.810877551487938,1,101325.71434655135,0.14314646103780665,0.01945463963002733,9.799397964017261,0.012075923068428992,0.015317822674637209,0.0025560584197527408
5.1000000000000005,3.0042968113264124e-11,4.1062264043350927e-20,0.0299991335502575,0.0,0.0,0.0,6.008798259710597e-19,1.0015439588784147e-09,4.8545740576734306e-20,-0.19337239404931786,2.5754013195748477,-2.7497649324077997,0.027582959045196285,0.04563803065829074,0.23380564603645299,0.0014450334894633124,-0.0025908450450651266,0.0025482633091474627,25.033028227057887,121.56539789109118,12.299629614144795,1,101334.51431031481,0.01560611407857132,0.04865715032032232,9.804822389349619,0.009912971661311274,0.013323549816907221,0.005788661539193323
5.2,3.0042968113264124e-11,4.1062264043350927e-20,0.0299991335502575,0.0,0.0,0.0,6.008798259710597e-19,1.0015439588784147e-09,4.8545740576734306e-20,-0.19050999999147153,2.5800644161221755,-2.726035723929459,0.030522817269233084,0.04758806744531125,0.24080504974086622,0.001567628596236578,-0.0027127230931571766,0.0026145712720607676,25.033028227057887,121.56539789109118,12.299629614144795,1,101317.84160156018,0.0748095427988383,0.02213600939295715,9.79726392706006,0.008591446259909881,0.0128774752214852,0.00598479592465118
5.300000000000001,3.0042968113264124e-11,4.1062264043350927e-20,0.0299991335502575,0.0,0.0,0.0,6.008798259710597e-19,1.0015439588784147e-09,4.8545740576734306e-20,-0.18719679032384315,2.584809226230399,-2.745343704695847,0.03580937348520546,0.04733850706258417,0.21993366598778932,0.0016427047211572845,-0.0026012644910815563,0.002742551472391356,25.033028227057887,121.56539789109118,12.299629614144795,1,101326.86827472998,0.07598361826713212,0.0073601379690961324,9.801734320414782,0.004536138743440788,0.014550507773807179,0.005350433071445014
5.4,3.0042968113264124e-11,4.1062264043350927e-20,0.0299991335502575,0.0,0.0,0.0,6.008798259710597e-19,1.0015439588784147e-09,4.8545740576734306e-20,-0.18353817322643626,2.5895799862634377,-2.723023499999458,0.03690186437637615,0.0480246620442194,0.22648613189264588,0.0015978999229772843,-0.002611361029906556,0.002822326795160182,25.033028227057887,121.56539789109118,12.299629614144795,1,101319.52093235547,0.04193828721990664,0.03432943008144611,9.802822035300752,0.014681355947572115,0.02329355487425084,0.008047121261583643
5.501,3.0042968113264124e-11,4.1062264043350927e-20,0.0299991335502575,0.0,0.0,0.0,6.008798259710597e-19,1.0015439588784147e-09,4.8545740576734306e-20,-0.17993096802834901,2.594403964852158,-2.591607608295533,0.03816499104721511,0.04972822134789314,0.2995708866671476,0.0018619214831832771,-0.0025458046088298047,0.003003952488197204,25.033028227057887,121.56539789109118,12.299629614144795,1,101305.20294768165,0.10773605030843128,0.06763787363381389,9.798997700305643,0.010554292050518197,0.028426734755063535,0.00452378648948499
5.6000000000000005,3.0042968113264124e-11,4.1062264043350927e-20,0.0299991335502575,0.0,0.0,0.0,6.008798259710597e-19,1.0015439588784147e-09,4.8545740576734306e-20,-0.17592918897773574,2.5994125804256054,-2.561259338075147,0.041959212154584154,0.05020772210035953,0.30746904308388845,0.002072755211258311,-0.002474068758046677,0.003170836311184244,25.033028227057887,121.56539789109118,12.299629614144795,1,101332.02300448106,0.12008572031547028,0.041503948594867335,9.798290607514385,0.010484752931680504,0.01718090930325289,0.0039934772953325315
5.7,3.0042968113264124e-11,4.1062264043350927e-20,0.0299991335502575,0.0,0.0,0.0,6.008798259710597e-19,1.0015439588784147e-09,4.8545740576734306e-20,-0.17131854527017562,2.6045656347149477,-2.6790995400915474,0.045494203300845935,0.05135142351417648,0.22582385097224175,0.002056039229954753,-0.002479881245573079,0.0032067976137381176,25.033028227057887,121.56539789109118,12.299629614144795,1,101334.12892926171,0.048383919735760776,0.024080441380991427,9.801646158312309,0.007629720154797346,0.012532069436173602,0.005182462270410206
5.800000000000001,3.0042968113264124e-11,4.1062264043350927e-20,0.0299991335502575,0.0,0.0,0.0,6.008798259710597e-19,1.0015439588784147e-09,4.8545740576734306e-20,-0.16656744500414256,2.6097291507479983,-2.6562326256277218,0.04934221167766179,0.05137400065216095,0.23159050824758073,0.0021894137702728306,-0.002378493870163645,0.003223576340189121,25.033028227057887,121.56539789109118,12.299629614144795,1,101325.8469963938,0.051558654514265695,0.03975368516684989,9.800010368624035,0.01644896709750852,0.010865790195177846,0.003631975682334921
5.9,3.0042968113264124e-11,4.1062264043350927e-20,0.0299991335502575,0.0,0.0,0.0,6.008798259710597e-19,1.0015439588784147e-09,4.8545740576734306e-20,-0.16155920663036918,2.6149202824916498,-2.6018731796396786,0.05285315293188938,0.052500714510418864,0.2550183499869826,0.002262926854137726,-0.0023796737259125234,0.0032820852442113557,25.033028227057887,121.56539789109118,12.299629614144795,1,101335.38943169024,-0.020613357603826377,0.02784622482628729,9.800262579885192,0.008066055098890757,0.017492761570955605,0.004036325025457105
6.0,3.0042968113264124e-11,4.1062264043350927e-20,0.0299991335502575,0.0,0.0,0.0,6.008798259710597e-19,1.0015439588784147e-09,4.8545740576734306e-20,-0.15613415540354392,2.620181952599712,-2.5760805944432237,0.05505098729345706,0.05239214667880016,0.2609599971083897,0.0022443352360904537,-0.002393184629219336,0.0033802369585493068,25.033028227057887,121.56539789109118,12.299629614144795,1,101336.51561741145,0.009381404401561273,-0.01391870705447391,9.800829530536356,0.009377452452161527,0.022130406103419983,0.0022946730433024134
6.1000000000000005,3.0042968113264124e-11,4.1062264043350927e-20,0.0299991335502575,0.0,0.0,0.0,6.008798259710597e-19,1.0015439588784147e-09,4.8545740576734306e-20,-0.2412017691102453,2.280771453558148,-2.7797615100728814,0.024447022268040925,-0.08095456106596295,0.13720256148501175,0.005242278338656153,-0.0029407660752298614,0.003358110889194531,25.03300873767557,121.56539411635424,5.214095850387185,1,101335.70549938046,0.05103788301086987,0.022882401329799636,9.804409042468507,0.013991187384786188,0.014562894719073967,0.0030952348631870814
6.2,3.0042968113264124e-11,4.1062264043350927e-20,0.0299991335502575,0.0,0.0,0.0,6.008798259710597e-19,1.0015439588784147e-09,4.8545740576734306e-20,-0.23859793312549277,2.27247956689718,-2.7658993305178083,0.02673562481631302,-0.08493050210464784,0.1399662274031889,0.005425617916764517,-0.0028044637662618666,0.0033828189343572436,25.03300873767557,121.56539411635424,5.214095850387185,1,101318.01176565695,0.05508845009919883,0.05121898680907471,9.79944471494816,0.01035851526424112,0.009089299416013235,0.005177888268131494
6.300000000000001,3.0042968113264124e-11,4.1062264043350927e-20,0.0299991335502575,0.0,0.0,0.0,6.008798259710597e-19,1.0015439588784147e-09,4.8545740576734306e-20,-0.23633076257405541,2.2637105649295695,-2.611360946416275,0.026943489587076843,-0.0892275633317719,0.21928689726274295,0.00535253380758362,-0.002815233883999957,0.00356062480093304,25.03300873767557,121.56539411635424,5.214095850387185,1,101329.93406787059,0.03935720713561731,0.002373795128199404,9.801587505187857,0.0017782632556451912,0.01742441303976653,0.004182671811726412
6.4,3.0042968113264124e-11,4.1062264043350927e-20,0.0299991335502575,0.0,0.0,0.0,6.008798259710597e-19,1.0015439588784147e-09,4.8545740576734306e-20,-0.23347697023424807,2.2545527556709564,-2.589198069103747,0.030175440392788938,-0.0933380122826099,0.22378909258965712,0.005418049970894112,-0.002825880076131382,0.003734645873442876,25.03300873767557,121.56539411635424,5.214095850387185,1,101322.71841789024,0.03550904043863591,0.05284603443141406,9.791457317415587,0.0057635439921943565,0.022787876768658902,0.004347465193313588
6.5,3.0042968113264124e-11,4.1062264043350927e-20,0.0299991335502575,0.0,0.0,0.0,6.008798259710597e-19,1.0015439588784147e-09,4.8545740576734306e-20,-0.23045642267531108,2.244995625116195,-2.5429852551267444,0.0331287845991994,-0.09756138204761018,0.2409084092251687,0.005356653775818931,-0.0025875597438762554,0.003851585296761141,25.03300873767557,121.56539411635424,5.214095850387185,1,101334.88883922572,0.11091837221827267,0.03745249056138697,9.799160250269738,0.012906495677308723,0.017194147330985954,0.003758147376253869
6.6000000000000005,3.0042968113264124e-11,4.1062264043350927e-20,0.0299991335502575,0.0,0.0,0.0,6.008798259710597e-19,1.0015439588784147e-09,4.8545740576734306e-20,-0.22698929470105203,2.235030620172048,-2.5186527312842566,0.035670770217716294,-0.10221281433116042,0.24582493849180864,0.0054987834502291675,-0.002527910697065039,0.003962614546065055,25.03300873767557,121.56539411635424,5.214095850387185,1,101323.2311484722,0.06484697937988669,0.032762641818691506,9.798034704876777,0.012561427056571532,0.013642033115977042,0.003980981413911995
6.7,3.0042968113264124e-11,4.1062264043350927e-20,0.0299991335502575,0.0,0.0,0.0,6.008798259710597e-19,1.0015439588784147e-09,4.8545740576734306e-20,-0.22326696851042993,2.2245840630969345,-2.483882769194415,0.038828497697690936,-0.10689292179467147,0.255602399954675,0.005632536112389775,-0.00241639310285624,0.004048618083026562,25.03300873767557,121.56539411635424,5.214095850387185,1,101309.51325185508,0.005691387678173183,0.020427365369800908,9.800962345999988,0.013755332243307267,0.027613659620354,0.006191297557937047
6.800000000000001,3.0042968113264124e-11,4.1062264043350927e-20,0.0299991335502575,0.0,0.0,0.0,6.008798259710597e-19,1.0015439588784147e-09,4.8545740576734306e-20,-0.21915692970122752,2.2137042881144984,-2.4580895678373222,0.043564696489592006,-0.1109770230286671,0.2603027806168141,0.005680256636036947,-0.002185459268765122,0.0042094332871681975,25.03300873767557,121.56539411635424,5.214095850387185,1,101330.63416896993,0.062113915259256455,0.03312298441261183,9.795724503766714,0.005965820133767388,0.013737837145966169,0.005118764062907644
6.9,3.0042968113264124e-11,4.1062264043350927e-20,0.0299991335502575,0.0,0.0,0.0,6.008798259710597e-19,1.0015439588784147e-09,4.8545740576734306e-20,-0.2136571122910785,2.202187359548872,-2.5667655171617487,0.04857229474328033,-0.11388870750271353,0.1981644477425914,0.005798930300613819,-0.002086478170248318,0.004322006037360868,25.03300873767557,121.56539411635424,5.214095850387185,1,101334.73830953645,0.0196157267968426,-0.01237272279430358,9.79424927073861,0.012916378956308074,0.013791284359240005,0.005360700737851507
7.0,3.0042968113264124e-11,4.1062264043350927e-20,0.0299991335502575,0.0,0.0,0.0,6.008798259710597e-19,1.0015439588784147e-09,4.8545740576734306e-20,-0.2086672381495744,2.190550329274642,-2.5467891122830513,0.05195779549363862,-0.11892517700790982,0.20143598240613142,0.005845214776719348,-0.0018701619070586872,0.004434159935622989,25.03300873767557,121.56539411635424,5.214095850387185,1,101308.13637891777,0.1269327861511667,0.019682995108342153,9.801795841892698,0.009461199027740981,0.02564112398080081,0.0013015137990519537
7.1000000000000005,3.0042968113264124e-11,4.1062264043350927e-20,0.0299991335502575,0.0,0.0,0.0,6.008798259710597e-19,1.0015439588784147e-09,4.8545740576734306e-20,-0.3789534763446495,1.218041642443691,-2.373291303350452,-0.023745736098522145,-0.5426242398581881,0.2809926372302252,0.015249455269337072,-0.0037994517363264535,0.004455386789007202,25.032996804541703,121.5653937410497,12.366241201877616,1,101310.69217383517,0.08720426551329315,0.014565489678582311,9.808994452250815,0.007959396426925138,0.02212843158241273,0.004978255234185466
7.2,3.0042968113264124e-11,4.1062264043350927e-20,0.0299991335502575,0.0,0.0,0.0,6.008798259710597e-19,1.0015439588784147e-09,4.8545740576734306e-20,-0.3812227024309802,1.1629633001730764,-2.3449296554515193,-0.021431600474891992,-0.5591822649991772,0.2863072444055089,0.01558808220626463,-0.003595039944306988,0.0044978277128586925,25.032996804541703,121.5653937410497,12.366241201877616,1,101324.19299288375,0.09560320431421121,0.03277181313872206,9.801317250868488,0.00944360412353102,0.020515296979804407,0.0017175749866446474
7.300000000000001,3.0042968113264124e-11,4.1062264043350927e-20,0.0299991335502575,0.0,0.0,0.0,6.008798259710597e-19,1.0015439588784147e-09,4.8545740576734306e-20,-0.3830777689738491,1.106069292961614,-2.3635960147225505,-0.019274257386046174,-0.5759690108881399,0.2689107371071279,0.01579665947519644,-0.0035682827000549366,0.004575488682230557,25.032996804541703,121.5653937410497,12.366241201877616,1,101326.5570712714,0.05068418699013184,0.040259846530845675,9.79503549663837,0.01758552078758696,0.020341137084877208,0.003956392809248572
7.4,3.0042968113264124e-11,4.1062264043350927e-20,0.0299991335502575,0.0,0.0,0.0,6.008798259710597e-19,1.0015439588784147e-09,4.8545740576734306e-20,-0.3849771705570147,1.047652526523135,-2.336482047216135,-0.018609199140649475,-0.592975277505088,0.2733659314342437,0.01630251531915235,-0.0036357038082028836,0.004686671856404162,25.032996804541703,121.5653937410497,12.366241201877616,1,101317.24861399397,0.054165684163942684,0.035095959101813706,9.798610139514079,0.009258220182847266,0.016278201319252356,0.003741320411041848
7.500000000000001,3.0042968113264124e-11,4.1062264043350927e-20,0.0299991335502575,0.0,0.0,0.0,6.008798259710597e-19,1.0015439588784147e-09,4.8545740576734306e-20,-0.3870904693989099,0.9877660236700136,-2.251493558708192,-0.018938902722528603,-0.6106927061210979,0.30415190928447583,0.016526688859334525,-0.0036222752702701477,0.0048127956307549265,25.032996804541703,121.5653937410497,12.366241201877616,1,101317.47936397044,0.01518812903566892,0.016882838602846728,9.801794971003648,0.017150043847075396,0.011290843745824805,0.0050157766415485526
7.6000000000000005,3.0042968113264124e-11,4.1062264043350927e-20,0.0299991335502575,0.0,0.0,0.0,6.008798259710597e-19,1.0015439588784147e-09,4.8545740576734306e-20,-0.3889941697527372,0.9257685858184477,-2.220803306016667,-0.018324061427008324,-0.6285307838538938,0.3096740977035969,0.016761268485059735,-0.003882036414878387,0.004912299706615875,25.032996804541703,121.5653937410497,12.366241201877616,1,101334.34032222442,-0.018690131703939593,0.03237462679553181,9.79977309527439,0.013290548968734259,0.011070518149912716,0.004504857568764323
7.7,3.0042968113264124e-11,4.1062264043350927e-20,0.0299991335502575,0.0,0.0,0.0,6.008798259710597e-19,1.0015439588784147e-09,4.8545740576734306e-20,-0.3907974086565149,0.8620027695705584,-2.1895623291961837,-0.01748079116461147,-0.6466898821085302,0.315226795667171,0.017023429264784482,-0.0038162256879246126,0.0049277476036708005,25.032996804541703,121.5653937410497,12.366241201877616,1,101332.71808045072,0.09626822812946803,0.0015771537894185457,9.805552389193092,0.008463275237753736,0.010694668509853407,0.0042825882866935235
7.800000000000001,3.0042968113264124e-11,4.1062264043350927e-20,0.0299991335502575,0.0,0.0,0.0,6.008798259710597e-19,1.0015439588784147e-09,4.8545740576734306e-20,-0.3925445297814373,0.7964178847097393,-2.1577563988183908,-0.01714476190051544,-0.6643603098601237,0.32081735204061834,0.017054976840073295,-0.0038107097353370367,0.004944038680974814,25.032996804541703,121.5653937410497,12.366241201877616,1,101334.01465886834,0.09303808940697346,0.023971733453024984,9.80063163753644,0.005345094643577973,0.020766751697585246,0.009193724485216988
7.9,3.0042968113264124e-11,4.1062264043350927e-20,0.0299991335502575,0.0,0.0,0.0,6.008798259710597e-19,1.0015439588784147e-09,4.8545740576734306e-20,-0.3932261732581494,0.7267893331230411,-2.3001499699921903,-0.016946991904252248,-0.6836436260878378,0.25069786443313297,0.01751829115541403,-0.0037407114016281273,0.005137047911798544,25.032996804541703,121.5653937410497,12.366241201877616,1,101340.65076699914,0.04719483847822509,0.03355590996168118,9.80055012940785,0.01601477023544432,0.019375040665664926,0.006224788006092193
8.0,3.0042968113264124e-11,4.1062264043350927e-20,0.0299991335502575,0.0,0.0,0.0,6.008798259710597e-19,1.0015439588784147e-09,4.8545740576734306e-20,-0.3949038590358578,0.6575198887752052,-2.2748869818689177,-0.017146642604475737,-0.7023785643502899,0.2546110699710645,0.017817973973284267,-0.003632259221053813,0.00538784776735413,25.032996804541703,121.5653937410497,12.366241201877616,1,101329.65657497653,0.01667159982123656,0.018911471917217912,9.797307172636414,0.016523804557599307,0.008548246272785694,0.00694391028551893
8.1,3.0042968113264124e-11,4.1062264043350927e-20,0.0299991335502575,0.0,0.0,0.0,6.008798259710597e-19,1.0015439588784147e-09,4.8545740576734306e-20,-0.7575199316653037,-0.4210542385995512,-2.3956484399915623,-0.14548493016332967,-1.0814750691608714,0.19532889394260866,0.02491742568657635,-0.0062144360585922875,0.005462745213668508,25.032975799722706,121.56538419046903,9.631322815814379,1,101316.98830425755,0.03319157126396984,0.05116849705171236,9.80383455653594,0.008772004285445952,0.01672852877088556,0.006264700069655116
8.200000000000001,3.0042968113264124e-11,4.1062264043350927e-20,0.0299991335502575,0.0,0.0,0.0,6.008798259710597e-19,1.0015439588784147e-09,4.8545740576734306e-20,-0.7721164585297375,-0.5305880635955385,-2.3759711078968477,-0.14705715658896598,-1.1095941733502985,0.19815953322145163,0.02522886807294652,-0.006107507350374686,0.005662587428280099,25.032975799722706,121.56538419046903,9.631322815814379,1,101344.19635033797,0.04745853541352291,0.014896750755505086,9.80758776131988,0.005693542968616092,0.009961780192078527,0.009816752883777737
8.3,3.0042968113264124e-11,4.1062264043350927e-20,0.0299991335502575,0.0,0.0,0.0,6.008798259710597e-19,1.0015439588784147e-09,4.8545740576734306e-20,-0.786975095407582,-0.6429885277190186,-2.3560209852818645,-0.15068228508090967,-1.1382913394706875,0.20098522124653204,0.02555131421101065,-0.006246586700976886,0.0058475776912452655,25.032975799722706,121.56538419046903,9.631322815814379,1,101326.75456190131,0.09923535804288673,0.03568275305641418,9.811086353062887,0.009903145244892912,0.013377416889250237,0.005105561302286528
8.4,3.0042968113264124e-11,4.1062264043350927e-20,0.0299991335502575,0.0,0.0,0.0,6.008798259710597e-19,1.0015439588784147e-09,4.8545740576734306e-20,-0.8021033440248918,-0.7582775389510039,-2.335787027218044,-0.1524419912277001,-1.1671333912921662,0.20370889535970585,0.02594956156348497,-0.0058481627927653435,0.0060947150441658885,25.032975799722706,121.56538419046903,9.631322815814379,1,101339.78375989628,0.05211193313535375,0.05027316458138656,9.809360957196015,0.01671496739704035,0.032048126086243016,0.004739292978809623
8.5,3.0042968113264124e-11,4.1062264043350927e-20,0.0299991335502575,0.0,0.0,0.0,6.008798259710597e-19,1.0015439588784147e-09,4.8545740576734306e-20,-0.8169878961861103,-0.878420928320725,-2.3848891722891414,-0.15365161149835316,-1.1973296455907567,0.17855747073251002,0.026395508917309587,-0.00572237917281293,0.006305744460190485,25.032975799722706,121.56538419046903,9.631322815814379,1,101349.42599327632,0.008750996148919055,0.032072729458831634,9.799732715214692,0.00859923493185827,0.024661637159238747,0.005934622907322716
8.600000000000001,3.0042968113264124e-11,4.1062264043350927e-20,0.0299991335502575,0.0,0.0,0.0,6.008798259710597e-19,1.0015439588784147e-09,4.8545740576734306e-20,-0.8323601925422052,-0.9995931872373599,-2.3669277261858306,-0.154840961264534,-1.2268040058074179,0.18057637687983707,0.02678302845156805,-0.005687374724255845,0.0065690033388197434,25.032975799722706,121.56538419046903,9.631322815814379,1,101348.51531852,0.006784838797949194,-0.003940579336778882,9.79897281150222,0.013317715350420832,0.01901243906608662,0.008340705922544059
8.700000000000001,3.0042968113264124e-11,4.1062264043350927e-20,0.0299991335502575,0.0,0.0,0.0,6.008798259710597e-19,1.0015439588784147e-09,4.8545740576734306e-20,-0.8479776656265575,-1.1238345371362226,-2.3487686300834025,-0.15735200086759962,-1.2574001013313907,0.18278118023591064,0.02708961950680463,-0.005697814287504155,0.006691221229125728,25.032975799722706,121.56538419046903,9.631322815814379,1,101342.79507316225,0.04066877536390717,0.056230106187738826,9.800963211929043,0.012457022501317984,0.020845194025097637,0.004151684440582999
8.8,3.0042968113264124e-11,4.1062264043350927e-20,0.0299991335502575,0.0,0.0,0.0,6.008798259710597e-19,1.0015439588784147e-09,4.8545740576734306e-20,-0.8637200298848146,-1.2509912423058227,-2.3303695835708735,-0.15829069351481695,-1.2866746326065295,0.1851561802345608,0.027413560251245542,-0.005504659639130605,0.006876349912689027,25.032975799722706,121.56538419046903,9.631322815814379,1,101322.56444572005,0.07962914076994672,0.03903802383785711,9.802178716142517,0.012190038012843579,0.029688854757187137,0.006300727459070657
8.9,3.0042968113264124e-11,4.1062264043350927e-20,0.0299991335502575,0.0,0.0,0.0,6.008798259710597e-19,1.0015439588784147e-09,4.8545740576734306e-20,-0.8794741599455482,-1.3812026032352154,-2.311744700440514,-0.15743998812163548,-1.317492256218733,0.18743573301348523,0.027789375859173834,-0.005423044394156973,0.007055775900412975,25.032975799722706,121.56538419046903,9.631322815814379,1,101318.27509588357,0.0984052197682724,-0.014774942409277979,9.799205048036114,0.008467042944292593,0.026610666066370848,0.002174500426456607
9.0,3.0042968113264124e-11,4.1062264043350927e-20,0.0299991335502575,0.0,0.0,0.0,6.008798259710597e-19,1.0015439588784147e-09,4.8545740576734306e-20,-0.8952565726441023,-1.5144852046746662,-2.2929025414732154,-0.15805360788322648,-1.3477157574860803,0.18936125355037559,0.02816057880839053,-0.0054112717007306355,0.0072203209768363676,25.032975799722706,121.56538419046903,9.631322815814379,1,101333.27175532239,0.08224345859973717,0.021579713687192276,9.790539595419268,0.005973030197462683,0.012464051941658618,0.005689973557849475
9.100000000000001,3.0042968113264124e-11,4.1062264043350927e-20,0.0299991335502575,0.0,0.0,0.0,6.008798259710597e-19,1.0015439588784147e-09,4.8545740576734306e-20,0.18898855069380244,-1.0543760676899818,-2.237930329736252,0.24207785981461072,-1.1617281465334077,0.20650001227805806,0.024043195994061545,0.003093670522104741,0.007530770191651277,25.03300005204489,121.56541898037494,7.854963461071151,1,101320.56552788566,0.034345616935527984,0.05458776675540737,9.794501428240677,0.011654085852527939,0.016066048060806117,0.0036651840707119096
9.200000000000001,3.0042968113264124e-11,4.1062264043350927e-20,0.0299991335502575,0.0,0.0,0.0,6.008798259710597e-19,1.0015439588784147e-09,4.8545740576734306e-20,0.21367709547457722,-1.1718639274569538,-2.2171656609332024,0.25099224145813354,-1.18832673521693,0.20880213127476566,0.024517336733973855,0.003184618189239652,0.0076257590957981135,25.03300005204489,121.56541898037494,7.854963461071151,1,101328.39371112928,0.01350170244658009,0.0027091981604273375,9.801291975160655,0.007897048115073111,0.015342624982531595,0.005945277059538407
9.3,3.0042968113264124e-11,4.1062264043350927e-20,0.0299991335502575,0.0,0.0,0.0,6.008798259710597e-19,1.0015439588784147e-09,4.8545740576734306e-20,0.2398664805382846,-1.3010182459338857,-2.357557849290144,0.2620876356914372,-1.2202692988152173,0.15297071483871158,0.025089516816497813,0.0033722233166593174,0.007897697910251132,25.03300005204489,121.56541898037494,7.854963461071151,1,101324.51424113744,0.11728048753253362,0.009602782111467922,9.794690517855294,0.008534631027261073,0.024178681438922024,0.006570066363559536
9.4,3.0042968113264124e-11,4.1062264043350927e-20,0.0299991335502575,0.0,0.0,0.0,6.008798259710597e-19,1.0015439588784147e-09,4.8545740576734306e-20,0.2664267860364803,-1.4244014721130236,-2.342192210095365,0.2693933847650902,-1.2471688779398906,0.15431831411441094,0.02536525973796914,0.0034891533533374375,0.008097900471515082,25.03300005204489,121.56541898037494,7.854963461071151,1,101326.79985643971,0.09632963096787397,0.039244761177930916,9.80381827094808,0.014855030763172562,0.01630923407017667,0.007191273000452654
9.5,3.0042968113264124e-11,4.1062264043350927e-20,0.0299991335502575,0.0,0.0,0.0,6.008798259710597e-19,1.0015439588784147e-09,4.8545740576734306e-20,0.2942881022631407,-1.5574939074478333,-2.4220306326667425,0.2798668638112297,-1.27940650544907,0.12190994410286705,0.025845203857125604,0.0034105316590280488,0.008348487953478123,25.03300005204489,121.56541898037494,7.854963461071151,1,101328.7437973882,0.03933552316124859,0.025342784675532398,9.800291875517944,0.014276833425023741,0.0139927449500635,0.006186655840082145
9.600000000000001,3.0042968113264124e-11,4.1062264043350927e-20,0.0299991335502575,0.0,0.0,0.0,6.008798259710597e-19,1.0015439588784147e-09,4.8545740576734306e-20,0.32270556173784615,-1.6868024090878702,-2.409825465550561,0.289231904539594,-1.3067894825596937,0.12226487751953805,0.02618836864482354,0.0033564230718770016,0.008580604337285587,25.03300005204489,121.56541898037494,7.854963461071151,1,101347.17842936555,0.03922633315326902,0.003091822806713024,9.792432058037493,0.011851706580241848,0.013732791089853012,0.004349110507847319
9.701,3.0042968113264124e-11,4.1062264043350927e-20,0.0299991335502575,0.0,0.0,0.0,6.008798259710597e-19,1.0015439588784147e-09,4.8545740576734306e-20,0.3521279090140442,-1.8189228507758768,-2.397564835333221,0.2988486514343309,-1.3350727488758352,0.12312521900130458,0.02647523319797624,0.0033268501754553093,0.00871346454247171,25.03300005204489,121.56541898037494,7.854963461071151,1,101329.54146567435,0.0792820661501461,0.018652593211537664,9.808116163580078,0.007747577273389417,0.011476437251502474,0.004768271289000593
9.8,3.0042968113264124e-11,4.1062264043350927e-20,0.0299991335502575,0.0,0.0,0.0,6.008798259710597e-19,1.0015439588784147e-09,4.8545740576734306e-20,0.38248274080214945,-1.9538492295187244,-2.385212645983393,0.3072370801112475,-1.363220525759913,0.12380715965311784,0.026561566165785616,0.0032448040756198893,0.008911495473747645,25.03300005204489,121.56541898037494,7.854963461071151,1,101316.08973235941,0.05133299377553602,0.041726051337550474,9.806129357910876,0.008380845440820623,0.018317245484827653,0.005832392608984216
9.9,3.0042968113264124e-11,4.1062264043350927e-20,0.0299991335502575,0.0,0.0,0.0,6.008798259710597e-19,1.0015439588784147e-09,4.8545740576734306e-20,0.4145234907430261,-2.102527107243741,-2.4638637934573033,0.31767965165877876,-1.397402222601511,0.09374510688779125,0.027043227003331796,0.003519025897529504,0.009110137913016118,25.03300005204489,121.56541898037494,7.854963461071151,1,101337.08864102444,0.0727809501407464,0.04300150518261914,9.808672749829084,0.005907280784238633,0.019497452087888622,0.007391865126840782
10.0,3.0042968113264124e-11,4.1062264043350927e-20,0.0299991335502575,0.0,0.0,0.0,6.008798259710597e-19,1.0015439588784147e-09,4.8545740576734306e-20,0.44682615919564617,-2.243762744397665,-2.4544652512322127,0.32814015330819074,-1.4279512072670364,0.09412855053929253,0.027458855365949962,0.0039051568784786994,0.009412834312489763,25.03300005204489,121.56541898037494,7.854963461071151,1,101335.28000532028,0.05689333038959277,0.05164165900697264,9.79834491337345,0.008470638203243772,0.023694152921509705,0.008521590925633453
10.100000000000001,3.0042968113264124e-11,4.1062264043350927e-20,0.0299991335502575,0.0,0.0,0.0,6.008798259710597e-19,1.0015439588784147e-09,4.8545740576734306e-20,-0.2946503590206594,-1.2533986168753921,-2.641295225266166,0.060624729329980594,-1.0520852802086629,0.033095113012325025,0.01879731939449439,-0.002042590947084477,0.00940916055491139,25.033002475267264,121.56538761264996,8.389632423452857,1,101332.52109537677,0.14271715740977262,0.06989844207745409,9.799937393838018,0.01231481850822353,0.015471952013624135,0.00709951093077927
10.200000000000001,3.0042968113264124e-11,4.1062264043350927e-20,0.0299991335502575,0.0,0.0,0.0,6.008798259710597e-19,1.0015439588784147e-09,4.8545740576734306e-20,-0.2884559129128334,-1.3596140403300805,-2.6380056494620496,0.06221762942751707,-1.0727167950661536,0.03267471760051079,0.018863821555887623,-0.0020950838612501244,0.00956305358410596,25.033002475267264,121.56538761264996,8.389632423452857,1,101340.15970272793,-0.0026386797890387143,-0.007346763692149327,9.80659611453954,0.004847938076628422,0.01728091113660979,0.0059480790239179945
10.3,3.0042968113264124e-11,4.1062264043350927e-20,0.0299991335502575,0.0,0.0,0.0,6.008798259710597e-19,1.0015439588784147e-09,4.8545740576734306e-20,-0.2830845787584786,-1.4584194197491585,-2.5474078355755774,0.06486012064606743,-1.0882548833250496,0.06086916782972099,0.018818098029436205,-0.002097428382883626,0.009705291877848514,25.033002475267264,121.56538761264996,8.389632423452857,1,101322.94842610043,0.05336787043753184,0.0121240069662358,9.802084436327018,0.00907716219610541,0.006542939681712918,0.0055476500656310304
10.4,3.0042968113264124e-11,4.1062264043350927e-20,0.0299991335502575,0.0,0.0,0.0,6.008798259710597e-19,1.0015439588784147e-09,4.8545740576734306e-20,-0.2763952195581983,-1.5682891109037962,-2.5413168379913236,0.06832940314923175,-1.1093811643016063,0.06089592828753648,0.01902451790414747,-0.0022433344921275467,0.009901927077529769,25.033002475267264,121.56538761264996,8.389632423452857,1,101325.11010660103,0.09547759603982732,0.034961674281683536,9.800490845724296,0.00966401262239774,0.015115310744375826,0.0033406471629407195
10.5,3.0042968113264124e-11,4.1062264043350927e-20,0.0299991335502575,0.0,0.0,0.0,6.008798259710597e-19,1.0015439588784147e-09,4.8545740576734306e-20,-0.270157200561207,-1.6752781058495976,-2.4988563367135153,0.06914559684563629,-1.1273153288062892,0.07268032827669843,0.01926225888466261,-0.002273509260042328,0.010275049942780036,25.033002475267264,121.56538761264996,8.389632423452857,1,101322.72397437032,0.02655313761743816,0.03534024168027537,9.810362907624368,0.00899959441923666,0.011814596373421476,0.007941147449577229
10.600000000000001,3.0042968113264124e-11,4.1062264043350927e-20,0.0299991335502575,0.0,0.0,0.0,6.008798259710597e-19,1.0015439588784147e-09,4.8545740576734306e-20,-0.2630378207454825,-1.7890415401556885,-2.491585874918546,0.07344030459231467,-1.1479143774221274,0.0725998432267084,0.019330253098369624,-0.002463859017276304,0.01052352501832275,25.033002475267264,121.56538761264996,8.389632423452857,1,101324.17919146098,0.061720701880305685,0.024397224116590822,9.802109436621008,0.015879744411069308,0.015743441501600793,0.006037548999765088
10.700000000000001,3.0042968113264124e-11,4.1062264043350927e-20,0.0299991335502575,0.0,0.0,0.0,6.008798259710597e-19,1.0015439588784147e-09,4.8545740576734306e-20,-0.2551845316274042,-1.9076384284229404,-2.5007008924307073,0.07735986794036158,-1.1699458750416343,0.0674238100571473,0.019455791787642764,-0.002534642379277363,0.010743738583753416,25.033002475267264,121.56538761264996,8.389632423452857,1,101337.17817047365,0.019204031974092976,0.007772671757746572,9.80212359209166,0.017462774980343793,0.01962541389647368,0.006542481885207283
10.8,3.0042968113264124e-11,4.1062264043350927e-20,0.0299991335502575,0.0,0.0,0.0,6.008798259710597e-19,1.0015439588784147e-09,4.8545740576734306e-20,-0.2474559721285244,-2.0256442193709288,-2.49396984593645,0.07740254276773598,-1.1905853535468138,0.06724628331091796,0.01985140474473901,-0.0025647066205363167,0.010787489991228541,25.033002475267264,121.56538761264996,8.389632423452857,1,101333.63303427465,0.08841572536784902,0.03219346619105192,9.797441617209335,0.015717794742409752,0.005457962239723333,0.005677698060454601
10.9,3.0042968113264124e-11,4.1062264043350927e-20,0.0299991335502575,0.0,0.0,0.0,6.008798259710597e-19,1.0015439588784147e-09,4.8545740576734306e-20,-0.23570106951015501,-2.1743996344907734,-2.623455022607101,0.08344987528914065,-1.2271392133587617,0.02402363723886807,0.020612634976687028,-0.00222127138592243,0.01102958052535514,25.033002475267264,121.56538761264996,8.389632423452857,1,101317.25631550986,0.06650249428013019,0.04390062348780708,9.79344034465394,0.008701802067866858,0.01198874312712769,0.0041799902549239125
11.0,3.0042968113264124e-11,4.1062264043350927e-20,0.0299991335502575,0.0,0.0,0.0,6.008798259710597e-19,1.0015439588784147e-09,4.8545740576734306e-20,-0.22721573911503823,-2.298164870822263,-2.6210892073876253,0.08633427089215936,-1.2489420776420106,0.02349836293103635,0.020813461421993227,-0.002473558195111192,0.011197645440383808,25.033002475267264,121.56538761264996,8.389632423452857,1,101333.02878395256,0.08406842813293276,0.05697317998656214,9.811714509154623,0.014282197896998517,0.022319411997334206,0.004353621036385645
11.100000000000001,3.0042968113264124e-11,4.1062264043350927e-20,0.0299991335502575,0.0,0.0,0.0,6.008798259710597e-19,1.0015439588784147e-09,4.8545740576734306e-20,-0.743152488875287,-0.929574243710001,-2.7244493148757454,-0.09782189269123683,-0.7441868832781596,-0.005407797582098592,0.00887504021780639,-0.006914104820907818,0.011283851045532518,25.03300676366295,121.56538721897333,5.147379565107373,1,101328.20479437745,0.05987584625756895,0.025245392717242403,9.801856225240822,0.007354031701189438,0.00924930914532129,0.0050780726845983445
11.200000000000001,3.0042968113264124e-11,4.1062264043350927e-20,0.0299991335502575,0.0,0.0,0.0,6.008798259710597e-19,1.0015439588784147e-09,4.8545740576734306e-20,-0.7529226785860351,-1.0044834820632507,-2.725056981860287,-0.09850711687130247,-0.7545070618759666,-0.006680596261664026,0.009356644741985665,-0.006944099232022882,0.011501472668716331,25.03300676366295,121.56538721897333,5.147379565107373,1,101339.79656690873,0.02058661421117612,0.042182010598670786,9.811476395596937,0.01275065028099065,0.01666416727230736,0.006911326209543282
11.3,3.0042968113264124e-11,4.1062264043350927e-20,0.0299991335502575,0.0,0.0,0.0,6.008798259710597e-19,1.0015439588784147e-09,4.8545740576734306e-20,-0.7617616962708965,-1.0877222786788427,-2.7697321678004623,-0.09682959933891287,-0.7699725864401226,-0.02164033862062614,0.009687134142685874,-0.006994620288235387,0.01164755502009895,25.03300676366295,121.56538721897333,5.147379565107373,1,101335.52426841558,0.04329128111698535,-2.5370985854311634e-05,9.80081021145202,0.0131332264125811,0.020147435337849812,0.00538221401439296
11.4,3.0042968113264124e-11,4.1062264043350927e-20,0.0299991335502575,0.0,0.0,0.0,6.008798259710597e-19,1.0015439588784147e-09,4.8545740576734306e-20,-0.7715488000692026,-1.1653277527819663,-2.771954097626575,-0.0990436970272273,-0.7814787707268268,-0.02279154325104393,0.009712716787475949,-0.006921323832086657,0.011870106088744614,25.03300676366295,121.56538721897333,5.147379565107373,1,101327.66019454857,-0.019026164470685232,0.015979191568951133,9.802955942054128,0.016225936092328162,0.016551105838773696,0.004269148526620467
11.5,3.0042968113264124e-11,4.1062264043350927e-20,0.0299991335502575,0.0,0.0,0.0,6.008798259710597e-19,1.0015439588784147e-09,4.8545740576734306e-20,-0.7810913086295534,-1.2471067421375799,-2.7895295368593627,-0.1008937908799088,-0.7949581502380538,-0.028367021742359725,0.010101006685139448,-0.0068243041612197075,0.012045951376378192,25.03300676366295,121.56538721897333,5.147379565107373,1,101310.18218729671,0.11405805059936402,0.024477805409031234,9.797478754091182,0.014456382869998386,0.010185578126245813,0.00413745782275407
11.600000000000001,3.0042968113264124e-11,4.1062264043350927e-20,0.0299991335502575,0.0,0.0,0.0,6.008798259710597e-19,1.0015439588784147e-09,4.8545740576734306e-20,-0.7912177728626898,-1.3272015110981872,-2.792433957111289,-0.10155978725437413,-0.8069228723928634,-0.02973954007361576,0.010360001511739235,-0.007043033679840605,0.012196235872293543,25.03300676366295,121.56538721897333,5.147379565107373,1,101315.85768822629,0.07374663789889924,0.04081154947648278,9.799034859647309,0.011721215577688446,0.01752785129920689,0.0028605364169451255
11.700000000000001,3.0042968113264124e-11,4.1062264043350927e-20,0.0299991335502575,0.0,0.0,0.0,6.008798259710597e-19,1.0015439588784147e-09,4.8545740576734306e-20,-0.8014128193275512,-1.4084631843983308,-2.795473364712722,-0.10192041389051933,-0.818549678520094,-0.03103767230924415,0.010488729395086075,-0.007315001416780653,0.01241344847190379,25.03300676366295,121.56538721897333,5.147379565107373,1,101339.54668559605,0.06387572473773155,0.05565456080354371,9.803682452299224,0.009441406990596049,0.02114466665589486,0.005087471816415715
11.8,3.0042968113264124e-11,4.1062264043350927e-20,0.0299991335502575,0.0,0.0,0.0,6.008798259710597e-19,1.0015439588784147e-09,4.8545740576734306e-20,-0.8117858232788718,-1.49086233275766,-2.7986266892447316,-0.10510173778625546,-0.8298902185363034,-0.03209860420596455,0.010637944567254509,-0.007093492427689974,0.012582092222234545,25.03300676366295,121.56538721897333,5.147379565107373,1,101329.40013926983,0.06477214285012144,0.06307787205976889,9.799598013384015,0.018162555559540494,0.018150145404058605,0.004284980308323626
11.9,3.0042968113264124e-11,4.1062264043350927e-20,0.0299991335502575,0.0,0.0,0.0,6.008798259710597e-19,1.0015439588784147e-09,4.8545740576734306e-20,-0.8210853339280488,-1.583736476987881,-2.835644262998251,-0.10499161634685436,-0.8478086525332923,-0.043562674709869895,0.011197950289490282,-0.0070591683971397146,0.012650765829346306,25.03300676366295,121.56538721897333,5.147379565107373,1,101308.92087269176,0.0629652439810492,0.023518371646422013,9.801813191750282,0.015675869921475058,0.011704039906445494,0.002038499363093415
12.0,3.0042968113264124e-11,4.1062264043350927e-20,0.0299991335502575,0.0,0.0,0.0,6.008798259710597e-19,1.0015439588784147e-09,4.8545740576734306e-20,-0.8316852050534211,-1.6691722919143113,-2.840065732809864,-0.1065673735324049,-0.861077849258361,-0.044756226464238796,0.011189533318986483,-0.007083953929790665,0.012914970406659272,25.03300676366295,121.56538721897333,5.147379565107373,1,101321.42993273001,0.07497996579682248,0.052651621456650345,9.803404434659114,0.010624052086303057,0.012570030311131491,0.009702525704372234
12.100000000000001,3.0042968113264124e-11,4.1062264043350927e-20,0.0299991335502575,0.0,0.0,0.0,6.008798259710597e-19,1.0015439588784147e-09,4.8545740576734306e-20,-0.44102965774895875,-1.048070489359033,-2.771036216288211,0.04696680571993001,-0.5148371818417121,-0.022400572610848192,-0.0003104916116240964,-0.0030352678885194884,0.013457504159556141,25.032986028931337,121.56539783410823,9.75337076154367,1,101321.86679187899,0.07583774559459627,0.022275610060304915,9.800044096782608,0.01477840388991313,0.023561477804976,0.005211214919796679
12.200000000000001,3.0042968113264124e-11,4.1062264043350927e-20,0.0299991335502575,0.0,0.0,0.0,6.008798259710597e-19,1.0015439588784147e-09,4.8545740576734306e-20,-0.43610382762029154,-1.0997054291484896,-2.7733409416691717,0.05194107607378198,-0.5177901855924143,-0.02366169774055535,-0.00032931287628165055,-0.003091180380699443,0.013574640354527732,25.032986028931337,121.56539783410823,9.75337076154367,1,101327.53710807994,0.13543941828655842,0.025946011166277736,9.803965077002186,0.004797044058640894,0.01798836009938467,0.005012157540037169
12.3,3.0042968113264124e-11,4.1062264043350927e-20,0.0299991335502575,0.0,0.0,0.0,6.008798259710597e-19,1.0015439588784147e-09,4.8545740576734306e-20,-0.4307006984554243,-1.1525425020024973,-2.7892681950911333,0.05413677341253105,-0.52158227918695,-0.028633366075476365,-0.00026562568629315796,-0.002823656690564391,0.013832932778508352,25.032986028931337,121.56539783410823,9.75337076154367,1,101322.14020185426,0.11526218023439398,0.01525645132073702,9.801505587621822,0.007961145729561574,0.017098455162159684,0.0034284631236608833
12.4,3.0042968113264124e-11,4.1062264043350927e-20,0.0299991335502575,0.0,0.0,0.0,6.008798259710597e-19,1.0015439588784147e-09,4.8545740576734306e-20,-0.42511961531818376,-1.20482375205846,-2.7921683623586073,0.057967357621248744,-0.52440517692653,-0.029311762557179006,-0.00020995353183531507,-0.0025996882191068327,0.013867241231490312,25.032986028931337,121.56539783410823,9.75337076154367,1,101322.7857950427,0.09182805605444459,0.039785820502180116,9.804281771818518,0.0071936858157772236,0.012672625277137368,0.004279457873208473
12.5,3.0042968113264124e-11,4.1062264043350927e-20,0.0299991335502575,0.0,0.0,0.0,6.008798259710597e-19,1.0015439588784147e-09,4.8545740576734306e-20,-0.4194989692292294,-1.25414735650325,-2.7538270667010467,0.06125990044758588,-0.5253840431256626,-0.017822288294728723,-0.00029524082598149284,-0.0026815594752958027,0.01404084642988955,25.032986028931337,121.56539783410823,9.75337076154367,1,101326.66675720942,0.0684043450122134,0.036013955718174,9.800643055907338,0.012198457901674675,0.011869699834616098,0.00552581047433231
12.600000000000001,3.0042968113264124e-11,4.1062264043350927e-20,0.0299991335502575,0.0,0.0,0.0,6.008798259710597e-19,1.0015439588784147e-09,4.8545740576734306e-20,-0.4132794195779069,-1.3069045184402666,-2.7556523708375025,0.06302261345358522,-0.5299409575621911,-0.01874488671345668,-0.00041080649088091545,-0.002516189077396591,0.014278745617431858,25.032986028931337,121.56539783410823,9.75337076154367,1,101322.97968907696,0.11421265265555061,0.015401978577336209,9.803871752033203,0.012657202245388136,0.014444636752039677,0.005336639540395558
12.700000000000001,3.0042968113264124e-11,4.1062264043350927e-20,0.0299991335502575,0.0,0.0,0.0,6.008798259710597e-19,1.0015439588784147e-09,4.8545740576734306e-20,-0.4070494261995136,-1.356924734253288,-2.7240340278655575,0.06757601485615479,-0.5302443247318143,-0.009649052523201635,-0.0008160037227751124,-0.0028266891745618583,0.01453006180878692,25.032986028931337,121.56539783410823,9.75337076154367,1,101325.71282632362,0.05129867010161947,0.05836765227974114,9.811697648123895,0.003210641624077682,0.01416045965816862,0.008088871826604357
12.8,3.0042968113264124e-11,4.1062264043350927e-20,0.0299991335502575,0.0,0.0,0.0,6.008798259710597e-19,1.0015439588784147e-09,4.8545740576734306e-20,-0.4002486883605743,-1.410058195625088,-2.7250406999438015,0.06843072669945735,-0.5322546072402878,-0.010443976714330137,-0.0009556390095771354,-0.0030362096624880763,0.014721861117976565,25.032986028931337,121.56539783410823,9.75337076154367,1,101314.31581761256,0.05551906258303196,0.03935036475364753,9.807660271995005,0.006594421872778891,0.02421446307628672,0.007828149308876143
12.9,3.0042968113264124e-11,4.1062264043350927e-20,0.0299991335502575,0.0,0.0,0.0,6.008798259710597e-19,1.0015439588784147e-09,4.8545740576734306e-20,-0.394808765251956,-1.4511145468648023,-2.609152831310938,0.06844685408484082,-0.5278415474432786,0.02280215528186563,-0.0011958532504965404,-0.00299752995230973,0.014952103131508434,25.032986028931337,121.56539783410823,9.75337076154367,1,101335.01660808193,-0.022559356425465568,0.009433854615094167,9.808070293053921,0.010470570331501373,0.018174360943842373,0.006202379078020177
13.0,2.0172391133610468e-06,-9.356045736549222e-11,0.02997249774480925,0.00020186064048694055,-9.356024046912202e-09,-0.002663571445088899,-1.1688142293212018e-14,8.589218658161535e-05,-2.923744146409363e-10,-0.3878084530356875,-1.5040174279584713,-2.6069135636309855,0.07175166176346166,-0.5301367807697156,0.015253843904191813,-0.0012120178351360663,-0.0029313444704817115,0.01520865336537337,25.032986028931337,121.56539783410823,9.75337076154367,1,101320.59973148753,0.052114171293988584,0.02438298449899822,8.319139033371217,0.015649144368103073,0.047252898738526394,0.00624476300721596
13.100000000000001,0.00019412707362032045,2.7335056905550216e-08,0.03409042686488768,0.0038268489660089307,6.264903583235371e-07,0.13455925473115887,-2.570981660459881e-06,0.010450499729038665,-8.178216004483502e-09,-0.6394616761892409,-0.6255580068906454,-2.5965690513831343,0.003892364371231336,-0.26448599192402894,0.16625839692479835,-0.006363724159846683,0.006248619628951735,0.015413393244271083,25.033009479508607,121.56538912231458,5.9820149791594375,1,101318.00463914585,0.07530038548771806,-0.006204396215667013,12.015157703609123,0.01232471794413388,0.10945873625070937,0.005709173049914273
13.200000000000001,0.0015358383537967257,3.676801154725807e-07,0.05946283739980533,0.015323446868783392,3.6527475110531177e-06,0.35132203846962373,-8.52339149189235e-06,0.017975676882195257,-3.2638359345751473e-08,-0.6384039668812308,-0.6518141274813672,-2.5691592553278135,0.018850556650704158,-0.26066108009671773,0.3821456870396364,-0.006387249304485819,0.013799708386752485,0.015495597780548351,25.033009479508607,121.56538912231458,5.9820149791594375,1,101311.49838708618,0.04659263994090689,0.04302351107161756,11.989836097826519,0.009206748819437829,0.07605637223881814,0.0011332958589229877
13.301,0.005420350196456147,1.9978898398382247e-06,0.11252992343445992,0.0345929885772988,1.148059308229866e-05,0.5927333774818297,-2.217910558867441e-05,0.022066027119613363,-6.560268988659761e-08,-0.6368618765791748,-0.6670544532372592,-2.3997637048518343,0.04010581277121811,-0.24930258122951993,0.6354580246973001,-0.006760819222813837,0.017745883801516982,0.015634790226508193,25.033009479508607,121.56538912231458,5.9820149791594375,1,101332.10359624722,0.09524458535584396,0.006046436737667769,11.979762128303964,0.007536340493501347,0.03383100634560093,0.0051915145692740675
13.4,0.01087177293424152,5.577778287722801e-06,0.1755797711185856,0.05348118146209415,2.5000849596361665e-05,0.7885674245006944,-3.882292547635488e-05,0.022046010756808343,-1.3065042303840672e-07,-0.6315235944217765,-0.6917942044038573,-2.3253355553442963,0.06621514096765832,-0.24504840297874678,0.8526625214280262,-0.006877434093269614,0.017730431642549727,0.015814311504379196,25.033009479508607,121.56538912231458,5.9820149791594375,1,101325.39368233907,0.06830668205702282,0.07165431707529017,11.967956991891958,0.011216695635737317,-2.6087428443854338e-05,0.008160238094962028
13.5,0.01930046689377607,1.4003667484438296e-05,0.2660756302461937,0.07539612318826516,5.1853941557112e-05,1.0022072118430168,-6.138286319809513e-05,0.01901424600843682,-1.0894400954348154e-07,-0.6230063809003961,-0.7204585723592448,-2.2742691680898846,0.08975593011101317,-0.2431240904672477,1.0531026774290937,-0.0069776087900072364,0.014696126788740216,0.016142630903136,25.033009479508607,121.56538912231458,5.9820149791594375,1,101314.2214803296,0.021102257599837353,-0.0029033869466745764,11.905883725006744,0.002403927351733018,-0.028910453432133627,0.002867998722224459
13.600000000000001,0.029821332767643094,2.96644942216641e-05,0.37762423453939453,0.09590001518353893,9.549408266913468e-05,1.210158261449749,-8.482617265151882e-05,0.01374980347942123,1.2092982082331533e-07,-0.6130038071156368,-0.7445230945834228,-2.158524223865263,0.10845867093681075,-0.23814624790542094,1.2608000933273962,-0.0071446266620902345,0.00916261202493418,0.01649487582882079,25.033009479508607,121.56538912231458,5.9820149791594375,1,101325.885216882,0.06746851515292868,0.03582660797415686,11.856498328154778,0.013158627798900507,-0.04219685253621075,0.007464452805124216
13.700000000000001,0.04176549182908457,5.520895589125451e-05,0.5096673211054679,0.11278367997182688,0.000159746350620867,1.412004428849211,-0.00010476226041375234,0.007402343062655525,5.758088312773593e-07,-0.6047916761372336,-0.7529690290769878,-1.8826243041144362,0.1150051680050793,-0.22410112545976724,1.5028939214171304,-0.007698250994803572,0.0030727055071984033,0.016883765547066155,25.033009479508607,121.56538912231458,5.9820149791594375,1,101324.79867932666,-0.013924821830779512,0.06172594687257124,11.789579638952848,0.007185281960731411,-0.04764809835749585,0.004369131855599956
13.8,0.0543532232793566,9.278275665558912e-05,0.6616595837483545,0.12433655306806343,0.00024671064138505827,1.6084790654518932,-0.00011674144397747987,0.0011104307094598198,1.1663427219805986e-06,-0.5930326769086336,-0.7751019878604042,-1.7224144326571842,0.11793740897990627,-0.21866092090387595,1.700516229594103,-0.007822295860485886,-0.0033418922550370045,0.0171903853103393,25.033009479508607,121.56538912231458,5.9820149791594375,1,101319.54099531163,-0.027284329493188313,0.037833821451696184,11.752816128056804,0.011383547892988453,-0.04416819871342189,0.006054780655442532
13.901000000000002,0.06804884048125126,0.0001493375231881499,0.8513536204225206,0.1296935640460317,0.00036758895213333454,1.8201814476494271,-0.00011649780953724337,-0.004611992642925333,1.797098353484926e-06,-0.5798268329545252,-0.8034487750335574,-1.600401745908932,0.11158162576635831,-0.21715749536039952,1.877563153594676,-0.007744853984150823,-0.008528551354797465,0.017445336988043854,25.033009479508607,121.56538912231458,5.9820149791594375,1,101307.51139384341,0.07589718719002037,0.01657422108344627,11.72228204053247,0.013006126965708562,-0.023319502426907925,0.0052184730045194225
14.0,0.07858632165105778,0.0002072343617532665,1.0238162920608367,0.12817509110812178,0.0004821220939069254,1.9915754538843013,-0.00010410632936969886,-0.007776078736057235,2.189885633360873e-06,-0.5691635941767509,-0.8248772246323206,-1.4030815050321626,0.10019030971209557,-0.2117790150519463,2.068477637319821,-0.007631328204613542,-0.011981147240198053,0.017876320195788293,25.033009479508607,121.56538912231458,5.9820149791594375,1,101307.04361474003,0.04718235251211786,0.027164052589350566,11.697225628356577,0.012170486999909389,-0.011985573173200006,0.010155897894095075
14.100000000000001,0.08920469935747194,0.00028208783821153234,1.2335285082322525,0.12085661819838793,0.0006171053150892544,2.1817328668474696,-7.784013033600455e-05,-0.00941209461733683,2.4411365052965606e-06,-0.3254791375943024,0.020430627407522457,-1.2286591784714278,0.1644079868298895,0.0779377287647782,2.2465051977573363,-0.013752162938792745,-0.011910437108568317,0.01829976749130885,25.03301154235262,121.56539996310863,8.617492216087827,1,101318.04919014903,0.030955578554055403,0.03600050282374333,11.708476947851839,0.01276197408865182,0.008817972399451705,0.005004438711483322
14.200000000000001,0.0985118338888678,0.0003647701314144696,1.4622574709456666,0.10906842709837672,0.0007505372963707525,2.3705959409705457,-3.984203638706268e-05,-0.009205785421267265,2.5251261119943965e-06,-0.3096226761219906,0.028815459472656967,-0.9945220169315966,0.15234462459427528,0.08973948360419265,2.434614492735427,-0.013862974675446208,-0.011732485658279446,0.0186421187198403,25.03301154235262,121.56539996310863,8.617492216087827,1,101299.9536934927,0.0033882081365118055,0.050366826838564804,11.590955233324904,0.009367170359931135,0.019781981252452646,0.005503612383596391
14.3,0.10655582158494925,0.0004506066239159859,1.7084107660547012,0.09635880845557948,0.0008731837834741133,2.527285592210964,8.949680516134829e-06,-0.008326137617538532,2.6412593429322505e-06,-0.2976493528312453,0.045816810262057944,-0.6492966738850166,0.14054439788396692,0.10532270314216921,2.615573105768065,-0.013915186767353703,-0.01098608245464372,0.018929956817871883,25.03301154235262,121.56539996310863,8.617492216087827,1,101310.30638866615,0.07301556375888771,-0.008876483275698555,11.120286690839993,0.00735190760454143,0.026562336489405397,0.007726413747815302
14.4,0.11350015800800062,0.0005339157301165089,1.9678486272324294,0.08343738210964262,0.0009596219998594163,2.6431361651505716,6.07702173202764e-05,-0.006877256730866588,2.847677159420942e-06,-0.28418696796714205,0.056819431333409574,-0.381738633907635,0.13107896162062574,0.11545010977900173,2.7301607845468445,-0.014089823676788153,-0.009666316497096705,0.019335451522623247,25.03301154235262,121.56539996310863,8.617492216087827,1,101304.49427022763,0.05434803029635192,0.015194916377509693,10.790849951020395,0.009671350440751748,0.04328509237997314,0.005030882189685633
14.500000000000002,0.11955331799464952,0.000609072413946128,2.2371579969426496,0.07087595797546986,0.0009898257321251207,2.7294930427469586,0.00010811550027604603,-0.004913583353351791,3.1843967581231364e-06,-0.26921880981171215,0.0635563988498691,-0.16870902632459275,0.12559814720333165,0.12179373834398728,2.797366361098839,-0.01375253400629198,-0.0077360577237461925,0.01972172520631097,25.03301154235262,121.56539996310863,8.617492216087827,1,101296.35389902304,0.0655132937330365,0.04943426075063308,10.54021180153338,0.015725780869849437,0.03374904132657253,0.009535861821819057
14.600000000000001,0.12496088725990256,0.0006712497658799537,2.5138541861245995,0.05953347069699233,0.0009513026525511936,2.7944551915974545,0.00014416264947677266,-0.002616541937521255,3.655097716659232e-06,-0.25691467582107186,0.07616642595379153,0.1143733126841309,0.12056829851723011,0.1305669740920945,2.8612685629064325,-0.013686211359484599,-0.005472362142063147,0.020035865292641737,25.03301154235262,121.56539996310863,8.617492216087827,1,101302.48226112372,0.01916806950119384,-0.0006485144693012257,10.361275275879215,0.006462985642441059,0.03873837297043764,0.003612607398044937
14.700000000000001,0.1299880772743141,0.0007170099034935987,2.7961482627153442,0.05033150835562032,0.0008413159944831038,2.8441101034146095,0.00016360064867199504,-0.0002523918525942914,4.2044941900069665e-06,-0.24122796506078464,0.0815744487382404,0.30451080059862057,0.12390599102177255,0.13487161180006604,2.8826622339026273,-0.013655152292767253,-0.003232715446136014,0.020204130536160964,25.03301154235262,121.56539996310863,8.617492216087827,1,101294.04367713381,0.043267696873964916,0.04947835368685925,10.226855523872212,0.00945155930184901,0.033718627511096964,0.0047277341752425105
14.8,0.13489499941390648,0.0007447453436337126,3.082748942363018,0.044011336818269145,0.0006677641712307461,2.88262035859667,0.00016333445248702837,0.0018929439390529268,4.738097688177e-06,-0.22888477925950113,0.09555833581320662,0.5947176996957574,0.12331507726267373,0.14487268166853984,2.9199671096909454,-0.013833831961857557,-0.001230570693260935,0.02053658265345748,25.03301154235262,121.56539996310863,8.617492216087827,1,101288.52164480486,0.05343914845586055,0.02266582162512746,10.143675637819035,0.005982347634186895,0.03614794872850102,0.007262257178130788
14.9,0.13990959885935877,0.0007549132393383761,3.3727159395652055,0.04098461231580814,0.00044844285022860845,2.9128226882511723,0.0001430332023916054,0.003559881976865631,5.163914424409583e-06,-0.21543937957258794,0.10856328852454265,0.8636191439450575,0.12570288007326555,0.1525720978826395,2.942216547804186,-0.013817378946983191,0.0002569516035901831,0.0207230769230732,25.03301154235262,121.56539996310863,8.617492216087827,1,101297.80626451444,0.044477410106603034,0.027942373290779057,10.06483122179186,0.015586277307376183,0.02609939570125177,0.007490016901357343
15.000000000000002,0.14520353201433878,0.0007500155436136534,3.665343291073547,0.04122289946216353,0.0002081715339345064,2.936771203998263,0.00010499804420625777,0.004564551068187983,5.435319375417922e-06,-0.20261314135045067,0.12432878482422849,1.1590350402463727,0.13160066262462988,0.16239250679067851,2.9651489540943126,-0.013894858641376713,0.0013685535219825073,0.021105959696529602,25.03301154235262,121.56539996310863,8.617492216087827,1,101285.06014987151,0.025275313222282002,0.007862604156008084,10.003786287056112,0.002460583610444546,0.027468566186095958,0.00956133456373658
15.100000000000001,0.15087565087454796,0.0007343084803686288,3.960074273471492,0.044250410776722926,-2.395736401027754e-05,2.9556576122692144,5.406682268047255e-05,0.004831991194607754,5.569047340057784e-06,0.17361608109202623,-0.4291056827187937,1.4050468680393902,0.2622672627652617,-0.027332161961006428,2.969130265762059,-0.0095333744048963,0.004515128141885816,0.021296628400703226,25.0329899763877,121.56540577729224,11.270656291950882,1,101285.29736856901,0.0994813746288147,0.026430635199935708,9.957757401748857,0.013792198573281591,0.017111567999202652,0.005960027736062381
15.200000000000001,0.15694629707918478,0.0007132648327224678,4.256448985734786,0.04924089972091906,-0.0002189266556561857,2.9702099079844606,-2.9818809984701474e-06,0.004398562628060931,5.628348628102745e-06,0.20009981507939867,-0.43155392664926334,1.702677256292753,0.2664582313966136,-0.021782286527235812,2.9827902413654876,-0.009734327251921387,0.003758084794309502,0.021523421120814824,25.0329899763877,121.56540577729224,11.270656291950882,1,101265.32237196813,-0.005274185189333626,0.0057888630630238205,9.925769140263956,0.01271658143880991,0.012218845527453491,0.004584214291355304
15.3,0.16336328490613183,0.0006928592810250305,4.554069849789245,0.055146024273487436,-0.00035263976011327394,2.9810045776416945,-5.867969428301034e-05,0.003403985881305749,5.685060833429528e-06,0.22567093431650223,-0.43166179063377597,2.051091544677893,0.27007522473584106,-0.014936708319730194,3.0065554807597024,-0.00977640250360078,0.002716273810834391,0.021808368974291937,25.0329899763877,121.56540577729224,11.270656291950882,1,101253.04271921967,0.001315079392583747,0.027492210637038477,9.88611649738723,0.014750027729663754,-0.000861176958015724,0.0046782213787958105
15.4,0.17001824780196845,0.0006787796125897999,4.852586294270826,0.060873048447802516,-0.0004083918753354129,2.988431105632214,-0.00010558328632086946,0.0020636493343673123,5.781028221135116e-06,0.2528997404435939,-0.432912245594863,2.3521079284044517,0.2741350649496593,-0.009904397956105301,3.013390538581096,-0.009952577822510753,0.0012825711505508597,0.022125158814329138,25.0329899763877,121.56540577729224,11.270656291950882,1,101254.25048472478,0.05244405165009694,0.021846388654212734,9.873927245317073,0.00845027417293472,-0.010297969652153367,0.008954644124759048
15.500000000000002,0.17677009702177138,0.0006756787100786468,5.151693411252473,0.06546168202352175,-0.00037992378812941416,2.9929905861121866,-0.00013737502745205562,0.0006269673305485668,5.911333355773735e-06,0.27841754339134844,-0.4315534214094243,2.722388404281782,0.27444897637054944,-0.002488475228059469,3.0365216584773096,-0.010357393796766794,-0.0005122890041733275,0.022354436822942112,25.0329899763877,121.56540577729224,11.270656291950882,1,101255.65638899906,-0.017468481638488548,0.012841200528934381,9.835310910640063,0.009859339445690481,0.005169888032728526,0.004625071067109717
15.600000000000001,0.18347127967093896,0.0006865753413885717,5.451134335351594,0.06821493811245408,-0.0002728497727540935,2.995251819502312,-0.00015002166013089344,-0.0006607615761875518,6.0359188427075466e-06,0.30593221657007924,-0.4314813270682603,3.0261332562750733,0.27561971451565337,0.003521599316206056,3.037936174349965,-0.010423750381350412,-0.0018649228744211932,0.02257004334493238,25.0329899763877,121.56540577729224,11.270656291950882,1,101283.3110589098,0.07468222361332635,0.019287978290377053,9.813828471002072,0.012782050827603537,-0.0030331388179610126,0.004180495414473399
15.700000000000001,0.1899925025000077,0.000712487393085675,5.750708048430032,0.06879666230870637,-0.00010315200257089306,2.995783756973642,-0.0001420822601654932,-0.001598794762977418,6.111184789928012e-06,0.3334698083114078,-0.4307804887601171,3.32993839208911,0.2747022455224208,0.010606391345332925,3.0381585896870247,-0.010443985713529239,-0.00285307214863062,0.022878408272081853,25.0329899763877,121.56540577729224,11.270656291950882,1,101259.87861683515,0.09814035690123901,0.03904923613530806,9.809487721473536,0.011937686391416675,0.013745152358910395,0.0057598453719259375
15.8,0.1962422353312686,0.0007523423042157714,6.050274800279323,0.0672547034557387,0.00010452887459814582,2.9952352887867195,-0.0001150314851788385,-0.0020598042190753674,6.121092654597053e-06,0.36099683811786054,-0.42938355871502715,3.6337200446538875,0.2747317344402635,0.01717694931899578,3.0373614396068493,-0.010569768491534938,-0.00320436130966395,0.023229378488421486,25.0329899763877,121.56540577729224,11.270656291950882,1,101251.12376651146,0.007129412313969345,0.021806582894384422,9.791768329127972,0.008123703373647817,0.020639832140802894,0.009300602183121525
15.9,0.20217850994295583,0.0008031728826835856,6.349756526950264,0.06398079313651305,0.00032054573198404796,2.994210636210988,-7.305342923670597e-05,-0.00200353090350025,6.089631882070975e-06,0.38891533295654085,-0.4275769850365411,3.9218737707938205,0.2742426773552373,0.022145960473798677,3.031630225007926,-0.010634254838977567,-0.0032221776295979776,0.023374683151423246,25.0329899763877,121.56540577729224,11.270656291950882,1,101244.8907998501,0.04152054792938267,-0.014668227871003824,9.776456181179427,0.01406683972943649,0.015535273579608395,0.00669142994662354
16.0,0.20781193382136082,0.0008605670219358095,6.64913245490367,0.05962118053360917,0.0005145134599459404,2.9932461623052484,-2.2373508978669864e-05,-0.0014770772206664784,6.068673811070931e-06,0.416169153526945,-0.4250917965313736,4.224959757598176,0.2718102114070043,0.028002713092488182,3.030025609862268,-0.01063957019832399,-0.002832621324921236,0.02371081872449298,25.0329899763877,121.56540577729224,11.270656291950882,1,101225.34666280077,0.04616253238292431,0.0064238788834899835,9.791373261703397,0.01995254829112343,0.019918208102761528,0.0043950073931619555
16.1,0.21320017953913634,0.000919308886807537,6.948428242707568,0.05495052709292336,0.0006595709603177499,2.992711018234062,2.958300258791912e-05,-0.0005996785995896481,6.109711170479701e-06,0.4446435910284015,-0.9273037134646828,4.631966799914567,0.27126907534601036,-0.14133553379463537,3.0577572435483873,-0.006764872726029233,-0.0021402681180975325,0.02404393972627432,25.032986897949062,121.56540419078084,14.657634984728645,1,101241.56371465752,0.08264805375030067,0.02967911587560676,9.795316160020219,0.01534557119118348,0.021365887619286913,0.007773550746876233
16.2,0.21843542518366127,0.0009741243483932599,7.2477021076262425,0.05074069202712504,0.0007366091376876025,2.992846625637339,7.546942112649958e-05,0.0004602689641386437,6.236232829903394e-06,0.4719361748024065,-0.9412566691080987,4.93774215950809,0.27326205531714304,-0.13797572858577245,3.0577640094010623,-0.006994746425421559,-0.0008870555611362185,0.024314099422033397,25.032986897949062,121.56540419078084,14.657634984728645,1,101236.8902417718,-0.002659063525139123,0.004698545360383707,9.792893813503149,0.010591274745796962,0.030508376358626764,0.003984861777184602
16.3,0.22362715720934356,0.001020424670537782,7.547026465113244,0.04762792982702198,0.0007360459811805634,2.9937625185962724,0.00010880570288584982,0.0015184689594918144,6.426729004910375e-06,0.4997452869751255,-0.9547048436260223,5.21924710305354,0.2746342831000507,-0.13431036795168216,3.0516680934661564,-0.00715014274098566,0.00031845451608281117,0.024493318515013733,25.032986897949062,121.56540419078084,14.657634984728645,1,101250.53484505511,0.09399846518005087,-0.018453911544638945,9.809028739206022,0.006405753766025875,0.029622899578845438,0.0072244671259531785
16.400000000000002,0.22888332673088985,0.0010549581145660879,7.8464710539026985,0.04602365274407528,0.000660226156108031,2.9952883637266265,0.00012519019836687632,0.002405888323183669,6.642224759689628e-06,0.5274669155237768,-0.96795216831874,5.524464699567753,0.2800233134355746,-0.13055955398455726,3.052741714308657,-0.007161293865904618,0.001370375987124861,0.02471070584894631,25.032986897949062,121.56540419078084,14.657634984728645,1,101226.75466451122,0.03576686147431989,0.04094552821380355,9.809775567353793,0.004005327009369267,0.025490260988634727,0.007421411766709646
16.5,0.2342930527778771,0.0010762376813046846,8.146090298836135,0.04606995405989563,0.0005220462846483628,2.997221292670036,0.00012278251846368208,0.0029919389604045055,6.840240430986693e-06,0.5554661457104755,-0.9809570146040645,5.840845579122524,0.28494842250180885,-0.12632669223007983,3.057526539586586,-0.007200339903155661,0.0017302746329770358,0.02509776492540295,25.032986897949062,121.56540419078084,14.657634984728645,1,101235.60747469845,0.09484832228422305,0.019852510568835288,9.82657743963958,0.01153462320146961,0.012733626065711136,0.005831571061653404
16.6,0.23991359552847014,0.0010847089890933784,8.445911935448757,0.04762742495832976,0.0003426776576819048,2.9993125550575668,0.00010237792572012383,0.003205944692566298,6.988645071599633e-06,0.584207284908307,-0.9933921793903548,6.146691574777291,0.28913551818180955,-0.12244691331633183,3.0594670673792788,-0.007357885233425437,0.001743824943225114,0.025285660564697773,25.032986897949062,121.56540419078084,14.657634984728645,1,101223.50273193356,0.07766649831853824,0.025714406605252614,9.818047537749282,0.005247525315043323,0.02153201604106269,0.006794722449774643
16.7,0.2457634746904771,0.0010826365531390607,8.74593367303433,0.05032557667153381,0.0001493983485334411,3.001211424784415,6.761280825109882e-05,0.003042844316647919,7.074830835074669e-06,0.6140514512762729,-1.0047178257241758,6.422585422498049,0.29392540645790416,-0.11848353582077552,3.053142353553588,-0.007755469011924244,0.0014093702401374308,0.025449775789768276,25.032986897949062,121.56540419078084,14.657634984728645,1,101231.13201225697,0.10877797454568425,-0.003228052346588555,9.819008235023993,0.011543935477333008,0.010310332219992512,0.005302138677740213
16.8,0.25182249662222944,0.0010737150938945718,9.04612504543758,0.05363832256063037,-2.979885263024269e-05,3.002693670719551,2.3929556735706704e-05,0.0025585277757069758,7.108044675898303e-06,0.6436986766811919,-1.0163541089603287,6.727958412736352,0.2983289454702634,-0.11430294090397967,3.054168377708824,-0.007729314611218211,0.0008067960559958731,0.025689147052064217,25.032986897949062,121.56540419078084,14.657634984728645,1,101197.75544160705,0.0244560113774756,0.0035238214330244495,9.803196968440183,0.005735588111001265,0.009239001920357152,0.005994415879933099
16.900000000000002,0.2580381631553089,0.0010624962008421383,9.34643311572555,0.056981253186370054,-0.00017006625415796585,3.0035519924891814,-2.2240323015124984e-05,0.0018568634738151957,7.121930784107862e-06,0.6756572084464697,-1.024754355044448,6.952794423283146,0.3007389072825908,-0.109460611564276,3.0335285180683718,-0.007822937102898601,6.748229184183607e-05,0.025961069506829186,25.032986897949062,121.56540419078084,14.657634984728645,1,101218.11623448959,-0.0028282367172037595,0.036577006321628476,9.805388332329752,0.012749762903805216,0.012834191199927882,0.007826165403509758
17.0,0.2643367780743616,0.0010536950675967785,9.646793021081606,0.059815830459592746,-0.000252134990498838,3.0036924025659135,-6.403187314693123e-05,0.0010670080234538304,7.137815500690403e-06,0.7058363755418315,-1.035513560073032,7.256149584982327,0.3028243973505898,-0.10562866571423826,3.0335485433096987,-0.007801830906089772,-0.0005157512224671645,0.026202265881108907,25.032986897949062,121.56540419078084,14.657634984728645,1,101208.59034080697,0.03961388134130762,0.03678827022272385,9.802779237167377,0.012552444482550447,0.003518302404790648,0.005983338938231878
17.1,0.27063705188292997,0.0010515010581538527,9.947137795892926,0.06172386930365027,-0.0002663251139527562,3.003218593340668,-9.554958556413623e-05,0.000322673635950288,7.156597573168341e-06,0.06394250438999675,0.084059435739703,7.543689987494301,0.05116821679988917,0.3266198187230903,3.0261460472856765,-0.01824934117290723,-0.006868612538110108,0.027361293666975404,25.033005851716297,121.56539693307472,20.73898386122135,1,101184.89258601335,0.11032523913078078,0.009365767167269522,9.783941556947836,0.009489005072303205,-0.0019559115496915816,0.010670084792861297
17.200000000000003,0.276863798539424,0.0010589934782609335,10.24740840213491,0.06246654822624721,-0.00021312193739558984,3.00223189261391,-0.00011266405810239662,-0.0002586726601874201,7.167194023716189e-06,0.06882091840728032,0.11732398435974473,7.846238799861908,0.04700459791867017,0.33868166263875904,3.0249373951615692,-0.018613213845719616,-0.007677675340798995,0.02773071400291991,25.033005851716297,121.56539693307472,20.73898386122135,1,101203.25559787592,0.11338529566708397,-0.008679322382540353,9.797680330179148,0.015580582546907642,0.01346787638525906,0.00790225436042135
17.3,0.28295952255915685,0.0010777400514159696,10.54756378691807,0.0620157714323362,-0.00010240229609042467,3.000925562696614,-0.00011333840904170863,-0.0005963834677142898,7.159310889052746e-06,0.0730547403010866,0.15100689984676127,8.199803049757744,0.043316547126034784,0.35168090546296155,3.036585034509562,-0.0187076180316988,-0.008391412714274127,0.028016635696462858,25.033005851716297,121.56539693307472,20.73898386122135,1,101194.77138922317,0.104921459098608,0.013466810005898637,9.787454513223643,0.008299104776212193,0.012958762236208274,0.007446595907824682
17.400000000000002,0.28889223017444776,0.0011076226259086521,10.847584890541464,0.060534804877786674,4.7560437603421265e-05,2.99956279406499,-9.808605691060045e-05,-0.0006545632199022045,7.124843061031449e-06,0.07713210295261383,0.1868480961276652,8.503374801636411,0.03846503045430599,0.3651524603250909,3.034806948973172,-0.018709004884597154,-0.008696359355435446,0.028381953962099832,25.033005851716297,121.56539693307472,20.73898386122135,1,101201.9841319408,0.06257235190084584,0.052016022485437075,9.786241873313852,0.01352558311053553,0.014479918513722413,0.007175962381856663
17.5,0.2946585863824725,0.0011469195794141073,11.147476477806372,0.05834170118760444,0.00021341483711083696,2.9983657241028956,-6.981152125078556e-05,-0.0004452544013837656,7.065369992211003e-06,0.08125430308632173,0.22538584045651888,8.73787529584082,0.0331161992853577,0.37838211736384425,3.0155511273142053,-0.018922760375637317,-0.008588321601390225,0.028582773601776162,25.033005851716297,121.56539693307472,20.73898386122135,1,101210.66841913515,-0.005814021927239767,0.006407048263728114,9.78687082965355,0.015805040033112824,0.020236522268865145,0.003666600339776872
17.6,0.3002822444742462,0.0011926321952471144,11.447264485590113,0.05584556192582959,0.0003707299137261647,2.9975189656712136,-3.3072891604128186e-05,-2.3085583887194616e-05,7.0113490357519774e-06,0.08444100405507912,0.2638999340802358,9.03935420273381,0.03054625949978188,0.39149362250498804,3.014174907459792,-0.01918599565930036,-0.00833823866836636,0.02882040660568832,25.033005851716297,121.56539693307472,20.73898386122135,1,101191.90155261985,-0.022481432134855976,-0.008711605150323588,9.800334118645127,0.007100234444591435,0.016869821770078765,0.005737183795445938
17.700000000000003,0.30580799085700094,0.0012409554180132787,11.746989602497118,0.05347181554926446,0.0004969244858449835,2.9971283588436712,6.394093411271345e-06,0.000527573776896606,6.992409637201015e-06,0.08752303217327995,0.304708571309599,9.296271727717182,0.02606318165877404,0.4040246379522426,3.0018132368120574,-0.019273396076367015,-0.007825487777439522,0.029167284162126522,25.033005851716297,121.56539693307472,20.73898386122135,1,101172.28352181135,0.027595036472450023,0.051451047083664374,9.80106793011159,0.0074500186977017515,0.01863304433091685,0.006158989305368775
17.8,0.3112929651919688,0.0012878600443810002,12.046699800383136,0.051593961839474754,0.0005750190484270113,2.9972302882427084,4.276825465882447e-05,0.0011078703461875339,7.022935406941803e-06,0.08988790042701725,0.34584416546741414,9.596413872655303,0.022282282814086913,0.4184964746522517,3.001143296399077,-0.01959705426945673,-0.007701092048090663,0.02937700240478426,25.033005851716297,121.56539693307472,20.73898386122135,1,101180.19501209469,-0.010123844384623867,-0.007954517356549298,9.797198797688276,0.0075485954950792545,0.014653604335850237,0.005151642065904893
17.900000000000002,0.31679653144163833,0.0013296889817091568,12.346441614129251,0.05047553965041281,0.0005954797052610209,2.9977679506067867,7.081891145995014e-05,0.0016222473262486048,7.099175800904901e-06,0.09201162114457558,0.3887547150869896,9.885049306185277,0.018854968094707398,0.4328557815120135,2.9979408712752553,-0.019852170099382383,-0.007071544040702982,0.02976374264149745,25.033005851716297,121.56539693307472,20.73898386122135,1,101158.48854576003,0.13086588915970404,-0.012165807275785888,9.81503948044521,0.008012747935292235,0.025054094980011127,0.003842593949148485
18.0,0.32237052819462997,0.001363678104220765,12.646253141944127,0.050238945340871276,0.0005578014304046293,2.9986124252546027,8.679664824363001e-05,0.0019927251955571545,7.2039237583189415e-06,0.09378742458750407,0.4327378446701265,10.184849460877047,0.01582729829772178,0.44690790791524054,2.9980853356541846,-0.019936922386894724,-0.006857862407730675,0.03003855437832609,25.033005851716297,121.56539693307472,20.73898386122135,1,101177.32296838619,0.00982772353559866,0.024562057248766322,9.813235126256963,0.005780080382851125,0.028878225916227095,0.005443352564774761
18.1,0.3280514501407726,0.0013883258660744614,12.946158325681926,0.05085415642477131,0.00046997785728706805,2.99962250155587,8.891192605734446e-05,0.0021705623238668093,7.31630321750023e-06,0.5145440371499483,0.09519874502259497,10.503786919202916,0.1269252069075128,0.35787998009096683,3.0033974373595327,-0.018315541571478813,-0.004491496502965653,0.030137157285398147,25.032994385908093,121.56541238281393,20.246967934075105,1,101169.4100123698,-0.023465998583705273,0.029652010866458058,9.816653392855907,0.015159377945534055,0.021066397473022726,0.008670995494164568
18.200000000000003,0.3338557033244412,0.0014035558291163887,13.246163960617995,0.05215511818086781,0.0003469234707931927,3.0006110317021477,7.744356278811369e-05,0.0021424390225233125,7.410636880696928e-06,0.527200773719495,0.13166447681895066,10.804134410572646,0.12698440010552767,0.37128212266937755,3.0035973059028525,-0.018379875404720226,-0.004731670829297041,0.030480095950107595,25.032994385908093,121.56541238281393,20.246967934075105,1,101168.78096307053,0.08066565859237797,0.02706382782261174,9.817043411903745,0.015691107626462635,0.019216431847170094,0.009469735640740029
18.3,0.339778507318521,0.0014106734489984015,13.54626075959314,0.05388034959808904,0.00020827384920942853,3.0014304906935285,5.4695394997433136e-05,0.001928394703938796,7.475593438879785e-06,0.5397738258053307,0.16904332630724014,11.119998858611176,0.12564315243726581,0.38465370578934877,3.007554342034984,-0.01835055848098372,-0.00483285476320594,0.030958449370659627,25.032994385908093,121.56541238281393,20.246967934075105,1,101172.96150190487,0.10887413296024076,0.015244738469467075,9.802086523243934,0.01071145338412581,0.016512849708742526,0.0098976696809601
18.400000000000002,0.34579630732225,0.001412115537902096,13.846425151676238,0.05571795504153339,7.489197201725425e-05,3.0019612371399935,2.4480940284304085e-05,0.001577605943005489,7.5179065780992794e-06,0.552355463850542,0.2081441591472394,11.420751873191302,0.12533801695513075,0.3969394874766902,3.007404825000204,-0.018757762345298256,-0.005184372445941721,0.031303898753627,25.032994385908093,121.56541238281393,20.246967934075105,1,101154.78344602424,0.0199372143866917,0.028779437946899508,9.799573566855052,0.009113802109552965,0.009178136334166039,0.00855714964773224
18.5,0.35187205140148037,0.0014110333294295766,14.146624683471492,0.0573640208483235,-3.3802347855776274e-05,3.0021159497986405,-8.404504331321057e-06,0.001157074052791529,7.546943574225233e-06,0.5648640106701394,0.24850419510953595,11.720051571845575,0.12407227787052404,0.4094012359158109,3.0063836396515646,-0.018844142501701223,-0.005752533611794064,0.031673983229516436,25.032994385908093,121.56541238281393,20.246967934075105,1,101172.04057758217,0.00201427906473238,0.004996880035260833,9.80622878988973,0.009801703701422214,0.015551895064038417,0.00684658801447897
18.6,0.35796223510921243,0.0014107940167605141,14.446823954322593,0.05856902304076835,-0.00010290138615070784,3.001931343789038,-3.893110749452334e-05,0.0007393824514307923,7.567627950701478e-06,0.5771682025052732,0.29013041680647617,12.020671514594355,0.12218899481502757,0.4235181699782939,3.005781115955356,-0.019200015254893715,-0.006273304227492726,0.032078602379939834,25.032994385908093,121.56541238281393,20.246967934075105,1,101136.78708223364,0.07600397446300976,0.045273233159745976,9.797820500938588,0.009363889859849149,0.016571181431492846,0.005883552375483342
18.700000000000003,0.36402441746414926,0.0014144755079822414,14.746989709492409,0.059170733764322234,-0.00012444840645985892,3.0014585577005355,-6.28132166374792e-05,0.0003922677220746795,7.579529607863427e-06,0.5892533179421,0.33199582827762425,12.350623225776001,0.12204503510692685,0.43729440554027477,3.0118077041811855,-0.019448448403045146,-0.006744230240446347,0.03238975377798763,25.032994385908093,121.56541238281393,20.246967934075105,1,101139.19740487283,0.11954297987699944,0.031135585822467823,9.793792600189393,0.007049947246296309,0.012929555814952781,0.0003648874769090508
18.8,0.37002396482261013,0.0014244305040150675,15.04709699022518,0.059119633164984996,-9.742246520621722e-05,3.0007718061611004,-7.684514072086476e-05,0.00016614008108151168,7.581514261758788e-06,0.6013615359992851,0.37647978926922404,12.651758295270753,0.1200370132022546,0.45247297430547806,3.0107585515540105,-0.019510248426173306,-0.007003860355497604,0.0327543179459669,25.032994385908093,121.56541238281393,20.246967934075105,1,101162.76175922212,0.015792656877622477,0.016586477058861463,9.791252399392784,0.006762190527322115,0.006383305378743272,0.008384918210283214
18.900000000000002,0.37593900615780274,0.001441975518013248,15.347132256273186,0.058474612924890736,-2.8104253158774133e-05,3.0000198750302047,-7.939590281991915e-05,8.784911375769866e-05,7.571305107639151e-06,0.613519478573693,0.4282621630269812,12.829430091440653,0.11769063530593263,0.46925281915881284,2.9796535213276916,-0.019519725068210522,-0.00740195778172259,0.03317829311702593,25.032994385908093,121.56541238281393,20.246967934075105,1,101146.91816010256,0.037857738659796636,0.02990273500024656,9.792917074251875,0.0033177071455313496,0.017300782157932296,0.00677168763117072
19.0,0.3817629556913616,0.0014672459300703866,15.64709438969622,0.05738454008907162,7.106076107887073e-05,2.9993236221549178,-7.072650010655078e-05,0.00015895916090769013,7.544132531052431e-06,0.6251399501883098,0.4758950011160678,13.1273166480803,0.11435028471549634,0.4829040152442647,2.978046836245318,-0.01967098596792748,-0.007515661717051314,0.033620422359755535,25.032994385908093,121.56541238281393,20.246967934075105,1,101141.75768412024,0.11453884877186035,0.03663059444413279,9.79263124841778,0.003860801439072418,0.017293764532810264,0.010162905187702749
19.1,0.3875043953565421,0.001499244638853825,15.94699454365563,0.05606032070089961,0.00018420316385708805,2.9987913995352393,-5.262762809636407e-05,0.00035621600765511907,7.509647903044558e-06,-0.03523885634350687,0.0617373289059223,13.43313937396645,-0.08483467274686537,0.36266580302956825,2.9791126798808696,-0.01727067998315273,-0.01137910170028733,0.03480274045590298,25.0329938137454,121.56538944868652,29.222874560332023,1,101134.18953774644,0.047954783719252665,0.04961145716849428,9.789885810421744,0.018173569390533256,0.011123072259490982,0.007237025160029564
19.200000000000003,0.39318452861224157,0.0015360425362066358,16.246852793440247,0.05473290878913151,0.0002938811521550458,2.9985018115003146,-2.8283278196096446e-05,0.0006382100162951598,7.484251664627405e-06,-0.04391494430706989,0.09856857663625218,13.730998312291407,-0.08821833506932023,0.37386451198919324,2.977929016033553,-0.017408633801431195,-0.011468527218600366,0.03504293052833457,25.0329938137454,121.56538944868652,29.222874560332023,1,101152.25393933467,0.0895227746090576,0.007485889277328713,9.796922127878588,0.010388717760290699,0.022422884253392745,0.00860974059022455
19.3,0.39883280860437065,0.0015751063174770403,16.546694413527746,0.05361664011059686,0.00038422156788327694,2.998469528666567,-1.5966683537096914e-06,0.0009530128217143385,7.480942368105047e-06,-0.053081343450465376,0.13661010991270545,14.02635953960028,-0.09549933540867384,0.3848756454335694,2.97648194162837,-0.017538425514789444,-0.01134616053662918,0.03547371572986687,25.0329938137454,121.56538944868652,29.222874560332023,1,101136.67613331952,0.07652408126950344,-0.0148683626381267,9.799870625553202,0.011578780626830314,0.012359958553834111,0.009892315548493132
19.400000000000002,0.40448156672524527,0.001613701739528915,16.84654553062293,0.05287564721598762,0.00044298688319229835,2.9986884423938567,2.3411680096977022e-05,0.0012471085520540104,7.505718084413737e-06,-0.06309603384270562,0.1756979831386246,14.323986313347637,-0.10393204824957711,0.3975412540404173,2.976045960318704,-0.017848653420911485,-0.011351240808721963,0.03591095567215934,25.0329938137454,121.56538944868652,29.222874560332023,1,101135.53357100578,0.0403963322053792,0.0673841996576494,9.807505479947219,0.004359891907681449,0.024353088971596985,0.00816121568854876
19.5,0.41016057466612554,0.0016493066744590254,17.146428502906485,0.052599891103626194,0.00046308713153730367,2.999104331761547,4.3104215276003105e-05,0.001474832112974278,7.5567835397422405e-06,-0.07387251066624226,0.21954751159467015,14.546703617754051,-0.11088556886341425,0.4118039584620091,2.957988047530563,-0.01815836282126332,-0.011594972541813853,0.036379497429423556,25.0329938137454,121.56538944868652,29.222874560332023,1,101108.05687433529,0.04984502125298942,0.006974084145465083,9.804422647505682,0.010269122922593204,0.016467644806863305,0.007253141742292881
19.6,0.41589243778663515,0.0016799724940780411,17.446358883329943,0.052798040773660085,0.0004436835159322002,2.9996316985118856,5.4880756567151406e-05,0.001604578948726676,7.626644902185725e-06,-0.08547826876590998,0.261370940122025,14.84247355942589,-0.1205893549376838,0.42515842535678455,2.957415357705049,-0.01842869449618466,-0.011545690141681941,0.036839615066234246,25.0329938137454,121.56538944868652,29.222874560332023,1,101109.39273973458,0.10863328639346703,0.0527685383195985,9.803088288041454,0.009069411992193615,0.02472341151505145,0.008118350218495815
19.700000000000003,0.42168948853134264,0.001704580584223137,17.74634332496324,0.05340127184312956,0.00038969148599580676,3.0001779828547805,5.743356022437115e-05,0.0016230907854146714,7.703721898619412e-06,-0.09794339029505451,0.30336790973570466,15.16107789615786,-0.12953305288383415,0.4380658510806578,2.962192324052184,-0.018362079302978104,-0.01157068640747827,0.03728705578960756,25.0329938137454,121.56538944868652,29.222874560332023,1,101121.98224874937,0.07174842694541281,-0.002368295688703009,9.817195274843664,0.008664635231470175,0.01648631900111551,0.009465342879646633
19.8,0.4275525905315274,0.00172296240855236,18.046379387249356,0.0542812116178931,0.0003109209588825007,3.0006552163802267,5.0877166595292704e-05,0.0015359534415295695,7.774017872827886e-06,-0.11117955251229902,0.34777608598205684,15.457279408416209,-0.13552826613424981,0.4500195297406231,2.9617243078997024,-0.01846564207897202,-0.0117054115589319,0.03772807582168752,25.0329938137454,121.56538944868652,29.222874560332023,1,101111.423003201,0.023144621095224235,0.028577908348046584,9.815750644218623,0.008806030416394104,0.011574595984241941,0.007885613798482592
19.900000000000002,0.4334718871207699,0.0017358780635500848,18.34645652541045,0.055274670308189736,0.00022035335398491138,3.0009942039383213,3.669089854360102e-05,0.001365347814550999,7.832966903488647e-06,-0.12484496441078176,0.3885865368363636,15.833213955611894,-0.1447616824946255,0.460807366754747,2.979881958105955,-0.018556062082143363,-0.01205769625908193,0.03823977749421305,25.0329938137454,121.56538944868652,29.222874560332023,1,101107.84308679217,0.0659100259499295,0.014214231521259123,9.804853321193658,0.014245728794332552,0.011108152123216797,0.009119855432348277
20.0,0.4394292211654903,0.0017448503036278976,18.64655830989796,0.0562127429435624,0.000131929134264187,3.0011412735834404,1.736555127435107e-05,0.001145299371834163,7.880642512281622e-06,-0.13967946907815917,0.4353071735899112,16.131185913812857,-0.15227559646777736,0.4735292634399238,2.979440977659325,-0.018841240363658703,-0.012627916113614246,0.03862468006580511,25.0329938137454,121.56538944868652,29.222874560332023,1,101094.3063943251,0.0763652147349537,-0.0003136354148987469,9.801378967268024,0.016517844656569313,0.012112594727158012,0.007889904173562572
20.1,0.445401712869245,0.0017518960837759313,18.946665758244656,0.05694921584750472,5.870128790365221e-05,3.0010950008600332,-3.913302168461158e-06,0.0009148153320743813,7.918484763441212e-06,0.16552632295079292,-0.4833478146097149,16.489726537953665,-0.06123936894943039,0.19874859598804626,2.994637947824815,-0.013033832712838526,-0.01159189943574046,0.03906107669347581,25.03298342342143,121.56540609315783,30.744215070363733,1,101095.68699081504,0.03819178240260761,0.01199489414501424,9.799021483695768,0.01013842137906923,0.013093969107216444,0.007661869196552581
20.200000000000003,0.45136581714875457,0.0017591999153300866,19.246760197483223,0.05738020348863959,1.0492099438592621e-05,3.000883953108647,-2.3911715455189114e-05,0.0007120185061075812,7.94688042376629e-06,0.15903913716763624,-0.46307609788086224,16.789153426119675,-0.06812718367152619,0.20644552697102375,2.9939374871951396,-0.012881278793626287,-0.011742667017531572,0.03970850808035355,25.03298342342143,121.56540609315783,30.744215070363733,1,101089.22979161763,0.06336321573977631,0.032197228686379344,9.803267674119644,0.01565578866752567,0.010002788009698846,0.01271872391510683
20.3,0.45730116280486927,0.0017687827510902074,19.54682650141053,0.057459810120278565,-7.063907939835903e-06,3.00053945261189,-3.978875403734045e-05,0.0005675717431901095,7.966525654524805e-06,0.4178748800633239,-1.926055445811684,17.106043946329038,0.04781043772529019,-0.4689119383899947,3.001577552413964,0.00338891035528947,-0.009688035377464432,0.04106706388918764,25.03298342342143,121.56540609315783,30.744215070363733,1,101088.16364772269,0.0657705464887206,0.017597263337459985,9.797289386070833,0.00872969348366076,0.011866098978719394,0.008309468814764121
20.400000000000002,0.4631935865059779,0.0017822136775099504,19.846855405093773,0.05720288754041629,7.010256414544091e-06,3.0001356471949645,-4.9388067258694e-05,0.0005000137024244733,7.978630660326022e-06,0.42249590033508483,-1.9731795114648947,17.406141776735215,0.044361047937174714,-0.47366622835906014,3.0004127903910596,0.0035192221015526645,-0.0099421823574668,0.041502742958813406,25.03298342342143,121.56540609315783,30.744215070363733,1,101102.78221266871,0.05099661588439424,0.019644563879415808,9.796260644560913,0.010564270723710262,0.016412950891538002,0.010609664632829625
20.5,0.4690369302986029,0.0018004022310481684,20.14684417870696,0.05667611446919213,4.870715788719604e-05,2.9997435291351,-5.1671897406871186e-05,0.0005145162821165172,7.981396453534468e-06,0.4255050357190077,-2.0174358876532,17.759525093237738,0.036375849029070685,-0.4785092323892173,3.011440404714422,0.003342861793661181,-0.01001589802926306,0.04207704807245,25.03298342342143,121.56540609315783,30.744215070363733,1,101090.92107750458,0.06816438438768285,0.02626096672937287,9.799533576748178,0.0190451033818291,0.01289023647566929,0.008256811709088157
20.6,0.47483341787262223,0.0018235046477325417,20.446796987607247,0.05598571420140937,0.00011030892350882223,2.9994217453117678,-4.673649743411422e-05,0.0006022986080029824,7.97572468409909e-06,0.4288344320578659,-2.0656163897060114,18.060625501060287,0.029487028619071314,-0.48564525989895474,3.010510900305827,0.003441982493753413,-0.009834106467385473,0.042562168247910454,25.03298342342143,121.56540609315783,30.744215070363733,1,101090.4421974123,0.08369248606760449,-0.0034914450751172,9.79417684707536,0.0096747571576868,0.013255363648674953,0.009738730431371297
20.700000000000003,0.4805926491486902,0.0018509472266356642,20.746723430379372,0.055255462544468316,0.00018156816562762572,2.9992248027494015,-3.572894047129688e-05,0.0007435294142474902,7.968719919105924e-06,0.43282478255631224,-2.1191528113877154,18.293816740754924,0.024167877156128535,-0.4941873680923273,2.9945425801027423,0.0035330862186559037,-0.00961204007926808,0.04318374653953203,25.03298342342143,121.56540609315783,30.744215070363733,1,101071.22929810036,0.06737434185892692,0.010654974560108122,9.797998584204878,0.013474199569323277,0.013958078958056707,0.011193842616679127
20.8,0.4863294877405939,0.001881552197296473,21.046636488553826,0.0546058300553313,0.00025136317727264844,2.9991639267915904,-2.06648766659907e-05,0.0009115003128408183,7.96842700751079e-06,0.4350409184646663,-2.168919588162085,18.59322740367409,0.020270242313966402,-0.5013238060532997,2.9937248099769493,0.003636010546953873,-0.009679030565062252,0.04364299212686068,25.03298342342143,121.56540609315783,30.744215070363733,1,101066.5653893947,0.027859083063614162,0.019350365743710053,9.800864763669404,0.00468275642739271,0.012582568584524296,0.010496957222486615
20.900000000000002,0.4920612638337566,0.0019137468175882907,21.34655049585198,0.05413604892883036,0.0003095966456277271,2.9992400626635005,-3.9734818427349274e-06,0.0010768220524008942,7.980887530409742e-06,0.434720558460931,-2.2119298113092336,18.996937171180683,0.015875945483121694,-0.5057305582003453,3.0161726489827583,0.0036928310221332923,-0.009572440779313629,0.044161517977965206,25.03298342342143,121.56540609315783,30.744215070363733,1,101072.13616466739,0.09395090781619035,-0.010066521164503711,9.809464980525622,0.012914449994262727,0.01860750613843164,0.008415015090477894
21.0,0.49780478538057643,0.0019458188943023227,21.646478372326854,0.05390756846089596,0.0003483092967492147,2.999439135372691,1.177246784258946e-05,0.0012130802730403456,8.009124027977829e-06,0.4360255537260908,-2.262885866994799,19.298550840664383,0.010206797748514058,-0.5132103973401889,3.0160061719018527,0.003672009140195529,-0.009497929860432075,0.04470296901582452,25.03298342342143,121.56540609315783,30.744215070363733,1,101058.09047597338,0.012439653936056963,0.007554494224144502,9.800573969839094,0.012910119971090239,0.015554519644927633,0.00540542288722121
21.1,0.503573671712537,0.0019761779333549822,21.9464297336788,0.05393833000924129,0.0003629439930845836,2.9997113745628026,2.428196761457866e-05,0.0013006989015136305,8.052448328152274e-06,0.40951361788605306,-1.7310739112622588,19.62053808875208,0.004351022302681153,-0.5074372109691584,3.020531517159004,0.005119038505724691,-0.009484813778025902,0.04490024086608689,25.033013735839983,121.56540259058401,29.13054481715562,1,101053.74839909798,0.014158868588493488,0.021752499421782708,9.803062773194315,0.011223144333696877,0.012535016769922525,0.008438268854765412
21.200000000000003,0.5093764005206556,0.002003583045812878,22.24640977521122,0.0542036085015814,0.00035287084414933564,3.0000081763043953,3.193187639666549e-05,0.001329224273056706,8.107684039299366e-06,0.409646572117973,-1.782263456648066,19.922600872118434,-0.0006723978520381548,-0.516228999413618,3.020754050415969,0.005226306257449749,-0.009839472651182346,0.04547385508300438,25.033013735839983,121.56540259058401,29.13054481715562,1,101078.29762658084,0.09178609293098425,0.03641298640993952,9.80531854235239,0.008882166268111447,0.02039198165232791,0.009054304867112452
21.3,0.5152153364932761,0.002027303575800979,22.546418614278284,0.05464225590222117,0.00032103174742831883,3.0002823957040947,3.3882221519061685e-05,0.001298704904617587,8.167907123702061e-06,0.4116978442141647,-1.84235157123759,20.106194620944162,-0.003159557407120895,-0.5283865244469113,2.9949274389349045,0.005393760953752859,-0.009804248222434753,0.045963982474646184,25.033013735839983,121.56540259058401,29.13054481715562,1,101043.4269556843,0.07840968350609123,0.04817898625390165,9.805091238393159,0.013506570309329027,0.01876400828619331,0.01054793270504729
21.400000000000002,0.5210868256577691,0.002047197110797335,22.846451813517234,0.055170396357537656,0.00027349017535783246,3.000490473957613,3.0201378782398514e-05,0.0012185672093643074,8.226438347239334e-06,0.40077323348756383,-1.6583992938375578,20.502982335273366,-0.09102956400795467,-0.34997351558379497,3.021193211754617,0.0010846387245232736,-0.01576826496210426,0.02633683955127651,25.033013735839983,121.56540259058401,29.13054481715562,1,101045.400664443,0.06185080841136937,-0.0035898052106763806,9.788780690324698,0.008722390697487979,0.012850067207124744,0.009948300654344426
21.5,0.5269822477390889,0.002063695233606076,23.146501307520122,0.05569595633184767,0.0002182165381598553,3.0006041227149085,2.178001797611952e-05,0.0011055683333742738,8.28008157198348e-06,0.3919661683478014,-1.694983189400186,20.75028947450407,-0.10103740035812984,-0.3534625763689737,3.0090271074218324,0.0010146015446678182,-0.016050826029680554,0.02665033712816623,25.033013735839983,121.56540259058401,29.13054481715562,1,101045.10120066143,0.11488988252364904,0.005196965600438284,9.810570640310305,0.006384201648116641,0.01240669689428427,0.006398125771008763
21.6,0.5328897915168115,0.0020777029473124705,23.446557026495952,0.05613452563396996,0.00016386912986139453,3.000611053499873,1.0160476637908391e-05,0.0009804382191800354,8.327585611869163e-06,0.3813136361186961,-1.7306284791163336,21.05119243785428,-0.11197932164338271,-0.3589656203672401,3.0090504931987074,0.0009231832538578039,-0.016458513973948152,0.026932309618931855,25.033013735839983,121.56540259058401,29.13054481715562,1,101043.852510228,0.05085919296739553,0.02621484219525903,9.806974315948503,0.012931330210621064,0.019667514173902972,0.006944384020865522
21.700000000000003,0.5387966095343032,0.002090434526917724,23.74660865949091,0.056422130917033,0.00011843468607637571,3.0005214876044257,-2.7222844583797663e-06,0.0008642655164803337,8.368387702673644e-06,0.3697186217419489,-1.767170365931997,21.336879317056354,-0.12339915088523218,-0.3643733919434154,3.0053300906798195,0.0010589805141558647,-0.01698669173979095,0.027236852491827078,25.033013735839983,121.56540259058401,29.13054481715562,1,101055.31612897874,0.06906898779080667,0.02136948910450184,9.800050653629564,0.0033486590377457244,0.013326710308441254,0.011827825699551469
21.8,0.5446909642375135,0.002103214305357353,24.046647303456385,0.05652392069327548,8.79755515667942e-05,3.0003537722408966,-1.490943179865272e-05,0.0007751413212238045,8.402109115078045e-06,0.3567100922217365,-1.8038569383920557,21.637366082676472,-0.1363632807504867,-0.36957386488897376,3.0043861775471643,0.0008308888091498774,-0.017150447780037936,0.02766432395192099,25.033013735839983,121.56540259058401,29.13054481715562,1,101020.10775774794,0.03101945455944525,-0.009650577013085094,9.798012139572768,0.00982182340536808,0.024820238441887826,0.008875146523016757
21.900000000000002,0.5505640322447943,0.0021172746841812825,24.346666891779684,0.05643806188562707,7.608850093023583e-05,3.000141094940472,-2.4636376788126273e-05,0.0007252707342759734,8.429533878760335e-06,0.3420966433206973,-1.8405779314348065,21.965211285088632,-0.14882068271560325,-0.37397737504006723,3.0091662330001148,0.0008195089175749119,-0.017302735428946336,0.02806508893419795,25.033013735839983,121.56540259058401,29.13054481715562,1,101041.72584940902,0.030406948325288813,0.016242512986943833,9.800129143309064,0.018767484244516366,0.01862181462979342,0.008363372414956797
22.0,0.5564111010415459,0.0021335798961054,24.64666483551416,0.05619264355411935,8.332995083226851e-05,2.9999237617557784,-3.0613544783047165e-05,0.0007197186449678927,8.451755751608322e-06,0.3265662690598923,-1.8782419972463076,22.26608928443964,-0.16163757590386002,-0.3790507635989171,3.008465165641497,0.0009963046533066622,-0.017499919867612457,0.028512772228803926,25.033013735839983,121.56540259058401,29.13054481715562,1,101044.64092051162,0.07843711211870201,0.03330881703562032,9.793024810944372,0.007322991470469689,0.014296457053764913,0.007934206952758434
22.1,0.5622320124538316,0.0021526996666322283,24.94664228856789,0.05583962230356977,0.00010734750131081339,2.9997346315059388,-3.222148813766694e-05,0.0007559650469126655,8.468144683030236e-06,0.3406197531995231,-1.6056547341278942,22.64812650843083,-0.1576536259657817,-0.368989420983283,3.0251992172949405,0.001011525020172703,-0.01689158980976524,0.030389497767036762,25.03300392990861,121.56540546715743,36.32994289301913,1,101005.39245855127,0.04729929665538039,0.03902534233608382,9.803887353510985,0.006757379259592362,0.016590863043251705,0.0060232742863776025
22.200000000000003,0.5680308367249977,0.002174752866998519,25.246603664307102,0.05544433361653931,0.0001435584772346956,2.9996060230541954,-2.949383699249609e-05,0.0008248706318074728,8.480476575497588e-06,0.32423383578554704,-1.642772794348413,22.950629040773876,-0.16940972459514178,-0.373501536871514,3.024742298379655,0.0009690845045480824,-0.016836970919729355,0.0308603476681731,25.03300392990861,121.56540546715743,36.32994289301913,1,101017.7712042558,0.04799050530737889,-0.011187577336453324,9.802121578338356,0.011002613478849002,0.023081884811503344,0.012335110489598308
22.3,0.5738148897362946,0.00219941964206477,25.546555521237718,0.0550734662342123,0.00018578623647502228,2.9995505021343614,-2.3132708128405585e-05,0.0009129239860741212,8.492799910141018e-06,0.30723552872907656,-1.680693425170166,23.19816890338687,-0.1829171023270432,-0.37805106777282194,3.0131040754711376,0.000966931961499393,-0.01686652923899712,0.031283369422954115,25.03300392990861,121.56540546715743,36.32994289301913,1,101015.82346101804,0.08804321485844066,0.006986812763418686,9.795645071563351,0.0117408255435749,0.01575125597894802,0.004160198871834777
22.400000000000002,0.5795933049304367,0.0022260167765211867,25.846505541561797,0.054785309209727774,0.00022744943283982882,2.999568374202461,-1.431146960303213e-05,0.001004355721043071,8.509182306483008e-06,0.2884784698865059,-1.7187335209044194,23.49946200416505,-0.19365088906503317,-0.38310012043402836,3.0127916092755522,0.001184484974301233,-0.016988056378431704,0.03173642847508497,25.03300392990861,121.56540546715743,36.32994289301913,1,101012.69491389011,0.05234206113881994,-0.0011591344418420968,9.805033126373319,0.013022437154276065,0.009183036300353511,0.010719476763274048
22.5,0.5853754171521556,0.002253622274401137,26.146461094453294,0.0546199108407054,0.0002624649080508826,2.9996586725599257,-4.477197683341748e-06,0.001084085942842039,8.532835116296892e-06,0.26929875280018856,-1.7566701417761552,23.792235233206032,-0.23640918692084764,-0.38179850516587516,3.0107124431314,0.0011527525945484258,-0.019400419067899577,0.0049197370822255575,25.03300392990861,121.56540546715743,36.32994289301913,1,101019.10450671695,0.08656358201458011,0.03948221492577801,9.79859436948485,0.008619006618689244,0.009263018514712815,0.0066622229409784624
22.6,0.5911692424918953,0.002281227056691527,26.446427963299108,0.05459406758453213,0.0002860420990636518,2.9997970923500903,4.8231280931249515e-06,0.0011403212170773003,8.565501057422443e-06,0.24500130223871694,-1.7950811250138479,24.09329933889339,-0.24948592131296896,-0.38632106809876965,3.010755138737206,0.0011271914001539365,-0.019536570498514205,0.005157148483140287,25.03300392990861,121.56540546715743,36.32994289301913,1,101004.25036404272,0.08517323501447283,0.027575043259777367,9.794503570177133,0.011814696764449937,0.020884511437046015,0.010603699611892198
22.700000000000003,0.5969802906612294,0.0023078898945177386,26.746409764577447,0.054701417129103355,0.0002955127723209612,2.9999555976159384,1.2260514083248721e-05,0.0011657482768938632,8.607446720988017e-06,0.2198382326528,-1.833879515641875,24.351123068882153,-0.2633816967414596,-0.3918751503652389,3.0016529924516058,0.0012398911328179137,-0.01963213151983756,0.00550293851860904,25.03300392990861,121.56540546715743,36.32994289301913,1,100999.98102998661,0.03026907621376331,0.006510852136936936,9.802191153978512,0.012430440715921007,0.022912280785066057,0.00942780374246405
22.8,0.602810868023864,0.002332871375027695,27.046407391904097,0.05491421213468813,0.0002904410282624448,3.000110495285724,1.687921574616074e-05,0.0011586745196292547,8.656577270515074e-06,0.19272419852012346,-1.8732894843107453,24.651285520999544,-0.27916382978164556,-0.39630976423066483,3.001467629021992,0.001378061925210024,-0.01959131935281455,0.005749875989283259,25.03300392990861,121.56540546715743,36.32994289301913,1,101008.01464607699,0.10352197918853043,0.017860363918547492,9.806417271538107,0.007289363232492696,0.01655985305997146,0.01010758444773535
22.900000000000002,0.6086599554898738,0.0023557286343892977,27.346419146475526,0.055190038583958025,0.00027251520360297874,3.0002351292917027,1.8174160213749652e-05,0.001122763147465733,8.708054472520318e-06,0.16455473727833045,-1.912867290740435,24.90639219393506,-0.29555504390808196,-0.40242437804361,2.991769748593588,0.0011798703217835303,-0.019579439245031027,0.00601412930202579,25.03300392990861,121.56540546715743,36.32994289301913,1,100995.4200648161,0.021239044210112266,-0.06336971849624855,9.803649653024877,0.005992230165335763,0.01662315172994721,0.00964201908810017
23.0,0.6145236292703107,0.002376362633371985,27.646441213374473,0.05547969446278842,0.000245276750525187,3.0003134676981285,1.618773146780474e-05,0.001065976362689014,8.75904755520988e-06,0.13422816651122754,-1.9534142688276592,25.205557108315208,-0.3093175846916382,-0.4081833739925094,2.991544055985221,0.0011407131435827735,-0.01978346002992737,0.006301088616400276,25.03300392990861,121.56540546715743,36.32994289301913,1,100990.10495641292,0.11111858588025933,-0.01285814917723456,9.796244637909751,0.012846132154656036,0.010883715726470136,0.010149853326199831
23.1,0.6203959172187626,0.0023950085934441685,27.946468350553644,0.05573527380313372,0.00021335834211368216,3.0003359202456834,1.1432562736400904e-05,0.0009991281029011478,8.807727296582551e-06,0.12390783200439415,-1.7692670994239423,25.56479370425927,-0.3245956818324769,-0.40880084461300376,3.002863526909326,0.0013075927646860538,-0.019868345522984443,0.006535922821612814,25.03299938885607,121.5654031694311,39.798485917234444,1,101009.95910965714,0.10497829897521017,0.041963630755657386,9.79904930732268,0.015630697397051863,0.021699976676496778,0.010298196453302013
23.200000000000003,0.6262699232375455,0.002412178150750052,28.24649492241219,0.05591832157207285,0.00018180969157238636,3.0003015260601607,4.807386123860593e-06,0.0009337654347438828,8.853093664104238e-06,0.09076694875269767,-1.8104397280583484,25.86505602945971,-0.33832330324794346,-0.41481087531935734,3.002308864282764,0.001356453849227785,-0.019762605726060034,0.006895863827799646,25.03299938885607,121.5654031694311,39.798485917234444,1,100985.38876195658,0.052230808665888605,-0.001399066263434284,9.793996732745361,0.006514745650990913,0.018278280584048606,0.010689533740747194
23.3,0.6321390079670764,0.0024285644219398297,28.546515830867925,0.056004970554524434,0.00015524253734229012,3.0002219390783544,-2.580088646536213e-06,0.000880269469086592,8.894223966402392e-06,0.05619931796799247,-1.8520444650203314,26.15414535878073,-0.3549250247894129,-0.4205173763934051,2.9992870504509015,0.0013403323773149996,-0.01977361055881177,0.007280909776042092,25.03299938885607,121.5654031694311,39.798485917234444,1,100973.65482646758,0.03783863974868759,0.010162416384842717,9.811023820585532,0.01243101775954642,0.015924469781282202,0.009812601028759693
23.400000000000002,0.6379978359445562,0.002444927496401547,28.846527249712125,0.05598864174461078,0.00013720651252077282,3.0001127150413693,-9.596087217530621e-06,0.0008463680205472723,8.930897054300809e-06,0.020057901673676142,-1.8943232752562287,26.45406002242709,-0.36836514396451836,-0.4253887657101387,2.9989512261613576,0.0014282421246330878,-0.01986844590460457,0.00763755784833701,25.03299938885607,121.5654031694311,39.798485917234444,1,100966.19142490777,0.10076094608929621,0.025293706462585427,9.80061699329299,0.012780045986528096,0.01412015012836611,0.008175660943282316
23.5,0.6438431366833804,0.0024619778880424414,29.1465271847708,0.05587991153117895,0.00012978873830291383,2.9999938675806264,-1.5225579047831359e-05,0.0008360149611013057,8.96381406518738e-06,-0.01776070740946238,-1.9378030734699783,26.787813819388077,-0.3830679512040298,-0.4307336065620804,3.005181174651397,0.0016245206353587543,-0.019944608767489713,0.00792397038013608,25.03299938885607,121.5654031694311,39.798485917234444,1,100962.51147227653,0.024196275834424782,0.036655003220913265,9.802897779886315,0.010081742794016841,0.02062220034293283,0.01046362887038703
23.6,0.6496740730046686,0.002480274886388323,29.446515650636687,0.055703399563236645,0.00013331393318584983,2.9998852935699807,-1.8739006464598782e-05,0.0008490819251347759,8.993508753395806e-06,-0.05683004607939599,-1.9811218740161247,27.088301584060062,-0.398693581240666,-0.43567419893948095,3.0043810840155194,0.0017931007086985887,-0.020306662602406433,0.008146045856494708,25.03299938885607,121.5654031694311,39.798485917234444,1,100974.10925627373,0.03473255868224333,-0.006400665336008509,9.800673771739628,0.01002181610852914,0.020528482370184502,0.006530372253610625
23.700000000000003,0.6554921889738677,0.0025001543464735327,29.7464945468878,0.05549289604571739,0.00014649825169893487,2.9998043324172796,-1.976994120562887e-05,0.0008816196387668729,9.019645075805011e-06,-0.09672326037633477,-2.022113154149335,27.274872796492303,-0.41523667941821957,-0.4393511213220598,2.9813127364545107,0.001830036793622309,-0.02038656642370751,0.008359492277462596,25.03299938885607,121.5654031694311,39.798485917234444,1,100966.65176514763,0.07625699299337858,0.007750337768277656,9.801479620773137,0.010651286382406764,0.006272290460330116,0.009178674996872888
23.8,0.6613009762909872,0.002521696460295321,30.046467131069143,0.05528486475205356,0.0001667211743749858,2.9997618807821786,-1.8340622200743714e-05,0.0009269089910739492,9.043692917500563e-06,-0.13886580811847518,-2.0662821359228407,27.57298671476655,-0.42849886551612804,-0.44413684888796195,2.980927984806336,0.001802655213716595,-0.02066206976856866,0.008798441615392017,25.03299938885607,121.5654031694311,39.798485917234444,1,100976.36100646573,-0.007151903669546503,0.014064337513934952,9.792008151352901,0.012280953689263444,0.015725140027332992,0.00799373593273412
23.900000000000002,0.6671051612863798,0.002544731772889879,30.346437438525506,0.055112736767888734,0.0001904969266875121,2.999759441198699,-1.4845404460195897e-05,0.0009766569386913115,9.067855304486513e-06,-0.182392844485865,-2.1106097466380827,27.8557560608412,-0.4440318505407515,-0.4505426957774768,2.9771903254638774,0.001810189565874525,-0.020689226205933497,0.009139441609114946,25.03299938885607,121.5654031694311,39.798485917234444,1,100954.82856482366,-0.005888751618701234,0.02001439499621418,9.807721112029563,0.013475809694986032,0.009040863226142922,0.010440622219351612
24.0,0.6729098469057941,0.002568883767953265,30.646409585640214,0.05500159541928869,0.00021410730939067205,2.9997973804640097,-9.93422144333035e-06,0.0010224312494866439,9.094205688733749e-06,-0.22766593105320726,-2.155952250733551,28.15344421816384,-0.4609484278542754,-0.45657331090100023,2.97648928960044,0.001965060153663443,-0.020832051517690076,0.009484102694655381,25.03299938885607,121.5654031694311,39.798485917234444,1,100967.57595870917,0.05078593783096094,0.01116107395370601,9.787852928096473,0.013060415994930066,0.02739181706146613,0.0096921308549677
24.1,0.6787196566871544,0.0025936391037225995,30.946387004250983,0.054964415071688325,0.00023406457131115504,2.999865979044776,-4.438912286979506e-06,0.0010572246139728403,9.12456041771373e-06,-0.005608035106911858,-1.701604706907793,28.38555464833776,-0.4452496741827478,-0.4019714790694782,2.9628979384552183,0.0006413788836792736,-0.019957599755545008,0.01106699173663001,25.03301759548643,121.56541971158826,37.59218648684254,1,100942.97499557522,0.06485115306595733,0.015962722996573378,9.798958389278768,0.018299499680691375,0.013831451881156665,0.011616943376944376
24.200000000000003,0.6845380321186895,0.0026184329685293183,31.246372039945136,0.05500154875567339,0.00024769460656247024,2.9999494441702583,7.820366715779425e-07,0.0010762779461575,9.160088126414817e-06,-0.05089586354807793,-1.7420847016367904,28.681817729792822,-0.4611112465311711,-0.4075813579484816,2.9624467105634267,0.0010879676914985238,-0.020332506694563213,0.01141440186720936,25.03301759548643,121.56541971158826,37.59218648684254,1,100954.62438890616,0.044209175164482,0.006762400320273037,9.802344562443258,0.00737357849672589,0.013216511088080397,0.004004689653776209
24.3,0.6903667676990328,0.0026427360663720586,31.54636563798903,0.05510126038923539,0.0002534855739377628,3.000035330409251,4.995744577878326e-06,0.0010777223616769138,9.201253885264617e-06,-0.0977500956966293,-1.7823253150474092,28.95566666170219,-0.4784357954815463,-0.41221572144553037,2.9575800623204045,0.0010775740382438686,-0.020721112121851792,0.011789482140386266,25.03301759548643,121.56541971158826,37.59218648684254,1,100939.46552528562,0.029868394241723863,0.030605048179850363,9.797242408904356,0.0007719655187374674,0.01377274311297002,0.008971328319299594
24.400000000000002,0.6962058494175398,0.002666128734143589,31.846367277961185,0.055242572079845086,0.0002511190613585621,3.0001087542863885,7.648556244787492e-06,0.001062717969877447,9.245726894043331e-06,-0.14655890364571364,-1.8238385602344804,29.25137699091332,-0.4958278916370832,-0.41850263800553866,2.9566639348065378,0.0011253015569598441,-0.021003590647230785,0.012130661277869322,25.03301759548643,121.56541971158826,37.59218648684254,1,100940.86942320188,0.09341531953861226,-0.018829014887518453,9.802866138195824,0.010157374683988604,0.011241554542560091,0.008627045819356197
24.5,0.7020535970698804,0.0026883559625878895,32.1463752248688,0.05539962717100024,0.0002415455210084817,3.000159269450513,8.462685703638782e-06,0.001034908624346631,9.291584554861631e-06,-0.19693430313665167,-1.8660985279264795,29.551173415641188,-0.5125393760086909,-0.4236537828309114,2.956362627216079,0.0012211827953740933,-0.021346839390257166,0.012471341750551687,25.03301759548643,121.56541971158826,37.59218648684254,1,100935.18536388777,0.009312668949384414,0.021770622330235283,9.803155291710478,0.013684241836734355,0.008075034324544145,0.009760286586777012
24.6,0.7079070630097106,0.002709352818941775,32.44638682117209,0.05554578099556662,0.00022670945082665068,3.0001815224471544,7.457963829852013e-06,0.0009997906650764943,9.33743686813363e-06,-0.24903449461296442,-1.9087603538239115,29.84675596118069,-0.5296994766384199,-0.42960615837234434,2.955323510684825,0.0012377949931757885,-0.021761836233921583,0.012779355903781861,25.03301759548643,121.56541971158826,37.59218648684254,1,100927.97426096276,0.05335176451072798,0.0007744722208220377,9.799218607729843,0.007183526031839328,0.01664745172352842,0.010448520564112761
24.700000000000003,0.7137626081716482,0.0027292397883325304,32.74639901769698,0.05565832962147586,0.0002091707424571626,3.0001714797352177,4.913446331673474e-06,0.0009636228484379838,9.382370317376254e-06,-0.3029200880066673,-1.9530724391548717,30.167332507764876,-0.5480925998238388,-0.43578352940633414,2.959283254354239,0.0010535278384234447,-0.021880957422821812,0.013084603344367084,25.03301759548643,121.56541971158826,37.59218648684254,1,100929.78976585431,0.04179972679045131,0.023212477099016512,9.808653705481435,0.015269610877793811,0.0157455414970242,0.010485213219621875
24.8,0.7196165404895675,0.0027482910568191635,33.046408951581014,0.055721872536679394,0.0001917217460380367,3.0001347807255008,1.3238343001094327e-06,0.0009322463658001379,9.425438848274569e-06,-0.35861924458341166,-1.9968611059072805,30.46320991110892,-0.565365951843882,-0.439764146045458,2.9583074074035545,0.0010325990748620353,-0.02201736196865456,0.01339742961760419,25.03301759548643,121.56541971158826,37.59218648684254,1,100919.41052627504,0.04718587038950975,0.04749589708451016,9.792413148612377,0.00828258394785577,0.010237266956187315,0.011000261923777673
24.900000000000002,0.7254657107113943,0.0027668829141323245,33.34641429586255,0.05572984273160654,0.00017689868187651926,3.000080063885253,-2.709474329965824e-06,0.0009103747815419894,9.466091812493708e-06,-0.4159235912744022,-2.0424244485202556,30.788276000836287,-0.58235691588806,-0.4456790927783515,2.9630899299017486,0.0010260539549461845,-0.022299625058995076,0.013881875530717479,25.03301759548643,121.56541971158826,37.59218648684254,1,100910.78999512532,0.02508849128588852,0.04472699614192307,9.801712452245212,0.0067357695757165135,0.013770096059930504,0.013546469921665312
25.0,0.7313079803582462,0.0027854309646008404,33.64641364827993,0.05568524353958396,0.00016667975839542234,3.000016213046611,-6.564847858258609e-06,0.0009008118425863909,9.504412389766027e-06,-0.47515160990069616,-2.087260133173333,31.08455616791381,-0.6021743059074063,-0.45122436878734223,2.9624569546849178,0.0010299238361471943,-0.022411330908412852,0.014370694505140086,25.03301759548643,121.56541971158826,37.59218648684254,1,100921.91229228271,0.002639500832622349,-0.006258700257286202,9.808843745459377,0.009406552261685198,0.023653130519188548,0.009505173268690378
25.1,0.7371424886953841,0.0028043261767342386,33.946406691349075,0.055599326820257554,0.00016223571916077774,2.9999548773794444,-9.681991474825381e-06,0.0009041465265713367,9.54094003896408e-06,-0.2745706366028185,-2.1341443728847524,31.461724104156914,-0.5554248225576165,-0.45979619069770067,2.9771610841873457,0.0009854669058943014,-0.020831015718450585,0.017528805475495887,25.032981364677507,121.56541232137391,44.257739333817995,1,100937.58467454105,0.03161217878730904,-0.00650612165286488,9.797668390441162,0.008647893700187145,0.01876017371825278,0.004680559840010601
25.200000000000003,0.7429696934383949,0.002823878414615606,34.24639415676523,0.05548914674202354,0.00016376584433508502,2.999905717463011,-1.1663567173062254e-05,0.0009188441851939455,9.575129496198243e-06,-0.3308757934614292,-2.1803711181115277,31.75939853935096,-0.5698865672342357,-0.4651433242780004,2.976484748678082,0.001007832794643117,-0.0210060037133597,0.017848400102621134,25.032981364677507,121.56541232137391,44.257739333817995,1,100907.98108730563,0.04168332076332709,-0.014626532674220937,9.799157408445328,0.005990844838889495,0.0103327177972787,0.013404565972954457
25.3,0.7487911948665564,0.0028442780804823773,34.546377619054006,0.05537435637315069,0.00017060042383012285,2.9998758231084626,-1.230379415507597e-05,0.0009416526268795078,9.607207065714193e-06,-0.3885762925437347,-2.2278634961826427,32.07145756857007,-0.5848536058493362,-0.4718836694899459,2.97851843447558,0.0010362294275234035,-0.021181674918572257,0.01825535790913526,25.032981364677507,121.56541232137391,44.257739333817995,1,100900.57067671444,0.09573044830692842,-0.022733406243125226,9.809642938082488,0.012346499035624061,0.008617207169321423,0.01084329137340433
25.400000000000002,0.7546093894139101,0.0028655773582076634,34.84635916766506,0.055273811845378974,0.0001813268855753934,2.999868153452745,-1.1614810905222468e-05,0.0009682733738254345,9.638152829434266e-06,-0.44791209089195183,-2.275324128735978,32.36928015901275,-0.6014407154172872,-0.4770734912936138,2.9778550779698643,0.0008418251132086864,-0.0213266837589976,0.018753279836278048,25.032981364677507,121.56541232137391,44.257739333817995,1,100907.09552131694,0.07321925949649068,0.03821436743485927,9.804756362444625,0.006767244374052605,0.017513296197978725,0.01218135389851198
25.5,0.7604270217616891,0.002887692970491256,35.146341046875214,0.055202669460734044,0.00019408732278624845,2.9998823839785214,-9.797701255008392e-06,0.0009941039965257747,9.66914836368723e-06,-0.5089329424628762,-2.322823266017419,32.65807684586879,-0.6174258700725377,-0.48236814745567486,2.975676950386523,0.0008737372647533628,-0.021566745089711237,0.019197121141889865,25.032981364677507,121.56541232137391,44.257739333817995,1,100899.0075627059,0.06196273320287916,0.005590034984350118,9.800215932870247,0.009845493612242361,0.01838971745984355,0.00979409048534897
25.6,0.7662467135957911,0.0029104286740618693,35.44632526706658,0.05517008407974562,0.00020685752136433345,2.9999151193896267,-7.202758921608164e-06,0.0010150352148678987,9.701226889643223e-06,-0.571517357364776,-2.371334267507737,32.955621119478536,-0.6341223760096971,-0.4876741877147802,2.9752325144659344,0.001002531374242636,-0.021821108334552752,0.019638049200654276,25.032981364677507,121.56541232137391,44.257739333817995,1,100905.20555940655,0.11879069006814452,0.008076443750199797,9.803805867209073,0.015256687151627965,0.012521753611900832,0.006758705493882152
25.700000000000003,0.7720705484185816,0.002933512793864106,35.74631328986475,0.055178289233348,0.00021775563698467367,2.999958473049231,-4.276753793580192e-06,0.001028093714665168,9.735349751500349e-06,-0.6353595484373552,-2.4225387470967683,33.29456022408237,-0.6509292919603596,-0.4942272510606508,2.9827835844715516,0.0009964699644975407,-0.022210362807691064,0.0200412578664567,25.032981364677507,121.56541232137391,44.257739333817995,1,100880.85790272849,0.08722985388425525,0.004920365063673269,9.804426120952861,0.009973189692234317,0.01451558935881634,0.010327903097811151
25.8,0.7778997827538334,0.002956644057836106,36.04630586649467,0.05522283551020792,0.00022534957604059114,3.0000052682135863,-1.4693469872994642e-06,0.0010317733645657245,9.772543108961565e-06,-0.7013052710152051,-2.4722111046631343,33.59281621290158,-0.6680660932657928,-0.49922123687602626,2.9823830378066676,0.0010014425032014683,-0.022430344848965555,0.020476332307443387,25.032981364677507,121.56541232137391,44.257739333817995,1,100898.22728876593,0.07576153861305696,0.010981542896938975,9.815204955344958,0.007751572597847641,0.0222887110410648,0.012364398307239342
25.900000000000002,0.7837347055460848,0.002979537377853314,36.346302945491104,0.05529366946192581,0.0002287795824309382,3.0000477610530902,8.211457773120918e-07,0.0010262270811969287,9.812544009080859e-06,-0.7694264690417499,-2.5207586875412304,33.86118500380212,-0.6854652967221592,-0.5037927016111045,2.9764918819781947,0.0009777357632371683,-0.022553411492806097,0.020956488335819454,25.032981364677507,121.56541232137391,44.257739333817995,1,100888.61691245496,0.0921973124250221,0.0004495161908516822,9.806882554854461,0.009853210948304401,0.013830554977097209,0.011843047404941881
26.0,0.7895746668117747,0.0030019642942016897,36.646303777429516,0.05537741263838525,0.00022785002401016396,3.0000791539103857,2.292321260272666e-06,0.0010130423524379317,9.854196171016964e-06,-0.8388982307346141,-2.571435824260496,34.158796171710335,-0.7046727791692513,-0.5100559904757814,2.9758256837330603,0.0009532582056630389,-0.022909169260538542,0.021440316994360893,25.032981364677507,121.56541232137391,44.257739333817995,1,100889.55822234604,0.04428491999100627,0.010122388699513691,9.796545703729763,0.01452103030604533,0.008999691826475167,0.011418823821970292
26.1,0.7954182545728283,0.0030237826455976656,36.946307052016685,0.05545954093897996,0.00022305748603063726,3.0000961729600832,2.798579282145565e-06,0.0009949378824458677,9.896731124428987e-06,-0.7668925546221119,-2.12071809125667,34.414861117433425,-0.6777369138543062,-0.35472359946427096,2.9688237155310655,-0.002722053674179638,-0.02201589529743697,0.02207522445089614,25.032997831439207,121.56539838388017,43.6249856777171,1,100878.84917961548,0.12563473001227216,0.005782923813849909,9.803217157422111,0.015493797568571995,0.013578016129859923,0.008979486213174872
26.200000000000003,0.8012635848100741,0.0030449503608134827,37.24631115121904,0.05552691492293972,0.0002153952301402984,3.0000959694901264,2.3402452407406154e-06,0.0009752411251406912,9.939506452211643e-06,-0.8355476635771975,-2.1562544354039335,34.71172101171233,-0.696426405648237,-0.3560431340082161,2.968244130193236,-0.0028392455876240907,-0.022233269155024438,0.022460500883776324,25.032997831439207,121.56539838388017,43.6249856777171,1,100882.77291363919,0.03191016246974181,0.022554566695543992,9.800939769857012,0.0067513836111309155,0.016411351895871392,0.011830782323512028
26.3,0.807108637213059,0.0030655235911911187,37.54631448404883,0.0555699252284367,0.00020621490452773662,3.0000799140743246,1.0612147231849347e-06,0.0009572045318275713,9.981822418696727e-06,-0.906451786068627,-2.1908933043481573,34.985898559001036,-0.7149034242997356,-0.3576098429216831,2.9638119800131952,-0.002850863986783459,-0.022554160724900463,0.022987852379343216,25.032997831439207,121.56539838388017,43.6249856777171,1,100854.93323804687,0.007885760215109214,0.04578798672638622,9.814021578507246,0.014616588262151956,0.018850926970842195,0.009997277410998411
26.400000000000002,0.8129515908680537,0.003085640812616413,37.846315679688,0.05558347012463455,0.00019697854178024984,3.0000530725813475,-7.843586942088503e-07,0.0009436116143437534,1.0023217525501862e-05,-0.9788714384830406,-2.2267912386305566,35.28224657219194,-0.7337045439117238,-0.3607220114093212,2.9631424830105386,-0.002910429500250245,-0.02264361129711201,0.02341441123749851,25.032997831439207,121.56539838388017,43.6249856777171,1,100854.52272606156,0.10390770400296608,0.04983091331966043,9.806437004293453,0.00941672770881309,0.020493268689826056,0.011955670250014889
26.5,0.8193748332102078,0.003107475527825799,38.176313434766335,0.0555645532816616,0.00018834926714883396,3.000015978445706,-3.0975708372806984e-06,0.0009359861432847172,1.0067505065580906e-05,-1.0535223599658416,-2.26218075362345,35.5617895783448,-0.752385825575188,-0.3636435552952222,2.959450647598412,-0.002820205391288619,-0.02267927468380959,0.023800860633051372,25.032997831439207,121.56539838388017,43.6249856777171,1,100878.04704039621,0.031491834894172184,2.595183676018173e-06,9.798120244973934,0.009386623882953112,0.010676305610072732,0.010801526194512846
26.6,0.8246264921772597,0.0031253062442390725,38.44630852328867,0.0555271857219915,0.00018343286231982639,2.9999852914976235,-4.9143363806744415e-06,0.0009360396579645158,1.0102874388694902e-05,-1.1297016564292912,-2.298686286471403,35.85770703597428,-0.7700495275577507,-0.3659255155051952,2.9589628994754427,-0.0029642090461906977,-0.022800917431862855,0.024209950007732496,25.032997831439207,121.56539838388017,43.6249856777171,1,100850.33352550743,0.022130321719408097,0.01857725661792184,9.81363475837578,0.005044589832067822,0.01725277283255403,0.01122384342915931
26.700000000000003,0.8304577907085529,0.003145277009407311,38.74630004974456,0.055470609922389724,0.00018081926171762905,2.999956327007627,-6.5757306440439654e-06,0.0009422500646607546,1.0140908787484246e-05,-1.2064305480803064,-2.3376386016897843,36.19727680696024,-0.7851985638060273,-0.369481850577316,2.966107207658956,-0.0028594252839732083,-0.022838469802144434,0.024593709886217185,25.032997831439207,121.56539838388017,43.6249856777171,1,100853.23154625804,0.0701294606917697,-0.017121470161528044,9.803026014946017,0.013333174395972746,0.01925763721843802,0.0070077651651961285
26.8,0.8362856909751413,0.0031655740719372105,39.04628911645428,0.055408271458257705,0.00018132021410009782,2.9999364916021887,-7.66137541315046e-06,0.0009534547860337028,1.0177470416118877e-05,-1.28576786215018,-2.374703920993462,36.49386272938243,-0.8012489473412132,-0.3722714827804653,2.9657159107757423,-0.003015770454840647,-0.022851174061848445,0.024985130524295268,25.032997831439207,121.56539838388017,43.6249856777171,1,100846.97637932957,0.1451542104052636,-0.0009148773390936157,9.805277934534923,0.009541330266224977,0.014694595667491853,0.007291594709601647
26.900000000000002,0.842111379368556,0.003186302463142951,39.34627679079749,0.05535067228891448,0.0001846127596214011,2.9999287818480163,-8.05999940498409e-06,0.0009674559550492123,1.0212865602739268e-05,-1.3672463996600028,-2.411092996357763,36.77285135549812,-0.8187150386743253,-0.3735692956080882,2.9618300120056653,-0.0031175432866515466,-0.023176448224512924,0.025339061804787944,25.032997831439207,121.56539838388017,43.6249856777171,1,100849.99797233698,0.05092194934397779,0.016802513700753093,9.795916201057159,0.011768261077266298,0.02191725093710947,0.00978316236355861
27.0,0.8479363073967059,0.0032074960922129797,39.6462642736435,0.05530671621852283,0.00018999222176210802,2.999933140716832,-7.769804100534517e-06,0.0009817881941118767,1.0247644146202754e-05,-1.4499764859701298,-2.4486276013673,37.06898322325246,-0.8369628455902448,-0.37707712845313796,2.960910778373992,-0.0032374700862338734,-0.023204706011442644,0.02572318402977666,25.032997831439207,121.56539838388017,43.6249856777171,1,100849.13379357546,-0.022093970585504406,0.00416923723768111,9.807551405408011,0.0041290869204711955,0.013592802174613672,0.008116418342620772
27.1,0.8537619371165528,0.0032291185795808855,39.94625271036807,0.055282460877721394,0.00019651029715927597,2.9999478885608544,-6.8876086078582954e-06,0.0009941077012283195,1.0282432135804004e-05,0.12971977570959586,-2.284168893846696,37.42694343966408,-0.10223651431373168,-0.28687324015987103,2.9805734327222946,-0.005087097893886321,-0.006461552155191619,0.03997996735932055,25.032996268848287,121.56544400789689,55.86217815824873,1,100851.68853600741,0.10293981586172465,0.020787413442291007,9.799230718538011,0.007350648700342801,0.014057224045766384,0.01103582414726488
27.200000000000003,0.8595895040428392,0.003251074254527677,40.24624300226321,0.055280286873930454,0.00020311993650335108,2.999970070351074,-5.591832298196877e-06,0.0010025779592122142,1.0317754096975857e-05,0.1194308400667636,-2.312797149660654,37.72497833402763,-0.10572500778597084,-0.2858684445662568,2.980256722372249,-0.005184692499865258,-0.006263703196987658,0.04044721571458994,25.032996268848287,121.56544400789689,55.86217815824873,1,100829.93860507807,0.03327152983692279,0.043689347298790475,9.806901195746837,0.007447506791956616,0.01603732043838657,0.011578719268725678
27.3,0.8654198316719715,0.0032732269868522884,40.54623567800331,0.05529881073086555,0.00020885564548466057,2.9999952202161086,-4.106003525902631e-06,0.0010061314863298865,1.0354075053437894e-05,0.10817874888740195,-2.3404168754816377,37.99708597501461,-0.11042189165648604,-0.28448324057763513,2.975218123703999,-0.005031455107186028,-0.006036333601610044,0.04103486215479325,25.032996268848287,121.56544400789689,55.86217815824873,1,100822.87067050407,0.006632811455614979,-0.012270606438102075,9.801505288688372,0.013590916933107197,0.028725730151478564,0.015043811947794507
27.400000000000002,0.8712532359728684,0.0032954235381380727,40.846230833953,0.05533341294896456,0.00021296293211550823,3.000019295058889,-2.658263792567105e-06,0.0010045937938438776,1.0392048049088747e-05,0.09704048746095617,-2.368840051072092,38.29458989690894,-0.11259907811671638,-0.2836394957292292,2.9748668016417956,-0.004980253042993946,-0.005920097863981066,0.04150200680943535,25.032996268848287,121.56544400789689,55.86217815824873,1,100850.10662517422,0.033770711202590786,0.050315277149883805,9.799813221769071,0.005585284232853853,0.01372736102378612,0.011958116872599907
27.5,0.8770895136024814,0.003317516590354135,41.14622817203121,0.055377291439373574,0.00021496752262829127,3.0000382729913344,-1.4591746061117236e-06,0.0009986048574024409,1.0431317940608327e-05,0.08661631394258754,-2.3987560435179245,38.63735418642593,-0.11361082918388411,-0.2831513332464939,2.9824706990831276,-0.005042196907628811,-0.006026759038092688,0.04198292753207363,25.032996268848287,121.56544400789689,55.86217815824873,1,100829.23930808021,-0.0027182822013495297,0.04568516692294481,9.80089227993998,0.013493256663020118,0.017150190945622246,0.009323542338822852
27.6,0.8829280172048433,0.00333938615960682,41.446227063209804,0.05542268465082719,0.00021475885320782818,3.000050031914021,-6.608011506568934e-07,0.000989474979821603,1.0471578196425173e-05,0.07521289981309946,-2.4270532126146644,38.9356069504067,-0.11432209411647423,-0.2830256642570957,2.982500776594479,-0.004947934036081809,-0.005797691052040754,0.04256191916814775,25.032996268848287,121.56544400789689,55.86217815824873,1,100824.71282403117,0.04259795396203714,0.027617763459353954,9.797747669069924,0.016868102328262122,0.012047700513512994,0.012234548762803738
27.700000000000003,0.8887677901725515,0.003360954606663067,41.746226678820626,0.055462147514206916,0.00021255205295817855,3.0000528097253776,-3.446294156897039e-07,0.000978912725625447,1.05123180159739e-05,0.06490959959392449,-2.4571711846850004,39.28514175226385,-0.11574348493146375,-0.28397232673020906,2.991006007016033,-0.004746458820879703,-0.005958374319184223,0.043066425120987004,25.032996268848287,121.56544400789689,55.86217815824873,1,100819.24754018607,0.06966335330120096,-0.0006959339557726877,9.8032644219633,0.014969405885405677,0.018555017495089303,0.014691551929386606
27.8,0.8946077435462683,0.0033821944871196318,42.04622613689878,0.05548980721093112,0.00020882976591516368,3.0000465130461924,-5.178769967712563e-07,0.0009687242070282043,1.0553198283320534e-05,0.05326217482073473,-2.4855252198747326,39.58423471125464,-0.11710224441529125,-0.28360569915537204,2.99086668409929,-0.004626583186809485,-0.005908417501016672,0.043644008176768,25.032996268848287,121.56544400789689,55.86217815824873,1,100816.72683526335,0.04384359928044113,0.01529647011150891,9.802452576544484,0.01116228451293048,0.01690655816028552,0.013298987957367094
27.900000000000002,0.9004468432063207,0.0034031282319291925,42.34622464761581,0.05550211523886078,0.00020426552738470887,3.0000336072762783,-1.1118294158191272e-06,0.0009605166329900161,1.0593910147601393e-05,0.04162188523305131,-2.514142780799755,39.88930175488207,-0.11880498262795566,-0.28461057922664995,2.991563705799744,-0.004661169560916941,-0.005640800956599357,0.044220083539571464,25.032996268848287,121.56544400789689,55.86217815824873,1,100820.21307877029,0.08663655035905861,-0.025084631815082213,9.79808335482031,0.0043184010776402436,0.010160358070445056,0.010079937698815053
28.0,0.9062842723740154,0.0034238206909733026,42.64622162364696,0.05549823258827754,0.0001995832302885926,3.0000162910071824,-2.0069090977592207e-06,0.0009554754603400273,1.0634238858261595e-05,0.029557170331488306,-2.5426884811776764,40.18844381813502,-0.12237890769009627,-0.2861885160126848,2.9911669077014342,-0.004792417136216795,-0.005941337188620555,0.04477174111145457,25.032996268848287,121.56544400789689,55.86217815824873,1,100818.20925775256,-0.008552728534532476,0.024763889121494603,9.80140047459342,0.013048542364003619,0.015675373553474505,0.01244646579368398
28.1,0.9121195466991756,0.0034443662262676087,42.94621678054153,0.055480059920791656,0.00019547587496862814,2.999997517912005,-3.0475036334202694e-06,0.0009541634164704771,1.067416373886595e-05,0.3583934589790584,-2.134416357652833,40.45929755097754,-0.022949862194462215,-0.15960481500260107,2.9865730424575485,-0.007103112232150589,-0.0038294283245359217,0.04663554071641565,25.032988722349902,121.56541027453963,50.11635005183597,1,100810.69216969915,0.058531522439229225,0.01540324472187344,9.796589196733471,0.0057351435544231825,0.013368372375436987,0.010861492042672885
28.200000000000003,0.9179525668048123,0.00346487230411732,43.246210147150535,0.05545161766443195,0.00019249180231975207,2.999980792730237,-4.067977608760497e-06,0.000956506289451875,1.071351877723559e-05,0.3561210609672322,-2.1502740436098446,40.75794297208952,-0.022751525516475118,-0.15733821298083192,2.9862494378517614,-0.007163166688354174,-0.0038276485627999346,0.04710784596358311,25.032988722349902,121.56541027453963,50.11635005183597,1,100807.5847194785,0.08959227732436792,0.013161881643811185,9.80042804354656,0.013453168503639545,0.02281053768913745,0.013479030645717194
28.3,0.9237836047121495,0.003485442827122816,43.54620204029803,0.05541829088857545,0.00019095833442332868,2.999968285314268,-4.924935424168855e-06,0.0009618458740701108,1.0752073237826514e-05,0.35369877777400893,-2.165633914092266,41.04513655063509,-0.021862170286016953,-0.1550206120963201,2.9841088330253593,-0.007339199992765468,-0.003652084893117191,0.04764864348013344,25.032988722349902,121.56541027453963,50.11635005183597,1,100796.2425120722,0.09757255670672574,-0.0002465414074881919,9.796650202028063,0.017015699349133974,0.019928778052419122,0.01248895015101418
28.400000000000002,0.9296132312512267,0.0035061636267896008,43.846192994372764,0.05538585113216653,0.00019097378557739205,2.999962072035281,-5.509434367251095e-06,0.0009690806707596256,1.0789834888951113e-05,0.3515273495666778,-2.1809794155721,41.343528333057975,-0.020958820541724522,-0.15150960278139125,2.9837796378110597,-0.007424255973808323,-0.003438723235170027,0.048156465186016253,25.032988722349902,121.56541027453963,50.11635005183597,1,100798.56094390366,0.08630644969481202,0.02465518974377563,9.805836979346134,0.010525828932350639,0.01843125845176054,0.008381848047897907
28.5,0.9354422008325481,0.003527091611668769,44.146183643827776,0.0553594322930898,0.00019240570438302206,2.999962623693346,-5.759674333450678e-06,0.0009769068495490973,1.0826990859303743e-05,0.3492815813861408,-2.195923837575232,41.63768576560441,-0.02065898529247106,-0.14919786357219023,2.982514687911048,-0.007493453710847583,-0.003415572769722708,0.04858159885668398,25.032988722349902,121.56541027453963,50.11635005183597,1,100795.22946997227,0.07599933682209677,-0.0024738578789157886,9.793114247024565,0.014078944734193632,0.012127117057964409,0.008902691036357185
28.6,0.9412713156212699,0.003548249034600186,44.446174627815566,0.05534284660405825,0.0001949252427614683,2.9999688919364793,-5.6686905490047975e-06,0.0009840150663427139,1.0863822777053167e-05,0.34724678151868327,-2.210693318727103,41.93592044967205,-0.019370511986412365,-0.14597116956988954,2.98216382242625,-0.007632317034593359,-0.003038556771193246,0.04905181338973551,25.032988722349902,121.56541027453963,50.11635005183597,1,100778.39624415665,0.06076704713732996,0.010769505664722144,9.796613680578199,0.009254325001502863,0.01453366738759323,0.007961631482004787
28.700000000000003,0.9471012924221326,0.003569623284881955,44.746166484504045,0.05533802258868883,0.00019807563301517487,2.9999798110463223,-5.279167584322253e-06,0.000989307136085138,1.0900639559964595e-05,0.344733545530679,-2.2246294449002364,42.21295642560982,-0.019057264651143303,-0.14241886501607304,2.9782845640654707,-0.00758522218415085,-0.0030665852910298774,0.049556769843231915,25.032988722349902,121.56541027453963,50.11635005183597,1,100775.58485663807,0.07727539934291573,-0.030887012317135122,9.813092891216243,0.00958206799936811,0.0131891591375233,0.005966086267847484
28.8,0.952932653588552,0.0035911717411873175,45.04615956302019,0.055344812464856244,0.00020134773209279328,2.999993219689896,-4.673904382096714e-06,0.0009920752081917783,1.093773808491358e-05,0.34287537519899525,-2.238725423795729,42.510758883435756,-0.01816044820739232,-0.13919683437984726,2.977658668922402,-0.007838000358589722,-0.0028177765621459905,0.04990868852697837,25.032988722349902,121.56541027453963,50.11635005183597,1,100781.23876956097,0.10105681072506391,0.029358352856980068,9.804693017537106,0.016265835160434394,0.02432171214051231,0.012560542340725452
28.900000000000002,0.958765657830295,0.003612830606477525,45.34615399082758,0.055361224173013854,0.00020426212413615698,3.000006641403954,-3.958537295505581e-06,0.0009920691219311717,1.0975496611766935e-05,0.3413434450246918,-2.252628193135114,42.81621419190848,-0.016751168595083857,-0.13597956848338297,2.978905204670952,-0.007815690745961956,-0.0028834787697398223,0.05039954182303434,25.032988722349902,121.56541027453963,50.11635005183597,1,100780.79871877076,0.10023245162626512,0.01560588984554386,9.796251943001714,0.00770435846176124,0.019084225011219882,0.009654828089867838
29.000000000000004,0.9646002790163111,0.0036345257338115874,45.64614967115566,0.05538387136800581,0.00020643080614604566,3.000018021132116,-3.2450546112682327e-06,0.0009895027585349325,1.1013955205619513e-05,0.3397042089769782,-2.2660318481512376,43.1140981638042,-0.01650480597034095,-0.13286634692328145,2.9785251669442094,-0.008085447864143995,-0.0026331144679065943,0.050779075071202585,25.032988722349902,121.56541027453963,50.11635005183597,1,100788.01054790153,0.03777321701919536,0.025814441700416503,9.783328176849524,0.01394552158764427,0.020491975166528613,0.011403119846592678
29.1,0.9704362323298965,0.0036561842269495467,45.946146312931106,0.05540862568318657,0.00020760721426337007,3.000025645489807,-2.636140003915938e-06,0.0009849860640909203,1.105296508455648e-05,1.1770356669203905,-1.1411009007842015,43.462850580722886,0.2247649487865663,0.1998214117550039,2.987640463123989,-0.013966220708151747,0.0023242135907752814,0.053988945516793146,25.03300644755172,121.5654250259524,56.36040935739724,1,100770.75432538752,0.050511077288951586,0.041018693608382936,9.806889334003056,0.008507891905841015,0.018872236702728664,0.008066936499177804
29.200000000000003,0.9762730400417118,0.0036777449190800106,46.24614349065155,0.05543132891882004,0.00020771099388906502,3.0000286118571755,-2.2093417208599357e-06,0.0009793983841104303,1.109239865357449e-05,1.1997507962256422,-1.1206032756737072,43.7616061244223,0.23040219899299244,0.2098219148659155,2.98737609777336,-0.014052365116677797,0.00247218433467844,0.05445918422844268,25.03300644755172,121.5654250259524,56.36040935739724,1,100762.420987802,0.07732202934779422,-0.008427438063952497,9.80590782773164,0.013182005957621732,0.0204104609341489,0.01020081617773265
29.3,0.9821101234159716,0.0036991660699212813,46.546140724388756,0.05544847848203448,0.0002068191805553243,3.000026649239532,-2.010592732749638e-06,0.0009737242654721534,1.113210997100341e-05,1.2235413294024255,-1.0993983100990885,44.08079034710769,0.2371178390801347,0.2196425295609429,2.99044223305783,-0.014246244639007064,0.0026135088705550036,0.05493333789469272,25.03300644755172,121.5654250259524,56.36040935739724,1,100765.32591304362,0.06188138964059672,0.010946776256208587,9.802267333035157,0.010601472016347986,0.017473292951493594,0.009875539853726056
29.400000000000002,0.9879469038353201,0.0037204296135463534,46.84613756402092,0.055457744840509936,0.00020515082725551127,3.000020611949454,-2.0472850218628907e-06,0.0009688814784301059,1.1171945093124842e-05,1.2476349950818488,-1.0769307389741998,44.37982300950673,0.24379597304257208,0.22965223132340873,2.990258337406999,-0.014382703848330639,0.002645378317230662,0.05544413962406565,25.03300644755172,121.5654250259524,56.36040935739724,1,100766.3238077932,0.0808427018010605,0.034371641187416244,9.807804491567758,0.0072512314308017176,0.01205686526323734,0.012190975862148366
29.500000000000004,0.9937828960803752,0.003741541610888168,47.14613365333003,0.05545822700646621,0.00020301331460575406,3.000011795227473,-2.2926819928893693e-06,0.0009655910333818962,1.1211737868956594e-05,1.2704977526450658,-1.0525247465436474,44.60608138963178,0.24719576929929812,0.23993186862332067,2.977998431314696,-0.014612509806342506,0.0028906642271162575,0.05587163833645066,25.03300644755172,121.5654250259524,56.36040935739724,1,100741.53560055938,0.029392613367342127,0.057851803848712524,9.795837539630776,0.006667451624319156,0.02112755717449294,0.00689725215393886
29.6,0.9996177794209702,0.003762529254401062,47.44612878626466,0.055450528485959175,0.00020075123979836225,3.0000016561403853,-2.6942999402369786e-06,0.0009642641700351451,1.1251398938105184e-05,1.2954855814543849,-1.0280348564827464,44.90385436672515,0.25325824099593486,0.24963733544473632,2.9775585683183827,-0.014673860598904322,0.0031918791588907425,0.056328206926509194,25.03300644755172,121.5654250259524,56.36040935739724,1,100736.55833769577,0.05007415144074647,-0.01819794330410123,9.806881463981195,0.014274821710550936,0.011264300279048935,0.008941161295452695
29.700000000000003,1.0054514367306762,0.003783435077188937,47.74612292800451,0.05543652004109449,0.0001987039239615052,2.9999921225880852,-3.178805936243939e-06,0.0009649629399897108,1.1290888453053957e-05,1.3226449882605078,-1.0033625495283223,45.26134682838779,0.2607654026389903,0.25907098734287803,2.987353432819213,-0.014708297585537093,0.003604492609491139,0.05672511425984867,25.03300644755172,121.5654250259524,56.36040935739724,1,100755.73591624042,0.06635700106510431,0.05657461536664088,9.805281779443906,0.02535459981298617,0.025247076320167705,0.008390210162223329
29.8,1.0112839577642163,0.00380430936451826,48.04611620605191,0.05541894521586253,0.00019713956078182783,2.999984541098808,-3.67038527035836e-06,0.0009674206550869258,1.1330048362200629e-05,1.3489812019934897,-0.9768664616121024,45.56007919633684,0.2653430930731775,0.27040404814253977,2.9872217328510375,-0.014890107739598084,0.0036791464045549116,0.05712766308659701,25.03300644755172,121.5654250259524,56.36040935739724,1,100740.00246770827,0.037070190355662655,0.017086948618186406,9.809588834051414,0.01572350966856953,0.010976398579701627,0.006370222975660138
29.900000000000002,1.0171156087009094,0.0038252023979050715,48.346108880690885,0.05540092844158571,0.00019623621135219776,2.999980076467265,-4.099416494249373e-06,0.0009711000662739888,1.1368797751627222e-05,1.3763023462284647,-0.9496361931353609,45.8825338894157,0.2704635322515852,0.28042687922191667,2.991235796218632,-0.014883318325707554,0.003768061752759122,0.05753974745079403,25.03300644755172,121.5654250259524,56.36040935739724,1,100740.91930695364,0.11139436353755827,0.03533370387405718,9.793404110039733,0.006270545570953357,0.023198137251006057,0.010183571847518206
30.000000000000004,1.0229467755453971,0.0038461573186206618,48.64610128475209,0.05538539555514508,0.0001960654397824162,2.9999793532657066,-4.409649483232578e-06,0.0009753166017576476,1.1407156135245064e-05,1.4037386179225668,-0.9210391820379286,46.18164237280604,0.27763726464369703,0.29152799167190296,2.991012153926769,-0.015080236719077045,0.004001449420974357,0.058051328532772936,25.03300644755172,121.5654250259524,56.36040935739724,1,100746.00996959196,0.06031109362823123,0.03285688147509986,9.813886824770346,0.007029708842332439,0.021161057312426262,0.011492812444860513
30.1,1.0287778926197926,0.003867204638454217,48.94609376859684,0.055374659877709044,0.00019658383831042543,2.9999818404109773,-4.568063636073393e-06,0.0009793517512521888,1.1445217692477995e-05,0.8280618192072888,-2.853511576305663,46.643382433181685,-0.03076995413404147,-0.43071979883086786,3.0204940903935866,-0.001004103910797506,-0.003978691772681842,0.05718177568879448,25.03297999882829,121.56542844805473,61.22733126741734,1,100721.7005050704,0.01627324810542953,0.0044386614167289,9.800088413101498,0.014353141847698054,0.009733847124277899,0.012521260636597717
30.200000000000003,1.0346093687820466,0.0038883590573846197,49.246086647332255,0.055370100765853504,0.00019765474875587996,2.999987066286214,-4.566484623210917e-06,0.0009825617250762697,1.1483109491468294e-05,0.8248936462756254,-2.8967795271509673,46.945422872897716,-0.03356185631770364,-0.4349761212665801,3.0203384287625648,-0.000937288129743908,-0.003957711556900945,0.05770056220279514,25.03297999882829,121.56542844805473,61.22733126741734,1,100726.7160543156,0.0905370341176868,0.0020210657831855137,9.796150251318615,0.006826272373054326,0.008359944847115537,0.016404873221842302
30.3,1.0404415233860698,0.003909618838767115,49.546080142858614,0.05537196326043958,0.00019907678325931108,2.999994104234466,-4.419617824684746e-06,0.000984495467759583,1.1520982215873124e-05,0.8218648725125449,-2.940288979129979,47.25982833534566,-0.03471886152843248,-0.44001186681756127,3.0225368979941414,-0.0009363163675109032,-0.003974399616533564,0.05814232554046116,25.03297999882829,121.56542844805473,61.22733126741734,1,100732.03267632386,0.020634554476479678,-0.008467415700247788,9.801378859175486,0.010878287997317163,0.019229622708994993,0.009402861839470898
30.400000000000002,1.0462745416925032,0.00393096758377827,49.846074360910144,0.055379450159361535,0.0002006157455154328,3.0000014782481523,-4.162025759378117e-06,0.000984941607185208,1.1559019494794841e-05,0.8183664502373375,-2.9844996028851196,47.562075605859725,-0.03606971724780362,-0.4438721028468644,3.022448714816666,-0.0010724332072861234,-0.003822712911399684,0.05868643709233948,25.03297999882829,121.56542844805473,61.22733126741734,1,100724.46158844446,-0.008146359271930192,0.02216940522847182,9.800403124058858,0.008424293133856309,0.014590889406443886,0.011063383265010322
30.500000000000004,1.0521084554152997,0.003952377860397652,50.14606928517779,0.05539092309405447,0.00020204436848125125,3.000008104158103,-3.839973532709199e-06,0.000983941420423351,1.1597319587958058e-05,0.8144180399544518,-3.0291982994583133,47.85968003693315,-0.03906992255896773,-0.4487506216542807,3.0219307046093165,-0.0010335910191444607,-0.0034695312608270523,0.059172656319402925,25.03297999882829,121.56542844805473,61.22733126741734,1,100700.0297362308,0.07250066715063079,-0.03444210079025301,9.804595780429242,0.012139199071654519,0.01858420534734314,0.009891413727867495
30.6,1.0579431494772238,0.003973816082681675,50.44606478597392,0.05540422298477828,0.00020317127213962993,3.0000129064654826,-3.504761944098436e-06,0.000981768664668703,1.1635879804797105e-05,0.8104519525596677,-3.0743371026968025,48.16187987782961,-0.040719843779177776,-0.4537275384417586,3.022186824606643,-0.0008955612887536386,-0.0033559823185280724,0.0597611467696771,25.03297999882829,121.56542844805473,61.22733126741734,1,100710.14930988479,0.00638598320616466,0.009630660160765383,9.80359944006077,0.012223910795539064,0.01756261387624672,0.01007337886790409
30.700000000000003,1.0637783918152994,0.003995247870547413,50.74606065168439,0.0554170704755718,0.00020386491822807373,3.000015250985079,-3.204957917120463e-06,0.0009788620612514176,1.1674690062728835e-05,0.8074276408538946,-3.1192150163601413,48.49912821028457,-0.04303288919851719,-0.4589398412075658,3.0277602406889126,-0.001021765701467843,-0.0030670296114878592,0.060223207708225264,25.03297999882829,121.56542844805473,61.22733126741734,1,100709.85406377289,0.0016493838593788779,0.0033894767970823504,9.803068037447355,0.008347650898606104,0.017750669665069153,0.009102785991321482
30.8,1.069613879791063,0.004016642955231352,51.04605662651138,0.055427424663505996,0.00020406723957917694,3.0000150159721968,-2.9796919174567937e-06,0.0009757473680107598,1.1713718823074287e-05,0.8030332797331592,-3.1653187401477947,48.80193239360087,-0.044494897020338146,-0.4632371838548628,3.028139378777146,-0.0010313127998534885,-0.0029979205125794106,0.06059606726380484,25.03297999882829,121.56542844805473,61.22733126741734,1,100711.80661814233,0.04221837971890285,0.02342727806824855,9.79407221199802,0.019097483743963476,0.01606695477416041,0.014321428115090126
30.900000000000002,1.0754492944331582,0.004037979045929516,51.34605245629759,0.05543380677828339,0.00020379664261516956,3.0000123575978472,-2.8533398704739127e-06,0.0009729437574070854,1.1752912711520229e-05,0.7989117448056466,-3.2116048712302048,49.115904133910696,-0.04586302702633646,-0.46799373431797564,3.029813354638689,-0.0007622420188965751,-0.002749872240156659,0.06117115511653612,25.03297999882829,121.56542844805473,61.22733126741734,1,100716.95110815742,-0.029131532840538918,-0.005461655871673389,9.799291743532955,0.011658427930936424,0.016030483610080627,0.010401208014464872
31.000000000000004,1.0812843531393899,0.004059244203771147,51.6460479304787,0.05543549531410583,0.0002031356645640663,3.0000079245310736,-2.8339559166570935e-06,0.0009708784943514015,1.1792197472650396e-05,0.7943155583518743,-3.258656342507239,49.41887827257996,-0.04506096799564453,-0.47239655946718534,3.029862478341586,-0.000706775014195242,-0.0026831883893887465,0.061639386510389756,25.03297999882829,121.56542844805473,61.22733126741734,1,100701.07035827871,0.10590116828066909,0.059421987755953594,9.803700778125435,0.013709451772428133,0.022014017828177634,0.007552294571837563
31.1,1.0871188524476616,0.004080437541136803,51.94604291103935,0.05543257706986181,0.0002022117996063883,3.000002550215037,-2.914643678922779e-06,0.0009698285946619922,1.1831495144718655e-05,0.6665398477172947,-2.9006787623814767,49.951871951741424,-0.046853175779405565,-0.456242316491686,3.0680207276543174,-0.0005192022551590396,-0.002407828477741125,0.061594249583547145,25.03299821210483,121.56539790240203,64.38248124700692,1,100676.44467210394,0.04877151308461054,-0.02575594165921602,9.805048157362611,0.010862393266574412,0.01156776500056906,0.01107845976096699
31.200000000000003,1.0935360425450786,0.004103678568222236,52.27603676576119,0.055425048087204574,0.0002010769977262622,2.999996687732799,-3.0936729283975945e-06,0.0009699499535216205,1.1874689321911914e-05,0.6623833420050189,-2.9420028983420936,50.22801968124825,-0.045883132712006586,-0.46173030645255336,3.0683964823735224,-0.00039773284052130667,-0.0023425403574952597,0.0620332451340513,25.03299821210483,121.56539790240203,64.38248124700692,1,100693.58679471932,0.07980929721374135,-0.02021721759072303,9.786968846538812,0.006742753355145484,0.021312058548957014,0.009521596364589335
31.3,1.0987858961065764,0.004122653671704957,52.54603129331818,0.055416765042035854,0.00020019453060031396,2.999992707622403,-3.283313604051162e-06,0.0009709553871517507,1.1909941583175401e-05,0.6571920804275649,-2.9934114552811604,50.55662397529204,-0.04358973818351502,-0.4685339389343481,3.0669427526704576,-0.00016829007932690765,-0.00201759208115182,0.06258046392540015,25.03299821210483,121.56539790240203,64.38248124700692,1,100690.9117477163,0.06842369911435872,0.037358263725390056,9.806863384495978,0.010462362026853664,0.015290768853312492,0.006937749732550539
31.400000000000002,1.1046185745836257,0.00414371543985026,52.8460248610714,0.05540690293296193,0.00019938662852013738,2.9999897345587687,-3.5081628896675586e-06,0.0009727862085895378,1.1948955671934768e-05,0.6529756015365762,-3.0404905257870665,50.863339414034826,-0.04142588230436923,-0.4734697484142512,3.0673657352152124,-0.00019247676455762253,-0.0020774035817432424,0.06305311333348163,25.03299821210483,121.56539790240203,64.38248124700692,1,100691.77151847589,0.057993715223321134,0.0070871937781638895,9.785138465065703,0.010114016084401484,0.019760258284411813,0.009187196233825223
31.500000000000004,1.1104509236213027,0.004164776749260142,53.14601822589675,0.05539793685088366,0.0001988533661041678,2.9999887363743634,-3.7158602032234643e-06,0.0009750238043619852,1.1987780494488635e-05,0.6478172443272566,-3.0888790965124433,51.142908467674374,-0.041965277686339314,-0.47986552745646166,3.0637178393492084,-0.000117971730402823,-0.001997209497192509,0.06341750128775026,25.03299821210483,121.56539790240203,64.38248124700692,1,100702.17539904901,0.07188198765008201,0.009794328432582981,9.786501073054396,0.013215460899005504,0.023292804177035692,0.011164368202608679
31.6,1.1162831748582764,0.0041858586588620645,53.446011577639126,0.05539123907080702,0.0001986424532590784,2.999989585658821,-3.87920430206622e-06,0.0009772784805879287,1.202642783440142e-05,0.6436958657197819,-3.137168787103828,51.449278202919665,-0.04173672287079096,-0.4863466821670252,3.063752573939734,8.585259907091525e-05,-0.0019422284826995373,0.06388317241437258,25.03299821210483,121.56539790240203,64.38248124700692,1,100670.95871436226,0.040087873689195724,0.02800752809074627,9.80528634047249,0.007800033162036505,0.01652126637594022,0.009857346694279236
31.700000000000003,1.1221155578626574,0.004206977440551027,53.74600509620796,0.05538772490852667,0.0001987518118465884,2.999992003234402,-3.98027845880915e-06,0.0009791822257558813,1.2064932847154432e-05,0.6396168085127886,-3.186116061170238,51.75625549275837,-0.0399473809293997,-0.4925565010903028,3.0641928141551356,-1.0556280716340904e-05,-0.0018590001384310995,0.06435517080913014,25.03299821210483,121.56539790240203,64.38248124700692,1,100684.48664032329,0.06081998098859185,-0.009979853100027648,9.788918761845972,0.005107693510780784,0.020342207330153315,0.010198227572704084
31.8,1.1279482632375746,0.004228142788903993,54.04599891905919,0.05538771177564854,0.00019913690524346722,2.9999956121225626,-4.0108402379287e-06,0.0009804550983509852,1.2103345819749497e-05,0.6356318427595118,-3.2356410013067682,52.06267807847481,-0.03930305736909442,-0.4977626737307878,3.064279386510706,-0.00010010621191711838,-0.001870428115798184,0.06485823345712036,25.03299821210483,121.56539790240203,64.38248124700692,1,100656.6236644926,0.11854185557730618,-0.003720959708886678,9.802574468705695,0.012582823845615975,0.004649066227203716,0.011823624740448182
31.900000000000002,1.1337814148785816,0.004249357116593078,54.34599312284752,0.055390927873566566,0.00019971829852575966,2.99999961988758,-3.97344570654718e-06,0.0009809425775584302,1.2141734873910325e-05,0.6334404648389231,-3.2844349370558237,52.409714188705465,-0.03670215122621895,-0.5024775503853399,3.0709999796425462,2.586692187842715e-05,-0.001784909616455277,0.06539127661974767,25.03299821210483,121.56539790240203,64.38248124700692,1,100681.9900741585,0.015529418027389531,0.025525350512589518,9.793560245461688,0.01249560357760026,0.01691147481133063,0.009581274013940171
32.0,1.1401984452087102,0.0042727438871591455,54.6759871983295,0.05539727144358945,0.00020046665966981172,3.0000037178214276,-3.867952537404746e-06,0.0009805530821194175,1.2184013616818485e-05,0.6298592659353447,-3.334949164763891,52.716832211831594,-0.03554173328434311,-0.5077213856482882,3.071498741067651,1.0064278247942648e-06,-0.0016654979734498365,0.06583292128873205,25.033001769669326,121.5653925640304,64.49493581033005,1,100677.90388012055,0.012201467756323595,0.04575304102303164,9.80621943244522,0.01288024968152488,0.01369167993199019,0.009209599345660518
32.1,1.14544914446039,0.004291909017331284,54.94598265355619,0.055403645776089715,0.00020107196786460388,3.0000063463934836,-3.74793335171837e-06,0.0009796177719565424,1.2218680041886696e-05,0.2996238898079714,-2.8416728035989745,52.93334176940216,-0.19100390814192542,-0.3865720363121214,3.051821325040035,-0.004026703353175148,-0.006827877584377751,0.07705251330945184,25.033001769669326,121.5653925640304,64.49493581033005,1,100652.86605784621,0.08680506268729304,-0.009048717529395083,9.812540841848286,0.014471377948748376,0.006732633691355384,0.010378849711217063
32.2,1.1512835737635465,0.004313222554556236,55.24597782390698,0.05541080424151883,0.00020164962092379026,3.000008007797329,-3.599623142134577e-06,0.0009781341758257067,1.2257299454335408e-05,0.28036914478858666,-2.8804882761611483,53.238520838007354,-0.1945650730487353,-0.3894713628913255,3.0517497648674063,-0.0040492761789678935,-0.006930630679790051,0.07763829027302627,25.033001769669326,121.5653925640304,64.49493581033005,1,100652.72685116506,0.07796432377188649,0.016018235035538616,9.792591049585765,0.00796229428080086,0.014817296818936782,0.01332709348530329
32.300000000000004,1.1571181876332766,0.004334541196787643,55.545973096479706,0.05541692093086825,0.00020206013477014085,3.000008317305066,-3.4568789417760173e-06,0.000976449450382777,1.2296037575896463e-05,0.25993087055666203,-2.9201929507489632,53.52261185637601,-0.19971140495949444,-0.393089409928913,3.0482105273510967,-0.004021526230319025,-0.006816213162781137,0.07818583860055192,25.033001769669326,121.5653925640304,64.49493581033005,1,100649.64958086611,0.017202250028231343,0.00812275040590603,9.80655895327613,0.0061638975987919255,0.021918880143882484,0.009573034521561562
32.4,1.162952812803676,0.004355850388627737,55.84596832984133,0.0554210837069077,0.00020226420596124989,3.0000072649141756,-3.3383608388444534e-06,0.0009748530101583164,1.2334891129345881e-05,0.2396809765931292,-2.959667999300122,53.82743162965547,-0.20515414320286615,-0.39578362991660265,3.0480576014292766,-0.004164949103523358,-0.0068705774967934286,0.07875684797069987,25.033001769669326,121.5653925640304,64.49493581033005,1,100655.02754179288,0.02942925132828827,0.07598643275150055,9.803937623783366,0.012554299715444774,0.01803145329339924,0.008701522296545642
32.5,1.1687872875122314,0.004377138251156743,56.145963401286366,0.05542277630285134,0.0002022536489424133,3.000005081693413,-3.257723249815248e-06,0.0009735944040811795,1.2373839448736602e-05,0.21815266362376165,-3.0000024959191336,54.110382867116996,-0.20855103207392256,-0.3984010961369618,3.0445133410590657,-0.004071539110636575,-0.006807812688232717,0.07935405838054119,25.033001769669326,121.5653925640304,64.49493581033005,1,100667.89064228164,0.07436715946779753,0.03448270497471889,9.804523505374128,0.00923280805702362,0.012723242089572194,0.010638332614306465
32.6,1.1746214866929607,0.004398396938545878,56.44595822325532,0.055421915525181095,0.00020204956694630337,3.0000022747566457,-3.222465232312551e-06,0.0009728501020644931,1.2412851198074454e-05,0.19715465939801355,-3.039979858078004,54.414838316355365,-0.21176498635640895,-0.40055061454192376,3.0446778261846204,-0.004052324146717988,-0.0069649889654050945,0.07996766279682122,25.033001769669326,121.5653925640304,64.49493581033005,1,100645.4488006992,0.04934961853876502,0.015317464663780943,9.803255174360697,0.006040014890571862,0.021870770897235565,0.0106559084130596
32.7,1.1804553393257282,0.004419623315250828,56.74595275431498,0.05541883363761838,0.00020169829734600748,2.9999993160429677,-3.2329487616441433e-06,0.0009727017585474673,1.2451889606190986e-05,0.17525622334892058,-3.0805912329992946,54.70582707833488,-0.2153934287596426,-0.4033848564749028,3.042502004096998,-0.004164689265625306,-0.007003638751704067,0.08058785543537125,25.033001769669326,121.5653925640304,64.49493581033005,1,100642.9420322487,0.08516542789210907,0.029677471153735643,9.797363607297859,0.01538018892653717,0.017044575338724284,0.010477969753172132
32.800000000000004,1.1862888357709864,0.004440818928589395,57.04594700424769,0.05541419980518306,0.00020126128054319395,2.9999967039132693,-3.2833248533357154e-06,0.000973127152459119,1.2490918334446082e-05,0.15354916647218214,-3.1210484596609627,55.01007545111275,-0.21899521394738794,-0.40617369156197913,3.042310956536756,-0.004146636505849927,-0.007115393279467641,0.0811001509561568,25.033001769669326,121.5653925640304,64.49493581033005,1,100629.35537963454,0.07084432124776505,0.053656450024400934,9.796312017569003,0.014525717977960036,0.019482882822838724,0.013232675867686798
32.9,1.1921220246036355,0.004461989353807761,57.34594102745968,0.05540888128389465,0.00020080513533474965,2.999994827164683,-3.3631964085267723e-06,0.0009740134500451081,1.2529907408802918e-05,0.1320442133162727,-3.161316544102307,55.32959347602099,-0.22355910598515527,-0.4091544502505509,3.0445482448665193,-0.003998650788965663,-0.007148869488703857,0.08171681538702806,25.033001769669326,121.5653925640304,64.49493581033005,1,100638.95860900125,0.037251629175139606,0.025197845109886673,9.797187596759395,0.012838409188585287,0.01889189544572753,0.01384984032032216
33.0,1.1979550002813402,0.004483143063337489,57.645934910729125,0.055403789561285985,0.00020039343957793313,2.999993944057644,-3.4589234378932363e-06,0.0009751818134315915,1.2568832946439936e-05,0.10953253770538021,-3.2023427301701153,55.634040214772895,-0.2274183410847767,-0.4116539268718845,3.0444558876968943,-0.004065088317838174,-0.006979085813709318,0.08234405655423446,25.033001769669326,121.5653925640304,64.49493581033005,1,100620.13255314434,0.05041541805630113,0.021957821731162085,9.798985923106873,0.013564927279399421,0.015442932437822117,0.010311847718665387
33.1,1.2037878843671408,0.004504290019883065,57.945928756081386,0.05539972669197203,0.00020007699701013833,2.9999941119110773,-3.556222044899403e-06,0.0009764226542057219,1.2607683703682699e-05,-0.09104848919773552,-2.7274755481504673,55.81193552905181,-0.26037699129769765,-0.32538514141710473,3.025223876041474,-0.006453641352841752,-0.007406655509887727,0.08686341400829453,25.033003668349703,121.56538907047802,61.77292040019675,1,100633.20237161493,0.0276543492823052,-0.00824102714530465,9.807730345977799,0.015010987079226362,0.013331501549346716,0.013244541951383929
33.2,1.2096208038338552,0.004525440204563411,58.24592266413763,0.05539727060329978,0.0001998888023918594,2.999995192558587,-3.6422123175044413e-06,0.000977529911554642,1.2646458687658298e-05,-0.11729935557874786,-2.7600604553460166,56.114455782292794,-0.2650603111331568,-0.32603673198263194,3.025049657071392,-0.006664245178212534,-0.007410292449326672,0.08755581546353064,25.033003668349703,121.56538907047802,61.77292040019675,1,100625.15914017912,0.08253307173550153,0.0017687570468896303,9.79541458956447,0.007192234319819116,0.02139953425533519,0.012244704010154707
33.300000000000004,1.2154538701634974,0.004546602287164506,58.54591671770816,0.05539669425482084,0.00019984253532996364,2.9999969923133802,-3.7064058878217343e-06,0.0009783346682792349,1.2685166201592949e-05,-0.14455461706776168,-2.7930395017770113,56.40535353454458,-0.2704423280141959,-0.3264665736452133,3.0231903987807907,-0.006630548814674696,-0.00746967038844093,0.08811120840562775,25.033003668349703,121.56538907047802,61.77292040019675,1,100616.17155150807,0.06638153769640809,0.007882501212182327,9.79742076916975,0.009877146459042972,0.014193447021565126,0.011554122383148225
33.4,1.2212871625544153,0.00456778259704451,58.845910968877824,0.05539794312984205,0.00019993119618350505,2.9999991393996086,-3.742263693826512e-06,0.0009787314342144526,1.2723822239644586e-05,-0.17183327744926366,-2.8257229267191075,56.70765680092102,-0.27539860163270385,-0.327374126672488,3.0228127475926123,-0.00693635649726395,-0.007402982257915136,0.08872103208636678,25.033003668349703,121.56538907047802,61.77292040019675,1,100612.84042027609,-0.02325051765588082,0.030789445024821404,9.80274235521646,0.004796717698597828,0.02312181850959871,0.007937192278376722
33.5,1.2271207176469041,0.0045889844983513,59.14590543450908,0.05540067623937478,0.00020013041311039496,3.0000012523426247,-3.7477626128784022e-06,0.0009786874952324442,1.2762440033748477e-05,-0.19942045894882737,-2.8583491160308303,57.013341390359614,-0.27919513342253927,-0.3271929657262003,3.023206361545476,-0.0069682927845478235,-0.007272092494328142,0.0893476652231211,25.033003668349703,121.56538907047802,61.77292040019675,1,100597.63312402887,0.0436829673081146,0.00291789192671669,9.802613262248999,0.01027414951729779,0.014423430685687225,0.010583501613020923
33.6,1.232954526921157,0.004610208230081448,59.44590009576848,0.05540433791443762,0.00020040396598064604,3.000003022119252,-3.724909583520751e-06,0.0009782439232270956,1.2801051025867046e-05,-0.22755867711560993,-2.891127380848501,57.3156340137468,-0.2824207260273787,-0.328230068996695,3.02268410807435,-0.006688831620248303,-0.007127532991775709,0.08990196733452924,25.033003668349703,121.56538907047802,61.77292040019675,1,100611.20917814205,0.05570160889398783,0.036906256255397604,9.808342969116396,0.01249944663406901,0.010152296888671232,0.009403860745621948
33.7,1.2387885415372066,0.004631451153201171,59.745894903709946,0.05540826724514628,0.00020070886578508448,3.0000041403175572,-3.6792867244554066e-06,0.0009775030859493494,1.2839683606498313e-05,-0.25652888817346203,-2.9244707002472645,57.603413241643615,-0.2855589298558233,-0.3288453460866585,3.0202816226520093,-0.006755124270984965,-0.007325428981219018,0.09046382947288831,25.033003668349703,121.56538907047802,61.77292040019675,1,100613.76844578821,0.09447976094894661,-0.023541621195037464,9.79186854332277,0.009042363490895473,0.009978710260577554,0.008954000080123058
33.800000000000004,1.2446226833005425,0.004652708358832706,60.0458897900141,0.05541181249360785,0.0002010019110099583,3.0000045328800518,-3.619018346797756e-06,0.0009766060718645608,1.2878358663813399e-05,-0.2853096042853036,-2.9573195821908977,57.90542263220823,-0.2899611914406924,-0.32803363236144606,3.0198545831289683,-0.006741648034777288,-0.007238040521974298,0.09098481376222281,25.033003668349703,121.56538907047802,61.77292040019675,1,100602.69881202775,0.021866225153573858,0.04528932135421221,9.785432521907751,0.010465001738997561,0.014376716249748952,0.009429191769631704
33.9,1.2504568595177261,0.004673973518371795,60.3458846776053,0.05541442705990594,0.00020124600390734106,3.000004189177449,-3.5532013513111284e-06,0.0009757108812846749,1.2917089304694352e-05,-0.3149904545695731,-2.990545592457709,58.197601539044044,-0.2943776636696005,-0.32906541473786766,3.0178764193324814,-0.006662457495475137,-0.007254075279888639,0.0915437215654257,25.033003668349703,121.56538907047802,61.77292040019675,1,100583.66690216273,0.026940960355475767,0.013183597548870569,9.801715210319319,0.007971810308959966,0.021750868403407127,0.012467005364605661
34.0,1.2562909790644445,0.004695239837534795,60.64587949573451,0.05541576275088929,0.00020141346890034423,3.000003155188401,-3.4908565437980146e-06,0.0009749616898562241,1.2955878647508027e-05,-0.34474225498411765,-3.0234776505431977,58.49936755515592,-0.3004779918309158,-0.3301895555975234,3.017428945978261,-0.006745940969241325,-0.007404545022823061,0.09223945140734574,25.033003668349703,121.56538907047802,61.77292040019675,1,100576.37416420883,0.010235297659574809,0.0361213565059127,9.79815193271747,0.008729585652139127,0.006684219915839448,0.010922342240318733
34.1,1.2621249669569523,0.004716500984005804,60.945874190753585,0.05541570458355154,0.00020148871343773225,3.000001706688089,-3.4399220751591368e-06,0.0009744669769686798,1.2994720573843723e-05,-0.6121165496891229,-2.513653996852482,59.17260382145016,-0.3691504257867885,-0.18026530345476277,3.0740488840700397,-0.010714715754743413,-0.009164081310539585,0.09795856687215682,25.032998150924403,121.56538333768023,75.75704327993625,1,100591.72750000803,0.06887413323106242,0.022328290700696467,9.793674628568755,0.010225354433157216,0.013682641919562467,0.009671574255547813
34.2,1.2679587751979744,0.004737751869344167,61.24586873193452,0.05541436596372038,0.0002014701869476778,3.0000001044254994,-3.4059766395889383e-06,0.0009742879434226914,1.3033599024470356e-05,-0.6493964165404578,-2.5316032736969083,59.479996834989535,-0.3755622551379299,-0.17865723270732645,3.073799301645962,-0.01064896432011686,-0.00914210087339784,0.09851088726672953,25.032998150924403,121.56538333768023,75.75704327993625,1,100585.1905663043,0.14620549742278105,0.0024327643202587245,9.790571911894835,0.008645825477560553,0.020376281946130337,0.009377916723116836
34.300000000000004,1.2737923884600144,0.004758989203476803,61.54586311638954,0.05541206221689217,0.00020136836876867925,2.9999986036990607,-3.391932810501523e-06,0.00097442907870815,1.3072491304194166e-05,-0.6876335666682704,-2.5497143659021555,59.774073358954375,-0.3798620462787637,-0.1754610533872045,3.0719160128753713,-0.010727739559615077,-0.008927890290039153,0.09900489748328284,25.032998150924403,121.56538333768023,75.75704327993625,1,100585.37056443568,0.02830220841145884,0.01583673904051896,9.792965013367352,0.005275863274170375,0.020772232198577514,0.009091877926535867
34.400000000000006,1.2796258240508527,0.0047802117779147755,61.84585736693082,0.05540923922484965,0.00020120348267492713,2.9999974566804073,-3.398000739941117e-06,0.0009748428280345056,1.3111389678694683e-05,-0.7259184687786213,-2.5671498705102556,60.08127112362359,-0.3853833814663578,-0.17318094652446767,3.0719524865842174,-0.01094114612380842,-0.009065416650496427,0.09958567934397662,25.032998150924403,121.56538333768023,75.75704327993625,1,100588.71745267033,0.056269122230516874,-0.02057420712644103,9.808717911366301,0.012729845493061205,0.014610502263580655,0.010246916753161648
34.5,1.2854591266019906,0.0048014204351557645,62.145851525952914,0.05540639205712953,0.00020100251962082042,2.9999968005180917,-3.4216305538902187e-06,0.0009754416975416014,1.3150283160552481e-05,-0.7643976758242909,-2.5839836005709564,60.39912815924245,-0.39180292555855173,-0.17083641418826595,3.0735811018852806,-0.010972348321471426,-0.008758258385770157,0.10010230964744973,25.032998150924403,121.56538333768023,75.75704327993625,1,100591.24505175071,0.02476598033090576,-0.02873830883095886,9.804456713951609,0.007031955108692247,0.028995938369342986,0.007709331345612412
34.6,1.2912923587667682,0.0048226177893458694,62.44584564757432,0.055403982781385384,0.00020079440355263498,2.99999671528131,-3.458317736731217e-06,0.0009761144308304548,1.3189161349511905e-05,-0.8037708890933931,-2.600889287666871,60.70648727062927,-0.39603838614284076,-0.16775871513528276,3.073474574739382,-0.011119580450532969,-0.008849183999943389,0.10059495420345252,25.032998150924403,121.56538333768023,75.75704327993625,1,100575.2923737871,0.03067600767746318,-0.011143125333807586,9.798439927091668,0.007839668129875507,0.009480858950982003,0.009180867065533924
34.7,1.297125589723247,0.0048438077430182445,62.745839787369,0.055402365312968736,0.00020060641550432123,2.9999971718122986,-3.50241602463348e-06,0.000976747106278486,1.3228015404810588e-05,-0.8452384329717646,-2.6188177425434542,60.97334755557043,-0.40286391638198965,-0.1645276854802038,3.06731721749729,-0.01111786435485719,-0.008881573720496805,0.10111910708955531,25.032998150924403,121.56538333768023,75.75704327993625,1,100574.34267019376,0.004274899866733815,0.02790774310801642,9.790606231091498,0.008905335234881136,0.02170238784547807,0.009496865866154449
34.800000000000004,1.3029588835161032,0.004864994880695508,63.04583399381557,0.055401739967598986,0.00020046159565301642,2.999998046790319,-3.547559409333106e-06,0.0009772406951611412,1.3266839583586027e-05,-0.885769883685303,-2.6351010725014947,61.28007892175237,-0.40750544818334866,-0.16134710818440823,3.067204198050526,-0.011242132565990708,-0.008852632287901896,0.10161091338118575,25.032998150924403,121.56538333768023,75.75704327993625,1,100569.29642255601,0.054420735268167514,0.009616747263252188,9.801956554564041,0.014064025011056504,0.012487070451943205,0.012869140697539411
34.900000000000006,1.3087922891219208,0.004886183824610974,63.345828300827115,0.0554021309786087,0.0002003751783861434,2.9999991730248716,-3.5878344709017586e-06,0.0009775263152946856,1.3305633339477589e-05,-0.9298612296683281,-2.6537334752204758,61.50644519155343,-0.41288133657187326,-0.15804374430078746,3.0549956329332666,-0.01125857174724966,-0.008886388983533333,0.10222863238449979,25.032998150924403,121.56538333768023,75.75704327993625,1,100560.49271720425,0.09540214115000167,0.02195443086776009,9.795158082572305,0.016888598205714526,0.015476539120204356,0.009109600853908956
35.0,1.3146258337125953,0.00490737863085003,63.64582272339519,0.05540339667534853,0.00020035361833483758,3.000000342324694,-3.61847539070927e-06,0.0009775741101316626,1.3344389751422538e-05,-0.9714375505414797,-2.6694110485095726,61.811942803647746,-0.41806229330098177,-0.15576705907541832,3.0548916540254236,-0.011016291289078523,-0.0087776354005209,0.10271307179162618,25.032998150924403,121.56538333768023,75.75704327993625,1,100566.41814367028,0.10255802559706143,0.03450972701874125,9.80093601003389,0.015469716481264956,0.009385096228731286,0.010708864227948313
35.1,1.3204595199681914,0.00492858231796574,63.9458172569778,0.05540526556126004,0.00020039475211095165,3.000001375625659,-3.6362984354489746e-06,0.0009773946761799657,1.3383110104717719e-05,-0.6531225982219202,-1.9156404891290741,62.2551140888115,-0.3043915075628079,0.0987503826964072,3.0757844093993327,-0.016642061487993347,-0.005526265951291132,0.10745471812512414,25.033002324169516,121.56540399289102,75.14698333327117,1,100552.33815458344,0.048456652688387246,-0.010200396473149308,9.785813188568126,0.011215707723884133,0.019333548610854453,0.0075553179972143465
35.2,1.3262933275336493,0.004949796566385522,64.24581187948675,0.055407390034924696,0.0002004885668574285,3.0000021003969968,-3.6399509991407283e-06,0.0009770345239241696,1.3421815683066117e-05,-0.6835198179475324,-1.905316678747361,62.56269285615926,-0.3055037048773671,0.10795802088076431,3.0757398262786024,-0.016648650516491344,-0.005509782934343788,0.1081198515788685,25.033002324169516,121.56540399289102,75.14698333327117,1,100561.88114698749,0.10604463831896602,0.03213662323957452,9.791366140652075,0.009637029774584362,0.010134504706689829,0.00800356912516333
35.300000000000004,1.3321272180626742,0.004971021589104404,64.5458065564342,0.0554094093486851,0.00020061907533536742,3.0000024342171776,-3.6299896001988346e-06,0.0009765650845106055,1.346052321749029e-05,-0.7159085547234937,-1.8955787933848094,62.81516540191997,-0.30828984394138953,0.11535506389206071,3.067486643013862,-0.016677886554618847,-0.005619280665609239,0.10886087235616909,25.033002324169516,121.56540399289102,75.14698333327117,1,100544.58258281038,0.03282075872177412,-0.0036614296174322172,9.791034817739463,0.009095947390379448,0.013745020218527228,0.011495541817858132
35.400000000000006,1.337961142778255,0.004992256212867141,64.84580124672684,0.055411004495251624,0.00020076681088485688,3.000002369378008,-3.608633205967778e-06,0.0009760707612140873,1.3499245743467056e-05,-0.7469160028916779,-1.88364147592985,63.12190560145055,-0.3122009740603867,0.1228995640951029,3.0673302508206928,-0.016676596729912098,-0.0059047936730654005,0.1095113866520121,25.033002324169516,121.56540399289102,75.14698333327117,1,100550.72535588346,0.07773934966619574,0.008108292891843769,9.804844083031256,0.013818535367373081,0.015601952775234337,0.010882468171402418
35.5,1.3437950511389816,0.005013498129215578,65.14579591020144,0.055411950633320495,0.00020091136200554779,3.0000019087294545,-3.5794433557896327e-06,0.0009756335519093273,1.353799261058558e-05,-0.7783262964494835,-1.8708328265763698,63.42998746412958,-0.31642159947772436,0.13239367551420164,3.06767187363914,-0.016662412148383703,-0.0058903019943803425,0.1101232884437304,25.033002324169516,121.56540399289102,75.14698333327117,1,100533.66077880532,-0.027904681670030573,0.020921124614469242,9.800261503903144,0.011342202131828367,0.017720253198745237,0.011461683737374792
35.6,1.3496288991248222,0.00503474427156687,65.44579051462517,0.05541214706054313,0.00020103414394669977,3.0000011745077058,-3.5467575719659115e-06,0.0009753188130023904,1.357676834252389e-05,-0.8102225218227834,-1.8572357090798093,63.7367412285046,-0.3202997537882366,0.13956660576451288,3.067434367110942,-0.016879646481680124,-0.0058901169784253415,0.110724279029653,25.033002324169516,121.56540399289102,75.14698333327117,1,100529.10769576646,0.10540421064038147,0.0060180856313893725,9.784875302168523,0.010896032687441508,0.020482758586443536,0.010649663945102375
35.7,1.355462655829088,0.005055991261081679,65.7457850391962,0.055411618114884986,0.00020112090072828856,3.0000003206197214,-3.5150099350816306e-06,0.0009751682435232834,1.361557061886544e-05,-0.8423795744220043,-1.8427928012532881,64.04649711075814,-0.3242600849500839,0.1485604086003649,3.068028597471922,-0.01690453223784045,-0.005969495579481565,0.11127641023682092,25.033002324169516,121.56540399289102,75.14698333327117,1,100530.21364990069,0.0650552844498927,-0.001512676562932469,9.794853053062266,0.012756614597258669,0.017359433928130556,0.01049252661463277
35.800000000000004,1.3612963074393702,0.00507723586237266,66.04577947770564,0.05541050485294112,0.0002011627789596568,2.999999472988237,-3.4882314364899967e-06,0.0009751936893278579,1.3654387616891365e-05,-0.8750088828076105,-1.8275909229476774,64.35330471221262,-0.32788278215597794,0.15643060890844024,3.068046579210234,-0.016937983314695745,-0.005907081544694437,0.11186406415301357,25.033002324169516,121.56540399289102,75.14698333327117,1,100541.54520623703,0.04499351546708487,0.04593341541938355,9.796587734501918,0.015386792264161423,0.024709804244510608,0.015612330216377313
35.900000000000006,1.3671298581570808,0.005098475404311023,66.34577383864344,0.055409032247359394,0.0002011573442630862,2.9999987849344203,-3.4695901745592746e-06,0.0009753772345511003,1.3693218023354845e-05,-0.9099312179782626,-1.8131242437094495,64.60061455980379,-0.33146519483940895,0.16444584098176768,3.0588095398104973,-0.016913334359343092,-0.005848301179892212,0.11245820812326288,25.033002324169516,121.56540399289102,75.14698333327117,1,100521.64199678991,0.10470929755040106,0.028034148153408364,9.801949325232782,0.0060901376091061265,0.023198171602635584,0.009150547732838046
36.0,1.3729633281307336,0.005119708082594138,66.64576814204646,0.0554074646478387,0.00020110846710039344,2.999998341969944,-3.460992541588241e-06,0.0009756774516263,1.3732061204147529e-05,-0.9433576379665527,-1.7962131201825193,64.90649399813047,-0.3367564594512245,0.17342362388268,3.0587930603028015,-0.017037460376786426,-0.0059095250760219376,0.11306459642687357,25.033002324169516,121.56540399289102,75.14698333327117,1,100514.6882047168,0.036215484207803614,0.015887256154914153,9.803923744761097,0.005186248657611825,0.014669982644589779,0.00958313828253666
36.1,1.3787967489791173,0.0051409331356189495,66.94576241599569,0.05540606344366826,0.00020102540499285806,2.99999819501762,-3.4628617265908645e-06,0.0009760365595676834,1.3770912811248246e-05,1.1872596981515495,-1.0558030460079042,65.2351206487332,0.3937180629516402,0.42628556367025877,3.0633580009142367,-0.020975744797728166,0.010288741385071853,0.11005735954020719,25.03300279567043,121.56545289605037,74.87605913538484,1,100512.13539935513,0.03439157947598658,0.007460070135079003,9.79449728451678,0.01727887050184432,0.015014253208634986,0.010916615323871538
36.2,1.3846301578060904,0.005162150878462301,67.24575669092333,0.05540504120238375,0.00020092093319493565,2.999998364173322,-3.474394089319119e-06,0.0009763921247605278,1.380976697388688e-05,1.227194707750702,-1.0124261766459153,65.54142848032286,0.40541971206047844,0.44146000178603756,3.062804060462923,-0.021041799920796557,0.010268219764631548,0.11070040245872559,25.03300279567043,121.56545289605037,74.87605913538484,1,100524.23815499988,0.1072001583626286,0.0012681109697648008,9.79486372356616,0.009838026073385747,0.016442110629452073,0.011143379665657479
36.300000000000004,1.3904635907947873,0.005183362595908955,67.54575099456359,0.05540453294091716,0.00020081020274225029,2.999998779619367,-3.4934648318327872e-06,0.0009766874195022979,1.3848616910972454e-05,1.2673599237342639,-0.9684199043510446,65.80040609348546,0.41844797800474415,0.4556421407851674,3.055449689183499,-0.02116338412524023,0.010688170094249827,0.11122399669703202,25.03300279567043,121.56545289605037,74.87605913538484,1,100520.68939722866,-0.006523882764868753,0.029932596371459154,9.797405940908835,0.018575291098784134,0.013606159752541022,0.013795115645440954
36.400000000000006,1.3962970774457721,0.005204570316730448,67.84574534816241,0.05540458188640973,0.00020070809468112323,2.9999993562533245,-3.5170967647984127e-06,0.0009768791999544835,1.3887457471706939e-05,1.3096918405691822,-0.9221613078010116,66.10592367273794,0.42909200719160473,0.4695428959901748,3.0550595151271076,-0.02140316390930823,0.010985533519110025,0.11195863034035371,25.03300279567043,121.56545289605037,74.87605913538484,1,100520.36232337008,0.04100242435712315,0.026338730831228927,9.80093953429633,0.012738604022329264,0.017510891012260596,0.012227977394483258
36.5,1.402130636333304,0.005225776501421715,68.14573976308458,0.055405136797252987,0.00020062734994683108,2.9999999951616827,-3.5419676053712285e-06,0.000976944599423435,1.3926281042091819e-05,1.3522804739940497,-0.8751818190089892,66.36982254164198,0.44131686412314586,0.48362314633260717,3.048560309194139,-0.0214036274039993,0.011223986614590231,0.11260781547768693,25.03300279567043,121.56545289605037,74.87605913538484,1,100533.91083152109,0.014018038062510306,-7.714760360932188e-05,9.801827282185382,0.004167049555484071,0.011094697125676761,0.010342282881702927
36.6,1.4079642729579558,0.005246983691542995,68.44573423995858,0.05540606894631404,0.0002005773499516522,3.00000058619313,-3.5647368378242855e-06,0.0009768829585645733,1.3965074870774168e-05,1.3969775556366018,-0.8261244560387815,66.67465770950758,0.4540007410833902,0.4974665119687502,3.047950211981852,-0.021418430881963865,0.011327386698221531,0.11331162225473736,25.03300279567043,121.56545289605037,74.87605913538484,1,100510.19008320196,0.10117072441423805,-0.024992183135922708,9.794515267049624,0.012838562880004796,0.016076736344830013,0.01055541145941486
36.7,1.4137979798742548,0.005268194185213093,68.74572876956817,0.055407199392422765,0.00020056293579414781,3.000001038700809,-3.5825087500494208e-06,0.0009767138871143999,1.4003846901165483e-05,1.4432383299143168,-0.7755321335705851,66.98910055894476,0.4669782256436691,0.5118276880687456,3.0486235231051553,-0.021551697827746547,0.011425170684284947,0.11398734063484434,25.03300279567043,121.56545289605037,74.87605913538484,1,100493.60746247662,-0.01082954603800166,0.012762575140575879,9.800008034438422,0.0065795448559859224,0.02396347832895148,0.012297336644307677
36.800000000000004,1.4196317388802504,0.005289409738048701,69.04572333484401,0.055408330841259214,0.0002005839593595246,3.000001288061772,-3.5932276923097217e-06,0.0009764728618761875,1.404260682420024e-05,1.4904567975496972,-0.7236072230655728,67.29394796052551,0.47847386535264225,0.5270282524722287,3.0481017454056274,-0.02187097908924262,0.011668432599629686,0.11469837851532766,25.03300279567043,121.56545289605037,74.87605913538484,1,100471.3525622225,0.050994007486855675,0.01743858786862789,9.795710649280217,0.00793709263745876,0.012503462543167997,0.010543235678860048
36.900000000000006,1.425465524776806,0.005310631359906092,69.34571791425066,0.05540928081632522,0.00020063575657515878,3.000001316156394,-3.595798645229056e-06,0.0009762042131462589,1.408136291644667e-05,1.5400151647130929,-0.669392739334698,67.64585696455346,0.4925569671342368,0.5428966451536553,3.054640597911557,-0.022019567063843316,0.011717806628377847,0.11532667691067255,25.03300279567043,121.56545289605037,74.87605913538484,1,100500.12743223856,0.06827154050087128,0.0327057144734722,9.797343815345682,0.010045615792035733,0.01264868452863912,0.00995307245447682
37.0,1.4312993099663285,0.005331859222726152,69.64571248547854,0.05540990968841094,0.00020070952014760858,3.000001127214221,-3.5903712794448753e-06,0.0009759535698241617,1.4120122539956606e-05,1.5899761651969755,-0.6143194000408926,67.95129606019127,0.5078531810232453,0.5587380481908195,3.0540776987425398,-0.022139230908732113,0.011879152955403871,0.1159025203805983,25.03300279567043,121.56545289605037,74.87605913538484,1,100473.77899932745,0.06617554299143469,0.014933442221374427,9.801524125053199,0.010901537544086216,0.020101796825246734,0.010616672883905684
37.1,1.4371330690866315,0.005353092684385389,69.94570702943099,0.05541014148649163,0.00020079421099050937,3.0000007666237702,-3.5781153017093257e-06,0.0009757597442785482,1.4158892454135956e-05,1.9739441825690398,-0.8703671230674873,68.21376064452093,0.6335099894076031,0.39140880060880634,3.0453674232260037,-0.017686077474802192,0.01363687110082834,0.11438715410425171,25.03300194612137,121.56542349716041,77.59488595123727,1,100479.32054010444,0.06391900952060206,0.004675462192660965,9.788421857379804,0.009070094525766953,0.01462315220211303,0.012294334461790853
37.2,1.4429667829258415,0.00537433041769785,70.24570153276241,0.055409969084313324,0.0002008780083549644,3.0000003166641713,-3.561002528626945e-06,0.000975649605125195,1.4197676578903423e-05,2.0380424654853573,-0.8306087163549843,68.51826817490164,0.6479809592355877,0.4036347931425759,3.044787457034662,-0.018070319239055284,0.013548654605001431,0.11501750497313543,25.03300194612137,121.56542349716041,77.59488595123727,1,100468.6853126671,0.05030211671864313,0.04381021015711606,9.795342718830945,0.009721758864344461,0.007475570027340964,0.012699538816622648
37.300000000000004,1.4488004410476647,0.005395570621175843,70.54569598959743,0.055409450920513845,0.00020094965334519114,2.9999998474171576,-3.5415928983379293e-06,0.000975634688973992,1.4236470235372568e-05,2.1030613926467976,-0.790031891108789,68.78137588126522,0.6632731750562227,0.41562917709682234,3.0380795552209388,-0.018191389216340496,0.013523030488806098,0.11563053738762594,25.03300194612137,121.56542349716041,77.59488595123727,1,100472.1995315803,0.07123713593417937,-0.03734211803354459,9.802038516260147,0.004028218233780831,0.021025455567943118,0.00916656164241739
37.400000000000006,1.4546340428040714,0.0054168112925753065,70.84569040225567,0.05540869760436531,0.0002010001934820137,2.999999441243843,-3.5226282915151055e-06,0.00097570990370488,1.4275271700424666e-05,2.170176609259866,-0.7479589916110276,69.08514762813813,0.6785715936662006,0.42616677985467527,3.037377238259716,-0.01842121956976854,0.013629500560948582,0.11622409642556668,25.03300194612137,121.56542349716041,77.59488595123727,1,100465.26819082853,0.00862506412990506,0.04655773550576353,9.796184053323616,0.009586127153384577,0.018274162712053975,0.010864821765818978
37.5,1.4604675966854217,0.005438050510847083,71.14568477986354,0.05540784823135593,0.0002010239389663864,2.999999157557686,-3.5066700606222135e-06,0.0009758563338833071,1.4314085038299668e-05,2.238864863556191,-0.7046719735209881,69.39203367611462,0.6947843437289114,0.43865661486410973,3.037265684941464,-0.01841121627026205,0.013810909563375606,0.11688280458829495,25.03300194612137,121.56542349716041,77.59488595123727,1,100478.33607007464,0.0245420099339259,-0.016814759037973144,9.792263415806728,0.012213784803742083,0.01586961060743631,0.01137592112770245
37.6,1.4663011182472225,0.005459286685736139,71.4456791365941,0.05540704767493816,0.00020101922785186488,2.999999025108095,-3.4956818840771395e-06,0.0009760447817317441,1.4352910712742728e-05,2.3091311525898592,-0.6602475102359299,69.69572524156195,0.7107822512945772,0.45025265718682606,3.0366987643442234,-0.018438911857907005,0.014374566586543347,0.11753043667561411,25.03300194612137,121.56542349716041,77.59488595123727,1,100472.78692437836,0.08990105164974457,0.03589298380629785,9.802232053673317,0.014780815026628228,0.015192696380170467,0.011296246926965047
37.7,1.4721346270568636,0.005480518756171682,71.74567348890028,0.05540642136859758,0.00020098814756269634,2.9999990681019444,-3.4909000952489056e-06,0.0009762414665948072,1.4391747071348643e-05,2.3806295613000588,-0.6149693181019978,69.9588312935124,0.7282868814409306,0.461532515375033,3.029983086582535,-0.01846047789432429,0.014666320829822999,0.1182007259075194,25.03300194612137,121.56542349716041,77.59488595123727,1,100448.3879466392,0.07176302710000153,0.02104731091831278,9.796483935999277,0.012487685085697392,0.017677418334142814,0.010420289740073552
37.800000000000004,1.477968143228358,0.005501746306764712,72.04566785242996,0.05540605605266633,0.00020093627228899195,2.999999258549869,-3.492682202920956e-06,0.0009764143469623843,1.4430590547621201e-05,2.4544158207977205,-0.5682116149962114,70.26179272247136,0.7470188845058001,0.4734091969661977,3.029312331690325,-0.018432641334472866,0.014700510912712073,0.1188599289287976,25.03300194612137,121.56542349716041,77.59488595123727,1,100452.64740523008,0.00941120729858945,0.017632189624266957,9.802367914030183,0.012320988459032175,0.014204707369234845,0.012147550295452534
37.900000000000006,1.4838016841391468,0.005522969591455577,72.34566224001927,0.05540599113486476,0.00020087182512401564,2.9999995475233368,-3.500413958455881e-06,0.0009765372499106473,1.4469436803418073e-05,2.529921390503808,-0.5202893647712717,70.56388695582304,0.7630899551306773,0.48588002631887245,3.028406785136203,-0.018514302285489476,0.014797419449176674,0.11954274792021435,25.03300194612137,121.56542349716041,77.59488595123727,1,100473.8149442416,0.09053572297667926,0.024113467367274946,9.792709606428488,0.010370169904000043,0.02808829416772176,0.012109318764956422
38.0,1.48963526183841,0.005544189463815567,72.64565665959738,0.05540621391553554,0.00020080413759810013,2.9999998905211855,-3.512765454053201e-06,0.0009765941390815769,1.4508280232457166e-05,2.607073962353569,-0.47109222518184746,70.86668426268021,0.7801908285284432,0.4980447398883612,3.027422499226788,-0.01865429511979136,0.01523948414907661,0.12018138384085228,25.03300194612137,121.56542349716041,77.59488595123727,1,100444.7673141683,0.0793542876223487,0.030080747451104086,9.789348617489496,0.012851649683507223,0.013993068709843499,0.013607031353156138
38.1,1.4954688815163517,0.005565407227095127,72.9456511132076,0.05540666585027483,0.00020074269002465895,3.0000002236313597,-3.527795110188223e-06,0.0009765811247879341,1.4547110032289786e-05,2.5942785308442917,-0.867345821890495,71.23823571111338,0.7723706816505863,0.3860532131088439,3.037248085176703,-0.016639857488465554,0.014582778381040162,0.11974146935035082,25.03298364572366,121.56542307704282,82.83190202306021,1,100445.79544523117,0.03384212441290349,0.011349109160190775,9.79393299705748,0.009207201117032543,0.015773821237930332,0.008934966038307138
38.2,1.5013025412023202,0.005586624439234349,73.24564559745757,0.0554072568637872,0.00020069560130062358,3.0000004964222096,-3.543292592256075e-06,0.0009765055559216584,1.4585924153413155e-05,2.672303858778744,-0.8281535490113,71.54193303378655,0.7885791588906105,0.39766576693002476,3.0365913609831305,-0.016704097786491977,0.014801461031443974,0.12045948943441476,25.03298364572366,121.56542307704282,82.83190202306021,1,100433.19737807647,0.04517644359895234,0.018285636792021186,9.781424280671743,0.014331091409774337,0.032510252258786614,0.009383440160823181
38.300000000000004,1.507136232630947,0.005607842684820729,73.54564010417786,0.05540788079133955,0.00020066850940131533,3.0000006696324473,-3.557135764937024e-06,0.0009763844872185956,1.462472598325989e-05,2.752094644939773,-0.7877985044207265,71.85637751979893,0.8057720552957955,0.4086163925112743,3.0372349938057135,-0.016545775653427797,0.01524712658811711,0.12119009127301819,25.03298364572366,121.56542307704282,82.83190202306021,1,100434.68372201195,0.03269440619513695,0.02496688498292078,9.78935180973702,0.01028213278520521,0.01923008418652306,0.011682782907951961
38.400000000000006,1.5129699430571613,0.005629063352640211,73.84563462222589,0.05540843470561376,0.00020066426723654366,3.000000719303334,-3.5674508064148757e-06,0.0009762409113323045,1.4663519282735257e-05,2.8334758673637177,-0.7464034622070537,72.16006033544511,0.8223234298229926,0.4196097320727267,3.036491302182768,-0.016589509119922956,0.015299083101314448,0.12185549325010836,25.03298364572366,121.56542307704282,82.83190202306021,1,100435.97754189766,0.05998065283846815,0.021929439286105495,9.790771235851999,0.01036156999468658,0.027471438644703944,0.010104433413597527
38.5,1.518803657654387,0.005650287453904832,74.1456291394869,0.05540883477259856,0.00020068218306791953,3.000000650457075,-3.5729986019447753e-06,0.0009760996527152788,1.4702307826832183e-05,2.916506420059958,-0.7039840166669085,72.44561080071223,0.8399234736639924,0.42934369719594345,3.0331064477634735,-0.016744547831725007,0.015403452312543253,0.12251462891685035,25.03298364572366,121.56542307704282,82.83190202306021,1,100439.39040296235,0.07794455095423453,-0.0027792605430476854,9.787221513992524,0.00210957954750228,0.012536201158624085,0.010280196616998383
38.6,1.52463736206374,0.005671515502404181,74.44562364484605,0.05540902823379591,0.00020071855822179717,3.000000481372978,-3.5732912902240763e-06,0.0009759833479445756,1.4741096155331371e-05,3.001399757742423,-0.6605025768902205,72.7488745849584,0.8571215670639091,0.44071198917627413,3.0323523088046653,-0.016729549843399798,0.015589945155709328,0.12315428290474478,25.03298364572366,121.56542307704282,82.83190202306021,1,100441.00034680443,0.03586354061276209,0.016632884513521972,9.80564169328861,0.004288237382902302,0.012780660288451345,0.010746077062879583
38.7,1.5304710446724497,0.005692747468801218,74.74561812999774,0.05540899991763598,0.00020076751696123377,3.0000002478350725,-3.568520375931774e-06,0.0009759087778737907,1.4779888610791563e-05,3.087815754115693,-0.615855265332261,72.998488347472,0.8749661843610311,0.45220489314235557,3.023850706219725,-0.016703818538169456,0.015623139483125659,0.12385725020910265,25.03298364572366,121.56542307704282,82.83190202306021,1,100416.80739395387,0.03952209795373216,0.020341813746265626,9.800187757061265,0.013407545841812422,0.014571911168781256,0.01184737889714816
38.800000000000004,1.53630469827384,0.005713982811184471,75.04561259047816,0.055408771272625744,0.00020082154440348443,2.999999992110399,-3.559612805804659e-06,0.0009758848078371685,1.4818686513365562e-05,3.1761335975006424,-0.5700406182030868,73.30085020507671,0.8919457464890806,0.4636368658987633,3.0232660374827476,-0.01669054013073392,0.015875646835780133,0.12447782106575744,25.03298364572366,121.56542307704282,82.83190202306021,1,100433.90168688992,0.08084174769312828,0.025300500202245287,9.799703595060267,0.01079653258491628,0.016082669466190806,0.011621208926195795
38.900000000000006,1.5421383208921293,0.005735220576325365,75.34560702619903,0.055408394620727684,0.00020087283167479291,2.9999997571762735,-3.5480414293167785e-06,0.0009759114037017902,1.485748691750561e-05,3.2660827671627417,-0.5230833933617923,73.57598675029006,0.9094376689381072,0.4750807587078719,3.0185959350302727,-0.016782306128787804,0.01613280549292906,0.12507101729853703,25.03298364572366,121.56542307704282,82.83190202306021,1,100413.14810477353,0.04040308142988241,0.009092695489085187,9.78799844001596,0.015562777867059317,0.014871805523146313,0.011789157540226247
39.0,1.547971915699814,0.0057564595597152666,75.64560144109437,0.055407942059094106,0.00020091441714572238,2.9999995807170996,-3.535554877850505e-06,0.0009759803786004717,1.4896293458564101e-05,3.3578857064017003,-0.4750611113222261,73.87782148591275,0.9268577575609167,0.4860035416961553,3.0180063376395196,-0.016682473594052463,0.015973300735671714,0.12566579046764959,25.03298364572366,121.56542307704282,82.83190202306021,1,100421.90789343692,0.11207537491540556,0.009098866065359127,9.793766120533299,0.013356969347175358,0.012360207910563217,0.01320377897694472
39.1,1.553805490107941,0.005777698482752879,75.94559584212917,0.05540749243758423,0.0002009410067566179,2.999999482663855,-3.523955468445354e-06,0.0009760773647862209,1.4935108837457576e-05,3.1444189590928486,-0.571377653971047,74.25944381375353,0.8569395645692705,0.4549917255834632,3.029461536537286,-0.01604380731972628,0.014377462367550997,0.12661811896054104,25.032992216463235,121.5654251755364,85.80192032251567,1,100421.49005193291,0.08438046081998388,0.03260845179233052,9.797414461124696,0.017827742062751877,0.015669563862902337,0.01036044104651909
39.2,1.5596390542445435,0.005798936175175049,76.24559023801578,0.055407118238659556,0.00020094972680055888,2.9999994774098466,-3.5147948990529845e-06,0.0009761844577322876,1.4973933838112717e-05,3.2309482618449654,-0.5253768981466951,74.56234999496921,0.8745476427353773,0.4645957727496556,3.0286485254331565,-0.016041428677978628,0.014474205201602253,0.1272428543022462,25.032992216463235,121.5654251755364,85.80192032251567,1,100422.02818027698,0.09669410471398207,-0.030235316932557273,9.790915332345335,0.01173700064893399,0.015268877302356286,0.010476723402272738
39.300000000000004,1.5654725967319114,0.0058201714192769914,76.5455369297271,0.05555884418815214,0.0002013431909000388,2.997229077014274,-3.3224501650172256e-06,0.000907604004981577,1.5012495359263379e-05,3.3191906429090383,-0.47836807525304376,74.85226740885635,0.8906507099482694,0.47496552850955615,3.022795142318562,-0.01598095806569616,0.014663002061326535,0.12780995338475531,25.032992216463235,121.5654251755364,85.80192032251567,1,100405.40351315356,0.08842052039457172,-0.009789376356543662,9.625533084557208,0.007800138545294111,0.009064870821559674,0.008721954625123176
39.400000000000006,1.571289179142172,0.005841360128777395,76.84333315184703,0.058141822227570396,0.00020643320017833436,2.9531993534881185,-1.216295212490181e-06,-0.00015810600612775616,1.5050117354625251e-05,3.409105837459485,-0.43041049994423325,75.15267696286757,0.907434172285552,0.48425109672939776,2.975549994729563,-0.016146713685758235,0.013795317011123576,0.12850081255328305,25.032992216463235,121.5654251755364,85.80192032251567,1,100412.2165252668,0.15098880887024166,-0.01798203634631209,9.052666576064915,0.007252204936558683,-7.914420860122284e-05,0.010609257626849406
39.5,1.5769914204527413,0.005862317030424414,77.1337222199053,0.0613588535605043,0.00021017105636472578,2.856121114469901,1.189671150287331e-06,-0.0019307460235973295,1.5085018547889172e-05,3.5007012215081046,-0.3815515597919169,75.4278398719068,0.9236149074669215,0.49162404831145246,2.8736139337367845,-0.016229576938603774,0.012344130867317338,0.1292523523483031,25.032992216463235,121.5654251755364,85.80192032251567,1,100395.88079371469,0.045201716075767055,0.024543437465640618,8.591404051729048,0.00792685348139765,0.0006858091478160258,0.013940143683795422
39.6,1.582097761793503,0.005882571241637601,77.39185372137254,-0.0321238328916149,0.0001954659992186178,2.0006385900295056,1.5428324896795376e-06,0.03941854167587722,1.457429870906906e-05,3.5930575934096174,-0.3323773665913471,75.68865086874044,0.9003299429719749,0.4827382909214028,1.9822123432145775,-0.01626608818799239,0.053234275627451755,0.12920896780572091,25.032992216463235,121.5654251755364,85.80192032251567,1,100392.32122714548,-1.149036757395932,0.020086737855598568,1.4905564972420726,0.006033744661066294,1.5845335134719758,0.013225261350960133
39.7,1.586032815076346,0.005901638634985624,77.59968956013579,-0.249733706204887,0.00037715734114129743,2.2319239562541098,9.269610999947784e-05,0.15528950464039237,1.3549825832616432e-05,3.685284774720979,-0.2831205768193772,75.88550847885247,0.9919611520932143,0.5080888548924651,2.2575801937963043,-0.016435692930307763,0.16962610172210724,0.12798447228590454,25.032992216463235,121.5654251755364,85.80192032251567,1,100402.56851897822,-0.09817185920960367,0.03880508933158952,10.023009618072388,0.01827557637188468,0.6653085139689046,0.012847882257983041
39.800000000000004,1.6034087949683993,0.0059146229569850845,77.82125664067831,-0.20204918133503774,0.0004599571363202339,2.1966578252820907,0.0001823854921995683,0.20724672561422008,1.5451344221778304e-05,3.792750192262217,-0.23087204164347605,76.1082210696197,1.167993635489646,0.5382617790892185,2.198758560128342,-0.016367479139826578,0.22189838109408289,0.12788085244008252,25.032992216463235,121.5654251755364,85.80192032251567,1,100380.56182282855,-0.031751536688340576,0.05293019702690825,9.437207917292193,0.010056900770826115,0.3928547621203456,0.008598651649101221
39.900000000000006,1.6391182105140538,0.005911758838646775,78.03562315785719,-0.05083577895939624,0.0002801607103378058,2.1376092287358497,0.00018259374110342994,0.2347025834748646,1.4805769527597031e-05,3.9198273099268466,-0.17533342723694256,76.3238807378596,1.3752580154174592,0.5727010824905091,2.09141189715007,-0.016207300214311028,0.2495762674314459,0.12808297431274526,25.032992216463235,121.5654251755364,85.80192032251567,1,100361.77403722501,0.09259207970418035,0.03505177417078793,8.698688933434573,0.006468574999181255,0.21099223898536934,0.01133104821488366
40.0,1.6948280106405245,0.005892856893080389,78.2367687639371,0.15134001338581768,-8.694705850529572e-05,2.0411572677250716,7.098989916383244e-05,0.24890801567673337,1.0227984565152048e-05,4.068237196199138,-0.11634078404188626,76.52547715943274,1.592026450703562,0.607194250212362,1.9355185502020875,-0.016122877431962036,0.26398659140059166,0.12840870304719224,25.032992216463235,121.5654251755364,85.80192032251567,1,100376.87517561241,0.021185779643436098,0.017382618814942543,8.375890474196403,0.009852424620290437,0.11693819016346682,0.0111642053717482
40.1,1.7708775911073702,0.0058680303644840035,78.42141460844802,0.37700114667525725,-0.0004420368141041839,1.9246141254743612,-0.00011758915019773245,0.2561374029512242,3.729609115401507e-06,2.5075041489998022,0.036865998199873254,76.85192616444844,1.3272172287681736,0.6680421773795956,1.7842807003599286,-0.017496278642265897,0.263107233140212,0.1332458824215711,25.033000940635617,121.56539794835895,88.64455006369889,1,100378.48659452076,0.035062403232902106,0.03260829716582256,8.23169418186159,0.006196948203959187,0.06899330076138391,0.01111174154530839
40.2,1.8671606683603033,0.005853789353615,78.58787789260083,0.6122885802196545,-0.0006331795473114399,1.7974258725435714,-0.00034060849445578865,0.25972706204120977,-2.2147784061320077e-06,2.650672718939059,0.10535284797879259,77.02092950603252,1.5358215678908989,0.7015280832510495,1.5945666089658646,-0.0176374888822598,0.26705427077004606,0.13384972665123201,25.033000940635617,121.56539794835895,88.64455006369889,1,100369.51193957812,-0.03829621953414898,0.012007609447322147,8.130705134382621,0.0066697884482398665,0.044641157047837096,0.010893367168416114
40.300000000000004,1.9834075965028366,0.005868949276383731,78.73533154147805,0.8502947495474826,-0.0005661372998316165,1.6639254739875233,-0.0005555997662640219,0.2614232672123884,-5.5743170787648805e-06,2.8145893018663792,0.17722949167601332,77.17750974763615,1.74281156364167,0.7368533056427625,1.3991405105981136,-0.01790948823701343,0.26907281904154323,0.13462619088980055,25.033000940635617,121.56539794835895,88.64455006369889,1,100386.28108561298,-0.016707645643217667,0.01426946565510501,8.09949372284846,0.001519461247659469,0.025922899444231713,0.0104440315167126
40.400000000000006,2.119284720317645,0.005931149051614652,78.86339845113628,1.0875962572071327,-0.00022617669165632395,1.5268555457883761,-0.0007348783103854626,0.2621310583761012,-4.984422992196803e-06,2.9990601455201813,0.2526923282472975,77.30751583866393,1.945558209194979,0.7724594951482515,1.2009833954559477,-0.017887350795520646,0.2698723999897217,0.13532110276687712,25.033000940635617,121.56539794835895,88.64455006369889,1,100378.21690952661,-0.06216483156391407,0.02282721989432033,8.07227874029191,0.011660050663232722,0.020091579374679733,0.006628939555739264
40.5,2.274431409354544,0.0060546896285138575,78.97193020555241,1.322505060200892,0.00034910041777810386,1.38770112732488,-0.0008654392466199651,0.2623261623212019,4.4354056071617973e-07,3.2037375235229013,0.3317173199062675,77.4055907576363,2.145305329880507,0.8060055866196909,1.000426532890213,-0.01808978103500558,0.2701642079485942,0.13593792855941117,25.033000940635617,121.56539794835895,88.64455006369889,1,100375.90410122338,-0.04205053460878228,0.001079275900749986,8.055945836835157,0.012963272509857642,0.012823794086796217,0.012171711773639718
40.6,2.448477800643329,0.00624964376582066,79.0608983810341,1.554211238351137,0.0010903860217292255,1.2473150651195715,-0.0009499911424382887,0.26225622407554683,1.1284652803477747e-05,3.4282211664497515,0.41405741636174614,77.49563496974463,2.3423720978618454,0.8403518643853143,0.8010021980469486,-0.01777769493728007,0.27020586483197073,0.1365900103155514,25.033000940635617,121.56539794835895,88.64455006369889,1,100373.71415669878,-0.17337506820201812,0.008056230816322785,8.056659672025688,0.018560735632031908,0.011083087621137506,0.009866956238835703
40.7,2.641052495230887,0.006522148525376569,79.13033562531785,1.7823437726997213,0.0019290995310006509,1.1061761151626521,-0.0009969364200210918,0.2620508111541733,2.792754346835893e-05,3.6724236775023957,0.4999560311278125,77.54257728599873,2.5342919319479917,0.8729903426719415,0.5992463006144102,-0.017634753810682836,0.27002920176665346,0.1372049826622079,25.033000940635617,121.56539794835895,88.64455006369889,1,100396.60255257765,-0.1330742938836259,0.015449659939906919,8.060451102487809,0.013448485605869594,0.008853980679416293,0.01137364170887882
40.800000000000004,2.851786456517566,0.00687523854263876,79.18030561203587,2.0067517258782956,0.0028062740777504056,0.9645485036172102,-0.00101983659474023,0.2617775260963513,5.062695316408928e-05,3.9353079491499448,0.5888139412248984,77.59261521889572,2.72255084080525,0.9041388038787226,0.40162206837836933,-0.017522214431048032,0.2695575467953839,0.13788606230973877,25.033000940635617,121.56539794835895,88.64455006369889,1,100390.09630626575,-0.19236599022089665,0.007097573046505089,8.047394725112152,0.011108309544541306,0.009464451461152264,0.010582703760117333
40.900000000000006,3.080314893915745,0.007309988829303828,79.21088727073843,2.2273936319660628,0.003682984825722359,0.8225974329346947,-0.001031494394282126,0.2614715875785989,7.95421315188783e-05,4.218288239723461,0.6818040932320636,77.54864384349064,2.906324679125713,0.9361597905053003,0.19467829041527113,-0.01745732646666398,0.26952821220737433,0.138548095790529,25.033000940635617,121.56539794835895,88.64455006369889,1,100368.28777876073,-0.26104484617583706,-0.01993395609675907,8.035334469940118,0.00794663338259078,0.012678671069974404,0.014676935498412397
41.0,3.3262781407429056,0.007826632862545271,79.2221664491741,2.444282180440645,0.00453928217645694,0.6803881844830579,-0.0010428928198837357,0.2611515814712806,0.00011479312678085494,4.517935964831552,0.7769606834476677,77.55832864311851,3.086137363503168,0.967262231624232,-0.0009243475412312845,-0.017264166908569932,0.26902323862993716,0.13925469123493342,25.033000940635617,121.56539794835895,88.64455006369889,1,100388.73684621834,-0.31570607822830227,0.023154374496658654,8.04091671939544,0.010349121990303543,0.005947980771947433,0.01290659450924499
41.1,3.5893221866740284,0.008425440219272306,79.2142320608637,2.6574567414044923,0.005371366483515174,0.5379976991235755,-0.0010609915486994958,0.26082667014892436,0.00015644726927892445,4.089882877591693,-1.2303551187151387,77.77222917352312,3.115427367808971,0.13631735108251583,-0.13536597209463216,-0.0032628696084469125,0.26430524850406556,0.10987483384411831,25.033001166273664,121.56541809844254,88.35238600963909,1,100365.76710256646,-0.361685382573918,-0.0034668171220232254,8.061469920103209,0.007776835169031696,0.011978550515108566,0.007988422119026544
41.2,3.8690986462861376,0.009107301064927735,79.18717314089277,2.866968812610744,0.006185303645734607,0.3954259568456194,-0.001090248604872069,0.26050238912928747,0.00020451031270464796,4.410012989527659,-1.2160942675649569,77.74907536281945,3.285944733704365,0.14878442109781773,-0.32758698838175737,-0.003176427589994195,0.2638102590875151,0.11044152088557094,25.033001166273664,121.56541809844254,88.35238600963909,1,100375.21904040134,-0.32233844570399095,-0.005485048820611075,8.054990112995151,0.0133109198453527,0.011485107559524784,0.01334650419588429
41.300000000000004,4.165265100071532,0.009874047043953359,79.14107883149009,3.0728761643218303,0.0069934323695104135,0.25271878909343215,-0.0011319832396481139,0.26018048992245424,0.00025891947484403815,4.735013215523285,-1.2054253660064613,77.6832887354246,3.4504028350780693,0.15843711359141202,-0.5218125103851662,-0.0029575426366357516,0.26333464498940407,0.11089045150926925,25.033001166273664,121.56541809844254,88.35238600963909,1,100379.43106321497,-0.3989835706111565,0.038338006494654006,8.053302831872896,0.012441800629420937,0.0112273747270046,0.0077211029742213265
41.400000000000006,4.477564399922926,0.010728927108926615,79.07634561472409,3.2751416514875755,0.007806268114941517,0.1254021284707745,-0.0011922267620523706,0.25936537489823763,0.00032009113123355635,5.088367092931855,-1.1890405865922822,77.62186818642884,3.6190150814329107,0.16925885691328774,-0.6933766669359355,-0.002802109819014041,0.2627783442018994,0.11150353956082773,25.033001166273664,121.56541809844254,88.35238600963909,1,100389.19492362496,-0.4581925762363034,0.0036803241772763833,8.778280808622592,0.010976150334128094,-0.0029441447005466685,0.00832984427055065
41.5,4.806941781353393,0.011683964130461345,78.99862540189231,3.469684430778571,0.008668155804636968,0.04810067969571823,-0.001352683664718792,0.25182084158697315,0.00039501178439755794,5.431271021645642,-1.1825931662976006,77.49642382024318,3.7910583240409084,0.17903153536827393,-0.7999978135109227,-0.0027185957283548945,0.2550561646526659,0.11184377240458139,25.033001166273664,121.56541809844254,88.35238600963909,1,100369.32853250009,-0.5564532946916165,0.007151414115197313,9.09003632860585,0.014325874488092505,-0.0791367609153107,0.011311478604168522
41.6,5.153488851956245,0.012759289135302158,78.91298858803884,3.648883889232105,0.009694209346240035,-0.010382447490334892,-0.001592060801554043,0.24002568082069842,0.0004816101565607721,5.81903827902597,-1.1640385823896868,77.41310882935522,3.9639421335686293,0.1923646530474936,-0.8592831720142897,-0.0028209847891610476,0.24333738829249896,0.11256186773007815,25.033001166273664,121.56541809844254,88.35238600963909,1,100362.25365845222,-0.48897423188510175,0.025592050504125288,9.475253949189543,0.010138283761466806,-0.10649507875920328,0.010264216839265242
41.7,5.5166089223557515,0.013981898594624459,78.82357268468135,3.8113825706841014,0.010926443145255146,-0.03544491275643436,-0.001843710839024982,0.2282096894462251,0.0005743202812407766,6.230608152713483,-1.1415151985069145,77.33692620998083,4.137492035537294,0.2066978399499192,-0.8771128129730429,-0.002959375717959789,0.2315442531116918,0.11318250529922287,25.033001166273664,121.56541809844254,88.35238600963909,1,100375.72907195053,-0.5890463650931497,0.00939732908974951,9.94659446762857,0.009204179132698552,-0.0918513245344207,0.012585856081002345
41.800000000000004,5.895666244515168,0.015380373906128064,78.73445301497082,3.959342915073101,0.012328996538128528,-0.021749354060204226,-0.0020478052845121046,0.21815309428569796,0.0006684864498401179,6.652606292918259,-1.120219435121599,77.24984669484881,4.30132752146255,0.2191098359995591,-0.858834626187499,-0.0030902651243940524,0.2217641959349652,0.11376603429716209,25.033001166273664,121.56541809844254,88.35238600963909,1,100392.06881846511,-0.6362490571345552,0.01825376256941924,10.220096204410542,0.014264164091055615,-0.07469535129963092,0.013031511535272289
41.900000000000006,6.289992378719348,0.0169781271194548,78.64882165860072,4.095791053078463,0.013836706759551873,0.024690460414230942,-0.002169036385089362,0.21054171730116056,0.0007603703785808479,7.049312588128118,-1.1142693894795621,77.10036671094164,4.443822159095551,0.22538432213813794,-0.8194639505034662,-0.002911193465716319,0.21395203759228498,0.11411760609202436,25.033001166273664,121.56541809844254,88.35238600963909,1,100384.08942198663,-0.6235367026935171,-0.009979516718022809,10.41764948671182,0.010162684409712217,-0.04229536399872591,0.012024944223093222
42.0,6.698968207735026,0.018789203313475993,78.56892396125842,4.223530055745384,0.015372952440255253,0.09523895950783573,-0.0021968324636429492,0.20524213195939933,0.0008480800336019834,7.501216615837167,-1.0911871625522769,77.02149183015433,4.592885152517602,0.23662471382570185,-0.7552591198512507,-0.0026564638436122057,0.20854052821971414,0.11463692126902304,25.033001166273664,121.56541809844254,88.35238600963909,1,100370.64784101667,-0.6911712334729747,0.03541609367641156,10.561155336410328,0.011994643827881351,-0.02938833210114912,0.012960633302906527
42.1,7.122034142048587,0.020816711664444564,78.49604748396423,4.34483027156325,0.016865384404244826,0.18046484712941527,-0.0021320636522799926,0.2019229149845232,0.0009316797557690397,7.799534915393888,-0.9185779261477687,77.05738957955039,4.825773951063255,0.19256939654600697,-0.6849582627615376,-0.00269200312118989,0.21238414426291796,0.0936947133579935,25.03300292225308,121.56545956661587,89.4945748466464,1,100372.17033432884,-0.7438187546386991,0.03344435811788682,10.606073871989944,0.008627392343057146,-0.010279033675758262,0.013373384525595703
42.2,7.5587065798793205,0.023052749034478657,78.43069791310565,4.4615209464041055,0.018245767723799478,0.2738433534318275,-0.0019892970118725317,0.20018914084614114,0.0010119272536050186,8.289656031490678,-0.8989371317843485,76.99254153024488,4.97620893453005,0.20024625983639532,-0.6117025968838022,-0.002458477379169849,0.21074924844061904,0.09409272146557231,25.03300292225308,121.56545956661587,89.4945748466464,1,100368.16854501695,-0.7180643537494736,0.04048429360360038,10.595447995346495,0.005159805452873372,0.013640952015232865,0.012321206111037642
42.300000000000004,8.008588916280667,0.025480426821496028,78.3728555863393,4.574987894978578,0.019461781101294408,0.3691030713498328,-0.0017921534594613126,0.1996181491271649,0.001089738097132221,8.799230375527818,-0.8766091121655699,76.94357651816476,5.122598844301944,0.2083913440654873,-0.5396422090362052,-0.0021453217901465857,0.21048598936383223,0.09460180606870605,25.03300292225308,121.56545956661587,89.4945748466464,1,100378.4925483968,-0.7156401425348545,-0.003254416182536725,10.546069223505189,0.011658264915518116,0.019852932694589754,0.012104591407547289
42.400000000000006,8.471350567673047,0.028076908782051872,78.32211165893644,4.686271815019404,0.020475439454852574,0.46255910335568434,-0.0015679266272913583,0.1998539476556569,0.0011661017755253188,9.318743870618267,-0.8554537143207537,76.89291129690314,5.266920430669629,0.21462676952865117,-0.47425626343850424,-0.0016195115799196372,0.2106933756181104,0.09510211732854168,25.03300292225308,121.56545956661587,89.4945748466464,1,100391.10710710491,-0.7997874363499352,0.022850933116885852,10.486646099850805,0.01215897052521703,0.018014587028488696,0.011950403137382194
42.5,8.946719194578913,0.030816758449058283,78.2778570393989,4.796093402041092,0.021269028367234703,0.5512182690758749,-0.0013430690836932924,0.20059721122690077,0.0012417500121869244,9.8319899953717,-0.8421427205734633,76.81336110174722,5.399849367895127,0.21661526572389725,-0.41887378499590244,-0.0011881868051800137,0.2115322952784231,0.09553714100525428,25.03300292225308,121.56545956661587,89.4945748466464,1,100392.85387084477,-0.8126053229426895,0.02718471137718409,10.402162543800868,0.01589358147759167,0.019742918886845626,0.016409006373858344
42.6,9.43446199150433,0.03367503196236008,78.23937551898833,4.904939699640023,0.021840395001968434,0.6340828152547968,-0.0011409465877146507,0.20162215538422035,0.001317188784460942,10.37888250298041,-0.8202295416248607,76.77411726687377,5.53747940506824,0.2212248338399558,-0.36688022076167015,-0.0009175495322468544,0.21247137324305276,0.09597243360497562,25.03300292225308,121.56545956661587,89.4945748466464,1,100398.45512473988,-0.8276037657220987,0.008915049383684225,10.328610579624003,0.016436918250820297,0.023657193963444893,0.011217011279430316
42.7,9.934374691562052,0.036629702100090214,78.20593193417241,5.013088584903089,0.02220693820588167,0.7102243240588374,-0.0009779594416610938,0.20277026278852595,0.0013926762861328947,10.909289410033166,-0.8103053632025523,76.69107475556453,5.663144071367469,0.22107003558035804,-0.3272219999871454,-0.0006024411893204226,0.21357401197247983,0.09627159344841649,25.03300292225308,121.56545956661587,89.4945748466464,1,100382.57428095615,-0.7352885014513222,0.008890601968944426,10.266664486096548,0.013705277133372946,0.025508719037525378,0.011456548730910312
42.800000000000004,10.446274414300994,0.03966339728247655,78.17683866548076,5.120676653396994,0.022400602732466603,0.7797001800895288,-0.0008632619218245476,0.20391239339926837,0.0014683518191365332,11.482360031134272,-0.7879633543618123,76.66029518351064,5.79725430696145,0.2257792428718472,-0.28909589064810587,-0.0002836212391309906,0.21457941500737232,0.09682446055303978,25.03300292225308,121.56545956661587,89.4945748466464,1,100369.08659387632,-0.8313534456776598,0.018616107479463715,10.19204090273044,0.006322528706367132,0.02652069784587924,0.013187762275254684
42.900000000000006,10.969986910510512,0.04276429305900389,78.15146282861404,5.227714941780503,0.022462038806508967,0.8429173322008425,-0.0007998107473727678,0.2049848101088214,0.0015443835056177062,12.055746855607925,-0.7705654488534478,76.61346268425737,5.92364159597231,0.22637223838232953,-0.25864573314372946,-6.992989416707007e-05,0.2156724349237249,0.09726310370559871,25.03300292225308,121.56545956661587,89.4945748466464,1,100388.9552677606,-0.8015299479013428,-0.008197116681011921,10.141240226424578,0.00908611941815226,0.02641453223437681,0.011609630570642562
43.0,11.505345165790292,0.04592609915849397,78.12925615593348,5.334151356711622,0.02243480871903216,0.9005145582037402,-0.0007849532289475676,0.20593958916506416,0.0016208832924670589,12.654641308156666,-0.7477583485262935,76.58899775550945,6.053378111110066,0.22981839800893072,-0.2312723340828807,7.1881332336661e-05,0.21656884921429453,0.09777398763724712,25.03300292225308,121.56545956661587,89.4945748466464,1,100379.95243777368,-0.9163696636834749,-0.00021320216841016343,10.092128650730476,0.011568450642165093,0.03005872122342043,0.012982255822789847
43.1,12.052185084764213,0.04914752301856218,78.10975931846845,5.439877109918578,0.0223660150237526,0.9529603008977279,-0.0008095233059515346,0.20675340864327008,0.0016978107769759514,13.377405867833085,-0.392661957797785,76.60214458114868,6.214057394338405,0.3237431150327804,-0.2011805989351224,0.000646951038065266,0.2182538638451037,0.11336055607763545,25.033007525553476,121.56552744656268,85.75389803135188,1,100374.88436051272,-0.8992743790221374,0.01624113046020787,10.039525623423454,0.008576312821359343,0.028133977926794132,0.014267532140665267
43.2,12.610340647558456,0.05243143865984596,78.09258507649271,5.544759209495022,0.0222962278993291,1.0010485170987597,-0.000861884682802558,0.20743001953555007,0.001775249657366771,14.005199026635527,-0.3600404229900849,76.58301539161165,6.341274126441168,0.3286778872244261,-0.1818120618202833,0.0006696433132720586,0.21937380412963092,0.11397543052732002,25.033007525553476,121.56552744656268,85.75389803135188,1,100389.26354271935,-0.9437256440594096,0.01731812045479939,9.99821927554967,0.002303655100179743,0.02283580138438971,0.01036007755592213
43.300000000000004,13.179644712531775,0.05578353579079606,78.07741658242409,5.6486656593609155,0.022255320664219556,1.0453656567906093,-0.0009307920776624595,0.2079790423678629,0.0018532569191877942,15.643343951315757,-0.21246449388688313,77.2012080111548,6.846985866357675,0.38757352454346794,-0.05620472680245146,-0.008613651863484336,0.22933703148469498,0.06850024506045461,25.033007525553476,121.56552744656268,85.75389803135188,1,100378.8430250283,-0.9176580250764517,0.010426718210736935,9.98414359674351,0.008965306989979514,0.025046111360825747,0.01136939074777488
43.400000000000006,13.759928369038112,0.05921100705063722,78.06399531847201,5.751475456721815,0.022263307856743096,1.0865504266729678,-0.0010047571945248591,0.20841407821200786,0.001931809198731766,16.33471624576382,-0.17335151958788508,77.19634984719336,6.979408942491543,0.3952112701069546,-0.040966258205975735,-0.008651691985774722,0.2298900866694802,0.06889780359167907,25.033007525553476,121.56552744656268,85.75389803135188,1,100372.08159300129,-0.9541020372668574,0.05446287341901311,9.955606685196555,0.008179187409071632,0.020029712954285052,0.008364040042919716
43.5,14.351021367849782,0.06272139617181495,78.05211386657265,5.853078734184275,0.022331983404770148,1.1249662800500515,-0.0010738523522419228,0.20875193468795605,0.002010759679599858,17.03811201881685,-0.133935067261723,77.18999281473336,7.1104179886354695,0.4021842697304877,-0.028192763029170613,-0.008672777516781256,0.2306733088555324,0.0691805674877359,25.033007525553476,121.56552744656268,85.75389803135188,1,100395.75606637288,-1.0239309355373856,-0.042220237264443065,9.941615202068583,0.010113378873063506,0.017719464153302493,0.014756843214927687
43.6,14.952751322578841,0.06632176347013108,78.0415988430682,5.9533865314508745,0.02246068522385556,1.1611564185429573,-0.001131317817535682,0.2090132933654394,0.0020901016757343184,17.755608753845504,-0.09331807584756437,77.1877785930443,7.2392493988782425,0.41020097372730635,-0.016454146691216157,-0.008618138004343832,0.23120507599102513,0.06964267448810725,25.033007525553476,121.56552744656268,85.75389803135188,1,100366.79564288756,-0.9524098183287706,0.003613159786251017,9.916628713780236,0.01083718066367925,0.02528731080480222,0.014989069145477069
43.7,15.564946193421115,0.07001780022561895,78.03231092961317,6.052332764213917,0.02264025285629343,1.1954432449965329,-0.0011733468780718867,0.20921105751451208,0.0021696097498589903,18.48204478348228,-0.05369829069173621,77.17692699083557,7.36772787257171,0.41788874547175753,-0.007426116193312978,-0.008699486089240472,0.2316872700599062,0.07011829005744508,25.033007525553476,121.56552744656268,85.75389803135188,1,100399.71862283544,-0.9580273413189218,0.021825224003935276,9.909536984489533,0.011518569684168145,0.010777640317055456,0.014141817318933018
43.800000000000004,16.18743379659113,0.07381354805712215,78.02413582298718,6.149863248184561,0.022863798236365352,1.2278373258849442,-0.001198751915481698,0.20936136873658762,0.002249027728233412,19.225240473106602,-0.011544699717458758,77.17663126055183,7.496351304063404,0.4243410893689592,0.0012836862386449016,-0.008570500557551188,0.23181829040009805,0.07044622996881542,25.033007525553476,121.56552744656268,85.75389803135188,1,100394.21327325416,-0.9708740350165862,-0.04342866272446924,9.889888720959634,0.010069036825533409,0.01639527002340004,0.012725472251758853
43.900000000000006,16.82003995806644,0.07771159982912756,78.01695914175794,6.245948377649815,0.023110404742668705,1.258907273715386,-0.001206945151245527,0.20948618185609624,0.002328719197901987,19.964151641660166,0.02360453246389987,77.13796355054076,7.6159758701006055,0.42872988518536576,0.006352672120721993,-0.008531494552332281,0.23168195220190713,0.07056601751378752,25.033007525553476,121.56552744656268,85.75389803135188,1,100374.138401568,-1.0536286755163933,0.011791062636260565,9.875457747106205,0.010226103076753043,0.0170135171085827,0.012295394621527508
44.0,17.4625951220299,0.08171253189013614,78.01069195853186,6.340582587633862,0.023363343784383116,1.2885767078853467,-0.0012013337020510286,0.20958453682261347,0.002408389663316632,20.73183889545131,0.06687131318828363,77.13897281494675,7.738052849625774,0.43567078669161763,0.013594330857012286,-0.008240331745835196,0.2320315007960687,0.07108609371724478,25.033007525553476,121.56552744656268,85.75389803135188,1,100400.53932695571,-1.0023232310557832,-0.0007185869282725944,9.857689774391094,0.007934589254068893,0.020663064732340378,0.012072188196508267
44.1,18.11493039249942,0.08581558548628222,78.00525098111382,6.433758874491426,0.023608890242277553,1.3170106153243835,-0.0011852878625742403,0.20966384156382634,0.0024879060210363712,20.710387516541413,0.34668703613315544,77.09477217857882,7.6764795549742475,0.5457090223822123,0.015526353690959182,-0.008045794106809404,0.22968717904905311,0.09206006959898656,25.03301054847337,121.5655742007626,90.24382667851175,1,100382.1096078168,-1.0544343129106064,0.022830874995932914,9.85529898421135,0.01823108501447772,0.020371477064348213,0.009160444038046923
44.2,18.776878947703175,0.0900189964297967,78.00056046559494,6.525479791828192,0.023834843430913733,1.3443305989775571,-0.0011624883522661192,0.209728524158854,0.002567178128295898,21.484008510986474,0.4017589592745566,77.09659905587188,7.795385400198448,0.555185635702489,0.02097139101967438,-0.00805256347699343,0.22979866014211825,0.09250773629340411,25.03301054847337,121.5655742007626,90.24382667851175,1,100382.68988583348,-1.068682511316339,0.01812029613090701,9.838961504383283,0.013860460339691153,0.0144573170384515,0.009268891039968192
44.300000000000004,19.44827640919469,0.09432032075122632,77.99655230159776,6.615752725365573,0.024033941782558948,1.3705695727600484,-0.0011365325141418242,0.20978111113808273,0.002646034139491948,22.263320478664625,0.45504691453709467,77.08132271480737,7.910182101638322,0.5627032408025985,0.024806507523483377,-0.007877412020022428,0.2301649227511795,0.09275750257015997,25.03301054847337,121.5655742007626,90.24382667851175,1,100384.1038024617,-1.0666558474916739,-0.018274923276984534,9.825058354665206,0.006009797535095049,0.017344006863142473,0.01083265960651148
44.400000000000006,20.12896045115171,0.09871689629663385,77.99316219871099,6.704588188424893,0.024201143904543553,1.3958427802130686,-0.0011103580286328024,0.20982461745234593,0.0027244496410075178,23.060288498256387,0.5117504894859622,77.0839690513263,8.02744101627613,0.5711137763085395,0.028561892048300536,-0.007641640169229073,0.23049267566210085,0.09313721005786701,25.03301054847337,121.5655742007626,90.24382667851175,1,100390.19123058679,-1.0953043723755997,-0.001918141159441054,9.824710569019265,0.02117009313439635,0.020017162150703136,0.013983449164774836
44.5,20.818771485465323,0.10320601362751869,77.99033203620938,6.792000228566026,0.02433602000671247,1.420164356742702,-0.0010862160918506574,0.20985966623203223,0.002802279780410776,23.528493235915832,0.32233087173249686,76.7321420087738,7.988559283173112,0.5255033521497465,-0.03951187791449986,-0.010882585949274454,0.2243921280870349,0.07303926693167119,25.03301054847337,121.5655742007626,90.24382667851175,1,100384.17974787326,-1.1500468967328557,-0.02321691581644339,9.81617756472364,0.016041772818444558,0.02143853988640092,0.01356337530912478
44.6,21.51755212818365,0.10778526347946647,77.98800670289938,6.878003102434422,0.024439824207029934,1.443614612722554,-0.001065478079193708,0.20988803259863964,0.0028795170036590434,24.33278365733278,0.37529604562077895,76.72830420368594,8.097547851320163,0.5345406311517,-0.03743498590339805,-0.010787042799083463,0.22482563455722815,0.07336807750882157,25.03301054847337,121.5655742007626,90.24382667851175,1,100386.86446743892,-1.0566050452512363,0.020858681072909946,9.800905417797393,0.007574268486624694,0.0227128482234192,0.00956517622505431
44.7,22.225147824910824,0.1124525201682052,77.98613674672109,6.962613781069838,0.02451624173625742,1.466228804595347,-0.0010488448414555226,0.20990889622484987,0.0029559774660903523,25.14237553712424,0.42672698561498523,76.70754706431184,8.202315594949056,0.5415943197247838,-0.0367168961983821,-0.010511318832550083,0.22490303385473576,0.0736921178287119,25.03301054847337,121.5655742007626,90.24382667851175,1,100390.7905334928,-1.1465258414543713,-0.02079929089163092,9.797154079324631,0.009670411173743123,0.013876071140560928,0.014565217681428221
44.800000000000004,22.941406197747966,0.1172061438158983,77.98467554532729,7.04584662418161,0.02457143131891489,1.4880508688872662,-0.0010360127111574762,0.20992379001182604,0.0030316129434549846,25.96773634275375,0.48133935572294206,76.7039810757907,8.304402120912012,0.5500450045098857,-0.03448860637636151,-0.010476186405318721,0.22515065144545843,0.07415768766158745,25.03301054847337,121.5655742007626,90.24382667851175,1,100382.2055907518,-1.1541610080522595,0.0038790977688232947,9.800283421854692,0.010514857775801257,0.009961028940503113,0.0114474807390916
44.900000000000006,23.666177508906646,0.12204486000882803,77.9835811040357,7.127718578723872,0.024610370184836555,1.5091224495557691,-0.001026206286923484,0.20993228455387936,0.0031063242402287637,26.80024453053063,0.5352583295737865,76.69106279212278,8.406656868811075,0.5562963747267994,-0.03379238631508347,-0.010501621426286772,0.22497278150129452,0.07457650686020519,25.03301054847337,121.5655742007626,90.24382667851175,1,100399.13586693209,-1.1361518951443557,0.02423627471850222,9.790242165464855,0.008458947966686923,0.0196986990298152,0.008944727093525243
45.0,24.39931430232767,0.12696772267814752,77.98281453767734,7.2082449823782,0.024638128646066702,1.5294875336010372,-0.0010184061508424188,0.20993508089347745,0.003180061475781094,27.645956430082165,0.5912334203769116,76.68775051607413,8.507532426501973,0.5629353241930366,-0.03258437168163116,-0.010322144403864593,0.22505514740746135,0.07490972286537964,25.03301054847337,121.5655742007626,90.24382667851175,1,100388.2238982137,-1.180618567936688,0.009272124341191424,9.776118594218602,0.01395473706331145,0.022890670380987802,0.007413727725306534
45.1,25.14069529880586,0.13197411007290955,77.98245255207955,7.287676070569792,0.02465407920283567,1.5552761064454725,-0.001012319085271891,0.20970391658540732,0.0032528758108959156,28.098457257671,0.5025285990228353,76.86919212320055,8.494625383145975,0.5360081689803973,-0.002395350923058889,-0.010347656230838345,0.22235959453442877,0.07225945552075631,25.03300111919171,121.56565913245215,93.97785362667769,1,100400.08715762303,-1.1993235099908326,0.004459649864139921,10.308795479895794,0.014844088774975367,-0.001402984684964477,0.013244266454535799
45.2,25.8908598719595,0.13706843936487706,77.98620152856294,7.374327528440068,0.024643415880625262,1.575000400191409,-0.0010260723200892733,0.2016031943238361,0.0033300331374686446,28.953287365132333,0.5565192327378256,76.87198500010481,8.600307380441684,0.5440008400038507,0.05390085514575543,-0.010380644649823436,0.21441882511079657,0.07272858660775813,25.03300111919171,121.56565913245215,93.97785362667769,1,100405.71944081216,-1.132439199615378,0.0080491298318284,10.194789286158601,0.008003837883394038,-0.1245397148569734,0.011673165207914787
45.300000000000004,26.648888960905957,0.1422506569186177,77.99492878426298,7.4580442154807995,0.02455569191303885,1.5180845777625311,-0.0011647171892967612,0.18581562634444193,0.0034097706293723133,29.806625349229886,0.6061917003437076,76.82887825532252,8.686270743740154,0.5485770979199833,0.09350795110390134,-0.010362761894166288,0.19882401153512919,0.0732140233633169,25.03300111919171,121.56565913245215,93.97785362667769,1,100399.8472012661,-1.27862195647877,-0.0008406426412960258,10.171021662789293,0.010790437878695686,-0.16434687946784482,0.0135559700622645
45.400000000000006,27.41276594107663,0.14752893471613374,78.00835727990511,7.524582189523737,0.02456465349996944,1.4391742166449222,-0.001391670466466247,0.16766093452867903,0.0034910764268767614,30.678613108449635,0.6613386250194286,76.84057768715573,8.751472269343745,0.5540674451347325,0.14164819805016865,-0.010276150928698081,0.18082374946357826,0.0736037643876345,25.03300111919171,121.56565913245215,93.97785362667769,1,100382.65434104,-1.2628730581593213,0.019570037206410065,10.256753478398805,0.012415502479646264,-0.16030128853584036,0.01290044840586749
45.5,28.180465762629687,0.15292082318849498,78.02706826773934,7.56887571096844,0.024821927421120406,1.3701645428826061,-0.0016348966320194748,0.15074214558329002,0.0035717254499510894,31.553614445649004,0.7156721448735898,76.84456536805597,8.799964375216996,0.5578240239394067,0.1947501573008378,-0.0105592751140502,0.1641842054167939,0.0740454035108635,25.03300111919171,121.56565913245215,93.97785362667769,1,100379.16523019047,-1.2227086530983589,0.0349569006908621,10.31420626333864,0.010302249584490702,-0.1409360011231476,0.011442699708436532
45.6,28.95019631321274,0.15844405143235846,78.05162536756262,7.591977479248982,0.02539922124678588,1.3267471416632712,-0.0018143451731422876,0.13710752669996884,0.0036463045216797983,32.435241158219476,0.7716322321666343,76.86699767645474,8.82951884582792,0.5608782587062943,0.25392980834416295,-0.010753206983390037,0.15076411288739755,0.07462090655898686,25.03300111919171,121.56565913245215,93.97785362667769,1,100381.98065158636,-1.3219951891945878,-0.00958957584229738,10.29001496988373,0.008564033788502623,-0.10218639730823754,0.012228232710133917
45.7,29.720537257603073,0.16410841358052955,78.08213592558921,7.597967059148718,0.026297113006026253,1.3112804829941247,-0.0018491421289749971,0.127590171495628,0.0037092905762288846,33.31669880808072,0.8266289248019787,76.8828183923628,8.849495809356329,0.5630397219520645,0.3105516495905326,-0.010699070306680075,0.14137637547475457,0.07505131996812214,25.03300111919171,121.56565913245215,93.97785362667769,1,100394.05332046116,-1.296683549328795,-0.024402240155254763,10.238305726158991,0.00958311209331239,-0.05827175630051762,0.011638219977322381
45.800000000000004,30.49049917159749,0.16990897667616583,78.1181633182125,7.591928037874352,0.027413329592553493,1.3190697423930815,-0.0017021558980268305,0.12216611641358743,0.0037565745579573413,34.2020975184178,0.8830219142161007,76.9164806192031,8.858981297094953,0.5648810964628879,0.3610818020980717,-0.010667317636155457,0.13600299067339705,0.07551975877606645,25.03300111919171,121.56565913245215,93.97785362667769,1,100372.80736590328,-1.2965515799394858,-0.006172972799603955,10.172502059761339,0.011735135343168397,-0.025680219836621415,0.013511500304750134
45.900000000000006,31.259509614666502,0.17582424647419778,78.15875640806235,7.578868227912653,0.02858879361138573,1.3419455815108274,-0.0013915204880282155,0.12025207227372037,0.003787342852212993,35.08865530767016,0.9397014960823684,76.955693600486,8.867998336868554,0.566968298524812,0.4001292242433576,-0.010447802893838835,0.13415451322216,0.075906626005705,25.03300111919171,121.56565913245215,93.97785362667769,1,100372.60494730774,-1.2524107512143616,-0.019462589384935065,10.033845964429052,0.012217509125737692,0.010343924072359276,0.008231776790453924
46.0,32.0273479826064,0.18181865899064015,78.20259055983367,7.5631161719858895,0.0296459807591954,1.3708877220788867,-0.0009631979755564887,0.12096870578050534,0.003803587834389931,35.97588312515032,0.996418358223749,76.99707113103501,8.876434102888844,0.5676603808903575,0.4249550042941778,-0.010077671578715267,0.13483568877831775,0.07629081215748378,25.03300111919171,121.56565913245215,93.97785362667769,1,100377.90852639223,-1.2056667865497646,0.0015073241907074299,9.88834363333934,0.020185867311455264,0.03676211623391641,0.013791051173855443
46.1,32.79405435720382,0.18784744077107746,78.24818792717565,7.548077275741592,0.030425179292230348,1.3977440226926596,-0.0004791706831999219,0.12331526116233205,0.0038082000257485867,35.718577479792046,-0.35990188418463,77.01349236756506,8.547226468615621,0.1946970954245531,0.44797272841069374,-0.009303587300652623,0.13101119987535403,0.0365025205788477,25.032975497684582,121.56572410815785,88.90537590953905,1,100388.4077372075,-1.2076265828345045,0.06890169555967558,9.744800681531586,0.018526730328841393,0.04573779750897365,0.010672455501584539
46.2,33.559827115970975,0.1938631188727681,78.29411106305136,7.536059207881925,0.0307994594020848,1.4166353370982,-1.7573134832591817e-05,0.1263330884311591,0.0038034948248414115,36.57354080532774,-0.3404093758858567,77.0581858124411,8.55223651582954,0.19413335866956016,0.44363167437820017,-0.008818640286275872,0.13447799147368267,0.0367252025707063,25.032975497684582,121.56572410815785,88.90537590953905,1,100383.65571919979,-1.2784105837403827,0.016736843996387897,9.606224731919985,0.01790474219301387,0.047860605882760136,0.013946226498817976
46.300000000000004,34.32492698306925,0.19982237149726653,78.33909719952142,7.528225824754818,0.030717347350098095,1.4237769477944942,0.0003547345802984302,0.12923962686084445,0.003790840412807157,37.42718253626157,-0.32224080849161596,77.08263521888004,8.560111787802295,0.19201218951131807,0.4259934141305509,-0.00841709535432349,0.13766274966182612,0.03699399333947673,25.032975497684582,121.56572410815785,88.90537590953905,1,100380.73548159073,-1.1502984872076956,0.022590369035785946,9.508336773060737,0.015652863943895513,0.04218243144182651,0.008647158913462282
46.400000000000006,35.08960161220504,0.20569173682679304,78.38214051467797,7.524702360300195,0.03021929843454284,1.417578000278202,0.0006001779494928972,0.1315077955390127,0.0037711705350325156,38.28373299666186,-0.3031286087156789,77.12408674179146,8.570554640304156,0.1897730403057627,0.4019526508725549,-0.008096310180209254,0.13992817110906963,0.03729762239367868,25.032975497684582,121.56572410815785,88.90537590953905,1,100374.38270848461,-1.1951100856212469,0.014229379966343863,9.44543010714735,0.011477371622279629,0.02786038850215073,0.011656216907246466
46.5,35.854037784998496,0.21145091199434146,78.4225358985259,7.524690193237932,0.029391842056721417,1.39992478138767,0.0006878424609396542,0.13290904850580731,0.003745500213683903,39.14045274571007,-0.2847856449851162,77.1529434329949,8.579425490491639,0.18817278770168272,0.37179113758216265,-0.007969365334887419,0.14115293623432779,0.03759321409829232,25.032975497684582,121.56572410815785,88.90537590953905,1,100392.30195624808,-1.2502514070166997,-0.007626823607041505,9.391576743076039,0.011491328213683207,0.01962154262605056,0.015277997459151668
46.6,36.61834587269461,0.2170943336802755,78.45990854620348,7.527015555860116,0.02839740586291124,1.3732335848309747,0.0006362487048264282,0.13346349225615106,0.0037155541228044084,39.998946596697714,-0.2661223169207984,77.18852894419588,8.59140685746983,0.185518925014888,0.33937015658104025,-0.007922804490583354,0.14174753019147213,0.037912200561587006,25.032975497684582,121.56572410815785,88.90537590953905,1,100377.34537091764,-1.1752681021782265,0.028238498320856203,9.384103794882911,0.007090088985223052,0.014902648392109436,0.012683888726683459
46.7,37.382560812155276,0.22262906180184255,78.49410610984263,7.530426196417887,0.02740082654069444,1.3408616066388848,0.0004816292352819479,0.13335074693757543,0.0036828984970016377,40.85731505093088,-0.24875940326733945,77.19900376359763,8.603212860105707,0.1852701361306111,0.3044186707149915,-0.008077440118736562,0.14147667606775594,0.038233682760118716,25.032975497684582,121.56572410815785,88.90537590953905,1,100371.41738472835,-1.1536600151924603,0.049246001437420445,9.382339375364309,0.010165800824911773,0.019719365581941713,0.009275932861266994
46.800000000000004,38.14666188769911,0.22807134466889098,78.52515969139542,7.533875551899419,0.026535548179228624,1.30618501836445,0.0002652919623474918,0.13282409147516927,0.0036488261664460037,41.718150049194044,-0.23036374684220373,77.22784819946725,8.613288953419604,0.18337018253376575,0.27283586727120257,-0.008376457259399023,0.14147955245165345,0.038537933402317454,25.032975497684582,121.56572410815785,88.90537590953905,1,100383.28011859146,-1.1803438181832133,0.011822733543097175,9.41454509871303,0.005586901333951079,0.006041480741742438,0.012385906178572948
46.900000000000006,38.91059643386985,0.233442600426385,78.55321545020237,7.536680425138568,0.025895106084951443,1.2718723758322263,3.412048240796113e-05,0.13213018316566671,0.0036141722744580233,42.57993482192278,-0.21243338074197066,77.2475861270951,8.627075918946817,0.18150283829197256,0.2422973368773221,-0.008291618135437438,0.14068426467058703,0.038821633967794,25.032975497684582,121.56572410815785,88.90537590953905,1,100369.75953883323,-1.1905719393158454,0.04698862836615286,9.423559109277393,0.0036473128363225258,0.00883125221218973,0.011543532701965273
47.0,39.67430230271271,0.23876522642775147,78.57848365612047,7.538515693459997,0.02551459152371647,1.2398736728769175,-0.00017954048648250853,0.1314631186296944,0.003579092886188646,43.44309796465023,-0.19439380665374328,77.27040463364295,8.637073092411084,0.17967358191822846,0.21458093969577308,-0.00858102641769086,0.1398862282017368,0.03911269723593779,25.032975497684582,121.56572410815785,88.90537590953905,1,100379.79759372986,-1.1686869579023098,-0.0017332397876885786,9.455128726155747,0.008621967353589555,0.015516370748864514,0.011655135522013835
47.1,40.437724620929814,0.2440595046920095,78.60119736522127,7.539351311289765,0.025391637219538306,1.2112414471040043,-0.00034800140349390703,0.13094581518924997,0.0035434314025199927,41.532264814724485,0.0948647674777944,77.30653191177768,7.651924521421066,0.24717490528694522,0.23206630959562943,-0.010124443083240245,0.12029452480531577,0.053156187678187417,25.033009059494507,121.56579287196199,86.09388858248856,1,100383.23318744781,-1.2110397284986374,0.03069284821766375,9.472124025349055,0.01170227767872894,0.013978840182281313,0.01335389055811761
47.2,41.20082546049569,0.24934119379032788,78.62157995647723,7.539360683731625,0.02548728497755705,1.1861457224970384,-0.0004570634609904387,0.1306296940766234,0.0035068173359512488,42.29694838561729,0.11953532759588632,77.32855870462589,7.6433905208756485,0.24575604190192127,0.208576146044225,-0.010250205630799161,0.11977788667358791,0.05336664555958705,25.033009059494507,121.56579287196199,86.09388858248856,1,100374.94287844558,-1.2952980996946823,0.0031002383267770446,9.495059493941287,0.02069074158436844,0.016848498396429122,0.014110045343455679
47.300000000000004,41.963586965487934,0.25462033180743504,78.63982707917204,7.538794130150275,0.02573914007018919,1.1643987751463274,-0.0005083217361093557,0.13051252396711455,0.003468830632428017,43.06015772623703,0.14358368610027414,77.33760468472504,7.632545512241178,0.24344352396929544,0.18639228570252142,-0.010011561700887663,0.11973363837709594,0.05369922305537473,25.033009059494507,121.56579287196199,86.09388858248856,1,100372.07410646832,-1.2938164478386087,0.020145917667926314,9.508916422086354,0.017031130280825618,0.019212289358840885,0.010646430995195483
47.400000000000006,42.726010676051004,0.2599013738713638,78.65611212672357,7.537912077264558,0.026083488162068173,1.1455284854976244,-0.0005080365174695886,0.13055886470123057,0.003429262334044457,43.822989730420446,0.16779718937514257,77.35522387236418,7.624455531623743,0.24081745030541155,0.1661583485085006,-0.009688585767955376,0.1197202001644142,0.05399032018012327,25.033009059494507,121.56579287196199,86.09388858248856,1,100380.23818047994,-1.1769557031524083,-0.008566666301322204,9.532217650588903,0.01263411598869855,0.020252195698486762,0.009435831579438876
47.5,43.488113359984155,0.2651838775024127,78.67058612474113,7.536937465932004,0.026459447679577246,1.128945404028514,-0.0004694079747751779,0.13071720422812394,0.00338801461634079,44.58400157936859,0.19085862947748924,77.34470396857328,7.619472437727042,0.2385451339280298,0.14407119965617546,-0.009447371201464043,0.11992543760823926,0.05427643157487754,25.033009059494507,121.56579287196199,86.09388858248856,1,100379.25259872407,-1.1229018830365805,0.01911632358271371,9.525629560246447,0.0033513395228269025,0.027917641297559314,0.012373157194711357
47.6,44.32608740675991,0.2709913760718098,78.68457286236419,7.535943586639492,0.026853131561042853,1.1127154538381747,-0.00039938676862238086,0.13095870147824118,0.003340746009263691,45.345649309450415,0.21464072524571798,77.35820526674415,7.612979730951159,0.23705688143723602,0.12646679466655877,-0.009403099800076226,0.12064575722996707,0.054498116521416784,25.033009059494507,121.56579287196199,86.09388858248856,1,100372.34397448256,-1.1792364397561663,0.020946738156517763,9.549638226848417,0.01117794033050538,0.02018492574735057,0.011181917573096462
47.7,45.011466808127615,0.27573469843099185,78.69461875883196,7.53526777345297,0.027129764511300003,1.1006564824269338,-0.0003333875842913693,0.13117019763775706,0.003300684834481558,46.10599676148073,0.23753371654515643,77.3486455732969,7.606735389936186,0.2343474582022862,0.10800490598152697,-0.009263176639644436,0.12107053539273105,0.054717895837610775,25.033009059494507,121.56579287196199,86.09388858248856,1,100391.16794882255,-1.1342609165223987,0.030455852177221215,9.56997687779324,0.011447205962842127,0.014359459102027669,0.013319527753520919
47.800000000000004,45.77278137564316,0.2809894842635139,78.7044181062612,7.534691144529257,0.027372781982523735,1.0882940938742798,-0.0002627675696672818,0.13139044064049887,0.0032548670840592325,46.86635983828132,0.26089372476662004,77.35866677374045,7.599559513164471,0.23302030493504136,0.09269910994451619,-0.00942351874058146,0.12124209047260814,0.05505487175884875,25.033009059494507,121.56579287196199,86.09388858248856,1,100367.5475888397,-1.2009804664017865,0.02167818462162769,9.57225161533278,0.010586956956662823,0.010218703675737422,0.00913123120144482
47.900000000000006,46.53389548344339,0.28622118330146545,78.7128951897288,7.534284876552659,0.027546019381851816,1.0769069313149875,-0.0002015672807511267,0.13157946160350664,0.0032078651608679976,47.62585331103802,0.2839740129425924,77.3624532349166,7.591678392578839,0.23122943959449307,0.0786428638709594,-0.00935859664769876,0.12141312219897937,0.05525736458854837,25.033009059494507,121.56579287196199,86.09388858248856,1,100373.52847729239,-1.1884951493638765,-0.00766588013316288,9.579737154464201,0.010625631285221381,0.015707181836970646,0.010882100593839199
48.0,47.294835887272775,0.29142383350369633,78.72016755655113,7.53401660356661,0.027656041369237792,1.0664204847697631,-0.00015411301067775598,0.13173121858948944,0.0031598609568407243,48.384625091322384,0.30693508179481627,77.36967576283196,7.584183068702941,0.22801853468009783,0.06613647278805694,-0.009065577216132506,0.12159139316724388,0.055417062782975965,25.033009059494507,121.56579287196199,86.09388858248856,1,100380.15667219627,-1.2227752375933991,0.04828923267999871,9.611960591035675,0.01620292030280738,0.0264077800749144,0.01318330358018547
48.1,48.0556252333576,0.2965928509256391,78.7263510401569,7.533843915611603,0.027715141717871476,1.056842416851069,-0.00012238963408491444,0.13184728727902262,0.003111003860486322,48.828619104884346,0.2182041650371823,77.52176733158734,7.487277292066305,0.2023987949397464,0.07411968554476067,-0.00879420253703957,0.12002929993913436,0.054030788002512015,25.032999625225212,121.56586990608585,91.67273243039722,1,100382.780191622,-1.1448222229050093,-0.015320551565264445,9.609719010604296,0.00922071183825416,0.02200143394109885,0.013715130692124643
48.2,48.81628239781806,0.3017251765745346,78.73156065788964,7.533726930716317,0.027739505503841515,1.0481913957148232,-0.00010457156124940581,0.13193443878364453,0.0030614398248805562,49.57688726795621,0.2382622838896515,77.52866327092347,7.477971943595559,0.1990064066706401,0.06406602269114414,-0.008795124463899257,0.12018377080743559,0.05424403724605262,25.032999625225212,121.56586990608585,91.67273243039722,1,100383.08707586906,-1.2031620919728832,0.04669058558090778,9.61753150736792,0.012094589590049915,0.017622183074685497,0.013997307283403702
48.300000000000004,49.57682305470691,0.3068191062303529,78.73590701949895,7.5336340291993595,0.027744168286840322,1.0404748481354815,-9.791148836548543e-05,0.1320007697530856,0.0030112650210029424,50.32498826659859,0.25756845601445566,77.50326379293138,7.471378246792527,0.19623080340238916,0.05125878883121703,-0.008741331135190301,0.12066229012631857,0.05444444958343673,25.032999625225212,121.56586990608585,91.67273243039722,1,100379.31850594317,-1.1723159018266274,0.028961117997303845,9.63258043693729,0.01202316399924072,0.024996178691323027,0.008953873767959933
48.400000000000006,50.33726051122946,0.31187402359422484,78.73949574130428,7.533544379377365,0.027741737204066176,1.033689140429012,-9.92412948792995e-05,0.132053875757552,0.002960545885778718,51.0717202689944,0.27704502356336297,77.50798480624796,7.463604837558588,0.1934127027378991,0.0431055726839611,-0.008721330823072766,0.12092913678946693,0.05475542750554542,25.032999625225212,121.56586990608585,91.67273243039722,1,100380.3755348793,-1.2397676730789235,0.06438311538063377,9.639352555063494,0.005330024716295223,0.016095411262603127,0.012876043687309002
48.5,51.097606326885504,0.3168900683703184,78.7424246818106,7.533447537614831,0.02774174954016313,1.0277980614573168,-0.0001049756122700786,0.13209984866791702,0.00290932210892441,51.817722303954355,0.29624943207754684,77.50962905412554,7.454727963073028,0.19102145291742323,0.035936678973172854,-0.008636699561500833,0.12099665860869879,0.05519554920529887,25.032999625225212,121.56586990608585,91.67273243039722,1,100393.65156532833,-1.255147152724334,0.0068579079605292775,9.650035955639813,0.012618010832165998,0.005358800795182009,0.015615522253252245
48.6,51.857870886306934,0.3218677902137249,78.7447832196849,7.533341235446137,0.027750069910719023,1.0227378805601692,-0.00011199291031353722,0.13214270752500035,0.002857610377628011,52.56280283739072,0.315236438231317,77.51290248557929,7.446580553599446,0.18816812579365869,0.02963093326174597,-0.008418792291919528,0.12106977375150096,0.05561733300643465,25.032999625225212,121.56586990608585,91.67273243039722,1,100372.76734018791,-1.2359451780673616,0.024262550144871182,9.6423458992472,0.011157558550836614,0.014834086569760006,0.013667644200998235
48.7,52.618063736606175,0.3268078536612033,78.74665146356129,7.533227650576245,0.02776899625789031,1.018438056792413,-0.0001182368824613634,0.13218451713145574,0.002805408718957355,53.309771719624344,0.33349629523094443,77.46854389268614,7.445000995046721,0.18478235981517188,0.018064692010800826,-0.008311506700092945,0.1213068123914598,0.05596265901236324,25.032999625225212,121.56586990608585,91.67273243039722,1,100381.30709028686,-1.2321529479247524,0.02850465694449083,9.665948397490066,0.009140438691044611,0.021488281769340117,0.009769351959991172
48.800000000000004,53.37819384352912,0.33171083487717806,78.74810134966519,7.5331115994049735,0.027798378514532752,1.0148218391232877,-0.0001222983123155227,0.13222596648596485,0.002752716409710178,54.05384819687046,0.3518266755559574,77.47011648678686,7.437566446415732,0.1817701392941477,0.013284162896288879,-0.008340277178253648,0.12122337548592754,0.05629502201497929,25.032999625225212,121.56586990608585,91.67273243039722,1,100376.48808209921,-1.189170395010811,-0.007806403161924689,9.664148422544358,0.013885993212317616,0.009499331371682369,0.010090910512015994
48.900000000000006,54.1382696092238,0.33657708099041567,78.74919617191243,7.53299850290154,0.027836353942387225,1.0118047677349975,-0.0001234397155114688,0.1322667594667455,0.0026995274598936476,54.798727470222296,0.3697607512951212,77.45225356726414,7.434206492273375,0.17906307048308728,0.0063781838805546205,-0.008448313717814043,0.12132734933759592,0.05651237632221473,25.032999625225212,121.56586990608585,91.67273243039722,1,100398.2013205384,-1.2145370540808909,0.015402865670765561,9.672841240426298,0.012811258165996636,0.022089951339386737,0.011305511488996538
49.0,54.89829889304639,0.34140664980002416,78.74999171410053,7.532893240697918,0.027880030742099594,1.0093047056086728,-0.00012164060904938461,0.13230603077282788,0.002645838241834189,55.541899549308326,0.38756977138295984,77.45267621210157,7.429628663247405,0.17688988533490121,0.0023373151323031667,-0.008452878568408814,0.12152059781204572,0.056718963765217165,25.032999625225212,121.56586990608585,91.67273243039722,1,100383.472997101,-1.2476329933193437,0.03443973548747911,9.678952606215931,0.0063488790219826015,0.01380857305644682,0.012562870335419862
49.1,55.65828893767245,0.34619930904859114,78.75053670156764,7.5327990509265135,0.027926260488601064,1.007251053203547,-0.00011733273552222423,0.13234282780556073,0.0025916474353421233,56.194461289968146,0.7627449397062566,77.60572055495928,7.394015070051339,0.25233175980710987,0.018539791896382617,-0.009457058512353633,0.12096536953512516,0.06222615372386264,25.033013132224017,121.56594877045438,91.4053129771933,1,100362.33324274246,-1.1442667975029988,0.015322186604318458,9.690113483252684,0.010639738968447752,0.0191949557115731,0.00961613580631544
49.2,56.418246318994896,0.35095457814167913,78.75087365632646,7.5327176515265775,0.027972209818241146,1.0055773014172769,-0.00011110864932156132,0.13237640700279374,0.002536958509512792,56.93366170189421,0.7878779850425366,77.60741002071867,7.38906868590246,0.2502036801152232,0.015363892410280388,-0.009501098503972492,0.12105703889614472,0.06249338293937827,25.033013132224017,121.56594877045438,91.4053129771933,1,100366.7845660546,-1.2240804084119077,0.0012135031220988843,9.691612742046068,0.01190142339564051,0.017172072731633205,0.009920207899726802
49.300000000000004,57.178176909726766,0.35567179124535575,78.75103956945692,7.532649279781653,0.0280156414677593,1.0042258769138317,-0.00010366416828783273,0.13240624551601488,0.0024817784561580103,57.67729339549236,0.8129382425175787,77.5402844957594,7.387393921477179,0.24912366121333243,0.0038157510839693302,-0.00938129282245852,0.12134901671796938,0.0628348438419944,25.033013132224017,121.56594877045438,91.4053129771933,1,100370.21991861427,-1.274185157452446,0.006922358081975591,9.689801795429208,0.013812579479733328,0.023862727037806123,0.012745868432990248
49.400000000000006,57.93808587378002,0.3603501687910364,78.7510666410721,7.53259314698559,0.02805499306282201,1.0031503974803666,-9.569413076220197e-05,0.13243211147254086,0.0024261166776681697,58.41568932954513,0.8377450301805145,77.54054839099919,7.3802853579809735,0.24697175774836969,0.0015154664508896746,-0.009152357587716792,0.12143003993634904,0.06320172039380026,25.033013132224017,121.56594877045438,91.4053129771933,1,100375.92440297418,-1.2403300555752985,0.054793877460343574,9.690792559028552,0.017617639610550708,0.009228815281455367,0.008774207121442853
49.5,58.697977675434785,0.3649888832808677,78.75098274196941,7.53254776194227,0.02808944464455927,1.002310398886827,-8.777624879069217e-05,0.1324541045346428,0.0023699812804322184,59.15512629278238,0.8624370148990868,77.52050915523432,7.374047617546688,0.24466591733012935,-0.00258312909798052,-0.00896461401917489,0.12137692436325453,0.06350930891634106,25.033013132224017,121.56594877045438,91.4053129771933,1,100377.17162246622,-1.2672230047677564,0.03880422232758744,9.70863399495581,0.00808061844848199,0.0167140341692025,0.01429772892936499
49.6,59.45785612589783,0.369587117311361,78.75081192235558,7.532511384430798,0.02811884585852516,1.0016698402405892,-8.028840718625517e-05,0.13247251226922296,0.002313383993635235,59.89218203412232,0.8868380587736321,77.52015290273162,7.366429888533551,0.24295073779746165,-0.004352339348498473,-0.00880005814112253,0.12144590347107687,0.06383599766261513,25.033013132224017,121.56594877045438,91.4053129771933,1,100376.04319937286,-1.233062608503636,-0.013031253010992193,9.708497543373722,0.011241177103208275,0.015252265227433262,0.011298471941301189
49.7,60.217724442661186,0.37414409978665386,78.75057482630297,7.532482298682313,0.028143518720298872,1.001199124607291,-7.346717815999134e-05,0.1324877192042322,0.0022563328104532386,60.63076777148624,0.9111889798374693,77.49923450161955,7.36388683306926,0.24122312882053676,-0.008566881111417462,-0.008650323297880184,0.12126732590582812,0.06421221626740782,25.033013132224017,121.56594877045438,91.4053129771933,1,100377.06096656171,-1.2479327815841135,0.015335708012382295,9.706353296433349,0.013387612809358533,0.015625774727939884,0.013122394253499906
49.800000000000004,60.977585313602546,0.3786591306336636,78.7502890258388,7.53245895590314,0.028164076694334343,1.0008727335261993,-6.744573604178846e-05,0.1325001820899847,0.0021988339183478794,61.3667150911555,0.9351730616784438,77.49832237981047,7.3554178019631875,0.23858595373262784,-0.00969779433338233,-0.008391789793069197,0.12115796060428075,0.06444730453214936,25.033013132224017,121.56594877045438,91.4053129771933,1,100389.25187131944,-1.2356187447053548,0.005732710780961586,9.701326389694346,0.01210410014959531,0.009239809464101072,0.011661435374211769
49.900000000000006,61.73744096741784,0.3831315903453466,78.7499693502867,7.532440089479384,0.028181325429960418,1.0006673462827238,-6.220142618355135e-05,0.13251035643549858,0.0021408920001946188,62.107990243818826,0.9593755323646164,77.44706374192153,7.353991720754325,0.23648739279164396,-0.017868020565634777,-0.00831456922649454,0.12122624191232556,0.06478977604327835,25.033013132224017,121.56594877045438,91.4053129771933,1,100384.11326867214,-1.2388432639107814,0.011891862587575394,9.705411166073718,0.0052339203985793704,0.018001234913495263,0.008471537157795845
50.0,62.49729324082246,0.3875609377808205,78.74962818965051,7.53242474332647,0.028196117289207272,1.0005622474082028,-5.761717303191501e-05,0.13251864262423219,0.0020825102101872327,62.84304484549199,0.9829242724654954,77.44521149020524,7.347463687785839,0.23396582981124922,-0.01927735074369135,-0.00821248560649094,0.12086140587208916,0.06494628493764965,25.033013132224017,121.56594877045438,91.4053129771933,1,100365.59925809782,-1.1923251049662174,-0.021705387253281447,9.709684635970207,0.01629920147064958,0.009309326663523357,0.011783439996941815
50.1,63.257143639281864,0.39194669923650755,78.74927579125261,7.532412207532737,0.0282092021554248,1.0005398161558996,-5.3579693749198276e-05,0.13252537716234403,0.002023688226104485,63.20031755954451,1.4328759457089246,77.59963053925355,7.23512315542338,0.33625246316283053,0.0010702746561139659,-0.009857771332281367,0.11917857787915476,0.0688233892550754,25.03301984863902,121.56601324328945,91.05018802307697,1,100398.27615650269,-1.3083249227488125,0.03636995489112593,9.702852384777154,0.010728585011649725,0.01609237432252973,0.008716199376565066
50.2,64.01699338402672,0.3962884562939828,78.74892044850846,7.5324020223468775,0.028221199267203134,1.0005838898379085,-4.99406691969362e-05,0.1325308322281098,0.0019644263748302133,63.92336342194071,1.4664479383867173,77.59968556716031,7.227165028446259,0.33518333377735,-2.6728006913581733e-05,-0.009858650871862936,0.11902774517950121,0.06899083953524147,25.03301984863902,121.56601324328945,91.05018802307697,1,100388.90368081638,-1.2680375181547867,0.02316758361606808,9.711890734686254,0.00724347896054848,0.023236885020855347,0.012168727464905623
50.300000000000004,64.77684346110802,0.40058582640632173,78.74856883455121,7.532393831025698,0.028232644043462086,1.0006803443138206,-4.6538512515972635e-05,0.13253523913562293,0.0019047180491563885,64.65022240705784,1.5004063050751497,77.55284035543298,7.222472426571074,0.33384431387445124,-0.007380343466885748,-0.009583478983508632,0.11903932036165488,0.06918228637184576,25.03301984863902,121.56601324328945,91.05018802307697,1,100370.22502869925,-1.2261714084445345,0.01227628327712699,9.7186545875427,0.013049030647678525,0.022450973681658354,0.012138579507665339
50.400000000000006,65.5366946531831,0.40483845560343024,78.74822612793106,7.532387431525253,0.028243867388210386,1.0008159532793877,-4.325956299383279e-05,0.13253873914846803,0.0018445637874873046,65.64998484640982,1.524476748528816,78.08099743413345,7.364668227623305,0.3288247888421362,0.1326006137219296,-0.00920247706277787,0.12647629565365093,0.06870208797769786,25.03301984863902,121.56601324328945,91.05018802307697,1,100368.2597436449,-1.291211174256122,-0.02771558092360105,9.706447751096794,0.015733524998798883,0.032720849211926015,0.01287501147401646
50.5,66.29654757295943,0.40904600017945547,78.74789632631499,7.5323825620221925,0.02825505588456158,1.0009816248788752,-4.000132325846688e-05,0.13254147426509832,0.0017839599389576567,66.38939573068764,1.5574688379821549,78.07787980628632,7.364272138913872,0.32675438969764775,0.1314063269785289,-0.008958384791487788,0.1266465935614811,0.06904448033940142,25.03301984863902,121.56601324328945,91.05018802307697,1,100378.41374523885,-1.247407146794436,-0.014834948095340014,9.713968714964283,0.013212922195609905,0.01680307828829302,0.00836101690817298
50.6,67.05640268825448,0.41320811678578667,78.74758238958525,7.532378990532531,0.028266229822195326,1.0011691322175362,-3.670874435160573e-05,0.13254354828822668,0.0017229002950753126,67.12563849414148,1.5900304450071443,78.0910600558471,7.361057606944492,0.32457797029275653,0.13212178612158962,-0.008582571886806906,0.1268648403748971,0.06922312861531728,25.03301984863902,121.56601324328945,91.05018802307697,1,100395.59773495766,-1.255506640470891,0.040793385847355895,9.709429319328963,0.015047016731054193,0.01943668717748103,0.01036129353504803
50.7,67.81626035314939,0.41732445800358314,78.74728656963441,7.532376651243827,0.028277660252423897,1.0013690833674846,-3.332957896372908e-05,0.1325450612032404,0.001661376332090281,67.87755713791877,1.623617251152836,78.03001163521157,7.369373397777206,0.324218038822861,0.12384529739389269,-0.008449634507397642,0.1272042065668897,0.06959962928401212,25.03301984863902,121.56601324328945,91.05018802307697,1,100371.54691873248,-1.2514158015640136,-0.017518896337988827,9.707080960255768,0.015491509120080342,0.0258058689748314,0.012928711969600184
50.800000000000004,68.57612078431764,0.4213946792413587,78.74700989516566,7.532375523204489,0.02828901170521218,1.0015732290209383,-2.985216163995687e-05,0.13254605014211385,0.0015994020166391447,68.61425297556508,1.6559529880961508,78.0424425477524,7.365613626503034,0.3230569666356409,0.12462025256995185,-0.008079050536177544,0.1273033660851255,0.0698547614087944,25.03301984863902,121.56601324328945,91.05018802307697,1,100382.91659967919,-1.263202009449953,0.0040237368871560465,9.714854301793402,0.006935371287821536,0.01385353304358639,0.01346676944235691
50.900000000000006,69.3359841216147,0.42541841352341775,78.7467530477968,7.532375245316014,0.028300238699254077,1.0017797839358804,-2.630954110934328e-05,0.1325465984871761,0.0015369661802302737,69.35711273172848,1.6885958749459924,78.02770816566427,7.3685649438401235,0.3199378049149909,0.12173307689937912,-0.007958396722609413,0.12726322138808177,0.07017935891958293,25.03301984863902,121.56601324328945,91.05018802307697,1,100370.78366250238,-1.179446173280093,-0.010264666952921865,9.703599739496727,0.0037654322820110126,0.02294435858207756,0.012856890360134057
51.0,70.0958504314323,0.4293952897480094,78.74651627105253,7.53237563894614,0.02831136368010736,1.001983466227575,-2.2713761751093245e-05,0.1325467855030238,0.0014740615348746095,70.09388544942594,1.7203977488243478,78.03990721318804,7.3658603437984915,0.31583519959806194,0.12240353402030221,-0.007776266679780763,0.12734199542749458,0.0705478325568228,25.03301984863902,121.56601324328945,91.05018802307697,1,100382.4009469237,-1.1688027833275016,-0.018220692966460353,9.707323971968675,0.015110037861016279,0.019482897841772318,0.01036678930075902
51.1,70.85571971585085,0.43332493306031766,78.74629939923734,7.532376535288042,0.028322361964670573,1.0021815535402658,-1.90816722668147e-05,0.1325466850703596,0.0014106828482938745,70.59421816623583,1.0687464539532454,78.16400690383449,7.286916355059834,0.19670865376999647,0.13769153522741634,-0.006792237068375999,0.1258143025521543,0.06040519750217666,25.03299519336175,121.56609013706853,90.95108406084994,1,100379.83832552208,-1.1665385184670578,-0.02083466777153787,9.715487429121968,0.01311494389605589,0.00561977644995113,0.01033427491989223
51.2,71.61559192911463,0.43720696513999646,78.746101966626,7.532377816663113,0.028333238223234358,1.0023725992814019,-1.54269352821135e-05,0.13254634621935812,0.0013468253149657963,71.32267131357196,1.0882140582795137,78.17785191651318,7.282940582297868,0.19242145475265313,0.138855980391806,-0.0064207165046909175,0.12563295917242967,0.06058390713690184,25.03299519336175,121.56609013706853,90.95108406084994,1,100389.76566978008,-1.2425026352007926,-0.012739064402288648,9.722884675265046,0.016082203777670293,0.01481721620636389,0.009718934034985971
51.300000000000004,72.37546698589904,0.44104100371329974,78.74592327207884,7.532379282286682,0.02834393233000737,1.0025548280568128,-1.1766270207056785e-05,0.13254583107256313,0.0012824798875223828,72.06230212815814,1.1082272164178966,78.12707924569946,7.286058861296249,0.18929932924200762,0.1316887083223323,-0.006092921108565377,0.1256470177300315,0.060964951389425634,25.03299519336175,121.56609013706853,90.95108406084994,1,100380.25278290902,-1.2048925133882102,0.029741775254380102,9.716090886641814,0.011082857095500245,0.01125348419626129,0.014069369923468772
51.400000000000006,73.13534477914722,0.44482666434328655,78.7457625650851,7.532380867921331,0.028354748376187917,1.002726436527049,-8.092630580012377e-06,0.13254520518918467,0.0012176340494953644,72.79080504521664,1.1269452540658125,78.14026255536307,7.283098760778281,0.1845824965675897,0.13197928200360645,-0.005871044180348825,0.12573482014348936,0.06129575889089375,25.03299519336175,121.56609013706853,90.95108406084994,1,100389.93343872989,-1.2904923865123827,0.017686052412496808,9.699506025859506,0.013301673100243702,0.013758419238845267,0.010484297723379618
51.5,73.89522516805262,0.44856357258468244,78.74561873254662,7.5323826053687295,0.028365451622632914,1.0028864519121692,-4.404068110957799e-06,0.13254447417466708,0.001152298712048783,73.5240563479292,1.1456468066816197,78.12735062848337,7.282413991615114,0.1805585661127555,0.12938670211193826,-0.005590743725863056,0.12560720867374164,0.06157173982078942,25.03299519336175,121.56609013706853,90.95108406084994,1,100377.44159514272,-1.2423666235685256,0.01679482998409415,9.71140171696618,0.01847090270812117,0.023520438455745824,0.012352622956315343
51.6,74.65510800223016,0.45225134246561544,78.74549067745201,7.532384351609641,0.028376104021790825,1.0030349167263881,-7.107124867122188e-07,0.1325436775760811,0.001086463890436283,74.25213290756665,1.1634226901484583,78.14032411140875,7.278836383647147,0.1750635700923027,0.12989044754767334,-0.005154628300274636,0.12542040545277655,0.061904649072819035,25.03299519336175,121.56609013706853,90.95108406084994,1,100372.0163426997,-1.2403826997723157,0.017238800115014642,9.70085220141918,0.009976735809402034,0.01295591668483535,0.011093145481606798
51.7,75.41499312321618,0.45588958744891955,78.74537728906249,7.532386025097672,0.028386780759461556,1.0031712310627832,2.9820245155256836e-06,0.1325428578138783,0.001020118846335715,74.98565619019996,1.181164360959774,78.12586431760396,7.277633075660695,0.17012500453551413,0.12651738976926724,-0.005090679641427075,0.12543493011991802,0.06227230685030735,25.03299519336175,121.56609013706853,90.95108406084994,1,100372.27201249028,-1.2070841982682146,0.0561000488582806,9.72131697104851,0.011579349243842687,0.023900690206445852,0.011407776666557358
51.800000000000004,76.17488036993191,0.4594779222993894,78.74527744386097,7.5323876100836715,0.02839754091172498,1.003296424638592,6.688590403050533e-06,0.13254202513889957,0.0009532565382013897,75.7133155380231,1.1979035412158356,78.13854138053748,7.275065185535488,0.164243840370552,0.12696995771812292,-0.0049717201103737264,0.12540495847187638,0.0625129573889043,25.03299519336175,121.56609013706853,90.95108406084994,1,100394.75739533392,-1.1957755385101443,0.02899470206904639,9.70757834686662,0.011702312317862004,0.018354084795318828,0.011502225036474741
51.900000000000006,76.93476958111462,0.46301595957676955,78.74519002386387,7.532389074582651,0.02840843591189792,1.0034108664764356,1.0420277801040335e-05,0.1325411959823588,0.0008858680727506977,76.45908200915609,1.215648939048132,78.07077633644326,7.277390251093314,0.15937892740310383,0.11768530302607424,-0.004938053082562316,0.1256655113746954,0.06289083613601662,25.03299519336175,121.56609013706853,90.95108406084994,1,100365.84638460634,-1.1989405286834034,0.017044698258078018,9.705469604219525,0.012267421404021728,0.023509558535573426,0.015020554756778607
52.0,77.69466059677163,0.4665033096042492,78.74511393079234,7.532390393816433,0.028419521266241414,1.0035140029423308,1.4182061080342018e-05,0.13254039823738983,0.000817945173874203,77.18662905568921,1.231318919758202,78.0825828189994,7.272346639189005,0.15371554860303935,0.1186153423954129,-0.004663737963719494,0.12568589920543594,0.06325838203165983,25.03299519336175,121.56609013706853,90.95108406084994,1,100386.97578598642,-1.2121642479994417,0.022462582455144108,9.706861954043124,0.009851104535921263,0.016401483766140357,0.008186949468808925
52.1,78.45455326278463,0.4699395805151696,78.74504810315342,7.53239158217153,0.02843081462084107,1.0036067727558724,1.7993864268810817e-05,0.13253962737397873,0.0007494827990273201,78.51156090227323,0.12664196199478017,78.2952528427905,7.45832607261137,-0.1226482492323445,0.1519517250706686,0.00027978600641189594,0.12883068714544543,0.05070675113494012,25.032985726097873,121.56617316332839,92.52124372526218,1,100385.63864319533,-1.1932736566846007,0.01140448988724136,9.708965221915197,0.009345961402386981,0.021417454241526895,0.015059701884907278
52.2,79.21444743138977,0.4733243729758581,78.74499152802956,7.532392622315889,0.02844232150635856,1.0036902921732138,2.185658802877086e-05,0.13253888921165102,0.0006804705614393417,79.25739398984156,0.1137431176799521,78.31048827539924,7.458876766344638,-0.13478471113223955,0.15258458228533528,0.000609754948285253,0.12895643166867798,0.051037288462485,25.032985726097873,121.56617316332839,92.52124372526218,1,100368.5511553391,-1.2548126411507023,0.009392146796011986,9.700544253462304,0.012794101197708732,0.008486700142307391,0.008277151813128276
52.300000000000004,79.97434296122559,0.476657283628686,78.74494324005828,7.532393508378216,0.028454059229031485,1.003764421874672,2.5770747926121148e-05,0.13253819945223655,0.0006109004926625802,80.00534888250648,0.09994002337848816,78.30164499524398,7.460418168229331,-0.14445494629312022,0.15029294544362948,0.0006455381151962633,0.12915099670984964,0.05123267930801834,25.032985726097873,121.56617316332839,92.52124372526218,1,100396.97135379174,-1.214423988414104,0.0067808862689601665,9.71272012725505,0.0144686765140914,0.01496216588432551,0.012441500321881058
52.400000000000006,80.73423972025846,0.47993790278826637,78.74490234101931,7.532394251973048,0.028466040423705995,1.0038297943263916,2.9751610840959256e-05,0.13253755085474705,0.0005407638699204884,80.75135809221112,0.08495258441638506,78.31670699169756,7.459557465285993,-0.1555557183916192,0.15086798091610812,0.0008821022984584412,0.12882902903036064,0.05156905648838223,25.032985726097873,121.56617316332839,92.52124372526218,1,100365.66606763397,-1.222280852523851,0.004801729076298996,9.70504417811573,0.01665855849274501,0.013057877062045132,0.012097382480851697
52.5,81.4941375846794,0.48316581374213724,78.7448679918189,7.532394855076154,0.02847826808118197,1.003887625248668,3.3802139526429404e-05,0.1325369412639883,0.0004700513253265538,81.49895985404596,0.0689253355180584,78.31314595999022,7.4585502983778875,-0.16769973105519476,0.1493684270998147,0.0011635450279401799,0.128708684276166,0.05187332398862319,25.032985726097873,121.56617316332839,92.52124372526218,1,100372.75794478743,-1.2374825239652874,-0.01624193402689752,9.71245163826817,0.007436039202238843,0.014505364801757747,0.012081639117636031
52.6,82.25403643855334,0.4863405927316253,78.7448394111344,7.532395311081936,0.02849073675332911,1.0039382434769797,3.791402608702458e-05,0.13253638014807856,0.0003987531800218809,82.24472807904942,0.051531890403713206,78.32810746747137,7.456542675294409,-0.18010754650435995,0.14991806633381044,0.0014719121255241108,0.12871719480999055,0.05228004971512116,25.032985726097873,121.56617316332839,92.52124372526218,1,100371.67794388991,-1.1656699786583846,0.028912853070900045,9.706277362835586,0.012887441933476736,0.01645092091641314,0.014248478878459923
52.7,83.01393617523378,0.4894618102657948,78.7448158852981,7.532395630325544,0.028503457789360642,1.0039819601110391,4.209755574803315e-05,0.13253586462264888,0.0003268623504700183,82.99502915141572,0.033256714692936444,78.29719834248095,7.457886040999392,-0.19260225160879352,0.14472801757708842,0.0018333493506387556,0.1288455595250313,0.05262475514814187,25.032985726097873,121.56617316332839,92.52124372526218,1,100381.91776876216,-1.23717123313821,0.05452255885433577,9.713071298558129,0.019835824799579318,0.013761080486656497,0.015017587990665986
52.800000000000004,83.77383669718056,0.492529026471997,78.74479676834795,7.532395815086486,0.02851640784940801,1.004019876676844,4.6356331964820746e-05,0.13253538726975966,0.0002543654590668167,83.74074645837084,0.013375649274490784,78.31171278833544,7.456116518404651,-0.20539251184652968,0.14557326569835088,0.0022066056284332225,0.1288358506164704,0.052926977942483515,25.032985726097873,121.56617316332839,92.52124372526218,1,100397.84111842072,-1.149463957315503,0.03427820455243366,9.704405255663568,0.01042477912801932,0.014479152689499711,0.011126161380734401
52.900000000000006,84.53373791448438,0.4955417954174308,78.74478147060505,7.532395866588914,0.028529637897986387,1.0040525739414532,5.0683661269662145e-05,0.13253495407743854,0.00018125194403271558,84.48976431069684,-0.0074994654852881685,78.29562936374849,7.458312628095714,-0.21794928709489608,0.14167960420193504,0.002363226163144074,0.1288976485972182,0.05323967907615838,25.032985726097873,121.56617316332839,92.52124372526218,1,100375.35645922764,-1.2365093547746842,0.02728230038838845,9.701169184192732,0.011166039753285497,0.01581532727733825,0.009583998399781246
53.0,85.29363974573673,0.49849966388531813,78.74476946150475,7.532395792504356,0.028543111118790054,1.0040803508455876,5.508387074084998e-05,0.13253456155508547,0.00010751200169807333,85.23559590656235,-0.029979469718652105,78.30980872979877,7.458052714577294,-0.23157201172169883,0.1419579781449892,0.0027382649452418854,0.12905759351773294,0.05354864702445593,25.032985726097873,121.56617316332839,92.52124372526218,1,100397.16207392681,-1.172149998951757,0.0346450739778852,9.71119019575004,0.017192567465170304,0.019749483922342746,0.013207588183537783
53.1,86.05354211706218,0.5014021709306989,78.74476026608957,7.532395599286407,0.02855686633508267,1.0041037353387714,5.9568608271586294e-05,0.1325342079522691,3.313572911223401e-05,86.07698675716,0.6195907615646071,78.16169397934505,7.49055058484023,-0.11808062654720596,0.12164571220863983,0.0014340909172075034,0.12968248068151444,0.06084419833357473,25.033021413139327,121.56624672998323,87.11148893805093,1,100376.88189472837,-1.3024276905973071,0.06546311172359473,9.70722649205468,0.006876413358102653,0.021198200305554474,0.011075731576943849
53.2,86.81344496205882,0.5042488457840241,78.74475346161324,7.532395294657791,0.028570883283830385,1.0041234779086707,6.412937207764046e-05,0.13253389004939908,-4.189011695504878e-05,86.82591680647398,0.6072462699316215,78.17388821803708,7.4882371800404455,-0.12937874356565793,0.12225424638740721,0.0017984845416087886,0.12984387626013771,0.061068804729758897,25.033021413139327,121.56624672998323,87.11148893805093,1,100395.89505538889,-1.2225370838354794,0.006618526685585522,9.707984395300702,0.005315358535862858,0.01605112863647217,0.013336645171430971
53.300000000000004,87.57334822106921,0.5070392110940752,78.74474867125592,7.5323948857697065,0.02858518069002633,1.004139958790382,6.876510733683839e-05,0.13253360715203222,-0.00011757504605899973,87.58258121903721,0.594408885497803,78.09835073092341,7.494286885451445,-0.14060091799312693,0.1109033764163142,0.0019431817180246454,0.1299898451751762,0.06138884725990425,25.033021413139327,121.56624672998323,87.11148893805093,1,100379.90160369301,-1.2578591281782525,-0.00958671766298319,9.709145719190571,0.008564268475358669,0.016943687040864436,0.012007747907448232
53.400000000000006,88.33325184078944,0.5097727818931438,78.7447455628308,7.53239437934604,0.02859972622600574,1.004153377405428,7.34857093931366e-05,0.13253335792254628,-0.00019392785737238564,88.33202459113845,0.5796957630093797,78.10944229242969,7.495025238870135,-0.15400746239042704,0.11103280884328626,0.002265250870817175,0.13011428037313566,0.06155995969391294,25.033021413139327,121.56624672998323,87.11148893805093,1,100391.76715343824,-1.2515325875414358,-0.018861828614457014,9.710506820765056,0.015169556871772245,0.016158217181145424,0.010372733741999662
53.5,89.09315577406798,0.5124490613698691,78.74474384826715,7.532393784269405,0.028614553546694604,1.0041641812874724,7.828900975849322e-05,0.13253313765958796,-0.0002709647346757083,89.08645696937758,0.5640141147883384,78.06909358852367,7.4980470789044755,-0.16829296639491234,0.10424775250660087,0.0026050076474069435,0.13013675675777803,0.061725147483673554,25.033021413139327,121.56624672998323,87.11148893805093,1,100378.06790238192,-1.3041982795633984,-0.014376556798871547,9.70034404721291,0.016428817939313427,0.01694649395805883,0.00890431029613669
53.6,89.85305997920855,0.5150675478493454,78.74474327562973,7.532393110661803,0.028629685961505565,1.0041730450877142,8.3174185284907e-05,0.1325329416670875,-0.0003486933514347709,89.83620894884409,0.5465384952497668,78.07952390571047,7.4976957732822,-0.181432746446357,0.10440190748278684,0.0029083082480697506,0.13008927612346644,0.0619983884932094,25.033021413139327,121.56624672998323,87.11148893805093,1,100380.50721261781,-1.2603162492816364,0.03372929014392866,9.710627606041106,0.0125731839479791,0.016576795975113093,0.014438100774056672
53.7,90.61296441930924,0.5176277287629708,78.74474362661171,7.532392364768825,0.028645028169787624,1.0041799466936527,8.814627079138779e-05,0.13253276492389898,-0.0004271258383740906,90.5910251323642,0.5281266023313751,78.04005193542362,7.499218438307891,-0.19523561718264024,0.09809144611800676,0.00301602819287778,0.13027936403389528,0.06231898257327164,25.033021413139327,121.56624672998323,87.11148893805093,1,100387.53899556173,-1.178474530763811,-0.009091492193133242,9.70156968620202,0.010129831403867192,0.01466704745048721,0.013782555682808287
53.800000000000004,91.37286906037394,0.520129081090534,78.74474470801287,7.532391539354885,0.028660672759378975,1.0041849012523283,9.320312590345615e-05,0.13253261608446132,-0.0005062785809265028,91.2811465502617,1.1776629983148474,77.78846060604558,7.441665522715605,0.19919342689046016,0.039229198463671865,-0.008241687783493455,0.12807789259999702,0.043058483864930115,25.033021413139327,121.56624672998323,87.11148893805093,1,100393.95576974939,-1.2412111964052204,0.026548441828466832,9.710584318030781,0.01466364975460622,0.015181103060489821,0.011637881751332735
53.900000000000006,92.13277387412126,0.5225710730597465,78.74474636425349,7.532390655283011,0.02867665157792585,1.0041887957385758,9.835087567888539e-05,0.13253248045501564,-0.0005861668248826624,92.02458554064222,1.1973892670771356,77.79583281086849,7.439537924676108,0.19609798279477147,0.039409667181713584,-0.008010036124143274,0.12803688937271462,0.04317586015997869,25.033021413139327,121.56624672998323,87.11148893805093,1,100388.73764105228,-1.1939801176205032,0.028335134922411336,9.694973475835578,0.018451971402204136,0.012042196178917629,0.013494948176817675
54.0,92.89267883492892,0.5249531657126645,78.74474845769619,7.532389712641404,0.02869293100221479,1.0041916568659959,0.0001035987890761795,0.13253235576544697,-0.0006668003939712936,92.76852568287018,1.2168208799475388,77.79974944719476,7.438114462133226,0.19291016599837787,0.039176179069904234,-0.007675952842772442,0.12828496298072256,0.04348406171989469,25.033021413139327,121.56624672998323,87.11148893805093,1,100366.27494200417,-1.2695766824624362,0.03521250075902202,9.714534645558475,0.011911452065576566,0.01909923072932579,0.012541408368079586
54.1,93.65258391832914,0.5272748070428749,78.74475086449377,7.5323886965596385,0.02870955274962047,1.00419303126046,0.00010893934979514587,0.13253225797258228,-0.0007481963851619156,93.61189168690478,1.108775516367505,77.92231519709901,7.45576300109747,0.16834676856743624,0.05269835843635992,-0.007347973569778218,0.12840728215074693,0.041967079805992284,25.033006550964853,121.56632238542774,90.5465989804253,1,100357.96373194743,-1.166864074592805,0.031050547388528187,9.706712137511255,0.01578629980910098,0.015574554147294768,0.011658524328196546
54.2,94.41248910515202,0.5295354377986471,78.7447534949868,7.532387634749368,0.028726479821089817,1.0041938691662184,0.00011438227568526704,0.13253217115735505,-0.0008303659162125919,94.3574886768097,1.1254497738137903,77.92756693576128,7.456643032993938,0.1648740624140923,0.052091178490929466,-0.007222664727105508,0.12845173422449996,0.0421625288286977,25.033006550964853,121.56632238542774,90.5465989804253,1,100368.08220074559,-1.250475232770411,0.03265645834991707,9.701895331614455,0.01634771395342236,0.023514818865987643,0.008479835825117915
54.300000000000004,95.1723943787624,0.5317344833255936,78.7447562733719,7.532386534872988,0.02874376264347221,1.0041943598259941,0.00011993726112530787,0.1325320811519768,-0.000913328735046818,95.1070410563541,1.1418692524662872,77.90423100716262,7.457100746943049,0.15969956824509296,0.04868262633195656,-0.007065269687050329,0.12839240567637988,0.042278556025961034,25.033006550964853,121.56632238542774,90.5465989804253,1,100367.79221122585,-1.2690528638275427,0.04211109906486331,9.707084292434219,0.014701289891743404,0.01653553358097964,0.014405056777936607
54.400000000000006,95.93229972080817,0.5338713627382985,78.74475912043292,7.532385366567685,0.028761392450793344,1.0041938298903899,0.0001255926370964072,0.13253201638931378,-0.0009970956908009355,95.85259284409793,1.157680939634194,77.90910191377512,7.454848544691607,0.15626164608323098,0.04875586270352524,-0.006895756812270771,0.12857282968493777,0.04232222026983143,25.033006550964853,121.56632238542774,90.5465989804253,1,100381.3147409251,-1.2747759013913147,-0.013610724126360198,9.711786695099264,0.010122254831452175,0.013139161717061467,0.00975285906608596
54.5,96.69220511773216,0.5359454811692907,78.7447619886447,7.532384155322272,0.02877937570323222,1.0041928439440544,0.0001313550657113881,0.13253196486594687,-0.001081684249177673,96.60124300682659,1.173258051455324,77.89262446769213,7.454377012912946,0.15233148187061002,0.04601568732845597,-0.006746028520773859,0.12871538731736698,0.042331904436998594,25.033006550964853,121.56632238542774,90.5465989804253,1,100372.98108253007,-1.2653862877607882,0.010136375965125868,9.7033611175599,0.019223870397161596,0.01904617326802898,0.007332177706448743
54.6,97.45211055909145,0.5379562335954826,78.7447648458783,7.532382923629155,0.0287976914004263,1.0041921108610505,0.00013724269777297415,0.13253190192441888,-0.0011671079654941188,97.34654683785789,1.188252872478608,77.89724386679327,7.451820142864857,0.14746969513124863,0.046323117462261976,-0.006561366110946706,0.12878879216554018,0.04235364958183674,25.033006550964853,121.56632238542774,90.5465989804253,1,100392.924917355,-1.1571710031484217,0.025227618065443852,9.709357792264688,0.018400983363152684,0.015798403549836033,0.008476363833347933
54.7,98.21201603139885,0.5399029997422515,78.7447676463626,7.532381635709704,0.02881638959263321,1.0041906856290284,0.00014323588021611367,0.1325318526751187,-0.0012533875721900292,98.10306043250698,1.2032124844012473,77.83247368505417,7.457051876805208,0.14269058872090945,0.03757756784899162,-0.006278526003328063,0.1289237987045171,0.042366776363617714,25.033006550964853,121.56632238542774,90.5465989804253,1,100373.70329970657,-1.1566862849892128,0.05354785410026298,9.712213513936643,0.00981985825844642,0.014466777244326356,0.008999701127914993
54.800000000000004,98.97192152340565,0.5417851518935267,78.74477036416481,7.532380300136497,0.02883543457705386,1.0041888278237596,0.00014933754606214769,0.13253182173284306,-0.0013405364852399613,98.68010394442857,1.3744735586828671,77.59141120685089,7.365256761475511,0.23383126890716147,-0.020214648030059575,-0.009121986285774542,0.12545378199842938,0.03917357697521796,25.033006550964853,121.56632238542774,90.5465989804253,1,100362.9730886248,-1.2574043642093522,-0.02170339429689918,9.715990517060966,0.009584190753515048,0.015892433451336417,0.009958852885057757
54.900000000000006,99.73182702820475,0.5436020457007944,78.74477299561623,7.532378950264002,0.028854904301349404,1.004187379429712,0.00015557687625480595,0.13253177524885795,-0.001428576351261398,99.43087824679907,1.398481284346915,77.52902804178837,7.367857419476435,0.2319959343269665,-0.0278498905345609,-0.008948640305899869,0.125687453576232,0.039225685324694635,25.033006550964853,121.56632238542774,90.5465989804253,1,100372.6779619295,-1.2372783884610095,0.021128393971788305,9.705885476228703,0.010667061370046523,0.012342594139009833,0.010733040304530842
55.0,100.49173253535156,0.5453530271244217,78.74477551844164,7.532377555251746,0.028874745603245978,1.0041857537304648,0.00016193940772704434,0.13253173297622567,-0.0015175215991146333,100.16757851841135,1.4214831066670754,77.52618662196019,7.366070915075099,0.22851954640953093,-0.028968654574530062,-0.008816204391489446,0.125677315757164,0.03934046019505057,25.033006550964853,121.56632238542774,90.5465989804253,1,100378.88158434318,-1.1854877248228533,0.00979176074635055,9.711886130472132,0.011300705319588314,0.01992042651177082,0.01431278056448264
55.1,101.25163803449902,0.5470374258480631,78.74477791740767,7.532376104972057,0.028895016186270994,1.0041835742342722,0.0001684145363497323,0.13253171216204884,-0.0016073949520979246,100.33195708399387,1.3304800424266,77.69124474941783,7.206309684144257,0.20707613216937004,-0.008887877879236625,-0.008598070513957362,0.12333433259619286,0.03782757360682043,25.033008997201385,121.56637821580847,90.73870656290634,1,100368.8723146219,-1.2504088098151784,0.021715340891103076,9.699913001637219,0.011263920310826896,0.02047731713396965,0.011981031916017596
55.2,102.0115435202396,0.5486545604989849,78.7447802052053,7.532374642120587,0.028915706461809576,1.0041818665067261,0.00017503733636506185,0.13253167702724045,-0.0016982145518145602,101.05227401868017,1.3510053875868604,77.69031585584706,7.201088672680109,0.2031752554877393,-0.009619105154875246,-0.00829442125360257,0.12332020457723791,0.037945115492440507,25.033008997201385,121.56637821580847,90.73870656290634,1,100378.01667657368,-1.1778421453264385,0.012591787304252018,9.69946755416068,0.014022328944079223,0.022177124539937792,0.009756741027404182
55.300000000000004,102.77144898410735,0.5502037342618876,78.74478237594211,7.532373142292174,0.028936871938963153,1.0041802411895342,0.00018180555531513778,0.13253163613987295,-0.0017899999901297677,101.7797483463539,1.3714916748956332,77.64799076363724,7.2009732728446245,0.19956047957490444,-0.014993979357276827,-0.00816229878643042,0.12339959284548785,0.03801084064388006,25.033008997201385,121.56637821580847,90.73870656290634,1,100371.57962857596,-1.2013385041708071,0.013159845541712296,9.709667868351838,0.01640132929011829,0.018081842015706572,0.011786229834193562
55.400000000000006,103.53135441580899,0.5516842360527056,78.74478442029105,7.532371584263343,0.028958442115506116,1.0041781723025056,0.00018869802660050452,0.13253161568507954,-0.0018827714701472329,102.49949905167452,1.3912493640912513,77.64648097977953,7.193551965089114,0.19570692754297472,-0.015157903821580323,-0.008092865374550449,0.12368582602496336,0.038066173774404743,25.033008997201385,121.56637821580847,90.73870656290634,1,100377.00671678814,-1.1866696473431175,0.017838029858357904,9.706598354917157,0.007027849358170414,0.015525983331015293,0.009985945568402233
55.5,104.29125980944744,0.5530953390787977,78.7447863541605,7.532370003248323,0.02898050305774345,1.0041764017389938,0.00019574312945360643,0.13253158956959,-0.001976551978616985,103.22349566705331,1.4108680380934526,77.62057869545882,7.191004129083907,0.19249168059331512,-0.018689480079336716,-0.008053803199751727,0.12383502628329834,0.03811580502955374,25.033008997201385,121.56637821580847,90.73870656290634,1,100379.64438837356,-1.2389332416431875,0.009608512272896531,9.714764912186464,0.01897810999271779,0.013132090420281716,0.008596843459500873
55.6,105.05116515810886,0.5544363016990749,78.74478818592928,7.532368396503443,0.029003055108700753,1.0041749164349152,0.0002029518859590372,0.13253154897739927,-0.0020713623759204035,103.94230653025731,1.4299091260184267,77.6186912941087,7.185003242653427,0.18861711070624992,-0.019134956703316046,-0.008018650403103716,0.12387370395599517,0.03814684739170851,25.033008997201385,121.56637821580847,90.73870656290634,1,100358.53747367754,-1.2265977621371058,0.013670006315014221,9.708810150898003,0.0221262133218492,0.021739495578241765,0.009092759351397445
55.7,105.8110704511861,0.5557063668056978,78.74478990819091,7.532366730069259,0.02902609579283958,1.0041730912054663,0.0002103030479537948,0.13253152459700202,-0.0021672231918148954,104.66990038816323,1.4489514108292278,77.57378992109112,7.184654560789804,0.1846836108269892,-0.024846479479330455,-0.0077587245217155595,0.12390098502623803,0.038235427961678926,25.033008997201385,121.56637821580847,90.73870656290634,1,100383.16280912247,-1.2345178964064423,0.005613318941080001,9.71252273268492,0.02028793178608362,0.007326920065866776,0.009800602511101255
55.800000000000004,106.57097568152375,0.5569047613646111,78.74479153548111,7.532365030873654,0.029049583572264105,1.0041714533482697,0.00021780845109232766,0.13253150214512588,-0.0022641555753660407,105.38809231747751,1.467229186256853,77.57125456790341,7.178485598322487,0.18085659028298545,-0.025702360673729052,-0.007531129925155585,0.12379955404849552,0.038410376142841984,25.033008997201385,121.56637821580847,90.73870656290634,1,100376.68654727463,-1.2126303193384547,0.022685431982928612,9.713154664667035,0.011449368537698087,0.012962176140013873,0.008997444340467283
55.900000000000006,107.3308808424625,0.5580306911747516,78.74479308273285,7.532363308494162,0.029073628952929892,1.0041700755452585,0.00022548758044729214,0.1325314633412038,-0.0023621898919755826,106.10484123117233,1.4850212997108831,77.57256028990324,7.173848641623714,0.1760577322432712,-0.025884611377280407,-0.007224816368978433,0.12394923966172611,0.038534217442512175,25.033008997201385,121.56637821580847,90.73870656290634,1,100372.17589271629,-1.2091459307691181,0.017985737869246985,9.71240715302093,0.02049324391901513,0.017185470432796075,0.009081859205691833
56.0,108.09078592363582,0.5590833481262812,78.74479454876996,7.532361535057591,0.029098195618859492,1.0041685312357422,0.00023333042365308952,0.13253142848093624,-0.0024613503598470564,106.82210430823021,1.5024185889534205,77.56990406209086,7.171428460788975,0.17163006528052693,-0.027105363658015958,-0.006989682156615204,0.1237271491181875,0.03853541300950707,25.033008997201385,121.56637821580847,90.73870656290634,1,100371.84835460784,-1.230401751005996,0.004690180748066658,9.709620701358514,0.00874043951117573,0.014702897562610515,0.011570397440522441
56.1,108.85069091556343,0.560061905249824,78.74479594154859,7.5323597132717355,0.029123357306296838,1.0041670514951648,0.00024134460205994823,0.1325313995463222,-0.0025616644190976506,107.74246298095863,1.4214586959209345,77.57247596059936,7.221103368353317,0.15042805414273974,-0.028408590578354737,-0.006495268758140722,0.12445641688712095,0.03742135446456609,25.03301008190126,121.56646358895676,88.87533180579524,1,100379.14336438989,-1.2156282041874495,0.04146638292544952,9.706305808779069,0.013271449647669971,0.015123118212092536,0.011460702462935202
56.2,109.61059581006866,0.5609655198173292,78.74479727528032,7.532357857694829,0.02914910922009692,1.004165830389817,0.0002495496762100454,0.13253136293213474,-0.002663153738110879,108.46439429401362,1.436262019253716,77.56959878747439,7.217057474746066,0.14609568569093337,-0.029138408487418988,-0.00630224624750339,0.12438357631784891,0.037515366421277604,25.03301008190126,121.56646358895676,88.87533180579524,1,100375.16213894855,-1.2167255466878157,0.024176258545711087,9.71439244890458,0.018107056267080403,0.021691088021249336,0.012403542303801519
56.300000000000004,110.37050059704235,0.5617933252774795,78.74479855583557,7.532355956173066,0.029175474024618748,1.0041644432496424,0.0002579450991979954,0.13253132266202083,-0.002765849482559489,109.18914168593841,1.4507711301934978,77.54734746533877,7.213414189070971,0.14142830631843936,-0.03174208734564982,-0.006231729285644059,0.12407909261185823,0.03768819642659925,25.03301008190126,121.56646358895676,88.87533180579524,1,100362.03891235769,-1.265582653316673,0.039858574605179664,9.71530442332258,0.012322917935927507,0.018571986151882183,0.012021982429685956
56.400000000000006,111.130405265596,0.5625444384582718,78.7447997889316,7.5323540039180426,0.029202415104816665,1.0041632213973202,0.0002665319380461789,0.13253128483099008,-0.0028697768146912976,109.91022469498552,1.464641686912837,77.54414321062215,7.209254191527875,0.13570460115161542,-0.032320326503982984,-0.00595429632528556,0.12424534621925876,0.03779295312585957,25.03301008190126,121.56646358895676,88.87533180579524,1,100363.8854162033,-1.1984972367438793,0.010563352303386649,9.70342710986572,0.008235110222217564,0.016969218019613326,0.013676062704944886
56.5,111.89030980539032,0.5632179504894013,78.74480098360557,7.532352004088383,0.029230038258553102,1.004162081687672,0.0002753167863171909,0.132531245349502,-0.0029749719058019984,110.63018218593596,1.4778846324987427,77.54528768034224,7.205980561346393,0.12948759982578234,-0.03281375846112086,-0.005762399155654411,0.12439383063033405,0.037905475051099896,25.03301008190126,121.56646358895676,88.87533180579524,1,100386.73367499035,-1.2141826534842262,0.00014361439362520906,9.706609809510248,0.014376002631512766,0.01820866121409785,0.012730599773787729
56.6,112.65021420544103,0.5638129370250075,78.74480214783927,7.532349958025511,0.02925830554531505,1.0041608506143507,0.00028431377619130677,0.13253120251634765,-0.0030814602678312947,111.35066700093377,1.4905327607234187,77.54196010603908,7.2033344599272935,0.12335597598163195,-0.03377479730407251,-0.005510272801951266,0.12435043070923624,0.03808700237653494,25.03301008190126,121.56646358895676,88.87533180579524,1,100376.52392064179,-1.1765136526036557,0.0477243954042879,9.703036936951577,0.014243796055239073,0.021658604803145586,0.014942214397423895
56.7,113.41011845423985,0.5643284457679504,78.74480329079124,7.532347862189106,0.02928731832325019,1.0041597314228095,0.00029353519353770923,0.13253115153847372,-0.003189279929713085,112.07953856882658,1.5028402094823565,77.4947307038206,7.203001447148875,0.11782198280100667,-0.03997663099553338,-0.0052693577426234615,0.12437057305630983,0.03824639713540026,25.03301008190126,121.56646358895676,88.87533180579524,1,100365.46135824508,-1.159728042295806,-0.0019344192830573897,9.709171437100848,0.01146189428677365,0.0118861917599723,0.010604911856160137
56.800000000000004,114.17002253843668,0.5647635075110863,78.7448044128096,7.532345703092508,0.029317021921709086,1.0041587975693957,0.00030297546450060316,0.13253110626779452,-0.003298456383565084,112.79958137153804,1.5142987246615076,77.49069437118965,7.1981605649349865,0.11116281006389078,-0.040891634171536115,-0.005025469623130899,0.12429432078551317,0.03839634647780942,25.03301008190126,121.56646358895676,88.87533180579524,1,100364.96443791424,-1.2596325690093804,-0.0068666850847045584,9.70425214778358,0.012702364888851103,0.018355534930535645,0.011779974070440517
56.900000000000006,114.92992644557263,0.5651171218341743,78.7448055218633,7.532343488570094,0.029347463896360247,1.0041575436357586,0.00031263990688114437,0.13253106218771604,-0.0034090318138482872,113.51852502208446,1.5250407820833278,77.49023391241336,7.196207735574625,0.10415543093435958,-0.041511354099918095,-0.004833327671313441,0.12441577931553205,0.038707073854666686,25.03301008190126,121.56646358895676,88.87533180579524,1,100380.59533084852,-1.1202345708202028,0.004654807416132892,9.714781606489602,0.012897381524015428,0.024317448861018113,0.013599357624102495
57.0,115.76582052426039,0.5654108082533159,78.74480674166267,7.532341000314764,0.029381955825980376,1.0041563229055215,0.0003235682715197743,0.1325309975876625,-0.0035323192341414965,114.23792783923494,1.5350857508546478,77.48604825494525,7.192152874787926,0.09648467459070852,-0.04223797582315157,-0.004575801327821597,0.12453262077073801,0.038864751439445164,25.03302236907389,121.56653655147686,89.01095649625258,1,100389.91776054715,-1.2069029858220046,-0.013189373075216502,9.716673030123584,0.016714602720568846,0.01239701393678127,0.014871261114844521
57.1,116.44973367719163,0.565575898460802,78.74480774165283,7.532338900664494,0.029410791928859932,1.0041557163856791,0.0003327413088506615,0.13253093918554848,-0.0036345206334034456,115.21866717892325,2.190046578139313,77.43640583189703,7.279572922864987,0.32141981911455025,-0.05424144691488313,-0.009381912935161163,0.126500242582672,0.04631600928185265,25.03302236907389,121.56653655147686,89.01095649625258,1,100363.37278801974,-1.3142732345115689,-0.010740801998026751,9.714568309522148,0.013936468170426314,0.011029095455921052,0.012212423948840773
57.2,117.2096369700338,0.5656789364407976,78.74480884808166,7.532336491395211,0.029443695490264883,1.0041545087365313,0.00034316142615983076,0.13253089324058331,-0.0037495132275535193,115.9465599292516,2.2221290890110503,77.43094114098206,7.278773033742987,0.32031238302216125,-0.05522468611928831,-0.009316635696424162,0.12664769440440615,0.0464400437745489,25.03302236907389,121.56653655147686,89.01095649625258,1,100365.94975771851,-1.2367381936393822,-0.0007488073277340523,9.715530295149525,0.010996410246535996,0.020973126751276914,0.011103085973558309
57.300000000000004,117.96954002952518,0.5656962822019405,78.74480997217367,7.532334038249826,0.02947752202820844,1.0041534547468232,0.000353878760061739,0.1325308285631348,-0.003866053566670235,116.67409325216252,2.254020140515837,77.42839506517188,7.277251659994584,0.3177362426949274,-0.0559357690883834,-0.009248832871535422,0.12666194262104513,0.046554170389249735,25.03302236907389,121.56653655147686,89.01095649625258,1,100399.16545650922,-1.3214406241623413,0.0022634568912586386,9.70531634938883,0.01735116938474883,0.019113460791609856,0.014834582984238546
57.400000000000006,118.72944283939056,0.5656267999766265,78.74481111686683,7.532331518113279,0.029512259010519487,1.004152739041905,0.0003648910367286386,0.13253074744345028,-0.003984189534330059,117.40168504294398,2.2857017755956,77.42276972333131,7.275738461781997,0.31588061096257275,-0.05672447676686485,-0.00919401093784621,0.12681139323911617,0.04684906897608425,25.03302236907389,121.56653655147686,89.01095649625258,1,100371.97692369184,-1.218924920125587,0.020218232818763966,9.716368576016292,0.01643367839766894,0.03263924446171793,0.008719102291650242
57.50000000000001,119.48934537892916,0.5654693272526051,78.74481226524158,7.532328890301885,0.029547930017273093,1.0041515789168527,0.0003761653148794733,0.13253069665967243,-0.004103963102721231,118.13019526315857,2.3172154448784434,77.40731279726894,7.275832828191313,0.3136426188052237,-0.05891974016521108,-0.009101494117181277,0.12677264845429792,0.047031902854286545,25.03302236907389,121.56653655147686,89.01095649625258,1,100390.39785812862,-1.2479245536835917,-0.015036368030404151,9.711476804586837,0.015895801251192082,0.01582216036249653,0.013122512520748244
57.6,120.24924763401043,0.5652226734731904,78.74481344109198,7.532326211880189,0.029584581193517544,1.0041504056441923,0.00038775825123354914,0.13253063334915516,-0.004225412993308257,118.85761089438624,2.3484201154037923,77.4014016949545,7.272267505114793,0.3101860136399367,-0.05937929952622207,-0.009048950187929075,0.12678498522401527,0.047217452991848194,25.03302236907389,121.56653655147686,89.01095649625258,1,100367.06040101497,-1.1846095457913333,0.01902618537071031,9.713523627306031,0.012416686805155147,0.027360448092633213,0.01029442723126236
57.7,121.00914958825304,0.5648856086476497,78.74481465734421,7.532323477446681,0.029622270806676648,1.0041496889840222,0.0003996978802164753,0.13253053522375713,-0.004348592019772231,119.58476798021717,2.379277209149417,77.39690075842115,7.273402546399078,0.306828696268981,-0.06042125712776394,-0.008904575501865252,0.1271587740818374,0.04744979471334253,25.03302236907389,121.56653655147686,89.01095649625258,1,100395.34303671263,-1.2192553766065737,0.01442850351103404,9.709110423932533,0.017896887880141592,0.014484411201139526,0.014018602632449246
57.800000000000004,121.76905121709,0.5644568731716836,78.74481588735185,7.5323206173977955,0.029660911631484328,1.004148653073835,0.0004119244105240485,0.13253046883217667,-0.004473545154238076,120.3119940245775,2.409827683094173,77.3908176306864,7.2710269927389595,0.3042028721420183,-0.06129646043762806,-0.00896257694743309,0.1270023207764459,0.04750825058395592,25.03302236907389,121.56653655147686,89.01095649625258,1,100369.74633613008,-1.2428274301161086,0.011335477203343757,9.709648189922262,0.004129251903866845,0.017338254038756693,0.008976453116090159
57.900000000000006,122.52895250306076,0.5639351613507114,78.74481715232233,7.532317681212071,0.029700518657323243,1.0041474396750893,0.00042447595292853307,0.1325303992425133,-0.004600345258365968,121.03946127784822,2.4401095650879854,77.38040558745298,7.268930709697821,0.30123254292122376,-0.062480955118968194,-0.008973017999859802,0.12722318109666597,0.047550789809818056,25.03302236907389,121.56653655147686,89.01095649625258,1,100386.62846857085,-1.2264598318014726,0.038933187331694256,9.70727407567581,0.013556899426246528,0.024757047348410364,0.014644057349692081
58.00000000000001,123.28885342868178,0.5633191283759295,78.74481847952175,7.532314695560961,0.029742045494461123,1.004146268063306,0.0004374681178904321,0.13253027333809508,-0.004729072514702367,121.76631019019345,2.4700857580604763,77.37411260315302,7.268178189611538,0.2978833462277853,-0.0634251382048477,-0.008894786634261874,0.1271927725255011,0.04767045051785914,25.03302236907389,121.56653655147686,89.01095649625258,1,100391.87637416,-1.2571992259135318,-0.007902109290752315,9.716048972282957,0.007466267778350522,0.01679366618217888,0.01058189922583836
58.1,124.04875396341451,0.5626074382479601,78.74481982368381,7.532311547487919,0.029784533025926273,1.0041454118816036,0.0004508402754871128,0.132530193505364,-0.004859703968719145,122.93545219519956,1.8546938777287783,77.549787596968,7.368639994255792,0.15412322624507893,-0.04218509332782119,-0.006660460173633573,0.12835998156283557,0.0421584828870878,25.03300083295933,121.56662080390964,92.23683211174747,1,100375.62141951843,-1.166036499812742,0.0029394472185921682,9.709324579466545,0.015209409006554707,0.015152387893863724,0.010201816483790808
58.2,124.80865408634486,0.5617986679374061,78.7448211988535,7.532308299968372,0.029827930485528814,1.0041440491888356,0.0004645470509113017,0.13253013907761457,-0.004992311861278563,123.67242073661184,1.8699203744238146,77.54551937590236,7.369687505768608,0.15009518312906975,-0.042972599399615674,-0.006555608919395571,0.12866187454974942,0.04240255794922844,25.03300083295933,121.56662080390964,92.23683211174747,1,100388.63130501317,-1.1893567483828273,-0.007744755839970068,9.714647600061639,0.015555664669681665,0.0146316311379551,0.014152214425527925
58.300000000000004,125.5685537816451,0.5608913490861509,78.7448226474255,7.5323050266977605,0.029872545224050466,1.0041430986277038,0.0004786811472599437,0.13253001886205817,-0.00512698358732876,124.41075077670261,1.8846454104331718,77.52550626122328,7.37119997672475,0.1443950919185985,-0.04578266079801625,-0.006593837563144123,0.12905753977842616,0.0426066690323751,25.03300083295933,121.56662080390964,92.23683211174747,1,100380.25336281347,-1.199898388862784,-0.01507316134590837,9.712153252780931,0.014163688819865622,0.02096303077402721,0.01273696201350085
58.400000000000006,126.32845301937049,0.559883981398872,78.74482414280972,7.532301617943753,0.029918607504989574,1.0041420552240705,0.0004932252120507822,0.13252989519758795,-0.005263788629256748,125.14800625619344,1.8988275757227306,77.5208872112972,7.372367202075967,0.13907626182224073,-0.046430740902999486,-0.006601131642627715,0.12902077898287834,0.04277721953112823,25.03300083295933,121.56662080390964,92.23683211174747,1,100384.91663273105,-1.2253981569392118,-0.0004338784056174341,9.710822053339163,0.006259281580914092,0.01466220753998225,0.012437046863359396
58.50000000000001,127.08835176886751,0.5587750276073379,78.74482566832967,7.532298050523818,0.029966097170488433,1.0041405826382506,0.0005081520053510208,0.13252981609993886,-0.0054027853844520884,125.88908542719736,1.9124850032129637,77.47230876086218,7.373299906869822,0.13475899920327955,-0.052623541375718175,-0.006662776479288819,0.12916746848116833,0.042916655242283656,25.03300083295933,121.56662080390964,92.23683211174747,1,100401.82498935517,-1.2662118073132724,0.03368831591007386,9.713187477643507,0.016400752702906706,0.020825595117305112,0.011954228570653452
58.6,127.84825000979116,0.5575628985893771,78.74482726766979,7.532294419779005,0.030015156282210808,1.0041393695474645,0.0005235770766235312,0.1325296928528894,-0.005544047391323068,126.62655792944109,1.9257583266559426,77.46700632905865,7.375330978100782,0.12990728937966436,-0.05333726823574056,-0.006589365423772295,0.12935996844726283,0.0430628227853674,25.03300083295933,121.56662080390964,92.23683211174747,1,100385.1348654915,-1.202228968033314,0.05081620981299359,9.708840114482381,0.015430347273731639,0.01712994593594446,0.00833303658691943
58.7,128.60814771220132,0.5562459530237902,78.74482893890773,7.532290665254377,0.030065922329904522,1.0041381212007106,0.0005395286768685808,0.13252953577938165,-0.00568765457052064,127.36893719661005,1.9385000244146848,77.41169312360084,7.378501366962494,0.1250950158031492,-0.06044821076539238,-0.006347699366480518,0.1292717682112703,0.0432635637336448,25.03300083295933,121.56662080390964,92.23683211174747,1,100383.81629389124,-1.264213608170195,0.005720491753956548,9.71872481195217,0.01585365659062721,0.02245778957024384,0.013191331308592756
58.800000000000004,129.3680448384187,0.5548224983664822,78.74483065131048,7.532286714784313,0.03011829797560195,1.0041366096511177,0.0005559411688432778,0.13252942502613818,-0.005833685194625047,128.10688957962012,1.9507689439387121,77.40560015150449,7.380374356668493,0.12051176732550045,-0.06133948261228603,-0.00612633576033161,0.1294250272812394,0.04349834201430351,25.03300083295933,121.56662080390964,92.23683211174747,1,100380.9138323392,-1.1792052346626618,0.012237597125467755,9.704876315047123,0.019975302762626657,0.02565845136567642,0.013414069766213023
58.900000000000006,130.1279413612705,0.5532907874348535,78.74483243687885,7.5322826518054855,0.030172580874320603,1.0041351711874764,0.0005729091895751385,0.13252929902222776,-0.00598222077503092,128.84507735229684,1.962579166581463,77.39887798389279,7.38346790423309,0.11605823586259918,-0.06246158152960914,-0.0058640293666001875,0.12951322861669,0.04377954833136941,25.03300083295933,121.56662080390964,92.23683211174747,1,100379.90171665994,-1.1636723227943453,0.01837944402377744,9.716059150616593,0.02325717024197876,0.019100694050106844,0.012047771456489498
59.00000000000001,130.88783725030052,0.5516490179584691,78.74483431515333,7.532278477258226,0.030228689028589783,1.0041338363439802,0.0005905076617445625,0.13252912143924123,-0.006133338672083337,129.58358764453507,1.9739211037427018,77.39259090414609,7.385919263901631,0.11109451569240712,-0.06331193736643462,-0.005515373857116361,0.1297597311050218,0.04407427657989981,25.03300083295933,121.56662080390964,92.23683211174747,1,100369.41915675758,-1.191342211378565,0.031482344129604635,9.705609464644432,0.008901287572577434,0.02448453979355411,0.009483879323514183
59.1,131.64773246299302,0.5498953129248195,78.74483625388706,7.532274087257636,0.03028678751285268,1.0041321384940862,0.0006086673804886057,0.13252897325868074,-0.006287144506854128,131.42990672519022,1.4307502001619765,77.32780473595062,7.6790903828324115,-0.03407569616211417,-0.07415485152327271,-0.0028114496440541717,0.13432729964291035,0.04077205201885347,25.033001409410378,121.56671420707983,87.25605800515713,1,100379.7896383587,-1.1627584953128907,-0.015162341654897743,9.717667359874882,0.012189913942326835,0.02050489972893663,0.01460768652292236
59.2,132.40762696391923,0.5480277387249641,78.74483826989592,7.532269538162012,0.0303468767715399,1.0041306962273662,0.0006274272369413796,0.13252882955757417,-0.006443732433355465,132.19826010296168,1.4269020297793282,77.32033722363622,7.687244524315141,-0.04252737670223423,-0.07514147928866083,-0.0026668484223363563,0.13431564936399298,0.04091449704496801,25.033001409410378,121.56671420707983,87.25605800515713,1,100391.0090856034,-1.2225674318037008,0.017573482931101878,9.711567816373234,0.006871377049057888,0.01657312410629097,0.013120590851292378
59.300000000000004,133.1675207186253,0.5460442946302078,78.74484039175259,7.532264855133379,0.030409304681246273,1.0041289111087894,0.0006469105913791723,0.13252863428504047,-0.00660320153248364,132.97146763159253,1.4221636618356635,77.25766884440029,7.696402018862069,-0.05118062762113231,-0.08329061119585615,-0.00260404372786149,0.13455744935436886,0.0410649381948565,25.033001409410378,121.56671420707983,87.25605800515713,1,100369.00237399213,-1.2822346988936555,-0.026489477591787054,9.711302983942362,0.013264232131894312,0.023430566493807634,0.009328581853001599
59.400000000000006,133.92741368101986,0.5439429060623251,78.74484260220623,7.53225995634814,0.03047391102451712,1.004127030579759,0.0006670902620660819,0.13252843871663722,-0.006765658381151928,133.74141754776622,1.4165613149456118,77.24931296055729,7.702559578855251,-0.060660712381412574,-0.08381146616626341,-0.0022826090593765017,0.1347681969713448,0.04110449102140434,25.033001409410378,121.56671420707983,87.25605800515713,1,100371.35664058631,-1.2086785187760678,0.01599389372892055,9.71502198135753,0.014473256722601616,0.021134513154943163,0.0123606518668158
59.50000000000001,134.68730580511908,0.5417214208927765,78.74484489405177,7.532254830730499,0.030540961571654812,1.00412550044886,0.0006879533299756543,0.13252827092106023,-0.006931217486830314,134.51239937524795,1.4100218305420462,77.2365200500727,7.710443153047796,-0.06989745788596902,-0.08515993573878253,-0.00210398514392569,0.13475866575746154,0.041309105526614556,25.033001409410378,121.56671420707983,87.25605800515713,1,100370.35940091187,-1.2297691637195458,0.002962703250968122,9.709451921714864,0.011240417482973152,0.017730302715292214,0.012826190193375131
59.6,135.44719705125894,0.5393776148182179,78.74484730297362,7.532249547787963,0.03061044419780612,1.0041236667981361,0.0007096109016843182,0.1325280617372686,-0.0070999874894107,135.28375468339286,1.4026073659696006,77.22795644143667,7.716401661018265,-0.07870904009615129,-0.08605413822642455,-0.0019517317987733547,0.13490031155288662,0.04138641990153191,25.033001409410378,121.56671420707983,87.25605800515713,1,100382.60479672172,-1.2383682287657816,-0.029937206553158017,9.711727176701324,0.018489832791765498,0.011132651415599226,0.012170854525347496
59.7,136.20708736973125,0.5369091724531544,78.74484982913607,7.532244043630337,0.030682683006636756,1.004121203335062,0.0007321081167839731,0.13252782308812372,-0.007272101142153136,136.0585651670779,1.3941728860423854,77.18672006564935,7.724478269468058,-0.08793239890179605,-0.0913057415678133,-0.001759999067548406,0.13501586149742906,0.04152049727335207,25.033001409410378,121.56671420707983,87.25605800515713,1,100382.78984825822,-1.2585058097978958,0.0025620334077064433,9.70840367570786,0.019281577283420042,0.012859833994440493,0.013389279310056637
59.800000000000004,136.9669767057413,0.5343136842118235,78.74485246475425,7.532238277981127,0.030757624368947533,1.0041195558196978,0.0007554133343863271,0.13252759061053943,-0.007447708299354405,136.83144257871263,1.384958924734703,77.17753251894182,7.732519967630507,-0.0966997463369873,-0.09238978169624701,-0.001699494962047219,0.1351249993512451,0.041621450874884405,25.033001409410378,121.56671420707983,87.25605800515713,1,100364.3624081064,-1.2842048638586485,-0.010544703596580239,9.7101993943697,0.01349305944896572,0.010162527086985104,0.014101881080772706
59.900000000000006,137.72686500623024,0.5315886578293623,78.74485522126072,7.532232262608623,0.030835779440092505,1.004117436279501,0.0007796187997964285,0.13252735230009893,-0.0076269469501790005,137.60363183065303,1.3748535538303603,77.18346219859444,7.7400266490694785,-0.10643196545310889,-0.09120633284965285,-0.0013799537769406713,0.1353065925785928,0.0417491619815282,25.033001409410378,121.56671420707983,87.25605800515713,1,100380.30257367475,-1.1459522073575037,-0.007940333536873057,9.714785703020512,0.012295865820298606,0.01931735971804552,0.012365930266197249
60.00000000000001,138.48675221666196,0.5287315035007933,78.7448581282132,7.532226011855795,0.030917115011469626,1.0041144338867585,0.0008048470979174038,0.13252706327626163,-0.007809963982450364,138.37800187937785,1.3637487943641147,77.1742739579753,7.7461131125320275,-0.11619940207284081,-0.09242504251799394,-0.0011021740747975753,0.1349714358118157,0.04186451357683889,25.033001409410378,121.56671420707983,87.25605800515713,1,100382.90399301663,-1.2859291769494035,0.019793488997896486,9.710248852531006,0.016065167081232408,0.01781603198737622,0.013939964863126117
60.1,139.24663827175084,0.5257395207943085,78.74486117565853,7.532219445798303,0.031001965707102584,1.0041123742546725,0.0008311043957927632,0.13252676656476448,-0.007996921157950504,139.65532453888497,2.2978286944661392,76.87940782960504,7.893000805259128,0.1364998449952169,-0.13188658694734542,-0.005589032250959938,0.1374176209472573,0.04603761342406244,25.033036757132145,121.56678339975277,82.89387685061146,1,100379.8245433365,-1.2420573288197048,0.005154834668910544,9.7104717100167,0.018736919518527056,0.009976195823385778,0.009548806940693
60.2,140.00652310536472,0.5226099050336229,78.7448643610442,7.532212554652935,0.031090232783644107,1.004110475885146,0.000858390380937506,0.1325264864388227,-0.008187970773349873,140.44507271793154,2.3112128107375915,76.86617392851718,7.902260086102997,0.1312806474976617,-0.1329723751706891,-0.005394501386012083,0.13753142990014355,0.046098717380497437,25.033036757132145,121.56678339975277,82.89387685061146,1,100398.13845311519,-1.2196528262867319,-0.0013650720879335616,9.699288353183029,0.011027087003411266,0.02272256819602346,0.012503460371467554
60.300000000000004,140.7664066538434,0.5193397148382135,78.74486772327764,7.532205380300479,0.031182343309641786,1.0041067727166548,0.000886841691289433,0.1325261576860901,-0.008383320893675316,141.23546373184192,2.3241050095229725,76.85642978056504,7.9104072174552655,0.12652699814312443,-0.1336465168481303,-0.00510285293793817,0.1377121292876171,0.04618333840538583,25.033036757132145,121.56678339975277,82.89387685061146,1,100377.50741491881,-1.2547294009003882,0.01912129372191654,9.714908463450895,0.0191974516914174,0.01706700715910899,0.00922828573133773
60.400000000000006,141.52628884409256,0.5159258995055813,78.74487128034322,7.532197878460312,0.031278573653791095,1.0041041295820077,0.0009165714652950717,0.13252576926952542,-0.008583159040123686,142.02694447485518,2.3363748195522587,76.84301110966638,7.919350757799226,0.11929486402191272,-0.134644139604685,-0.004958127981135353,0.13785933467716172,0.04626132666269863,25.033036757132145,121.56678339975277,82.89387685061146,1,100360.84346637478,-1.1751482305027157,0.03235746138913714,9.704324185026367,0.0146850809157494,0.02300796901258095,0.012126917936828999
60.50000000000001,142.28616959257783,0.5123652532124687,78.74487501534392,7.532189952472379,0.031379273494653505,1.0041020615737746,0.0009475473223748317,0.13252538400304514,-0.008787721027780708,142.81965150180318,2.347948679753448,76.82434075203216,7.929042900667374,0.11294159079600027,-0.1362952939328683,-0.004727557449947777,0.13802253147998433,0.04630268310101575,25.033036757132145,121.56678339975277,82.89387685061146,1,100394.71829295011,-1.1925854157332343,0.011280573794776937,9.717923885833995,0.016252630186710224,0.01573963063077034,0.012243714621355144
60.6,143.04604881551697,0.5086544482668062,78.74487894424664,7.532181608388475,0.03148483896599836,1.004097917091422,0.0009799180703221342,0.1325249988759707,-0.008997217854186473,143.61314261817427,2.358998886065217,76.81065233963398,7.941473974454974,0.10804416212988119,-0.13758969875795538,-0.004778459028210381,0.13815569396784522,0.046411523859921575,25.033036757132145,121.56678339975277,82.89387685061146,1,100374.11227129384,-1.1369641400978978,0.012700775743536098,9.713488060884332,0.007900001340305506,0.014557257066250887,0.011966634718629304
60.7,143.80592642979698,0.504790004365703,78.74488312607058,7.532172886135568,0.03159561892262315,1.0040939871284462,0.0010139039805476474,0.13252452291247185,-0.009211873962367247,144.40610450940562,2.3696454637303614,76.82161281652034,7.952822611410488,0.10285360398824625,-0.1353952785856272,-0.004712298839349691,0.13846687764061216,0.04644928262167336,25.033036757132145,121.56678339975277,82.89387685061146,1,100387.62701823645,-1.212120323917321,0.036027050610297706,9.711350618069464,0.015427990121916799,0.01685040876339938,0.011728022173798107
60.800000000000004,144.5658023347567,0.5007682628661114,78.74488754719151,7.532163663002066,0.031711552213903864,1.004091869215106,0.0010494631511863972,0.13252402081894066,-0.009431944816672479,145.2020130492876,2.379649917564908,76.80800456649958,7.964878152153828,0.09722202906610758,-0.13670337253096074,-0.004588668981738493,0.1387842284695313,0.046585887697983976,25.033036757132145,121.56678339975277,82.89387685061146,1,100374.49143935528,-1.2209050042897083,-0.0036014466299564944,9.709548772118984,0.008911876262264204,0.019948531467363313,0.009986274221548661
60.900000000000006,145.32567642374408,0.49658537867069347,78.74489219888788,7.532153885224372,0.03183307983311781,1.004087626649404,0.001086620193799898,0.13252354884561823,-0.009657727916840993,145.9990819352561,2.389086430056555,76.79514497458311,7.978174165043201,0.09134597440790893,-0.1378429745687687,-0.004428036199251886,0.138849456029986,0.04672348894119267,25.033036757132145,121.56678339975277,82.89387685061146,1,100371.50059282518,-1.2375039656608497,0.01294120400260528,9.72453293838802,0.0051799043636066655,0.012202117252085198,0.009874960997325365
61.00000000000001,146.08554859754338,0.4922373300978713,78.74489716989537,7.53214365095068,0.03196114102597938,1.0040823982617528,0.0011257241264054536,0.13252296059113666,-0.009889528631984114,146.79755828817824,2.3978927243103993,76.78129577870294,7.9913108375983954,0.08513102494969003,-0.13916841108599606,-0.004559805423657477,0.13929324773113705,0.04681129910435244,25.033036757132145,121.56678339975277,82.89387685061146,1,100378.77599799576,-1.2018580126002059,0.042669022317378236,9.712113016588454,0.015828036376557806,0.01641324584023534,0.00788528601633354
61.1,146.84541873481623,0.4877199073290382,78.74490246587993,7.532132815273189,0.03209597354063932,1.0040794925193892,0.0011668683263938457,0.13252229302824725,-0.01012763384449449,147.85559448844225,2.2597960874224046,76.78089674086344,8.075017872156275,0.03822329916318495,-0.13873842681177556,-0.00364933841993733,0.14068940986743894,0.04639785174494733,25.03301822844735,121.56686075445205,87.2758451424665,1,100385.35266089924,-1.263457831208705,0.010311427579245781,9.72200770038109,0.015685827586414503,0.021108149375141574,0.010752328600299206
61.2,147.60528669857757,0.4830286400360302,78.74490805841242,7.532121241736464,0.032237615445475855,1.004075078983089,0.0012099587426531938,0.13252166334875604,-0.010372434827753959,148.66361295959186,2.263282669618112,76.76697537931217,8.085920275268492,0.03184951060751546,-0.13974579751696192,-0.0033572163985164175,0.14092732373324313,0.04633864978015233,25.03301822844735,121.56686075445205,87.2758451424665,1,100380.63040001958,-1.2738254782521636,0.0168426735064886,9.714682456293371,0.010843043252919607,0.020506877167823973,0.007452856437790398
61.300000000000004,148.36515235983146,0.47815885165110456,78.74491402995967,7.53210902226361,0.03238755358482204,1.0040684014910888,0.0012554010258640884,0.13252095511603468,-0.010624307344490923,149.4735765040323,2.2661040114334354,76.73864189935603,8.100030497244854,0.025519293957127022,-0.1428337116514581,-0.0032345020526276975,0.1411935409580738,0.046315771463271524,25.03301822844735,121.56686075445205,87.2758451424665,1,100375.78282657146,-1.2221140164338071,0.03624203208533998,9.71457802656184,0.009340565085865404,0.01857802826676152,0.01160146216459017
61.400000000000006,149.12501557924185,0.4731056056852294,78.7449204742279,7.532096143876366,0.03254595328407404,1.0040640824908615,0.0013034920632063428,0.13252003733750795,-0.010883662527903603,150.2842301234875,2.2683607200400497,76.72429287549964,8.112977550017229,0.019973962427667417,-0.14415869148924182,-0.003146751551094236,0.14141332865752498,0.046379184533895,25.03301822844735,121.56686075445205,87.2758451424665,1,100380.94306967479,-1.2525720107122416,0.02696773108396898,9.708813096565676,0.013793415184139225,0.010855103872543953,0.011953876971801449
61.50000000000001,149.8848761760451,0.4678636491875178,78.74492732933231,7.5320822451870315,0.032712845143461435,1.0040602588463101,0.0013541199118050854,0.13251913671475601,-0.01115101222568957,151.09909231375897,2.2697292318595124,76.65512031871303,8.127116314069154,0.01350239824849758,-0.15269213260329478,-0.003308670967362058,0.14179420187270608,0.04633178710978843,25.03301822844735,121.56686075445205,87.2758451424665,1,100390.55521282498,-1.2229285671581467,0.048892721835036373,9.70808477200809,0.009455909586742445,0.02408760006625977,0.006450756793841008
61.6,150.64473397505392,0.4624273967777283,78.74493468524186,7.532067406007597,0.03289298906630086,1.0040502388439754,0.0014077746975144417,0.13251815873294004,-0.011426979629169741,151.9125489170634,2.2707689325562956,76.63977878983128,8.14223501492472,0.007394904707076291,-0.15402676432161325,-0.0033071113739060534,0.14205665438785742,0.04624442803875861,25.03301822844735,121.56686075445205,87.2758451424665,1,100400.75578451739,-1.1948800009677858,0.05212120591217023,9.717090333958796,0.01581255508399932,0.02127980751005694,0.012375318918941695
61.7,151.40458878790454,0.4567911766802274,78.74494259879266,7.532051588134301,0.03308317685611052,1.0040447093290155,0.0014649516355000058,0.1325170655620389,-0.011711713705675414,152.73152496837056,2.2708051759221757,76.5544620711636,8.159391245099384,-0.00037864994755252624,-0.16518113996870123,-0.00309389512724758,0.14238790721998562,0.04620607160786683,25.03301822844735,121.56686075445205,87.2758451424665,1,100373.44459628155,-1.234819138727112,-0.02553583000536619,9.710599565272489,0.017297374603436336,0.011865305286832734,0.006491935970458996
61.800000000000004,152.16444040725744,0.45094869473747073,78.74495111055649,7.5320346371909395,0.03328369908217115,1.0040394315357952,0.0015254247875033716,0.13251587680889143,-0.012005918669451752,153.54823606880697,2.2704434685745776,76.53787440614632,8.1756572031689,-0.0066016986290933334,-0.16663698543938044,-0.003115936995203933,0.14244985528239362,0.0461038550172695,25.03301822844735,121.56686075445205,87.2758451424665,1,100364.70827269273,-1.2798507525772334,0.01513831530262827,9.71339181512244,0.0047080971773722875,0.017076983933480987,0.008522801289507123
61.900000000000006,152.92428860117644,0.44489327930600675,78.74496024004961,7.532016417341092,0.03349680454681209,1.004030584102046,0.0015893330601462587,0.1325146637376502,-0.012310353676112381,154.3643694120447,2.2696935078670117,76.55813361748434,8.190257562661866,-0.012796778390306277,-0.16266308678096184,-0.003040323777346858,0.14250309849293274,0.04596021579732074,25.03301822844735,121.56686075445205,87.2758451424665,1,100380.40672658409,-1.3203970103227831,0.02471844703821413,9.711519964498908,0.015163605178421823,0.014858382953642165,0.010240724405769855
62.00000000000001,153.68413314742835,0.4386178887514931,78.74497021793624,7.531997085824251,0.033724769104024166,1.0040213354889407,0.0016575504159151624,0.1325130694723815,-0.01262576684967541,155.18405329190804,2.2680704615925342,76.54181966255945,8.204032380643639,-0.019825457588795045,-0.16376461132660441,-0.002906851566155111,0.1427065818028297,0.04578533668298353,25.03301822844735,121.56686075445205,87.2758451424665,1,100387.24111301718,-1.2492520533613136,0.009588028370236553,9.717933482513585,0.019769048653016798,0.018813282238438842,0.012436680962467934
62.1,154.44397375401508,0.4321150135134273,78.74498105483232,7.531976123549081,0.033969443146616055,1.004012877984454,0.0017304083787486714,0.1325112489727176,-0.012952973249741102,154.79564732247124,1.5293970224239146,76.63512117320089,7.824452153875597,-0.26555322465284414,-0.14764372621230148,0.0014520456780348218,0.13582428887864317,0.04557016778527494,25.033007351598492,121.5669158298032,88.24381295502424,1,100371.61324576662,-1.2736165231737064,-0.003739580347297107,9.712360055485012,0.010414665341750267,0.016876311689829154,0.01271201011422586
62.2,155.20381010388462,0.4253764970637238,78.7449928737214,7.531953325066065,0.03423238638374637,1.0040014426162887,0.001808092809748826,0.13250922273128674,-0.01329312185161902,155.57850786046967,1.5022527383547155,76.6202883370302,7.833327893510549,-0.2769700156272097,-0.1491330195126231,0.0017821541759929643,0.1362558595187615,0.04543919126448292,25.033007351598492,121.5669158298032,88.24381295502424,1,100375.23711643128,-1.2356259021076563,0.005276939374914191,9.70909550060599,0.0019158653041309315,0.01861858380594643,0.004478661334161138
62.300000000000004,156.03962474108536,0.417681874250134,78.74500700585725,7.531925733501609,0.034548733000940565,1.0039883233874225,0.0019005651723520752,0.1325069503183669,-0.013682992990021616,156.36217821716653,1.4740161935964553,76.61025439169983,7.84308216751269,-0.28779857913106655,-0.14973359249158116,0.002108522930103461,0.13650618412573112,0.0452949949985543,25.033007351598492,121.5669158298032,88.24381295502424,1,100395.71366579393,-1.2080470559138559,-0.001993900729425159,9.701926828309697,0.01970714513942939,0.013542640465403412,0.005086901497275751
62.400000000000006,156.7234686180854,0.4111577952231065,78.74501994060789,7.531901538809768,0.03482439971879773,1.003975985192415,0.0019821393880062608,0.13250436623811002,-0.01401555460912176,157.14703326276813,1.4446446918469185,76.59522155614923,7.853980863384959,-0.298924662007842,-0.15093652333205954,0.0022397873213222848,0.1367938289172943,0.04506907114231315,25.033007351598492,121.5669158298032,88.24381295502424,1,100398.95281064748,-1.2087798912281693,0.028194013966135925,9.715069821745544,0.017997040580301563,0.021204717217958826,0.011626297308117942
62.50000000000001,157.4832899396404,0.4036583181240794,78.74503530041804,7.53187149117083,0.03515783664237067,1.0039633793052545,0.002079361657707492,0.13250188425187348,-0.014400144004171115,157.93283264392983,1.4141320320752038,76.58136396695647,7.863391212069193,-0.311301903927141,-0.15206271263740997,0.0022841829862801054,0.1369856792256312,0.044985668225825184,25.033007351598492,121.5669158298032,88.24381295502424,1,100390.2398289835,-1.185606913499316,-0.022739038758656984,9.714773302018928,0.012848332944446506,0.023200853450780313,0.010403941207469913
62.6,158.24332195924032,0.3958770244536118,78.74672782558432,7.534094777458878,0.03549555186880306,1.0708207504302036,0.002180345221499602,0.12917822249987188,-0.014810744705047911,158.71991349388068,1.3823821748484948,76.56770471880625,7.886716402176471,-0.3239066188798584,-0.05847970271759592,0.002420565080016819,0.13404412821847322,0.04474375069642733,25.033007351598492,121.5669158298032,88.24381295502424,1,100401.0679470668,-1.2228351130088837,0.029865051317710244,12.168636306658788,0.012765494832328798,-0.1642989714225013,0.007661528258153546
62.7,159.00459674066607,0.38774518884866477,78.766633096939,7.546219787938355,0.03582140704295426,0.9916334711792583,0.00219101491766504,0.09164895639400505,-0.015325817887844491,159.5096958153229,1.3493226532443607,76.56426571666914,7.893067659981833,-0.3373667680963084,0.12933016173127132,0.00242666183106505,0.09695554967846753,0.04449121896074784,25.033007351598492,121.5669158298032,88.24381295502424,1,100365.88231930629,-1.3435107730256661,0.029013060434468288,10.964091824690268,0.007202392659991038,-0.4888415760433914,0.010702373106706698
62.800000000000004,159.76157374293274,0.3793560836885548,78.80216063578393,7.508409426973503,0.03628587692619824,0.7336364882554397,0.0019177557755659883,0.03655855389849694,-0.015898172184313074,160.2962720370938,1.3147891364056878,76.58409869403215,7.82709037181702,-0.35406742761060117,0.2902644630292832,0.0021164151105440565,0.04207664154838797,0.044200312467373735,25.033007351598492,121.5669158298032,88.24381295502424,1,100367.70471173589,-1.452701241862892,0.019887374445369893,11.53169156306524,0.003942180598851205,-0.5959486335235364,0.007871083267921315
62.900000000000006,160.5072436708369,0.3708631520717216,78.85202114126027,7.3957280220239285,0.037199514418660165,0.42297078260953375,0.0015346576842987548,-0.018395696339614576,-0.0164686750886381,161.07191148344236,1.2785278264149145,76.64616848844575,7.692946549837229,-0.37340121230981754,0.4008618020987987,0.001921377017108622,-0.012676537028581292,0.04383419677154133,25.033007351598492,121.5669158298032,88.24381295502424,1,100370.19787414296,-1.4810963773363042,0.00030048158764856003,12.140319505939638,0.013063863541440207,-0.45343489137979565,0.0074299489108629645
63.00000000000001,161.2350007643441,0.36969298080615476,78.92557130074346,7.21998592057295,0.08811750293571805,0.2515968902568388,-0.013965739232905602,-0.08339480623888162,-0.0025522125240450624,161.83133815879967,1.2466601138256594,76.70424728796561,7.482616490669199,-0.25001146790602147,0.6717661047071258,-0.013462104675202428,-0.07722179463680945,0.05794700081843912,25.033007351598492,121.5669158298032,88.24381295502424,1,100396.82851922716,-1.5219496558006123,1.2024098350317833,8.328748267124883,-0.120609607316159,-0.6507499206599467,0.29516538345125276
63.1,161.93951628093583,0.3816656548045418,79.00260312063787,6.971012155654657,-0.07138217889054102,-0.1337405001149134,-0.02831604337332536,-0.12863280146894795,0.03512028876484593,161.42003215734016,1.2586794460101114,76.5866141565259,6.946737890303642,-0.1777939515898045,0.5777628323874845,-0.027918234698886803,-0.1269267431754768,0.09573673991050718,25.0330121345282,121.56697108530952,84.65112843971384,1,100364.36352284842,-1.3963134871265388,0.45441540458785284,10.06965880307844,-0.07298425866689562,-0.319887277123495,0.4307930603326625
63.2,162.61741707054756,0.4000060334154729,79.07707238331717,6.682250482138092,-0.31024657571781505,-0.3070608803195987,-0.03887599526163883,-0.15470978491393717,0.08094942141968733,162.10106273241732,1.2421618225174367,76.64356876007349,6.672183883210096,-0.15714924724481893,0.5559926440804772,-0.03846185646994682,-0.15280813298160933,0.14177793918822648,25.0330121345282,121.56697108530952,84.65112843971384,1,100394.09868778638,-1.2786579883595444,0.198875858272331,9.81572707827748,-0.008514882952459182,-0.1947302635031905,0.47509108898276936
63.300000000000004,163.2668847072745,0.4220454183780701,79.14876967359541,6.369941970943311,-0.5562940861807728,-0.39860928884464,-0.04658273882207278,-0.16963644433052893,0.12912891904716886,162.7552231996095,1.2265747849643729,76.64673860096633,6.388439638059419,-0.15340381558189345,0.5222051793765915,-0.046120046742636006,-0.16773447340855108,0.19015383172864328,25.0330121345282,121.56697108530952,84.65112843971384,1,100398.84033679777,-1.1195462230623212,0.18411364498265612,9.857991912709416,0.03131168894878668,-0.1169785580788964,0.4878562808679509
63.400000000000006,163.88699378850467,0.44663124935905674,79.21754968490495,6.043031545827633,-0.7873496463902214,-0.4446051906337657,-0.05237379352710196,-0.17829807601206848,0.17787732706090287,163.3796446605215,1.2110499273500348,76.69745236924413,6.098917987549404,-0.15825258439340406,0.49166646940862435,-0.0516380542537091,-0.17620183523303545,0.23910056582773792,25.0330121345282,121.56697108530952,84.65112843971384,1,100347.49331471219,-1.0763397589044483,0.20181721458761875,9.856341591482614,0.04800611240995834,-0.07015265032166898,0.48763958822036946
63.50000000000001,164.47741650527078,0.4729954734297708,79.28299428788044,5.707041755851758,-0.9963123188365295,-0.46445436359990494,-0.05772530168690275,-0.1830314058100646,0.22665113043807267,163.97554693284638,1.1945816609164353,76.72281730442123,5.811039910573746,-0.17066067717101105,0.45442627740100405,-0.057115526198101604,-0.18078410925954458,0.2880278409068632,25.0330121345282,121.56697108530952,84.65112843971384,1,100361.22554921759,-0.9927631713464184,0.21750168148840654,9.815879998178,0.04691402735580341,-0.029590253758392256,0.4897603047578581
63.6,165.0381716912267,0.5005262734651856,79.34469101423187,5.365955208138082,-1.1804267329117368,-0.4698534730569127,-0.06379493278102696,-0.1849303568565961,0.2752942861596165,164.54234552658076,1.1766948249871128,76.7664071017465,5.524787464426639,-0.18778395851428645,0.4167271546686881,-0.06316456471688645,-0.18253231481361265,0.33690548454581726,25.0330121345282,121.56697108530952,84.65112843971384,1,100367.43844844255,-0.9661006379327931,0.31105252902447117,9.782652988504791,0.03597872485515605,-0.02280220733048622,0.4894183205013233
63.7,165.56948391782714,0.5287647881591684,79.40232936329126,5.023250408013698,-1.3378678110669884,-0.4663547183008469,-0.07144435729803228,-0.18438788906469972,0.32374748131175446,165.08040507477588,1.1569714753899123,76.8203559433529,5.242056644089453,-0.20786362542205247,0.3782919890156825,-0.07048334133451478,-0.18200000336263678,0.38558244037494577,25.0330121345282,121.56697108530952,84.65112843971384,1,100361.18502739938,-0.9061965200296169,0.3377790364366952,9.76592966283153,0.015796472599311426,0.0024966462782020776,0.4907626676081421
63.800000000000004,166.07170704850014,0.5574606226338061,79.45572034560577,4.682390803556325,-1.46688096110151,-0.4567367362541078,-0.0813163321318533,-0.18139315073522377,0.3719548797557726,165.590777864532,1.1351780014217776,76.85612556504715,4.964808024748712,-0.22836759227680958,0.33661113064265674,-0.08015870791718457,-0.1787677181992149,0.4340376955883368,25.0330121345282,121.56697108530952,84.65112843971384,1,100356.31114501784,-0.8364328706035661,0.30626041280260285,9.758294654971055,-0.00853511709358036,0.027791890157646944,0.4889528817933038
63.900000000000006,166.54527355998866,0.586636928998615,79.50480418202338,4.347042692093946,-1.565712695366543,-0.4420860279371011,-0.09372711367063741,-0.1757121962982393,0.41984274659547444,166.07249744793998,1.1116316189764106,76.95254426986097,4.690616292415758,-0.24701789194633073,0.30373083233425247,-0.09243728962876513,-0.17297874877398134,0.48211139440643097,25.0330121345282,121.56697108530952,84.65112843971384,1,100382.3524700545,-0.8151155071050639,0.3250671801392939,9.7600376603854,-0.050152338504867534,0.050564121806095014,0.4856176237256163
64.0,166.99066556690133,0.6166335085679329,79.54964455235206,4.021188831742509,-1.632750859842755,-0.4233258067093494,-0.10888902883173468,-0.16701417400936402,0.4673027757671028,166.52814035876654,1.086220535083961,76.98094560311733,4.423140823569402,-0.25952213013611986,0.26374738731696046,-0.10742938885805167,-0.16417349118559899,0.5297573537000458,25.0330121345282,121.56697108530952,84.65112843971384,1,100384.55994989378,-0.7618524001184254,0.34062496953601457,9.771448264033015,-0.07972423858731319,0.06933948924105596,0.4838725870364009
64.10000000000001,167.40838931775568,0.6481453038427742,79.59043377410754,3.7090737860561824,-1.6667681443694515,-0.39961719428735404,-0.1266020896321581,-0.15502661653752936,0.5142051819319291,167.78463306845927,-0.08925831923810207,76.96310707518568,4.385655158725079,-0.5807879669057154,0.23046863099249842,-0.11837275897161714,-0.1517417616371899,0.5765051022447746,25.03298197636798,121.5670719094556,86.9551073612923,1,100375.75124976804,-0.7583405171528642,0.3359667542723835,9.775706724070421,-0.11021897390073529,0.09481279262494091,0.48858649229998596
64.2,167.79897946102997,0.6822257452794431,79.62738528326297,3.415148857865107,-1.6670581632977375,-0.37296905861223595,-0.14666904274941836,-0.13943216033586836,0.5603790155295024,168.21040550232954,-0.14724974047936382,76.98445080116785,4.130961915780367,-0.5761077708230481,0.19516820845218727,-0.13819749366738704,-0.13620463501760383,0.6231365427537183,25.03298197636798,121.5670719094556,86.9551073612923,1,100368.26084634768,-0.5873725389699653,0.3315432393128198,9.845155319968715,-0.14247919152678779,0.13157569658828905,0.4843147357680713
64.3,168.162977540761,0.7203000366292465,79.66075571149939,3.1440908842051467,-1.6332910922398596,-0.34029875878138205,-0.1687230951754141,-0.12006357278896318,0.6056490313937823,168.61084028496074,-0.2040180346642002,76.98915114385687,3.8793788169387633,-0.5548490839092564,0.16159721643777672,-0.1601154759970636,-0.1167988347798965,0.6687357895816823,25.03298197636798,121.5670719094556,86.9551073612923,1,100368.16327607809,-0.5756873548597133,0.32771494423656805,9.862914021903542,-0.15953199556117142,0.15917806117644978,0.48511243358218703
64.4,168.50093886860157,0.7641483874489656,79.69074456892078,2.9004699669629437,-1.566061283919265,-0.3036521572835136,-0.19238538714659476,-0.09685099009626685,0.6498340030996923,168.98651644169837,-0.2575406358565996,77.00393062368019,3.63540364063589,-0.5122180989040549,0.13173273434339042,-0.1834846953305856,-0.09369240650496713,0.7133537211507024,25.03298197636798,121.5670719094556,86.9551073612923,1,100378.7818948415,-0.581836533716951,0.3335147285546899,9.88752201604244,-0.18921183920640527,0.18630408293130113,0.48844395180714406
64.5,168.81340310199263,0.8158961650329208,79.71751166596982,2.688696951340663,-1.4665086854481433,-0.26042681961609204,-0.2169531121760286,-0.07002680408105277,0.6928285101208266,169.33805363490836,-0.30562400051206373,77.02684772680068,3.395919105089238,-0.4464531265483785,0.10514896177971063,-0.20788488225863788,-0.06696785817486517,0.7567542864724671,25.03298197636798,121.5670719094556,86.9551073612923,1,100361.44870783878,-0.5746910983379941,0.3037588387466486,9.902848350871945,-0.21063614382723722,0.21523330238032412,0.48710332535999334
64.60000000000001,169.10089627744077,0.8779546355700014,79.74108065180364,2.5126415791994328,-1.3368269377283162,-0.21099350002817854,-0.24166310057398965,-0.040082826915474934,0.7346151546373815,169.66563415830933,-0.3459849397486375,77.0361202347606,3.1582251254738583,-0.3568847438897562,0.07494662325662015,-0.2324317865079495,-0.0372562536224017,0.7989949760597839,25.03298197636798,121.5670719094556,86.9551073612923,1,100369.16766810334,-0.44819511181047933,0.27155640735400005,9.875880943629959,-0.22628159005362325,0.22915764954594034,0.48742144454452996
64.7,169.3637555302131,0.953085511709237,79.76215168672933,2.375195299091076,-1.180240925158809,-0.1265506829867844,-0.264173282844223,-0.009659211485294028,0.7757994161782349,169.96963218042538,-0.37567460203410635,77.05201750602066,2.919729978041441,-0.23137446156552494,0.07574547207375408,-0.25476972246528096,-0.006996699291746955,0.8408071370203487,25.03298197636798,121.5670719094556,86.9551073612923,1,100374.6833179047,-0.4356601925829876,0.26835760906705647,10.44282715063724,-0.16552307236108454,0.1790449354223296,0.4911720612267102
64.8,169.6017815156303,1.0444064409784515,79.78355938045573,2.2734288759167134,-1.004691621172962,-0.04123239511319702,-0.278278305123437,0.013190406670812838,0.8187708079755458,170.249615050352,-0.3915254012442447,77.06005097520915,2.681951943294996,-0.0837296553562642,0.0751862758202137,-0.2687162359325639,0.015798324484150417,0.8842096123215861,25.03298197636798,121.5670719094556,86.9551073612923,1,100373.66590756272,-0.40559078362265133,0.22307407769754514,9.962760505714648,-0.0998305709170841,0.10251675170100846,0.49098943759865943
64.9,169.81662875895543,1.1520512389296433,79.79817628444302,2.2031746156702923,-0.8203123430139515,-0.08347939445597279,-0.2752086861956978,0.04061653419550515,0.8602961559662009,170.5076015503263,-0.3930579442307338,77.0883674817507,2.477612317499398,0.04508888056491992,-0.07366746782820181,-0.2655683021391909,0.042924710707849645,0.926242677601305,25.03298197636798,121.5670719094556,86.9551073612923,1,100368.81310249014,-0.4700609403627482,0.23567738623021542,8.174124467819226,0.2384373879867206,0.3188443680499358,0.4852157464434539
65.0,170.01159828314502,1.2743732457813852,79.79549065707657,2.1763992073460705,-0.6522806750815235,-0.05005164488006379,-0.23783177166047115,0.09034956935622018,0.896206044807524,170.7460990308584,-0.3817930455530037,77.0736275051805,2.2970351593453895,0.183927099757015,-0.20952067506611305,-0.22805766182266024,0.09252958942875655,0.9629023804142327,25.03298197636798,121.5670719094556,86.9551073612923,1,100357.09668124098,-0.4566481105237432,0.2461337572467121,9.157067766362536,0.4596481307039158,0.47217831330605264,0.4868433481406142
65.10000000000001,170.1896672636919,1.4131244754359806,79.78224480892568,2.2036137192019956,-0.5239006840200285,0.04124189979784888,-0.186102773285521,0.14406090378190872,0.9330862132334576,170.95046483207423,0.8857046868900906,77.34838667284623,2.1593097471475455,0.7038217051743262,-0.25833189914132254,-0.17968283796605544,0.15098797180838042,0.9966053741203879,25.033024132852194,121.56709143890207,90.71064460314605,1,100365.99237954563,-0.4850170429084215,0.2777348329762057,9.229479677056984,0.5113125016005311,0.467229227568676,0.4821485802720548
65.2,170.3565859885945,1.5691579512211549,79.76074357876863,2.283349174735419,-0.4480188846311647,0.12332297332353956,-0.13155833790253219,0.19269726861833103,0.9734915617215818,171.1622920702478,0.9646971753538196,77.3188366454235,2.0877712945307865,0.8760886965840987,-0.33826058894690697,-0.12477822378765491,0.1997048140318709,1.0376244995079045,25.033024132852194,121.56709143890207,90.71064460314605,1,100374.25784601973,-0.5075326769395895,0.24906142058682765,9.272824847629282,0.47439197757665597,0.4137723408673723,0.48476695841795836
65.3,170.51853447722846,1.742874781924661,79.73112520713607,2.407998416964943,-0.4298252590654351,0.18351957874448327,-0.08117022835619886,0.23167156862367344,1.0176359109778472,171.36951000812613,1.0612157451555408,77.26463060031078,2.0733962214769597,1.0535392342301648,-0.42410834320925883,-0.07375521876437352,0.23843888893246246,1.082484192883063,25.033024132852194,121.56709143890207,90.71064460314605,1,100367.49367935478,-0.5276213119117352,0.22812959580213793,9.099080087077082,0.38411755999195035,0.31710163015087517,0.48417046619059617
65.4,170.68080279904328,1.9344194993788426,79.69243756057381,2.565753117933997,-0.467007667346901,0.20938869164266677,-0.03972913567160652,0.25888902436968153,1.0646233660244928,171.5780863774159,1.1756209185031328,77.21756736572807,2.1039541039014003,1.2338481954338139,-0.522615377292352,-0.031678234438464625,0.2655462497860166,1.1299987068409156,25.033024132852194,121.56709143890207,90.71064460314605,1,100360.66372299101,-0.49900859347828735,0.1691325270496981,9.079856741133383,0.25704934590077516,0.21939463324498143,0.4861309027967064
65.5,170.84716082778348,2.1438470352250927,79.64369427828085,2.7426622346353673,-0.5510861768948083,0.20324185298951916,-0.011407159709549863,0.27338387601601144,1.113228379720271,171.79237877534362,1.3081321035692124,77.18817476614383,2.1657636819405273,1.4175308189423874,-0.6250266649712424,-0.002684443458610297,0.2799193227028691,1.1790491756887338,25.033024132852194,121.56709143890207,90.71064460314605,1,100373.75017954342,-0.48767311342292174,0.16183072980399382,8.98302326503175,0.10395482103239931,0.09670735071990941,0.48542514278966264
65.60000000000001,171.0195732573772,2.371101026936932,79.58429056050379,2.923561006447281,-0.6689076784923985,0.15778738991385016,0.001309096260550091,0.27559455195763016,1.1623053119331201,172.01255495525584,1.4591530537759778,77.12036392837794,2.2381500585821836,1.601116975156813,-0.735206194810744,0.01069965179727228,0.2819813253319703,1.228490773903995,25.033024132852194,121.56709143890207,90.71064460314605,1,100367.85176848213,-0.4650014482775467,0.10703843505198374,9.019126917947208,-0.06761557617198062,-0.010539038124758243,0.4864161158321642
65.7,171.19878861572752,2.615740303867573,79.51436913655057,3.095542371392155,-0.807944813703069,0.0765039343841695,-0.002241302010642654,0.2675977834997729,1.2096574075581799,172.2407338917855,1.6282269468886748,77.05201709133237,2.315057621426618,1.7799380069046926,-0.8366196599085998,0.007610951434147362,0.2736889186892215,1.2762151459138962,25.033024132852194,121.56709143890207,90.71064460314605,1,100374.32805739161,-0.5373055612367763,0.05266937696459838,9.089456988608557,-0.20899825879265235,-0.10952563703022371,0.45279409156613537
65.8,171.38421137775572,2.877219576391292,79.4350687386134,3.2506413029710615,-0.9352089036849064,-0.03402651119611728,-0.01961373618286366,0.25268829909441126,1.2529358230449195,172.4754141089938,1.8149031345016122,76.96387443018568,2.374584152434688,1.9519839267771228,-0.924392303693365,-0.009224168143501243,0.2584458892606596,1.319739703571291,25.033024132852194,121.56709143890207,90.71064460314605,1,100368.37948994769,-0.5403422028356262,0.04458465592481406,9.240942940984311,-0.30699507623873973,-0.14866911825226428,0.4100332215145672
65.9,171.5732523117383,3.1552398279656306,79.34847561457434,3.385413550613926,-1.026196248152178,-0.14961165958984915,-0.04600158689879574,0.23489836692006838,1.2917179332712923,172.71339515682396,2.0187283273177523,76.84721383494495,2.4016635930815973,2.119534216713893,-0.987774253972857,-0.035231249154293987,0.2405125748461754,1.3587127319277639,25.033024132852194,121.56709143890207,90.71064460314605,1,100385.3783733773,-0.5050067389610641,0.10622320259426969,9.494216157987731,-0.3611036799611359,-0.17324891851672453,0.3612026633260801
66.0,171.76224929055047,3.449524948737279,79.25737043039426,3.5015617371428376,-1.0721681577549296,-0.24723324174331193,-0.07560616153283983,0.21802402878414862,1.3262062764094293,172.95340566738955,2.238996085769072,76.74659279273091,2.391535413591296,2.2846638030377733,-1.019070501741587,-0.06446321122458998,0.22321856508183968,1.3934295888712167,25.033024132852194,121.56709143890207,90.71064460314605,1,100369.77786996128,-0.5156905696356037,0.09711347632594435,9.839614357608076,-0.3554668934590681,-0.1675776984052883,0.31831427136189416
66.10000000000001,171.94723748008684,3.7597945504196124,79.16489659328309,3.60431811547173,-1.0744871514174452,-0.30521724294203373,-0.10394005108692306,0.20435183194799844,1.3566064673649885,171.43942930540308,2.4968893928128173,76.78008948783422,1.8315439086323873,2.4376871485729086,-1.0248141969949198,-0.10103684444361716,0.20659713883829212,1.4237388159952147,25.03302092604726,121.56707279958313,89.0319686219146,1,100381.83028038556,-0.6208530580934256,0.10283918167529205,10.050006313546636,-0.3034816815157214,-0.12662641043942438,0.27515630984766404
66.2,172.12442443451062,4.0857283860457745,79.07386775933533,3.69950390114287,-1.0398895978363236,-0.3170795829479109,-0.1279549441261938,0.19473494925099732,1.3831424213957386,171.61811598778218,2.7483998666941085,76.67873952316599,1.7372409426821467,2.591881510013295,-0.9984912595798174,-0.12479129420471635,0.1971810530511442,1.4506033421162972,25.03302092604726,121.56707279958313,89.0319686219146,1,100376.6277166266,-0.6138634331694393,0.12719145065693876,10.253678828550584,-0.2398074375737205,-0.0864596063243671,0.24677778416829724
66.3,172.29058621022318,4.426962710358055,78.98637819008229,3.7918522591666983,-0.9769777995800064,-0.28818745114463595,-0.1458152219976392,0.18901571314915122,1.4060624164541147,171.78601033035858,3.015090436652192,76.58037056295264,1.616886583579696,2.741460987486959,-0.955640693216396,-0.14238667270120742,0.19137245612182463,1.4738691847722714,25.03302092604726,121.56707279958313,89.0319686219146,1,100385.29091046203,-0.6074938176382176,0.13567474019368997,10.460286951798537,-0.1735897764961122,-0.04760350809489966,0.21389908688875647
66.4,172.44329337093643,4.783112980592778,78.9036633597208,3.884595498431895,-0.8942981399419928,-0.2263581840332863,-0.15658600483348362,0.18655486520538145,1.4257190583573052,171.94078602594354,3.29639995755672,76.48730348404247,1.476201180502608,2.883627203192327,-0.9041769577518157,-0.15311143326382226,0.1887550982346773,1.4938500379100956,25.03302092604726,121.56707279958313,89.0319686219146,1,100382.87729933683,-0.6794994369583719,0.07101179367593441,10.534462220681974,-0.09287754916760094,-0.021645900281830714,0.18844790858858457
66.5,172.5810337486244,5.153811130502199,78.82624521048763,3.979610415594942,-0.7994335395102151,-0.14155533400035694,-0.1601764303674903,0.18651523600689157,1.442540627109559,172.0810932662312,3.591594736802575,76.40214559366795,1.3261295746753023,3.02071676229664,-0.8487730594922274,-0.1567220898574332,0.1886942734374799,1.5108449406023996,25.03302092604726,121.56707279958313,89.0319686219146,1,100388.95948129614,-0.6808938813684432,0.095633912748057,10.518328528641582,-0.01506323275210472,-0.0005877672182410185,0.1696106407798102
66.60000000000001,172.70319803955363,5.5387261596434065,78.75414722659829,4.077739767672307,-0.6990868148641444,-0.04447099001590617,-0.15712497201278286,0.18807011090216208,1.4569920752698131,172.20609902550126,3.9005019852360165,76.31990563171455,1.174231439987389,3.1569730322126976,-0.7959612984154716,-0.1537563537435579,0.19052556203922322,1.5255763163836735,25.03302092604726,121.56707279958313,89.0319686219146,1,100376.47511401425,-0.7178906629113312,0.06058351143762474,10.479798189397867,0.04324833219307549,0.012288947218541995,0.14661611993902934
66.7,172.80998934313718,5.9375655679784485,78.687094918474,4.179199625240796,-0.5989141883054158,0.0566067412661338,-0.14852724380928217,0.1905475751113832,1.4694982963156782,172.3168955057055,4.2224071053579175,76.25385644805641,1.0281680521142502,3.2863356980763627,-0.7444923428450518,-0.14514655551304378,0.19299716236096343,1.5383792794902973,25.03302092604726,121.56707279958313,89.0319686219146,1,100365.4728438695,-0.7241330906654719,0.0993747202448189,10.422478084273306,0.09777194872744777,0.025930101000455362,0.12952791485910875
66.8,172.90226199713777,6.350083313829813,78.62472835301838,4.283811350022868,-0.5034764762225443,0.15636877483055184,-0.1357844020822928,0.1933880261256511,1.4804089562427554,172.4128416671078,4.5575214661712735,76.18170377285215,0.8936248306494856,3.4163427548150254,-0.6990338203242263,-0.13230396232275188,0.19583120459726455,1.5496733427453053,25.03302092604726,121.56707279958313,89.0319686219146,1,100384.98899843497,-0.6885962163928476,0.05459556343907898,10.331880891157027,0.1324129383594292,0.03775571027346024,0.11381620217987211
66.9,172.9813286283045,6.776063202697215,78.56666598812731,4.391136287546386,-0.41615777414696176,0.25097493501300006,-0.12042469530104027,0.196221593970473,1.4900000589248084,172.49179985407966,4.907459260299744,76.06242150477055,0.7713265811997323,3.5477303595516245,-0.6648044882072786,-0.11689527893014762,0.19861815380520387,1.559478775629235,25.03302092604726,121.56707279958313,89.0319686219146,1,100374.83465916726,-0.7437485066225756,0.05812308515615365,10.30760769652489,0.16139789214796085,0.038275561855434403,0.10416620588591467
67.0,173.0487768684742,7.2153145917970996,78.51259313391367,4.500586587583056,-0.33943546440860606,0.33901930963566257,-0.10391868621302425,0.19877657384454905,1.4984780958381472,172.56358281919194,5.2686983986427975,75.99787123616346,0.6669195611787762,3.6773648168644555,-0.6257023742277531,-0.10031944668101633,0.20113873985153607,1.5683254420496522,25.03302092604726,121.56707279958313,89.0319686219146,1,100372.90620133751,-0.7395513607146017,0.04393471684280692,10.308760725385973,0.16527910078038133,0.03862807634644409,0.0928654768462833
67.10000000000001,173.10630706484238,7.66766006779114,78.46229401215886,4.611475933550294,-0.27409872836713106,0.4191056720724261,-0.08751460921300835,0.20091466494033194,1.5059755220677131,173.07339714016086,8.43733333805861,76.4760856778849,0.731497404843847,4.659400016731808,-0.5508287347834929,-0.08494546332998154,0.21614021321454446,1.5636436404126755,25.033103825393543,121.5671183191317,93.76182969313007,1,100374.40453039156,-0.7339948218389678,0.04497383904120872,10.231650635096313,0.1611966414860893,0.027021304281488495,0.0816751811691388
67.2,173.15557554698887,8.132906430661356,78.41550547836937,4.723179116170092,-0.2206838619871072,0.493691811897783,-0.07224133130256116,0.20265862364152532,1.5126362752011502,173.14293108278358,8.91036833731594,76.4226973247089,0.6618039214067498,4.800909990272732,-0.5171879199118661,-0.06939630485856951,0.2178845468129511,1.57058498241693,25.033103825393543,121.5671183191317,93.76182969313007,1,100376.8218231196,-0.77340541056335,0.018620502162950327,10.177085898144375,0.1475692630628718,0.029473445225525502,0.07556476267247465
67.3,173.19812280543047,8.61087381620937,78.3720847731316,4.835094941056367,-0.17855621909743447,0.5622713399697121,-0.05879908939280587,0.2039829663574797,1.518548454113707,173.20682128820644,9.39725131813824,76.38079346156155,0.6079151732654273,4.940737347741247,-0.4843050794968387,-0.05566347011724759,0.21922224464186257,1.5768102457839082,25.033103825393543,121.5671183191317,93.76182969313007,1,100385.75627595745,-0.8661785156070057,0.03037300670913322,10.164422343514616,0.12787141771844265,0.022379823129804726,0.06991604575621164
67.4,173.23528972024684,9.101372341087057,78.3319037359404,4.946697826933143,-0.1464089081586008,0.626054129726523,-0.047556523618329294,0.2049397960787236,1.5237858617593965,173.26539137743154,9.898319004793558,76.33385366050447,0.5649761449207212,5.080483781589346,-0.4543307116448859,-0.0444091077142037,0.22007903013683716,1.5823570279016248,25.033103825393543,121.5671183191317,93.76182969313007,1,100385.54376196454,-0.8647551336337629,0.0691883523974746,10.16106906292636,0.11004568723681862,0.03410410049684181,0.06068185489425139
67.5,173.26818206642812,9.604204343803387,78.29484455354729,5.057554826986359,-0.1225080994123934,0.6859044361624765,-0.03859615162773877,0.2056139777451893,1.5284166880888632,173.31883841716598,10.414089214776217,76.27336637121631,0.530920777466374,5.221340531031886,-0.42859254169277045,-0.03525263369981746,0.22079890221475562,1.5871477509664755,25.033103825393543,121.5671183191317,93.76182969313007,1,100382.38337924272,-0.7904168438813052,0.08377034843840273,10.135087195368438,0.08537081254238976,0.025306670003706976,0.054719143329002906
67.60000000000001,173.29766603213744,10.119168351245875,78.26079587167068,5.167353501786296,-0.10507879549967887,0.7429316546218004,-0.031798398275334816,0.20607820029541113,1.5325075413816167,173.3705867822032,10.943210265353475,76.23182916407173,0.5053443325494477,5.361437424847279,-0.40224132198327717,-0.028517907926650543,0.22122220525248393,1.5914472037362861,25.033103825393543,121.5671183191317,93.76182969313007,1,100384.38302858484,-0.8272057958978074,0.02050088709118262,10.102305166696919,0.05896587762552753,0.014761182694798518,0.0499856774492836
67.7,173.32438714094764,10.646060349493466,78.22964512204507,5.275867065722763,-0.09232727581828273,0.7972228225081727,-0.026885557168412788,0.20640504226292578,1.5361181035547962,173.41560692535876,11.48873454580485,76.14349672757513,0.4827643169550948,5.500064387872749,-0.38351140685216484,-0.023526716231032085,0.22176045200018613,1.5953143170717388,25.033103825393543,121.5671183191317,93.76182969313007,1,100394.77633320286,-0.8186456784587288,0.030470561226771244,10.105301845955129,0.05416455382934966,0.020412836233591292,0.044846262888153195
67.8,173.3487984190318,11.18467465296246,78.20126433521595,5.382961290194703,-0.08269436747499673,0.8492738722779819,-0.023489552709070383,0.20665456334015575,1.5393069747495305,173.46298873518185,12.045456768756457,76.10637988323126,0.4655629554630637,5.63366929970995,-0.3588465601820797,-0.020135142742519596,0.22225575916949247,1.5985938426755306,25.033103825393543,121.5671183191317,93.76182969313007,1,100397.75448143217,-0.9010948088318412,0.031429198041294897,10.086618499690085,0.039337773543124836,0.015246636310854756,0.04000799737408398
67.9,173.37120299282333,11.73480827267036,78.17552055915134,5.48856596212503,-0.07487249052474956,0.8991605064518463,-0.021219707166793444,0.20686789549234463,1.5421240784138204,173.50368374042495,12.618641295703359,76.02126475145974,0.45035901333475276,5.767543056373411,-0.34263602836440726,-0.017776014003353158,0.2222715572280809,1.6015852233393975,25.033103825393543,121.5671183191317,93.76182969313007,1,100398.20265353915,-0.9043375759515432,0.017401064563342932,10.073005789721787,0.026497220499702025,0.019382513156465293,0.03549384470339688
68.0,173.39179397002457,12.296261487837668,78.15227012408344,5.59266532524137,-0.06790655442184787,0.947235397204024,-0.01970625963498107,0.20706781732409474,1.5446142252435178,173.54814339177133,13.202015904855104,75.98808101590478,0.43934881998811615,5.898845122813771,-0.3209789967209256,-0.016119174280539217,0.22255881520627274,1.6043558899467865,25.033103825393543,121.5671183191317,93.76182969313007,1,100383.01907286265,-0.9023980215442988,0.06782021682176588,10.04402165712602,0.022114170072079206,0.01619915156533069,0.03623349285968226
68.10000000000001,173.41069374086337,12.86883845715617,78.13136149451958,5.695264616066906,-0.0611222079729105,0.9933449337334705,-0.01862734955515577,0.20727107074684725,1.5468151064550884,173.8514897085836,12.149703831402375,76.11980251907185,0.5154776222548468,5.530942239930364,-0.2443285092967768,-0.011009567540290588,0.2162432757785866,1.6131569862055928,25.03308694895408,121.56712559030487,87.338007351796,1,100371.29951632983,-0.9373099413066042,0.01081364154935921,10.032373504780653,0.02182883137092658,0.02443104719287808,0.0327617252677844
68.2,173.42798472655863,13.45234671250931,78.11263130248238,5.796390611898709,-0.054155292906007554,1.0375781112829532,-0.017728722695462773,0.2074890148172437,1.5487620320547497,173.90264070835678,12.708874242173248,76.09634431631697,0.5083409031404841,5.653060442641196,-0.22533119949020072,-0.009968718966809953,0.21665287694991053,1.615220130058122,25.03308694895408,121.56712559030487,87.338007351796,1,100389.32859770065,-0.9294633402868816,0.05552505784155688,10.006684536139886,0.01841827064463081,0.011511310131162208,0.0313931316736666
68.3,173.44373608523793,14.04659890159622,78.09591310934854,5.896083230939799,-0.0468898931529693,1.0799009629497274,-0.016834694078289747,0.20772145472811032,1.5504858162598136,173.95171426930386,13.281200651831249,76.05504763919959,0.5023448855953597,5.772604988050308,-0.2105727694673848,-0.008856758774448914,0.21694767920815483,1.6171728399004328,25.03308694895408,121.56712559030487,87.338007351796,1,100397.03905172923,-0.9882529755085235,0.043614388063263565,9.983793712203907,0.022841864348153607,0.02141479716163159,0.029337731773524726
68.4,173.4580209048468,14.651412577861333,78.0810400427579,5.994385030203707,-0.03939918958724377,1.1204141569010364,-0.015844214910360144,0.20796092021429513,1.5520133055187284,174.00174350777593,13.864307569528064,76.03481890907653,0.49813659893094986,5.8907516684126024,-0.194484700656356,-0.0077645485909054734,0.2172720483036461,1.6188915652822973,25.03308694895408,121.56712559030487,87.338007351796,1,100399.48143444059,-0.9318578790119647,0.040148753819894106,9.966680889052936,0.018352782134636557,0.019036873271171182,0.02419862365229784
68.5,173.470926199434,15.266610069302702,78.06785189680879,6.091327007577461,-0.03184390436322443,1.1589699093526677,-0.014717086978440541,0.2081991870629154,1.553366407294189,174.04917644111976,14.460779815882121,75.9906341095058,0.49397348640363403,6.006376884347698,-0.18362461509974806,-0.006474555970111706,0.21789272569482931,1.620357061336286,25.03308694895408,121.56712559030487,87.338007351796,1,100386.5535763699,-1.0571495685497014,0.020840126685725782,9.946059060394898,0.019770138679336795,0.02691887977607906,0.025706210306690937
68.60000000000001,173.48255455470718,15.89201696161194,78.0561921511718,6.186932846242252,-0.024457432842090853,1.1957107471820088,-0.01346249305792735,0.20843084732461303,1.554565628498442,174.09848254288713,15.067069753422485,75.97295247856817,0.4919003116420869,6.120302845265045,-0.1705402309131348,-0.005118731906374685,0.21802033885204586,1.6216610608739872,25.03308694895408,121.56712559030487,87.338007351796,1,100393.12257968925,-1.023156459232099,0.004610158545047215,9.931136545871569,0.022395469332670115,0.014801917420996683,0.02453991469277502
68.7,173.49302307056234,16.527462372390225,78.04591286744596,6.2812181980375446,-0.017467965014571426,1.2306549903297523,-0.012123765967505085,0.20865197489150655,1.5556292287205313,174.14369157325373,15.687722242542137,75.91606598370399,0.4895694907251083,6.233474523650383,-0.16458927152988378,-0.0036387053744028064,0.21817826054093103,1.6228317168508268,25.03308694895408,121.56712559030487,87.338007351796,1,100382.27539920525,-0.8995698991952935,0.03949583790303435,9.902659951246838,0.025463126284178683,0.027553314529181718,0.01919810078837661
68.80000000000001,173.50245870613347,17.17277928152859,78.03687900368959,6.374197584819383,-0.011083701519337814,1.2639366976698634,-0.01076090084631931,0.2088530531888826,1.5565729811169375,174.19268428231183,16.31679638304123,75.9000836652058,0.4904310394891391,6.346926669192321,-0.15495807337750425,-0.0020454066093014145,0.21865742345830452,1.6238275498927734,25.03308694895408,121.56712559030487,87.338007351796,1,100357.80734934619,-1.0716290961829649,0.03583127367544324,9.897339992853725,0.02642983927663406,0.021635727875063678,0.022198112321387464
68.9,173.5109916621109,17.82780293962903,78.02896586989407,6.465869586159849,-0.0054339882432411475,1.295516578438574,-0.009435958455636051,0.2090331318622789,1.557410260207104,174.2516388820072,16.94899608849303,75.97494292591688,0.4980646005802263,6.453805552080561,-0.1331797280967405,-0.0005051468514397639,0.2187138294622044,1.6246316305206805,25.03308694895408,121.56712559030487,87.338007351796,1,100399.08080835674,-1.076039918772085,0.031720040811623426,9.884149611121302,0.02437258562422963,0.023606338375116998,0.017249092913548116
69.0,173.51874805586849,18.49237094372288,78.02205957554015,6.556233374704426,-0.0005913139547947602,1.3255900628076258,-0.008205575011230426,0.20919171805464298,1.5581539544813983,174.30158708708365,17.59979857394828,75.96202975040983,0.5015599485478195,6.56126264302759,-0.12497033341317931,0.0008606681383613868,0.21881541245056946,1.6254997103671875,25.03308694895408,121.56712559030487,87.338007351796,1,100378.55778200181,-1.1016161668323663,0.03441765500228097,9.876759586429822,0.0205379297002803,0.014278667831831356,0.019081723637066495
69.10000000000001,173.5258446370378,19.16632320614893,78.01605633438277,6.6452872831469465,0.0034380822890618147,1.3542827450414292,-0.007113124204146781,0.2093289441460815,1.5588157657564108,174.63164200747195,17.406211749660216,76.14519809083994,0.6027385231483678,6.414577732013779,-0.07258593440646072,0.004838070376255499,0.21601572656529777,1.6283515308477772,25.03314244155495,121.56713298409971,87.69445686852805,1,100384.18398761244,-1.0545802344473918,0.023159216956893363,9.853666684271689,0.01963209831351087,0.018443013814715165,0.014545014906128067
69.2,173.53238475739252,19.84950213854029,78.0108640155585,6.73303022792349,0.0067053253320513515,1.3816448459156487,-0.006184034246507042,0.20944350295668346,1.559405484575061,174.69234576146732,18.052735664855636,76.1382654184664,0.6117793130471568,6.515804443202922,-0.06614695415696178,0.005776591116882557,0.21629385550044633,1.628902101855446,25.03314244155495,121.56713298409971,87.69445686852805,1,100402.30480236598,-1.056770280310771,0.031588184815959486,9.851052481268455,0.02230573570292711,0.016914607819194377,0.013587263488052526
69.30000000000001,173.53845559515875,20.541752042298516,78.00640022324015,6.8194572531805715,0.009316891988073476,1.407751743664543,-0.005426317934973279,0.20953762264745412,1.55993151571856,174.7489676844061,18.714045315460048,76.06611730048157,0.6175958147290006,6.62016325515013,-0.0706045729981025,0.006701486067484441,0.21660278807808764,1.629520762560202,25.03314244155495,121.56713298409971,87.69445686852805,1,100384.98915093517,-1.1506921165332629,-0.003950238369673752,9.828947080639406,0.021147508279079488,0.019642917678019695,0.01814100998978011
69.4,173.54412707180586,21.242919130328353,78.00259035720563,6.904567038683675,0.011393961484822785,1.432791871040808,-0.004833307733527525,0.2096135310655316,1.5604019407990455,174.81134288273617,19.381083419401754,76.05929303926015,0.6294065068276059,6.7197050689689295,-0.06596804104323191,0.0075136373039415005,0.21689030829770606,1.6300785289682607,25.03314244155495,121.56713298409971,87.69445686852805,1,100396.3272333579,-1.0930479258743038,-0.007582572661482351,9.817944724257883,0.011208300182559484,0.013203816185072466,0.013490326476684873
69.5,173.54945328577983,21.952851849193184,77.9993686187398,6.988360297206187,0.013073982882302276,1.4567775510854262,-0.004386070822072763,0.20967289312765303,1.5608232908845232,174.87121001193864,20.061441239058723,76.01020519054276,0.6381605048625631,6.819575650230164,-0.06818429742559214,0.007927241491177739,0.21675411834206781,1.630622283404361,25.03314244155495,121.56713298409971,87.69445686852805,1,100395.60937093371,-1.182007971184703,0.03754223206573247,9.81261981430691,0.017106759360987534,0.019571339882952076,0.01449072384129886
69.60000000000001,173.55447392358994,22.671400420483792,77.99667486227423,7.070839107150661,0.014482709796097282,1.4798148520465029,-0.004057803795954218,0.20971870196736653,1.5612017684023016,174.93557880593036,20.74817928605,76.00357086025187,0.6496182740731951,6.915261883092849,-0.06467183619797914,0.008286841518813648,0.21682349409421642,1.6311118511617337,25.03314244155495,121.56713298409971,87.69445686852805,1,100400.13376602565,-1.1630536451978173,0.04147465420458123,9.799856267776013,0.019970005183625683,0.01769204144273717,0.01489291876861682
69.7,173.55921791148305,23.3984177546097,77.99445822988267,7.152011113067123,0.015731976233110487,1.5019823317274557,-0.003819652962761322,0.20974981299973128,1.56154146385675,175.00122042438863,21.44433270865104,75.99805429458004,0.6614847774539342,7.0078890440447665,-0.06100527922158072,0.00859294225818985,0.2169830236382595,1.6315768747569532,25.03314244155495,121.56713298409971,87.69445686852805,1,100399.84628001988,-1.2259790713622172,0.03455266911947656,9.789822302535436,0.014397386853691668,0.01206404319085936,0.01464183144073494
69.80000000000001,173.56370470870135,24.13375756183034,77.99266749955783,7.2318758221814345,0.01691778924933886,1.523316865776865,-0.0036413122812396503,0.20977485242471583,1.5618479359405502,175.06797176172378,22.14986593685554,75.99207186941416,0.6738513553819755,7.102237722275922,-0.058621130807989995,0.00886821305407648,0.2167477950947383,1.6320163624056536,25.03314244155495,121.56713298409971,87.69445686852805,1,100411.48483683629,-1.2165074954603408,0.01647161432635679,9.794335221548847,0.015132129533793982,0.015789876147351816,0.013585266164506775
69.9,173.5679476842156,24.877409500310698,77.9918949211788,7.311973091586166,0.018095251271158918,1.5608537704998846,-0.0034856651957804186,0.2084860974337328,1.5621298814762488,175.1336069695948,22.867322350118457,75.96395492728058,0.6844367598764348,7.200836091796344,-0.032954175132086885,0.009059700000906279,0.21514383769204692,1.6324723498592746,25.03314244155495,121.56713298409971,87.69445686852805,1,100393.4491621065,-1.2640059799219852,-0.009146486560703021,10.463438951215567,0.014135575808546665,-0.04747312568518073,0.01381707667295727
70.0,173.57195254899185,25.629859517736787,77.99630829671513,7.399641370555345,0.019309806081462683,1.5534096664093138,-0.0032935144691910168,0.19750129496997237,1.562416416378954,175.20274046183664,23.59226020887748,75.96348586192408,0.6986537335316235,7.29487981843895,0.019132282457401877,0.009235991182538372,0.20421379921924632,1.6326513526440878,25.03314244155495,121.56713298409971,87.69445686852805,1,100398.7469200812,-1.2581153796845657,-0.004698567050580894,10.211052352999994,0.012758432226208663,-0.11790180972897082,0.011945509782402455
70.10000000000001,173.57572877195332,26.389607674028777,78.0054799130186,7.479074007978253,0.020466401976840243,1.4869164441785603,-0.0031585963720389687,0.18064844240468503,1.5626896369904744,174.81182421503667,25.270036130914637,75.95038457707409,0.559130622197393,7.645245976518553,0.0429194106436567,0.0060532760904538074,0.19090293678350156,1.6322344703694283,25.033231297213664,121.56712613466294,86.37048558738046,1,100396.12274595721,-1.2695811700783028,0.00019217392856328563,10.217925922407643,0.01403495008113696,-0.16515204986830467,0.015753149216601738
70.2,173.57927206039733,27.154622128137273,78.0195507591269,7.539177983582272,0.021624262737681692,1.4097704776243305,-0.00309615769113758,0.16261536387881192,1.5629366010557035,174.86828269929805,26.0375736116037,75.9571729868704,0.5701804830952945,7.70277172585446,0.09370246482268471,0.0062472356590606015,0.17295049739282042,1.6323934172723082,25.033231297213664,121.56712613466294,86.37048558738046,1,100401.68110563222,-1.2844840463105407,0.046961413362574575,10.247019163977885,0.013399562555273229,-0.15532392183032515,0.017618326165161305
70.30000000000001,173.58257245568504,27.922928376657595,78.03914107058041,7.576971839659473,0.02290509692078604,1.348598771445594,-0.003029249017445279,0.14655308936006595,1.5631507139835137,174.9221307710217,26.814496386367264,75.91282711285008,0.5812466573696055,7.744655641166298,0.14298203219116037,0.006209027961325386,0.15687348435387571,1.6325585157290945,25.033231297213664,121.56712613466294,86.37048558738046,1,100385.56719724972,-1.2592932440192337,0.04445691738222672,10.297019791046989,0.012481908049644561,-0.12178278401547737,0.009347461915976478
70.4,173.58562509808917,28.692836235124986,78.06470798221599,7.594659092731933,0.024356438014454557,1.31389170402248,-0.002872348146834458,0.1341100037353944,1.5633294340250743,174.98091862341198,27.590337081212112,75.93009501849662,0.5949112741299609,7.770373419521104,0.20258323128096917,0.006451506131653684,0.1443034220724715,1.6326884444042964,25.033231297213664,121.56712613466294,86.37048558738046,1,100394.78962809748,-1.2589568885068596,0.05751512730950144,10.316325418784063,0.01755179567461539,-0.0920462792142733,0.013591617295381792
70.5,173.58843933766457,29.463051110608298,78.09621098811641,7.596767631197956,0.025910789319331155,1.3061657898659123,-0.0025922189982601207,0.12580779199582381,1.5634718562101426,175.03872970932875,28.371298021173352,75.92082911603002,0.6086605168866611,7.787948791660889,0.25404551825666155,0.006881700324504303,0.13611093871431224,1.6327872733718956,25.033231297213664,121.56712613466294,86.37048558738046,1,100398.45418276795,-1.233869831952389,0.05250558001601528,10.256561935931149,0.018425909666337087,-0.05113862701535561,0.011009408668475483
70.60000000000001,173.59104143727262,30.232706301540944,78.13305195515144,7.588369776158375,0.02745951644321796,1.3197145786747033,-0.0021784475061543684,0.12145143179031526,1.5635804880517898,175.1003732186682,29.150594502005294,75.94871934248444,0.6249611353173637,7.7982651230856135,0.30165424785688455,0.007363875436501521,0.13160686767523622,1.632966397108652,25.033231297213664,121.56712613466294,86.37048558738046,1,100397.63357808178,-1.2668749003637412,0.00818736240307837,10.13711777907605,0.01879796670204941,-0.001070565476058303,0.00978464531913662
70.7,173.5934742495832,31.00133566709056,78.17415356765389,7.574281943960651,0.028859320611799782,1.3455725339346989,-0.0016537850831477297,0.12036351265326783,1.5636604082507302,175.16028878515283,29.93522520788608,75.9370757087816,0.6412369120888326,7.803224496460839,0.331217195366851,0.008112345934869758,0.13072347256398675,1.6330454440057685,25.033231297213664,121.56712613466294,86.37048558738046,1,100380.97876108527,-1.3352765900636847,0.021320149759864772,9.989334503650458,0.023019495003575138,0.016573705159415336,0.008586964680391565
70.80000000000001,173.59579276909275,31.768800121345098,78.21813215577376,7.5585740131526675,0.029957742892690313,1.37488190028298,-0.0010701808803182944,0.12161320733449377,1.563717464458561,175.22529740960653,30.715670445662397,75.97137463127115,0.6583029784475738,7.8062678594553345,0.35223554553442127,0.008711723581405928,0.13224407700574337,1.6332020496392472,25.033231297213664,121.56712613466294,86.37048558738046,1,100395.86959690606,-1.2962232891957486,0.022822458844388195,9.846856608444872,0.01594442489895267,0.03429851878935895,0.013513486282058017
70.9,173.598057348598,32.535190564419,78.26350069573141,7.544319868843088,0.03062632981215168,1.4002840909870893,-0.0004991782604508721,0.12420671788342164,1.5637565515921727,175.28657628846102,31.504147359928353,75.94430792763208,0.6740381183877815,7.816191699700885,0.3494858730292497,0.009403765961604083,0.13525373079596426,1.6333706758591018,25.033231297213664,121.56712613466294,86.37048558738046,1,100382.7579051044,-1.2801664806886601,0.028813103811793687,9.705200462066548,0.022779613750597134,0.045724729071975424,0.012916110938760689
71.0,173.60032587112354,33.3007277425406,78.30886164260865,7.533492273148606,0.03080069867174799,1.4162652024311766,-6.505475258600235e-06,0.12723075150837548,1.5637810781809072,175.35482889983717,32.28616192503652,75.97901595361205,0.6910929600901378,7.825274642848073,0.34249206406795424,0.00991678001894114,0.13848942045374524,1.633394822020899,25.033231297213664,121.56712613466294,86.37048558738046,1,100364.52125712318,-1.182373431314794,0.05887928485807602,9.587756688894832,0.018245402002644347,0.04079832330849637,0.01424384089457492
71.10000000000001,173.60264686288505,34.065672089033185,78.35303009567181,7.526931709002947,0.030488468140666896,1.4201170787308528,0.0003545259515715937,0.129970678711834,1.5637930943075298,174.74773021330512,34.396559211798035,75.6960414686677,0.47932954961746976,8.231466651264416,0.26035105258933555,0.00558521876843554,0.14584256713842114,1.6349066257142786,25.033316667058173,121.56712357430031,82.1200080206262,1,100407.2174954263,-1.1687275183374426,-0.016220005280418934,9.496204557307482,0.0162629357784208,0.040451880805998736,0.008590531098031113
71.2,173.60505447123893,34.83025552473038,78.39509838919041,7.524474078175122,0.029772853718138072,1.4112198798961897,0.0005535787885770915,0.13199295679194156,1.5637941388608225,174.79639861923687,35.22069735008729,75.72083926908515,0.49423275797460975,8.251740122898688,0.23466527346674207,0.00595074143744001,0.14785615021834153,1.634995449171508,25.033316667058173,121.56712357430031,82.1200080206262,1,100373.68896512898,-1.122999092548667,-0.007980116236309093,9.439052102397149,0.01065392313554201,0.038885577716926814,0.0106161677262878
71.30000000000001,173.60756628107274,35.59464193324556,78.43444370193572,7.525226411046859,0.028799488300275438,1.3910274461927958,0.0005908268893658475,0.13314104606790034,1.5637859307870121,174.84839839518338,36.04398712429478,75.7767898918313,0.5090929931941323,8.270866636358525,0.20907773721152043,0.00588767670283552,0.14904303375908112,1.635018144032701,25.033316667058173,121.56712357430031,82.1200080206262,1,100385.77469222397,-1.1817130027757636,0.029280326805406258,9.398024678174387,0.008264146832938243,0.02780717503972899,0.013970649118826636
71.4,173.61018392108792,36.358917390282635,78.47073463208392,7.527957148966715,0.027743892334843857,1.3626590647117385,0.0004970623765144788,0.133483239869149,1.5637705452730897,174.90001258412343,36.87215067230922,75.79606915876407,0.5227775776701938,8.292974702327612,0.1762735616229437,0.005879280172507828,0.14966969261048302,1.6351373342159385,25.033316667058173,121.56712357430031,82.1200080206262,1,100397.05242475128,-1.2500725116351377,0.04324731106339,9.393090965565673,0.00413099796509574,0.02535982979499054,0.013782731692478494
71.5,173.61317221330722,37.19951033841578,78.50700955246995,7.531793181011485,0.026675711056383573,1.326161856409818,0.0002908717644224401,0.13318189806633085,1.5637474893773868,174.95095980058807,37.705837340914414,75.77727308493883,0.5368511742351243,8.314211174740205,0.13907319065673843,0.005831639863437155,0.14958295524175247,1.6351155745812047,25.033316667058173,121.56712357430031,82.1200080206262,1,100380.50517375412,-1.2171205936704195,0.0027245572262768435,9.404552774500658,0.021003787277843383,0.012870900239777617,0.01001089734431011
71.60000000000001,173.61568449548622,37.88715320489499,78.53391341356475,7.5347445512664635,0.02598339147128373,1.2949994597591625,8.68042997610452e-05,0.13263628021873042,1.5637252019599681,175.00535728610126,38.538237912492455,75.78960832706622,0.5515050622141717,8.333227489476021,0.1078261761536142,0.0054332949366789896,0.14899343138260934,1.6349519442763447,25.033316667058173,121.56712357430031,82.1200080206262,1,100386.04317451839,-1.2066885136692715,0.052644240200352375,9.414492598772112,0.0052750216372134204,0.011236256990131144,0.00922050706142027
71.7,173.6185251604366,38.651024791862696,78.56103465184454,7.537277491020918,0.02546717231729843,1.2614188467832563,-0.00013939221553627146,0.1319379315541147,1.5636976119917212,175.06136936000948,39.37231461797094,75.80181929345893,0.5651113006793088,8.354457635824266,0.07878273101751083,0.005239944295550636,0.1481793784302905,1.6346930948403289,25.033316667058173,121.56712357430031,82.1200080206262,1,100377.85626251582,-1.1209937015924387,0.02295990769007449,9.440831322918147,0.015056824221941285,0.014115854545261245,0.006205354156652759
71.80000000000001,173.62139603575042,39.4146522928446,78.58545103328345,7.53881566404138,0.025235113942073156,1.230470857927188,-0.00032957054881477266,0.13130715490521494,1.5636673710902662,175.1186348646655,40.20874986768736,75.80832864625059,0.5796593461769114,8.373993693828309,0.051779712583033016,0.005104084870036996,0.14749489187541598,1.6345471631901483,25.033316667058173,121.56712357430031,82.1200080206262,1,100389.5220103437,-1.1909048213866853,0.04825912566222876,9.46260204520469,0.010574616738613285,0.007640525728510442,0.01047851376907373
71.9,173.62427856472215,40.17798520930292,78.60739168317325,7.539394373899131,0.025258639962377066,1.2029908172175028,-0.0004642118271096507,0.1308452439860861,1.5636344041800825,175.1765710094508,41.04819803976935,75.80246557817784,0.5928353506923928,8.390841748502888,0.025863928964194798,0.004976185069765715,0.14707391943605397,1.6343802864358894,25.033316667058173,121.56712357430031,82.1200080206262,1,100390.67317980915,-1.1399065520855136,0.04100861080109265,9.49029244463549,0.01548304170276036,0.011684378537195936,0.009782318312332351
72.0,173.6271598453392,40.94099143306332,78.6270737594277,7.539212961226882,0.02548134435008732,1.179043279277003,-0.000537709415392329,0.13058830260011156,1.5635985208078171,175.23649194580148,41.88819994430735,75.80391611739257,0.6057923749232851,8.409070650006594,0.0033584810695515663,0.004999223932055874,0.1470248733126729,1.6343493776888578,25.033316667058173,121.56712357430031,82.1200080206262,1,100400.21968172776,-1.2332796693237795,0.03514513824955759,9.502388719883534,0.015524777934371148,0.01823440956428271,0.01005218734519924
72.10000000000001,173.63003318695573,41.703658971668304,78.64468538090911,7.538534668520808,0.025836657562109667,1.1582898182363022,-0.0005518935148725035,0.13052167152126404,1.5635595917717242,174.64084645535357,42.025447110267834,76.43789517512204,0.43930051174928264,8.19834674121943,0.07897042332329088,0.0035139735637765845,0.14330517694499578,1.6342054483052428,25.03336556906507,121.56712216343828,94.54075141453184,1,100415.33992107381,-1.2564322379413102,0.026093378432774976,9.522049767604274,0.021595389573648746,0.020961330982412436,0.011786322684540126
72.2,173.6328977451973,42.46599407812922,78.66039225208362,7.537611479449515,0.026255297711339116,1.1402221689562082,-0.0005184624305295538,0.1306041490791403,1.5635176006274825,174.68536461553583,42.846059922291516,76.44483953720446,0.45129447156596525,8.21384547219512,0.06019022641978864,0.0035029640222202785,0.1433707490413858,1.6341760094596496,25.03336556906507,121.56712216343828,94.54075141453184,1,100384.3825797637,-1.1932695972196476,0.029173949901070438,9.530647421414775,0.008482887606310625,0.019335696283524984,0.009265185178413647
72.30000000000001,173.63575737000485,43.228016429286306,78.67433503358151,7.536648179093703,0.026678614037376917,1.1242441617690493,-0.000451805360738744,0.13078270132394332,1.563472636193836,174.730351406839,43.66964365580251,76.43281859713755,0.4627523432942596,8.231466622867773,0.04022547176617801,0.003609161279735651,0.14385041914780428,1.6341929031693079,25.03336556906507,121.56712216343828,94.54075141453184,1,100373.8488258374,-1.2409712879690555,0.043365153173030704,9.544243011034245,0.010251575039690954,0.011736611516240612,0.0098623981878536
72.4,173.6386190908299,43.98975420713641,78.68664239915991,7.535777407212075,0.02706207358399953,1.1099151100468991,-0.0003680595842505685,0.13100776041299378,1.5634248998575386,174.77719263341524,44.4936470367356,76.43602181726304,0.4735646676199543,8.24849781626114,0.02389095708797646,0.00367013153529383,0.14418426154577912,1.6342572401436333,25.03336556906507,121.56712216343828,94.54075141453184,1,100386.47693123724,-1.2113986823690028,0.03612696402890797,9.553916381212533,0.014525990478232671,0.01788380050757777,0.013703442778594909
72.5,173.64149154065913,44.751239194223736,78.69743450908105,7.535070629678022,0.02737853389386553,1.0968504147720872,-0.0002816807132218768,0.13123949397396206,1.5633746370158423,174.82407085962507,45.32161512304695,76.41349659027965,0.48484439191684825,8.266769396638074,0.0049321392152437546,0.0037707671975483192,0.14448055785950698,1.634335906842538,25.03336556906507,121.56712216343828,94.54075141453184,1,100381.44993665979,-1.2901896733371145,0.01796003894092999,9.565288337143937,0.011303395022827395,0.011475553905051096,0.011446347029494285
72.60000000000001,173.64438356655472,45.51250300925649,78.70682721604852,7.534545984989609,0.027618611006968635,1.0848188858310297,-0.00020170297475452514,0.13145086445198007,1.5633221370024202,174.87312128628133,46.14903126159346,76.41328397522557,0.49639760222193013,8.28235662164496,-0.009230038319145479,0.003803241738956853,0.14460135771337201,1.6342648310168828,25.03336556906507,121.56712216343828,94.54075141453184,1,100387.63149418618,-1.2064265093339008,0.052152329393389936,9.574997626594739,0.011235816290683015,0.01731454605714268,0.009468090896501169
72.7,173.64730326928748,46.27357476788505,78.71493695430398,7.534182850647023,0.027783547584146057,1.0737376146904742,-0.00013562891023299883,0.13162854533219948,1.5632676671706072,174.92278820176864,46.97924857149442,76.4004992997802,0.5073501197585534,8.299225329978903,-0.023432821325803092,0.0038984278876439404,0.14486272266520528,1.634329086784154,25.03336556906507,121.56712216343828,94.54075141453184,1,100373.99940373245,-1.233051152141542,0.014839377026349042,9.595107306747677,0.014094618671042704,0.0211931550766623,0.00986905365989432
72.80000000000001,173.65025731982266,47.03447982874562,78.72187957536744,7.533945543305928,0.027884296279452776,1.0635484334293017,-8.68230987634e-05,0.13176903196940715,1.563211475803046,174.97408063952193,47.80996021732467,76.39757823463268,0.5189703559228185,8.314765105809693,-0.03476448888925138,0.004072151087609166,0.14493887090686397,1.6343427705552929,25.03336556906507,121.56712216343828,94.54075141453184,1,100385.47531885371,-1.2268430848349976,0.0016586462135980105,9.60025163838307,0.011483446010734564,0.02018813835304533,0.014061870616603689
72.9,173.6532506662357,47.79523962089083,78.7277711402073,7.53379048825604,0.02793746247347485,1.054280571031303,-5.447551176485099e-05,0.13187593078931803,1.5631538034255297,175.02419548807617,48.64803964159538,76.34319839101941,0.5306879625605447,8.336345284621308,-0.05274541992580651,0.00403760749161397,0.1453952342796987,1.6343528868317936,25.03336556906507,121.56712216343828,94.54075141453184,1,100372.62374864978,-1.1853480059260835,0.05730010913931284,9.61124574552385,0.012009133393577502,0.025459194652543128,0.012343031566922003
73.0,173.65628660675938,48.55587197003294,78.73272519087071,7.533681867069406,0.027959894247006713,1.0459308009261952,-3.6388032838230444e-05,0.13195619163662498,1.563094827260025,175.0778395956528,49.48259513830742,76.33743086861458,0.5421574211226483,8.353914788554553,-0.06228915012889468,0.004159797808070076,0.14554839474651615,1.6343140112097976,25.03336556906507,121.56712216343828,94.54075141453184,1,100387.09139081478,-1.1978966974342815,0.05035172068979743,9.62326533672355,0.008449471198890285,0.020948951662313035,0.008636335989187581
73.10000000000001,173.6593670191888,49.316391692066304,78.73684988919375,7.5335906233061705,0.027966867248529516,1.0385116507400496,-2.9471805353287195e-05,0.13201793675376727,1.5630346803319,174.35469614688665,50.922723852170094,76.26588231452943,0.31867583410236333,8.544301365604454,-0.08354470765164429,0.00043062459170928324,0.147218299187595,1.6365855785898655,25.03345824618896,121.56711841503078,86.28049555979793,1,100368.6512127557,-1.2351727854674377,0.030338764556962793,9.63318976792021,0.006209569054570368,0.014082375849902736,0.00621828807334088
73.2,173.66280776170453,50.15284835256745,78.74055104092142,7.533490424621595,0.0279717093738932,1.0313942157861162,-2.9781697656661166e-05,0.13207290223319834,1.5629672896578437,174.38695416432736,51.77818417022799,76.2571446025593,0.3263531258336681,8.565345011747928,-0.09113893291191456,0.00033012772404528157,0.14712337650317941,1.6365662511981045,25.03345824618896,121.56711841503078,86.28049555979793,1,100378.1909532191,-1.2015316000713678,0.028682035593547348,9.656763409912584,0.01412621577992004,0.021955150281741612,0.009929683862415129
73.30000000000001,173.66566374880898,50.837142304611724,78.74301276558202,7.533400801329139,0.027980684308657418,1.026353291397383,-3.3123187101691265e-05,0.1321127553145347,1.562911251086717,174.42028276027415,52.634935328562506,76.25792154164913,0.3343957469047882,8.584219957905283,-0.09586267740337406,0.0003542444820739954,0.14721103649806078,1.6365581120660733,25.03345824618896,121.56711841503078,86.28049555979793,1,100410.45430926819,-1.2570821831293877,0.0003532222597476681,9.650921847594356,0.004886403110067801,0.01565914995922447,0.009257190132013567
73.4,173.66887994348383,51.597394379960896,78.74523231043786,7.53329192755743,0.02800039306312609,1.0215266184412832,-3.743189877569719e-05,0.1321549133793103,1.5628480862897542,174.4540731509481,53.494324779798816,76.2480473264233,0.3417774603598399,8.604768117574684,-0.1016838892170128,0.0003358375670962088,0.14720799941720863,1.6365851856160414,25.03345824618896,121.56711841503078,86.28049555979793,1,100380.46779914609,-1.213486532235914,0.0021859879752337413,9.662828957416053,0.012583629156967471,0.016376673353929904,0.010567594656964323
73.5,173.6721409991607,52.35757698997975,78.74698359935451,7.5331772400722015,0.028031583179406083,1.0174314095111794,-4.0301553759114483e-05,0.13219635889444326,1.562783993508346,174.4874704762646,54.359125576664034,76.19810469105022,0.3485698761727377,8.62795235775508,-0.11254077604434631,0.00017644684946771516,0.14730327719637848,1.6366687821902106,25.03345824618896,121.56711841503078,86.28049555979793,1,100384.46620831384,-1.193982793052195,0.015293216045453122,9.66234447132615,0.008632883688891894,0.017446639054888476,0.011199661425223278
73.60000000000001,173.67544678021432,53.117698877640684,78.7483354964641,7.533061424253863,0.028073235764854765,1.0139928281938935,-4.054351918725274e-05,0.13223744803257564,1.562718992494721,174.52269352838925,55.22294587794407,76.18660683740502,0.35569701064157777,8.649820347352307,-0.11744935628046839,0.00013713077532173656,0.14738071803976616,1.6366967802924073,25.03345824618896,121.56711841503078,86.28049555979793,1,100375.64502246771,-1.1784433667320011,0.05830901501129175,9.668948487246885,0.012761719470291104,0.013411021103311329,0.00867084218653973
73.7,173.67879740853093,53.877768272613785,78.74934913763339,7.532949977028004,0.02812268629084073,1.011128927956454,-3.7788356154089264e-05,0.13227767809627644,1.5626531018008483,174.55823163506247,56.090055359229204,76.16246992736737,0.36232747631357176,8.670686314719628,-0.12307586568719063,0.0003374324008612595,0.14752262366357916,1.6367613639958112,25.03345824618896,121.56711841503078,86.28049555979793,1,100372.82836564074,-1.2449557656887547,0.04235656335069331,9.673232127758926,0.016230569936878783,0.012212312147055149,0.015008191541998964
73.80000000000001,173.68219330604242,54.63779281408067,78.75007783491344,7.532847344616687,0.028176718469978285,1.0087599989085367,-3.218166881424622e-05,0.13231616237450528,1.562586329491565,174.59491632180774,56.958100221823514,76.15001017881637,0.37084621014673264,8.69080944627608,-0.1262406822311656,0.00028337530581179493,0.14775996021692994,1.6368234738606642,25.03345824618896,121.56711841503078,86.28049555979793,1,100362.95307691453,-1.2158311162340116,0.014308856187584332,9.68157388335418,0.0127051472754654,0.030904921674898223,0.009563740538257308
73.9,173.6856351691128,55.39777952885115,78.75056837043357,7.532756258638147,0.028232135197022883,1.006815604184467,-2.419697956446143e-05,0.13235200869457087,1.5625186925383607,174.63435097716842,57.82200476802889,76.20175629390477,0.3796874147504666,8.709887248698859,-0.120352680526928,0.0003465895023694321,0.14784923849852105,1.6367933681956477,25.03345824618896,121.56711841503078,86.28049555979793,1,100385.2664574121,-1.2728999502047245,0.02709281988878183,9.695598264700594,0.014312354869391444,0.027719112318610295,0.012962743895018291
74.0,173.68912391428674,56.15773477708755,78.75086164824111,7.532677981453402,0.028286096143536648,1.0052349217712573,-1.456949509248684e-05,0.13238448407927783,1.5624502148821766,174.67268678770296,58.694092905296536,76.18958640006244,0.3868453003339026,8.732251476046196,-0.12308179885792236,0.00033132593747087213,0.14805527482378444,1.6368646799527145,25.03345824618896,121.56711841503078,86.28049555979793,1,100389.5220589924,-1.166389931532868,0.007968388954507563,9.696386144097602,0.014221095939187476,0.01266471983460301,0.01084834263872749
74.10000000000001,173.69266061180147,56.9176642109642,78.75099322335585,7.5326125763106875,0.028336430868588013,1.0039637875972083,-4.0679911634811106e-06,0.1324131576436114,1.5623809134739985,175.04109548081806,60.03026056968557,76.38965980930413,0.48732191643949135,8.89605052142098,-0.09892299647752666,0.001280660122223387,0.15035078108511146,1.6384887368544239,25.033538887126433,121.56713760281409,89.47301516533462,1,100383.41605832867,-1.2538638112752931,0.03319320961469656,9.700423867459435,0.010374550943899195,0.02124601766014655,0.007455418495012313
74.2,173.6962464090418,57.67757276984361,78.75099390032099,7.5325590134381315,0.02838190867521274,1.0029548540414688,6.6526647081177614e-06,0.13243791812440486,1.5623108019002663,175.0902330580853,60.9211277520559,76.37968060057516,0.4957023647084811,8.921587871005357,-0.1009701363643618,0.0013249510774051565,0.15029969020243494,1.638505018132614,25.033538887126433,121.56713760281409,89.47301516533462,1,100373.27878345286,-1.2211989693039178,0.008766993006147722,9.687114584688802,0.017624754836475156,0.01161106961322253,0.01107994597180448
74.30000000000001,173.69988245838528,58.43746471558454,78.75089040128638,7.532515756182027,0.02842200434388098,1.0021695552527796,1.7096914072478597e-05,0.13245886965390907,1.562239902746378,175.14061926264196,61.813169275717016,76.39063313562153,0.5052341140552091,8.945594627588903,-0.09973825405031825,0.0013256868158263435,0.15030786369309324,1.638553612097486,25.033538887126433,121.56713760281409,89.47301516533462,1,100386.39708197875,-1.1850455663117796,0.04707356872440381,9.69278366450148,0.015480768146553973,0.016822700065799473,0.00897543936916496
74.4,173.70356987455878,59.19734367145972,78.75070573292895,7.532481049775275,0.02845674155023568,1.0015758131916932,2.68938072993663e-05,0.13247632624375316,1.5621682300849087,175.19164370050711,62.708840370980425,76.38059790289645,0.5151285493980119,8.96854282843064,-0.10108050203075496,0.0012583576017316522,0.15028061136540205,1.6386231491737608,25.033538887126433,121.56713760281409,89.47301516533462,1,100375.35285980771,-1.212443776438569,0.007875185403773226,9.691530197783296,0.013489214713874589,0.015218286279931006,0.012081743083199302
74.5,173.70730970020517,59.95721268536077,78.7504596095229,7.532453150510217,0.02848664780059143,1.0011444148276154,3.58302025104118e-05,0.13249073205743245,1.562095790425305,175.2438713772335,63.60585046011565,76.3852367952066,0.52408217625044,8.991771052215773,-0.0999892643598356,0.00144122835964422,0.15041964317480394,1.6386218039680127,25.033538887126433,121.56713760281409,89.47301516533462,1,100380.78226849779,-1.2471336994295712,0.017872030064661544,9.704788414671354,0.019344859932704492,0.024783050019435253,0.007047062695342104
74.60000000000001,173.71110288230378,60.71707430022392,78.75016879290334,7.53243064913571,0.02851257502902555,1.0008493986105507,4.390227679196279e-05,0.13250252275425578,1.5620225961164342,175.29675768809147,64.50615095409461,76.37521420631322,0.5337789869072852,9.01484275832279,-0.10044026284324788,0.001223058153029033,0.15060039533927227,1.6386628040705278,25.033538887126433,121.56713760281409,89.47301516533462,1,100376.72614356743,-1.2377000333662893,0.027452236836427682,9.70566816994266,0.014710222457667958,0.01852583156642772,0.012120921169096436
74.7,173.7149502762796,61.47693062041765,78.74984740285296,7.532412349661423,0.028535424873745274,1.0006696948699256,5.1184418375260776e-05,0.13251213103217818,1.5619486526679107,175.35124125373827,65.40585885013856,76.4058930395433,0.54290957306114,9.039799375142573,-0.09602224740191093,0.001336570547312399,0.15039985296464886,1.6386620462946282,25.033538887126433,121.56713760281409,89.47301516533462,1,100368.42480581257,-1.178859408365264,0.017694303938800362,9.706907023630828,0.018717068727869306,0.014287459716641304,0.012602811869300951
74.80000000000001,173.71885265065004,62.236783372650976,78.74950715443936,7.5323973503432,0.02855599899667647,1.0005852243008297,5.776467722085066e-05,0.13251995307929287,1.561873965427669,175.40599647523914,66.31108364361764,76.3962505326441,0.5518040660752865,9.06422753157094,-0.09687363352035275,0.0014834158461652924,0.15049843689102738,1.638583482291729,25.033538887126433,121.56713760281409,89.47301516533462,1,100384.05188039629,-1.2110633060795102,0.056970633007913295,9.699938508766921,0.01204186915030915,0.025050158246725962,0.013217305526350538
74.9,173.72281070498863,62.996633972126446,78.74915775024989,7.532385023720757,0.028575130755326313,1.0005783415604619,6.382160174700502e-05,0.13252630762773232,1.5617985318108127,175.4614102645331,67.21994399515802,76.37168009100425,0.5611620158926508,9.08944067600131,-0.09948459529472667,0.0016043594393791993,0.15041232569720275,1.6387074631456016,25.033538887126433,121.56713760281409,89.47301516533462,1,100377.74711766744,-1.254971065433452,0.015648123657355576,9.698716680632131,0.012828871352923247,0.017040418249168007,0.00974380587596164
75.0,173.72682508266888,63.75648356177913,78.74880698628567,7.5323749272619995,0.028593425994627397,1.0006339036860634,6.955527654428639e-05,0.13253144704603614,1.561722350876508,175.51802085231782,68.130131870945,76.361694335969,0.5713577671617517,9.113658577103305,-0.10006322028030645,0.0017478059125654033,0.15040131625007236,1.6387071513543692,25.033538887126433,121.56713760281409,89.47301516533462,1,100384.188953395,-1.2407475092930356,0.023669533428435988,9.708132724869198,0.009156848319430564,0.018945716327266663,0.010296332219757436
75.10000000000001,173.73089639556153,64.51633306312681,78.74846114843025,7.53236670596051,0.028611391952485958,1.000738693059419,7.506667404777456e-05,0.13253558679131716,1.5616454086559206,173.90574015929505,66.51701181259261,76.82396160866435,0.10466310086398035,8.347087881832177,-0.01868782808700832,-0.004742517370743715,0.13771535074271202,1.6257526971060265,25.033567449789377,121.56710384447594,91.80978673212456,1,100380.8640244673,-1.2457333299523055,0.021103193037951495,9.715160192264042,0.01485958712791681,0.02107643733332186,0.010768144858004421
75.2,173.735025225201,65.27618320326583,78.74812508459128,7.5323602217305545,0.02862937412001316,1.0008799015889585,8.053022204868032e-05,0.13253886729798414,1.5615677070596221,173.91628994273384,67.35233345470085,76.82208156908818,0.10651603382960319,8.360454511395899,-0.019070310318441173,-0.0047647309474020405,0.1378120286956961,1.6257881527838016,25.033567449789377,121.56710384447594,91.80978673212456,1,100371.06600156453,-1.1257569279496908,0.05343181223823156,9.70578256134465,0.009564586603008766,0.016436047414930474,0.010953586610504005
75.301,173.73963406036725,66.11201976320837,78.74777106238561,7.532354824624052,0.028649312472778198,1.0010659830666706,8.656580841570616e-05,0.13254162571802475,1.561481351903375,173.92713941622262,68.1884429152492,76.8295610792961,0.10941206900772826,8.370803295293209,-0.017873206192641305,-0.00463969614473736,0.13778988269738046,1.6258329122230237,25.033567449789377,121.56710384447594,91.80978673212456,1,100366.50320926252,-1.2796934734606238,0.022616249418744044,9.705670517821751,0.013567731750986838,0.02379962761643506,0.010034081342448495
75.4,173.74345774989095,66.79588751113096,78.74749597502029,7.5323515689101965,0.028665689913235638,1.0012346656730977,9.159438713346457e-05,0.13254330983510676,1.5614100039540428,173.9381744751791,69.0261627142957,76.827773189838,0.11115771672871429,8.383971049741922,-0.018078036067748594,-0.0048066954504099035,0.13777635805600918,1.6258615640876442,25.033567449789377,121.56710384447594,91.80978673212456,1,100397.7450851907,-1.34162227163869,0.02011252185759266,9.706905867119358,0.012579901436699742,0.02123815370682069,0.014275427022505017
75.5,173.74819638005394,67.63172800948036,78.74717967612794,7.532348839963061,0.02868597680361628,1.0014526536779909,9.786672733835822e-05,0.13254477144111187,1.5613219412328279,173.9489086214146,69.86970392300469,76.74702484543478,0.11360787914239064,8.398246686641839,-0.028855000980961578,-0.004795197688581387,0.13785617116568982,1.6260162650666354,25.033567449789377,121.56710384447594,91.80978673212456,1,100382.31550859769,-1.134245301084102,0.014645570280972553,9.706209915438953,0.009525392111744191,0.018200573080377955,0.011217888279627516
75.60000000000001,173.75212733566272,68.31559943069034,78.74693817131295,7.5323474582862575,0.02870256071602984,1.0016364300951635,0.00010307730238445778,0.132545534701352,1.5612491751440727,173.96036550613348,70.71012626517192,76.7441284715343,0.11612208444267981,8.409583926362364,-0.02892790213428247,-0.004771878292608389,0.13769438679357737,1.6260325528250563,25.033567449789377,121.56710384447594,91.80978673212456,1,100378.04598889503,-1.1982657288797873,0.00423649435006241,9.702969642444414,0.010518674648849455,0.01795087174626612,0.010532056473676799
75.7,173.75655252878167,69.07545870208635,78.74668862918215,7.532346701932733,0.02872116083043231,1.0018404514526664,0.00010899274080256038,0.13254600346332768,1.561167563889998,173.97208032402466,71.55208249983667,76.73299025236443,0.11902187064188217,8.419981750828395,-0.029784194340379582,-0.004587902278840872,0.13789719644485499,1.6261900206652722,25.033567449789377,121.56710384447594,91.80978673212456,1,100380.40351237378,-1.2159027150104695,-0.015698156811183653,9.707850730742553,0.013058580651276944,0.021496580397925513,0.011765658997252517
75.80000000000001,173.76103880699694,69.83532026046983,78.74645895307137,7.532346622746516,0.028739782903370193,1.0020407304868812,0.0001150120569843871,0.13254613099725976,1.5610851464583246,173.98414124849097,72.39448947624301,76.73003113623444,0.1221880882056481,8.428765129184951,-0.029440645571628475,-0.004658020916333827,0.1379493674844019,1.626290293643557,25.033567449789377,121.56710384447594,91.80978673212456,1,100377.97440938115,-1.2203161423762556,0.09846900587745332,9.703163016883934,0.011050622980072212,0.017452628917745367,0.01163996915524931
75.9,173.7655868020121,70.59518408982125,78.74624889829788,7.532347014891897,0.02875835126043415,1.002235868228691,0.00012109316787400903,0.13254597579657412,1.5610019069985732,173.99632283180898,73.24047600881042,76.68981092724397,0.12486600426018454,8.4409704350865,-0.03499742103301069,-0.0046369539888917455,0.13794130418944262,1.626251982466832,25.033567449789377,121.56710384447594,91.80978673212456,1,100365.05062341198,-1.2034124594426263,0.04663355429765844,9.702918369630515,0.016791753609799603,0.020990162336627868,0.010024829722603459
76.0,173.77019714901587,71.35505012715252,78.7460579422255,7.532347746653082,0.028776931669795325,1.0024226960796583,0.00012724096433502918,0.13254559751466255,1.5609178343374261,174.00891668639994,74.08498259471733,76.68633105951908,0.12678421505586557,8.449919540689818,-0.03479690657339437,-0.004733068763164261,0.13790516071502745,1.626257365115027,25.033567449789377,121.56710384447594,91.80978673212456,1,100378.51347464556,-1.2638914314733873,0.0713413752830205,9.70533796914515,0.008135127680819334,0.024104866142944985,0.012181609358666945
76.10000000000001,173.77487049039306,72.11491827341007,78.74588536942174,7.532348679859515,0.028795586387630155,1.0025997760031433,0.00013344932971270929,0.13254505722788146,1.5608329123856988,174.05552946468885,73.98765401432765,76.88307938598639,0.14251146067513148,8.17316503860349,-0.0034325251734127426,-0.004396939764980012,0.13385890480402307,1.621972789731453,25.03365099247676,121.56712497792418,89.09207506088619,1,100381.54230927904,-1.2402180508089822,0.0444717013755739,9.706516775223085,0.012991370140143437,0.020855287243076077,0.010678102173802342
76.2,173.77960747262628,72.87478840153214,78.74573027648651,7.532349738907786,0.028814284378692955,1.0027668612467227,0.00013969875318076141,0.13254438891597742,1.5607471301894313,174.0699234158907,74.80521899984113,76.88276858609689,0.1454343907125053,8.179392135204601,-0.0028651296995028486,-0.004434368234594754,0.13389605016886952,1.6220332775540944,25.03365099247676,121.56712497792418,89.09207506088619,1,100382.50815363403,-1.1978763914773507,0.005748881200543433,9.710261359893845,0.012122447037767246,0.015394289733319326,0.010755906612967193
76.30000000000001,173.78440875055324,73.63466036629289,78.74559167719393,7.532350828264656,0.02883316629350547,1.0029228046301144,0.00014600492051319858,0.13254363439208627,1.5606604694393948,174.08464648268173,75.62237275900443,76.90825654246463,0.14807924880175213,8.185933537485877,0.0005850627408514134,-0.004681298700535685,0.13370393614573994,1.6220724212536148,25.03365099247676,121.56712497792418,89.09207506088619,1,100373.06989002414,-1.2911501806189478,0.016759383583761354,9.699278770683387,0.008597550848447023,0.02059474474140875,0.008337662747889813
76.4,173.78927497988636,74.39453400641283,78.745468482927,7.532351884374016,0.02885223744992717,1.0030667435534355,0.00015238074560586234,0.1325428342970989,1.560572919102381,174.09953162972485,76.4412683054257,76.90831951703682,0.14971644265873543,8.192258555880093,0.0006868015258422634,-0.0048139028285701935,0.13361113772808708,1.622011743329014,25.03365099247676,121.56712497792418,89.09207506088619,1,100356.50767699149,-1.2138103541503176,-0.010785420742144804,9.712348277255924,0.008014439150041732,0.01938501637790232,0.011062249771206926
76.5,173.7942068271414,75.1544091557554,78.74535959477872,7.532352874596242,0.0288715765709888,1.0031995941062726,0.0001588223433336422,0.13254200576277486,1.5604844612528375,174.11460801265312,77.26109121371493,76.90117310041595,0.1515849669050666,8.197580660434918,0.0002995875795232527,-0.005003231273995268,0.13359285527416653,1.6220782972392178,25.03365099247676,121.56712497792418,89.09207506088619,1,100364.6905388892,-1.2111098463127459,0.01812084357919977,9.708840381570914,0.012425359274632265,0.019047018772099154,0.011927021367357939
76.60000000000001,173.79920496625485,75.9142856442163,78.74526388864682,7.532353755803756,0.028891202142771216,1.0033213396944152,0.00016534220519870413,0.13254116637176194,1.5603950786061596,174.12987812898382,78.08121424473339,76.90120333452272,0.15318161931228688,8.204901679884674,0.00028612121538508257,-0.005129037120917612,0.1333975812642021,1.6221624876790468,25.03365099247676,121.56712497792418,89.09207506088619,1,100372.08930798012,-1.1927417902071922,0.012337146955099666,9.697275266502908,0.015339670264435421,0.01885356254260184,0.011521140988322734
76.7,173.80427008382648,76.67416330189538,78.74518027096788,7.532354470679344,0.028911139324100953,1.003431917475469,0.0001719608175754228,0.132540343127314,1.5603047436266175,174.14529319074686,78.90099953723329,76.91963463666077,0.1565085474140598,8.209094128777181,0.0030218628465391983,-0.005185346232809751,0.13331522563886034,1.622377934827825,25.03365099247676,121.56712497792418,89.09207506088619,1,100371.18681096184,-1.263776923821961,0.0006809337199402479,9.705261570314688,0.011713756852499528,0.022468023549911523,0.012924526962991005
76.80000000000001,173.80940287550743,77.43404196464567,78.7451077106521,7.532355038131814,0.02893187869317119,1.0035319822986029,0.00017870688096566223,0.1325395441241597,1.5602134313036462,174.16104149267088,79.72211824137293,76.9199585121404,0.15841004693414032,8.213495753263365,0.003432145196333986,-0.005153372888714536,0.1333498028408353,1.6225939309708315,25.03365099247676,121.56712497792418,89.09207506088619,1,100367.5236523261,-1.205137591341718,0.04407934487222301,9.710328767051339,0.010706077299479486,0.023416267796149998,0.016085366954305735
76.9,173.81460403052378,78.19392146613774,78.74504509400991,7.532355492715004,0.028952860560718365,1.003621861778071,0.0001855818125664488,0.13253877339049125,1.5601211579156027,174.17702892299,80.54449188674208,76.90693060129287,0.16006997190471153,8.219886411092524,0.0016752055484893955,-0.005192042604226232,0.13325314563015622,1.622775970315317,25.03365099247676,121.56712497792418,89.09207506088619,1,100375.2353756598,-1.2846301093886625,0.026578678183485187,9.713859227074803,0.007379949894084002,0.017971184250011304,0.0123898448674605
77.0,173.81987427483094,78.95380164931638,78.7449914132848,7.5323557875688945,0.02897417260431449,1.003701720022472,0.00019257881057754833,0.1325380372145808,1.560027891992526,174.1931587247444,81.36673636087292,76.90709227379003,0.16265509256516344,8.225151919684649,0.0016027839480790632,-0.005332274335425158,0.13312991721324807,1.6229214435033061,25.03365099247676,121.56712497792418,89.09207506088619,1,100379.56126245031,-1.2431995252565566,0.015129283143478672,9.71782304337377,0.010895065308023382,0.016165348297203327,0.012614115128467118
77.10000000000001,173.8252143463394,79.71368236513875,78.74494573773895,7.532355914826086,0.028995969035098275,1.0037726488142364,0.0001997048855348904,0.1325373370601055,1.5599336027735509,174.0208129444805,80.91390218782408,77.08117236413564,0.09299223826986767,7.805892922430465,0.020742510954158522,-0.007116271211523251,0.12562852478297604,1.6156545132801008,25.033713742579952,121.56712424615662,89.85045191862673,1,100373.06446597313,-1.2178720645111365,0.04901565407459993,9.71165172099527,0.005901739211484328,0.011303060462563644,0.014307983721564062
77.2,173.83062500330655,80.47356347331687,78.74490720834156,7.532355856131341,0.029018276334256837,1.0038359207304786,0.00020696228215344448,0.13253666703224165,1.5598382461638376,174.03009320476727,81.69437293979823,77.0832555725046,0.09263272508427677,7.804333286436704,0.020681703981158508,-0.00720277127844926,0.12523716525959205,1.6156855867037356,25.033713742579952,121.56712424615662,89.85045191862673,1,100380.84555382581,-1.1562414278375635,0.01732587141632016,9.70281747327225,0.011778475000256184,0.016150175989868756,0.01277860430610724
77.30000000000001,173.83610699305808,81.23344483750164,78.74487498915084,7.532355634386668,0.02904136869871423,1.003890901691412,0.00021439942313494775,0.1325360588282689,1.5597418308844682,174.03936142779716,82.47538726086277,77.05060914029707,0.09326593029002204,7.802117803822038,0.015975113256505864,-0.007224917653114726,0.1247134888441015,1.6157996313995187,25.033713742579952,121.56712424615662,89.85045191862673,1,100385.98433806121,-1.2169152991641519,0.04507750823555965,9.704523262205994,0.013250478612818396,0.00314461356387947,0.01420653544494381
77.4,173.84166109364102,81.99332633263707,78.74484831692587,7.5323552550181345,0.029064814336922894,1.003938828936756,0.0002219998668890888,0.1325354869080535,1.5596443389100958,174.04868443447117,83.25546582616174,77.05221153710555,0.09231094750420836,7.799239518623127,0.016174789200562582,-0.007281232211022393,0.12439000845628789,1.6158503928816197,25.033713742579952,121.56712424615662,89.85045191862673,1,100394.91617260277,-1.2562224005461482,0.07043160671540225,9.710755219737393,0.016184373400467016,0.010337175106551716,0.013118723566619007
77.5,173.8472881110232,82.75320784162052,78.74482650324731,7.532354706758298,0.029088754289628094,1.003980650720392,0.0002297527235769481,0.13253495633406143,1.5595457295085011,174.05790445202618,84.03678169331855,76.97705812986142,0.09282443440071822,7.794857054826723,0.005874535551634181,-0.00733811359227543,0.12395500249004066,1.615974562079384,25.033713742579952,121.56712424615662,89.85045191862673,1,100375.93141807802,-1.22329358111636,0.006931317897282931,9.709028960046822,0.005366467188198285,0.01631645923422972,0.011283806933653903
77.60000000000001,173.85298885839202,83.51308925524003,78.74480891747035,7.532353995769677,0.029113304373849746,1.0040165515334407,0.00023766844433625867,0.1325344719012509,1.559445981194358,174.06724417418496,84.81604427381954,76.97761934198545,0.09384120046237203,7.789059150997268,0.005573767434549736,-0.00747953253061695,0.1236433537052648,1.6159901428614074,25.033713742579952,121.56712424615662,89.85045191862673,1,100370.59881522504,-1.3082471316443922,0.04072442113678888,9.700090660374277,0.014674296787957716,0.012226979363843456,0.009711261942444857
77.7,173.85876417035064,84.27297047311083,78.74479499634946,7.532353129362247,0.02913848032229994,1.0040472434689103,0.0002457633087061817,0.13253402438959494,1.559345064298134,174.07657821113588,85.59453402827022,76.98520769180378,0.09343949130969258,7.7840542959856975,0.006091928738529127,-0.007644850968810291,0.12331655515083462,1.6160940218144182,25.033713742579952,121.56712424615662,89.85045191862673,1,100388.49786716074,-1.2003906533410516,0.029292613770759944,9.701326108192381,0.02036843256588272,0.019474228570093656,0.013517235754009541
77.80000000000001,173.86461490031115,85.0328514016765,78.74478422925904,7.5323521074589195,0.02916429358529732,1.0040734664097066,0.00025405051936577827,0.13253361505521166,1.5592429477630942,174.0859006050485,86.37259876571184,76.98581612851241,0.093093319757624,7.777066692357667,0.0061205085354096925,-0.0076599337264631195,0.12341773109458609,1.6162235711188853,25.033713742579952,121.56712424615662,89.85045191862673,1,100398.29077347899,-1.2583501556595762,-0.011448860152563748,9.70772789196002,0.013692083494949244,0.020703318609005275,0.012764609653879985
77.9,173.87054192010262,85.7927319539915,78.74477615546662,7.532350929670912,0.029190812556329503,1.0040954307169492,0.0002625232954496237,0.13253325449566367,1.5591396037102956,174.0952163669389,87.1507236420232,76.95623283787873,0.09253246449469532,7.771736458333169,0.001801666870033981,-0.007778393707100095,0.1230358984376918,1.6164941488898632,25.033713742579952,121.56712424615662,89.85045191862673,1,100370.7158079822,-1.3004468430776692,0.04746160387217693,9.699420563526603,0.013053603322841601,0.014211673637566313,0.01032266799270386
78.0,173.87654612145397,86.55261205259556,78.74477037894853,7.532349629422998,0.029218036027971968,1.0041139146446973,0.0002712132906870224,0.13253291725330318,1.559035006105013,174.10444514405546,87.92757252710841,76.95639790372518,0.0915804402327003,7.76508926869689,0.0014905733786282226,-0.0075202953068252976,0.12255489555190757,1.6166980881273103,25.033713742579952,121.56712424615662,89.85045191862673,1,100361.60534084287,-1.221008413694584,0.030711072985098332,9.692931604842528,0.02018096393486933,0.01512998798667102,0.013664818269466817
78.10000000000001,173.88262843181832,87.31249162486912,78.7447665488056,7.532348202374196,0.02924598632779024,1.0041291475023466,0.000280135393584624,0.13253259012614604,1.5589291005100594,174.83137811638267,88.61756300719571,77.05735574071161,0.2748767638196041,7.741788215900647,0.014504844594719169,-0.00481954761641068,0.1220472829958017,1.6177457000808215,25.033791552460304,121.5671450788167,88.46596137439343,1,100387.37123110547,-1.2072208634693204,0.022775123729614717,9.699977495158215,0.00965078851620184,0.01855618396558575,0.013087005113801741
78.2,173.888789774663,88.07237059726442,78.74476431383255,7.532346600848255,0.02927485193831409,1.0041413523063056,0.00028928573018749404,0.13253233715202217,1.5588218886369323,174.859012556622,89.39147422566933,77.05878258783146,0.2778619238979127,7.7365992529337335,0.014051244656320565,-0.004819667560184149,0.12158963434088532,1.6179824940953307,25.033791552460304,121.5671450788167,88.46596137439343,1,100388.92239614634,-1.226950215515352,-0.020754770850714997,9.699396346084686,0.006496234133840546,0.013102751519283546,0.014411334196399858
78.30000000000001,173.89503111099916,88.83224891189735,78.74476342261212,7.532344910125323,0.02930422134867703,1.0041513568258809,0.0002986582835434737,0.1325320961241454,1.558713346404252,174.8870229511411,90.16575139250357,77.00457848299283,0.28065880305848295,7.730274424335581,0.0059751521994010365,-0.004811453198537152,0.12140376936852348,1.6181500970633858,25.033791552460304,121.5671450788167,88.46596137439343,1,100374.11948817543,-1.3048371673572745,0.01886931873512898,9.70394066635034,0.016212017852872802,0.004663227260400813,0.014819043899445015
78.4,173.90135342953639,89.59212651154186,78.74476363143188,7.532343120206565,0.029334164371039046,1.0041594297061924,0.0003082614084769508,0.13253186304940812,1.5586034399197675,174.9153171929011,90.93849769511247,77.00515878166131,0.28410047118187837,7.7242417826910055,0.005749855797324465,-0.004853888572824094,0.12088317632764278,1.6182745472803775,25.033791552460304,121.5671450788167,88.46596137439343,1,100394.39346087741,-1.2512298650480433,0.02892330894938202,9.705079469327092,0.007818211310649664,0.011357103400254328,0.015622658227734853
78.5,173.90775774598367,90.3520033393079,78.74476471480578,7.532341194277885,0.02936479758525105,1.004165053875664,0.0003180530293802608,0.1325316710328126,1.5584921248542276,174.9438484577911,91.71039814948577,77.0161679278404,0.2868323834204682,7.717095470380584,0.006675760995827895,-0.004847406166483603,0.12063813063486628,1.6183602048358472,25.033791552460304,121.5671450788167,88.46596137439343,1,100374.335779025,-1.244391979326081,0.057898361519007284,9.688719060397581,0.013504587459279262,0.009429073956208874,0.01705511295745421
78.60000000000001,173.9142450982422,91.11187934692356,78.74476650707946,7.532339181525134,0.029396043959371104,1.0041694455544483,0.0003280576558821746,0.1325314888708431,1.5583793558274501,174.97266547948797,92.48171735505139,77.01682344181428,0.2898143630421317,7.708867298831358,0.006649032207436721,-0.004933465665896808,0.12047179946499686,1.6184984318889872,25.033791552460304,121.5671450788167,88.46596137439343,1,100365.90027970815,-1.2686881117295004,0.03936498984822122,9.704304833469848,0.011411083632903173,0.022387633315118127,0.011369870455960064
78.7,173.92081654880164,91.87175448832758,78.74476886103494,7.5323370783840335,0.0294283543051152,1.004172782578027,0.0003383367759958178,0.13253129731405333,1.5582650849598574,175.00173798223406,93.25180018686866,77.03808421270361,0.2929808942591397,7.700466847396669,0.009182442857814648,-0.004864696209453401,0.1204757592031942,1.618528557054363,25.033791552460304,121.5671450788167,88.46596137439343,1,100401.07707528918,-1.2363491532246864,0.013012641424459872,9.689853348896424,0.012004573382154616,0.016113963952478376,0.009226985400271184
78.80000000000001,173.9274731794435,92.63162871427542,78.74477162685932,7.532334835536226,0.029461573485362914,1.0041744207339325,0.00034887300699182333,0.1325311404883618,1.5581492781852249,175.03122088085016,94.02144271357979,77.03899444233679,0.29675108696339125,7.692689662866198,0.008974474216585685,-0.004832182397011553,0.12031743552542151,1.6186869955497927,25.033791552460304,121.5671450788167,88.46596137439343,1,100369.7413382863,-1.2553972107251499,0.02239511597464658,9.693879082069406,0.009238992528935005,0.02042624987893535,0.010145480230349484
78.9,173.93421610519485,93.39150198179986,78.74477469982419,7.5323324824061615,0.029495826231244575,1.0041750988202742,0.0003596892354306158,0.13253100942452045,1.5580318909626452,175.06106217728058,94.79023127000927,77.04747658861233,0.3001947666729048,7.685007324472509,0.00996198352625273,-0.004983680733534945,0.12016471686507879,1.61886344206274,25.033791552460304,121.5671450788167,88.46596137439343,1,100394.85485249908,-1.2844640864022296,0.005466127625952624,9.713032574500446,0.014454335873684766,0.011794630288862486,0.011067949566245905
79.0,173.94104646685918,94.15137425371465,78.74477800915736,7.532330062732077,0.029531046732509964,1.004175762737123,0.00037084019608835117,0.13253085703815426,1.5579128893483696,175.0912600177067,95.55827588397094,77.04847801807887,0.30303724489066036,7.67554234882355,0.010115584927744453,-0.004940192928456599,0.12008815260979322,1.6189143903860237,25.033791552460304,121.5671450788167,88.46596137439343,1,100372.49251326421,-1.247620298143058,0.029220054879945116,9.7107782024196,0.015378591752927644,0.025128214354839078,0.01207852129782077
79.10000000000001,173.94796544464774,94.91124548658846,78.7447814584368,7.5323275135790215,0.029567273359822805,1.0041751882361856,0.00038229395119604437,0.13253072679338418,1.5577922243106244,174.5782718599424,97.26247248835314,76.80307060572014,0.15193621193345233,7.926968737668778,-0.024374532779712205,-0.007053690741667729,0.12450106125225147,1.6201143862644645,25.03388450485325,121.56712084913664,83.93868857418431,1,100382.37258652729,-1.192744071234936,0.03141885459697808,9.699829011332223,0.014667462784295796,0.013472031744446973,0.013750870777052754
79.2,173.95497425151714,95.6711156403241,78.74478498381491,7.532324847469273,0.02960453292487329,1.0041737577486471,0.0003940504302800685,0.132530626935639,1.5576698447553192,174.59342442266265,98.05489837174778,76.80061844647628,0.1511952440928906,7.922897860043888,-0.024781439080344927,-0.006965713678491303,0.12398053793990127,1.6202017465848086,25.03388450485325,121.56712084913664,83.93868857418431,1,100367.45537306875,-1.1964801598013064,0.04947007055912528,9.707633244066834,0.009081378203041354,0.019947655200127295,0.010553125961057567
79.30000000000001,173.9620741301277,96.43098468156208,78.74478856032653,7.5323221191003835,0.029642912902987522,1.0041726930265775,0.0004061718775727474,0.1325305025925858,1.5575457085558584,174.60872018272428,98.84782561825911,76.73946507961892,0.15100087100596582,7.920379841719219,-0.03348720457744308,-0.007085433205691216,0.12389882559218135,1.6203004902775864,25.03388450485325,121.56712084913664,83.93868857418431,1,100376.78074997445,-1.247387312186094,0.016303142654242167,9.694832367808225,0.01611462476778469,0.01219436913279286,0.010875058980158538
79.4,173.96926636307353,97.19085257082963,78.74479213548287,7.532319279691937,0.02968230681768382,1.0041711263279791,0.0004186332895257383,0.13253038130663897,1.5574197647543329,174.62389146635968,99.63977742135867,76.73608876245751,0.15213043837919077,7.918397487233749,-0.03399309786358622,-0.0069912204290804025,0.12367896888755658,1.6203946814520962,25.03388450485325,121.56712084913664,83.93868857418431,1,100371.95852302879,-1.2471321544070237,0.004267125356444568,9.70211858797672,0.00901465880721048,0.01865303883789966,0.01292195239197895
79.5,173.9765522687025,97.95071926752559,78.74479566462574,7.5323163052982665,0.029722857564767936,1.0041686085371526,0.0004314200242350186,0.13253029794251248,1.5572919599026573,174.63914522170202,100.43115413984984,76.74455177786945,0.1533808397784178,7.912899415037007,-0.03268764129825725,-0.007227985147901017,0.12358658050195803,1.6204792401341677,25.03388450485325,121.56712084913664,83.93868857418431,1,100369.12493650387,-1.2899326333164238,0.009201267743179073,9.702334631360776,0.011366362747860315,0.01788064044375847,0.015377734882098808
79.60000000000001,173.9839332027644,98.71058473956516,78.7447991562166,7.532313271475656,0.02976453425332349,1.0041666090291335,0.0004445935589975081,0.13253018684442552,1.5571622388476354,174.65452823077177,101.22212441952438,76.74126755824615,0.1538636897124556,7.906515529879983,-0.03288706179094978,-0.007218063533437569,0.12350411675321427,1.6206688689705075,25.03388450485325,121.56712084913664,83.93868857418431,1,100382.51422152726,-1.2787904559377343,0.03567005820283894,9.711867596389022,0.01091109165131121,0.024725001950856338,0.014763360998457754
79.7,173.99141056157407,99.4704489482374,78.74480258513307,7.532310129783873,0.029807502279683394,1.004164567127916,0.0004581564688012074,0.13253006526865363,1.5570305431137466,174.6700131274364,102.01279657649805,76.71494750400838,0.1539297132868556,7.900452120120942,-0.036269805755117956,-0.007184098059327737,0.123255000085714,1.6207755261931367,25.03388450485325,121.56712084913664,83.93868857418431,1,100374.95471389883,-1.2885915905866057,0.011511245826659813,9.708203452189156,0.01783082570495747,0.020547031502863033,0.014017156715407196
79.80000000000001,173.9989857812179,100.2303118514709,78.74480592434205,7.532306845469549,0.029851666338281874,1.004161721439842,0.00047208184518365837,0.13252997453259763,1.5568968122381226,174.68542082430136,102.80260883904785,76.71130181234005,0.15401770763921882,7.896077586632506,-0.03671169387106032,-0.007064686067224879,0.12275619920625291,1.620973040038046,25.03388450485325,121.56712084913664,83.93868857418431,1,100389.28507583779,-1.167251977243288,0.015047134482724121,9.709531889736452,0.013371646676317421,0.013083005776367704,0.01251564637674864
