event,start_stamp_s,end_stamp_s,frame_dt_s,imu_state_stamp_s,tracks,inliers,inlier_ratio,rotation_accepted,rotation_nis,rotation_reason,rotation_innovation_deg,visual_relative_rotation_body,predicted_relative_rotation_body,gt_rotation_error_deg,gt_rotation_error_if_inverse_deg,direction_accepted,direction_nis,direction_reason,direction_innovation_deg,visual_direction_world,gt_direction_error_deg
visual_span,2.0,2.04,0.040000000000000036,2.02,28,0,0.0,False,,disabled_or_unavailable,,null,"[[0.999999998732148, -9.103937174448615e-06, -4.9525981860292985e-05], [9.108847149627064e-06, 0.9999999950441391, 9.914005867622114e-05], [4.952507904998343e-05, -9.914050967512489e-05, 0.9999999938592131]]",nan,nan,False,,disabled_or_unavailable,,null,nan
visual_span,2.04,2.12,0.08000000000000007,2.12,28,0,0.0,False,,disabled_or_unavailable,,null,"[[0.9999999936637152, -3.099385666620736e-06, -0.00011252983440674648], [3.1080556416856463e-06, 0.9999999970271333, 7.704591969901343e-05], [0.00011252959527719107, -7.704626895981522e-05, 0.9999999907004814]]",nan,nan,False,,disabled_or_unavailable,,null,nan
visual_span,2.12,2.2,0.08000000000000007,2.2,28,0,0.0,False,,disabled_or_unavailable,,null,"[[0.9999999987528092, 1.628936542781241e-06, -4.991721744759732e-05], [-1.6216649883806622e-06, 0.9999999893885246, 0.00014567196469470858], [4.991745420828853e-05, -0.00014567188356402394, 0.9999999881439753]]",nan,nan,False,,disabled_or_unavailable,,null,nan
visual_span,2.2,2.24,0.040000000000000036,2.24,28,0,0.0,False,,disabled_or_unavailable,,null,"[[0.9999999996671307, 2.536701464498738e-05, -4.717310860888268e-06], [-2.536686757267274e-05, 0.9999999991923332, 3.117459814107579e-05], [4.71810166356585e-06, -3.117447846729881e-05, 0.9999999995029456]]",nan,nan,False,,disabled_or_unavailable,,null,nan
visual_span,2.24,2.2800000000000002,0.040000000000000036,2.2800000000000002,28,0,0.0,False,,disabled_or_unavailable,,null,"[[0.9999999970353545, 7.275871675707e-05, -2.5208346206386696e-05], [-7.275776436422713e-05, 0.9999999966395008, 3.7779711149371486e-05], [2.5211094924976743e-05, -3.7777876934454734e-05, 0.9999999989686166]]",nan,nan,False,,disabled_or_unavailable,,null,nan
visual_span,2.2800000000000002,2.32,0.03999999999999959,2.32,28,0,0.0,False,,disabled_or_unavailable,,null,"[[0.9999999989918603, 4.789041445053194e-06, -4.464688882024064e-05], [-4.796817479262403e-06, 0.9999999848210824, -0.00017416895714998684], [4.464605404019496e-05, 0.00017416917113737687, 0.9999999838359148]]",nan,nan,False,,disabled_or_unavailable,,null,nan
visual_span,2.32,2.4,0.08000000000000007,2.4,28,0,0.0,False,,disabled_or_unavailable,,null,"[[0.9999999995547565, 3.0929397313498393e-06, 2.9680313921383693e-05], [-3.092871169351025e-06, 0.999999999992549, -2.310061579244457e-06], [-2.968032106604378e-05, 2.309969780828692e-06, 0.9999999995568715]]",nan,nan,False,,disabled_or_unavailable,,null,nan
visual_span,2.4,2.44,0.040000000000000036,2.44,28,0,0.0,False,,disabled_or_unavailable,,null,"[[0.9999999958884197, -3.6845428086470444e-05, -8.28587666321632e-05], [3.685061747747523e-05, 0.999999997359839, 6.262869916237328e-05], [8.285645883217159e-05, -6.263175230158416e-05, 0.9999999946060355]]",nan,nan,False,,disabled_or_unavailable,,null,nan
visual_span,2.44,2.48,0.040000000000000036,2.48,28,0,0.0,False,,disabled_or_unavailable,,null,"[[0.9999999941970269, 0.00010688855412464765, -1.3445565367566136e-05], [-0.00010688777077711682, 0.9999999925910936, 5.82478943050861e-05], [1.3451791301152276e-05, -5.8246456800566155e-05, 0.9999999982131998]]",nan,nan,False,,disabled_or_unavailable,,null,nan
visual_span,2.48,2.52,0.040000000000000036,2.52,28,0,0.0,False,,disabled_or_unavailable,,null,"[[0.9999999991433991, -1.9721593931423008e-05, -3.639039443340573e-05], [1.9721748864854726e-05, 0.9999999997964647, 4.2571825478542065e-06], [3.639031046757349e-05, -4.257900226427608e-06, 0.999999999328808]]",nan,nan,False,,disabled_or_unavailable,,null,nan
visual_span,2.52,2.56,0.040000000000000036,2.56,28,0,0.0,False,,disabled_or_unavailable,,null,"[[0.9999999950572694, -2.0557532436239754e-05, 9.727717849488106e-05], [2.0555031211181635e-05, 0.9999999994581591, 2.5713281942290413e-05], [-9.727770704379986e-05, -2.5711282279756486e-05, 0.9999999949379891]]",nan,nan,False,,disabled_or_unavailable,,null,nan
visual_span,2.56,2.6,0.040000000000000036,2.6,28,0,0.0,False,,disabled_or_unavailable,,null,"[[0.9999999971040568, 6.713685816354235e-05, 3.584032444772708e-05], [-6.713842482632853e-05, 0.9999999967908081, 4.371288029090058e-05], [-3.5837389587264585e-05, -4.3715286427239244e-05, 0.9999999984023277]]",nan,nan,False,,disabled_or_unavailable,,null,nan
visual_span,2.6,2.72,0.1200000000000001,2.72,28,0,0.0,False,,disabled_or_unavailable,,null,"[[0.9999999983825661, 5.0613909529421455e-05, 2.5944173038677938e-05], [-5.060898785004056e-05, 0.9999999807323416, -0.00018966825493845534], [-2.595377239069053e-05, 0.00018966694162334135, 0.9999999816764265]]",nan,nan,False,,disabled_or_unavailable,,null,nan
visual_span,2.72,2.76,0.03999999999999959,2.76,28,0,0.0,False,,disabled_or_unavailable,,null,"[[0.9999999987006873, -7.994938795468724e-07, 5.097044591340469e-05], [8.002928186924343e-07, 0.9999999998768343, -1.5674538252201256e-05], [-5.097043337542948e-05, 1.567457902311696e-05, 0.9999999985781614]]",nan,nan,False,,disabled_or_unavailable,,null,nan
visual_span,2.76,2.84,0.08000000000000007,2.84,28,0,0.0,False,,disabled_or_unavailable,,null,"[[0.9999999893607725, -5.934901747468233e-05, -0.00013325220228244393], [5.933671262697774e-05, 0.9999999939758147, -9.234460114819743e-05], [0.0001332576820410552, 9.233669341808844e-05, 0.9999999868581627]]",nan,nan,False,,disabled_or_unavailable,,null,nan
visual_span,2.84,2.88,0.040000000000000036,2.88,28,0,0.0,False,,disabled_or_unavailable,,null,"[[0.9999999926934764, -2.1133326031075648e-05, -0.00011902281135926149], [2.114392535000792e-05, 0.9999999958113127, 8.905228202501352e-05], [0.00011902092888980231, -8.905479798378925e-05, 0.9999999889516307]]",nan,nan,False,,disabled_or_unavailable,,null,nan
visual_span,2.88,2.92,0.040000000000000036,2.92,28,0,0.0,False,,disabled_or_unavailable,,null,"[[0.9999999987248892, 4.936390400609324e-05, -1.065019864676028e-05], [-4.936506200811882e-05, 0.9999999928674261, -0.00010875770581990925], [1.0644829865846934e-05, 0.00010875823142894772, 0.9999999940291675]]",nan,nan,False,,disabled_or_unavailable,,null,nan
visual_span,2.92,2.96,0.040000000000000036,2.96,28,0,0.0,False,,disabled_or_unavailable,,null,"[[0.9999999948040876, -6.433486966898007e-05, 7.907496130574193e-05], [6.433152643616329e-05, 0.9999999970368817, 4.228110125767249e-05], [-7.907768122057232e-05, -4.2276014025019915e-05, 0.9999999959797296]]",nan,nan,False,,disabled_or_unavailable,,null,nan
visual_span,2.96,3.04,0.08000000000000007,3.04,28,0,0.0,False,,disabled_or_unavailable,,null,"[[0.9999999921959842, 6.429316596446856e-05, 0.00010711872327120554], [-6.430832608079397e-05, 0.99999998791701, 0.0001415288649166907], [-0.0001071096226380902, -0.00014153575243798267, 0.9999999842475799]]",nan,nan,False,,disabled_or_unavailable,,null,nan
visual_span,3.04,3.12,0.08000000000000007,3.12,28,0,0.0,False,,disabled_or_unavailable,,null,"[[0.999999998837031, 3.2324548437097546e-05, -3.579191758047528e-05], [-3.232115216866321e-05, 0.9999999949760169, 9.488576903456124e-05], [3.579498454029445e-05, -9.488461208819752e-05, 0.9999999948578147]]",nan,nan,False,,disabled_or_unavailable,,null,nan
visual_span,3.12,3.16,0.040000000000000036,3.16,28,0,0.0,False,,disabled_or_unavailable,,null,"[[0.9999999994442195, 2.2784081008768784e-06, -3.326214324088408e-05], [-2.2786220694026862e-06, 0.9999999999767138, -6.432757832212363e-06], [3.3262128583661975e-05, 6.432833620490824e-06, 0.9999999994261248]]",nan,nan,False,,disabled_or_unavailable,,null,nan
visual_span,3.16,3.24,0.08000000000000007,3.24,28,0,0.0,False,,disabled_or_unavailable,,null,"[[0.9999999959433922, -4.071003841345491e-05, -8.03486689971998e-05], [4.0702283930556574e-05, 0.9999999945146025, -9.650968457311646e-05], [8.035259746942164e-05, 9.650641380727554e-05, 0.9999999921149861]]",nan,nan,False,,disabled_or_unavailable,,null,nan
visual_span,3.24,3.2800000000000002,0.040000000000000036,3.2800000000000002,28,0,0.0,False,,disabled_or_unavailable,,null,"[[0.9999999994328229, -2.679432925610094e-05, 2.040633180321063e-05], [2.679385762707126e-05, 0.9999999993739667, 2.3111819260168514e-05], [-2.0406951056130548e-05, -2.311127248271099e-05, 0.9999999995247129]]",nan,nan,False,,disabled_or_unavailable,,null,nan
visual_span,3.2800000000000002,3.32,0.03999999999999959,3.32,28,0,0.0,False,,disabled_or_unavailable,,null,"[[0.9999999999716561, -3.278302117372824e-07, -7.522009869525568e-06], [3.2782597270665703e-07, 0.9999999999997876, -5.635514870577448e-07], [7.522010054273173e-06, 5.635490211315691e-07, 0.9999999999715511]]",nan,nan,False,,disabled_or_unavailable,,null,nan
visual_span,3.32,3.36,0.040000000000000036,3.36,28,0,0.0,False,,disabled_or_unavailable,,null,"[[0.9999999924518207, 2.1628621491698844e-05, 0.00012094858993941514], [-2.163583208752833e-05, 0.9999999979889093, 5.961604032821644e-05], [-0.00012094730028340547, -5.961865670160703e-05, 0.9999999909086832]]",nan,nan,False,,disabled_or_unavailable,,null,nan
visual_span,3.36,3.4,0.040000000000000036,3.4,28,0,0.0,False,,disabled_or_unavailable,,null,"[[0.9999999993501367, -1.4201148782087794e-05, -3.313690129102874e-05], [1.4204812112068384e-05, 0.9999999937880452, 0.0001105537580031338], [3.313533109481797e-05, -0.00011055422863474576, 0.9999999933399063]]",nan,nan,False,,disabled_or_unavailable,,null,nan
visual_span,3.4,3.44,0.040000000000000036,3.44,28,0,0.0,False,,disabled_or_unavailable,,null,"[[0.9999999978334458, 1.0607213330414269e-05, 6.496611124404119e-05], [-1.0614269181442416e-05, 0.9999999940457334, 0.0001086087970300319], [-6.496495882053599e-05, -0.00010860948636251747, 0.9999999919917669]]",nan,nan,False,,disabled_or_unavailable,,null,nan
visual_span,3.44,3.48,0.040000000000000036,3.48,28,0,0.0,False,,disabled_or_unavailable,,null,"[[0.9999999985692535, 2.2534739201666696e-05, -4.8514729371054096e-05], [-2.253325098083041e-05, 0.9999999992756187, 3.067597760937538e-05], [4.85154206110661e-05, -3.067488437091264e-05, 0.9999999983526529]]",nan,nan,False,,disabled_or_unavailable,,null,nan
visual_span,3.48,3.52,0.040000000000000036,3.52,28,0,0.0,False,,disabled_or_unavailable,,null,"[[0.9999999994877379, -9.056960920310213e-07, -3.199537894305102e-05], [9.042846139562651e-07, 0.9999999990265226, -4.411504732682175e-05], [3.1995418866730195e-05, 4.4115018371294375e-05, 0.9999999985150793]]",nan,nan,False,,disabled_or_unavailable,,null,nan
visual_span,3.52,3.56,0.040000000000000036,3.56,28,0,0.0,False,,disabled_or_unavailable,,null,"[[0.999999996361206, 5.4825350174350214e-05, -6.535877435616947e-05], [-5.482835500449455e-05, 0.999999997440145, -4.5973490320039834e-05], [6.535625367615495e-05, 4.597707366683482e-05, 0.9999999968073345]]",nan,nan,False,,disabled_or_unavailable,,null,nan
visual_span,3.56,3.6,0.040000000000000036,3.6,28,0,0.0,False,,disabled_or_unavailable,,null,"[[0.9999999927347824, -2.517226980812368e-05, -0.00011788465694107525], [2.5168443161520854e-05, 0.9999999991563742, -3.246230951818082e-05], [0.00011788547399163847, 3.245934230904723e-05, 0.9999999925247032]]",nan,nan,False,,disabled_or_unavailable,,null,nan
visual_span,3.6,3.64,0.040000000000000036,3.64,28,0,0.0,False,,disabled_or_unavailable,,null,"[[0.9999999992625767, -2.9860964398379276e-05, -2.4148902439447294e-05], [2.9857715678564323e-05, 0.9999999905067328, -0.00013451784662942028], [2.4152919042824457e-05, 0.00013451712549916072, 0.9999999906608896]]",nan,nan,False,,disabled_or_unavailable,,null,nan
visual_span,3.64,3.68,0.040000000000000036,3.68,28,0,0.0,False,,disabled_or_unavailable,,null,"[[0.9999999968918205, -6.811782709168831e-05, -3.9702903759657064e-05], [6.812078493057486e-05, 0.9999999949044518, 7.450271825224795e-05], [3.969782859406924e-05, -7.450542261364827e-05, 0.9999999964365122]]",nan,nan,False,,disabled_or_unavailable,,null,nan
visual_span,3.68,3.72,0.040000000000000036,3.72,28,0,0.0,False,,disabled_or_unavailable,,null,"[[0.999999999244831, -3.574025260985483e-05, 1.526344189818997e-05], [3.573982437538021e-05, 0.999999998967775, 2.805557063068226e-05], [-1.5264444595616116e-05, -2.8055025096762757e-05, 0.9999999994899562]]",nan,nan,False,,disabled_or_unavailable,,null,nan
visual_span,3.72,3.76,0.03999999999999959,3.76,28,0,0.0,False,,disabled_or_unavailable,,null,"[[0.9999999969506076, -1.3431782004712058e-05, 7.693096036456837e-05], [1.3436233603564123e-05, 0.9999999982355764, -5.786463028635909e-05], [-7.693018300372975e-05, 5.7865663772261916e-05, 0.9999999953666563]]",nan,nan,False,,disabled_or_unavailable,,null,nan
visual_span,3.76,3.8,0.040000000000000036,3.8,28,0,0.0,False,,disabled_or_unavailable,,null,"[[0.999999999613248, 2.5766829585055866e-05, -1.0467811193425101e-05], [-2.5767235437973038e-05, 0.9999999989163433, -3.877323220075603e-05], [1.0466812118815005e-05, 3.877350191231593e-05, 0.999999999193531]]",nan,nan,False,,disabled_or_unavailable,,null,nan
visual_span,3.8,3.84,0.040000000000000036,3.84,28,0,0.0,False,,disabled_or_unavailable,,null,"[[0.9999999997179178, 7.018448207229407e-06, 2.269153649539618e-05], [-7.016680436742608e-06, 0.9999999969409024, -7.79035388952267e-05], [-2.269208318793345e-05, 7.79033796539913e-05, 0.9999999967080664]]",nan,nan,False,,disabled_or_unavailable,,null,nan
visual_span,3.84,3.92,0.08000000000000007,3.92,28,0,0.0,False,,disabled_or_unavailable,,null,"[[0.9999999922985998, 2.5104187507425777e-05, 0.00012154250502513847], [-2.5114529637383335e-05, 0.9999999960644878, 8.508986495064935e-05], [-0.00012154036843488173, -8.509291677818287e-05, 0.9999999889935672]]",nan,nan,False,,disabled_or_unavailable,,null,nan
visual_span,3.92,3.96,0.040000000000000036,3.96,28,0,0.0,False,,disabled_or_unavailable,,null,"[[0.9999999969763655, -1.0634273123369426e-05, -7.703363641688404e-05], [1.063951025928068e-05, 0.9999999976324229, 6.798496296322579e-05], [7.703291326383653e-05, -6.79857823578291e-05, 0.9999999947219319]]",nan,nan,False,,disabled_or_unavailable,,null,nan
visual_span,3.96,4.0,0.040000000000000036,4.0,28,0,0.0,False,,disabled_or_unavailable,,null,"[[0.999999999703162, 2.303030677357194e-05, 7.95493552153713e-06], [-2.3030526059457986e-05, 0.999999999354827, 2.7567025232203658e-05], [-7.954300639356889e-06, -2.7567208430370547e-05, 0.999999999588389]]",nan,nan,False,,disabled_or_unavailable,,null,nan
visual_span,4.0,4.04,0.040000000000000036,4.04,28,0,0.0,False,,disabled_or_unavailable,,null,"[[0.9999999976675452, 3.086736904867321e-05, -6.092713087288914e-05], [-3.085915402054197e-05, 0.9999999904342924, 0.00013482999647115257], [6.0931292137337924e-05, -0.00013482811599695207, 0.9999999890543785]]",nan,nan,False,,disabled_or_unavailable,,null,nan
visual_span,4.04,4.08,0.040000000000000036,4.08,28,0,0.0,False,,disabled_or_unavailable,,null,"[[0.9999999991146311, -4.16828472077817e-05, -5.768763429999172e-06], [4.1683464752337554e-05, 0.9999999933969991, 0.00010709104125889893], [5.7642995323979035e-06, -0.00010709128162613091, 0.9999999942491153]]",nan,nan,False,,disabled_or_unavailable,,null,nan
visual_span,4.08,4.12,0.040000000000000036,4.12,28,0,0.0,False,,disabled_or_unavailable,,null,"[[0.9999999996272362, 2.7065552328208326e-05, -3.6033040240027593e-06], [-2.7065465946982443e-05, 0.9999999993464338, 2.3970673914977394e-05], [3.6039528011769498e-06, -2.397057638093963e-05, 0.9999999997062117]]",nan,nan,False,,disabled_or_unavailable,,null,nan
visual_span,4.12,4.16,0.040000000000000036,4.16,28,0,0.0,False,,disabled_or_unavailable,,null,"[[0.9999999960675066, -1.8440420441957253e-06, -8.866558956320208e-05], [1.8516437409151158e-06, 0.9999999963230873, 8.573445747830753e-05], [8.86654311392422e-05, -8.573462131824128e-05, 0.9999999923940082]]",nan,nan,False,,disabled_or_unavailable,,null,nan
visual_span,4.16,4.2,0.040000000000000036,4.2,28,0,0.0,False,,disabled_or_unavailable,,null,"[[0.9999999813329474, 9.226355464658133e-05, -0.00016976908229223702], [-9.226404178770388e-05, 0.9999999957395789, -2.861604126389443e-06], [0.00016976881754718053, 2.8772676546745996e-06, 0.9999999855851348]]",nan,nan,False,,disabled_or_unavailable,,null,nan
visual_span,4.2,4.28,0.08000000000000007,4.28,28,0,0.0,False,,disabled_or_unavailable,,null,"[[0.9999999752236953, -0.00011360091434628885, -0.00019143521464949571], [0.00011362014694599357, 0.9999999884993829, 0.00010045743743220537], [0.00019142380039112737, -0.0001004791858404604, 0.9999999766304308]]",nan,nan,False,,disabled_or_unavailable,,null,nan
visual_span,4.28,4.32,0.040000000000000036,4.32,28,0,0.0,False,,disabled_or_unavailable,,null,"[[0.9999999999698974, 7.724095598110812e-06, 7.374455048724841e-07], [-7.724095624159362e-06, 0.9999999999701688, 3.531983759294631e-08], [-7.374452320366829e-07, -3.532553369148033e-08, 0.9999999999997277]]",nan,nan,False,,disabled_or_unavailable,,null,nan
visual_span,4.32,4.36,0.040000000000000036,4.36,28,0,0.0,False,,disabled_or_unavailable,,null,"[[0.9999999995766601, 2.909620592271033e-05, 3.0110285899821653e-07], [-2.909621540387674e-05, 0.9999999990794398, 3.1536178903437296e-05], [-3.0018527556564336e-07, -3.1536187651040415e-05, 0.9999999995026894]]",nan,nan,False,,disabled_or_unavailable,,null,nan
visual_span,4.36,4.4,0.040000000000000036,4.4,28,0,0.0,False,,disabled_or_unavailable,,null,"[[0.9999999990737287, 3.3634531996494265e-05, -2.6856297999113946e-05], [-3.3634404862600913e-05, 0.9999999994231566, 4.73429532536783e-06], [2.685645721942967e-05, -4.733392025382575e-06, 0.9999999996281629]]",nan,nan,False,,disabled_or_unavailable,,null,nan
visual_span,4.4,4.44,0.040000000000000036,4.44,28,0,0.0,False,,disabled_or_unavailable,,null,"[[0.9999999989857284, -5.899911672094033e-06, 4.465125498583837e-05], [5.900952434656247e-06, 0.9999999997109442, -2.3308600906747915e-05], [-4.4651117454245104e-05, 2.330886436803848e-05, 0.9999999987314875]]",nan,nan,False,,disabled_or_unavailable,,null,nan
visual_span,4.44,4.48,0.040000000000000036,4.48,28,0,0.0,False,,disabled_or_unavailable,,null,"[[0.9999999996154555, 2.57001183808449e-05, -1.0420807935540077e-05], [-2.5701099961911524e-05, 0.9999999952324223, -9.420514386139122e-05], [1.0418386802508742e-05, 9.420541165139157e-05, 0.9999999955083989]]",nan,nan,False,,disabled_or_unavailable,,null,nan
visual_span,4.48,4.52,0.03999999999999915,4.52,28,0,0.0,False,,disabled_or_unavailable,,null,"[[0.9999999974855557, -3.8504676313745807e-05, 5.9550640084778316e-05], [3.8499909832247017e-05, 0.9999999960556869, 8.003988577426639e-05], [-5.955372175978587e-05, -8.003759287873683e-05, 0.999999995023669]]",nan,nan,False,,disabled_or_unavailable,,null,nan
visual_span,4.52,4.5600000000000005,0.040000000000000924,4.5600000000000005,28,0,0.0,False,,disabled_or_unavailable,,null,"[[0.9999999975979035, -6.438763249276248e-05, 2.5659815309955507e-05], [6.438791815182802e-05, 0.9999999978651388, -1.113187506421346e-05], [-2.5659098500094772e-05, 1.1133527219561589e-05, 0.9999999996088277]]",nan,nan,False,,disabled_or_unavailable,,null,nan
visual_span,4.5600000000000005,4.6,0.03999999999999915,4.6,28,0,0.0,False,,disabled_or_unavailable,,null,"[[0.9999999970957311, -6.41243983748148e-05, -4.1189799839122995e-05], [6.412761367204018e-05, 0.999999994896835, 7.806394377941245e-05], [4.118479382549502e-05, -7.806658495626506e-05, 0.9999999961047106]]",nan,nan,False,,disabled_or_unavailable,,null,nan
visual_span,4.6,4.64,0.040000000000000036,4.64,28,0,0.0,False,,disabled_or_unavailable,,null,"[[0.9999999960585363, 1.680083708809185e-05, 8.718176085779825e-05], [-1.680140308824205e-05, 0.999999999837787, 6.491457018362916e-06], [-8.71816517817444e-05, -6.4929217686831874e-06, 0.9999999961786009]]",nan,nan,False,,disabled_or_unavailable,,null,nan
visual_span,4.64,4.72,0.08000000000000007,4.72,28,0,0.0,False,,disabled_or_unavailable,,null,"[[0.9999999954015815, -9.103981582361504e-05, -3.01428150886242e-05], [9.103960090703338e-05, 0.9999999958304684, -7.131239263272928e-06], [3.0143464189651895e-05, 7.128495040624621e-06, 0.9999999995202782]]",nan,nan,False,,disabled_or_unavailable,,null,nan
visual_span,4.72,4.76,0.040000000000000036,4.76,28,0,0.0,False,,disabled_or_unavailable,,null,"[[0.9999999975903159, -2.446709525130203e-05, -6.496714737955523e-05], [2.4468606978802642e-05, 0.9999999994299344, 2.3268414080394452e-05], [6.496657803201601e-05, -2.327000367992068e-05, 0.9999999976189257]]",nan,nan,False,,disabled_or_unavailable,,null,nan
visual_span,4.76,4.8,0.040000000000000036,4.8,28,0,0.0,False,,disabled_or_unavailable,,null,"[[0.999999991564647, -1.2429296637282255e-05, 0.00012929121582637215], [1.2431325021510943e-05, 0.9999999997996791, -1.5687700382104293e-05], [-0.0001292910208133908, 1.568930751089937e-05, 0.9999999915188388]]",nan,nan,False,,disabled_or_unavailable,,null,nan
visual_span,4.8,4.92,0.1200000000000001,4.92,28,0,0.0,False,,disabled_or_unavailable,,null,"[[0.9999999816858287, -0.00013407434082673018, -0.00013657383980317483], [0.00013408654008441597, 0.9999999870215213, 8.931829185223238e-05], [0.00013656186273955026, -8.933660293008711e-05, 0.9999999866849145]]",nan,nan,False,,disabled_or_unavailable,,null,nan
visual_span,4.92,5.12,0.20000000000000018,5.12,28,0,0.0,False,,disabled_or_unavailable,,null,"[[0.9999999658079284, -0.00023703233071612834, -0.0001104527801033644], [0.00023701333960200218, 0.9999999571340703, -0.00017192014066351566], [0.00011049352600034178, 0.00017189395600292922, 0.9999999791218243]]",nan,nan,False,,disabled_or_unavailable,,null,nan
visual_span,5.12,5.16,0.040000000000000036,5.16,28,0,0.0,False,,disabled_or_unavailable,,null,"[[0.9999999982248867, -1.2414828682420696e-05, 5.8276054284864245e-05], [1.2413037812323435e-05, 0.999999999450759, 3.073106673151596e-05], [-5.8276435773785345e-05, -3.0730343294099445e-05, 0.9999999978297515]]",nan,nan,False,,disabled_or_unavailable,,null,nan
visual_span,5.16,5.2,0.040000000000000036,5.2,28,0,0.0,False,,disabled_or_unavailable,,null,"[[0.9999999979833407, -4.153210049465937e-05, -4.804584614080789e-05], [4.1531209639455134e-05, 0.9999999989656649, -1.8542622765162335e-05], [4.804661620518451e-05, 1.8540627325659805e-05, 0.999999998673884]]",nan,nan,False,,disabled_or_unavailable,,null,nan
visual_span,5.2,5.28,0.08000000000000007,5.28,28,0,0.0,False,,disabled_or_unavailable,,null,"[[0.9999999950024057, -7.894132038037983e-05, -6.134701862869511e-05], [7.893167409638535e-05, 0.9999999845246047, -0.0001572278006401753], [6.135942944950878e-05, 0.00015722295763153334, 0.999999985757981]]",nan,nan,False,,disabled_or_unavailable,,null,nan
visual_span,5.28,5.32,0.040000000000000036,5.32,28,0,0.0,False,,disabled_or_unavailable,,null,"[[0.9999999863589443, -0.00016360830999714374, -2.2681108633398882e-05], [0.000163608669665063, 0.9999999864903851, 1.585665036599008e-05], [2.2678514047217236e-05, -1.586036097569866e-05, 0.9999999996170673]]",nan,nan,False,,disabled_or_unavailable,,null,nan
visual_span,5.32,5.36,0.040000000000000036,5.36,28,0,0.0,False,,disabled_or_unavailable,,null,"[[0.9999999926522601, -9.543729133462273e-05, 7.474759532014948e-05], [9.543450752986898e-05, 0.9999999947525169, 3.7245414573788825e-05], [-7.47511495293943e-05, -3.7238280800170786e-05, 0.999999996512788]]",nan,nan,False,,disabled_or_unavailable,,null,nan
visual_span,5.36,5.4,0.040000000000000036,5.4,28,0,0.0,False,,disabled_or_unavailable,,null,"[[0.9999999962163362, -7.923412954034356e-05, 3.590655068088495e-05], [7.922922212068171e-05, 0.9999999875243702, 0.00013665280707490088], [-3.591737779914594e-05, -0.00013664996170977312, 0.9999999900183649]]",nan,nan,False,,disabled_or_unavailable,,null,nan
visual_span,5.4,5.44,0.040000000000000036,5.44,28,0,0.0,False,,disabled_or_unavailable,,null,"[[0.9999999987619946, -3.3568935285992115e-05, -3.6730610288500815e-05], [3.356925558791298e-05, 0.999999999398536, 8.71971769430987e-06], [3.673031755476968e-05, -8.720950702759484e-06, 0.9999999992874146]]",nan,nan,False,,disabled_or_unavailable,,null,nan
visual_span,5.44,5.52,0.07999999999999918,5.52,28,0,0.0,False,,disabled_or_unavailable,,null,"[[0.9999999953955455, -4.586888611314509e-05, 8.429089246082817e-05], [4.5867421015163026e-05, 0.9999999987970005, 1.7383301487144138e-05], [-8.429168971210245e-05, -1.737943520125127e-05, 0.9999999962964333]]",nan,nan,False,,disabled_or_unavailable,,null,nan
visual_span,5.52,5.5600000000000005,0.040000000000000924,5.5600000000000005,28,0,0.0,False,,disabled_or_unavailable,,null,"[[0.9999999984994813, -4.8847950921549594e-05, 2.4797484386453985e-05], [4.884765099023214e-05, 0.9999999987338006, 1.2095693189947947e-05], [-2.4798075204882732e-05, -1.2094481872935388e-05, 0.9999999996193895]]",nan,nan,False,,disabled_or_unavailable,,null,nan
visual_span,5.5600000000000005,5.6,0.03999999999999915,5.6,28,0,0.0,False,,disabled_or_unavailable,,null,"[[0.9999999961837365, -8.459626264322542e-05, -2.181741119197509e-05], [8.459666580923078e-05, 0.9999999962509684, 1.847883384030851e-05], [2.1815847869900032e-05, -1.848067945003184e-05, 0.9999999995912666]]",nan,nan,False,,disabled_or_unavailable,,null,nan
visual_span,5.6,5.64,0.040000000000000036,5.64,28,0,0.0,False,,disabled_or_unavailable,,null,"[[0.999999997740047, -6.716234031643388e-05, -3.0209468776271515e-06], [6.71618235214566e-05, 0.9999999831674531, -0.00017074654653234702], [3.032414564442983e-06, 0.00017074634325416676, 0.9999999854182453]]",nan,nan,False,,disabled_or_unavailable,,null,nan
visual_span,5.64,5.68,0.040000000000000036,5.68,28,0,0.0,False,,disabled_or_unavailable,,null,"[[0.9999999866516175, -9.055165864365902e-05, -0.00013600427347475392], [9.054680290655093e-05, 0.9999999952630878, -3.5708560489414346e-05], [0.00013600750629989367, 3.569624526061805e-05, 0.9999999901138683]]",nan,nan,False,,disabled_or_unavailable,,null,nan
visual_span,5.68,5.72,0.040000000000000036,5.72,28,0,0.0,False,,disabled_or_unavailable,,null,"[[0.9999999922509241, -5.455164425831804e-05, -0.00011190294913446369], [5.4552199158514566e-05, 0.9999999984997492, 4.955716652859492e-06], [0.00011190267862408931, -4.9618211664248755e-06, 0.9999999937265854]]",nan,nan,False,,disabled_or_unavailable,,null,nan
visual_span,5.72,5.76,0.040000000000000036,5.76,28,0,0.0,False,,disabled_or_unavailable,,null,"[[0.9999999958534551, -4.590069840959285e-05, -7.865250321001176e-05], [4.590609613659373e-05, 0.9999999965914762, 6.862709872576699e-05], [7.864935291016146e-05, -6.863070907057537e-05, 0.9999999945520528]]",nan,nan,False,,disabled_or_unavailable,,null,nan
visual_span,5.76,5.8,0.040000000000000036,5.8,28,0,0.0,False,,disabled_or_unavailable,,null,"[[0.9999999980012251, -1.491810115531982e-05, -6.144102927283453e-05], [1.4917618151231363e-05, 0.9999999998578291, -7.861713747554042e-06], [6.144114654594034e-05, 7.860797178026735e-06, 0.9999999980815967]]",nan,nan,False,,disabled_or_unavailable,,null,nan
visual_span,5.8,5.84,0.040000000000000036,5.84,28,0,0.0,False,,disabled_or_unavailable,,null,"[[0.9999999992006294, 2.3528261757246035e-05, -3.232897200349706e-05], [-2.3527008494067395e-05, 0.9999999989718473, 3.876577933422037e-05], [3.2329884061661335e-05, -3.876501869923321e-05, 0.9999999987260262]]",nan,nan,False,,disabled_or_unavailable,,null,nan
visual_span,5.84,5.88,0.040000000000000036,5.88,28,0,0.0,False,,disabled_or_unavailable,,null,"[[0.9999999931254492, -5.9745922893800774e-05, -0.00010089363847205933], [5.974113257670219e-05, 0.999999997088265, -4.7481227759208244e-05], [0.0001008964749880564, 4.747519993256403e-05, 0.9999999937830034]]",nan,nan,False,,disabled_or_unavailable,,null,nan
visual_span,5.88,5.96,0.08000000000000007,5.96,28,0,0.0,False,,disabled_or_unavailable,,null,"[[0.9999999994290609, -2.8262820468757884e-05, -1.8522723291692574e-05], [2.8262964777060977e-05, 0.9999999995702552, 7.790663942349802e-06], [1.8522503097596192e-05, -7.791187444977775e-06, 0.9999999997981072]]",nan,nan,False,,disabled_or_unavailable,,null,nan
visual_span,5.96,6.0,0.040000000000000036,6.0,28,0,0.0,False,,disabled_or_unavailable,,null,"[[0.9999999943104513, -5.280179087406883e-05, 9.268801553951345e-05], [5.280846566119386e-05, 0.9999999960127317, -7.201251601676541e-05], [-9.268421278013042e-05, 7.201741031893252e-05, 0.9999999931115646]]",nan,nan,False,,disabled_or_unavailable,,null,nan
visual_span,6.0,6.08,0.08000000000000007,6.08,28,0,0.0,False,,disabled_or_unavailable,,null,"[[0.9999999691790015, -0.00018075031814869744, -0.00017020963214983586], [0.00018075904432028104, 0.9999999823496379, 5.125321409681333e-05], [0.0001702003651108201, -5.12839794475796e-05, 0.9999999842008946]]",nan,nan,False,,disabled_or_unavailable,,null,nan
visual_span,6.08,6.12,0.040000000000000036,6.12,28,0,0.0,False,,disabled_or_unavailable,,null,"[[0.9999999979694014, -6.124097530504003e-05, 1.7627829670272923e-05], [6.124098395354027e-05, 0.999999998124651, -4.900769271760453e-07], [-1.7627799624425595e-05, 4.911564718148687e-07, 0.9999999998445099]]",nan,nan,False,,disabled_or_unavailable,,null,nan
visual_span,6.12,6.16,0.040000000000000036,6.16,28,0,0.0,False,,disabled_or_unavailable,,null,"[[0.9999999893791792, -6.142893764975735e-05, -0.00013216704474934156], [6.141927307185555e-05, 0.9999999954400739, -7.312677779702833e-05], [0.0001321715362469434, 7.311865941654933e-05, 0.9999999885921735]]",nan,nan,False,,disabled_or_unavailable,,null,nan
visual_span,6.16,6.2,0.040000000000000036,6.2,28,0,0.0,False,,disabled_or_unavailable,,null,"[[0.9999999977214883, -6.293654937577651e-05, 2.4413413007718047e-05], [6.293654564864075e-05, 0.9999999980194841, 1.534357595379904e-07], [-2.4413422616084145e-05, -1.5189926330618582e-07, 0.9999999997019811]]",nan,nan,False,,disabled_or_unavailable,,null,nan
visual_span,6.2,6.24,0.040000000000000036,6.24,28,0,0.0,False,,disabled_or_unavailable,,null,"[[0.9999999978384401, -5.613230616134963e-05, -3.4238631908435076e-05], [5.613033201125273e-05, 0.99999999676254, -5.7656792629894904e-05], [3.4241868206325056e-05, 5.765487067948967e-05, 0.9999999977517051]]",nan,nan,False,,disabled_or_unavailable,,null,nan
visual_span,6.24,6.28,0.040000000000000036,6.28,28,0,0.0,False,,disabled_or_unavailable,,null,"[[0.9999999993488373, -3.467326548678767e-05, 1.00045042622799e-05], [3.46738806276591e-05, 0.9999999975081806, -6.149277130367495e-05], [-1.0002372082165551e-05, 6.149311815861968e-05, 0.9999999980592745]]",nan,nan,False,,disabled_or_unavailable,,null,nan
visual_span,6.28,6.32,0.040000000000000036,6.32,28,0,0.0,False,,disabled_or_unavailable,,null,"[[0.9999999899509304, -5.278153927776175e-05, -0.00013157601613764244], [5.27739645310931e-05, 0.9999999969501773, -5.757216433441352e-05], [0.00013157905448381204, 5.756521996785805e-05, 0.9999999896865989]]",nan,nan,False,,disabled_or_unavailable,,null,nan
visual_span,6.32,6.4,0.08000000000000007,6.4,28,0,0.0,False,,disabled_or_unavailable,,null,"[[0.9999999798031244, -0.00010433808549132191, -0.0001717769328213598], [0.00010432317445956103, 0.9999999907902372, -8.681129409586423e-05], [0.00017178598896355998, 8.679337202761647e-05, 0.9999999814782421]]",nan,nan,False,,disabled_or_unavailable,,null,nan
visual_span,6.4,6.52,0.11999999999999922,6.52,28,0,0.0,False,,disabled_or_unavailable,,null,"[[0.999999973347481, -0.0001389446401885937, -0.00018438932948422132], [0.00013891522876831688, 0.9999999776294969, -0.00015951039324430512], [0.00018441148847353486, 0.00015948477450706354, 0.9999999702785046]]",nan,nan,False,,disabled_or_unavailable,,null,nan
visual_span,6.52,6.6,0.08000000000000007,6.6,28,0,0.0,False,,disabled_or_unavailable,,null,"[[0.9999999935536747, -0.00011317468245405973, -9.172901260376433e-06], [0.00011317388962750066, 0.9999999898645764, -8.638586843104163e-05], [9.18267786063339e-06, 8.63848297412554e-05, 0.99999999622667]]",nan,nan,False,,disabled_or_unavailable,,null,nan
visual_span,6.6,6.64,0.040000000000000036,6.64,28,0,0.0,False,,disabled_or_unavailable,,null,"[[0.9999999962055391, -2.73912842086521e-05, -8.269606750729441e-05], [2.7386081150665193e-05, 0.9999999976456441, -6.291831728306933e-05], [8.269779072610905e-05, 6.291605232311263e-05, 0.999999994601323]]",nan,nan,False,,disabled_or_unavailable,,null,nan
visual_span,6.64,6.76,0.1200000000000001,6.76,28,0,0.0,False,,disabled_or_unavailable,,null,"[[0.9999999941962159, -0.00010089870961833265, 3.777590072628326e-05], [0.00010090077129107197, 0.9999999934201123, -5.4578474518352723e-05], [-3.7770393580070234e-05, 5.458228581911053e-05, 0.9999999977970857]]",nan,nan,False,,disabled_or_unavailable,,null,nan
visual_span,6.76,6.84,0.08000000000000007,6.84,28,0,0.0,False,,disabled_or_unavailable,,null,"[[0.9999999987475927, -3.995373836101613e-05, 3.0141567070837514e-05], [3.995234401097785e-05, 0.9999999981319476, 4.625922188865858e-05], [-3.0143415243379604e-05, -4.625801760446653e-05, 0.9999999984757855]]",nan,nan,False,,disabled_or_unavailable,,null,nan
visual_span,6.84,6.88,0.040000000000000036,6.88,28,0,0.0,False,,disabled_or_unavailable,,null,"[[0.9999999954608614, -6.957829180706773e-05, -6.509330852344046e-05], [6.957503371671372e-05, 0.999999996326979, -5.005354123338699e-05], [6.509679092424929e-05, 5.004901213705177e-05, 0.9999999966287523]]",nan,nan,False,,disabled_or_unavailable,,null,nan
visual_span,6.88,6.92,0.040000000000000036,6.92,28,0,0.0,False,,disabled_or_unavailable,,null,"[[0.9999999991376275, 3.497744210329536e-05, -2.239025721310923e-05], [-3.497726523361409e-05, 0.9999999993570925, 7.89974656184533e-06], [2.2390533511642363e-05, -7.898963405067614e-06, 0.9999999997181352]]",nan,nan,False,,disabled_or_unavailable,,null,nan
visual_span,6.92,7.04,0.1200000000000001,7.04,28,0,0.0,False,,disabled_or_unavailable,,null,"[[0.9999999165724168, -1.985593510792466e-05, -0.0004079962025544397], [1.9765703606623517e-05, 0.9999999753486658, -0.0002211605408721627], [0.00040800058384613696, 0.00022115245808926095, 0.9999998923135512]]",nan,nan,False,,disabled_or_unavailable,,null,nan
visual_span,7.04,7.08,0.040000000000000036,7.08,28,0,0.0,False,,disabled_or_unavailable,,null,"[[0.9999999924330494, -8.821063005763554e-05, -8.574838829157697e-05], [8.820283767077918e-05, 0.9999999919810371, -9.087455846515416e-05], [8.575640370602224e-05, 9.086699452633784e-05, 0.9999999921945143]]",nan,nan,False,,disabled_or_unavailable,,null,nan
visual_span,7.08,7.16,0.08000000000000007,7.16,28,0,0.0,False,,disabled_or_unavailable,,null,"[[0.9999999835878005, -6.0644286565553375e-05, -0.0001707239570460285], [6.063956386502352e-05, 0.9999999977786674, -2.766782781437926e-05], [0.0001707256345624724, 2.7657474733992765e-05, 0.999999985043911]]",nan,nan,False,,disabled_or_unavailable,,null,nan
visual_span,7.16,7.2,0.040000000000000036,7.2,28,0,0.0,False,,disabled_or_unavailable,,null,"[[0.9999999937891912, -2.4976989100142135e-05, -0.0001086175290655625], [2.496879413839798e-05, 0.9999999968420359, -7.544857643719321e-05], [0.00010861941320082353, 7.544586391987346e-05, 0.9999999912548724]]",nan,nan,False,,disabled_or_unavailable,,null,nan
visual_span,7.2,7.28,0.08000000000000007,7.28,28,0,0.0,False,,disabled_or_unavailable,,null,"[[0.9999999800369898, -0.00014000638512401067, -0.00014256308058646777], [0.0001399997625394724, 0.9999999891206449, -4.6462633583345047e-05], [0.00014256958410084476, 4.6442673858382024e-05, 0.9999999887584957]]",nan,nan,False,,disabled_or_unavailable,,null,nan
visual_span,7.28,7.32,0.040000000000000036,7.32,28,0,0.0,False,,disabled_or_unavailable,,null,"[[0.9999999929138907, 4.096523410650646e-07, -0.00011904642234402213], [-4.247009644426079e-07, 0.9999999920102025, -0.00012640970929489494], [0.00011904636960883197, 0.0001264097589582723, 0.9999999849242672]]",nan,nan,False,,disabled_or_unavailable,,null,nan
visual_span,7.32,7.36,0.040000000000000036,7.36,28,0,0.0,False,,disabled_or_unavailable,,null,"[[0.9999999981711937, 1.92126097694096e-05, -5.7345346411103525e-05], [-1.921542456502097e-05, 0.9999999986107232, -4.9084840146072056e-05], [5.734440328355564e-05, 4.9085941971483496e-05, 0.9999999971510951]]",nan,nan,False,,disabled_or_unavailable,,null,nan
visual_span,7.36,7.4,0.040000000000000036,7.4,28,0,0.0,False,,disabled_or_unavailable,,null,"[[0.999999999152706, -3.994333967620275e-05, 9.955787442990002e-06], [3.994333124339259e-05, 0.9999999992019063, 8.472233287994685e-07], [-9.955821275973552e-06, -8.468256607659971e-07, 0.9999999999500824]]",nan,nan,False,,disabled_or_unavailable,,null,nan
visual_span,7.4,7.48,0.08000000000000007,7.48,28,0,0.0,False,,disabled_or_unavailable,,null,"[[0.9999999888495152, -2.229436435705922e-06, -0.00014931844944188303], [2.2118063221282344e-06, 0.9999999930272179, -0.0001180706253039902], [0.000149318711631672, 0.00011807029372395499, 0.9999999818816641]]",nan,nan,False,,disabled_or_unavailable,,null,nan
visual_span,7.48,7.5600000000000005,0.08000000000000007,7.5600000000000005,28,0,0.0,False,,disabled_or_unavailable,,null,"[[0.9999999903343886, -3.476989160020935e-05, -0.00013461900888395238], [3.475622314373451e-05, 0.9999999942412858, -0.00010153537972415142], [0.00013462253848286657, 0.00010153069989443773, 0.9999999857841445]]",nan,nan,False,,disabled_or_unavailable,,null,nan
visual_span,7.5600000000000005,7.6,0.03999999999999915,7.6,28,0,0.0,False,,disabled_or_unavailable,,null,"[[0.9999999991163501, 5.016024023547424e-06, 4.173894312191377e-05], [-5.013508256552496e-06, 0.9999999981709705, -6.027374107940272e-05], [-4.1739245380105254e-05, 6.027353176760588e-05, 0.9999999973124685]]",nan,nan,False,,disabled_or_unavailable,,null,nan
visual_span,7.6,7.64,0.040000000000000036,7.64,28,0,0.0,False,,disabled_or_unavailable,,null,"[[0.9999999965951988, -5.949313648119409e-05, 5.718539506305094e-05], [5.949695368911213e-05, 0.9999999960021373, -6.675206464729564e-05], [-5.718142354473912e-05, 6.67554667768199e-05, 0.9999999961369963]]",nan,nan,False,,disabled_or_unavailable,,null,nan
visual_span,7.64,7.68,0.040000000000000036,7.68,28,0,0.0,False,,disabled_or_unavailable,,null,"[[0.9999999966965694, -4.561032165909506e-05, -6.727971679810961e-05], [4.5607572721186596e-05, 0.9999999981252332, -4.085931380255128e-05], [6.728158027842111e-05, 4.085624520299883e-05, 0.9999999969019784]]",nan,nan,False,,disabled_or_unavailable,,null,nan
visual_span,7.68,7.72,0.040000000000000036,7.72,28,0,0.0,False,,disabled_or_unavailable,,null,"[[0.9999999997337972, -1.6568368606306063e-05, -1.6059103099335157e-05], [1.656822426211991e-05, 0.9999999998223512, -8.988400685946173e-06], [1.605925201961802e-05, 8.988134612731836e-06, 0.9999999998306569]]",nan,nan,False,,disabled_or_unavailable,,null,nan
visual_span,7.72,7.76,0.040000000000000036,7.76,28,0,0.0,False,,disabled_or_unavailable,,null,"[[0.9999999935683713, -3.345653386296318e-05, -0.00010836935684794553], [3.3461198372038804e-05, 0.999999998513903, 4.3041166995411494e-05], [0.00010836791667863706, -4.304479288713363e-05, 0.9999999932017701]]",nan,nan,False,,disabled_or_unavailable,,null,nan
visual_span,7.76,7.84,0.08000000000000007,7.84,28,0,0.0,False,,disabled_or_unavailable,,null,"[[0.9999999948832947, -6.133769412104971e-05, -8.044313755424384e-05], [6.132322668044046e-05, 0.9999999819490697, -0.00017983693351001867], [8.045416688498966e-05, 0.0001798319995570869, 0.9999999805937896]]",nan,nan,False,,disabled_or_unavailable,,null,nan
visual_span,7.84,7.96,0.1200000000000001,7.96,28,0,0.0,False,,disabled_or_unavailable,,null,"[[0.9999999931116814, 2.3886085987896214e-06, -0.00011734961364797403], [-2.4021774247267753e-06, 0.9999999933122723, -0.00011562735438787673], [0.00011734933667467882, 0.00011562763548599138, 0.9999999864296916]]",nan,nan,False,,disabled_or_unavailable,,null,nan
visual_span,7.96,8.04,0.07999999999999918,8.04,28,0,0.0,False,,disabled_or_unavailable,,null,"[[0.9999999986273902, 2.03207761482533e-05, 4.8293742124595493e-05], [-2.031058656634618e-05, 0.9999999775368497, -0.0002109828907167729], [-4.829802837585927e-05, 0.0002109819095529457, 0.9999999765769668]]",nan,nan,False,,disabled_or_unavailable,,null,nan
visual_span,8.04,8.12,0.08000000000000007,8.12,28,0,0.0,False,,disabled_or_unavailable,,null,"[[0.9999999816239246, -0.00011618699825454703, -0.00015248846573687641], [0.00011617551736567173, 0.9999999904168123, -7.529691001933885e-05], [0.00015249721279750382, 7.527919320927786e-05, 0.9999999855388216]]",nan,nan,False,,disabled_or_unavailable,,null,nan
visual_span,8.12,8.16,0.040000000000000924,8.16,28,0,0.0,False,,disabled_or_unavailable,,null,"[[0.9999999891519943, -1.8258495574075287e-05, -0.0001461596345434227], [1.8252259544242998e-05, 0.9999999989231868, -4.2667102934393055e-05], [0.00014616041342314616, 4.2664434727955494e-05, 0.9999999884084398]]",nan,nan,False,,disabled_or_unavailable,,null,nan
visual_span,8.16,8.2,0.03999999999999915,8.2,28,0,0.0,False,,disabled_or_unavailable,,null,"[[0.9999999965540207, 4.9425333833498234e-05, -6.670153481560761e-05], [-4.9430962570733874e-05, 0.99999999521763, -8.43879122626283e-05], [6.669736359588111e-05, 8.439120909290019e-05, 0.9999999942147927]]",nan,nan,False,,disabled_or_unavailable,,null,nan
visual_span,8.2,8.24,0.040000000000000924,8.24,28,0,0.0,False,,disabled_or_unavailable,,null,"[[0.999999999602339, 3.8891011348872685e-06, -2.7932009829528338e-05], [-3.889649536343837e-06, 0.9999999997996999, -1.9633413139287578e-05], [2.793193346760423e-05, 1.9633521777209214e-05, 0.999999999417166]]",nan,nan,False,,disabled_or_unavailable,,null,nan
visual_span,8.24,8.28,0.03999999999999915,8.28,28,0,0.0,False,,disabled_or_unavailable,,null,"[[0.9999999883685915, 3.384484131801845e-05, -0.0001487190087072229], [-3.384196196384067e-05, 0.999999999239888, 1.9363510465974565e-05], [0.0001487196639491189, -1.93584772977137e-05, 0.9999999887538553]]",nan,nan,False,,disabled_or_unavailable,,null,nan
visual_span,8.28,8.32,0.040000000000000924,8.32,28,0,0.0,False,,disabled_or_unavailable,,null,"[[0.9999999974761156, -3.6556557904191605e-06, -7.095354013615314e-05], [3.650828085209512e-06, 0.9999999976785889, -6.804038147177156e-05], [7.09537887036553e-05, 6.804012226086844e-05, 0.9999999951680507]]",nan,nan,False,,disabled_or_unavailable,,null,nan
visual_span,8.32,8.36,0.03999999999999915,8.36,28,0,0.0,False,,disabled_or_unavailable,,null,"[[0.9999999900987045, -8.175227444973396e-05, -0.00011453888626534413], [8.175428330900004e-05, 0.9999999965043963, 1.7534093719674577e-05], [0.00011453745241291959, -1.7543457590621967e-05, 0.9999999932866995]]",nan,nan,False,,disabled_or_unavailable,,null,nan
visual_span,8.36,8.4,0.040000000000000924,8.4,28,0,0.0,False,,disabled_or_unavailable,,null,"[[0.9999999959956984, -7.708260052645187e-05, -4.546290882759543e-05], [7.708427877868732e-05, 0.9999999963476796, 3.69141601447018e-05], [4.54600632220901e-05, -3.6917664472424524e-05, 0.9999999982852346]]",nan,nan,False,,disabled_or_unavailable,,null,nan
visual_span,8.4,8.44,0.03999999999999915,8.44,28,0,0.0,False,,disabled_or_unavailable,,null,"[[0.9999999984293927, -4.2001037570452775e-07, -5.604496998831811e-05], [4.120214437322763e-07, 0.9999999898403816, -0.00014254496619224498], [5.6045029289287395e-05, 0.00014254494287663333, 0.9999999882699472]]",nan,nan,False,,disabled_or_unavailable,,null,nan
visual_span,8.44,8.48,0.040000000000000924,8.48,28,0,0.0,False,,disabled_or_unavailable,,null,"[[0.9999999990516729, -3.576309386646392e-05, 2.485267655877976e-05], [3.576286008088142e-05, 0.9999999993162609, 9.407238058145514e-06], [-2.4853012973724706e-05, -9.406349246429966e-06, 0.9999999996469242]]",nan,nan,False,,disabled_or_unavailable,,null,nan
visual_span,8.48,8.52,0.03999999999999915,8.52,28,0,0.0,False,,disabled_or_unavailable,,null,"[[0.9999999924911821, -5.498818484816439e-05, -0.00010951682698244377], [5.498377414059793e-05, 0.9999999976772801, -4.0276849037652445e-05], [0.00010951904147888685, 4.027082708674152e-05, 0.99999999319192]]",nan,nan,False,,disabled_or_unavailable,,null,nan
visual_span,8.52,8.56,0.040000000000000924,8.56,28,0,0.0,False,,disabled_or_unavailable,,null,"[[0.9999999998919054, 7.812789898449772e-06, 1.2455904921054228e-05], [-7.81291312215754e-06, 0.9999999999205457, 9.892776540367278e-06], [-1.245582762987993e-05, -9.89287385620093e-06, 0.9999999998734918]]",nan,nan,False,,disabled_or_unavailable,,null,nan
visual_span,8.56,8.6,0.03999999999999915,8.6,28,0,0.0,False,,disabled_or_unavailable,,null,"[[0.9999999928184283, -9.705800895328263e-05, -7.030566296779904e-05], [9.705364390697014e-05, 0.9999999933628696, -6.208744700303741e-05], [7.031168858515828e-05, 6.208062313637365e-05, 0.9999999956011314]]",nan,nan,False,,disabled_or_unavailable,,null,nan
visual_span,8.6,8.64,0.040000000000000924,8.64,28,0,0.0,False,,disabled_or_unavailable,,null,"[[0.9999999975461145, -2.832349418723161e-05, -6.407457278962966e-05], [2.8316845391429066e-05, 0.999999994215485, -0.00010376505315133111], [6.407751140786911e-05, 0.00010376323850693233, 0.9999999925636315]]",nan,nan,False,,disabled_or_unavailable,,null,nan
visual_span,8.64,8.68,0.03999999999999915,8.68,28,0,0.0,False,,disabled_or_unavailable,,null,"[[0.9999999975382526, -2.0904728566578305e-05, -6.698124858281992e-05], [2.089340838563605e-05, 0.999999985500985, -0.00016900146709836086], [6.698478054145483e-05, 0.0001690000672157411, 0.9999999834760084]]",nan,nan,False,,disabled_or_unavailable,,null,nan
visual_span,8.68,8.72,0.040000000000000924,8.72,28,0,0.0,False,,disabled_or_unavailable,,null,"[[0.9999999988734198, -1.802035578025215e-05, -4.391386281190273e-05], [1.802210939430956e-05, 0.9999999990402808, 3.9932971873851345e-05], [4.391314316339722e-05, -3.993376324930317e-05, 0.9999999982384653]]",nan,nan,False,,disabled_or_unavailable,,null,nan
visual_span,8.72,8.84,0.11999999999999922,8.84,28,0,0.0,False,,disabled_or_unavailable,,null,"[[0.9999998974954991, -0.00011277027350789285, -0.0004385109540676939], [0.00011274615496535802, 0.9999999921302586, -5.5025334775490765e-05], [0.00043851715583877854, 5.497588871116496e-05, 0.9999999023401731]]",nan,nan,False,,disabled_or_unavailable,,null,nan
visual_span,8.84,8.88,0.040000000000000924,8.88,28,0,0.0,False,,disabled_or_unavailable,,null,"[[0.9999999967808031, -2.339645477374711e-05, -7.67528484696761e-05], [2.3396903510154464e-05, 0.9999999997092068, 5.845618769729455e-06], [7.675271168060172e-05, -5.847414529901032e-06, 0.9999999970374146]]",nan,nan,False,,disabled_or_unavailable,,null,nan
visual_span,8.88,8.92,0.03999999999999915,8.92,28,0,0.0,False,,disabled_or_unavailable,,null,"[[0.9999999974296913, -5.377114762867752e-05, -4.7426590318099276e-05], [5.3769121288771825e-05, 0.9999999976416829, -4.272605907208436e-05], [4.742888763548229e-05, 4.2723508876178064e-05, 0.9999999979626014]]",nan,nan,False,,disabled_or_unavailable,,null,nan
visual_span,8.92,8.96,0.040000000000000924,8.96,28,0,0.0,False,,disabled_or_unavailable,,null,"[[0.9999999943088151, -8.71593729593681e-05, -6.152733781363485e-05], [8.71512486791022e-05, 0.9999999874858734, -0.00013203375645675294], [6.15388450230962e-05, 0.00013202839352100608, 0.9999999893907369]]",nan,nan,False,,disabled_or_unavailable,,null,nan
visual_span,8.96,9.12,0.15999999999999837,9.12,28,0,0.0,False,,disabled_or_unavailable,,null,"[[0.9999999197787885, -0.000133754010383506, -0.00037756096398739494], [0.00013372611888409866, 0.9999999883282709, -7.389711490132764e-05], [0.0003775708436160794, 7.384661921085539e-05, 0.9999999259934649]]",nan,nan,False,,disabled_or_unavailable,,null,nan
visual_span,9.12,9.2,0.08000000000000007,9.2,28,0,0.0,False,,disabled_or_unavailable,,null,"[[0.9999999979545018, 5.9246279883638865e-06, -6.368591121595416e-05], [-5.928260827805025e-06, 0.9999999983554745, -5.70430255095879e-05], [6.368557315251559e-05, 5.704340293959923e-05, 0.999999996345099]]",nan,nan,False,,disabled_or_unavailable,,null,nan
visual_span,9.2,9.24,0.040000000000000924,9.24,28,0,0.0,False,,disabled_or_unavailable,,null,"[[0.9999999966905474, 1.4605987971276736e-05, -8.003480816024683e-05], [-1.4607719463112673e-05, 0.999999999659299, -2.1633692995035537e-05], [8.003449215151923e-05, 2.163486204946474e-05, 0.9999999965632065]]",nan,nan,False,,disabled_or_unavailable,,null,nan
visual_span,9.24,9.44,0.1999999999999993,9.44,28,0,0.0,False,,disabled_or_unavailable,,null,"[[0.9999999830146359, 2.810399953294632e-05, -0.00018215623255077589], [-2.8122441200390217e-05, 0.9999999944798798, -0.00010123916515625042], [0.00018215338631980135, 0.00010124428611460554, 0.9999999782848689]]",nan,nan,False,,disabled_or_unavailable,,null,nan
visual_span,9.44,9.48,0.040000000000000924,9.48,28,0,0.0,False,,disabled_or_unavailable,,null,"[[0.9999999980196741, -4.082710246118468e-06, -6.28011405596886e-05], [4.07597934497359e-06, 0.9999999942481568, -0.00010717776259395152], [6.28015777742158e-05, 0.00010717750640555287, 0.9999999922844719]]",nan,nan,False,,disabled_or_unavailable,,null,nan
visual_span,9.48,9.52,0.03999999999999915,9.52,28,0,0.0,False,,disabled_or_unavailable,,null,"[[0.9999999961025512, -3.8595315443007326e-05, -7.940591667694133e-05], [3.859231604234765e-05, 0.9999999985418717, -3.777419769031087e-05], [7.940737446823277e-05, 3.7771133084855834e-05, 0.9999999961339054]]",nan,nan,False,,disabled_or_unavailable,,null,nan
visual_span,9.52,9.6,0.08000000000000007,9.6,28,0,0.0,False,,disabled_or_unavailable,,null,"[[0.9999999807013918, -9.61627840356828e-05, -0.00017131822757242103], [9.615890251471393e-05, 0.9999999951198844, -2.2664882023172797e-05], [0.00017132040625452344, 2.264840781302799e-05, 0.999999985068184]]",nan,nan,False,,disabled_or_unavailable,,null,nan
visual_span,9.6,9.64,0.040000000000000924,9.64,28,0,0.0,False,,disabled_or_unavailable,,null,"[[0.9999999974983305, -2.8851279611293888e-05, 6.458283671971425e-05], [2.8851211918306774e-05, 0.9999999995832535, 1.0490889388569294e-06], [-6.45828669603579e-05, -1.0472256431239695e-06, 0.9999999979139783]]",nan,nan,False,,disabled_or_unavailable,,null,nan
visual_span,9.64,9.68,0.03999999999999915,9.68,28,0,0.0,False,,disabled_or_unavailable,,null,"[[0.9999999943794148, -9.439367657771565e-05, 4.828048027197639e-05], [9.439739250627427e-05, 0.9999999925824563, -7.696895594913428e-05], [-4.8273214531119415e-05, 7.69735130679703e-05, 0.9999999958723877]]",nan,nan,False,,disabled_or_unavailable,,null,nan
visual_span,9.68,9.72,0.040000000000000924,9.72,28,0,0.0,False,,disabled_or_unavailable,,null,"[[0.9999999993196397, -2.512987580677736e-05, -2.7003897138180302e-05], [2.5128899958512115e-05, 0.9999999990313264, -3.61370440094412e-05], [2.7004805231450316e-05, 3.613636540662531e-05, 0.9999999989824521]]",nan,nan,False,,disabled_or_unavailable,,null,nan
visual_span,9.72,9.76,0.03999999999999915,9.76,28,0,0.0,False,,disabled_or_unavailable,,null,"[[0.9999999948252419, -7.579222247020733e-05, -6.78605610136163e-05], [7.579245491669994e-05, 0.9999999971218945, 3.422789607763847e-06], [6.7860301397475e-05, -3.4279329085629845e-06, 0.9999999976916146]]",nan,nan,False,,disabled_or_unavailable,,null,nan
visual_span,9.76,9.8,0.040000000000000924,9.8,28,0,0.0,False,,disabled_or_unavailable,,null,"[[0.9999999948997372, -6.003685683528934e-05, -8.121638478906506e-05], [6.0030642337284775e-05, 0.9999999952706541, -7.651806045894075e-05], [8.122097830880578e-05, 7.651318459693133e-05, 0.9999999937744426]]",nan,nan,False,,disabled_or_unavailable,,null,nan
visual_span,9.8,9.84,0.03999999999999915,9.84,28,0,0.0,False,,disabled_or_unavailable,,null,"[[0.9999999941063626, -4.510329605169969e-05, -9.875711569288675e-05], [4.509933762651648e-05, 0.99999999817965, -4.008429013733374e-05], [9.875892344671928e-05, 4.00798360205878e-05, 0.9999999943201411]]",nan,nan,False,,disabled_or_unavailable,,null,nan
visual_span,9.84,9.92,0.08000000000000007,9.92,28,0,0.0,False,,disabled_or_unavailable,,null,"[[0.9999999882485114, -8.11972761368012e-05, -0.00013003837561944347], [8.121917919636345e-05, 0.9999999825158857, 0.0001684389294629886], [0.00013002469656356989, -0.0001684494890937123, 0.9999999773591736]]",nan,nan,False,,disabled_or_unavailable,,null,nan
visual_span,9.92,9.96,0.040000000000000924,9.96,28,0,0.0,False,,disabled_or_unavailable,,null,"[[0.9999999979097068, -4.8178571360373414e-05, -4.312089637803207e-05], [4.817977486713781e-05, 0.9999999984498859, 2.7909455459145266e-05], [4.3119551673498284e-05, -2.7911532955885883e-05, 0.9999999986808253]]",nan,nan,False,,disabled_or_unavailable,,null,nan
visual_span,9.96,10.08,0.11999999999999922,10.08,28,0,0.0,False,,disabled_or_unavailable,,null,"[[0.9999999972914427, -7.050388944391132e-05, -2.112619148845206e-05], [7.050389928491975e-05, 0.9999999975144919, 4.650759030861194e-07], [2.1126158646282686e-05, -4.665653807034105e-07, 0.9999999997767338]]",nan,nan,False,,disabled_or_unavailable,,null,nan
visual_span,10.08,10.12,0.03999999999999915,10.12,28,0,0.0,False,,disabled_or_unavailable,,null,"[[0.9999999984350134, -2.5061488633384842e-05, 5.0018948818673553e-05], [2.506132262028669e-05, 0.9999999996804552, 3.3196281497651997e-06], [-5.00190319975134e-05, -3.3183746035565533e-06, 0.9999999987435425]]",nan,nan,False,,disabled_or_unavailable,,null,nan
visual_span,10.12,10.24,0.120000000000001,10.24,28,0,0.0,False,,disabled_or_unavailable,,null,"[[0.9999999958431727, -8.63300551901154e-05, -2.9338991781729875e-05], [8.633044858797312e-05, 0.9999999961836437, 1.3407702150085054e-05], [2.9337834182095236e-05, -1.3410234942673186e-05, 0.9999999994797286]]",nan,nan,False,,disabled_or_unavailable,,null,nan
visual_span,10.24,10.28,0.03999999999999915,10.28,28,0,0.0,False,,disabled_or_unavailable,,null,"[[0.9999999985682377, -4.947879299233954e-05, 2.038073131553844e-05], [4.947939077227391e-05, 0.999999998345736, -2.933118215305071e-05], [-2.0379280010333357e-05, 2.9332190537224405e-05, 0.999999999362154]]",nan,nan,False,,disabled_or_unavailable,,null,nan
visual_span,10.28,10.32,0.040000000000000924,10.32,28,0,0.0,False,,disabled_or_unavailable,,null,"[[0.9999999995022015, 2.2224873401136038e-05, -2.2397594646296236e-05], [-2.2223649066958167e-05, 0.9999999982590653, 5.466241210489339e-05], [2.2398809472492316e-05, -5.4661914321399155e-05, 0.9999999982551844]]",nan,nan,False,,disabled_or_unavailable,,null,nan
visual_span,10.32,10.36,0.03999999999999915,10.36,28,0,0.0,False,,disabled_or_unavailable,,null,"[[0.999999995435447, 2.525893506884006e-05, -9.214712142882862e-05], [-2.5264251789673022e-05, 0.9999999980163599, -5.7697468300087205e-05], [9.214566386943645e-05, 5.769979606480153e-05, 0.9999999940899551]]",nan,nan,False,,disabled_or_unavailable,,null,nan
visual_span,10.36,10.4,0.040000000000000924,10.4,28,0,0.0,False,,disabled_or_unavailable,,null,"[[0.9999999992911176, -1.5157182947358615e-05, -3.446774235345334e-05], [1.5155924015665269e-05, 0.9999999992181153, -3.6524892551347025e-05], [3.4468295940982064e-05, 3.6524370134971065e-05, 0.9999999987389537]]",nan,nan,False,,disabled_or_unavailable,,null,nan
visual_span,10.4,10.44,0.03999999999999915,10.44,28,0,0.0,False,,disabled_or_unavailable,,null,"[[0.999999996993245, -5.935332619101961e-05, -4.990683829565554e-05], [5.935466521362432e-05, 0.9999999978786037, 2.6829390468756493e-05], [4.990524577621937e-05, -2.6832352591766002e-05, 0.9999999983947455]]",nan,nan,False,,disabled_or_unavailable,,null,nan
visual_span,10.44,10.48,0.040000000000000924,10.48,28,0,0.0,False,,disabled_or_unavailable,,null,"[[0.9999999967405377, -5.323639617054622e-05, -6.0702640839057834e-05], [5.324117333857569e-05, 0.9999999954859254, 7.869896167445804e-05], [6.069845091593967e-05, -7.870219329776478e-05, 0.9999999950608314]]",nan,nan,False,,disabled_or_unavailable,,null,nan
visual_span,10.48,10.52,0.03999999999999915,10.52,28,0,0.0,False,,disabled_or_unavailable,,null,"[[0.9999999992804766, -3.7926830541957836e-05, -7.763462418265437e-07], [3.792682128768823e-05, 0.9999999992097728, -1.1916832370652605e-05], [7.767982088949722e-07, 1.1916802917732993e-05, 0.9999999999286934]]",nan,nan,False,,disabled_or_unavailable,,null,nan
visual_span,10.52,10.56,0.040000000000000924,10.56,28,0,0.0,False,,disabled_or_unavailable,,null,"[[0.9999999983044302, -2.812619549794846e-05, -5.0990750824961616e-05], [2.8126714434638966e-05, 0.9999999995526645, 1.0176386367139902e-05], [5.0990464579119225e-05, -1.0177820552172392e-05, 0.9999999986481922]]",nan,nan,False,,disabled_or_unavailable,,null,nan
visual_span,10.56,10.6,0.03999999999999915,10.6,28,0,0.0,False,,disabled_or_unavailable,,null,"[[0.9999999992748765, -1.6757272899655357e-05, -3.41970945171122e-05], [1.6759730151076122e-05, 0.9999999972778748, 7.185653980221914e-05], [3.4195890304376324e-05, -7.185711288419032e-05, 0.9999999968335984]]",nan,nan,False,,disabled_or_unavailable,,null,nan
visual_span,10.6,10.68,0.08000000000000007,10.68,28,0,0.0,False,,disabled_or_unavailable,,null,"[[0.9999999985470275, 3.964533032337586e-05, 3.652661232532189e-05], [-3.964881271399389e-05, 0.9999999946688748, 9.534265955459834e-05], [-3.6522832239361986e-05, -9.534410765287922e-05, 0.9999999947877922]]",nan,nan,False,,disabled_or_unavailable,,null,nan
visual_span,10.68,10.72,0.040000000000000924,10.72,28,0,0.0,False,,disabled_or_unavailable,,null,"[[0.9999999990315557, 1.4739792731296804e-05, -4.146838827327719e-05], [-1.4740725326185565e-05, 0.9999999996384762, -2.248908097974493e-05], [4.146805677389301e-05, 2.2489692232086764e-05, 0.9999999988873071]]",nan,nan,False,,disabled_or_unavailable,,null,nan
visual_span,10.72,10.8,0.08000000000000007,10.8,28,0,0.0,False,,disabled_or_unavailable,,null,"[[0.9999999986448169, -5.15764278270246e-05, -7.087885640791086e-06], [5.15765932483503e-05, 0.9999999983975404, 2.3340399026970252e-05], [7.086681815027168e-06, -2.3340764564334424e-05, 0.9999999997024938]]",nan,nan,False,,disabled_or_unavailable,,null,nan
visual_span,10.8,10.84,0.03999999999999915,10.84,28,0,0.0,False,,disabled_or_unavailable,,null,"[[0.9999999996656823, -7.409427013408542e-06, -2.477369352867861e-05], [7.410262171260586e-06, 0.9999999994043095, 3.3711557278300115e-05], [2.4773443730597992e-05, -3.371174084659374e-05, 0.9999999991248976]]",nan,nan,False,,disabled_or_unavailable,,null,nan
visual_span,10.84,10.92,0.08000000000000007,10.92,28,0,0.0,False,,disabled_or_unavailable,,null,"[[0.9999999969496807, -2.506985371231403e-07, 7.810618750525788e-05], [2.473379877377816e-07, 0.9999999990743772, 4.3025399332672224e-05], [-7.810619821936565e-05, -4.302537988280375e-05, 0.9999999960241196]]",nan,nan,False,,disabled_or_unavailable,,null,nan
visual_span,10.92,10.96,0.040000000000000924,10.96,28,0,0.0,False,,disabled_or_unavailable,,null,"[[0.999999998509126, -4.2771212149434604e-05, 3.3946595197737935e-05], [4.276936166459719e-05, 0.9999999975996934, 5.451050175544028e-05], [-3.394892659649066e-05, -5.45090497999647e-05, 0.9999999979381169]]",nan,nan,False,,disabled_or_unavailable,,null,nan
visual_span,10.96,11.0,0.03999999999999915,11.0,28,0,0.0,False,,disabled_or_unavailable,,null,"[[0.999999999569422, 2.2616830425682735e-05, 1.8698532540200163e-05], [-2.2616626229575772e-05, 0.9999999996846146, -1.0920574207288633e-05], [-1.8698779523077916e-05, 1.0920151304864971e-05, 0.999999999765553]]",nan,nan,False,,disabled_or_unavailable,,null,nan
visual_span,11.0,11.08,0.08000000000000007,11.08,28,0,0.0,False,,disabled_or_unavailable,,null,"[[0.999999996636624, -6.46520598057283e-05, -5.0466456411049214e-05], [6.465450831635001e-05, 0.9999999967329253, 4.851746212286152e-05], [5.046331949230874e-05, -4.852072484360477e-05, 0.9999999975495963]]",nan,nan,False,,disabled_or_unavailable,,null,nan
visual_span,11.08,11.12,0.03999999999999915,11.12,28,0,0.0,False,,disabled_or_unavailable,,null,"[[0.9999999948124745, -4.807947700341801e-05, -8.979651959900371e-05], [4.8084546086120445e-05, 0.9999999972506671, 5.644946454213834e-05], [8.979380529139089e-05, -5.645378207419034e-05, 0.9999999943750214]]",nan,nan,False,,disabled_or_unavailable,,null,nan
visual_span,11.12,11.16,0.040000000000000924,11.16,28,0,0.0,False,,disabled_or_unavailable,,null,"[[0.9999999984655872, -3.0402903349927405e-05, 4.630863235611683e-05], [3.040053039690928e-05, 0.9999999982250342, 5.124197326160099e-05], [-4.631019017868111e-05, -5.1240565375989065e-05, 0.9999999976148856]]",nan,nan,False,,disabled_or_unavailable,,null,nan
visual_span,11.16,11.2,0.03999999999999915,11.2,28,0,0.0,False,,disabled_or_unavailable,,null,"[[0.9999999999122522, 1.1603765451750448e-05, 6.391273168360761e-06], [-1.1603771987932736e-05, 0.9999999999321534, 1.0226368341335908e-06], [-6.3912613014891685e-06, -1.0227109969204148e-06, 0.999999999979053]]",nan,nan,False,,disabled_or_unavailable,,null,nan
visual_span,11.2,11.28,0.08000000000000007,11.28,28,0,0.0,False,,disabled_or_unavailable,,null,"[[0.9999999954776023, 4.415605690241645e-06, 9.5001569777467e-05], [-4.410221114141241e-06, 0.9999999983840236, -5.667894669821581e-05], [-9.500181989582623e-05, 5.6678527463962144e-05, 0.9999999938810995]]",nan,nan,False,,disabled_or_unavailable,,null,nan
visual_span,11.28,11.36,0.08000000000000007,11.36,28,0,0.0,False,,disabled_or_unavailable,,null,"[[0.9999999961083355, -7.375896858109136e-05, -4.8403965893178066e-05], [7.37706173452268e-05, 0.999999968310803, 0.0002406995830291274], [4.838621060631312e-05, -0.00024070315288285122, 0.9999999698603831]]",nan,nan,False,,disabled_or_unavailable,,null,nan
visual_span,11.36,11.4,0.040000000000000924,11.4,28,0,0.0,False,,disabled_or_unavailable,,null,"[[0.9999999977502804, -6.260272547214982e-05, 2.4090216612428764e-05], [6.259910391191586e-05, 0.9999999867449344, 0.00015030463691556622], [-2.409962577303337e-05, -0.00015030312855144988, 0.999999988414089]]",nan,nan,False,,disabled_or_unavailable,,null,nan
visual_span,11.4,11.44,0.03999999999999915,11.44,28,0,0.0,False,,disabled_or_unavailable,,null,"[[0.999999999853911, 1.7088352854444126e-05, 4.07550806158564e-07], [-1.708834911739583e-05, 0.9999999998119701, -9.167768869792842e-06], [-4.077074681512673e-07, 9.167761904083075e-06, 0.9999999999578929]]",nan,nan,False,,disabled_or_unavailable,,null,nan
visual_span,11.44,11.48,0.040000000000000924,11.48,28,0,0.0,False,,disabled_or_unavailable,,null,"[[0.9999999990574571, -6.698919130077494e-07, -4.341241575432062e-05], [6.714258376651666e-07, 0.9999999993755372, 3.533377298266204e-05], [4.341239205740239e-05, -3.5333802097576036e-05, 0.9999999984334437]]",nan,nan,False,,disabled_or_unavailable,,null,nan
visual_span,11.48,11.52,0.03999999999999915,11.52,28,0,0.0,False,,disabled_or_unavailable,,null,"[[0.9999999966877979, -3.446020651708773e-05, -7.373532894827511e-05], [3.4460810498757476e-05, 0.9999999993726888, 8.189956625486504e-06], [7.373504667442341e-05, -8.19249757755766e-06, 0.9999999972480131]]",nan,nan,False,,disabled_or_unavailable,,null,nan
visual_span,11.52,11.56,0.040000000000000924,11.56,28,0,0.0,False,,disabled_or_unavailable,,null,"[[0.9999999975582953, -5.902691976967065e-05, 3.7406310309470076e-05], [5.9027152196511215e-05, 0.9999999982386001, -6.212499489667197e-06], [-3.740594353887365e-05, 6.214707462469855e-06, 0.9999999992810864]]",nan,nan,False,,disabled_or_unavailable,,null,nan
visual_span,11.56,11.6,0.03999999999999915,11.6,28,0,0.0,False,,disabled_or_unavailable,,null,"[[0.999999998160885, -5.754520268633966e-05, -1.9151499515254135e-05], [5.7546226110227304e-05, 0.9999999969161893, 5.3442056127600154e-05], [1.9148424122242694e-05, -5.344315812583551e-05, 0.9999999983885834]]",nan,nan,False,,disabled_or_unavailable,,null,nan
visual_span,11.6,11.64,0.040000000000000924,11.64,28,0,0.0,False,,disabled_or_unavailable,,null,"[[0.9999999998925839, 1.4589433539236472e-05, 1.4074506604198546e-06], [-1.4589636994306425e-05, 0.9999999894297067, 0.00014466419542037186], [-1.4053400768780954e-06, -0.00014466421593902677, 0.999999989535145]]",nan,nan,False,,disabled_or_unavailable,,null,nan
visual_span,11.64,11.68,0.03999999999999915,11.68,28,0,0.0,False,,disabled_or_unavailable,,null,"[[0.9999999955825556, 3.149695873879069e-05, 8.855975467506111e-05], [-3.149207628483752e-05, 0.9999999979843226, -5.513260055739587e-05], [-8.856149100579815e-05, 5.5129811383300676e-05, 0.999999994558783]]",nan,nan,False,,disabled_or_unavailable,,null,nan
visual_span,11.68,11.8,0.120000000000001,11.8,28,0,0.0,False,,disabled_or_unavailable,,null,"[[0.9999999905561336, -4.1411256556149305e-05, -0.00013104518540042092], [4.143379130963954e-05, 0.9999999843558699, 0.00017196366252813898], [0.00013103806211898567, -0.00017196909060300113, 0.9999999766278289]]",nan,nan,False,,disabled_or_unavailable,,null,nan
visual_span,11.8,11.84,0.03999999999999915,11.84,28,0,0.0,False,,disabled_or_unavailable,,null,"[[0.9999999869333993, 4.8473784343028285e-05, -0.00015421897916610653], [-4.847618527944608e-05, 0.9999999987039004, -1.5564659023536655e-05], [0.0001542182244882985, 1.5572134767967134e-05, 0.9999999879871239]]",nan,nan,False,,disabled_or_unavailable,,null,nan
visual_span,11.84,11.88,0.040000000000000924,11.88,28,0,0.0,False,,disabled_or_unavailable,,null,"[[0.9999999978902703, -4.5817074836993494e-05, 4.60462266542551e-05], [4.581509063191421e-05, 0.9999999980220405, 4.309172013855659e-05], [-4.6048200899743974e-05, -4.3089610435597294e-05, 0.9999999980114244]]",nan,nan,False,,disabled_or_unavailable,,null,nan
visual_span,11.88,11.92,0.03999999999999915,11.92,28,0,0.0,False,,disabled_or_unavailable,,null,"[[0.999999997626181, 1.8186117988687974e-05, -6.645978891684528e-05], [-1.8179007017667812e-05, 0.9999999941107294, 0.00010699563129466413], [6.64617343606206e-05, -0.00010699442286770672, 0.9999999920675158]]",nan,nan,False,,disabled_or_unavailable,,null,nan
visual_span,11.92,11.96,0.040000000000000924,11.96,28,0,0.0,False,,disabled_or_unavailable,,null,"[[0.9999999995819316, -5.339922625230179e-06, -2.8418695263720983e-05], [5.339230918394722e-06, 0.9999999996895318, -2.4339872162509e-05], [2.8418825227931933e-05, 2.4339720418356852e-05, 0.9999999992999743]]",nan,nan,False,,disabled_or_unavailable,,null,nan
visual_span,11.96,12.0,0.03999999999999915,12.0,28,0,0.0,False,,disabled_or_unavailable,,null,"[[0.9999999958333062, -6.658100923618841e-06, 9.104426137270815e-05], [6.664271930462235e-06, 0.999999997680719, -6.778015906085565e-05], [-9.104380987441126e-05, 6.778076552215198e-05, 0.9999999935583964]]",nan,nan,False,,disabled_or_unavailable,,null,nan
visual_span,12.0,12.08,0.08000000000000007,12.08,28,0,0.0,False,,disabled_or_unavailable,,null,"[[0.9999999977801961, 1.2910236932508467e-05, 6.536768532908107e-05], [-1.2899875517388368e-05, 0.9999999873544537, -0.00015850768535146005], [-6.536973087424447e-05, 0.0001585068417646004, 0.9999999853011899]]",nan,nan,False,,disabled_or_unavailable,,null,nan
visual_span,12.08,12.16,0.08000000000000007,12.16,28,0,0.0,False,,disabled_or_unavailable,,null,"[[0.9999999711959756, 5.849777714785944e-06, 0.00023994546871865754], [-5.861151730308831e-06, 0.9999999988593569, 4.7401826053962824e-05], [-0.00023994519115481968, -4.740323104539863e-05, 0.999999970089619]]",nan,nan,False,,disabled_or_unavailable,,null,nan
visual_span,12.16,12.2,0.03999999999999915,12.2,28,0,0.0,False,,disabled_or_unavailable,,null,"[[0.9999999975565173, -1.5757572767611133e-05, 6.810774073566048e-05], [1.575825195160715e-05, 0.9999999998261216, -9.971674637421616e-06], [-6.81075835944293e-05, 9.972747871994368e-06, 0.9999999976309507]]",nan,nan,False,,disabled_or_unavailable,,null,nan
visual_span,12.2,12.24,0.040000000000000924,12.24,28,0,0.0,False,,disabled_or_unavailable,,null,"[[0.999999998736458, -4.304562163071687e-05, 2.5964564434887007e-05], [4.304422561788673e-05, 0.9999999976283005, 5.376424205191567e-05], [-2.596687868852749e-05, -5.376312435941268e-05, 0.9999999982176239]]",nan,nan,False,,disabled_or_unavailable,,null,nan
visual_span,12.24,12.28,0.03999999999999915,12.28,28,0,0.0,False,,disabled_or_unavailable,,null,"[[0.9999999997819795, 7.523713294422101e-06, 1.947908910999341e-05], [-7.525498965643974e-06, 0.9999999957697382, 9.167273676682818e-05], [-1.9478399308203414e-05, -9.16728833367066e-05, 0.9999999956083373]]",nan,nan,False,,disabled_or_unavailable,,null,nan
visual_span,12.28,12.36,0.08000000000000007,12.36,28,0,0.0,False,,disabled_or_unavailable,,null,"[[0.9999999992601556, 2.1079670201234563e-05, 3.21766460451175e-05], [-2.1081525145931356e-05, 0.9999999981160501, 5.764953905352721e-05], [-3.217543075122781e-05, -5.765021734364822e-05, 0.9999999978205972]]",nan,nan,False,,disabled_or_unavailable,,null,nan
visual_span,12.36,12.4,0.040000000000000924,12.4,28,0,0.0,False,,disabled_or_unavailable,,null,"[[0.9999999920878885, 3.2698590322148644e-05, 0.00012147026505948674], [-3.2700237940480194e-05, 0.9999999993733834, 1.3562002950236728e-05], [-0.00012146982152499302, -1.3565974949502786e-05, 0.9999999925305235]]",nan,nan,False,,disabled_or_unavailable,,null,nan
visual_span,12.4,12.48,0.08000000000000007,12.48,28,0,0.0,False,,disabled_or_unavailable,,null,"[[0.999999989841123, 2.450618879089269e-05, 0.00014041794939829007], [-2.450065729570547e-05, 0.9999999989238892, -3.939466242535247e-05], [-0.00014041891466021954, 3.9391221693090564e-05, 0.99999998936543]]",nan,nan,False,,disabled_or_unavailable,,null,nan
visual_span,12.48,12.52,0.03999999999999915,12.52,28,0,0.0,False,,disabled_or_unavailable,,null,"[[0.9999999979755514, 2.723643557274339e-05, 5.750716739158934e-05], [-2.723357377015096e-05, 0.999999998390915, -4.976447335989632e-05], [-5.7508522705927884e-05, 4.9762907133465216e-05, 0.9999999971082116]]",nan,nan,False,,disabled_or_unavailable,,null,nan
visual_span,12.52,12.56,0.040000000000000924,12.56,28,0,0.0,False,,disabled_or_unavailable,,null,"[[0.9999999993615243, 3.186521672913943e-05, -1.617280917560034e-05], [-3.1866432811720704e-05, 0.9999999966648697, -7.519834660589934e-05], [1.617041291004964e-05, 7.519886192762398e-05, 0.9999999970418246]]",nan,nan,False,,disabled_or_unavailable,,null,nan
visual_span,12.56,12.6,0.03999999999999915,12.6,28,0,0.0,False,,disabled_or_unavailable,,null,"[[0.9999999930734779, -1.1717930128918476e-05, 0.00011711419553482058], [1.1718225488161876e-05, 0.9999999999281634, -2.5212905854869626e-06], [-0.00011711416598210056, 2.5226629385743286e-06, 0.9999999931389544]]",nan,nan,False,,disabled_or_unavailable,,null,nan
visual_span,12.6,12.68,0.08000000000000007,12.68,28,0,0.0,False,,disabled_or_unavailable,,null,"[[0.9999999837731364, 4.075306572789638e-05, 0.00017547910100420303], [-4.074505669761097e-05, 0.9999999981282206, -4.564426831063421e-05], [-0.00017548096081961142, 4.5637117664051215e-05, 0.9999999835618428]]",nan,nan,False,,disabled_or_unavailable,,null,nan
visual_span,12.68,12.72,0.040000000000000924,12.72,28,0,0.0,False,,disabled_or_unavailable,,null,"[[0.9999999997016256, -1.273450954487735e-05, 2.084661866525475e-05], [1.2732719122769197e-05, 0.9999999962309623, 8.588337222322054e-05], [-2.084771226930638e-05, -8.588310676345499e-05, 0.9999999960947326]]",nan,nan,False,,disabled_or_unavailable,,null,nan
visual_span,12.72,12.76,0.03999999999999915,12.76,28,0,0.0,False,,disabled_or_unavailable,,null,"[[0.9999999998565129, -1.6741800509229482e-05, 2.5858237626239443e-06], [1.6741619779974197e-05, 0.9999999974184932, 6.987654805837805e-05], [-2.5869936151764897e-06, -6.987650475747341e-05, 0.9999999975552909]]",nan,nan,False,,disabled_or_unavailable,,null,nan
visual_span,12.76,12.8,0.040000000000000924,12.8,28,0,0.0,False,,disabled_or_unavailable,,null,"[[0.9999999998816876, -1.945148643956782e-06, 1.525912706318625e-05], [1.9454218670356625e-06, 0.9999999998378032, -1.790555665988312e-05], [-1.525909223174201e-05, 1.7905586343204135e-05, 0.999999999723275]]",nan,nan,False,,disabled_or_unavailable,,null,nan
visual_span,12.8,12.84,0.03999999999999915,12.84,28,0,0.0,False,,disabled_or_unavailable,,null,"[[0.9999999968226858, -3.716481725248527e-05, 7.052237124295603e-05], [3.7164110007927035e-05, 0.9999999992591146, 1.0029939336234857e-05], [-7.052274395156951e-05, -1.0027318403203694e-05, 0.9999999974629977]]",nan,nan,False,,disabled_or_unavailable,,null,nan
visual_span,12.84,12.88,0.040000000000000924,12.88,28,0,0.0,False,,disabled_or_unavailable,,null,"[[0.999999995138403, -2.8243683902540414e-05, 9.447480367731551e-05], [2.8244431794076754e-05, 0.9999999995698027, -7.914982032738318e-06], [-9.447458008842207e-05, 7.917650381407588e-06, 0.9999999955059323]]",nan,nan,False,,disabled_or_unavailable,,null,nan
visual_span,12.88,12.96,0.08000000000000007,12.96,28,0,0.0,False,,disabled_or_unavailable,,null,"[[0.9999999937787897, -5.3489991139122685e-06, 0.00011141727412655928], [5.35306935032161e-06, 0.9999999993184081, -3.65312002516154e-05], [-0.00011141707864526038, 3.6531796448742345e-05, 0.9999999931258313]]",nan,nan,False,,disabled_or_unavailable,,null,nan
visual_span,12.96,13.0,0.03999999999999915,13.0,28,0,0.0,False,,disabled_or_unavailable,,null,"[[0.9999999961745323, 2.067058905049968e-05, 8.499213342682994e-05], [-2.0664551313521857e-05, 0.9999999972632159, -7.103903873242088e-05], [-8.499360161300097e-05, 7.103728213636087e-05, 0.9999999938648964]]",nan,nan,False,,disabled_or_unavailable,,null,nan
visual_span,13.0,13.04,0.03999999999999915,13.04,28,0,0.0,False,,disabled_or_unavailable,,null,"[[0.9999999932859129, -2.7335786475691093e-05, 0.00011260963194047284], [2.732948865494072e-05, 0.9999999980626189, 5.592728769801738e-05], [-0.00011261116053869973, -5.592420975885814e-05, 0.9999999920956048]]",nan,nan,False,,disabled_or_unavailable,,null,nan
visual_span,13.04,13.08,0.040000000000000924,13.08,28,0,0.0,False,,disabled_or_unavailable,,null,"[[0.999999998336264, 2.32827393677128e-05, 5.27767568595531e-05], [-2.328229568223874e-05, 0.9999999996936249, -8.40743355228497e-06], [-5.277695259146776e-05, 8.406204774238867e-06, 0.9999999985719645]]",nan,nan,False,,disabled_or_unavailable,,null,nan
visual_span,13.08,13.16,0.08000000000000007,13.16,26,0,0.0,False,,disabled_or_unavailable,,null,"[[0.999995917155411, -2.9115416573931103e-05, 0.002857415755710102], [2.9673958838288114e-05, 0.9999999804634963, -0.00019542892135744017], [-0.0028574100098917323, 0.0001955129142890449, 0.9999958984829567]]",nan,nan,False,,disabled_or_unavailable,,null,nan
visual_span,13.16,13.28,0.11999999999999922,13.28,29,0,0.0,False,,disabled_or_unavailable,,null,"[[0.9999240991173677, 7.200812059119189e-05, 0.012320341681586355], [-7.233220415808987e-05, 0.9999999970496779, 2.5859161169446466e-05], [-0.012320339783167784, -2.6748355906099502e-05, 0.9999241013757757]]",nan,nan,False,,disabled_or_unavailable,,null,nan
visual_span,13.28,13.32,0.040000000000000924,13.32,29,0,0.0,False,,disabled_or_unavailable,,null,"[[0.9999959246553047, -4.7481715794017085e-05, 0.0028545434432430622], [4.753031157107944e-05, 0.9999999987266791, -1.6956173931510567e-05], [-0.00285454263450008, 1.70917821685076e-05, 0.9999959256388096]]",nan,nan,False,,disabled_or_unavailable,,null,nan
visual_span,13.32,13.36,0.03999999999999915,13.36,29,0,0.0,False,,disabled_or_unavailable,,null,"[[0.9999975658558709, 4.482300103974832e-06, 0.0022064138874908507], [-4.697055114826032e-06, 0.9999999952526987, 9.732697932984166e-05], [-0.002206413440767609, -9.733710606958194e-05, 0.9999975611296343]]",nan,nan,False,,disabled_or_unavailable,,null,nan
visual_span,13.36,13.88,0.5200000000000014,13.88,26,0,0.0,False,,disabled_or_unavailable,,null,"[[0.9999000395284903, 0.0003385649202742801, -0.014134932780830892], [-0.0003316104426712053, 0.9999998228276257, 0.0004943472787084748], [0.01413509764515829, -0.0004896105722048265, 0.9998999746454891]]",nan,nan,False,,disabled_or_unavailable,,null,nan
visual_span,13.88,14.36,0.47999999999999865,14.36,29,0,0.0,False,,disabled_or_unavailable,,null,"[[0.9999234984687031, -0.0001613176708679608, -0.012368152114133592], [0.00016784090103114314, 0.9999998473739096, 0.0005263854000538142], [0.012368065311164175, -0.0005284210125595843, 0.9999233729299921]]",nan,nan,False,,disabled_or_unavailable,,null,nan
visual_span,14.36,14.68,0.3200000000000003,14.68,28,0,0.0,False,,disabled_or_unavailable,,null,"[[0.9999835826336426, 0.00021873755229795232, 0.0057259599255080834], [-0.00021846158976598256, 0.9999999749455514, -4.8820393298575196e-05], [-0.005725970460900645, 4.756868948802989e-05, 0.9999836053653586]]",nan,nan,False,,disabled_or_unavailable,,null,nan
visual_span,14.68,14.8,0.120000000000001,14.8,29,0,0.0,False,,disabled_or_unavailable,,null,"[[0.9999953680656132, 5.7131940463236244e-05, 0.003043120645011152], [-5.6525318604491624e-05, 0.9999999785167465, -0.00019942766775499126], [-0.0030431319733246606, 0.00019925473065510817, 0.9999953498118604]]",nan,nan,False,,disabled_or_unavailable,,null,nan
visual_span,14.8,14.88,0.08000000000000007,14.88,29,0,0.0,False,,disabled_or_unavailable,,null,"[[0.9999985866189686, 2.2676430150433435e-05, 0.001681144207181079], [-2.3246485525061857e-05, 0.9999999422459173, 0.0003390689660698213], [-0.0016811364212144116, -0.000339107567530654, 0.9999985293921144]]",nan,nan,False,,disabled_or_unavailable,,null,nan
visual_span,14.88,15.08,0.1999999999999993,15.08,26,0,0.0,False,,disabled_or_unavailable,,null,"[[0.9999930092583373, 2.8675420090018187e-05, 0.003739065682102474], [-2.8404788506455073e-05, 0.9999999969733466, -7.243255142784893e-05], [-0.0037390677478194587, 7.232583770068205e-05, 0.9999930070462244]]",nan,nan,False,,disabled_or_unavailable,,null,nan
visual_span,15.08,15.56,0.4800000000000004,15.56,25,0,0.0,False,,disabled_or_unavailable,,null,"[[0.9999986670893756, 5.8394498033367676e-05, -0.001631689172408856], [-5.740385621379834e-05, 0.9999998140266273, 0.0006071667880806306], [0.0016317243241579296, -0.0006070723135309293, 0.9999984844683198]]",nan,nan,False,,disabled_or_unavailable,,null,nan
visual_span,15.56,15.72,0.16000000000000014,15.72,25,0,0.0,False,,disabled_or_unavailable,,null,"[[0.999998141030351, 6.445434538743939e-06, -0.0019281841974266069], [-6.445386546578059e-06, 0.9999999999792283, 3.110377631121489e-08], [0.001928184197587032, -1.8675826004820893e-08, 0.9999981410511223]]",nan,nan,False,,disabled_or_unavailable,,null,nan
visual_span,15.72,15.8,0.08000000000000007,15.8,27,0,0.0,False,,disabled_or_unavailable,,null,"[[0.999999707606399, 8.49435041290332e-05, -0.0007599813930971068], [-8.500444440239462e-05, 0.999999993174743, -8.015459183653481e-05], [0.0007599745792981358, 8.021917019592143e-05, 0.9999997080017192]]",nan,nan,False,,disabled_or_unavailable,,null,nan
visual_span,15.8,15.88,0.08000000000000007,15.88,27,0,0.0,False,,disabled_or_unavailable,,null,"[[0.9999998470263469, -4.700419920966646e-05, -0.0005511242040394831], [4.7014378264205936e-05, 0.9999999987244997, 1.8456679016439515e-05], [0.0005511233357951067, -1.848258695485317e-05, 0.99999984796072]]",nan,nan,False,,disabled_or_unavailable,,null,nan
visual_span,15.88,15.96,0.08000000000000007,15.96,25,0,0.0,False,,disabled_or_unavailable,,null,"[[0.9999999886144934, 4.288891209874529e-05, -0.00014467741644181342], [-4.289760630877524e-05, 0.9999999972744222, -6.00911927365607e-05], [0.00014467483880160065, 6.009739836724431e-05, 0.999999987728747]]",nan,nan,False,,disabled_or_unavailable,,null,nan
visual_span,15.96,16.0,0.03999999999999915,16.0,28,0,0.0,False,,disabled_or_unavailable,,null,"[[0.999999991739213, 4.569470918517497e-05, 0.00012013978422032972], [-4.571095302777736e-05, 0.9999999898145735, 0.00013520858655993972], [-0.00012013360467961256, -0.00013521407714704362, 0.9999999836425352]]",nan,nan,False,,disabled_or_unavailable,,null,nan
visual_span,16.0,16.12,0.120000000000001,16.12,28,0,0.0,False,,disabled_or_unavailable,,null,"[[0.9999998289019512, -4.325820950923393e-05, 0.0005833736333607298], [4.3187444753363774e-05, 0.9999999917087965, 0.00012131468144584212], [-0.0005833788763797668, -0.00012128946627257548, 0.9999998224789605]]",nan,nan,False,,disabled_or_unavailable,,null,nan
visual_span,16.12,16.28,0.16000000000000014,16.28,28,0,0.0,False,,disabled_or_unavailable,,null,"[[0.9999985901225871, 1.613889614788118e-05, 0.0016791344123039654], [-1.6719700757084715e-05, 0.9999999400431203, 0.0003458817828145397], [-0.001679128729478133, -0.0003459093697885311, 0.9999985304356293]]",nan,nan,False,,disabled_or_unavailable,,null,nan
visual_span,16.28,16.4,0.11999999999999744,16.4,29,0,0.0,False,,disabled_or_unavailable,,null,"[[0.9999992140304128, -5.4176662585976426e-05, 0.0012525986772226206], [5.40991334163782e-05, 0.999999996619075, 6.192845970152115e-05], [-0.0012526020280649438, -6.186064652467899e-05, 0.9999992135804008]]",nan,nan,False,,disabled_or_unavailable,,null,nan
visual_span,16.4,16.52,0.120000000000001,16.52,29,0,0.0,False,,disabled_or_unavailable,,null,"[[0.9999991064518405, -4.14656985561742e-05, 0.0013361796722881473], [4.142134621575393e-05, 0.9999999985903171, 3.322105167072325e-05], [-0.0013361810479386718, -3.316567562530137e-05, 0.9999991067597238]]",nan,nan,False,,disabled_or_unavailable,,null,nan
visual_span,16.52,17.08,0.5599999999999987,17.08,27,0,0.0,False,,disabled_or_unavailable,,null,"[[0.9999994851784941, -0.00048762911896742896, -0.0008898654895759266], [0.0004888602569043007, 0.9999989230318316, 0.0013838174831615829], [0.0008891897415189941, -0.0013842517906144265, 0.9999986465933762]]",nan,nan,False,,disabled_or_unavailable,,null,nan
visual_span,17.08,17.88,0.8000000000000007,17.88,24,0,0.0,False,,disabled_or_unavailable,,null,"[[0.9999996237556766, -0.000678496675566151, -0.0005404912267657962], [0.0006790714875235795, 0.999999203354456, 0.0010640264883311182], [0.0005397688577508219, -0.0010643931201785454, 0.9999992878581793]]",nan,nan,False,,disabled_or_unavailable,,null,nan
visual_span,17.88,18.64,0.7600000000000016,18.64,29,0,0.0,False,,disabled_or_unavailable,,null,"[[0.9999994598599087, -0.0008654573044547934, 0.0005755549888563977], [0.0008646635745655374, 0.9999986768862722, 0.0013778906370940198], [-0.0005767467328483038, -0.0013773922314060216, 0.999998885076302]]",nan,nan,False,,disabled_or_unavailable,,null,nan
visual_span,18.64,20.0,1.3599999999999994,20.0,35,30,0.8571428571428571,True,2.068449120001161,,0.3779547889468343,"[[0.99998916014101, -0.0015179070705429371, 0.0044017676679409656], [0.0015274925980294676, 0.9999964678240385, -0.0021751105281539816], [-0.004398450504473123, 0.0021818106177935942, 0.9999879465951516]]","[[0.999999269033638, -0.001156875608974241, -0.00035152669207416437], [0.0011577103517896156, 0.9999964886677716, 0.002383769885911671], [0.0003487677325087427, -0.0023841751095464137, 0.9999970970308444]]",0.2793992209274214,0.3098140181130211,True,4.50752223345737,,13.010289866653775,"[0.05017960335407418, -0.011796975085818829, 0.9986705356553045]",1.890634668451114
visual_span,20.0,21.72,1.7199999999999989,21.72,37,32,0.8648648648648649,True,0.1900668204523666,,0.13229040528773692,"[[0.9999954917081024, 0.00010181801891429588, -0.003001032582555335], [-0.0001035309976231567, 0.9999998318218726, -0.0005706466149090114], [0.003000973975739465, 0.0005709547421646725, 0.9999953340720542]]","[[0.9999978579811247, -0.00154245901703052, -0.0013801642450715517], [0.0015416499528497845, 0.9999986393249766, -0.0005870805894789541], [0.0013810679148655003, 0.0005849516017979104, 0.9999988752408866]]",0.15104964189268436,0.199444914710161,True,1.5853253427807616,,3.745348984795868,"[0.02454556621766621, -9.556343349894931e-05, 0.9996987076347978]",0.2896650520737563
visual_span,21.72,23.08,1.3599999999999994,23.08,37,27,0.7297297297297297,False,,disabled_or_unavailable,,null,"[[0.9999992869434159, -0.0010129521286046813, -0.0006324876639215783], [0.0010127815403024537, 0.9999994506941451, -0.00026997214645963744], [0.0006327607853528215, 0.0002693313821237321, 0.9999997635371697]]",nan,nan,False,,disabled_or_unavailable,3.745348984795868,null,nan
visual_span,23.08,24.44,1.360000000000003,24.44,28,0,0.0,False,,disabled_or_unavailable,,null,"[[0.9999990915177516, -0.0004719862694968534, -0.0012626134138602175], [0.0004706676913316828, 0.9999993438313673, -0.001044417904444965], [0.0012631055362834149, 0.0010438226842692932, 0.9999986574984028]]",nan,nan,False,,disabled_or_unavailable,3.745348984795868,null,nan
visual_span,24.44,25.4,0.9599999999999973,25.4,29,0,0.0,False,,disabled_or_unavailable,,null,"[[0.9999997915593931, -1.832409403158354e-06, -0.000645660757008922], [1.4005630932082261e-06, 0.9999997763229823, -0.0006688437965736722], [0.0006456618381851113, 0.0006688427528708382, 0.9999995678849882]]",nan,nan,False,,disabled_or_unavailable,3.745348984795868,null,nan
visual_span,25.4,26.76,1.360000000000003,26.76,32,24,0.75,False,,disabled_or_unavailable,,null,"[[0.9999987644645438, 0.0010125945543714783, -0.0012023816592192384], [-0.0010138484585549752, 0.9999989424442653, -0.0010426992156309873], [0.0012013245560860237, 0.0010439169601309303, 0.9999987335275438]]",nan,nan,False,,disabled_or_unavailable,3.745348984795868,null,nan
visual_span,26.76,28.28,1.5199999999999996,28.28,33,27,0.8181818181818182,False,,disabled_or_unavailable,,null,"[[0.9999996032313392, 0.0003847453450567568, -0.0008034352394252988], [-0.0003851814794089069, 0.9999997785272825, -0.0005427528111903588], [0.000803226239868691, 0.0005430620642171837, 0.9999995299554906]]",nan,nan,False,,disabled_or_unavailable,3.745348984795868,null,nan
visual_span,28.28,29.6,1.3200000000000003,29.6,36,27,0.75,False,,disabled_or_unavailable,,null,"[[0.9999996902949493, 0.00036868016635947066, -0.000695330814029923], [-0.0003693230947393712, 0.9999995042326426, -0.0009247350545820999], [0.0006949895378338409, 0.0009249915699150879, 0.9999993306898451]]",nan,nan,False,,disabled_or_unavailable,3.745348984795868,null,nan
visual_span,29.6,30.96,1.3599999999999994,30.96,38,25,0.6578947368421053,False,,disabled_or_unavailable,,null,"[[0.9999993831585272, 0.0008484896527503188, -0.0007167620767561622], [-0.0008492745586991338, 0.9999990393297029, -0.0010954781583951568], [0.0007158318863019127, 0.0010960862104552253, 0.9999991430894979]]",nan,nan,False,,disabled_or_unavailable,3.745348984795868,null,nan
visual_span,30.96,32.4,1.4399999999999977,32.4,34,25,0.7352941176470589,False,,disabled_or_unavailable,,null,"[[0.9999989043341959, 0.0014555190985393524, -0.0002698046733920455], [-0.00145584216234222, 0.9999982189456098, -0.001201095003286365], [0.0002680559761388039, 0.0012014864803067632, 0.9999992422878288]]",nan,nan,False,,disabled_or_unavailable,3.745348984795868,null,nan
visual_span,32.4,33.88,1.480000000000004,33.88,28,0,0.0,False,,disabled_or_unavailable,,null,"[[0.9999985567807957, 0.0015549612676717557, -0.0006844938142497656], [-0.0015554887917633706, 0.99999849314358, -0.0007708211129212394], [0.0006832941858409711, 0.0007718847229135031, 0.9999994686513739]]",nan,nan,False,,disabled_or_unavailable,3.745348984795868,null,nan
visual_span,33.88,35.2,1.3200000000000003,35.2,31,27,0.8709677419354839,False,,disabled_or_unavailable,,null,"[[0.99999959168135, 0.0006895716165431657, -0.0005840617429414708], [-0.0006900427066670332, 0.999999436490498, -0.0008067587929080638], [0.0005835050958521426, 0.0008071614910393623, 0.9999995040059425]]",nan,nan,False,,disabled_or_unavailable,3.745348984795868,null,nan
visual_span,35.2,35.48,0.27999999999999403,35.48,29,0,0.0,False,,disabled_or_unavailable,,null,"[[0.9999999924345525, 6.486893549729606e-05, -0.00010451275788448479], [-6.488846126220261e-05, 0.999999980441261, -0.00018683405878992682], [0.00010450063611383868, 0.00018684083904848493, 0.9999999770850588]]",nan,nan,False,,disabled_or_unavailable,3.745348984795868,null,nan
visual_span,35.48,36.8,1.3200000000000003,36.8,30,28,0.9333333333333333,False,,disabled_or_unavailable,,null,"[[0.9999995535202817, 0.0009221905461979718, -0.0002062130795903124], [-0.0009225199871871725, 0.9999982893061451, -0.0016032285104993977], [0.00020473424464708672, 0.001603418030377925, 0.9999986935664013]]",nan,nan,False,,disabled_or_unavailable,3.745348984795868,null,nan
visual_span,36.8,38.16,1.3599999999999994,38.16,29,0,0.0,False,,disabled_or_unavailable,,null,"[[0.9999987895415088, 0.00039158180657831694, -0.001505848334338245], [-0.00039226492880851276, 0.9999998202885094, -0.00045337751881375246], [0.0015056705293321172, 0.0004539676615087507, 0.9999987634340451]]",nan,nan,False,,disabled_or_unavailable,3.745348984795868,null,nan
visual_span,38.16,39.84,1.6800000000000068,39.84,29,0,0.0,False,,disabled_or_unavailable,,null,"[[0.9871247778411884, -0.0004355799234438444, 0.15995150278167278], [0.0005832356442389883, 0.9999994460702382, -0.0008761822874312537], [-0.15995103253236118, 0.0009581906636008235, 0.9871244850891322]]",nan,nan,False,,disabled_or_unavailable,3.745348984795868,null,nan
visual_span,39.84,41.84,2.0,41.84,38,35,0.9210526315789473,True,1.288806500797009,,0.37540004982063696,"[[0.9975604284089036, -0.0009214914762808207, 0.06980216705879505], [0.0007532466722079271, 0.9999967478139908, 0.002436592065265735], [-0.06980418534798324, -0.0023780695744342823, 0.997557878267223]]","[[0.997982021816788, -0.001432481613856516, 0.06348095877428495], [0.0013791610719405204, 0.9999986584433151, 0.0008837569280341082], [-0.06348213957653087, -0.0007944230586831179, 0.9979826585902132]]",0.14639107690652617,8.154099458831865,True,0.27716355270070164,,51.74671967572231,"[0.968535395147094, 0.008556910699783187, 0.24872870286024193]",2.9251179972311934
visual_span,41.84,43.2,1.3599999999999994,43.2,36,32,0.8888888888888888,True,5.410965194064633,,0.6099614519933446,"[[0.9996748249578977, 0.0015490330819466133, -0.02545279634750157], [-0.0017932179432613657, 0.9999525640231104, -0.009573613372974219], [0.025436759125413752, 0.00961614268395911, 0.9996301821599213]]","[[0.9997778854565318, -0.0017224509658592345, -0.021005068786761567], [0.0017112504442487702, 0.9999983839031928, -0.0005511922713358978], [0.0210059842421971, 0.000515124910223365, 0.9997792172636635]]",0.5643933701403762,2.7782423799017155,False,11.826227717027894,Mahalanobis gate,6.240994613237964,"[0.9785398487117191, -0.04259187380417033, -0.2016077795351549]",5.925535199168919
visual_span,43.2,44.52,1.3200000000000003,44.52,42,37,0.8809523809523809,True,5.125231370712402,,0.5948955220073844,"[[0.9999552213220169, -0.007983474518182494, 0.005081287775130853], [0.007954421409200746, 0.9999520465551437, 0.005712422448019152], [-0.005126649088928583, -0.005671747949029038, 0.9999707739450797]]","[[0.9999966109261321, -0.0010179505184705754, 0.002396228910538586], [0.0010216179579832956, 0.9999983080357865, -0.0015297785172870401], [-0.0023946676173702054, 0.0015322213632410887, 0.9999959589241829]]",0.5055181916979904,0.7926634370341079,True,1.0118641149319447,,1.9845505296478057,"[0.9999599103440255, -0.00884332329927541, -0.001404755421124188]",1.1660179963910313
visual_span,44.52,45.56,1.0399999999999991,45.56,29,0,0.0,False,,disabled_or_unavailable,,null,"[[0.9988738889594431, -0.0016852280950708347, -0.047414280141175304], [0.0017183129283705448, 0.9999983078537376, 0.0006570314618213346], [0.04741309266139957, -0.0007377641419941486, 0.9988750944679482]]",nan,nan,False,,disabled_or_unavailable,1.9845505296478057,null,nan
visual_span,45.56,46.56,1.0,46.56,29,0,0.0,False,,disabled_or_unavailable,,null,"[[0.9995391341861123, -0.00108440915884221, -0.030337160171214003], [0.001030797317299095, 0.9999978795669425, -0.0017827839212846341], [0.030339029110509175, 0.0017506908338028042, 0.9995381325363414]]",nan,nan,False,,disabled_or_unavailable,1.9845505296478057,null,nan
visual_span,46.56,46.64,0.0799999999999983,46.64,28,0,0.0,False,,disabled_or_unavailable,,null,"[[0.9999994562092305, -5.461693431643134e-05, 0.0010414404612857269], [5.473273929243346e-05, 0.9999999923229186, -0.00011116874794687732], [-0.0010414343815942986, 0.00011122568838359444, 0.9999994515214874]]",nan,nan,False,,disabled_or_unavailable,1.9845505296478057,null,nan
visual_span,46.64,47.68,1.0399999999999991,47.68,28,0,0.0,False,,disabled_or_unavailable,,null,"[[0.9999972731511166, -0.0005824293079442934, -0.002261518611939939], [0.0005854902947824327, 0.9999989131826252, 0.001353083398349405], [0.002260728078654927, -0.001354403805894212, 0.9999965273434127]]",nan,nan,False,,disabled_or_unavailable,1.9845505296478057,null,nan
visual_span,47.68,47.72,0.03999999999999915,47.72,27,0,0.0,False,,disabled_or_unavailable,,null,"[[0.9999999942023311, -2.844267419907391e-05, 0.00010385736555256652], [2.8448208247466593e-05, 0.9999999981757578, -5.328399498942006e-05], [-0.000103855849823796, 5.328694923646036e-05, 0.9999999931872319]]",nan,nan,False,,disabled_or_unavailable,1.9845505296478057,null,nan
visual_span,47.72,47.76,0.03999999999999915,47.76,25,0,0.0,False,,disabled_or_unavailable,,null,"[[0.999999985211182, -9.955582390910269e-05, 0.00014023649165791882], [9.955623727392737e-05, 0.9999999950399541, -2.94064905793353e-06], [-0.0001402361982035996, 2.9546104318827658e-06, 0.9999999901625394]]",nan,nan,False,,disabled_or_unavailable,1.9845505296478057,null,nan
visual_span,47.76,48.08,0.3200000000000003,48.08,29,0,0.0,False,,disabled_or_unavailable,,null,"[[0.9999992649784535, -0.00039952756621008327, 0.0011447358982062932], [0.0004000587769191037, 0.9999998123956826, -0.0004638551225028903], [-0.0011445503605407286, 0.0004643127432027126, 0.9999992372087834]]",nan,nan,False,,disabled_or_unavailable,1.9845505296478057,null,nan
visual_span,48.08,48.4,0.3200000000000003,48.4,28,0,0.0,False,,disabled_or_unavailable,,null,"[[0.9999998524151664, -0.0003241146490068402, 0.0004360267648454386], [0.0003240514423197618, 0.9999999369794353, 0.00014502340536551683], [-0.00043607374157691347, -0.0001448820888602235, 0.9999998944244306]]",nan,nan,False,,disabled_or_unavailable,1.9845505296478057,null,nan
visual_span,48.4,48.68,0.28000000000000114,48.68,29,0,0.0,False,,disabled_or_unavailable,,null,"[[0.9999999430030978, -0.0003260897289192593, 8.751737022183944e-05], [0.00032611006139461905, 0.9999999198185817, -0.00023241139881026435], [-8.744157623453676e-05, 0.0002324399258585107, 0.9999999691628255]]",nan,nan,False,,disabled_or_unavailable,1.9845505296478057,null,nan
visual_span,48.68,49.52,0.8400000000000034,49.52,28,0,0.0,False,,disabled_or_unavailable,,null,"[[0.9999995883452005, -0.0008641709522954332, 0.00027661886184409724], [0.0008642732896862413, 0.9999995580462752, -0.00037005261119666614], [-0.0002762989508739436, 0.00037029153315644794, 0.9999998932715294]]",nan,nan,False,,disabled_or_unavailable,1.9845505296478057,null,nan
visual_span,49.52,50.36,0.8399999999999963,50.36,28,0,0.0,False,,disabled_or_unavailable,,null,"[[0.9999995250739686, -0.0009094234143977398, 0.00035042958087070855], [0.000909387347325449, 0.9999995811957274, 0.00010306805011526221], [-0.0003505231666073539, -0.00010274932493858979, 0.999999933288041]]",nan,nan,False,,disabled_or_unavailable,1.9845505296478057,null,nan
visual_span,50.36,50.72,0.35999999999999943,50.72,28,0,0.0,False,,disabled_or_unavailable,,null,"[[0.9999997634963926, -0.0005720022705587397, 0.00038186458537509723], [0.0005718937943611005, 0.9999997961070384, 0.0002841185841862914], [-0.0003820270239908584, -0.00028390013100455894, 0.999999886728028]]",nan,nan,False,,disabled_or_unavailable,1.9845505296478057,null,nan
visual_span,50.72,52.04,1.3200000000000003,52.04,28,0,0.0,False,,disabled_or_unavailable,,null,"[[0.9999995250708239, -0.0008890327466514318, -0.0003993480971284147], [0.0008891278124695463, 0.99999957641851, 0.0002379380892855648], [0.000399136393218902, -0.0002382930477818377, 0.999999891953276]]",nan,nan,False,,disabled_or_unavailable,1.9845505296478057,null,nan
visual_span,52.04,53.56,1.5200000000000031,53.56,50,47,0.94,False,,disabled_or_unavailable,,null,"[[0.9999987461498747, -0.001209879957093606, -0.0010217089449879018], [0.001210026410463991, 0.9999992577310425, 0.00014273559575686358], [0.0010215354936685983, -0.0001439717115950616, 0.9999994678685493]]",nan,nan,False,,disabled_or_unavailable,1.9845505296478057,null,nan
visual_span,53.56,55.04,1.4799999999999969,55.04,38,37,0.9736842105263158,False,,disabled_or_unavailable,,null,"[[0.9999984691732906, -0.0015858519186175504, -0.000739408390279639], [0.0015862483506998194, 0.9999985983288614, 0.0005358698372907333], [0.0007385575436626419, -0.0005370419023064483, 0.999999583059288]]",nan,nan,False,,disabled_or_unavailable,1.9845505296478057,null,nan
visual_span,55.04,56.48,1.4399999999999977,56.48,43,43,1.0,False,,disabled_or_unavailable,,null,"[[0.9999970501157598, -0.0019783560924771714, -0.0014092079159940454], [0.001979253126814951, 0.9999978393827734, 0.0006354422440179818], [0.0014079477402002753, -0.0006382295487109839, 0.9999988051723885]]",nan,nan,False,,disabled_or_unavailable,1.9845505296478057,null,nan
visual_span,56.48,57.72,1.240000000000002,57.72,52,52,1.0,True,0.5383422702014988,,0.199197410117984,"[[0.9999989172964502, 0.001445852075907896, 0.00027371098310792843], [-0.0014456542201483386, 0.9999986946251882, -0.000721686771166695], [-0.00027475407812875194, 0.0007212902983560351, 0.9999997021252068]]","[[0.9999979507272903, -0.001652426465168541, -0.001169627289769492], [0.0016523257780261813, 0.9999986311203322, -8.704587895994392e-05], [0.0011697695256045533, 8.511309525763066e-05, 0.9999993121972723]]",0.028681164113567772,0.17312389532298544,True,0.3334053280770869,,1.333190911150257,"[0.999984412645687, -0.005476516678075162, 0.0010873043436685952]",0.338788687869607
visual_span,57.72,59.4,1.6799999999999997,59.4,33,33,1.0,False,,disabled_or_unavailable,,null,"[[0.9999960564526086, -0.0007440640417411688, -0.0027080339609207964], [0.0007448621079128535, 0.9999996794584041, 0.0002937065367773576], [0.0027078145564104275, -0.0002957224904161416, 0.9999962901373871]]",nan,nan,False,,disabled_or_unavailable,1.333190911150257,null,nan
visual_span,59.4,60.24,0.8400000000000034,60.24,28,0,0.0,False,,disabled_or_unavailable,,null,"[[0.9999993746864454, -0.00020919476707818542, -0.0010985737423994722], [0.00020907537189154428, 0.9999999722254904, -0.00010879571339653148], [0.0010985964713810484, 0.00010856596065135477, 0.999999390649427]]",nan,nan,False,,disabled_or_unavailable,1.333190911150257,null,nan
visual_span,60.24,60.68,0.4399999999999977,60.68,28,0,0.0,False,,disabled_or_unavailable,,null,"[[0.9999998523441881, 0.00029802157400740984, -0.0004544169274238544], [-0.00029811507790639656, 0.9999999344047972, -0.00020571291188109728], [0.00045435559073049136, 0.00020584835004411114, 0.9999998755937195]]",nan,nan,False,,disabled_or_unavailable,1.333190911150257,null,nan
visual_span,60.68,61.08,0.3999999999999986,61.08,29,0,0.0,False,,disabled_or_unavailable,,null,"[[0.9999997493807604, 0.0002249243705833572, -0.0006713027962739514], [-0.00022482831568853062, 0.9999999644788184, 0.00014315931958288984], [0.000671334972448333, -0.00014300835582740673, 0.9999997644289549]]",nan,nan,False,,disabled_or_unavailable,1.333190911150257,null,nan
visual_span,61.08,61.44,0.35999999999999943,61.44,29,0,0.0,False,,disabled_or_unavailable,,null,"[[0.9999999467259539, 0.00018346568978012124, -0.00026997857348725945], [-0.00018346618479036925, 0.9999999831684436, -1.8087519642724058e-06], [0.0002699782370991731, 1.858283806765724e-06, 0.9999999635541486]]",nan,nan,False,,disabled_or_unavailable,1.333190911150257,null,nan
visual_span,61.44,61.64,0.20000000000000284,61.64,29,0,0.0,False,,disabled_or_unavailable,,null,"[[0.9999999851061552, 5.382950460463368e-05, -0.0001639819330337535], [-5.384574538537886e-05, 0.999999993646129, -9.903725672867636e-05], [0.00016397660086536628, 9.904608498304473e-05, 0.9999999816507739]]",nan,nan,False,,disabled_or_unavailable,1.333190911150257,null,nan
visual_span,61.64,61.8,0.1599999999999966,61.8,29,0,0.0,False,,disabled_or_unavailable,,null,"[[0.999999916849306, 0.00020994881443254653, -0.00034960388514124397], [-0.00020996567505656577, 0.9999999767959832, -4.819178962116635e-05], [0.0003495937592199331, 4.826519042973168e-05, 0.9999999377273355]]",nan,nan,False,,disabled_or_unavailable,1.333190911150257,null,nan
visual_span,61.8,62.0,0.20000000000000284,62.0,29,0,0.0,False,,disabled_or_unavailable,,null,"[[0.9999999118315047, 0.00039647358103531995, -0.00013836792480545704], [-0.00039646923219031384, 0.9999999209113439, 3.145558875117124e-05], [0.00013838038517203954, -3.140072735287191e-05, 0.9999999899324318]]",nan,nan,False,,disabled_or_unavailable,1.333190911150257,null,nan
visual_span,62.0,62.24,0.240000000000002,62.24,29,0,0.0,False,,disabled_or_unavailable,,null,"[[0.9999998636288887, 0.0003855760234456649, 0.0003522404499179488], [-0.0003856496061084676, 0.9999999038269961, 0.00020885492668120675], [-0.0003521598865898198, -0.0002089907395901946, 0.9999999161531392]]",nan,nan,False,,disabled_or_unavailable,1.333190911150257,null,nan
visual_span,62.24,62.36,0.11999999999999744,62.36,26,0,0.0,False,,disabled_or_unavailable,,null,"[[0.9999999582200526, 0.00014215936063389963, -0.0002516954696325521], [-0.0001421790424406282, 0.999999986836446, -7.818073899710243e-05], [0.0002516843521954755, 7.821652155157427e-05, 0.9999999652685808]]",nan,nan,False,,disabled_or_unavailable,1.333190911150257,null,nan
visual_span,62.36,62.44,0.0799999999999983,62.44,29,0,0.0,False,,disabled_or_unavailable,,null,"[[0.9999999885127197, 0.00014985443951127334, -2.27641748925368e-05], [-0.000149857444873896, 0.9999999800491656, -0.00013207730583209647], [2.274438206773489e-05, 0.00013208071569597145, 0.9999999910186887]]",nan,nan,False,,disabled_or_unavailable,1.333190911150257,null,nan
visual_span,62.44,62.52,0.0800000000000054,62.52,29,0,0.0,False,,disabled_or_unavailable,,null,"[[0.9999999846565591, 0.00015157472866350445, -8.781789869344898e-05], [-0.00015159186041472056, 0.9999999694762159, -0.0001951088805875594], [8.778832243727949e-05, 0.0001951221900725585, 0.9999999771102706]]",nan,nan,False,,disabled_or_unavailable,1.333190911150257,null,nan
visual_span,62.52,62.6,0.0799999999999983,62.6,28,0,0.0,False,,disabled_or_unavailable,,null,"[[0.999999965626349, 0.00024558468757522096, -9.184477540014279e-05], [-0.0002455861348959252, 0.9999999697197348, -1.5747388735831512e-05], [9.18409053015158e-05, 1.576994399793717e-05, 0.9999999956582788]]",nan,nan,False,,disabled_or_unavailable,1.333190911150257,null,nan
visual_span,62.6,62.72,0.11999999999999744,62.72,28,0,0.0,False,,disabled_or_unavailable,,null,"[[0.9999987466565785, 0.0002806826773995565, -0.0015581728102347008], [-0.00028094000664381265, 0.9999999469351291, -0.0001649316575472456], [0.0015581264340912336, 0.00016536920391089718, 0.9999987724467674]]",nan,nan,False,,disabled_or_unavailable,1.333190911150257,null,nan
visual_span,62.72,62.76,0.03999999999999915,62.76,26,0,0.0,False,,disabled_or_unavailable,,null,"[[0.9999566407914128, 0.00010417815300273039, -0.009311588697243313], [-0.00010561628697084977, 0.9999999825716828, -0.00015395400202509896], [0.009311572496314409, 0.00015493078212541482, 0.9999566343667605]]",nan,nan,False,,disabled_or_unavailable,1.333190911150257,null,nan
visual_span,62.76,62.84,0.0800000000000054,62.84,22,0,0.0,False,,disabled_or_unavailable,,null,"[[0.9993790492785288, 0.0002114579481121806, -0.03523451643885628], [-0.0002110063754274355, 0.9999999776014562, 1.6534709947351058e-05], [0.03523451914605026, -9.089735103578476e-06, 0.9993790715128685]]",nan,nan,False,,disabled_or_unavailable,1.333190911150257,null,nan
visual_span,62.84,62.88,0.03999999999999915,62.88,19,0,0.0,False,,disabled_or_unavailable,,null,"[[0.9997735958028533, 0.0001499208244293282, -0.021277562341095655], [-0.0001487320465482163, 0.9999999872889932, 5.7452518077926586e-05], [0.021277570683965293, -5.427485519414869e-05, 0.9997736053927554]]",nan,nan,False,,disabled_or_unavailable,1.333190911150257,null,nan
visual_span,62.88,62.92,0.03999999999999915,62.92,17,0,0.0,False,,disabled_or_unavailable,,null,"[[0.999747621662411, 0.00011631934622513338, -0.022465071781828137], [-0.00011705597017628142, 0.9999999926536203, -3.147474539067062e-05], [0.02246506795566938, 3.409647261925457e-05, 0.999747627933759]]",nan,nan,False,,disabled_or_unavailable,1.333190911150257,null,nan
visual_span,62.92,62.96,0.03999999999999915,62.96,9,0,0.0,False,,disabled_or_unavailable,,null,"[[0.9997387061809067, 0.00017183175483293127, -0.022858036608046403], [-0.0001666251049321183, 0.9999999597401057, 0.00022968644170694326], [0.0228580751552086, -0.00022581770331103778, 0.9997386945630162]]",nan,nan,False,,disabled_or_unavailable,1.333190911150257,null,nan
visual_span,62.96,63.0,0.03999999999999915,63.0,15,0,0.0,False,,disabled_or_unavailable,,null,"[[0.9997470945954986, 0.00017320708722669463, -0.02248814903819486], [-0.00016884434460605208, 0.9999999665573003, 0.0001959004481835254], [0.02248818221747646, -0.0001920539071156783, 0.9997470904062938]]",nan,nan,False,,disabled_or_unavailable,1.333190911150257,null,nan
visual_span,63.0,63.04,0.03999999999999915,63.04,12,0,0.0,False,,disabled_or_unavailable,,null,"[[0.9998005355999317, 0.00017440265819315218, -0.019971444559742344], [-0.00017102775809054601, 0.9999999708065045, 0.0001706941603622033], [0.01997147374622137, -0.00016724444156502908, 0.9998005362399547]]",nan,nan,False,,disabled_or_unavailable,1.333190911150257,null,nan
visual_span,63.04,63.08,0.03999999999999915,63.08,1,0,0.0,False,,disabled_or_unavailable,,null,"[[0.9997277054666787, -0.0026408280914749427, -0.023184929357692504], [0.0027398006088014022, 0.999987265907723, 0.004238102761969182], [0.02317344201783426, -0.004300470833324666, 0.9997222101842381]]",nan,nan,False,,disabled_or_unavailable,1.333190911150257,null,nan
visual_span,63.08,63.12,0.03999999999999915,63.12,0,0,nan,False,,disabled_or_unavailable,,null,"[[0.9995090529683346, -0.007990764775795313, -0.030295225905104698], [0.008260928578235545, 0.9999271290209021, 0.008803051007583457], [0.030222675152420064, -0.009048995873285264, 0.9995022289021256]]",nan,nan,False,,disabled_or_unavailable,1.333190911150257,null,nan
visual_span,63.72,63.84,0.12000000000000455,63.84,0,0,nan,False,,disabled_or_unavailable,,null,"[[0.998350764955698, -0.0573090129442051, -0.0033804064450106575], [0.05730440824263954, 0.9983557083658893, -0.001443734464596288], [0.003457587068092776, 0.001247641216171669, 0.9999932442187107]]",nan,nan,False,,disabled_or_unavailable,1.333190911150257,null,nan
visual_span,63.84,63.88,0.03999999999999915,63.88,3,0,0.0,False,,disabled_or_unavailable,,null,"[[0.9998183234836434, -0.0190564540444232, -0.0004142289332707331], [0.019056567923235734, 0.9998183699236051, 0.0002727311719652291], [0.0004089564077929011, -0.00028057540491864785, 0.9999998770160416]]",nan,nan,False,,disabled_or_unavailable,1.333190911150257,null,nan
visual_span,63.88,63.92,0.03999999999999915,63.92,7,0,0.0,False,,disabled_or_unavailable,,null,"[[0.9998190627596315, -0.019021406182474054, -0.00016688107669524766], [0.019021504856183542, 0.9998188880621054, 0.0006110869510395453], [0.00015522711943151662, -0.0006141507118637628, 0.9999997993617022]]",nan,nan,False,,disabled_or_unavailable,1.333190911150257,null,nan
visual_span,63.92,64.0,0.0799999999999983,64.0,6,0,0.0,False,,disabled_or_unavailable,,null,"[[0.9992746564162233, -0.03807401049512009, 0.0007285389879473198], [0.03807197207449964, 0.9992715317660142, 0.0026326306924027414], [-0.0008282430790496971, -0.002602984214617238, 0.9999962692363311]]",nan,nan,False,,disabled_or_unavailable,1.333190911150257,null,nan
visual_span,64.0,64.08,0.0799999999999983,64.08,9,0,0.0,False,,disabled_or_unavailable,,null,"[[0.9992741321284458, -0.038034520289473656, 0.002141057049962211], [0.038024226230542274, 0.9992659556580996, 0.0046591933071723594], [-0.002316695601523227, -0.004574399310803062, 0.9999868538098066]]",nan,nan,False,,disabled_or_unavailable,1.333190911150257,null,nan
visual_span,64.08,64.12,0.04000000000000625,64.12,13,0,0.0,False,,disabled_or_unavailable,,null,"[[0.9998179617232624, -0.019003896599244806, 0.0017015668033189349], [0.01899868030025928, 0.9998149144807092, 0.003030994685013344], [-0.0017588525775303887, -0.0029981154042582926, 0.9999939588525689]]",nan,nan,False,,disabled_or_unavailable,1.333190911150257,null,nan
visual_span,64.12,64.16,0.03999999999999204,64.16,15,0,0.0,False,,disabled_or_unavailable,,null,"[[0.9998167680771741, -0.01903120567055766, 0.0020599714656447344], [0.01902382301740945, 0.9998127424385644, 0.0035460139987221833], [-0.0021270706421318095, -0.0035061757231754907, 0.9999915911157862]]",nan,nan,False,,disabled_or_unavailable,1.333190911150257,null,nan
visual_span,64.16,64.28,0.12000000000000455,64.28,10,0,0.0,False,,disabled_or_unavailable,,null,"[[0.9983314933697999, -0.05711610785486897, 0.0084840774121958], [0.05699409366366891, 0.9982765262692372, 0.013987508258501808], [-0.009268367357959583, -0.013480627705552013, 0.9998661760671685]]",nan,nan,False,,disabled_or_unavailable,1.333190911150257,null,nan
visual_span,64.28,64.32,0.03999999999999204,64.32,18,0,0.0,False,,disabled_or_unavailable,,null,"[[0.9998119946976266, -0.019013007585343078, 0.0038053648067674097], [0.018991793444759493, 0.9998043164909235, 0.005535386876159594], [-0.003909864512292936, -0.005462075491684105, 0.999977439090912]]",nan,nan,False,,disabled_or_unavailable,1.333190911150257,null,nan
visual_span,64.32,64.36,0.04000000000000625,64.36,17,0,0.0,False,,disabled_or_unavailable,,null,"[[0.9998106288032352, -0.01891654385534343, 0.0045684680855425115], [0.018886574942757896, 0.9998003973754285, 0.006516340603996635], [-0.0046908228501342224, -0.006428823881906732, 0.9999683327008333]]",nan,nan,False,,disabled_or_unavailable,1.333190911150257,null,nan
visual_span,64.36,64.4,0.04000000000000625,64.4,24,0,0.0,False,,disabled_or_unavailable,,null,"[[0.9998078092182008, -0.01901022023827656, 0.004791257955300827], [0.01897804946212025, 0.999797633160236, 0.006672807939979045], [-0.004917139912116641, -0.0065805967573427885, 0.9999662581714456]]",nan,nan,False,,disabled_or_unavailable,1.333190911150257,null,nan
visual_span,64.4,64.48,0.0799999999999983,64.48,16,0,0.0,False,,disabled_or_unavailable,,null,"[[0.9992187304956983, -0.038137159804753865, 0.010367529531768175], [0.0379865776916358, 0.9991751682796435, 0.014352804904399084], [-0.010906353278834161, -0.013947764529597242, 0.9998432433750726]]",nan,nan,False,,disabled_or_unavailable,1.333190911150257,null,nan
visual_span,64.48,64.52,0.03999999999999204,64.52,18,0,0.0,False,,disabled_or_unavailable,,null,"[[0.9998017583115172, -0.01903116592297929, 0.00585310181106175], [0.018986180333369834, 0.999790497401903, 0.007647631084479741], [-0.005997418907111874, -0.007534986958686268, 0.9999536263937369]]",nan,nan,False,,disabled_or_unavailable,1.333190911150257,null,nan
visual_span,64.52,64.56,0.04000000000000625,64.56,22,0,0.0,False,,disabled_or_unavailable,,null,"[[0.9997987628263879, -0.019057464518431506, 0.006264734388086182], [0.019006900479103115, 0.9997870733432318, 0.008034034475469949], [-0.006416508786093509, -0.007913344546037033, 0.999948102349864]]",nan,nan,False,,disabled_or_unavailable,1.333190911150257,null,nan
visual_span,64.56,64.6,0.03999999999999204,64.6,20,0,0.0,False,,disabled_or_unavailable,,null,"[[0.9997956604873657, -0.019036780279004656, 0.006799872590043567], [0.018978700247619704, 0.9997837040147814, 0.00850612270042159], [-0.006960330993776523, -0.008375331819846139, 0.9999407020465585]]",nan,nan,False,,disabled_or_unavailable,1.333190911150257,null,nan
visual_span,64.6,64.84,0.2400000000000091,64.84,7,0,0.0,False,,disabled_or_unavailable,,null,"[[0.9924729328223018, -0.11488611669855846, 0.04241058600189526], [0.11252454626147475, 0.9921580634232365, 0.05441142961641668], [-0.04832912272893207, -0.04922963918391279, 0.997617531182203]]",nan,nan,False,,disabled_or_unavailable,1.333190911150257,null,nan
visual_span,64.84,64.96,0.11999999999999034,64.96,24,0,0.0,False,,disabled_or_unavailable,,null,"[[0.9983031695563137, -0.0572475127794197, 0.01065382252472852], [0.057076351835565135, 0.9982458808848357, 0.015730586689679988], [-0.011535671413533547, -0.015095813228472817, 0.9998195060649748]]",nan,nan,False,,disabled_or_unavailable,1.333190911150257,null,nan
visual_span,64.96,65.16,0.20000000000000284,65.16,26,0,0.0,False,,disabled_or_unavailable,,null,"[[0.9933943416681801, -0.09269459960772354, 0.06764165244290908], [0.09613097519600762, 0.9941398189211922, -0.04944548556950682], [-0.06266193062384894, 0.055621323598989976, 0.9964836931990352]]",nan,nan,False,,disabled_or_unavailable,1.333190911150257,null,nan
visual_span,65.16,65.28,0.12000000000000455,65.28,28,0,0.0,False,,disabled_or_unavailable,,null,"[[0.9970077435167216, -0.05501326766263372, 0.05430561433935243], [0.05807506762819587, 0.9967114102373695, -0.0565123988396744], [-0.05101809372835816, 0.05949710147320938, 0.9969238932980847]]",nan,nan,False,,disabled_or_unavailable,1.333190911150257,null,nan
visual_span,65.28,65.36,0.0799999999999983,65.36,27,0,0.0,False,,disabled_or_unavailable,,null,"[[0.9988051425002826, -0.037168211579482795, 0.03173029093741834], [0.03830649521379969, 0.9986154355290346, -0.03605307681172368], [-0.0303463299169035, 0.03722547476043399, 0.998846016305534]]",nan,nan,False,,disabled_or_unavailable,1.333190911150257,null,nan
visual_span,65.36,65.52,0.1599999999999966,65.52,27,0,0.0,False,,disabled_or_unavailable,,null,"[[0.996108737682599, -0.07426027754810213, 0.04746360596138932], [0.07678595973551064, 0.9955944645694452, -0.05381057987214277], [-0.04325851476733489, 0.057245727326662194, 0.9974224920278095]]",nan,nan,False,,disabled_or_unavailable,1.333190911150257,null,nan
visual_span,65.52,65.92,0.4000000000000057,65.92,24,0,0.0,False,,disabled_or_unavailable,,null,"[[0.9824648172415578, -0.18602494018805799, -0.012554063507187973], [0.1862801757925141, 0.9822093151527568, 0.023760415271266083], [0.007910688290098621, -0.025682345204097307, 0.9996388538645319]]",nan,nan,False,,disabled_or_unavailable,1.333190911150257,null,nan
visual_span,65.92,66.08,0.1599999999999966,66.08,17,0,0.0,False,,disabled_or_unavailable,,null,"[[0.9978873852846972, -0.05633054917058219, -0.0323671982076159], [0.05810925664053477, 0.9966856925441584, 0.0569292944840872], [0.029053064939089268, -0.058689858646209715, 0.9978534060220134]]",nan,nan,False,,disabled_or_unavailable,1.333190911150257,null,nan
visual_span,66.08,66.16,0.0799999999999983,66.16,28,0,0.0,False,,disabled_or_unavailable,,null,"[[0.9995934315725954, -0.02430504252766723, -0.014907597547961492], [0.024731427845720175, 0.9992699951806442, 0.029117575592550134], [0.014189011016826963, -0.029474423478742073, 0.9994648219557108]]",nan,nan,False,,disabled_or_unavailable,1.333190911150257,null,nan
visual_span,66.16,66.28,0.12000000000000455,66.28,19,0,0.0,False,,disabled_or_unavailable,,null,"[[0.9994227583948481, -0.029372896042811028, -0.017069943775296366], [0.029965469797746065, 0.9989180933118591, 0.03556281026579416], [0.01600689296003229, -0.036053790816760474, 0.9992216488575034]]",nan,nan,False,,disabled_or_unavailable,1.333190911150257,null,nan
visual_span,66.28,66.44,0.1599999999999966,66.44,27,0,0.0,False,,disabled_or_unavailable,,null,"[[0.9991573348953519, -0.03746233923659147, -0.016768818197482712], [0.03810098442023848, 0.9984912652750787, 0.03954122096725267], [0.015262211865468034, -0.04014680944103649, 0.9990772235321345]]",nan,nan,False,,disabled_or_unavailable,1.333190911150257,null,nan
visual_span,66.44,67.12,0.6800000000000068,67.12,29,0,0.0,False,,disabled_or_unavailable,,null,"[[0.99612221101719, -0.08797608587794949, -0.0008654662444421929], [0.08792470759379518, 0.9957939152391837, -0.025762844702458758], [0.0031283402580642317, 0.025586845960630843, 0.9996677081915853]]",nan,nan,False,,disabled_or_unavailable,1.333190911150257,null,nan
visual_span,67.12,67.72,0.5999999999999943,67.72,29,0,0.0,False,,disabled_or_unavailable,,null,"[[0.9993548632517986, -0.035543327172363325, 0.005150649327760103], [0.03580575027698039, 0.997183607184997, -0.06589993784989794], [-0.0027938400243634675, 0.06604184624188085, 0.9978129428920444]]",nan,nan,False,,disabled_or_unavailable,1.333190911150257,null,nan
visual_span,67.72,68.52,0.7999999999999972,68.52,28,0,0.0,False,,disabled_or_unavailable,,null,"[[0.9997660169595607, -0.021631148457654008, 6.891457396919174e-05], [0.02163041563122793, 0.9996938797776406, -0.0120113219401017], [0.00019092521023453214, 0.012010002145352461, 0.9999278590958615]]",nan,nan,False,,disabled_or_unavailable,1.333190911150257,null,nan
visual_span,68.52,69.44,0.9200000000000017,69.44,27,0,0.0,False,,disabled_or_unavailable,,null,"[[0.9999510046512041, -0.009890596224355687, -0.0004054668602519363], [0.009886590977218843, 0.9999114130558484, -0.008911866219045186], [0.000493574611559883, 0.00890742089404923, 0.9999602063267915]]",nan,nan,False,,disabled_or_unavailable,1.333190911150257,null,nan
visual_span,69.44,70.24,0.7999999999999972,70.24,29,0,0.0,False,,disabled_or_unavailable,,null,"[[0.9994168286159033, -0.004739039442230516, -0.033816330145292985], [0.004702413125501843, 0.9999882678302873, -0.0011625457320692224], [0.03382144275644632, 0.0010028494139340462, 0.9994273882093314]]",nan,nan,False,,disabled_or_unavailable,1.333190911150257,null,nan
visual_span,70.24,70.4,0.1600000000000108,70.4,29,0,0.0,False,,disabled_or_unavailable,,null,"[[0.9996542106987152, -0.0006964334034387544, -0.02628638455253733], [0.0006945027175337263, 0.999999755423426, -8.25776241243955e-05], [0.026286435633319262, 6.4293104159574e-05, 0.9996544498816042]]",nan,nan,False,,disabled_or_unavailable,1.333190911150257,null,nan
visual_span,70.4,70.72,0.3199999999999932,70.72,26,0,0.0,False,,disabled_or_unavailable,,null,"[[0.9995530084456604, -0.001276680969411888, -0.029868936923371135], [0.001257327264359401, 0.9999989873011137, -0.0006667270039905065], [0.02986975787280976, 0.0006288739538994868, 0.9995536014052324]]",nan,nan,False,,disabled_or_unavailable,1.333190911150257,null,nan
visual_span,70.72,70.96,0.23999999999999488,70.96,29,0,0.0,False,,disabled_or_unavailable,,null,"[[0.9999995278766279, -0.0008967051616810197, 0.00037438799958157843], [0.0008971489407104114, 0.9999988932373578, -0.001186864709016435], [-0.0003733233175121348, 0.0011872000304671054, 0.9999992255925942]]",nan,nan,False,,disabled_or_unavailable,1.333190911150257,null,nan
visual_span,70.96,71.2,0.2400000000000091,71.2,26,0,0.0,False,,disabled_or_unavailable,,null,"[[0.99997938670078, -0.0007686558703945827, 0.006374585608852845], [0.0007745353286158998, 0.9999992769295796, -0.0009199105079099501], [-0.006373873904966408, 0.000924828887278738, 0.9999792589963917]]",nan,nan,False,,disabled_or_unavailable,1.333190911150257,null,nan
visual_span,71.2,71.8,0.5999999999999943,71.8,28,0,0.0,False,,disabled_or_unavailable,,null,"[[0.999996907201962, -0.0017891465571726764, 0.001727582445901581], [0.001788483077457688, 0.9999983263500963, 0.00038551950360365007], [-0.0017282693054259824, -0.00038242855930027784, 0.9999984334155753]]",nan,nan,False,,disabled_or_unavailable,1.333190911150257,null,nan
visual_span,71.8,73.28,1.480000000000004,73.28,30,30,1.0,False,,disabled_or_unavailable,,null,"[[0.9999898215977064, -0.0030427246676486435, -0.003331445269560661], [0.0030448249801648445, 0.9999951688457116, 0.0006255606099874255], [0.0033295257661354423, -0.0006356979105566885, 0.9999942550566674]]",nan,nan,False,,disabled_or_unavailable,1.333190911150257,null,nan
visual_span,73.28,74.8,1.519999999999996,74.8,37,37,1.0,False,,disabled_or_unavailable,,null,"[[0.9999906406236704, -0.0027224118428615654, -0.003362608930488988], [0.0027242085880063707, 0.9999961489573438, 0.0005298660689945608], [0.0033611534672771987, -0.0005390215579051616, 0.9999942060347798]]",nan,nan,False,,disabled_or_unavailable,1.333190911150257,null,nan
visual_span,74.8,76.24,1.4399999999999977,76.24,36,36,1.0,False,,disabled_or_unavailable,,null,"[[0.9999939362957988, -0.0023984268292972124, -0.0025248604671730844], [0.0024018907295258823, 0.9999961773040106, 0.0013697803800841912], [0.002521565497385263, -0.0013758365130905948, 0.9999958743821556]]",nan,nan,False,,disabled_or_unavailable,1.333190911150257,null,nan
visual_span,76.24,77.76,1.5200000000000102,77.76,44,44,1.0,False,,disabled_or_unavailable,,null,"[[0.999992590945655, -0.0021437042517906593, -0.0031972778855166623], [0.0021472701511512085, 0.9999970760312551, 0.0011122768714117994], [0.0031948841441176413, -0.0011191340498605178, 0.9999942701107264]]",nan,nan,False,,disabled_or_unavailable,1.333190911150257,null,nan
visual_span,77.76,79.24,1.4799999999999898,79.24,41,38,0.926829268292683,False,,disabled_or_unavailable,,null,"[[0.9999930008450533, -0.0021197084835633513, -0.0030830337089127473], [0.0021227270045970454, 0.999997270594016, 0.0009761324616070742], [0.0030809561778021425, -0.0009826700684147187, 0.9999947710206126]]",nan,nan,False,,disabled_or_unavailable,1.333190911150257,null,nan
visual_span,79.24,80.84,1.6000000000000085,80.84,32,31,0.96875,False,,disabled_or_unavailable,,null,"[[0.9999912082170413, -0.0023102455338618773, -0.0034994648441851925], [0.0023136199278609012, 0.9999968622782301, 0.0009605188827828071], [0.0034972348293790287, -0.0009686068697096173, 0.9999934155529628]]",nan,nan,False,,disabled_or_unavailable,1.333190911150257,null,nan
visual_span,80.84,81.48,0.6400000000000006,81.48,29,0,0.0,False,,disabled_or_unavailable,,null,"[[0.9999988117445862, -0.0009775534557155967, -0.001192014537269822], [0.0009783907591276821, 0.9999992749408636, 0.0007020464867400294], [0.0011913273850196052, -0.0007032119085375013, 0.9999990431155789]]",nan,nan,False,,disabled_or_unavailable,1.333190911150257,null,nan
visual_span,81.48,82.2,0.7199999999999989,82.2,29,0,0.0,False,,disabled_or_unavailable,,null,"[[0.9999991708062866, -0.0004637182872154213, -0.0012013958920121047], [0.0004637005549356763, 0.9999998923778177, -1.5038232672590778e-05], [0.0012014027362187544, 1.4481132261159331e-05, 0.9999992782106206]]",nan,nan,False,,disabled_or_unavailable,1.333190911150257,null,nan
visual_span,82.2,82.92,0.7199999999999989,82.92,29,0,0.0,False,,disabled_or_unavailable,,null,"[[0.9999990529769945, -6.392954395085152e-05, -0.001374757479735202], [6.417219383265087e-05, 0.999999982371831, 0.00017646038649886799], [0.00137474617446871, -0.0001765484405902848, 0.9999990394513409]]",nan,nan,False,,disabled_or_unavailable,1.333190911150257,null,nan
visual_span,82.92,83.4,0.480000000000004,83.4,27,0,0.0,False,,disabled_or_unavailable,,null,"[[0.9999992906702377, 8.004805398576314e-05, -0.001188381811779266], [-8.034613076560824e-05, 0.9999999653269085, -0.0002507801453226329], [0.0011883616961117832, 0.00025087544931726077, 0.9999992624287222]]",nan,nan,False,,disabled_or_unavailable,1.333190911150257,null,nan
visual_span,83.4,83.76,0.35999999999999943,83.76,29,0,0.0,False,,disabled_or_unavailable,,null,"[[0.9999996198553233, 0.00030141988962949576, -0.0008181902341465652], [-0.00030151678916654303, 0.9999999475450909, -0.00011831078392035278], [0.0008181545300050395, 0.00011855743703746536, 0.9999996582835913]]",nan,nan,False,,disabled_or_unavailable,1.333190911150257,null,nan
visual_span,83.76,84.32,0.5599999999999881,84.32,26,0,0.0,False,,disabled_or_unavailable,,null,"[[0.9998517167745323, 0.0008614048823049141, -0.01719890824003083], [-0.0008695852856156474, 0.9999995123226801, -0.00046816218651870325], [0.017198496575320178, 0.00048304868345382877, 0.9998519782345374]]",nan,nan,False,,disabled_or_unavailable,1.333190911150257,null,nan
visual_span,84.32,84.4,0.0800000000000125,84.4,26,0,0.0,False,,disabled_or_unavailable,,null,"[[0.9990695384489137, 0.00014859979661096406, -0.04312812610785757], [-0.00014925251831450075, 0.9999999887908654, -1.1914490284885085e-05], [0.04312812385393776, 1.8340385741557315e-05, 0.9990695494291024]]",nan,nan,False,,disabled_or_unavailable,1.333190911150257,null,nan
visual_span,84.4,84.48,0.0799999999999983,84.48,21,0,0.0,False,,disabled_or_unavailable,,null,"[[0.9992280602865611, 0.00010800611709291496, -0.039284499113971486], [-9.317874273142269e-05, 0.999999923737319, 0.00037926650034135213], [0.039284537081132304, -0.000375313249231488, 0.9992279941466243]]",nan,nan,False,,disabled_or_unavailable,1.333190911150257,null,nan
visual_span,84.48,84.56,0.0799999999999983,84.56,16,0,0.0,False,,disabled_or_unavailable,,null,"[[0.9990130815648082, 0.00014741787870875328, -0.0444166762641598], [-0.00013036971025770874, 0.9999999167256571, 0.00038672007655875886], [0.04441672957484361, -0.00038054782617077525, 0.9990130175914763]]",nan,nan,False,,disabled_or_unavailable,1.333190911150257,null,nan
visual_span,84.56,84.88,0.3199999999999932,84.88,2,0,0.0,False,,disabled_or_unavailable,,null,"[[0.9846362056961853, -0.09115841613664938, -0.14893517247338675], [0.09748428915279986, 0.9945956442508238, 0.03572559034728965], [0.14487358558616995, -0.04969554914422928, 0.9882013947544602]]",nan,nan,False,,disabled_or_unavailable,1.333190911150257,null,nan
