timestamp_sim_s,gt_x,gt_y,gt_z,gt_vx,gt_vy,gt_vz,gt_roll,gt_pitch,gt_yaw,est_x,est_y,est_z,est_vx,est_vy,est_vz,est_roll,est_pitch,est_yaw,gps_x_lat_deg,gps_y_lon_deg,gps_z_alt_m,gnss_available,barometer_pa,imu_ax,imu_ay,imu_az,imu_gx,imu_gy,imu_gz
0.1,2.6509683337394563e-11,5.070964041218754e-20,0.029641980835759918,2.933648448787333e-10,-4.9191872785971817e-20,0.0009997873051000726,-2.538913990698178e-18,8.836660292388387e-10,-2.649720825074589e-20,nan,nan,nan,nan,nan,nan,nan,nan,nan,25.032988684782957,121.56541045400675,10.524846561612573,1,101320.77651663062,-0.0058900072119707735,0.040811196755785595,9.635978529518562,-0.0010600648002615115,0.001353906230513872,0.004250195833498831
0.2,5.593059348996121e-11,5.552543831284542e-20,0.029741959566269936,2.923843141875241e-10,8.132447501125765e-20,0.0009997873051000726,-2.5794068572787273e-18,1.864405074769593e-09,-1.746320504743475e-20,nan,nan,nan,nan,nan,nan,nan,nan,nan,25.032988684782957,121.56541045400675,10.524846561612573,1,101325.18614657021,0.005667544761744007,0.07308946409192606,9.77254737773096,0.00255939730641577,0.009596300593026463,0.0033162912601818542
0.30000000000000004,8.535150364252786e-11,5.158394593007932e-20,0.02984193829677995,2.914037834907194e-10,-8.392955364256394e-20,0.000999787305100073,-2.378964704519157e-18,2.8451445643895568e-09,-2.266845765295962e-20,nan,nan,nan,nan,nan,nan,nan,nan,nan,25.032988684782957,121.56541045400675,10.524846561612573,1,101313.28617953672,-0.013699913147606626,0.061801988770726235,9.707697407733072,0.00017513193915074353,0.004716336268477711,0.00117978134389713
0.4,7.794981327080563e-11,2.999380293925812e-20,0.029934377724887797,-5.151835186450871e-10,1.1386730231027314e-19,0.0006935822437131853,-1.1207105009883118e-18,2.5984476792473288e-09,-1.3904063157866584e-20,nan,nan,nan,nan,nan,nan,nan,nan,nan,25.032988684782957,121.56541045400675,10.524846561612573,1,101319.23153510886,0.045404097407602935,0.04410276735588163,9.680564039063576,0.0035296324155681194,0.006608219811018138,0.0019495914639354075
0.5,4.7175319206615995e-11,3.492999452722926e-20,0.02997596664614939,-2.484712707597894e-10,-7.281793435966053e-19,0.0003351459557432431,-8.117172329481845e-20,1.5726278057570653e-09,2.123558373527639e-20,nan,nan,nan,nan,nan,nan,nan,nan,nan,25.032988684782957,121.56541045400675,10.524846561612573,1,101312.24783778186,-0.003090736869859112,0.10907152787048585,9.706888741167237,0.0038943367979031307,0.0021567797506781504,0.001004611809018932
0.6000000000000001,3.604755383079805e-11,2.129793430650951e-20,0.02999101107664806,-7.765284619756517e-11,8.349271643237427e-20,0.00010482859660633495,1.299453752701653e-18,1.2016987405161217e-09,3.8547536454254907e-20,nan,nan,nan,nan,nan,nan,nan,nan,nan,25.032988684782957,121.56541045400675,10.524846561612573,1,101320.88114557687,0.01644690233181657,0.06246855376594963,9.788554944796946,0.009256162228213155,0.00996269310166018,0.002389685474363426
0.7000000000000001,3.226752198770555e-11,2.787237769832545e-20,0.029996123635354675,0.0,0.0,0.0,1.1932687841893128e-18,1.0756942003808945e-09,5.13698411612138e-20,nan,nan,nan,nan,nan,nan,nan,nan,nan,25.032988684782957,121.56541045400675,10.524846561612573,1,101338.37212894621,0.011289698884064038,0.08563387636608978,9.722831484474336,-0.0019403047946957006,0.004988280382257156,-0.0006272552634915593
0.8,3.078642896170436e-11,3.7784260604285445e-20,0.02999812773980606,0.0,0.0,0.0,7.217639002754439e-19,1.0263172534052956e-09,4.8807298302669824e-20,nan,nan,nan,nan,nan,nan,nan,nan,nan,25.032988684782957,121.56541045400675,10.524846561612573,1,101328.3418796435,0.008728262427047152,0.09703922870785477,9.682154598950419,0.0011555627564059315,0.0031651259510149018,0.0006991241540681816
0.9,3.0042968113264124e-11,4.1062264043350927e-20,0.0299991335502575,0.0,0.0,0.0,6.008798259710597e-19,1.0015439588784147e-09,4.8545740576734306e-20,nan,nan,nan,nan,nan,nan,nan,nan,nan,25.032988684782957,121.56541045400675,10.524846561612573,1,101322.07883299682,0.01765826801619178,0.09790209323566892,9.75109927199546,0.007034888825852686,0.0049187832322626236,0.0034401254320129537
1.0,3.0042968113264124e-11,4.1062264043350927e-20,0.0299991335502575,0.0,0.0,0.0,6.008798259710597e-19,1.0015439588784147e-09,4.8545740576734306e-20,nan,nan,nan,nan,nan,nan,nan,nan,nan,25.032988684782957,121.56541045400675,10.524846561612573,1,101319.84478552916,0.0009905326320730967,0.01153028479323448,9.688191336546327,0.006296407464344993,0.006739119042774482,-0.0005490247574592402
1.1,3.0042968113264124e-11,4.1062264043350927e-20,0.0299991335502575,0.0,0.0,0.0,6.008798259710597e-19,1.0015439588784147e-09,4.8545740576734306e-20,nan,nan,nan,nan,nan,nan,nan,nan,nan,25.033009372581624,121.56539231663574,11.440819889267377,1,101315.87490514822,0.022835260847101156,0.08420515800832566,9.762403546832886,0.008541090168522171,0.005713953602908711,0.0010607969833939458
1.2000000000000002,3.0042968113264124e-11,4.1062264043350927e-20,0.0299991335502575,0.0,0.0,0.0,6.008798259710597e-19,1.0015439588784147e-09,4.8545740576734306e-20,nan,nan,nan,nan,nan,nan,nan,nan,nan,25.033009372581624,121.56539231663574,11.440819889267377,1,101326.27415340766,-0.011532019655715754,0.06987347471249107,9.740323311747648,0.007425253508520831,0.0027593131135752137,0.005812363750450026
1.3,3.0042968113264124e-11,4.1062264043350927e-20,0.0299991335502575,0.0,0.0,0.0,6.008798259710597e-19,1.0015439588784147e-09,4.8545740576734306e-20,nan,nan,nan,nan,nan,nan,nan,nan,nan,25.033009372581624,121.56539231663574,11.440819889267377,1,101335.42261657064,-0.01753302907690742,0.09415278415340245,9.80977983352541,0.0014095452448389684,0.0067080809319798596,-0.001617441605333285
1.4000000000000001,3.0042968113264124e-11,4.1062264043350927e-20,0.0299991335502575,0.0,0.0,0.0,6.008798259710597e-19,1.0015439588784147e-09,4.8545740576734306e-20,nan,nan,nan,nan,nan,nan,nan,nan,nan,25.033009372581624,121.56539231663574,11.440819889267377,1,101327.36925581809,0.016318098635338535,0.09238015778811239,9.754035787409798,0.0024904292463306084,0.006656126298444757,-0.0008448885606068281
1.5,3.0042968113264124e-11,4.1062264043350927e-20,0.0299991335502575,0.0,0.0,0.0,6.008798259710597e-19,1.0015439588784147e-09,4.8545740576734306e-20,nan,nan,nan,nan,nan,nan,nan,nan,nan,25.033009372581624,121.56539231663574,11.440819889267377,1,101322.85882799009,0.03491684555600244,0.0809130080950314,9.673475679898427,0.0022043450126887926,0.00769237023220815,0.000721299351798144
1.6,3.0042968113264124e-11,4.1062264043350927e-20,0.0299991335502575,0.0,0.0,0.0,6.008798259710597e-19,1.0015439588784147e-09,4.8545740576734306e-20,nan,nan,nan,nan,nan,nan,nan,nan,nan,25.033009372581624,121.56539231663574,11.440819889267377,1,101326.36496781024,0.017373334515591834,0.03934630587626222,9.675935329443092,-0.0028562167587288796,0.010578287884157787,0.00040934567592920625
1.7000000000000002,3.0042968113264124e-11,4.1062264043350927e-20,0.0299991335502575,0.0,0.0,0.0,6.008798259710597e-19,1.0015439588784147e-09,4.8545740576734306e-20,nan,nan,nan,nan,nan,nan,nan,nan,nan,25.033009372581624,121.56539231663574,11.440819889267377,1,101332.25131666362,0.02152808237577337,0.07214334366266806,9.640701258363277,-0.004180625383352855,0.008787965829552435,0.0024629241542852586
1.8,3.0042968113264124e-11,4.1062264043350927e-20,0.0299991335502575,0.0,0.0,0.0,6.008798259710597e-19,1.0015439588784147e-09,4.8545740576734306e-20,nan,nan,nan,nan,nan,nan,nan,nan,nan,25.033009372581624,121.56539231663574,11.440819889267377,1,101336.8459725926,0.02171254275374091,0.10553736813426867,9.733279882557714,0.0031276804423137627,0.00812052163001854,-0.0022852582448946637
1.9000000000000001,3.0042968113264124e-11,4.1062264043350927e-20,0.0299991335502575,0.0,0.0,0.0,6.008798259710597e-19,1.0015439588784147e-09,4.8545740576734306e-20,nan,nan,nan,nan,nan,nan,nan,nan,nan,25.033009372581624,121.56539231663574,11.440819889267377,1,101318.36826877388,-0.01300055067212165,0.06478928241470677,9.715304240531477,0.0023350799511144935,0.00754821637333959,0.00019839109806532888
2.0,3.0042968113264124e-11,4.1062264043350927e-20,0.0299991335502575,0.0,0.0,0.0,6.008798259710597e-19,1.0015439588784147e-09,4.8545740576734306e-20,nan,nan,nan,nan,nan,nan,nan,nan,nan,25.033009372581624,121.56539231663574,11.440819889267377,1,101329.42866969622,0.022073724892381564,0.050032951993204455,9.746034500685672,-0.0016257145656215265,0.013561736442538143,0.00015227677173475077
2.1,3.0042968113264124e-11,4.1062264043350927e-20,0.0299991335502575,0.0,0.0,0.0,6.008798259710597e-19,1.0015439588784147e-09,4.8545740576734306e-20,2.224194775592256,2.710150034097348,-0.597725688727255,3.5962365283254564e-05,0.0007434115107336857,0.003522850617254869,0.0077173942619277024,-0.0009371645464262279,-1.1849067414305449e-05,25.033024465532005,121.56542203839955,9.402114672028675,1,101316.82040622417,0.028618825937615475,0.09353826407658916,9.679619441941913,0.007453094919944968,0.00577025749833,0.0036597381119093907
2.2,3.0042968113264124e-11,4.1062264043350927e-20,0.0299991335502575,0.0,0.0,0.0,6.008798259710597e-19,1.0015439588784147e-09,4.8545740576734306e-20,2.224195270354626,2.71023080210323,-0.5973692982624149,0.00038725116843665755,0.001157725307486695,0.003075983082002446,0.007488422551873309,-0.0010097977721525986,-2.763762606458565e-05,25.033024465532005,121.56542203839955,9.402114672028675,1,101320.42022350359,0.012817519981328802,0.06772136207532672,9.731195555516706,0.0017754257845430626,0.009508400612873856,0.0004241287288186176
2.301,3.0042968113264124e-11,4.1062264043350927e-20,0.0299991335502575,0.0,0.0,0.0,6.008798259710597e-19,1.0015439588784147e-09,4.8545740576734306e-20,2.2242138607621986,2.7103096568656575,-0.5970442474823787,-0.00018206253355056477,0.0002469124284107632,0.004044696807195194,0.007402128964213897,-0.0010566856456357687,-9.255907006551272e-05,25.033024465532005,121.56542203839955,9.402114672028675,1,101336.23383500864,-0.010703414003253819,0.10287246080115806,9.760534102501616,0.011097488569350649,0.008489431345044079,0.002040166163814785
2.4000000000000004,3.0042968113264124e-11,4.1062264043350927e-20,0.0299991335502575,0.0,0.0,0.0,6.008798259710597e-19,1.0015439588784147e-09,4.8545740576734306e-20,2.2241319561392436,2.7103492556265363,-0.5965400192284228,-0.0012731170189409836,0.0002666237821340019,0.0064523188366575135,0.007562894754721828,-0.0010853406814996802,-9.707894552441008e-05,25.033024465532005,121.56542203839955,9.402114672028675,1,101326.99264383981,0.0005306263463715107,0.06598159821197828,9.753763617673282,0.0008822540101707599,0.007564775941183417,-0.0002385077222191005
2.5,3.0042968113264124e-11,4.1062264043350927e-20,0.0299991335502575,0.0,0.0,0.0,6.008798259710597e-19,1.0015439588784147e-09,4.8545740576734306e-20,2.223990060733365,2.710384637753362,-0.5958451459254517,-0.00140414090516124,0.0005250880515366745,0.006784073098873016,0.007457823186821489,-0.0011673734710846428,-0.00017131842597603543,25.033024465532005,121.56542203839955,9.402114672028675,1,101322.1290314118,0.019452843024211453,0.08792476033259047,9.74214741326876,0.003935328192262576,0.006575902865510629,0.00010209074819467158
2.6,3.0042968113264124e-11,4.1062264043350927e-20,0.0299991335502575,0.0,0.0,0.0,6.008798259710597e-19,1.0015439588784147e-09,4.8545740576734306e-20,2.2238489572094364,2.710506595337603,-0.5950942958076033,-0.0014803865296254388,0.001961958987073462,0.007923890475780687,0.007432601688599048,-0.0010929397905954374,-0.00017089916575884802,25.033024465532005,121.56542203839955,9.402114672028675,1,101305.80542051764,0.017268210133438107,0.11049923501036572,9.814289881978727,0.0006413214957816582,0.008260157034835496,0.0029960548011290656
2.7,3.0042968113264124e-11,4.1062264043350927e-20,0.0299991335502575,0.0,0.0,0.0,6.008798259710597e-19,1.0015439588784147e-09,4.8545740576734306e-20,2.223668734762148,2.7106973823660874,-0.5943073509948547,-0.002319015710540524,0.00130744050259517,0.007824923869586824,0.0075487949317180865,-0.0011012315831231412,-0.0002448665167625909,25.033024465532005,121.56542203839955,9.402114672028675,1,101327.69422520055,0.005849536134069119,0.07383940003575558,9.729246266466854,0.0051973577724951595,0.0024595220839480833,0.0028716441008553644
2.8000000000000003,3.0042968113264124e-11,4.1062264043350927e-20,0.0299991335502575,0.0,0.0,0.0,6.008798259710597e-19,1.0015439588784147e-09,4.8545740576734306e-20,2.2234155937901954,2.710880991772777,-0.5934176652964227,-0.0027381920192939718,0.002434118982821213,0.009512510046442891,0.007538422866276942,-0.0010455174481043272,-0.0002516764199863835,25.033024465532005,121.56542203839955,9.402114672028675,1,101325.8537512903,0.021953929210740953,0.03837564143778717,9.64294234686589,0.004474320961893794,0.006167737345509853,0.0012830053041892975
2.9000000000000004,3.0042968113264124e-11,4.1062264043350927e-20,0.0299991335502575,0.0,0.0,0.0,6.008798259710597e-19,1.0015439588784147e-09,4.8545740576734306e-20,2.223130777114622,2.711180028411481,-0.3830685448128487,-0.002996810843274402,0.0035004866104162906,0.018588046343964975,0.007592795999287848,-0.0012460031036338748,-0.00016813650591388472,25.033024465532005,121.56542203839955,9.402114672028675,1,101332.53202699508,0.029903448063464733,0.0800322466085678,9.761671421664694,0.0004128493846335779,0.0024164300513130586,0.000562325521164211
3.0,3.0042968113264124e-11,4.1062264043350927e-20,0.0299991335502575,0.0,0.0,0.0,6.008798259710597e-19,1.0015439588784147e-09,4.8545740576734306e-20,2.2228697856018087,2.7115453657611286,-0.3810728360038029,-0.002136557556389806,0.003667046596727989,0.020926088281991273,0.0076221316059367356,-0.0011623437755514665,-0.0001610036470046164,25.033024465532005,121.56542203839955,9.402114672028675,1,101304.80968072067,0.014459175893128048,0.06745392153904224,9.675458034771587,0.0034885585732130873,0.005579650426407696,0.0005394194447123484
3.1,3.0042968113264124e-11,4.1062264043350927e-20,0.0299991335502575,0.0,0.0,0.0,6.008798259710597e-19,1.0015439588784147e-09,4.8545740576734306e-20,2.2555606248733273,2.4475765963046423,-0.29184818808506174,-0.001868140303299868,-0.0009075547385466871,0.026807927866200752,0.007520465811890371,-0.0010671326419424698,-0.00023426713298522984,25.033000968083943,121.56542523779366,10.303053477780194,1,101321.53397453629,0.011278357989531269,0.0532417071409113,9.825721295075757,0.005886291217079266,0.00567370273751246,0.0018685440406320435
3.2,3.0042968113264124e-11,4.1062264043350927e-20,0.0299991335502575,0.0,0.0,0.0,6.008798259710597e-19,1.0015439588784147e-09,4.8545740576734306e-20,2.255361086031513,2.447561547461146,-0.2890239275823584,-0.0022488054640958004,0.0007068210259791601,0.02970621810077369,0.007538063129835413,-0.001123548800936236,-0.0002585702639330309,25.033000968083943,121.56542523779366,10.303053477780194,1,101317.16674930793,0.004033924999223058,0.06988316725933702,9.737564016154444,0.0033759986550437734,0.003794881314441673,-0.000503764202383116
3.3000000000000003,3.0042968113264124e-11,4.1062264043350927e-20,0.0299991335502575,0.0,0.0,0.0,6.008798259710597e-19,1.0015439588784147e-09,4.8545740576734306e-20,2.2551206973844615,2.447671556796625,-0.2859948233226787,-0.002806918052553117,0.0016184227335331676,0.03161633650585948,0.00758535703979314,-0.0011889983971700158,-0.0001842677026007958,25.033000968083943,121.56542523779366,10.303053477780194,1,101340.68340428476,0.01623124820850006,0.08279518888441764,9.752800572767057,0.0015498973314546837,0.008282179989795144,-0.0006098030967923444
3.4000000000000004,3.0042968113264124e-11,4.1062264043350927e-20,0.0299991335502575,0.0,0.0,0.0,6.008798259710597e-19,1.0015439588784147e-09,4.8545740576734306e-20,2.2548118723946957,2.4478286344300444,-0.2827277050951878,-0.0032456768883108006,0.0015523360349151045,0.033179122085982504,0.0074720987942825424,-0.001067786058800202,-0.00020122637553613223,25.033000968083943,121.56542523779366,10.303053477780194,1,101333.56923959796,-0.0007058523913080136,0.08871046265076679,9.661474497442972,-0.007238421083276169,0.00483249533101073,-0.0013531809076815057
3.5,3.0042968113264124e-11,4.1062264043350927e-20,0.0299991335502575,0.0,0.0,0.0,6.008798259710597e-19,1.0015439588784147e-09,4.8545740576734306e-20,2.254429739287476,2.4480328282103687,-0.33373356307605617,-0.004335531181287627,0.0025380853200214085,0.024633469158107126,0.007276387831013942,-0.001092031544057681,-0.00022377890596765636,25.033000968083943,121.56542523779366,10.303053477780194,1,101318.46425519034,-0.010958796654759715,0.07940879690340903,9.750816594337053,0.0028728170661681315,0.001130598415035343,0.001307338613687671
3.6,3.0042968113264124e-11,4.1062264043350927e-20,0.0299991335502575,0.0,0.0,0.0,6.008798259710597e-19,1.0015439588784147e-09,4.8545740576734306e-20,2.2539494202541386,2.4483162519874457,-0.3311430257536255,-0.005287123163514399,0.002942744674389666,0.026541065768482978,0.007377119523220958,-0.0012434064099728914,-0.0002432196389089451,25.033000968083943,121.56542523779366,10.303053477780194,1,101322.17127862378,0.011517540966763246,0.08127325359286752,9.698653219929922,0.0011778003903856863,0.0010266584214148862,0.004526420043506362
3.7,3.0042968113264124e-11,4.1062264043350927e-20,0.0299991335502575,0.0,0.0,0.0,6.008798259710597e-19,1.0015439588784147e-09,4.8545740576734306e-20,2.2534054692398224,2.448635615604621,-0.25712170522016287,-0.005851594173888604,0.00342731957805867,0.044257853165673516,0.0074591202914777825,-0.0013714758221041734,-0.0001566157206811282,25.033000968083943,121.56542523779366,10.303053477780194,1,101325.01321509384,-0.024614805732260825,0.06853947287969914,9.732961807764365,0.0046230396577537185,0.009294916961761733,0.0022282131561238623
3.8000000000000003,3.0042968113264124e-11,4.1062264043350927e-20,0.0299991335502575,0.0,0.0,0.0,6.008798259710597e-19,1.0015439588784147e-09,4.8545740576734306e-20,2.2527782395928995,2.4490102437213763,-0.252681489807488,-0.0063564096388455055,0.003836116435301847,0.04356950341964849,0.007526238562875185,-0.0012583889623787314,-0.00010612714197099195,25.033000968083943,121.56542523779366,10.303053477780194,1,101344.11652382492,0.02348018538603029,0.07214686927433162,9.748600371186866,0.0009918190415609443,0.0019765433553140845,4.566322162502588e-05
3.9000000000000004,3.0042968113264124e-11,4.1062264043350927e-20,0.0299991335502575,0.0,0.0,0.0,6.008798259710597e-19,1.0015439588784147e-09,4.8545740576734306e-20,2.2520845186502263,2.4494162741568823,-0.26768356363916335,-0.007373373807514264,0.0042378579571631094,0.04037169706912363,0.0075166622031816255,-0.0011673587096634463,-0.00014670471644699212,25.033000968083943,121.56542523779366,10.303053477780194,1,101334.60753950765,0.008720830141859284,0.05424197055808659,9.711324883989336,0.003074465066713657,0.008490389855198094,0.002895152231965759
4.0,3.0042968113264124e-11,4.1062264043350927e-20,0.0299991335502575,0.0,0.0,0.0,6.008798259710597e-19,1.0015439588784147e-09,4.8545740576734306e-20,2.251315886195529,2.449834568884155,-0.263593779170949,-0.008135407144150576,0.0043856388561426115,0.04129846302175246,0.007464232277962654,-0.001198507699336826,-0.00015505786250532986,25.033000968083943,121.56542523779366,10.303053477780194,1,101324.99944908233,-0.008474601433712866,0.09757385020262169,9.66342551768003,-0.003165742506927082,0.011767436049964292,0.000796235226581233
4.1000000000000005,3.0042968113264124e-11,4.1062264043350927e-20,0.0299991335502575,0.0,0.0,0.0,6.008798259710597e-19,1.0015439588784147e-09,4.8545740576734306e-20,2.1035579391254675,2.3811963284074587,-0.25368768215170606,-0.023998864749160992,-0.0023921561681000585,0.04384879775275366,0.007322982838997995,-0.001578761563835851,-0.0001662001883225351,25.033016032754183,121.5654081115006,11.882830555708336,1,101342.65630475672,-0.0020926964352420193,0.06720221526957187,9.785207793492118,-0.0058551383519341626,0.0046797803476688465,0.0007096068471412525
4.2,3.0042968113264124e-11,4.1062264043350927e-20,0.0299991335502575,0.0,0.0,0.0,6.008798259710597e-19,1.0015439588784147e-09,4.8545740576734306e-20,2.101125448295863,2.3809640818679108,-0.2491772355819833,-0.024801929319973413,-0.0019983968590122003,0.04703738496520949,0.007209763364546085,-0.0017666242254494868,-0.00024653671676703537,25.033016032754183,121.5654081115006,11.882830555708336,1,101334.82490600033,0.024043557131433507,0.08386619654997397,9.729166094390914,0.00043927920248040993,-0.002400261766437906,0.0012310693440348364
4.300000000000001,3.0042968113264124e-11,4.1062264043350927e-20,0.0299991335502575,0.0,0.0,0.0,6.008798259710597e-19,1.0015439588784147e-09,4.8545740576734306e-20,2.0985185178661734,2.380776171253569,-0.41402769761928526,-0.027180268364770957,-0.002281088950780327,-0.04073188536151225,0.007114168352574614,-0.00203349748469428,-0.00017333426237936848,25.033016032754183,121.5654081115006,11.882830555708336,1,101321.1110760437,-0.0085208013141084,0.07366413495038583,9.687983678141109,0.004086999876789191,0.004665825491760218,0.0031402339226104677
4.4,3.0042968113264124e-11,4.1062264043350927e-20,0.0299991335502575,0.0,0.0,0.0,6.008798259710597e-19,1.0015439588784147e-09,4.8545740576734306e-20,2.0957061287370076,2.3805853566885684,-0.418211912918753,-0.028846762742197874,-0.0022130683986946015,-0.04307154288540436,0.00709396050237729,-0.002054839797735797,-0.0002182049084185943,25.033016032754183,121.5654081115006,11.882830555708336,1,101319.03186860582,0.0509116776782083,0.04436370594256766,9.686374752812656,0.0016330492376290138,0.009141848395228032,0.00010339788693509034
4.5,3.0042968113264124e-11,4.1062264043350927e-20,0.0299991335502575,0.0,0.0,0.0,6.008798259710597e-19,1.0015439588784147e-09,4.8545740576734306e-20,2.0927566480769095,2.3803284204979906,-0.42271700409432067,-0.030339706678440995,-0.00265311350672208,-0.047415252471324804,0.0071955604104104775,-0.0020244428806708292,-0.000263527815415646,25.033016032754183,121.5654081115006,11.882830555708336,1,101334.15803710252,0.010192074763058813,0.08192796848771033,9.786852924410285,0.0034606110254785513,0.009348869347147659,-0.00040178266985436864
4.6000000000000005,3.0042968113264124e-11,4.1062264043350927e-20,0.0299991335502575,0.0,0.0,0.0,6.008798259710597e-19,1.0015439588784147e-09,4.8545740576734306e-20,2.089613565811602,2.380091415837713,-0.42752713112314555,-0.03209889915699428,-0.002103699214682144,-0.0489638070271853,0.007076579733504815,-0.0019925857080322906,-0.00013805847932860842,25.033016032754183,121.5654081115006,11.882830555708336,1,101336.93740969617,0.022386275609531218,0.10248316995569698,9.708682494731313,-0.0021545414410521326,0.006067728447699675,0.003366814707723824
4.7,3.0042968113264124e-11,4.1062264043350927e-20,0.0299991335502575,0.0,0.0,0.0,6.008798259710597e-19,1.0015439588784147e-09,4.8545740576734306e-20,2.086317828500714,2.379936669213087,-0.48124159208305567,-0.03321638392783928,-0.0015536623684682734,-0.07755576282905433,0.007043987070570542,-0.0019242464506499246,-6.657789120913119e-05,25.033016032754183,121.5654081115006,11.882830555708336,1,101321.40239891759,0.0004014896402408071,0.0741859365792649,9.712872057525631,0.002182587884664738,0.007200677520520313,-0.0022385442306959175
4.800000000000001,3.0042968113264124e-11,4.1062264043350927e-20,0.0299991335502575,0.0,0.0,0.0,6.008798259710597e-19,1.0015439588784147e-09,4.8545740576734306e-20,2.0829015857207676,2.379755217093868,-0.4891317491976266,-0.03483578590516671,-0.0020156127543088155,-0.08076634059566892,0.007030401064502251,-0.0019286630801309546,1.7585091471897848e-05,25.033016032754183,121.5654081115006,11.882830555708336,1,101318.78773382906,0.004338214952930037,0.04065409632516593,9.678091663045617,0.007180853252745593,0.018613768627610664,0.0037341573894190657
4.9,3.0042968113264124e-11,4.1062264043350927e-20,0.0299991335502575,0.0,0.0,0.0,6.008798259710597e-19,1.0015439588784147e-09,4.8545740576734306e-20,2.079280506226314,2.3795684647383886,-0.6400942819240505,-0.0366416933503514,-0.001979082333874537,-0.17243875155929883,0.006861178396667073,-0.0019070807925631872,8.425862534052224e-05,25.033016032754183,121.5654081115006,11.882830555708336,1,101327.34923969943,0.0218268914752588,0.07782055925996612,9.709310087492973,0.003781771961234748,0.004185692534184944,0.0029522568911656984
5.0,3.0042968113264124e-11,4.1062264043350927e-20,0.0299991335502575,0.0,0.0,0.0,6.008798259710597e-19,1.0015439588784147e-09,4.8545740576734306e-20,2.075555769351177,2.3793846277261785,-0.657612603511534,-0.03833952753572867,-0.0010615805278724653,-0.17834438249745438,0.0070379858963698005,-0.0019873496902373944,0.00019727832028891817,25.033016032754183,121.5654081115006,11.882830555708336,1,101351.11745217284,-0.01385704743430633,0.07776522888764704,9.747376373025359,0.002219175359660703,0.009006489562043255,-0.00223848344995223
5.1000000000000005,3.0042968113264124e-11,4.1062264043350927e-20,0.0299991335502575,0.0,0.0,0.0,6.008798259710597e-19,1.0015439588784147e-09,4.8545740576734306e-20,1.739166142563226,1.9861116180768013,-0.5643587855297288,-0.12979732480275796,-0.10674808535866402,-0.11461561146746756,0.009310901550970752,-0.00394523641845157,0.0003674853599595672,25.03299437566465,121.56539540551088,6.8093668572260615,1,101343.10984659291,0.015638305572219662,0.057940533429377036,9.72069405067913,0.005014763512404231,0.004559252171065634,0.003551536748032571
5.2,3.0042968113264124e-11,4.1062264043350927e-20,0.0299991335502575,0.0,0.0,0.0,6.008798259710597e-19,1.0015439588784147e-09,4.8545740576734306e-20,1.725948181772882,1.975250243231042,-0.5758318456751814,-0.13462423601720244,-0.11025448884602436,-0.11511728593912532,0.009192338724330992,-0.0038363929956219955,0.0004379026910136677,25.03299437566465,121.56539540551088,6.8093668572260615,1,101322.73395885534,0.012942440300388635,0.09919463522695712,9.66430004381144,0.0023100915688165627,0.005626334683165403,0.0025064471881977458
5.300000000000001,3.0042968113264124e-11,4.1062264043350927e-20,0.0299991335502575,0.0,0.0,0.0,6.008798259710597e-19,1.0015439588784147e-09,4.8545740576734306e-20,1.7122596556734724,1.9640926587491658,-0.5875972447772124,-0.1392552477302803,-0.11288957300030224,-0.11930169167549728,0.009365996595992809,-0.003940755411275809,0.0005139529821769307,25.03299437566465,121.56539540551088,6.8093668572260615,1,101309.83983471869,0.020911264999100898,0.10180574492871726,9.762625457166552,0.0038795785550337462,0.0037179828627601115,0.005712396694545648
5.4,3.0042968113264124e-11,4.1062264043350927e-20,0.0299991335502575,0.0,0.0,0.0,6.008798259710597e-19,1.0015439588784147e-09,4.8545740576734306e-20,1.6980892813247959,1.9526594523379284,-0.5996207305114357,-0.14410624477896627,-0.11569432233644446,-0.12156791113911715,0.00926037583388722,-0.0038953087598703195,0.0008092704951400635,25.03299437566465,121.56539540551088,6.8093668572260615,1,101330.6570752309,0.019683090918851204,0.07536217757742408,9.799279122637248,0.0010589323984830906,0.010847420518133626,0.0031150469835716293
5.5,3.0042968113264124e-11,4.1062264043350927e-20,0.0299991335502575,0.0,0.0,0.0,6.008798259710597e-19,1.0015439588784147e-09,4.8545740576734306e-20,1.6834363875643676,1.940930237511712,-0.6118928339189551,-0.1490508628865229,-0.11876593924776724,-0.1244057476460917,0.009123852997552931,-0.0038881670357810982,0.0008700707489718669,25.03299437566465,121.56539540551088,6.8093668572260615,1,101331.69504700397,-0.007295613809159928,0.09707018117443617,9.71757984262382,-0.0016524437913632796,0.00833890699674655,0.0006003947406460466
5.6000000000000005,3.0042968113264124e-11,4.1062264043350927e-20,0.0299991335502575,0.0,0.0,0.0,6.008798259710597e-19,1.0015439588784147e-09,4.8545740576734306e-20,1.668288312111744,1.9289077988257852,-0.6244343637228065,-0.15424049290614142,-0.1216649761677882,-0.12653797310868456,0.009114800235299446,-0.0038211021420702096,0.0010079606821859393,25.03299437566465,121.56539540551088,6.8093668572260615,1,101317.48165230689,-0.02790128013653537,0.0751468583012306,9.679629464078547,0.0028153632823017735,0.005833765048946988,0.003230434733155423
5.7,3.0042968113264124e-11,4.1062264043350927e-20,0.0299991335502575,0.0,0.0,0.0,6.008798259710597e-19,1.0015439588784147e-09,4.8545740576734306e-20,1.6525373336183318,1.916526087718017,-0.6372356691138131,-0.16012848878713326,-0.12583184430880673,-0.12870357941320804,0.009323268404469945,-0.003947825377647263,0.0012227831885576641,25.03299437566465,121.56539540551088,6.8093668572260615,1,101328.59827381729,-0.008077177044492252,0.12023508460236743,9.805483917193202,0.0040428518840458115,0.004870203938047447,0.0026643127922823793
5.800000000000001,3.0042968113264124e-11,4.1062264043350927e-20,0.0299991335502575,0.0,0.0,0.0,6.008798259710597e-19,1.0015439588784147e-09,4.8545740576734306e-20,1.6362251989119396,1.9038217946522444,-0.6502688949820202,-0.1658335845002651,-0.12846862690238975,-0.13232562841634765,0.00928030779830018,-0.004194380759433125,0.0013278043141709845,25.03299437566465,121.56539540551088,6.8093668572260615,1,101317.48486572056,0.003033497337002271,0.10375574145707694,9.692445436036795,-0.000559473189978163,0.004920322680455964,0.000826660743978031
5.9,3.0042968113264124e-11,4.1062264043350927e-20,0.0299991335502575,0.0,0.0,0.0,6.008798259710597e-19,1.0015439588784147e-09,4.8545740576734306e-20,1.620023018516472,1.8909080317855476,-0.2978534866894525,-0.17116978986296572,-0.13115327483648337,0.06974169923964148,0.009261606405107413,-0.004314146884810688,0.0013708158377598867,25.03299437566465,121.56539540551088,6.8093668572260615,1,101327.1744120609,0.010416111171130105,0.10281964117489234,9.668157223946661,0.003396030384241331,0.008904788509169795,0.0010634007181713177
6.0,3.0042968113264124e-11,4.1062264043350927e-20,0.0299991335502575,0.0,0.0,0.0,6.008798259710597e-19,1.0015439588784147e-09,4.8545740576734306e-20,1.6026138008716537,1.8776870237222787,-0.290880527659991,-0.1767840271303476,-0.1336179602581795,0.07038107460131816,0.00925012002958191,-0.004337173495973845,0.00140168697393707,25.03299437566465,121.56539540551088,6.8093668572260615,1,101332.44658574901,0.014287330746246829,0.1015183677580769,9.73286524401057,0.012084859316145946,0.010859729969446749,0.0003677355121224782
6.1000000000000005,3.0042968113264124e-11,4.1062264043350927e-20,0.0299991335502575,0.0,0.0,0.0,6.008798259710597e-19,1.0015439588784147e-09,4.8545740576734306e-20,1.1991915389042271,1.237553127020108,-0.43140906401296736,-0.331284728512454,-0.37969278187936817,-0.010151344324670518,0.0142597721200338,-0.007496202128912222,0.0016114541568536707,25.032989805686547,121.56539756172548,8.359527949533177,1,101331.79023967634,0.0078856196255087,0.09543331640579958,9.795327959074474,0.0021756125471758727,0.005204241686629163,0.004666351873793497
6.2,3.0042968113264124e-11,4.1062264043350927e-20,0.0299991335502575,0.0,0.0,0.0,6.008798259710597e-19,1.0015439588784147e-09,4.8545740576734306e-20,1.165527129682105,1.1990949296662796,-0.4324519258827077,-0.341888197828843,-0.38964814635997014,-0.010792280753556842,0.014362408079308076,-0.007614659184976391,0.0017700725824364109,25.032989805686547,121.56539756172548,8.359527949533177,1,101339.03844382291,-0.012247008334392264,0.0907261975250822,9.70436168133314,-0.003591893646383588,0.005276567836247811,0.0029917649358959983
6.301,3.0042968113264124e-11,4.1062264043350927e-20,0.0299991335502575,0.0,0.0,0.0,6.008798259710597e-19,1.0015439588784147e-09,4.8545740576734306e-20,1.13025475869611,1.1593837842304182,-0.6126408804126985,-0.3529711604661097,-0.4002429751563456,-0.10630191513039731,0.014457167270291008,-0.007630867064356339,0.0018861469065835149,25.032989805686547,121.56539756172548,8.359527949533177,1,101339.38645080375,-0.015401737514777537,0.057405424720525955,9.751867658790554,0.0029767391752509383,0.006042569022254201,0.002591234890378612
6.4,3.0042968113264124e-11,4.1062264043350927e-20,0.0299991335502575,0.0,0.0,0.0,6.008798259710597e-19,1.0015439588784147e-09,4.8545740576734306e-20,1.0944360564111872,1.1188889455582804,-0.6233428454635501,-0.3635951086171324,-0.40934422233199763,-0.1078138034410532,0.014594885101437492,-0.007923754730414068,0.0020340890179906994,25.032989805686547,121.56539756172548,8.359527949533177,1,101323.43537416024,-0.002523660570132429,0.11083708621763698,9.680811946041942,0.0030417074061254816,0.0009710145416975636,0.0022004526057509996
6.5,3.0042968113264124e-11,4.1062264043350927e-20,0.0299991335502575,0.0,0.0,0.0,6.008798259710597e-19,1.0015439588784147e-09,4.8545740576734306e-20,1.057807483619227,1.0776174602894613,-0.5697378326543325,-0.3750142388168242,-0.4191738571409959,-0.07927282750898244,0.014614539802641616,-0.008055802083005936,0.0021489235788046445,25.032989805686547,121.56539756172548,8.359527949533177,1,101334.16825605894,-0.02525127490625123,0.058276542307337816,9.679246995500762,-0.00010164228957967652,0.004351831207223802,0.002066092624299258
6.6000000000000005,3.0042968113264124e-11,4.1062264043350927e-20,0.0299991335502575,0.0,0.0,0.0,6.008798259710597e-19,1.0015439588784147e-09,4.8545740576734306e-20,1.0197745690412294,1.0350485018488562,-0.5777935658121578,-0.38572183132803073,-0.4317980822790325,-0.0830411144112664,0.014815241302149562,-0.00814401183083202,0.0022233021769375834,25.032989805686547,121.56539756172548,8.359527949533177,1,101340.47199837481,0.021258575138864467,0.06941825139025484,9.705358308120376,0.003477114844365165,0.012866510386397176,0.0053707011522756976
6.7,3.0042968113264124e-11,4.1062264043350927e-20,0.0299991335502575,0.0,0.0,0.0,6.008798259710597e-19,1.0015439588784147e-09,4.8545740576734306e-20,0.9807256272114957,0.9913645487810848,-0.5772010864094769,-0.39694503512257473,-0.4427626915116152,-0.07933512632735515,0.014899391741532621,-0.00817531500921942,0.0023128901770590746,25.032989805686547,121.56539756172548,8.359527949533177,1,101319.20364244888,-0.007427703437332785,0.07360810008661643,9.6217702214272,0.0025355232976806423,0.00990708002405815,0.0006233413161690752
6.800000000000001,3.0042968113264124e-11,4.1062264043350927e-20,0.0299991335502575,0.0,0.0,0.0,6.008798259710597e-19,1.0015439588784147e-09,4.8545740576734306e-20,0.9404987149763496,0.9464995873823621,-0.5851846843691831,-0.40715146898377264,-0.4544077108417041,-0.0784977212156532,0.014966793475630017,-0.00813030009097715,0.002414440540937442,25.032989805686547,121.56539756172548,8.359527949533177,1,101314.75895741118,0.0188045356761773,0.1018396559310602,9.780928635417716,0.0026137596827088888,0.006087943790965591,0.00044304964793323034
6.9,3.0042968113264124e-11,4.1062264043350927e-20,0.0299991335502575,0.0,0.0,0.0,6.008798259710597e-19,1.0015439588784147e-09,4.8545740576734306e-20,0.8992544222400028,0.9005199954552847,-0.5930641170126985,-0.417752681405477,-0.4651910018595242,-0.0806367343598624,0.01495798028653186,-0.008207224138782276,0.002524740147283676,25.032989805686547,121.56539756172548,8.359527949533177,1,101340.29882130573,-0.02543103105173282,0.09253853466919879,9.684007605366615,0.008942704469175961,0.007051251241069179,0.004074920395376595
7.0,3.0042968113264124e-11,4.1062264043350927e-20,0.0299991335502575,0.0,0.0,0.0,6.008798259710597e-19,1.0015439588784147e-09,4.8545740576734306e-20,0.8568782387483697,0.8534693084803097,-0.6012039876031016,-0.42983879732818187,-0.47595600260228954,-0.0815595160160045,0.015017804823130296,-0.00840156946633952,0.0024662811820417322,25.032989805686547,121.56539756172548,8.359527949533177,1,101330.54781564225,0.00569401887986156,0.12110969167017839,9.71789195402365,0.0013222315796333163,0.004749504667937688,0.0034906992598211367
7.1000000000000005,3.0042968113264124e-11,4.1062264043350927e-20,0.0299991335502575,0.0,0.0,0.0,6.008798259710597e-19,1.0015439588784147e-09,4.8545740576734306e-20,0.05114544532117154,0.7112032018999013,-0.7950472842421993,-0.7584025719832842,-0.515555375608504,-0.17353903248506997,0.015672805556018517,-0.015259226570116358,0.002566415068359736,25.0330033656415,121.56538549061572,8.616622004552553,1,101326.38050807452,0.029544399370462503,0.05693539847769484,9.710078684211402,0.001622093537245369,0.007625727867363408,0.00402494111990867
7.2,3.0042968113264124e-11,4.1062264043350927e-20,0.0299991335502575,0.0,0.0,0.0,6.008798259710597e-19,1.0015439588784147e-09,4.8545740576734306e-20,-0.025702885673688308,0.6590448408930653,-0.8126537186761388,-0.7789155903327726,-0.5274973278675198,-0.17733931253234864,0.015732035430683463,-0.015499984057971261,0.002643881172347225,25.0330033656415,121.56538549061572,8.616622004552553,1,101332.22898116529,-0.017520992923016204,0.07710912142479137,9.794877709107464,0.007121859442147808,0.005825040733062619,0.0013816261913573839
7.300000000000001,3.0042968113264124e-11,4.1062264043350927e-20,0.0299991335502575,0.0,0.0,0.0,6.008798259710597e-19,1.0015439588784147e-09,4.8545740576734306e-20,-0.10642967107876856,0.6043391737932833,-1.077397990650894,-0.8011964098930642,-0.5387062450073774,-0.29200231047386516,0.0158664663626996,-0.015743961457712174,0.002784619607901724,25.0330033656415,121.56538549061572,8.616622004552553,1,101334.36513646388,0.007226946326095162,0.08165693617406845,9.798085833741025,-0.002171403070385202,0.005887738516546613,0.0016062708437281073
7.4,3.0042968113264124e-11,4.1062264043350927e-20,0.0299991335502575,0.0,0.0,0.0,6.008798259710597e-19,1.0015439588784147e-09,4.8545740576734306e-20,-0.1875701307345298,0.5498618296306453,-1.1069441692702722,-0.8217522600228953,-0.5506502068953956,-0.29958670809158294,0.01602626222036843,-0.01592106104318103,0.0027751638905387085,25.0330033656415,121.56538549061572,8.616622004552553,1,101339.68881251816,0.009078315328568088,0.1147089477398586,9.7896244120628,0.0025811892881609302,0.01119067415168271,0.0013853848303535285
7.500000000000001,3.0042968113264124e-11,4.1062264043350927e-20,0.0299991335502575,0.0,0.0,0.0,6.008798259710597e-19,1.0015439588784147e-09,4.8545740576734306e-20,-0.2697684717277118,0.49502197724841474,-1.0400885054805742,-0.8421060071414475,-0.5619609542746269,-0.26133694746198827,0.01613433038977363,-0.016028817458773048,0.0028024921649470484,25.0330033656415,121.56538549061572,8.616622004552553,1,101321.88967074594,0.020224032202531144,0.0954542585332516,9.829549252243053,0.0010485384470551324,0.013462639198427979,0.0022345453092256938
7.6000000000000005,3.0042968113264124e-11,4.1062264043350927e-20,0.0299991335502575,0.0,0.0,0.0,6.008798259710597e-19,1.0015439588784147e-09,4.8545740576734306e-20,-0.3550563363750601,0.4382412207236039,-1.0664664792026461,-0.863391188839119,-0.5737551312388035,-0.2664810262531292,0.01624583535241181,-0.016144177928091752,0.002828472386013148,25.0330033656415,121.56538549061572,8.616622004552553,1,101330.40028139694,0.020634957065082712,0.10435246631959769,9.691258233144907,0.004658033071048679,0.010660621103002312,0.0005861831491840099
7.7,3.0042968113264124e-11,4.1062264043350927e-20,0.0299991335502575,0.0,0.0,0.0,6.008798259710597e-19,1.0015439588784147e-09,4.8545740576734306e-20,-0.44304247307096956,0.3797937077678696,-1.1308387108980549,-0.8856007021694771,-0.5864297724693248,-0.28711982045910583,0.016413920876644165,-0.016150139937000763,0.0029354786917825887,25.0330033656415,121.56538549061572,8.616622004552553,1,101330.45590777457,0.012329934666608207,0.10931073524789484,9.76848239989374,0.0026316221665923026,0.007056925965785829,0.002095116618974459
7.800000000000001,3.0042968113264124e-11,4.1062264043350927e-20,0.0299991335502575,0.0,0.0,0.0,6.008798259710597e-19,1.0015439588784147e-09,4.8545740576734306e-20,-0.5326508137187241,0.3205410121394837,-1.1597632436194503,-0.9068898173623334,-0.5989791957983603,-0.2914964120243581,0.016412533588560888,-0.01632704965163634,0.0029937515517312286,25.0330033656415,121.56538549061572,8.616622004552553,1,101327.04574713504,0.0004037940053968976,0.03796664567635573,9.801089397888378,0.0038757221154455297,0.009081843840572226,0.0032953786274727793
7.9,3.0042968113264124e-11,4.1062264043350927e-20,0.0299991335502575,0.0,0.0,0.0,6.008798259710597e-19,1.0015439588784147e-09,4.8545740576734306e-20,-0.6197423154623013,0.2635713135071631,-0.9720329545722578,-0.9264071924728317,-0.6096726701255898,-0.20243671792409848,0.0164869301169583,-0.016295296677728777,0.0031091070854699122,25.0330033656415,121.56538549061572,8.616622004552553,1,101330.42807866712,0.009135654011422465,0.12297981680248118,9.680039024597303,0.005519733539549735,0.005202545930391785,0.0009425186753540685
8.0,3.0042968113264124e-11,4.1062264043350927e-20,0.0299991335502575,0.0,0.0,0.0,6.008798259710597e-19,1.0015439588784147e-09,4.8545740576734306e-20,-0.7134606442998273,0.2019830794251568,-0.9926591051162089,-0.9481605356667148,-0.6229466426086806,-0.20928240576568893,0.016605205882171684,-0.016388866223612908,0.0030484760183429717,25.0330033656415,121.56538549061572,8.616622004552553,1,101312.13658776254,0.0289715710505975,0.02258174361442128,9.770745326453332,0.004198626401389604,0.00840166509352391,0.0026952494442112414
8.1,3.0042968113264124e-11,4.1062264043350927e-20,0.0299991335502575,0.0,0.0,0.0,6.008798259710597e-19,1.0015439588784147e-09,4.8545740576734306e-20,-0.5704809370316561,-0.21420605779150229,-1.0895807487295999,-0.885042167969906,-0.7623208950091919,-0.24405856549573357,0.01929267709276833,-0.014817799956715394,0.0030885514966300463,25.03299126133853,121.56540085312172,12.09719448777629,1,101313.84988441315,-0.004056435106617156,0.09636773717533935,9.783334876075777,0.00013383664281512797,0.008928521326684934,0.0014099049753905338
8.200000000000001,3.0042968113264124e-11,4.1062264043350927e-20,0.0299991335502575,0.0,0.0,0.0,6.008798259710597e-19,1.0015439588784147e-09,4.8545740576734306e-20,-0.6599709456429481,-0.29126050039239226,-1.1141913531818657,-0.9044841301277096,-0.7787082858324286,-0.2490058691785382,0.019363008486006417,-0.01506017324555975,0.0031066081457233746,25.03299126133853,121.56540085312172,12.09719448777629,1,101321.8453712995,-0.006854898663160308,0.10242667349454398,9.682289804197735,0.0036383434868159366,0.007611510341624488,0.0021954058041256867
8.3,3.0042968113264124e-11,4.1062264043350927e-20,0.0299991335502575,0.0,0.0,0.0,6.008798259710597e-19,1.0015439588784147e-09,4.8545740576734306e-20,-0.75141336819893,-0.36994640255038796,-1.1393843960650953,-0.9246209281861235,-0.7948331988357027,-0.25393106900977036,0.019383168381161605,-0.015299105951060321,0.0030510273853394596,25.03299126133853,121.56540085312172,12.09719448777629,1,101307.89951336317,-0.019189599890427823,0.10137685635009783,9.718964164897162,0.004090038631709736,0.001898813991097409,0.0011921295818350531
8.4,3.0042968113264124e-11,4.1062264043350927e-20,0.0299991335502575,0.0,0.0,0.0,6.008798259710597e-19,1.0015439588784147e-09,4.8545740576734306e-20,-0.8448830096681723,-0.4502239713081542,-1.1649552018704215,-0.9446188717957238,-0.8100847096194881,-0.25722622956545843,0.019414275386100063,-0.015505254929237156,0.0031857670214877586,25.03299126133853,121.56540085312172,12.09719448777629,1,101318.25933146672,0.00026434466903636896,0.07516249210918854,9.714088290343081,0.004297571758409545,0.011358900602046801,0.0032371755581609473
8.5,3.0042968113264124e-11,4.1062264043350927e-20,0.0299991335502575,0.0,0.0,0.0,6.008798259710597e-19,1.0015439588784147e-09,4.8545740576734306e-20,-0.9422310563465044,-0.5333414930150685,-1.237512036156057,-0.966509812000484,-0.8267413327123085,-0.28245230864805665,0.019559830074063353,-0.01561240499103067,0.003244093994996528,25.03299126133853,121.56540085312172,12.09719448777629,1,101312.2229352951,-0.004538840689185071,0.10148504504643653,9.655300137711146,0.0008741688157498991,0.007205063440254776,0.0033426786398335104
8.600000000000001,3.0042968113264124e-11,4.1062264043350927e-20,0.0299991335502575,0.0,0.0,0.0,6.008798259710597e-19,1.0015439588784147e-09,4.8545740576734306e-20,-1.0399555063311399,-0.6168354249469198,-1.2660013208968746,-0.9876650116588357,-0.8428228239289164,-0.2865121779649664,0.01964622012561002,-0.01574570598157754,0.0033353515709038054,25.03299126133853,121.56540085312172,12.09719448777629,1,101330.17951990459,9.207487112216977e-05,0.11760517829269362,9.810472909512763,-4.662960770694582e-05,0.007803574695217373,0.005030311411673939
8.700000000000001,3.0042968113264124e-11,4.1062264043350927e-20,0.0299991335502575,0.0,0.0,0.0,6.008798259710597e-19,1.0015439588784147e-09,4.8545740576734306e-20,-1.1411860741999686,-0.702966885973959,-1.3233455846408382,-1.008814171689847,-0.859851898396411,-0.3002909529406233,0.019946168746659446,-0.01594913614947524,0.0034312842980186754,25.03299126133853,121.56540085312172,12.09719448777629,1,101326.21681022151,0.011566159434929555,0.09140580771154724,9.865566702668012,-0.0008431023879947055,0.007705233961196759,0.0033359515020434
8.8,3.0042968113264124e-11,4.1062264043350927e-20,0.0299991335502575,0.0,0.0,0.0,6.008798259710597e-19,1.0015439588784147e-09,4.8545740576734306e-20,-1.2431345309418513,-0.7898401522665027,-1.3535056947381656,-1.0301699457234716,-0.8775853810700268,-0.30394063332500304,0.01994901623842248,-0.016218091031781068,0.0035026367361591752,25.03299126133853,121.56540085312172,12.09719448777629,1,101335.25925533401,-0.016923048075583876,0.10741211988553759,9.753129321219596,-0.0014090924315389663,0.002023834226302799,0.004217504115939163
8.9,3.0042968113264124e-11,4.1062264043350927e-20,0.0299991335502575,0.0,0.0,0.0,6.008798259710597e-19,1.0015439588784147e-09,4.8545740576734306e-20,-1.337343961079771,-0.8713770196470546,-1.2347403912837833,-1.0453052815984913,-0.8902002441480917,-0.2524614809468292,0.01980372204875513,-0.01629786323500726,0.0035767085412596322,25.03299126133853,121.56540085312172,12.09719448777629,1,101300.62693139211,0.009411619345524409,0.07463376567389558,9.773208450075263,0.005935921189289577,0.005139455258203434,0.0006556382013851122
9.0,3.0042968113264124e-11,4.1062264043350927e-20,0.0299991335502575,0.0,0.0,0.0,6.008798259710597e-19,1.0015439588784147e-09,4.8545740576734306e-20,-1.4428991402014948,-0.9612051686289695,-1.2601534222585105,-1.0662352994578892,-0.9068047028402968,-0.2567020401927682,0.019990105650914195,-0.016467880139404034,0.0037595418186155763,25.03299126133853,121.56540085312172,12.09719448777629,1,101334.20581546635,0.012606191784054144,0.07849717041561872,9.695669447600203,0.005100872404749277,0.006107111388984182,0.004656924018771415
9.100000000000001,3.0042968113264124e-11,4.1062264043350927e-20,0.0299991335502575,0.0,0.0,0.0,6.008798259710597e-19,1.0015439588784147e-09,4.8545740576734306e-20,-1.0104290985012665,-0.259899570261404,-1.263976646932534,-0.8916381098967275,-0.6374164137890515,-0.2494539830300357,0.014075914055145782,-0.012637987121383532,0.003925716034388107,25.03300962700846,121.5653993785705,13.412770210743313,1,101309.21833151203,0.012477838059626585,0.08632674603329132,9.737891367536228,-0.003063946186582181,0.004245128422260021,0.0027783888007711513
9.200000000000001,3.0042968113264124e-11,4.1062264043350927e-20,0.0299991335502575,0.0,0.0,0.0,6.008798259710597e-19,1.0015439588784147e-09,4.8545740576734306e-20,-1.1004242971722804,-0.32408372077623515,-1.2891394244487724,-0.9084445996331196,-0.6465373243834925,-0.253146569752398,0.014099638478167632,-0.012715724961888553,0.003830254075415652,25.03300962700846,121.5653993785705,13.412770210743313,1,101316.92280730772,-0.00899539786883228,0.10491935935028578,9.717860415882113,0.006098301720354288,0.0099149598331086,0.0040908058775921356
9.3,3.0042968113264124e-11,4.1062264043350927e-20,0.0299991335502575,0.0,0.0,0.0,6.008798259710597e-19,1.0015439588784147e-09,4.8545740576734306e-20,-1.1874284888994417,-0.3857870528089324,-1.2427797847338087,-0.9224943493776474,-0.6545165919963044,-0.22964217313847002,0.01407354251067688,-0.012699892811997904,0.003858318112496907,25.03300962700846,121.5653993785705,13.412770210743313,1,101328.45671421524,-0.0025279985108537352,0.09452037028978232,9.69735565674723,-0.003405424345289272,0.011073081176610771,0.00221899173020386
9.4,3.0042968113264124e-11,4.1062264043350927e-20,0.0299991335502575,0.0,0.0,0.0,6.008798259710597e-19,1.0015439588784147e-09,4.8545740576734306e-20,-1.2805704695899531,-0.4517396476815652,-1.266113008531874,-0.9401408812070345,-0.6646432673630832,-0.23557328824451512,0.014157857914694125,-0.012748439551071522,0.003802791943653361,25.03300962700846,121.5653993785705,13.412770210743313,1,101318.72235241921,0.0010954481127978472,0.07094364796347831,9.756557442154943,0.004330181798215589,0.00427007128776352,0.003308807594343188
9.5,3.0042968113264124e-11,4.1062264043350927e-20,0.0299991335502575,0.0,0.0,0.0,6.008798259710597e-19,1.0015439588784147e-09,4.8545740576734306e-20,-1.3636014455128604,-0.5102247975904185,-1.144273319673273,-0.9503906215285929,-0.6706057252555307,-0.18695630838847588,0.014081063412353559,-0.01268096308726685,0.0038227739137963778,25.03300962700846,121.5653993785705,13.412770210743313,1,101319.62182104532,0.013877175715819335,0.09433284700784145,9.75149215606381,-0.0012020395118425772,0.0075278823576873915,0.004260624387098823
9.600000000000001,3.0042968113264124e-11,4.1062264043350927e-20,0.0299991335502575,0.0,0.0,0.0,6.008798259710597e-19,1.0015439588784147e-09,4.8545740576734306e-20,-1.4594594581139027,-0.5778015486578981,-1.1630502662490743,-0.9668212761733105,-0.6811802988291049,-0.18893792726619116,0.014132274338033445,-0.01294042211637536,0.003926684466486641,25.03300962700846,121.5653993785705,13.412770210743313,1,101329.37741156317,0.020927282351101455,0.08113875934436177,9.759733836421013,0.0011944627395910218,0.007475565382725124,0.002320048540041491
9.700000000000001,3.0042968113264124e-11,4.1062264043350927e-20,0.0299991335502575,0.0,0.0,0.0,6.008798259710597e-19,1.0015439588784147e-09,4.8545740576734306e-20,-1.5570185796796092,-0.6464348887529556,-1.1821228753755766,-0.9839383356279232,-0.6919036252184091,-0.19282999193097863,0.014214129545308204,-0.012822464475447992,0.0040788280363656185,25.03300962700846,121.5653993785705,13.412770210743313,1,101317.03181272153,0.018816853586713964,0.08990917318794628,9.701024980944634,0.003224441999743794,0.003967412636604599,0.0012472808751636654
9.8,3.0042968113264124e-11,4.1062264043350927e-20,0.0299991335502575,0.0,0.0,0.0,6.008798259710597e-19,1.0015439588784147e-09,4.8545740576734306e-20,-1.6562691300111154,-0.7161472945330459,-1.2016323290524715,-1.0010895515721498,-0.7021389635535302,-0.19771837923592664,0.014224373322342235,-0.012934873389819135,0.0042073103740513556,25.03300962700846,121.5653993785705,13.412770210743313,1,101312.09428277814,-0.0006896809482886557,0.06630121957424442,9.755972647885308,0.006471479130167107,0.0072013943312897654,0.0014554591410531276
9.9,3.0042968113264124e-11,4.1062264043350927e-20,0.0299991335502575,0.0,0.0,0.0,6.008798259710597e-19,1.0015439588784147e-09,4.8545740576734306e-20,-1.7373793523875587,-0.772723327976993,-1.0542916623564602,-1.007311291008005,-0.7057786950351683,-0.14210043060203897,0.01399542847019964,-0.012778448599029435,0.004289865442618969,25.03300962700846,121.5653993785705,13.412770210743313,1,101329.84566229869,0.012561658650663513,0.025574466516694018,9.759224131856886,0.005735373214437603,0.005734924890842916,0.003502491079920929
10.0,3.0042968113264124e-11,4.1062264043350927e-20,0.0299991335502575,0.0,0.0,0.0,6.008798259710597e-19,1.0015439588784147e-09,4.8545740576734306e-20,-1.8389316955320452,-0.8437975049832568,-1.0686565404994135,-1.0238241172610447,-0.7161837886322894,-0.1448837041765238,0.013929049208099318,-0.012918200821736114,0.004407165761830618,25.03300962700846,121.5653993785705,13.412770210743313,1,101326.32564989144,0.0020600037310324597,0.08295623792135437,9.695695384862137,0.009182121749578484,0.01206000514755761,0.0019055565682903905
10.105,3.0042968113264124e-11,4.1062264043350927e-20,0.0299991335502575,0.0,0.0,0.0,6.008798259710597e-19,1.0015439588784147e-09,4.8545740576734306e-20,-0.5327111550144724,0.19856056305277006,-1.2123211945024073,-0.5375855280199585,-0.32765479027250444,-0.18814398193308474,0.005194205617665438,-0.001834378199439879,0.0045073582010407495,25.0330145089429,121.56541249263582,10.870814775438655,1,101321.81316515675,-0.009847901988730385,0.016789514610558276,9.778134332857453,0.002908098553866907,0.005312307781107902,0.0015215875273776075
10.200000000000001,3.0042968113264124e-11,4.1062264043350927e-20,0.0299991335502575,0.0,0.0,0.0,6.008798259710597e-19,1.0015439588784147e-09,4.8545740576734306e-20,-0.592200585654046,0.16251097703006923,-1.2329768098697917,-0.5438477387080453,-0.3277884472483487,-0.18729446159029728,0.005136423764095677,-0.0018093972033947914,0.0046015741305471345,25.0330145089429,121.56541249263582,10.870814775438655,1,101329.60404612275,0.023236495767302853,0.09437474486674591,9.79948859054766,0.002399267168051885,0.009340948413827464,0.0031899044349386185
10.3,3.0042968113264124e-11,4.1062264043350927e-20,0.0299991335502575,0.0,0.0,0.0,6.008798259710597e-19,1.0015439588784147e-09,4.8545740576734306e-20,-0.6526675495255334,0.12555147706413425,-1.312601081711778,-0.5523079605799425,-0.3311096322433241,-0.2118905814633931,0.0053063536181104515,-0.0019756688928300736,0.004674321036549847,25.0330145089429,121.56541249263582,10.870814775438655,1,101328.22196147697,0.02557771292387795,0.07423285844059417,9.725176687289922,0.0037075893573393294,0.006668117300236945,5.5161766101428575e-06
10.4,3.0042968113264124e-11,4.1062264043350927e-20,0.0299991335502575,0.0,0.0,0.0,6.008798259710597e-19,1.0015439588784147e-09,4.8545740576734306e-20,-0.7081692684115347,0.09245740858799281,-1.3337508532179847,-0.5577824396421595,-0.3309655145014023,-0.21185232467406015,0.00533436685324583,-0.002133887068241247,0.004617718647371994,25.0330145089429,121.56541249263582,10.870814775438655,1,101307.40959820792,-0.019508915301151515,0.08313329135076765,9.770203770615023,0.004689295562086044,0.0034484816310374,0.0020192236884393035
10.5,3.0042968113264124e-11,4.1062264043350927e-20,0.0299991335502575,0.0,0.0,0.0,6.008798259710597e-19,1.0015439588784147e-09,4.8545740576734306e-20,-0.7590818394243739,0.06291660246210447,-1.3091787681119988,-0.5617687732831076,-0.32981098677095455,-0.19805503420591522,0.005162410492828249,-0.002121987976132944,0.004753319427465651,25.0330145089429,121.56541249263582,10.870814775438655,1,101321.68491098743,0.004095268606742467,0.09937928722621722,9.784782332578581,0.0049019603822287525,0.006827847732703417,0.0030796125293935123
10.600000000000001,3.0042968113264124e-11,4.1062264043350927e-20,0.0299991335502575,0.0,0.0,0.0,6.008798259710597e-19,1.0015439588784147e-09,4.8545740576734306e-20,-0.8155716315741349,0.029832733773474916,-1.3290377109945248,-0.5676570332004672,-0.33219215350641185,-0.19911555093639524,0.00508913252845993,-0.0022083619062829296,0.004808120478640987,25.0330145089429,121.56541249263582,10.870814775438655,1,101323.94132042392,-0.020915723118654125,0.0814745301652083,9.746704212278706,0.0007830833428524862,0.0024724807697787485,0.0011350579166757118
10.700000000000001,3.0042968113264124e-11,4.1062264043350927e-20,0.0299991335502575,0.0,0.0,0.0,6.008798259710597e-19,1.0015439588784147e-09,4.8545740576734306e-20,-0.8726536429422943,-0.0034831013384027942,-1.349187146355551,-0.5743357543329562,-0.3345354954730337,-0.2030964149070197,0.004996859730128176,-0.002171653595652856,0.00479622493237798,25.0330145089429,121.56541249263582,10.870814775438655,1,101312.97207010705,-0.007762571595640965,0.06516273687531536,9.76424960407986,0.006899547550956566,0.009429474155559165,-0.001878714991419131
10.8,3.0042968113264124e-11,4.1062264043350927e-20,0.0299991335502575,0.0,0.0,0.0,6.008798259710597e-19,1.0015439588784147e-09,4.8545740576734306e-20,-0.9303791968977642,-0.036941697523918286,-1.369625675479972,-0.5807454067351568,-0.33499477203219463,-0.20585967205805758,0.0049878964015339575,-0.0022347677028027313,0.004791131820330127,25.0330145089429,121.56541249263582,10.870814775438655,1,101339.96285226721,0.001017010863221849,0.08738662235066476,9.73474164049845,0.009849247981753777,0.00658850497851822,0.005930170733708033
10.9,3.0042968113264124e-11,4.1062264043350927e-20,0.0299991335502575,0.0,0.0,0.0,6.008798259710597e-19,1.0015439588784147e-09,4.8545740576734306e-20,-0.9837661487699493,-0.06717692064475894,-1.3576903166537133,-0.5833889338649882,-0.3348974851258095,-0.19564763394570184,0.004911170543883712,-0.0021378064792019202,0.004825640412572014,25.0330145089429,121.56541249263582,10.870814775438655,1,101313.87762496788,0.02677160710661479,0.07632677781701552,9.713931395546652,0.003948695058657541,0.006096619122241947,0.000984658072393358
11.0,3.0042968113264124e-11,4.1062264043350927e-20,0.0299991335502575,0.0,0.0,0.0,6.008798259710597e-19,1.0015439588784147e-09,4.8545740576734306e-20,-1.0423815976150077,-0.10072856919965849,-1.3773095495780727,-0.5892575243067997,-0.3363014144089376,-0.19641767294988519,0.004814355126194027,-0.001999230395253848,0.004856607432751564,25.0330145089429,121.56541249263582,10.870814775438655,1,101322.9022350562,0.014255292425467688,0.06573612763035583,9.7362081560524,0.0012544944315756215,0.009465105449241857,0.0006073383164699657
11.100000000000001,3.0042968113264124e-11,4.1062264043350927e-20,0.0299991335502575,0.0,0.0,0.0,6.008798259710597e-19,1.0015439588784147e-09,4.8545740576734306e-20,-1.22712812829534,0.039761522860834286,-1.3372259173938974,-0.638500560694547,-0.27442969317998017,-0.18153485007675518,0.0032710519301787392,-0.003008366892547798,0.004881387364395741,25.03300217028526,121.56538699169933,11.409671523843707,1,101329.57497097453,-0.0008244406487366218,0.08140975677511754,9.737443111080646,-0.0006175289026010763,0.003366037543725751,0.0025394693584175594
11.200000000000001,3.0042968113264124e-11,4.1062264043350927e-20,0.0299991335502575,0.0,0.0,0.0,6.008798259710597e-19,1.0015439588784147e-09,4.8545740576734306e-20,-1.2913411629593246,0.012351965969680785,-1.3552760701860354,-0.645615779805162,-0.2734228844379313,-0.1794802133461456,0.0031756151043368496,-0.0030815773079624353,0.004961747215154298,25.03300217028526,121.56538699169933,11.409671523843707,1,101327.21755032896,0.014421492200656125,0.09189930835476118,9.758596462821398,0.0002966282115372599,0.0015964566222960875,-0.000595464107272326
11.3,3.0042968113264124e-11,4.1062264043350927e-20,0.0299991335502575,0.0,0.0,0.0,6.008798259710597e-19,1.0015439588784147e-09,4.8545740576734306e-20,-1.3427088938919585,-0.0061161941629054445,-1.2440376874383994,-0.6450550807200945,-0.2666156334766778,-0.1430568812767432,0.0030199640177345217,-0.0026391515710699753,0.0049439255635694845,25.03300217028526,121.56538699169933,11.409671523843707,1,101322.96259434776,0.005052056163171327,0.06767954086887346,9.739291002272568,-0.00023470560111249266,0.009264235011530016,0.0010123981345625112
11.4,3.0042968113264124e-11,4.1062264043350927e-20,0.0299991335502575,0.0,0.0,0.0,6.008798259710597e-19,1.0015439588784147e-09,4.8545740576734306e-20,-1.4075232036967378,-0.032718679090506304,-1.2583880504791718,-0.6511662929211408,-0.26537777065828777,-0.14465616506044984,0.0026472859210152507,-0.002710618580217261,0.00505020475031724,25.03300217028526,121.56538699169933,11.409671523843707,1,101325.82663107601,-0.0022689390459322625,0.09357279436391087,9.78580944773948,0.00011956072078026219,0.007126102957362156,0.0023640027415328343
11.5,3.0042968113264124e-11,4.1062264043350927e-20,0.0299991335502575,0.0,0.0,0.0,6.008798259710597e-19,1.0015439588784147e-09,4.8545740576734306e-20,-1.472946444296002,-0.05916087592712802,-1.2729775369508878,-0.6572715141227917,-0.26357810122340913,-0.14803853394821526,0.0026024729830890743,-0.0027067961544140484,0.0050636856781757725,25.03300217028526,121.56538699169933,11.409671523843707,1,101325.91546377479,0.009745688955284094,0.11278690693771624,9.723090915333229,-0.00033205323597117285,0.006538405991170276,0.0024572480577716334
11.600000000000001,3.0042968113264124e-11,4.1062264043350927e-20,0.0299991335502575,0.0,0.0,0.0,6.008798259710597e-19,1.0015439588784147e-09,4.8545740576734306e-20,-1.5389763095319966,-0.08544535920902484,-1.2878960903021064,-0.6632281484666724,-0.26214389507240954,-0.15095395706817433,0.002574049115576356,-0.002718465143572324,0.005172234916250931,25.03300217028526,121.56538699169933,11.409671523843707,1,101329.420596986,0.006221295580911469,0.06856845726680279,9.655863799132547,-0.0007072318319014631,0.0015908943937553719,0.0025020225703271423
11.700000000000001,3.0042968113264124e-11,4.1062264043350927e-20,0.0299991335502575,0.0,0.0,0.0,6.008798259710597e-19,1.0015439588784147e-09,4.8545740576734306e-20,-1.6030973529366095,-0.11006965688737308,-1.2841556112368004,-0.6685569999371559,-0.26066705292030556,-0.1472524375294496,0.002427576860785912,-0.002623134104080327,0.005168610630848196,25.03300217028526,121.56538699169933,11.409671523843707,1,101315.7502886235,0.023106022400184313,0.09281861769662057,9.704166770206264,0.0038593482225563807,0.007644672490291695,0.0009883146470191675
11.8,3.0042968113264124e-11,4.1062264043350927e-20,0.0299991335502575,0.0,0.0,0.0,6.008798259710597e-19,1.0015439588784147e-09,4.8545740576734306e-20,-1.6703045862134778,-0.13611795365086302,-1.2989090474115554,-0.6755114439395229,-0.25976563283980036,-0.14816633446809127,0.0023197073849514412,-0.002775228232200666,0.005215173867003681,25.03300217028526,121.56538699169933,11.409671523843707,1,101299.91863768779,0.008178014493797193,0.08209238447225353,9.675729385272291,-0.002520136022514894,0.009349243232116246,0.0013199813656631758
11.9,3.0042968113264124e-11,4.1062264043350927e-20,0.0299991335502575,0.0,0.0,0.0,6.008798259710597e-19,1.0015439588784147e-09,4.8545740576734306e-20,-1.7110062726229418,-0.14623031408472392,-1.1327888566020188,-0.6682712134265933,-0.25042319183367834,-0.09486138273420185,0.0019490464519732519,-0.002378325933348968,0.005205430050010581,25.03300217028526,121.56538699169933,11.409671523843707,1,101324.72111954227,-0.005113444158135153,0.07055988171266964,9.72838760802687,-0.0036547122594846673,0.010889797754816775,0.002976334964690206
12.0,3.0042968113264124e-11,4.1062264043350927e-20,0.0299991335502575,0.0,0.0,0.0,6.008798259710597e-19,1.0015439588784147e-09,4.8545740576734306e-20,-1.7781487636021986,-0.17122527809983792,-1.1425231176237025,-0.6745016225975582,-0.2491736595041512,-0.09826505166021869,0.0018930652035799487,-0.0024934734127755043,0.005195310690005875,25.03300217028526,121.56538699169933,11.409671523843707,1,101324.52048264469,-0.0029710361521900304,0.046252060391700434,9.752753822879772,0.005668792536928764,0.0084386957346825,0.0008624162788296646
12.100000000000001,3.0042968113264124e-11,4.1062264043350927e-20,0.0299991335502575,0.0,0.0,0.0,6.008798259710597e-19,1.0015439588784147e-09,4.8545740576734306e-20,-0.34067652440219365,-0.9900361865283829,-1.119883164782271,-0.03196964803261728,-0.5088648028194459,-0.08365416782196472,0.007840550872130769,0.016052508470648874,0.005282517183377357,25.03298260826857,121.56539807768016,12.358597094188355,1,101316.48310806887,-4.5571105072661836e-06,0.09568291502493849,9.70219807180325,-0.0004260646406723245,0.010326553083585242,0.002451187441362617
12.200000000000001,3.0042968113264124e-11,4.1062264043350927e-20,0.0299991335502575,0.0,0.0,0.0,6.008798259710597e-19,1.0015439588784147e-09,4.8545740576734306e-20,-0.34336128908070673,-1.0411033964920426,-1.1282577256852468,-0.021626572192712305,-0.5121079130375386,-0.08316141756148707,0.007775233684983131,0.016344604734144896,0.005284994974947078,25.03298260826857,121.56539807768016,12.358597094188355,1,101326.50444823773,0.020543932145257238,0.07938483912047475,9.8438487577367,0.0016470638943654903,0.0029146347555272767,0.00237268909760402
12.3,3.0042968113264124e-11,4.1062264043350927e-20,0.0299991335502575,0.0,0.0,0.0,6.008798259710597e-19,1.0015439588784147e-09,4.8545740576734306e-20,-0.3462747786480473,-1.0932056733025375,-1.175086147379151,-0.012578383271424586,-0.5164241485367543,-0.09577384465610513,0.00768262890560638,0.016360488485374303,0.0053313606646763195,25.03298260826857,121.56539807768016,12.358597094188355,1,101322.7061397446,0.0088141571403248,0.07658999765346183,9.723867460816022,0.002063335410641958,0.005926092132857417,0.00573765150428603
12.4,3.0042968113264124e-11,4.1062264043350927e-20,0.0299991335502575,0.0,0.0,0.0,6.008798259710597e-19,1.0015439588784147e-09,4.8545740576734306e-20,-0.3470195059207843,-1.1450504656302833,-1.1846897505600646,-0.0021070214953393673,-0.5202317121703819,-0.09489613478824546,0.007663511136508421,0.016458479655592884,0.005284215631365145,25.03298260826857,121.56539807768016,12.358597094188355,1,101323.5526784198,-0.0019441909839879512,0.04229402747194831,9.735620180621652,-0.000435944108434816,0.007647800582712703,0.0031749115072914713
12.5,3.0042968113264124e-11,4.1062264043350927e-20,0.0299991335502575,0.0,0.0,0.0,6.008798259710597e-19,1.0015439588784147e-09,4.8545740576734306e-20,-0.34435999332419015,-1.1960209086587197,-1.1311149600006773,0.010324228296295231,-0.5224102430834946,-0.07818115927485324,0.007610169451036806,0.016729425819824728,0.005254184832605425,25.03298260826857,121.56539807768016,12.358597094188355,1,101314.9765898847,0.01905658273693485,0.0579178470507076,9.721174532854594,0.005454377176340828,0.004823306951404845,0.000360626747421244
12.600000000000001,3.0042968113264124e-11,4.1062264043350927e-20,0.0299991335502575,0.0,0.0,0.0,6.008798259710597e-19,1.0015439588784147e-09,4.8545740576734306e-20,-0.34281838947944815,-1.2484887813687044,-1.1388632598833774,0.020544462313019485,-0.5267653543514531,-0.07641314211232932,0.007742903892578909,0.016799045284051406,0.005205246234215474,25.03298260826857,121.56539807768016,12.358597094188355,1,101321.31909460263,0.01554764341851192,0.05115076286277535,9.707521163754864,0.0032594465380771185,0.012845580727657471,0.0009155016435143676
12.700000000000001,3.0042968113264124e-11,4.1062264043350927e-20,0.0299991335502575,0.0,0.0,0.0,6.008798259710597e-19,1.0015439588784147e-09,4.8545740576734306e-20,-0.34176554074342974,-1.302239319195137,-1.1851429128909357,0.030473279769526084,-0.5326736101560446,-0.09065557442029569,0.007822512951677643,0.01703198848232912,0.005156980976569766,25.03298260826857,121.56539807768016,12.358597094188355,1,101324.76801443746,0.006936471023240871,0.0686922731078907,9.717377189285473,0.0003796393214583558,0.004338100269930067,0.002209693525262203
12.8,3.0042968113264124e-11,4.1062264043350927e-20,0.0299991335502575,0.0,0.0,0.0,6.008798259710597e-19,1.0015439588784147e-09,4.8545740576734306e-20,-0.33819986562784676,-1.3557302263209434,-1.1943031889443791,0.040933865936154,-0.5372041213492076,-0.09237585973662872,0.007656991973311046,0.01703460987876748,0.005206620097692423,25.03298260826857,121.56539807768016,12.358597094188355,1,101327.63076583542,0.013317944873806848,0.05743765222685995,9.739668905719876,0.002714032203543271,0.00581092637736733,0.002871384475868078
12.9,3.0042968113264124e-11,4.1062264043350927e-20,0.0299991335502575,0.0,0.0,0.0,6.008798259710597e-19,1.0015439588784147e-09,4.8545740576734306e-20,-0.3373100531453058,-1.4117094744216059,-1.2922147478210348,0.04926133040370467,-0.5429634214272983,-0.12035245620483954,0.007722977720224398,0.017123319210903265,0.00526911440377654,25.03298260826857,121.56539807768016,12.358597094188355,1,101306.74452258484,0.02047546026384975,0.06819640025934001,9.705243366668567,0.006483477023227597,0.007970676144585511,0.0010093976415678366
13.0,3.0042968113264124e-11,4.1062264043350927e-20,0.0299991335502575,0.0,0.0,0.0,6.008798259710597e-19,1.0015439588784147e-09,4.8545740576734306e-20,-0.33182410219130454,-1.466262912063585,-1.3043750004014638,0.06044713175893776,-0.5483724059101146,-0.12350711104138513,0.007814304645953694,0.017250587339030066,0.005277536633154594,25.03298260826857,121.56539807768016,12.358597094188355,1,101320.58337414383,-0.0030162738334895385,0.08816850569014231,9.68075227059473,0.0027946885971757186,0.009602893185893854,0.002115395706166433
13.100000000000001,3.0042968113264124e-11,4.1062264043350927e-20,0.0299991335502575,0.0,0.0,0.0,6.008798259710597e-19,1.0015439588784147e-09,4.8545740576734306e-20,0.3006413442890097,-1.5256929268548554,-1.1535233808372343,0.2544070635565712,-0.5520600985268763,-0.07962758293016016,0.007739700811818,0.0210610182686799,0.005308849856094363,25.032986590605223,121.56541360218972,7.203662587415713,1,101318.65041181604,0.0017452153258756204,0.1304106389684132,9.706877705030237,0.008454811274596106,0.006776543893351647,0.001412578696124367
13.200000000000001,3.204876538026591e-05,-8.054771002983726e-11,0.029698467245571306,0.0009576884308134783,8.044354077411463e-08,0.018502261907692285,-8.556514677532162e-07,0.005093450560897939,-5.4166520323175194e-09,0.3268319781218415,-1.5810933532761098,-1.1619201012949658,0.2705242776824072,-0.5565690320356053,-0.05520291841159633,0.007954355396181896,0.026406443326959517,0.005359386737034564,25.032986590605223,121.56541360218972,7.203662587415713,1,101330.90532734928,-0.04024691880662393,0.051169074574652945,11.91784642883956,0.0038430510848952632,0.12909285465401593,-0.0004660927977215173
13.3,0.00065403474291581,1.251217946691811e-07,0.044091356726150804,0.008745240710546418,1.6773227431390784e-06,0.2430327014718176,-4.821166931584183e-06,0.014585978223050411,-2.1850523784171183e-08,0.35679599962310277,-1.6360834696792206,-1.1042102835073793,0.3028640315927173,-0.5618718435034852,0.1835934252956638,0.00787952606844918,0.036285007290888016,0.005385077882172844,25.032986590605223,121.56541360218972,7.203662587415713,1,101323.88226620872,0.006420994365294997,0.02572237685327842,11.828349537038354,0.0008875035939360407,0.08517113101026492,-4.642054540206133e-05
13.4,0.0029417968683623785,8.651687013361947e-07,0.08029827594244039,0.023376594896607143,6.450889424823121e-06,0.4612486068224957,-1.374031958425862e-05,0.020421406150713306,-3.550506068133303e-08,0.38909873969495906,-1.6926150694660453,-1.0749457648738419,0.34414015847830887,-0.5685125528599736,0.40239650542373495,0.007696941896522283,0.04218465090977763,0.00546286090084827,25.032986590605223,121.56541360218972,7.203662587415713,1,101316.04590798539,-0.017748476782661032,0.05613069616842503,11.966087894490585,-0.00019291672323173883,0.041729550738636656,-0.000601849658665686
13.5,0.007583795881116906,3.241957858137385e-06,0.13838129142054675,0.04276358273838851,1.646447464201877e-05,0.6800710792299632,-2.9024126864745894e-05,0.02241179725828113,-9.676273611164657e-08,0.4273830599857503,-1.748413003323037,-0.9597676628319591,0.390808506095475,-0.5729841775085562,0.6374331104161115,0.007506078969015262,0.044666244040119985,0.0054486953802192735,25.032986590605223,121.56541360218972,7.203662587415713,1,101307.52648776736,-0.006403717096607789,0.08567604036109006,11.911753601853444,0.007404684615530002,0.009664307582261595,0.0043536179397134145
13.600000000000001,0.01479124224279621,9.057004181785321e-06,0.2181632662230163,0.06446384383741485,3.6602844958182706e-05,0.8960242892035515,-4.974602359202663e-05,0.020876036750787197,-1.404815420732776e-07,0.4688127162535601,-1.8059348458448143,-0.8850068724899011,0.43740647158048795,-0.5780755807152695,0.856744014501454,0.0075116706539616164,0.0434279642301203,0.0054183059841908686,25.032986590605223,121.56541360218972,7.203662587415713,1,101341.820702374,-0.00635747651720688,0.061278763215489314,11.936927499157916,0.002990915386080203,-0.019370418449220994,-0.0010586189655936208
13.700000000000001,0.02433682971465162,2.0758626785994258e-05,0.3192524739015427,0.08597155693628036,7.130999672493726e-05,1.1069493042507141,-7.325604706311396e-05,0.01659127872541033,-2.3742915693782888e-08,0.5158471033691489,-1.8624158657928371,-0.7233870187998376,0.48046463115587723,-0.5817772371333354,1.0841621024708035,0.007379110148182178,0.03934056570498812,0.005225283483202886,25.032986590605223,121.56541360218972,7.203662587415713,1,101322.0646742819,-0.011140273525859275,0.0954295743662264,11.862420331075345,-0.0017132183271824303,-0.04517277427067296,0.001757715641690304
13.8,0.03566336656242641,4.104918593059003e-05,0.44111937242312504,0.10491552796931505,0.00012485831621841234,1.3118222578536978,-9.552038841110865e-05,0.01063782088248777,3.2363968710831374e-07,0.5656950197810694,-1.9208802555509576,-0.6046790913398871,0.5151530880069486,-0.5879429644991274,1.2885333698864505,0.007212353968581244,0.03352170458763748,0.005050019908094026,25.032986590605223,121.56541360218972,7.203662587415713,1,101299.85046691915,0.009419251994087552,0.03916174939428657,11.701755085474893,0.004196102044907706,-0.05504319614184024,0.00021684386693833664
13.9,0.048028019893637974,7.239190497736612e-05,0.5832011011770915,0.11930819764389619,0.00020035732074783668,1.5108316712652772,-0.0001120011620607774,0.0041836818049663105,8.628714571470313e-07,0.6186740791460718,-1.9799808836623731,-0.4658934670446634,0.5430600807331606,-0.5940897322719553,1.4869818059983417,0.007212843229186291,0.027294273045555206,0.005025531682827748,25.032986590605223,121.56541360218972,7.203662587415713,1,101316.85089809514,-0.03388322716113143,0.10743198018815765,11.703131774740147,-0.004998191276739797,-0.06357102184466468,0.0013411083897679598
14.0,0.060649050989475595,0.00011648961754902783,0.7449893698900457,0.1277643664320566,0.00029861528219792054,1.7051529909465537,-0.00011856936699356028,-0.0017047377055987578,1.466507797373265e-06,0.6740177163711859,-2.0396082678447143,-0.3073790137880007,0.5627444751165512,-0.5987218640485984,1.6830526294791626,0.007210079104632679,0.021516008729665304,0.005022588873672967,25.032986590605223,121.56541360218972,7.203662587415713,1,101328.09879877928,-0.035756681969792904,0.11220529234853897,11.669186952023315,0.005664509290467263,-0.04567137985058937,0.005257686028607598
14.100000000000001,0.07283093706131649,0.0001738393575147915,0.9260962850997531,0.12965808410232463,0.0004171253646396499,1.8964755271459925,-0.00011237140994999016,-0.006208522009633288,1.988939779252338e-06,1.2693601643922932,-0.5762224923974864,0.04935209966478557,0.7531390393519932,-0.10111905710322816,1.9244722676221513,-0.003640677348595797,0.021009022259221855,0.005393166768665277,25.033014902607675,121.56541967610563,10.107810391923653,1,101310.59855603708,-0.019115760626186192,0.09049155081923921,11.6328566396266,0.012467334554025282,-0.030318894998284093,0.004046036824690269
14.200000000000001,0.0840540465075178,0.000243442052147286,1.1262942006091314,0.12519180844544747,0.000549244280816856,2.086596809620676,-9.25357617161929e-05,-0.008845200479040694,2.3424326157132306e-06,1.3454553195927412,-0.5859604491285887,0.2513626969483152,0.7682927337647225,-0.09355734324470535,2.1157946972668724,-0.003677097049573559,0.018581612268727232,0.0054061187355081836,25.033014902607675,121.56541967610563,10.107810391923653,1,101303.35998251096,-0.021098760212452935,0.1026038436596816,11.599280891290544,0.0076285413435390435,-0.009183825063302465,0.0035975577409061476
14.3,0.09402382419017796,0.0003227093591186323,1.3455272555087139,0.11535721266168938,0.0006845014626593356,2.2771577666557676,-6.0258365418305185e-05,-0.009493105812538705,2.490467495146688e-06,1.4207929289661851,-0.5930173768940082,0.5582148479076346,0.779900969877364,-0.08533100154615095,2.3305116989487704,-0.0038181673574318553,0.018171200498592555,0.0054149398136156355,25.033014902607675,121.56541967610563,10.107810391923653,1,101309.5601334184,-0.006088660684197691,0.04100257390156928,11.600873886768083,-0.0032235183330007315,0.013471432139927422,0.00383513117983943
14.4,0.10268259126947821,0.0004076394175439494,1.5834092032076015,0.10271094770936098,0.0008147820169008147,2.4549784249825577,-1.633958214763808e-05,-0.008817418972805413,2.57425691590575e-06,1.4994243026963274,-0.6011493357987651,0.8004189280968637,0.7924560600536398,-0.07713437420879878,2.508361233791285,-0.004002792799719081,0.018867131832008388,0.005461020126003477,25.033014902607675,121.56541967610563,10.107810391923653,1,101312.28880973253,-0.013050446465601984,0.08499752969691422,11.361770165793253,0.0045881101536804515,0.011521631090514189,0.00024914880928203595
14.500000000000002,0.11015344025044538,0.0004929396263125055,1.836707826002063,0.08990329079035017,0.0009222804214919526,2.5894298655332806,3.493879281033454e-05,-0.007674311702166037,2.7303653762205944e-06,1.5793068755029092,-0.6084494994953208,1.0584083483354882,0.8055841604196368,-0.0690180241145249,2.643167143213346,-0.0039992494197252275,0.020254827712854473,0.005365364361859856,25.033014902607675,121.56541967610563,10.107810391923653,1,101298.78333241215,0.0002398940234541202,0.06586884214781598,10.864094160150373,0.005518433285378602,0.019966995617742164,-0.00013704420394250482
14.600000000000001,0.11662349309410242,0.0005728410502248828,2.1014437840913938,0.07706333630621415,0.000982764687337157,2.689458919609352,8.546269055746301e-05,-0.0059514861706828626,2.9981364356406926e-06,1.6605456699461958,-0.6149643128766575,1.3280687970275313,0.8195477850935249,-0.061057254127216055,2.7451623342641636,-0.004103429342214657,0.02203727829613178,0.005356676328718461,25.033014902607675,121.56541967610563,10.107810391923653,1,101301.20928276137,-0.0008226609409593992,0.06421442925299344,10.57877341976374,0.0028783955382788236,0.021734488950518438,0.002742832499107434
14.700000000000001,0.12232142077564834,0.0006420369738329128,2.3747081668846812,0.06499237316154807,0.0009795645027472835,2.7642205972523866,0.00012792480115424783,-0.003791049653031342,3.405162165651701e-06,1.734627080593242,-0.6171243409780814,1.7408929930412589,0.8318862092742276,-0.05151345210364577,2.8562933575155247,-0.004074693292074338,0.024245118826582424,0.005225945001899952,25.033014902607675,121.56541967610563,10.107810391923653,1,101297.65824361736,-0.006823079210838779,0.0986557704424121,10.359508753809722,-0.0011145417942269409,0.02719461829342883,0.001623180562748265
14.8,0.12750533425186622,0.00069632924499508,2.6543919669834253,0.05461249939249922,0.0009050037773855737,2.8208937326530004,0.00015621293388974443,-0.0014249177944305469,3.925367021341433e-06,1.818756852483253,-0.6219034129753889,2.0295306745881416,0.8511658734891846,-0.04357869243834994,2.913507258330274,-0.003911672401038355,0.026721781841083647,0.005155048981430085,25.033014902607675,121.56541967610563,10.107810391923653,1,101298.64506601062,-0.011817520804070086,0.10051341164880997,10.187530325721033,0.005043555405605624,0.031996848040965926,0.00019261949995439081
14.9,0.13244126185204091,0.0007331516235860216,2.9389757811356385,0.04677618634607349,0.0007615757097406805,2.864560843657401,0.00016601665100396092,0.000865028582917482,4.479636635086807e-06,1.9029046687700464,-0.6252847330616198,2.345419417665351,0.8712456877359478,-0.03530337387047661,2.9663812082820775,-0.00423072674684358,0.028939550522115942,0.005129118366762717,25.033014902607675,121.56541967610563,10.107810391923653,1,101273.57269130212,-0.0009608025641991242,0.10118882068523642,10.13213884797762,0.004623988560292194,0.023005388974450758,0.0014866186489376843
15.000000000000002,0.13737655097119655,0.0007519146977393797,3.2273600816142425,0.04207695001590359,0.0005624044137392731,2.8986127001613915,0.00015560344595753927,0.002800047740817879,4.968849253654214e-06,1.9912231706271761,-0.6283542277682236,2.6437289335409444,0.8954115816328365,-0.02619004117953276,2.998176426191543,-0.0041939392410071785,0.031006534148397602,0.005089160230280694,25.033014902607675,121.56541967610563,10.107810391923653,1,101274.45165543265,-0.011960786152625838,0.09729910070215234,10.021585076714134,0.0008929845487366591,0.024254579627034797,0.0004087420231389002
15.100000000000001,0.14251363970888958,0.0007541174722746179,3.518734630619308,0.04071577469098905,0.00032917206154913474,2.925484921612938,0.00012598870934449913,0.004152360717496029,5.3193076612995005e-06,1.5816090020587585,-1.573610469876987,2.9280150200203683,0.745657933444928,-0.3487427489796093,3.0262436624627593,0.003026769064839424,0.028854451831415773,0.004671134903791674,25.032975856023015,121.5654089353287,14.492461143513903,1,101272.15638761541,-0.02012419531511042,0.06185212557808833,9.948074242008133,0.007114506357988664,0.022020699428283445,-0.0005297091027278453
15.200000000000001,0.1479892209106602,0.0007431919094167224,3.812476367324769,0.04243278591614437,8.920491333948065e-05,2.9467986863146516,8.07506012548373e-05,0.004790702191797225,5.516145708470598e-06,1.657300728306383,-1.608441836125381,3.2317388745310063,0.768610522564762,-0.34823220742691435,3.047579625274361,0.0030414857031458675,0.029592450700184125,0.0046700135360284705,25.032975856023015,121.5654089353287,14.492461143513903,1,101272.4215931214,0.02519879179146018,0.07599146796357903,9.9040607821794,0.0027552044412407052,0.010389596339260777,0.000238066972423236
15.3,0.15386286681889993,0.0007240829141782286,4.108082182421906,0.04656240911222086,-0.00012774329337479994,2.963433988407391,2.584568553091306e-05,0.004696395376451612,5.6032022094138966e-06,1.7360749023060567,-1.6433533230836648,3.528692566740755,0.7915594673157782,-0.3470541066583007,3.0608555611524273,0.002965378697591352,0.029602840473140324,0.004773907468713663,25.032975856023015,121.5654089353287,14.492461143513903,1,101276.97746785094,-0.00644569199282884,0.0664650864746662,9.870825477214002,0.0070573446921783425,0.0024074421891346898,0.0008997636172275849
15.4,0.16011720479002312,0.0007026108404615508,4.4051266233771305,0.05214873260303502,-0.00029468603031363805,2.9760511990783347,-3.147314400119636e-05,0.003959225612055306,5.653367691678474e-06,1.816377336138852,-1.678023148637289,3.8355737721046324,0.8143817264478094,-0.34624379785781506,3.0749357100847514,0.00293256168044111,0.02924257565586985,0.004641946358718304,25.032975856023015,121.5654089353287,14.492461143513903,1,101261.4044806759,0.0035288180159274455,0.09633349289697798,9.810029321109447,-0.0020375677300586564,-0.0034304427014137003,-0.00034119940042191864
15.500000000000002,0.16666937550001643,0.0006847056598367803,4.703236254799873,0.05809658803456692,-0.0003909359682116349,2.985112518660397,-8.367061886243109e-05,0.0027618018969670644,5.727356972310918e-06,1.8863501530619755,-1.7112348482713537,4.250504044075052,0.8299566411459532,-0.343577532863832,3.1161484419413275,0.002720101473312332,0.028076105788071404,0.004602000890415376,25.032975856023015,121.5654089353287,14.492461143513903,1,101278.13896253805,0.014353252604892845,0.058380586463279746,9.764299348285624,-0.003857758229490822,-0.008613502255812252,0.0013974910556134356
15.600000000000001,0.17339143951809155,0.0006756242547125446,5.002083272119481,0.06336078806494205,-0.0004045984691489105,2.991032136132332,-0.00012367906506797392,0.0013414492571892644,5.843872520988611e-06,1.9703770262767943,-1.7455089680229363,4.562559059341307,0.8502164096082184,-0.341766458386055,3.124090768656619,0.0023402679222665843,0.026776104638900122,0.004634536030476215,25.032975856023015,121.5654089353287,14.492461143513903,1,101261.12183235337,-0.013846897648503144,0.05671023363901323,9.732908730712175,-0.0006887251425400972,-0.009859240174039306,0.0032309790785225987
15.700000000000001,0.18013579203286872,0.0006792643796737623,5.301386119751117,0.06709790031800725,-0.0003354396919832335,2.9943751524057065,-0.00014624541314110141,-4.9547172302322195e-05,5.9774077745181455e-06,2.048073108078464,-1.7790730074477552,4.930829965113043,0.8649854612529337,-0.34022944934604327,3.1472757883440856,0.0022139438368676398,0.025426303619544566,0.0046038179328967855,25.032975856023015,121.5654089353287,14.492461143513903,1,101245.9887910108,-0.02787218323467771,0.06905193982537265,9.808392290716636,0.0011615635273684412,-0.004659655660006899,6.8714609227864e-05
15.8,0.1867611717575906,0.000697673418506061,5.6009147814663285,0.06878298274483227,-0.0001944619471399594,2.995693855164226,-0.0001486043561620396,-0.001183375997902969,6.0816389732062535e-06,2.1354383143153575,-1.8130178713434406,5.245870490036067,0.8822065808709331,-0.3381252624092245,3.1525369273995953,0.0023690560189677675,0.02438020621219339,0.004551530120579071,25.032975856023015,121.5654089353287,14.492461143513903,1,101264.28961662482,-0.04517468905887057,0.11927564701338417,9.770485561021125,0.004750844454463625,-0.005811647218597342,0.0015312610973648934
15.9,0.19315516878026434,0.0007308171910584866,5.900498605274674,0.06827395549824852,-2.268158170598514e-06,2.995605067980038,-0.00013073919577317826,-0.0018935780737059371,6.123719903453794e-06,2.2240415312938073,-1.8467020291262428,5.563487806746339,0.898400548885943,-0.3360844488963694,3.155647797916487,0.0024239079081285987,0.023678670793725765,0.00457609561536996,25.032975856023015,121.5654089353287,14.492461143513903,1,101256.89624747005,-0.03364568819505735,0.08421922941068122,9.834147299904501,0.001183607429542007,-0.0002494877916397213,0.0019274686403990416
16.0,0.19925009880689826,0.0007766342914107845,6.200028825422974,0.0657983920464488,0.00021342065822490983,2.9947468642303603,-9.55603820751962e-05,-0.0020953027695964632,6.107651923585964e-06,2.31469769251628,-1.8802027199315745,5.87917974587827,0.9149558256221306,-0.3343502446109648,3.1562194547163553,0.002441619022966076,0.023576898090702292,0.004517575546616295,25.032975856023015,121.5654089353287,14.492461143513903,1,101257.40969261799,-0.002780531033034434,0.060191756675702486,9.703231810700778,0.002209574866035283,0.007499161930681774,-0.004551388542856289
16.1,0.2050304589424332,0.0008313651337334459,6.499457054079723,0.06188978858366971,0.00042210614487166973,2.993692681381706,-4.83501981504822e-05,-0.0017930853310426098,6.074247181493437e-06,1.226540553527577,-0.11546734930575656,6.15549999289816,0.5209500152937533,0.29283843266484444,3.14727949880431,-0.011530036405930626,0.015009582271168886,0.006289292659979426,25.033015890073113,121.5653991375157,17.57726770870135,1,101245.78699341005,-0.03542873622415746,0.11061394431507757,9.740390204482466,0.002290783778867512,0.011830825281430637,0.0011474401484416797
16.2,0.21053156583055072,0.0008901067461198202,6.798787295618685,0.05727480765069738,0.0005945632807221777,2.9929089386746406,3.918900265926379e-06,-0.001072529500303565,6.079060408817301e-06,1.2790956856802487,-0.08550466837614325,6.470210087031654,0.5304920646267193,0.30639037865873675,3.147088263080858,-0.011651019852845721,0.015808156919064897,0.006254756268178374,25.033015890073113,121.5653991375157,17.57726770870135,1,101246.18161859117,0.010087883131421518,0.08063037474675439,9.721813392738229,0.0029289314403805923,0.018496714325778988,0.0015666910864904561
16.3,0.2158302694584306,0.0009475184869709362,7.098063493199719,0.05274369810532925,0.0007074267883847658,2.992681901782291,5.3716131280368567e-05,-8.095168799071573e-05,6.162410897751567e-06,1.3198397113872575,-0.05432081404824906,6.873458532436387,0.5339852819377279,0.3190504180357369,3.1714482016740955,-0.011915065337764364,0.016782687907424654,0.0062668831375375855,25.033015890073113,121.5653991375157,17.57726770870135,1,101227.16827811401,0.015609307226020927,0.10041995281918807,9.768762986689081,0.004882393749551695,0.017174757944712363,0.003372015618104202
16.400000000000002,0.22102972961978973,0.0009985797832699984,7.397353396925357,0.049015554708664505,0.0007461532276649992,2.9932124300237275,9.403719939078151e-05,0.0010007942827463534,6.325849694043049e-06,1.3737889577075397,-0.021698148550203328,7.190732967961603,0.544986018266746,0.3330538402953668,3.1748811329119273,-0.011972736382012267,0.017857137957248748,0.006314577014032707,25.033015890073113,121.5653991375157,17.57726770870135,1,101236.92070352768,0.0021466916868658073,0.06101368640661767,9.719835178744061,0.004188732381321232,0.013091609200840595,-0.0021036520475370985
16.5,0.22624099690626565,0.0010392998285111673,7.696729819653777,0.04662163769444351,0.0007069613786162827,2.994464039960214,0.00011929545295351491,0.001992871401635732,6.5340125028450884e-06,1.4205896511163048,0.012111954411544227,7.556589934378247,0.5528850851621997,0.34826958360445087,3.1925267932525556,-0.011975375127386185,0.018839901822764737,0.006318578407088611,25.033015890073113,121.5653991375157,17.57726770870135,1,101243.07290359534,-0.03990221880240552,0.09092288675678492,9.794319077716757,0.0045009554007490364,0.020434919839323072,0.00400991282917645
16.6,0.23156455589050967,0.0010672721806199098,7.996256397140858,0.0458429145856572,0.0005977785599052841,2.996214934343088,0.00012634784551219022,0.0027425720035201273,6.745896200800573e-06,1.4765767755579844,0.04768362279549695,7.8760852476763565,0.566754871306803,0.36281901551031537,3.1970847833309888,-0.012072747089645192,0.019704765215986297,0.006381133556686666,25.033015890073113,121.5653991375157,17.57726770870135,1,101224.43854808956,-0.025230311734403217,0.10375907983064842,9.707329045029045,0.002649837911504772,0.010992898817789136,0.00212586267080549
16.7,0.23707487299126873,0.001081972006048029,8.295975272142204,0.046678394383231334,0.00043590424332278437,2.998270046383833,0.00011466881808180455,0.003147259812896097,6.921614539690617e-06,1.5339792943255117,0.08468093182488999,8.196008015176727,0.5805469208835031,0.3769851659343844,3.2012548163968293,-0.012257831104633273,0.020207596110953574,0.006544846474304979,25.033015890073113,121.5653991375157,17.57726770870135,1,101216.19884330478,-0.005753040753596639,0.0736097434332863,9.717339948379792,0.0014203099631569468,0.0070083640610312855,0.0019513506066484226
16.8,0.24281027016580703,0.0010847875261096433,8.595899083526504,0.048864187569436716,0.00024591190883871644,3.0003038558146584,8.645769424743972e-05,0.0031693579917262404,7.040228254642184e-06,1.5927677178907549,0.12303136007041247,8.516359489064971,0.5949756728862031,0.39002393629899884,3.2056023719702798,-0.012450293486017021,0.020224695784911928,0.006630361635592394,25.033015890073113,121.5653991375157,17.57726770870135,1,101221.44012549812,-0.013151044041264283,0.1085857458828688,9.721153290805404,0.0019484916554533902,0.008453659179312845,0.0004816736355145227
16.900000000000002,0.24876947887180723,0.0010787597109671483,8.896011036418406,0.0519415373914186,5.640627992372987e-05,3.002016323767772,4.650687784980701e-05,0.002835250312018589,7.095935866270875e-06,1.6614383961855765,0.16343015589212154,8.800438763051687,0.6127920459310165,0.40472536647643326,3.200027262768858,-0.012660431889867652,0.01999913138610787,0.006596390274687586,25.033015890073113,121.5653991375157,17.57726770870135,1,101211.13887749129,-0.01478822715209919,0.1079492096093991,9.6568504572224,-0.0022685478358334833,-0.0021453740982724633,-3.0234098539881193e-05
17.0,0.25491501166451935,0.0010680935960103142,9.196268404493441,0.0553418160050246,-0.00010618533111022741,3.003213138137788,7.223971026147455e-07,0.0022270958449384093,7.115585115116544e-06,1.7233703319779126,0.20461231852403572,9.120537177683184,0.6261880132285521,0.41985387406709906,3.2032642368860484,-0.013043633061596274,0.01934864872973674,0.006694569220103251,25.033015890073113,121.5653991375157,17.57726770870135,1,101211.9085665535,-0.005664252381670801,0.11290003055619476,9.705674817447125,0.0007053607840082961,-0.0031757331259814024,0.0020312238755112503
17.1,0.2611821705498284,0.001057511679234046,9.496610821381537,0.05849172522928218,-0.00021923534357920369,3.0037070540682826,-4.409089970088501e-05,0.0014645072098107281,7.129134163958245e-06,0.955051361251335,0.6675708865528063,9.341702329928793,0.3090635264413915,0.5825766701087045,3.181956154231392,-0.01658917936934811,0.010957443158606583,0.007813319673681532,25.03300871696121,121.56540637541342,21.435334264833152,1,101224.46749715325,-0.028958035370547447,0.05572350053649898,9.789020090182175,-0.0008891031578423373,0.001028104904324199,-0.00026870900861043984
17.200000000000003,0.2674917006587927,0.0010515479522532926,9.796971317338565,0.06090544981756881,-0.00026790469496777334,3.00352561072597,-8.137578097336418e-05,0.0006811371375579078,7.147431255952842e-06,0.9862467486377726,0.7267142383629782,9.660031600325958,0.3145942360883988,0.6004918799424419,3.184339516661731,-0.01705609829203259,0.010133411948135329,0.007960321463269644,25.03300871696121,121.56540637541342,21.435334264833152,1,101200.4422060955,-0.023144100158207483,0.0913178253689041,9.737902961973395,0.0007616096090741506,0.0044620344346448185,-0.0006909880493976678
17.3,0.27376373718813285,0.0010538998478052228,10.097285431611393,0.062247518076825006,-0.00024775260009055755,3.0027811922249805,-0.00010609149116726124,5.5730665802222745e-06,7.163697411490055e-06,1.0187495422305164,0.7878897113500318,9.967183028721779,0.32017187090622756,0.6202100846825851,3.1825286963677444,-0.017101419971394582,0.009483350007431168,0.007998596295874632,25.03300871696121,121.56540637541342,21.435334264833152,1,101203.39694573027,-0.03330672235173631,0.07389672051570263,9.73585193693403,0.0014074832920160005,-0.001874743515265542,0.00036647615684155745
17.400000000000002,0.27993069648471375,0.0010669274558128548,10.397502223008784,0.06238421509353427,-0.0001639712204381692,3.001601417125488,-0.00011508459483142007,-0.00046130763478857695,7.165992208892992e-06,1.050972505010916,0.850843081248048,10.285428151491786,0.3242099907416913,0.6386618756079511,3.1828870895441965,-0.017205190905693606,0.009113570533093585,0.008200027088693553,25.03300871696121,121.56540637541342,21.435334264833152,1,101191.48901314387,-0.005771376166218051,0.09145921227982251,9.852122590964433,0.005008991976292767,0.0018195208690049503,0.004218416464272083
17.5,0.2859471370588906,0.0010913624290697943,10.697591401442846,0.06138730547842673,-3.0903812536554714e-05,3.0002368553195025,-0.000107559069140119,-0.0006608150314109107,7.146142045516343e-06,1.0811652879759677,0.9151199795456194,10.635146362971087,0.3270996590382142,0.6568214395042787,3.1918884310539135,-0.01739540739486728,0.008969195840409228,0.008271649626371861,25.03300871696121,121.56540637541342,21.435334264833152,1,101204.25123403169,-0.007803892707341268,0.05695264553009191,9.660389411289295,-0.001550710213229454,0.005048396731474777,-0.0010081239545861897
17.6,0.29179530546134314,0.0011262565466110062,10.997545671058056,0.05950287446294046,0.00012999755439904622,2.9989310719879936,-8.533811397382247e-05,-0.00058077553405389,7.096643124212056e-06,1.1140519542491403,0.981639830182292,10.9543474293313,0.33078047201102195,0.6739420384537657,3.191834565183643,-0.017410258397129924,0.008970407924025592,0.008407822818186111,25.03300871696121,121.56540637541342,21.435334264833152,1,101176.38870735392,-0.026881283374416174,0.06830987258380648,9.749614758613967,0.004143975781313595,0.0045053995991822336,0.004703614421164418
17.700000000000003,0.2974858567015139,0.001169199358861587,11.29738115508479,0.05710450460698254,0.0002946552731145725,2.997889682378564,-5.215338130823516e-05,-0.00025604479665553015,7.035541044965709e-06,1.1465257204093224,1.0497783527750544,11.2825313473265,0.3343674111811462,0.6925712782522492,3.194664401652154,-0.017466736255535756,0.009381934258451796,0.008499803450919052,25.03300871696121,121.56540637541342,21.435334264833152,1,101189.82183984244,0.005370840331341127,0.08149133792900161,9.71088404093798,0.008141981307938648,0.012164748807689117,0.003326848939960759
17.8,0.303053958636862,0.0012167212059297039,11.597131974192953,0.054618037048405135,0.0004389326097440008,2.9972630698216003,-1.3310499831325407e-05,0.00024223328582784198,6.996176698505955e-06,1.1801588048558533,1.119954215535687,11.601821591913103,0.33827575723785774,0.7111332935597249,3.1913738671505523,-0.017540959669360163,0.009765171231501002,0.008482408639352599,25.03300871696121,121.56540637541342,21.435334264833152,1,101175.92808915612,-0.021939563896433225,0.10572714702030983,9.759599909054522,0.004929822989705415,0.012761003625465062,-0.0014871234019898723
17.900000000000002,0.30855179602599625,0.0012648290206205212,11.896843530171813,0.05245135929055626,0.0005427778495828673,2.9971183582332452,2.531783428365994e-05,0.0008202585665331164,7.0013081406585254e-06,1.2173996874135502,1.19288828898754,11.887946040230261,0.3443533734682718,0.73064787717991,3.1844591755411584,-0.017649351840584093,0.010433997219840396,0.008499862434177947,25.03300871696121,121.56540637541342,21.435334264833152,1,101172.18362583689,0.007427243313962795,0.1174937055541034,9.73498465390968,0.004023692980745711,0.01087529685618951,0.0013006831471823795
18.0,0.31403890375151194,0.0013096078891419666,12.19656410777016,0.050928649111759,0.0005927041956419429,2.9974524723095,5.811312422751191e-05,0.0013787247523764368,7.056208799620861e-06,1.2521298176065958,1.2669787971762851,12.206449735878179,0.35048360263222483,0.75025585540816,3.1861681488191835,-0.017898114860792035,0.010985255920805681,0.008607164257011666,25.03300871696121,121.56540637541342,21.435334264833152,1,101169.6118441356,-0.010493902463214553,0.06897306477974041,9.7168475433794,0.0025675567737808306,0.009111045408687558,0.0009236860173046572
18.1,0.3201297270056225,0.0013511505704575917,12.526318301569944,0.050226464963757635,0.0005795299126305383,2.998250581394804,8.202211005554539e-05,0.0018656065448552361,7.159920700441313e-06,2.235880828412972,1.3793067367392202,12.472150012938855,0.6174439822974594,0.7806101464403403,3.17425838497185,-0.018152872661539567,0.01621820515768846,0.008484001512726304,25.03301231577572,121.56543820396526,13.651467719689737,1,101172.8830691549,-0.006293077273741289,0.10269304644497179,9.69616437243881,0.003584480062889835,0.004009425527105249,0.0018760077546491976
18.200000000000003,0.3257647200845442,0.0013796249219035581,12.826184172392411,0.050513681435037525,0.0005103122831258554,2.9992107621219626,8.97599974818227e-05,0.002124238485436525,7.272010931899748e-06,2.298184612191313,1.458355084209326,12.789615877095786,0.628408742375292,0.8000814185354975,3.175879561003339,-0.01826193500854781,0.016579327206197148,0.0086088615030044,25.03301231577572,121.56543820396526,13.651467719689737,1,101164.65166735282,-0.029395669062279868,0.06933688331319594,9.77959143824942,0.008530302655034665,0.006147150102187028,0.004189249404391226
18.3,0.33151904658723114,0.001398539547395415,13.12614990891957,0.05156755865106486,0.0003992110014804878,3.0002298918576775,8.356701028058391e-05,0.002177816663655241,7.37648877567095e-06,2.371029780601061,1.5426676036545828,12.984256900612753,0.6438714135129442,0.821261136592239,3.1460362481424,-0.0184870701501881,0.01693246153564454,0.008660792561697701,25.03301231577572,121.56543820396526,13.651467719689737,1,101200.13888075319,0.014131174696032344,0.09324124332219166,9.727428911035734,0.0049348248615195996,0.0036690216839556054,0.004540894612126846
18.400000000000002,0.3373962966773143,0.0014086648648466583,13.426212283675044,0.05315853487598545,0.0002642014363101624,3.001128676766077,6.491223211631386e-05,0.0020338333128193664,7.4527793433550035e-06,2.43597308853433,1.6257719174810548,13.29880359655324,0.6547869385082576,0.8405373825985629,3.1452158921404956,-0.018756029522780913,0.016641311411541126,0.008770860696426734,25.03301231577572,121.56543820396526,13.651467719689737,1,101173.410267708,0.008103994668629506,0.08497876795993546,9.713299949610871,-0.001392099713622772,0.001771633516878369,5.22714008662252e-05
18.5,0.34277760930012674,0.0014119181274782919,13.696336409449081,0.054804966101633726,0.00013965134029196184,3.0017399430305103,4.0240696114123505e-05,0.001766152909429497,7.4989647497491215e-06,2.5098991736735727,1.7139744230499698,13.520601869796495,0.6699887036646028,0.8626947946666689,3.122830434658715,-0.01880995487488474,0.016583105844097945,0.00892439747311789,25.03301231577572,121.56543820396526,13.651467719689737,1,101163.23550590982,-0.033864107917648475,0.07977968870348573,9.760202925924158,0.008686180188710852,0.0004910062146073835,0.003203123638968013
18.6,0.3488295930972195,0.0014116784902333374,13.99652272026575,0.05658217773127731,1.6375829952396174e-05,3.0020856430327774,8.048667509989602e-06,0.0013715456246161661,7.533618343184283e-06,2.5774246933295566,1.8012565894586585,13.833008972535891,0.6805483387617262,0.8832638862331836,3.1248965615932693,-0.019061752563432954,0.016192582322293703,0.009022980094250978,25.03301231577572,121.56543820396526,13.651467719689737,1,101175.84122997352,-0.011257918048663912,0.11003361904411388,9.738097537332703,0.003986009803668751,0.0036668739177973444,0.0029211278352796817
18.700000000000003,0.35491810128964496,0.001410603551431813,14.296726555151354,0.05803424319741909,-7.396398155038331e-05,3.0020617110568266,-2.4253634580059262e-05,0.0009433737611586057,7.558276677831222e-06,2.640482868871538,1.8881790811054142,14.204896554221547,0.688008190145791,0.9027744862305009,3.1395580951176814,-0.019224830490269566,0.015828582083270204,0.009173021412645135,25.03301231577572,121.56543820396526,13.651467719689737,1,101148.94550357759,-0.02028672488374205,0.03711401177593601,9.786898085889716,0.003677165945913806,0.0031423815405412807,-0.00012311145944255818
18.8,0.360999242960811,0.0014119762534890118,14.596912835870585,0.0589511321619227,-0.00011984657106183525,3.001728699516542,-5.193177661007456e-05,0.0005533246742248643,7.574757616799553e-06,2.7097362902671036,1.9794642918978405,14.518967688582674,0.6971630862475733,0.9230010438207682,3.140817337345941,-0.01965789578047055,0.015507697340089388,0.009349713357782258,25.03301231577572,121.56543820396526,13.651467719689737,1,101152.53363227475,0.0012762581414035331,0.11028148729723593,9.728559991702694,-0.0007036382146853332,0.002245572562271692,0.0026177013434266305
18.900000000000002,0.3670337289236877,0.0014185596705831528,14.897051781928587,0.059225422051410806,-0.00011678837673514306,3.0011330756873082,-7.120732550465605e-05,0.0002618344936464734,7.581866976390934e-06,2.780776784341563,2.0732540158635846,14.824944549098294,0.7075177618901564,0.9443318780925548,3.1394531353831274,-0.019819567893089845,0.015264171940783111,0.009374335865701067,25.03301231577572,121.56543820396526,13.651467719689737,1,101154.97892329452,-0.003003539435560194,0.09784856455059535,9.818878768749949,0.0012186731222155658,0.004004791538900324,-0.0004287401482087538
19.0,0.3729928301354569,0.0014322177377251492,15.197124005687845,0.05886396939108376,-6.7388975800191e-05,3.0003954466859963,-7.958369029890933e-05,0.00010779018324047485,7.5782931550348755e-06,2.8520511727035682,2.168724083751119,15.138898755138605,0.717745856486061,0.9647992162930813,3.1386129776288167,-0.020113536424134642,0.015091089224184229,0.009375611080438707,25.03301231577572,121.56543820396526,13.651467719689737,1,101117.30044396767,-0.010973100203633552,0.0756902327096647,9.657085343253685,-0.002541228007792414,0.010861057219274134,0.002667200454446867
19.1,0.37886216737398404,0.001453682488242532,15.497122024311846,0.05797299230985935,1.867341672813851e-05,2.9996583668947823,-7.638766416934344e-05,0.00010566032420689098,7.559563890160036e-06,0.9240172730495554,0.8874920532025822,15.397656898522987,0.14820199970871464,0.5865288158598806,3.1279933997916376,-0.01271433109513118,0.003934548185135611,0.010397946673795722,25.032988168354983,121.56537822131713,25.31616215392596,1,101134.05239563495,-0.0011091501859952944,0.10598397827829437,9.69982421811237,0.0002426623547344374,0.005616905142319187,0.0019402744764028855
19.200000000000003,0.38464291569393816,0.0014825062833798504,15.797051122241566,0.05673726394171721,0.00012697526339871206,2.9990302552350174,-6.268348926819983e-05,0.00024407606603693566,7.526772872745294e-06,0.9388240006947719,0.9468650945119341,15.71055391837402,0.14798547857811892,0.6006927997234006,3.1291199264994676,-0.012874946620460945,0.004064543721003844,0.010472975602342657,25.032988168354983,121.56537822131713,25.31616215392596,1,101113.31652655377,-0.009740156263169979,0.05555520447293952,9.685415921130462,0.0011640442315526906,0.012253962564490135,-0.0004610327107128099
19.3,0.3903504175361427,0.001517192380837711,16.09692740581186,0.05538283534996134,0.00024053698754409252,2.998614557074749,-4.099949250601341e-05,0.0004897086003401441,7.4948617857540285e-06,0.9576896181643015,1.0102084255042394,15.968505482045536,0.15018701115835684,0.6177675459325228,3.114142803838827,-0.013146572307663308,0.004420772362126124,0.010562017119582762,25.032988168354983,121.56537822131713,25.31616215392596,1,101125.60300157583,-0.021220873238204253,0.09984661595972413,9.588568333455147,0.00016367321547880193,0.015716727080332803,0.004639931680691366
19.400000000000002,0.3960106312455478,0.0015554623173276866,16.39677400895445,0.05413657131558904,0.0003423333585862465,2.998453336282516,-1.4980140896353067e-05,0.0007949410800314194,7.479271949858292e-06,0.9726499405892031,1.072729297162516,16.279948717612978,0.14931769481408466,0.632749120245641,3.1148805062878577,-0.013385831880940861,0.004736088287289553,0.010685078028448062,25.032988168354983,121.56537822131713,25.31616215392596,1,101111.465154012,-0.01845426544583633,0.06055422669676863,9.769447354697487,0.0012020181893317263,0.010910192263715198,0.0056058091440653055
19.5,0.4016551473417803,0.0015946298045416021,16.69661725714787,0.05319173040556121,0.00041813550601067643,2.9985495957472295,1.1362308811432056e-05,0.0011057731827295303,7.489751779774359e-06,0.9933176295310084,1.1405830948355027,16.520379442204188,0.1527651001394338,0.6497263197117029,3.0985645778850825,-0.013480712947773733,0.0050954530608215975,0.010797384198391373,25.032988168354983,121.56537822131713,25.31616215392596,1,101128.1681178105,0.010670611784858815,0.08148781991445994,9.733879187774221,0.004950885343739427,0.0069517315213403555,0.004314996476510239
19.6,0.40731566357677773,0.0016320168861057261,16.996481874011124,0.05267715470967754,0.0004580689501030762,2.9988770114180645,3.411428286664599e-05,0.0013716314962630705,7.528356465716162e-06,1.0086736623777566,1.2062136948018471,16.83018899493793,0.15431208206297384,0.6635253719028017,3.0978345684226425,-0.013573982254776754,0.00530435875222679,0.010851524412989876,25.032988168354983,121.56537822131713,25.31616215392596,1,101122.20278476381,0.00054343437375407,0.05308521427502934,9.722566255520658,0.007679020746301956,0.009504202008269725,0.0012010011039286866
19.700000000000003,0.41301886390094533,0.001665348415275359,17.296387127169698,0.0526423473576461,0.0004581400183316137,2.999359554652675,5.009531000638627e-05,0.0015532435927974042,7.589920813700471e-06,1.0264197788760518,1.2750199239493047,17.113814476463382,0.156488965622532,0.6802175323494799,3.0918440725012326,-0.01381621912926095,0.005474799870126779,0.010973043751544738,25.032988168354983,121.56537822131713,25.31616215392596,1,101127.31028333133,-0.010401693365621953,0.09287715303973079,9.700355766412093,-0.0005037328536628078,-0.000691825457200688,0.0002995273825321097
19.8,0.41878249170386156,0.0016930671210263306,17.59634430164845,0.053055966134371246,0.00042050344002237446,2.9999084554890545,5.7338925351194066e-05,0.0016277993942590552,7.665431908380807e-06,1.0420964707429974,1.3438359274226048,17.42295617015574,0.15723919794876287,0.6963727657338951,3.0910704687410613,-0.013912206207108013,0.005585244489916263,0.011024271601700204,25.032988168354983,121.56537822131713,25.31616215392596,1,101123.18256499009,-0.0025203945057229614,0.09796011534309218,9.803282332500249,0.005658284380250424,0.0043376098671341675,0.0028386796198532896
19.900000000000002,0.4246131690581658,0.001714522681629861,17.89635538666376,0.05381633263213228,0.000352633804611989,3.0004299374008805,5.522828428079057e-05,0.0015916980466812447,7.740147782658517e-06,1.0604833164138003,1.4163253413999266,17.703895709776756,0.15912681202241907,0.7127482537311821,3.088834305921947,-0.014123409819180541,0.005414224516855581,0.011017699416235151,25.032988168354983,121.56537822131713,25.31616215392596,1,101108.66473510885,0.0206388857867423,0.0941750844831448,9.715349097177908,-0.0012400030953448422,0.006359457351086012,-0.0019345388739286944
20.0,0.430506192647341,0.0017300234730268618,18.196413751146956,0.05477455498208007,0.0002662450941086658,3.0008459591579806,4.4603265396785e-05,0.0014591519299409494,7.804981144941515e-06,1.076443182144137,1.4884242668356313,18.012748128572735,0.15999444181783112,0.7292813936339015,3.08768807326808,-0.014314966311112969,0.005182358468053483,0.011118219592708643,25.032988168354983,121.56537822131713,25.31616215392596,1,101117.85551122934,-0.008711156651146554,0.09144151916314763,9.711531167946697,-0.0014465911971737791,0.0007270172402957043,0.0006241705667113327
20.1,0.4364471656845928,0.0017407389609657826,18.496505498092322,0.05576055672480705,0.0001750079817839691,3.0010934049966673,2.748149540659341e-05,0.0012591114388926794,7.858113342383256e-06,0.30964552248245897,-0.3028480629244725,18.312411944380496,-0.06523182774122002,-0.1357844412391828,3.094652544849423,0.007930578418322454,0.0022610750336509167,0.018019433250945537,25.033010410659976,121.5653962941453,25.41105991676184,1,101125.60716582483,0.0018347796537754148,0.09210912184322685,9.804991234509371,0.0016569805561989538,-0.00018467954670323052,0.0018620975276406
20.200000000000003,0.44241507598416313,0.0017484774021442088,18.796612536243476,0.056613873192287924,9.270474946206367e-05,3.0011403250269875,6.761374233859835e-06,0.0010288854421296456,7.90072882705153e-06,0.303044507202344,-0.3166170344088379,18.62186826681416,-0.06694951175766799,-0.13916273858720427,3.094692340802492,0.008156723073751398,0.00219973082580438,0.018141253625270384,25.033010410659976,121.5653962941453,25.41105991676184,1,101105.24603177911,0.016104821026897385,0.0897343928054376,9.73672199332547,0.0016779857450473072,0.010000586010711646,0.0011580364176712581
20.3,0.44838620182184646,0.001755381918014595,19.096715671062313,0.0572072493981751,3.1017648050346924e-05,3.0010088251387375,-1.426141299353004e-05,0.0008077866642901554,7.933868128095024e-06,0.2984564845110043,-0.32508692300878633,18.976452046460086,-0.0670579922357632,-0.1409524639996533,3.1066340957961387,0.007942570558174874,0.001970813076674016,0.01819145036546238,nan,nan,nan,0,101113.6529063701,-0.031446091433013294,0.028623536617505843,9.704173202058069,0.005712746562123368,0.0056398195438159,0.0013937059765998783
20.400000000000002,0.4543381433141056,0.0017635948831321584,19.396797593318126,0.057464334532954506,-2.299216624392577e-06,3.0007246406506907,-3.2521951988504184e-05,0.0006310379616982775,7.957683834623181e-06,0.2916748816627926,-0.3393376447078544,19.287054330987562,-0.06851710148976789,-0.14424009263110557,3.105625091198639,0.008007756419558412,0.0018128314268439638,0.01828788405202362,nan,nan,nan,0,101077.14307654281,-0.019074129211609874,0.09441955916427806,9.677350267666315,-0.00036657944245186867,0.005669799913620004,-0.0011490456773923662
20.5,0.46025332388740287,0.0017749431400010734,19.696845959340518,0.05737035033272181,-3.837370929855891e-06,3.0003396791389094,-4.546670219062302e-05,0.0005235329813249034,7.973478422832658e-06,0.2850191932060533,-0.35323164394411977,19.60336850022187,-0.06997233465515666,-0.14789477866550996,3.106851119273416,0.007944487859624729,0.0016846184723342539,0.018362930190469067,nan,nan,nan,0,101081.5767429274,0.007475222871767412,0.09789318600400138,9.699763975401261,0.003051982149119092,0.006365893948457393,0.003341381834497106
20.6,0.466121445374785,0.0017906856024538283,19.9968547020519,0.05696729954604514,2.4818772234263415e-05,2.999934586663939,-5.146203271825127e-05,0.0004972437834684929,7.981343220185993e-06,0.27796963655440377,-0.3682389323351782,19.914189164046903,-0.07136021308919271,-0.15237651232020502,3.109353389420937,0.008005486129393507,0.001586124889443541,0.018541202466053522,nan,nan,nan,0,101090.52461023157,-0.025706689079047218,0.09053526532935632,9.736412242114053,-0.0024510971402640276,0.0076411462488612854,0.003976280633277099
20.700000000000003,0.4719405837249839,0.0018113589479591733,20.296824579258566,0.05634376334577277,7.761427282625586e-05,2.9995697298978343,-5.005991970276706e-05,0.0005502820303777689,7.979248276842342e-06,0.27097440857979205,-0.3830966939627965,20.229313445095904,-0.07306918395787604,-0.15667534128071456,3.1099724490980947,0.007945677145365503,0.0017862803444039788,0.01871597641946759,nan,nan,nan,0,101068.4071609775,-0.00585153412990134,0.07698653314311292,9.69816388682353,0.001821635472345069,0.007832972204590036,0.0017124540074650858
20.8,0.47771685434396544,0.0018367449935500844,20.596762753000185,0.05561776329284225,0.00014543276344925303,2.999306014484313,-4.188040338981331e-05,0.0006677819515155115,7.971858117411773e-06,0.2635710619392079,-0.39892496173648423,20.540243348465772,-0.07500423635186378,-0.1603081096742505,3.109424920448643,0.008130245328117923,0.001927423912053694,0.01876214321651454,nan,nan,nan,0,101064.37580553735,0.00949977014819144,0.10882431497464849,9.724206242187648,0.0020740416403743638,0.009522471839083144,0.0034928142838414698
20.900000000000002,0.4834628068599387,0.0018659463198871756,20.896680737095025,0.054913641338608946,0.0002173181632527488,2.9991775745004885,-2.855798463539964e-05,0.0008260105464195089,7.967294652007632e-06,0.25630023012153996,-0.4143238752901686,20.85646657264441,-0.07643072933207684,-0.1633402394798859,3.111363880156932,0.00808435481224835,0.002059362645167484,0.01896803368355552,nan,nan,nan,0,101064.65950388357,-0.014391828494152567,0.09869279363386835,9.813652705351586,0.0007783397700800675,0.007078400207608892,0.005352188056272808
21.0,0.48919491187499425,0.001897557685936742,21.196592501418255,0.05434360387006652,0.0002824866841321298,2.9991846705798046,-1.2361887714802788e-05,0.000996277123707534,7.972810275020617e-06,0.2485774649846978,-0.43081632952968296,21.167633111038537,-0.0776419231487126,-0.16680948826521713,3.110240592051675,0.007997367775456793,0.002181954012305587,0.019158888497541264,nan,nan,nan,0,101070.39369005848,-0.014828292630359579,0.09207158677143276,9.642685415408994,-0.0009288262329689516,0.008493168715858722,0.0013145939335955923
21.1,0.4949306033004433,0.0019299033522769409,21.49651200960024,0.05398950608694183,0.0003317714518156432,2.9993269337548614,4.1740078307241725e-06,0.001149993423016138,7.992988875247876e-06,0.2427007795757699,-0.4425973610048423,21.51244438097182,-0.07794457424829165,-0.16854271383476888,3.1190374221115595,0.007889713736999187,0.002163869350633618,0.019158601295390067,nan,nan,nan,0,101060.01247929201,0.026455479144654636,0.09672027362499525,9.690183485165544,0.0006224807128791278,0.0012367851156788743,0.0037883319763075173
21.200000000000003,0.50068539097017,0.0019613005801702365,21.796450675377933,0.05389111648932622,0.0003587641489991215,2.999569392418582,1.8550500325156048e-05,0.0012638645919735847,8.029067881072017e-06,0.23483700170531688,-0.4596614534339668,21.824406785278203,-0.07911703431035648,-0.17304618990552492,3.120328747093815,0.007938353599873597,0.0020638070303882206,0.0192776377115954,nan,nan,nan,0,101063.69341471719,-0.013848258088132582,0.09343283240652993,9.717836284250463,-0.0005845274741502642,0.007276040339301876,3.3976468199769334e-05
21.3,0.5064705107649433,0.0019903086390928105,22.096416046824533,0.05404477212956531,0.0003608915947479817,2.999859621422992,2.8786575342935707e-05,0.0013225846201940783,8.078819741162623e-06,0.2236208313016376,-0.4856402772138225,22.08202812754098,-0.08118898874418332,-0.17914301075801412,3.109603500302125,0.008145990871352761,0.0020014029054689075,0.01932242991066762,nan,nan,nan,0,101043.81202513575,-0.006195187597975817,0.06377038354430051,9.695726784729418,0.0027101046182395156,0.006340537974146417,0.004653276289456438
21.400000000000002,0.5122914379887274,0.0020159268861919067,22.396410772493265,0.05440612625723076,0.0003393556739276798,3.000151188496937,3.363712099367435e-05,0.0013209592217324762,8.137701882772098e-06,0.21545002202513358,-0.5037117975809047,22.39313049853984,-0.08230699679630392,-0.18241433926681158,3.1114989613325634,0.00837774139234054,0.0019665843557619134,0.01945911727432342,nan,nan,nan,0,101053.11666686372,-0.008095498652120729,0.09367409105369952,9.7062563607419,0.003258014805983072,0.003948686561266047,0.0003263658842336708
21.5,0.5181474523426551,0.0020377143844574853,22.69643260413111,0.054900890125239174,0.0002987539424054831,3.000396744829742,3.270684731294241e-05,0.0012639290259652824,8.19764136799962e-06,0.20226175218718984,-0.5348110120268424,22.625847671386264,-0.08547109118232844,-0.1903550951813462,3.0940898103400367,0.008540888159151482,0.0017307388226035503,0.019423509116933545,nan,nan,nan,0,101050.79253210119,-0.007673231166543003,0.076781921142571,9.723062548301238,0.0005305773732357472,0.0005145721469201805,-0.001317986494935629
21.6,0.5240322328057401,0.002055823459149189,22.996475128130488,0.05543912989915804,0.00024628197245022944,3.0005604108090704,2.6500450894367704e-05,0.0011649275932787972,8.253981336801968e-06,0.19362951336450754,-0.5540056207089531,22.93518101449749,-0.08736296885490111,-0.19407612993780546,3.094053657813376,0.0084676877592533,0.001523345133590981,0.019469082140723272,nan,nan,nan,0,101051.07688041904,-0.020160315549456548,0.005725517648288131,9.728152077040146,0.002533628808678973,0.006899423860362058,0.0015822843544584376
21.700000000000003,0.5299353093076464,0.0020709395015051637,23.296529046681457,0.05593070802054191,0.0001903926448724408,3.0006207159382745,1.625338207018364e-05,0.0010431712149336914,8.304634736461007e-06,0.1825091362649967,-0.57946052152484,23.209067540617653,-0.09039530539774296,-0.1990173316854791,3.0858577287600797,0.00855492796812207,0.0012125107371780963,0.019466569409106002,nan,nan,nan,0,101020.52801648743,-0.011018548496355196,0.09523980239390496,9.696428465212552,0.005245700619408813,0.0025172898613413553,0.0001487877815349798
21.8,0.5358440743719184,0.0020841456403543207,23.596583962247994,0.05630014052190423,0.0001396061299664196,3.0005773164493315,3.7521709326190196e-06,0.0009199925688001542,8.34887394983575e-06,0.3484855690653058,-0.4418127777693675,23.56307563949796,0.012855897374178245,-0.08484253981387634,3.0980404638247343,0.00489129979826579,0.003081762263756449,0.008546777553248164,nan,nan,nan,0,101035.19322686252,-0.04915397037378897,0.11132390975767889,9.74666242530395,0.0015800047410935714,0.004436466658548032,0.0040405727980997105
21.900000000000002,0.5417459820729048,0.002096736954787789,23.896630062447734,0.05649713205895257,0.00010104404316521897,3.000445826857852,-9.020367079058715e-06,0.000815398115787902,8.38611614933099e-06,0.34981519454453214,-0.45000201364971276,23.87595520319927,0.011845603450320331,-0.08512246082461668,3.1006566599056007,0.004852513979292423,0.0029406037191384016,0.008605043522110924,nan,nan,nan,0,101043.78507559585,-0.006798379488950555,0.10719584385785227,9.740105539923865,0.007577585400971367,0.004444226069457726,0.002008673168408026
22.0,0.5476305589919358,0.0021100160970242278,24.196659725968765,0.05650332775337415,7.960008778391855e-05,3.000250322233675,-2.017572726024284e-05,0.0007448102045637395,8.416521748254662e-06,0.3509389261388889,-0.4585157242615325,24.18607528175182,0.010918625157468406,-0.08530471252984467,3.1004238475784396,0.004841434751891735,0.0027089298186129263,0.008704913356240752,nan,nan,nan,0,101027.96607681477,-0.010788967068704747,0.07159681744484513,9.634728900339287,0.0022614708589614777,0.005708167956378794,0.0009838386942304714
22.1,0.5534909329808406,0.002125100807071341,24.496668585483402,0.056332517069847245,7.740260185046806e-05,3.00003090529514,-2.8149240163293533e-05,0.000716933958732513,8.441329469491236e-06,0.3507149122104864,-0.470656071953722,24.460173046541424,0.010339212689575434,-0.08629646203850214,3.0912828321657773,0.004768543873040076,0.0026097851732900246,0.00877674889761591,nan,nan,nan,0,101045.56150084181,-0.00439025084052046,0.11327517627848387,9.69826821048507,0.0034102374846032685,0.0059212970060106025,0.0009600590062508772
22.200000000000003,0.5593246623771623,0.0021427697843824606,24.79665591058122,0.056025657382973285,9.348047877125932e-05,2.9998235512649565,-3.197753582213072e-05,0.0007330595252537098,8.460653353128356e-06,0.35167235953456816,-0.479307857196692,24.769378911608808,0.008658721064449584,-0.0872490118780044,3.0929853545071526,0.004788103265927578,0.002665832737357876,0.008754551594880058,nan,nan,nan,0,101035.93611373697,-0.02710230105551529,0.07279797108796465,9.744779881452107,-0.00022403296878951724,0.008904951365536058,-0.0007537914587547299
22.3,0.5651337891470467,0.002163369890423629,25.096624614811805,0.055643008109393696,0.0001242899312390788,2.9996612782026846,-3.137033265681634e-05,0.0007871015144984561,8.474584373391625e-06,0.35373331111260986,-0.4846086600609742,25.114763596420595,0.007797422925006833,-0.08828972916130967,3.099560792591535,0.004846441652700808,0.0027064183402263353,0.008750036815771581,nan,nan,nan,0,101006.12431462124,-0.023839333676183693,0.08761468688165895,9.73572122275589,0.0026550727204647734,0.009322485340423224,-0.0010153760002872803
22.400000000000002,0.5709241627213597,0.002186795013982895,25.396580314798914,0.055251889296216036,0.00016433617489280256,2.9995692505250946,-2.6701741704554034e-05,0.0008674654751270605,8.486371711851915e-06,0.3544780262505211,-0.4934446348316414,25.424913240002276,0.007326504687335436,-0.0888813426975338,3.1018487030721476,0.00494272238800594,0.0028076571722754906,0.008833812310923402,nan,nan,nan,0,101020.17574570504,-0.01496346118752537,0.08294396335013288,9.67186670598246,0.004801808500907745,0.010877741460008937,0.003007593379635809
22.5,0.5767042042877599,0.0022125306403194393,25.696530273869772,0.054916018164628266,0.00020708713482766407,2.999549946749957,-1.8944649243503367e-05,0.0009592153472270937,8.500250600378397e-06,0.35755577841535113,-0.49579399811908764,25.80639144459389,0.007242654281212621,-0.08932481665742689,3.1170352690261005,0.0049763632988945265,0.0026585137388748237,0.008939943683434171,nan,nan,nan,0,101014.64437509718,-0.0025058624295533306,0.052004498116119235,9.668475379523874,-0.0008641840000885633,0.005873839436802352,0.005044558979142136
22.6,0.5824833510873901,0.0022397563581109487,25.99648222088712,0.05468566642203697,0.00024613052848627477,2.9996054602184072,-9.422734270506668e-06,0.0010465119035543147,8.519931876340066e-06,0.35818044802987853,-0.5047602515716852,26.11809927850541,0.005227009288625663,-0.09008320839863627,3.1175449880721127,0.00507537515924526,0.002817817655348387,0.0090768133956027,nan,nan,nan,0,101007.19404973078,0.002167065811713065,0.09394536487575621,9.726439803377712,0.0006975262462175487,0.006099020364887134,0.0029082879818663645
22.700000000000003,0.5882704516777378,0.0022674869144951593,26.29644282999969,0.05458940375558023,0.00027590379979453456,2.999723909955782,3.306537979797631e-07,0.0011157179635234993,8.548023741965428e-06,0.35750782314164237,-0.517055808557562,26.392995424965164,0.004762329345301974,-0.09078603452349134,3.1116714184321324,0.005014859299618058,0.002951589576470459,0.009155868779768093,nan,nan,nan,0,100994.73456881732,-0.030877936763877806,0.05098996866434624,9.800200968227966,0.007609977065974856,0.005337096463645804,0.0004654168770348744
22.8,0.5940723902254144,0.0022947284421733732,26.59641687449301,0.05463237929757275,0.00029262014607252837,2.999875188461982,8.84473389632258e-06,0.001157130165675202,8.585256719674342e-06,0.3578978237235731,-0.5261960062791325,26.704217327106168,0.0029979930915287815,-0.09218644570477295,3.1138009157300908,0.0050773524072322395,0.002948828320296082,0.009203014527031421,nan,nan,nan,0,101002.70562542252,-0.008302864182999177,0.07224018891143039,9.76378495034989,-0.0022801551557988485,0.005933207610699378,0.00228422391245254
22.900000000000002,0.5998931264275642,0.002320626281959215,26.896406651476212,0.05479704286349517,0.00029473988547436237,3.00003521245856,1.4966544015393974e-05,0.0011661572618306693,8.631473082855577e-06,0.3585673048409232,-0.5343542212842773,27.028799719728816,0.002201852375627906,-0.09326782467637625,3.1158652013578267,0.005071359156876315,0.0029109510599742983,0.009257088568754188,nan,nan,nan,0,100979.62774384806,-0.018232938280126027,0.08427530940736051,9.679945698379573,0.002294972031613933,0.011706960627276799,0.0013504461497959761
23.0,0.6057332834140873,0.0023445799244317905,27.196411698045303,0.05504724989074829,0.00028289750147422006,3.000177922935759,1.79516356869702e-05,0.0011439137591715554,8.682228180526278e-06,0.35875489786411024,-0.543704537853683,27.340416389790864,0.0015134050972259935,-0.09318732131371199,3.1153812513475176,0.00521221312327028,0.002878474765051875,0.009349162889872052,nan,nan,nan,0,101005.0718187382,-0.0058042105870032504,0.11776339081299948,9.702761942824797,-0.003020918835505841,0.004621466051165321,0.0020343279205416297
23.1,0.6115903066774958,0.0023663162110147194,27.496429196478715,0.05533626681880281,0.0002597883900695747,3.0002807179423288,1.7569157649146393e-05,0.001096346714544838,8.733746544068036e-06,0.3574355442171461,-0.5572494657823832,27.600711053808897,0.0016219881160475583,-0.09496977584003526,3.1048326693711283,0.005206700619067625,0.002692117534274452,0.009481563775538878,nan,nan,nan,0,100989.77907126074,0.003489086365993068,0.09915168930875232,9.764804850481438,0.012795929170672052,0.0023570119493414,0.0039015649841470552
23.200000000000003,0.6174591199998459,0.002385907652859585,27.796454503215514,0.05561444641803074,0.00022958754314877336,3.0003321201776467,1.4107738803276819e-05,0.0010330807730827285,8.783757204359551e-06,0.35753389888643133,-0.5667639492454015,27.911259273215503,0.0005474204499297969,-0.09560339540344386,3.1050408697528433,0.005306529298189925,0.002576985407990451,0.009512585729859939,nan,nan,nan,0,100989.48925798584,0.0017746834735907413,0.06235333653685629,9.74041974690185,0.004164061168026379,0.006213780247512282,0.003016694031482284
23.3,0.6233331396786183,0.002403737573478344,28.096482046199156,0.055837736316530814,0.00019722955573060237,3.0003252253472543,8.286685481206721e-06,0.0009655690189571686,8.830900183135767e-06,0.35687839328581505,-0.578562006599676,28.194406170725085,0.0008511456672056042,-0.09747598009375416,3.099712143124466,0.0053566068604403595,0.002492075295406071,0.00964930199112692,nan,nan,nan,0,100982.39980662448,-0.01099442934411583,0.089055708901841,9.737020794304685,-0.002377264428591212,0.006673748150973853,0.00210966140904063
23.400000000000002,0.6292054554781276,0.002420421858093374,28.396506362446885,0.0559745308031616,0.00016765253420002437,3.000266497831052,1.1373050378870617e-06,0.0009049709244941528,8.874218356341546e-06,0.35689791244444596,-0.5883628548614007,28.50447721233047,-4.758317910377562e-06,-0.09818792535343111,3.1011054751789495,0.0051386417946789505,0.0022760710401803497,0.009731741819200824,nan,nan,nan,0,101000.68990999232,0.016231633529688747,0.08885433398575994,9.667147950457199,0.0037862612509949253,0.00030003450894952165,0.0019219799711401174
23.5,0.6350699632152864,0.0024367019952078756,28.696522897172358,0.056009390623978104,0.00014498781169134336,3.0001698598211357,-6.203057608772878e-06,0.0008605278782127801,8.913106464628264e-06,0.3574063818282121,-0.5966377441266337,28.836547357807905,-0.0011460705404307992,-0.09927255270141185,3.1072156008482175,0.005096915268635628,0.0021623313151224455,0.00978985489624979,nan,nan,nan,0,100977.30405475268,0.003777980654376601,0.060624348283183215,9.762900996356123,0.01201199507432767,0.0026724985947518104,0.0022123928683139924
23.6,0.6409222880130894,0.0024533272231049286,28.996528700571414,0.05594457628738716,0.00013210997876232926,3.000053206125354,-1.2637558031105062e-05,0.000838157659464045,8.947703142155251e-06,0.35727835949787184,-0.606673197756377,29.147267905822638,-0.0016549862805891522,-0.101297835296394,3.106797197331076,0.005308731834473146,0.001886160975065554,0.009826368123549938,nan,nan,nan,0,100972.40970620397,0.0012305321616766715,0.07081639983817989,9.637334002079367,0.004386120716296597,0.00516195322447154,0.0001994360567059482
23.700000000000003,0.6467603562759863,0.002470943777800304,29.29652277136582,0.05579815328664882,0.00013023087185380866,2.999937195681882,-1.7277766416097742e-05,0.0008397887402264992,8.979130566143882e-06,0.35617014918122103,-0.6192117383566884,29.423595336666814,-0.004347821172438424,-0.10206312763083365,3.100874852279637,0.005484147199974226,0.0017933921735988623,0.009813079219824038,nan,nan,nan,0,100978.60171114808,-0.018251017284288566,0.0878448375464495,9.73866420618304,0.008604617184033632,0.005708155191391023,0.0029493856888893723
23.8,0.6525845536549876,0.0024900056828360837,29.596506116131174,0.05560010783976323,0.00013883403686615873,2.9998403853635343,-1.9573230331499398e-05,0.0008632864430959675,9.006963850579114e-06,0.3556508541214389,-0.6294795209891896,29.73354004158959,-0.005894349872784565,-0.10350352296680973,3.0992200612532477,0.005660851213114669,0.001916537275865382,0.009828467298721399,nan,nan,nan,0,100957.17594803596,-0.008733429780513419,0.07267574750653481,9.698855159415531,0.004386205394762128,0.005168223906791109,0.0018601427354290945
23.900000000000002,0.6583974725531795,0.002510722648295506,29.896481387246034,0.05538634962854798,0.00015593605596353214,2.9997781114463797,-1.9345438672037987e-05,0.0009031658000455689,9.031794794714423e-06,0.3548742053956873,-0.6403534528194603,30.037599354122275,-0.007229209419356119,-0.1064063595102027,3.09773695176189,0.005816946356379715,0.0017483143064662698,0.009867456218313937,nan,nan,nan,0,100963.54892831095,-0.007719667044948015,0.07634821162435625,9.738910992188975,-0.0004159593988516453,0.0062411085173897235,0.0035429266345682973
24.0,0.6642033235642804,0.002533046861307422,30.196452304073983,0.055192488335288434,0.00017839720266821403,2.999755591961457,-1.681566493233229e-05,0.0009517697283953908,9.055621844020118e-06,0.35404151175119825,-0.6510881137432509,30.347252706632407,-0.009255874664623201,-0.10851087005601294,3.0959869122885237,0.00580678644028689,0.001759509167170492,0.009851793241576859,nan,nan,nan,0,100957.40747008297,0.00965341766987078,0.09197332455297869,9.729509802717274,0.006754572128036149,0.006985432824961671,-0.0010234501880428955
24.1,0.6700071320602652,0.0025566980321870296,30.496423043782787,0.05504843034636744,0.0002025525770785337,2.999773585532343,-1.2518016045138752e-05,0.0010005280516525161,9.080654982626688e-06,0.35262405590882256,-0.6632729394156257,30.637257921093916,-0.011192640300060633,-0.11155023589577752,3.0937380274179236,0.005772742702939915,0.0016346896085648321,0.009943617453855517,nan,nan,nan,0,100955.10373958806,-0.02634136522380988,0.0836005976904226,9.741810970412283,0.0018256361975955634,0.011895801055474395,-7.0688993097595e-05
24.200000000000003,0.6758138616475542,0.0025812211573644217,30.796397460948455,0.0549734457691635,0.00022473558348853366,2.999828912979052,-7.204045469008804e-06,0.0010415568598971525,9.10879351579799e-06,0.3514205848186648,-0.6745354836619559,30.94663848265107,-0.01298716314062108,-0.11346983319311367,3.0933827737026776,0.005798855267708836,0.001601519796294193,0.009962318915699691,nan,nan,nan,0,100958.96199413673,-0.006970239613326835,0.06450201992244377,9.721274222878547,-0.0014778235285021167,0.01280513623913078,0.0006148678599264512
24.3,0.6816276194916074,0.0026060660839749674,31.096378474372393,0.05497415825166886,0.0002417936373494906,2.9999066318267236,-1.7441595738782105e-06,0.001068910844639115,9.141588108462836e-06,0.3491395074032315,-0.6887227439197098,31.206079301171023,-0.014335721374308864,-0.11471425326728539,3.084263461195918,0.005850611921926791,0.0016329498756748606,0.009966568906300027,nan,nan,nan,0,100940.83136664264,-0.012120251946132532,0.04429489051479395,9.790595197790502,-0.00019945505383897003,0.00490182321595854,0.0014582270251739466
24.400000000000002,0.6874510636494173,0.0026306754294395016,31.396367770144252,0.05504473362815614,0.0002516172677813183,2.9999929478923972,3.0538843552629366e-06,0.0010791931025753154,9.180090284822733e-06,0.3475661195734273,-0.7003478072826003,31.514525583186014,-0.01659225398040923,-0.11741118406890555,3.08461296079988,0.0060669373216712215,0.001501412104893296,0.009905321912689273,nan,nan,nan,0,100942.8481129172,0.025062057647125307,0.06273483283983305,9.751405256028121,0.0019834723086322075,0.0026460735615963828,0.0010347447340341796
24.5,0.6932850848334501,0.0026545664541769726,31.69636553543429,0.05516826306627688,0.00025329142838792593,3.000074503514025,6.542167841613177e-06,0.0010721004851605986,9.223219366424791e-06,0.34600001707542366,-0.7117222187909118,31.832731184463544,-0.018188627803630977,-0.11985612433235263,3.0892315154825067,0.006138543518558048,0.0014313530456087076,0.0099119712484333,nan,nan,nan,0,100934.54677752087,-0.01276876139597154,0.08210008049245378,9.744070437556347,-0.004267879242713254,0.007093488828543599,0.0008567509695000954
24.6,0.6991288006367297,0.002677396626787787,31.996370612341014,0.055320832196582806,0.0002471295684763412,3.000137183260707,8.290549914547677e-06,0.0010501038696903997,9.268575913914772e-06,0.34410040428476524,-0.723885715014232,32.14165554052011,-0.019971422516194885,-0.12326849223155975,3.089589234901065,0.006202948777941208,0.0014624392665500974,0.009986173088260813,nan,nan,nan,0,100923.78553167015,-0.030937958739622504,0.09154526385984987,9.686891996414412,0.006566696749076957,0.007587334862923327,0.004977332428239979
24.700000000000003,0.7049798340527452,0.0026990047551704844,32.29638075579992,0.05547563172993384,0.00023463636608767142,3.000174330652695,8.176154095932594e-06,0.0010178744407081108,9.314585945445746e-06,0.3409843780800249,-0.7394467788153656,32.386056079522234,-0.022218935021186093,-0.1265765103697199,3.0771318690163088,0.006319343055177484,0.001212365861795739,0.009879535016160313,nan,nan,nan,0,100927.69596997368,-0.008487382361342572,0.08207976341939907,9.71503734010754,0.0035455807075985154,0.005270703111089423,0.004375472757308946
24.8,0.7108348125034717,0.002719420985034768,32.596393031151095,0.0556074091777094,0.0002181030749432569,3.0001803744759608,6.35121018892312e-06,0.0009814560709495712,9.360091417683035e-06,0.3386411774909224,-0.7522923950558584,32.69377958728079,-0.024567634201642905,-0.1301871660409163,3.0770114734682092,0.006282886218088814,0.0011517087757557665,0.009969633607326922,nan,nan,nan,0,100945.27058299036,-0.006994895857147873,0.06847431996635145,9.688440437720818,-0.000281931622448885,0.0035396676704476477,0.004055835574930232
24.900000000000002,0.7166899918445824,0.0027388480513291743,32.8964044304552,0.05569686072739847,0.00020026586511561625,3.0001558728395734,3.212910042312408e-06,0.0009470045938408944,9.404180321530143e-06,0.3359001113461908,-0.766138369907293,32.98552977803602,-0.026303841495494123,-0.13272309886809477,3.0739584198051966,0.006305812064386367,0.001133410822010683,0.009914697919224435,nan,nan,nan,0,100912.23240509839,-0.029726074486464794,0.05858740595878441,9.815668757796779,0.005705852217962263,0.0076042376005593885,0.004354239739993469
25.0,0.7225418824158758,0.0027576185946355043,33.19641231018184,0.055732835865127416,0.00018384262410109492,3.000109199049258,-6.765523993064729e-07,0.0009198955877782744,9.446085625181969e-06,0.3331477317287853,-0.7795747709975768,33.29302796671562,-0.028707267732112605,-0.13590915857988708,3.0747761879951208,0.006607952034025206,0.0010268981199914595,0.009954670806985828,nan,nan,nan,0,100934.10752169021,0.0023258148011708413,0.0506824510941691,9.789145826400617,0.0025840761140143312,0.009931226279616618,0.0002919452796348789
25.1,0.7283877934467549,0.0027761366773781226,33.496414766286975,0.055713576557032116,0.0001711177284815684,3.0000485728513047,-4.697175367484957e-06,0.0009039665438659306,9.485498542717744e-06,0.3288819605616671,-0.7975297071906633,33.49260353163052,-0.030465713396678664,-0.13840891251395496,3.054325402640078,0.006737586403441713,0.0011212744882069803,0.009933553906460417,nan,nan,nan,0,100916.61402116489,-0.0052254775375051,0.027776600669694076,9.674865855307983,0.004009719569430594,0.0065689981684528345,0.005077683451215946
25.200000000000003,0.7342262058994625,0.0027948133670820533,33.79641093558096,0.05564648518422306,0.0001637017847008455,2.9999845373754197,-8.244831101819328e-06,0.0009009164648463575,9.522938219996747e-06,0.32572993189256255,-0.8115309114740932,33.79788920302494,-0.03277206660579159,-0.14121006908657902,3.0522243528054784,0.006626923624549117,0.000951298166804948,0.010048255369757245,nan,nan,nan,0,100934.52766242276,-0.010040078512752149,0.07151811320578576,9.79135260676551,0.004559960422038553,0.005535974398116174,0.002439712230690218
25.3,0.7400569274011837,0.002814005144967519,34.096401039155744,0.05554606117077422,0.00016227601100432553,2.9999282734124315,-1.083256179124188e-05,0.0009102450039066845,9.558338588188319e-06,0.32238435836739227,-0.8255315363993877,34.11148843322937,-0.035719792207853984,-0.14465841648889025,3.05351377253062,0.006597531551583531,0.0009069714493612491,0.009994294697649888,nan,nan,nan,0,100913.93114298269,-0.018363421687914952,0.12339932827892161,9.660652037627719,0.0036124058048920176,0.007231230212798456,-0.0008687945672618204
25.400000000000002,0.745881021005872,0.0028339657446905674,34.39638626566159,0.05543109416128006,0.0001665938977553484,2.999888056229698,-1.215566925808354e-05,0.0009294871845411112,9.591380493302905e-06,0.3186758511473324,-0.8400927608514954,34.4167747082179,-0.0383779525943541,-0.14711125184828994,3.0544056386342326,0.006763355558568145,0.0008548958916383409,0.009855704974349865,nan,nan,nan,0,100898.15273873466,0.005018542314673613,0.07849043260831469,9.76003961192043,0.002536865707256018,0.006671333281131325,0.002161045823206295
25.5,0.7517005365233813,0.002854817475562828,34.69636849138771,0.05532123810080773,0.00017558666362616063,2.99986919536086,-1.2116675235365384e-05,0.0009547763318276115,9.62274866606573e-06,0.314905787140586,-0.8543038455763815,34.74490885896106,-0.040940290205378295,-0.15122792633066562,3.0549067370239382,0.006730610600086521,0.0006128502781437284,0.009684217597980844,nan,nan,nan,0,100903.87442302269,-0.0058248626459608795,0.058116986599059436,9.726206876524898,0.003940896439343041,-0.0005770610166720806,0.0016151114306687598
25.6,0.757518103766329,0.0028765431175664844,34.99634993062404,0.05523383341910908,0.00018757826039683727,2.999872623258148,-1.0828592824509562e-05,0.00098156440909003,9.653569241008773e-06,0.3106710453047236,-0.8695710627931162,35.05028776528591,-0.043428556304736826,-0.15421679530589055,3.0534571724215276,0.0067704613241640395,0.0004997087021805235,0.009601256799144682,nan,nan,nan,0,100907.5154646347,0.018757042579743168,0.05853317545589698,9.811115910419653,0.008873569261895227,0.007836270712512656,-0.0016353794958132509
25.700000000000003,0.7633364634535709,0.002898999039303383,35.296332757709166,0.055181256205890636,0.00020059627525364563,2.9998969347498496,-8.570639639658318e-06,0.0010053994445149428,9.684992266690923e-06,0.30618038191611513,-0.8852218364300078,35.35378523468259,-0.04638455923077134,-0.15794197723493528,3.052199694340596,0.007001784535087081,0.00040922892094164,0.009489055176364001,nan,nan,nan,0,100900.50810040254,-0.010378062195914667,0.055496789780275224,9.779714856010674,0.002221223017301121,0.007884553126861506,0.0018226696864270435
25.8,0.7691580127225097,0.002921945884623913,35.59631873752392,0.05516921414282957,0.0002126426523039271,2.9999359435141835,-5.752362444957547e-06,0.0010226811896432153,9.717987298672144e-06,0.3013700563847358,-0.9011936478902101,35.65898553683373,-0.04945062938415482,-0.16121131092900345,3.051525624416878,0.007020748641554884,0.0001737793171998625,0.009429984398725994,nan,nan,nan,0,100899.50669379074,-0.007520805380285591,0.0973414856950453,9.726255544657363,0.004364336496920083,0.008918049170204518,0.001115543159630777
25.900000000000002,0.7749844494529459,0.002945091228883652,35.89630899404969,0.0551965416078533,0.00022203314326469208,2.999981889544902,-2.8320477208476416e-06,0.0010311339161914734,9.75351722785188e-06,0.2961113534178919,-0.9180353483537322,35.93887859684554,-0.052330940360294995,-0.16319384131735956,3.0450484457717693,0.0070365101760559295,0.00017559577439119067,0.00936504358924986,nan,nan,nan,0,100883.62265123503,-0.00869401807694049,0.09507524713640594,9.6916721733844,0.004043041424424581,0.0016241782702831964,0.00191749379981262
26.0,0.7808165531301414,0.0029681364928407033,36.19630387507693,0.0552557499035637,0.0002276156462975248,3.0000275808773162,-2.3698994021140497e-07,0.0010300846235105077,9.792277871233436e-06,0.29074431799677514,-0.9345540341282125,36.243295311539555,-0.055007361940852754,-0.16723620619058008,3.043553277806161,0.006992887141314593,0.00018152642809132757,0.009358777533603922,nan,nan,nan,0,100891.42326284193,-0.017764769529123467,0.05001509838939874,9.726337692644844,-1.878325610663728e-05,0.013042249875704067,-0.00042924049577942685
26.1,0.7866541297086874,0.002990820283041245,36.49630296304083,0.055334835071533986,0.0002288425910976746,3.000065073518937,1.6718825959887396e-06,0.0010204420195463193,9.833216823905912e-06,0.28489559416846383,-0.95230219829298,36.508644814027,-0.05822003206785144,-0.1709005960996237,3.0351400225159955,0.007037008857154674,0.00019915882456467138,0.009211685594925814,nan,nan,nan,0,100879.70861665385,0.01582910255210762,0.10856542093307275,9.722861012273212,0.0012917934443668147,0.0010138979839855499,0.0008119437418151907
26.200000000000003,0.7924961180395826,0.00301295456426108,36.79630520816284,0.05541956517111228,0.00022588407363660062,3.0000896980057483,2.6693474510278783e-06,0.0010044014781533939,9.875385032467443e-06,0.2789193653919312,-0.9695056357650246,36.812166935022134,-0.06147093637884545,-0.1737229899832948,3.034538583668754,0.007175532258194091,0.00011246370955753093,0.009150366510962042,nan,nan,nan,0,100881.46135229504,-0.01875631199737926,0.06105078441738224,9.71067159742525,0.00563766105248239,0.004840812201795325,0.0027050218371241536
26.3,0.7983408289995406,0.0030344465067151404,37.09630910079511,0.05549576975782846,0.0002195068580042799,3.000098318480077,2.6843147354737367e-06,0.0009850790105898621,9.918143213316874e-06,0.2725210983261868,-0.9874952433352622,37.090114678129375,-0.0645570917266187,-0.17753785934588193,3.027902831422573,0.007489449441118113,-6.890317518326583e-06,0.009164539282487363,nan,nan,nan,0,100880.97333982226,0.017562841384292562,0.07100023129395643,9.738393097648702,0.006817409975645117,0.006965166502836444,0.0007579171664845281
26.400000000000002,0.8041862679097831,0.0030553042873487433,37.39631300663664,0.055551898940061864,0.00021090235541602545,3.0000895860473604,1.7892078527456726e-06,0.0009658255671440852,9.960753758632641e-06,0.26594200418897324,-1.0054248853879255,37.39287001066455,-0.06742564393394988,-0.1812260667621648,3.028024329124185,0.0075663478028951585,-5.373756323923118e-06,0.009054984341490234,nan,nan,nan,0,100873.14280549239,0.0007594360844582508,0.07993236141794487,9.715723695813208,0.003891485368192238,0.007834754987555108,-0.00016009259073339777
26.5,0.8100304741487299,0.0030756280122659855,37.696315420153596,0.055580502371307926,0.00020151578116729446,3.000067596302448,1.9087490098212809e-07,0.0009497089341845566,1.0002654630555635e-05,0.2588864678415842,-1.0250730494692386,37.59401602815604,-0.06973218222066455,-0.18338788758155067,3.0087376113696456,0.007718341923196752,-0.00022812013845752155,0.008914792387191006,nan,nan,nan,0,100883.1465258605,-0.02445543907429651,0.10549449113985027,9.654390093617158,-0.004177144968961927,0.0021637682099025944,-0.0013611436780988605
26.6,0.8158718368560107,0.003095587760942321,37.99631516286435,0.055579006369811355,0.0001927656857207952,3.000036800155835,-1.8244454849498611e-06,0.0009391123380908528,1.0043500931266223e-05,0.2516994563350836,-1.0436510735300226,37.894819453357606,-0.07412089421921796,-0.18815701008706712,3.007904507377465,0.007627816508578032,-0.00023884439778787403,0.008794990905138092,nan,nan,nan,0,100868.76028324588,-0.013927112629416455,0.058781638259942946,9.753324189013249,-0.0015938221414564472,0.003906846422121247,0.0020121320779319368
26.700000000000003,0.821709328025219,0.003115393300239352,38.296311591590914,0.05555000542675407,0.00018588316123448358,3.000002029598636,-3.930231637820861e-06,0.0009353161115801534,1.0083334760006355e-05,0.24414799010425042,-1.0631497354454833,38.149831225152084,-0.07644636375685657,-0.19214409070990848,3.000911467645897,0.007706355874076534,-0.00024369853128947128,0.008793963694228626,nan,nan,nan,0,100890.61714518508,0.015647646963585927,0.0655032924211284,9.78008461663323,0.010630012060829419,0.010602862918053658,0.0012121689046082481
26.8,0.8275426233776157,0.0031352599729744957,38.59630464994941,0.05550029413038733,0.00018173412435899225,2.999969907459591,-5.805965341400824e-06,0.0009384050449217085,1.0122078580871264e-05,0.23634337062894212,-1.0825919426894037,38.449763501135,-0.08000335420773533,-0.19687279136966152,2.997171764121786,0.007768144424673908,-0.0003164033270111055,0.008778364550106929,nan,nan,nan,0,100877.2710497904,-0.002310134007199113,0.0836297942103616,9.652046573178918,0.005198311799323763,0.00850986542938819,-0.0022714948103453874
26.900000000000002,0.8333721006089219,0.0031553765893050775,38.89629482920369,0.055439483939586295,0.00018069032345980634,2.9999450275923376,-7.200020872417687e-06,0.0009473546583991244,1.0159362998744262e-05,0.228186545300433,-1.102721702973443,38.722096649820905,-0.08330010022580271,-0.2014116848035211,2.991977106146621,0.007911140699411193,-0.00032937602636606833,0.00874390385066174,nan,nan,nan,0,100868.71296549146,0.0036682637344404266,0.062156735879944636,9.730526376414439,-0.002296719671836765,0.0067317008816721886,0.0038744355839869923
27.0,0.8391987241819812,0.0031758805206454346,39.196283053626026,0.055378269821141766,0.00018265416736244425,2.9999310530221246,-7.949183438128909e-06,0.000960258006881487,1.0195282544660042e-05,0.21969722540342546,-1.1231290658259248,39.02130409513868,-0.0864920732442246,-0.20616358745660768,2.992434933974871,0.0078058631545016525,-0.000523450929359015,0.008649161488696057,nan,nan,nan,0,100854.90482420789,-0.0031157774835597982,0.06623846830095485,9.743857197345475,0.0026294556788095573,0.00761005782332838,-0.003188774527075584
27.1,0.8450238443354036,0.003196841833720917,39.496270480862,0.055326530409260576,0.0001870968054717991,2.9999295437540763,-7.997093983764242e-06,0.0009747349655913062,1.0230293522717715e-05,0.21085758941834115,-1.1439210952911505,39.329831411461264,-0.09019165317411533,-0.21103887183388154,2.9939467712226384,0.007889947128842802,-0.0006922240769635657,0.008567981373721358,nan,nan,nan,0,100852.53830244615,0.006902092204368571,0.060359324803652345,9.775221729810223,-0.001681221524831526,0.006041526391859411,0.0004840949063236158
27.200000000000003,0.8508489495261036,0.0032182585064895347,39.796258308981635,0.05529188670476477,0.00019317398380275886,2.999939357276625,-7.3931700811408396e-06,0.0009883297578137107,1.0264997448764272e-05,0.20160068190174332,-1.1652386281110936,39.62924054096452,-0.09489074824534974,-0.21546470639638635,2.995322083009242,0.007954577043553568,-0.0008180819758538682,0.008554484523008256,nan,nan,nan,0,100855.94072093166,0.009987552411318646,0.09597475496975408,9.720622204917076,0.00017612206829441604,0.005276975144606826,-0.00040528576089915317
27.3,0.8566754156362052,0.003240062599778987,40.096247580595985,0.055278614584027295,0.00019986832714489504,2.999958282221377,-6.2779666162472336e-06,0.0009989128584264595,1.0300019732451099e-05,0.19200335915965006,-1.1870645784030376,39.894623230708476,-0.0984559986401347,-0.2190198983274818,2.9892789999855536,0.00805676157200872,-0.0006658356587985192,0.008594045664213328,nan,nan,nan,0,100830.71597438153,-0.007217409008459642,0.08576596059325908,9.674861831337696,-0.0008237873682090074,0.00771229802252092,0.0027689722135949045
27.400000000000002,0.8625042905757697,0.0032621354369495245,40.39623902643564,0.05528718464916765,0.00020615039208037858,2.9999825238125792,-4.858014552502107e-06,0.001005000354367347,1.0335726810661992e-05,0.18199066041190334,-1.209206069066926,40.19346789230588,-0.1016524386735128,-0.22407698416369418,2.987728325668536,0.0080318135662502,-0.0006967729821285573,0.008572244934420022,nan,nan,nan,0,100838.62174347893,0.006871978856489575,0.08692127023486873,9.657622986402512,0.00010177016053196115,-0.003243174519194928,0.0007883521192722303
27.5,0.8683361502304306,0.003284329402672548,40.696232955753416,0.05531448976362372,0.00021115025795391025,3.0000076543792717,-3.363415240975172e-06,0.0010059770820152192,1.0372867088577813e-05,0.17157032014566914,-1.2318245180682188,40.522589388847095,-0.10513244630307346,-0.2284172202722511,2.993925160732443,0.008076093280418523,-0.00064192146825226,0.008509095290544619,nan,nan,nan,0,100832.99240935834,0.0039012829409599452,0.09499316172539624,9.7243712340372,0.004442520010864381,0.007851407958713023,0.002645798364002443
27.6,0.8741710471551787,0.0033064913519615076,40.99622926327084,0.05535467081526897,0.00021424306777733282,3.0000296405967517,-2.016445195790184e-06,0.0010020864227391346,1.041153870158828e-05,0.1608821281199751,-1.254866549504008,40.82196108724126,-0.10877621888371665,-0.23234559410434658,2.993178086184586,0.008185926031126684,-0.0006464844111730983,0.008511929218972644,nan,nan,nan,0,100840.92560319738,-0.02678982954900094,0.08787167418594219,9.765237162724206,0.0032477552833831266,0.014417624724628908,0.0015712232464193774
27.700000000000003,0.8800085415770917,0.003328485290332972,41.29622747152247,0.055400286356030934,0.00021513301780307415,3.000045166746688,-1.0031963554487161e-06,0.000994333150279747,1.045136499218428e-05,0.14980269640125538,-1.2783001645561047,41.11499344010055,-0.11357229109139892,-0.23681520733742548,2.9910876563435065,0.008208051813907222,-0.0005161305270495742,0.008524822023942185,nan,nan,nan,0,100840.13111601831,-0.001457706481859132,0.06540826339391491,9.724383858612725,0.005570354818875444,0.013562190016124721,0.0005873213821267827
27.8,0.885847812231812,0.003350210949227166,41.596226836556966,0.055443573816933586,0.00021388095054750608,3.000052627335634,-4.400927872993588e-07,0.000984257767458585,1.0491910675592406e-05,0.13826178965156613,-1.3021813485799894,41.41401668002652,-0.11710431489494114,-0.24101133639308747,2.9898071293411883,0.008210040802596439,-0.0005480027064852511,0.008496673490424607,nan,nan,nan,0,100839.22751006547,-0.014204603656246179,0.08858412192159411,9.67900062641944,0.0029223541404008978,0.007356884691601526,0.0035637001501119614
27.900000000000002,0.8916878123107496,0.003371615328608104,41.89622648021299,0.055477733711294205,0.0002108410449742908,3.0000506659032817,-3.72808469722266e-07,0.0009736643298694503,1.0532759992741963e-05,0.12674175759313008,-1.3261737221542425,41.61979863640275,-0.1203215692482352,-0.24622289697133046,2.973090447766632,0.008241538942055362,-0.0007408213455706303,0.008524500394826223,nan,nan,nan,0,100819.82664921101,-0.010305142114857044,0.06009805819696656,9.749640330819872,0.002265715350105132,0.004510929369872768,-0.0016099804614976348
28.0,0.8975274578621693,0.00339269643872382,42.19622555364227,0.05549800001588891,0.00020660748896582552,3.000040730287714,-7.688637937404142e-07,0.0009642857863232379,1.057359411684515e-05,0.11453965191005039,-1.3510574886520383,41.917095397954384,-0.12353415157104558,-0.25171655680352506,2.9724079000323687,0.008306953880272316,-0.0008604247858299274,0.008487119922745614,nan,nan,nan,0,100816.9404131349,-0.004862716422721404,0.07449245331588716,9.68080433897231,0.0023194041201224464,0.0058090350038138595,0.000568600612696468
28.1,0.903365805606809,0.0034134992361687035,42.49622335287615,0.05550213794697857,0.00020189432765585022,3.0000253629680613,-1.5306908872901394e-06,0.0009575494476905533,1.0614127874530477e-05,0.102012503452656,-1.3764625821063714,42.21024563040557,-0.1270527124712591,-0.25650806489723965,2.9710153770143948,0.00833822507393668,-0.0009656675440288254,0.008541498992494794,nan,nan,nan,0,100814.58952214119,0.00020704746566977805,0.08823596258734867,9.723035461053843,-0.0010129816017717432,0.0029150548942684707,0.0017506216823304926
28.200000000000003,0.909202194284027,0.003434105208251562,42.79621943483238,0.05549072245434371,0.00019741823457355675,3.0000068395655517,-2.519716116204938e-06,0.0009543435175081161,1.0654249446894435e-05,0.08903181351861518,-1.4023213986652128,42.50728925810779,-0.13222930278455616,-0.2608718557663833,2.9705900086322794,0.008429529161988154,-0.0009723330073903025,0.008447179748018875,nan,nan,nan,0,100820.60552999635,-0.00023197748647956103,0.11954423264686112,9.777441659236349,-4.550089262344041e-05,0.003966374979296227,0.001510893735586009
28.3,0.9150363296381858,0.0034546174376478248,43.09621367411665,0.05546680809300334,0.0001938177542630929,2.9999887472773827,-3.5698962364258676e-06,0.0009549063067517682,1.0693932663937902e-05,0.07570859504672875,-1.4285127432407445,42.78319377513238,-0.13609713602621387,-0.26537005975953454,2.965131012707809,0.008266450805946703,-0.0011111855795735703,0.008406332473877672,nan,nan,nan,0,100815.79721052045,-0.004239572277208918,0.08117523208397776,9.721730082973018,-0.004257402485246264,0.005967831100893044,0.0019645633131861696
28.400000000000002,0.9208683036675628,0.003475143571977371,43.39620624823292,0.05543519962353166,0.0001915321824361909,2.999973879071557,-4.524619045168511e-06,0.0009588627596066601,1.0732900593470945e-05,0.06188442959829331,-1.4552548785303805,43.079507349457366,-0.14065749478436457,-0.26950832907424427,2.9615929675006085,0.008315717636226953,-0.0012837430310015385,0.00839089386500495,nan,nan,nan,0,100815.64815242232,-0.004455062161584864,0.1013639740338324,9.640856822370353,0.0004223256660019427,0.008857350499905,-0.00012631032160689598
28.5,0.9266985500059145,0.003495780113598726,43.696197596173235,0.05540161508826223,0.00019077541716805955,2.999964297684501,-5.256389740374373e-06,0.0009653056675775762,1.077104481184451e-05,0.04735258003256657,-1.4828472566754476,43.42561586162154,-0.1449953710581611,-0.27515072033739935,2.968186833946906,0.008355025593389675,-0.0014350166557939303,0.008313546696314756,nan,nan,nan,0,100815.26701824201,-0.006032717966490545,0.06674985265116298,9.645924902339528,0.001697982413223388,0.004100055637902685,-6.0389109498126163e-05
28.6,0.9325277475166851,0.0035165994888728667,43.99618831626157,0.05537161282809927,0.00019152941702451975,2.999961566504541,-5.678020846525807e-06,0.0009730037701174421,1.0808472152777017e-05,0.03262387063550241,-1.5105801372676262,43.72230758198234,-0.14968368475975483,-0.27995403026178634,2.9671736539032665,0.008380344346072254,-0.0013766195943247794,0.008347202074909901,nan,nan,nan,0,100789.51667632401,-0.007061926139228263,0.07949228087674504,9.769177664653578,0.007730774588159217,0.007270601720820259,-0.001826158101716083
28.700000000000003,0.93835669183269,0.0035376416487846586,44.296179056639545,0.055349740389799805,0.00019355587982275953,2.9999650985545703,-5.7552517765833585e-06,0.0009806270645700277,1.0845428153145196e-05,0.017269348210340124,-1.5390504991947755,44.050929786206694,-0.15444432453615883,-0.2836535461556941,2.97008740038998,0.008683315677438899,-0.0013870781566538426,0.00830560455371985,nan,nan,nan,0,100764.86122881337,-0.00989706273813053,0.09265690198081657,9.758355492871884,0.004079118131789493,0.005223528634765685,0.002735603718312617
28.8,0.94418615803166,0.0035589111040515574,44.596170420280025,0.05533892669090161,0.00019645319078710207,2.999973874927222,-5.506839600069506e-06,0.0009869426092612432,1.0882213982307475e-05,0.001606158609897238,-1.5676934022891316,44.347897139288804,-0.15858677455227815,-0.28920992381222305,2.969141331845913,0.00861069355086239,-0.0015807504655196425,0.008332501507868042,nan,nan,nan,0,100770.35655391835,-0.0039860050312836735,0.07307772028673636,9.71073838279468,-0.002591997637499767,0.002020672017989545,-0.0009289564204485175
28.900000000000002,0.950016777119681,0.0035803793524154773,44.89616285763991,0.05534005079990528,0.0001997278857665446,2.999986371944812,-4.997202102638286e-06,0.000991033543764397,1.0919133606712499e-05,-0.01466809626994639,-1.5972777734481725,44.68894244658382,-0.16312876727049316,-0.29470428341112614,2.9740418706072544,0.008586115852159022,-0.0016103924699115701,0.008322112015557506,nan,nan,nan,0,100783.8753955589,-0.018285416180778953,0.0722938845277536,9.702626209480323,0.00043642671040084206,0.004444645612374872,0.0005863536356882568
29.000000000000004,0.9558489453710892,0.0036019918967202208,45.19615660928501,0.055352001922210535,0.000202875995322556,3.0000000564264955,-4.32319393232254e-06,0.0009924159219132367,1.0956518567919742e-05,-0.031221109800181494,-1.6269937544086952,44.986392428719235,-0.16817163823561015,-0.30026054585734524,2.9743123774576468,0.008750391859596706,-0.001631674103130587,0.008351393286932081,nan,nan,nan,0,100778.50387978306,-0.02271417006607132,0.06854666335015089,9.691335684656234,0.0006271646068679053,0.008262546560726405,0.0017607970938123226
29.1,0.9616827786478408,0.0036236783579968322,45.49615168867527,0.055372017402841756,0.00020545911537817198,3.000012713670607,-3.5946294973224617e-06,0.0009910758046305368,1.0994649689024084e-05,-0.04838387265207845,-1.657595665825764,45.31624577604531,-0.17231698905060605,-0.3058465612315812,2.981255224994839,0.00892632055426258,-0.0015476572373471775,0.008311551298785533,nan,nan,nan,0,100772.87215180365,-0.006539368170181796,0.0717498704655027,9.79038076877712,-0.00044188631405788414,0.0018629688607968691,0.0033416090910551423
29.200000000000003,0.9675181154827123,0.003645363762794372,45.7961478961224,0.055396252494110995,0.00020715184318769947,3.0000223736036373,-2.922017409040535e-06,0.0009874378744199053,1.1033398618470933e-05,-0.06584494165642289,-1.6884285726210126,45.61443898300612,-0.17661887157746234,-0.3106015195033539,2.9833732861754085,0.00902234910385838,-0.0016279153516249867,0.008234636254244108,nan,nan,nan,0,100761.73649170404,0.0026572605791252563,0.05899845242945806,9.772134573490085,0.0010594242383233426,0.011750224185761354,-0.001700536225271066
29.3,0.9733545643730019,0.0036669799304191865,46.09614486460351,0.05542047555589452,0.00020779200323114183,3.0000277477129633,-2.3962678881232295e-06,0.0009822648097610465,1.1072637862611307e-05,-0.08379527478893233,-1.7197976239569088,45.91844313426497,-0.18170626341836055,-0.3156537621129506,2.982527855985334,0.009198844213357996,-0.0015998973424145024,0.008131653272406884,nan,nan,nan,0,100772.99184457203,-0.02223678769994656,0.10498333885719155,9.676762322300998,0.001464619557933343,0.005819738431397757,-0.0023402132597634654
29.400000000000002,0.979191584607882,0.0036884746448365953,46.39614213016088,0.055440774847982044,0.00020737873284143587,3.000028220692486,-2.080067305479746e-06,0.0009765115514459577,1.1112228868482017e-05,-0.1022743197401597,-1.751626506524513,46.21660717793814,-0.1873999033299987,-0.3209520063780793,2.9811567268740182,0.009196366092564428,-0.0017205746037827208,0.00815371238357796,nan,nan,nan,0,100779.59298262012,0.0008590335864769351,0.08532254470294515,9.692131811844535,0.0011444071752658893,0.004890595978033768,0.0014907185306591733
29.500000000000004,0.9850285849813373,0.0037098177093512533,46.69613921864926,0.05545418888532423,0.00020606414421189367,3.0000240541096823,-2.0005190730234838e-06,0.0009711478356866365,1.1152022444953515e-05,-0.12130917723729455,-1.7841677971305718,46.5346731532492,-0.19185560264038884,-0.32669018307550407,2.983028051417191,0.009071293909500103,-0.001901574611336443,0.008108527493436846,nan,nan,nan,0,100770.5125431383,-0.007873133585434278,0.1034572303341238,9.748725076027434,0.0011681805044479444,0.004646428261034088,-0.00010925965790415716
29.6,0.9908650230111333,0.003731003295798561,46.996135719367,0.05545908038252292,0.00020411969491638304,3.0000164755551024,-2.146607266415013e-06,0.000967008249195267,1.1191856253971033e-05,-0.14072535347028226,-1.8170956694930962,46.83294546896593,-0.19641464120949934,-0.33180563494242316,2.9835791764119737,0.009192077179500066,-0.0018526860722687388,0.00805810140326454,nan,nan,nan,0,100772.31865306565,-0.00020914338799990842,0.08122188881108959,9.759660962792204,0.003353801691441993,0.007008369629322148,-0.002088552756318678
29.701,0.9972839714169749,0.003754146656095693,47.32613085407778,0.05545449497725572,0.00020164894823885716,3.0000057509259284,-2.519111505819633e-06,0.0009645472479073991,1.1235549181143015e-05,-0.16053347866750928,-1.8501119808707667,47.07437911281366,-0.20118944383788856,-0.33677217050701763,2.9714046664260194,0.009300760822876005,-0.002026105563779357,0.008106055862745754,nan,nan,nan,0,100750.17431122668,-0.0017041694732657826,0.07447236210933067,9.691384688673052,0.0003533468765346084,-0.0004990643778207352,0.0022675767631505366
29.8,1.0025347603627437,0.003772989341066844,47.596125976636195,0.05544415687416772,0.00019968211076151708,2.999996709429239,-2.930979836283577e-06,0.0009643697471104495,1.127117551000697e-05,-0.1809266287437652,-1.8840474737631505,47.37154380641526,-0.20671341092273812,-0.3419572217109927,2.97146791259875,0.009388364332532635,-0.002096279369485643,0.008059800001265478,nan,nan,nan,0,100744.39427137992,0.008689089803783122,0.08185396937618858,9.723326728725825,0.0016435768175426203,-0.0002879713719457057,0.002441895583086452
29.900000000000002,1.0083678262207694,0.003793872930593091,47.896119661256456,0.055427985188954684,0.00019784794871925953,2.9999880209669523,-3.4282729848056445e-06,0.0009660003444944554,1.131051721429012e-05,-0.2018773128545953,-1.9184893900551234,47.66681735961455,-0.2123732061303356,-0.347538087408635,2.973010023431387,0.009363457431985784,-0.0022333423214082604,0.007955049473155942,nan,nan,nan,0,100760.16096247843,-0.013214413644085914,0.055985548122111345,9.718964988786277,0.0026120266143170334,0.011054317940078346,-0.0009009011674280564
30.000000000000004,1.0141998698817396,0.0038147505998941526,48.196112598912514,0.05540979850792467,0.00019659806071104018,2.9999818467631907,-3.896677528417447e-06,0.0009691485891401008,1.134947537294473e-05,-0.22340155772335105,-1.9534820705584923,47.96397746981772,-0.21788267108798723,-0.35250601242261537,2.9702510218776714,0.009346403356687093,-0.002182869803622811,0.007908908648039972,nan,nan,nan,0,100752.30565047255,0.007479880878746595,0.09836501718492391,9.709303725778758,0.0009338943400775635,0.003985271816883746,5.2325006526968186e-05
30.1,1.0200312257378281,0.0038356698697058927,48.4961050945572,0.05539268898298426,0.00019605940223732808,2.999979268018268,-4.272062504962445e-06,0.0009731863423931841,1.1388021119973558e-05,-0.24544815919293791,-1.9890206318693655,48.26423311188453,-0.22370588184231308,-0.35842625435160175,2.971953824418553,0.009556859157928654,-0.0023047405773442,0.00788480941355869,nan,nan,nan,0,100742.46890021946,-0.04626530212697732,0.0783638760098067,9.716533221282342,0.004805687946302435,0.000746978556323624,0.0026466534347307784
30.200000000000003,1.0258623133279827,0.0038566681195099906,48.796097495394484,0.05537931613682627,0.00019624521560995304,2.999980232017852,-4.508891105790051e-06,0.0009774004434228711,1.1426216547345257e-05,-0.26812932584926336,-2.0251456321132544,48.56136532715394,-0.23004806626082053,-0.3643367361100536,2.9700474859527644,0.009632596394896518,-0.002231956571881799,0.007886800256020923,nan,nan,nan,0,100718.80178218018,0.00046599632323258543,0.08265716280412795,9.73555438973491,-0.0006234954768464238,0.011089647746383418,-0.0017696702551393433
30.3,1.0316935631214674,0.0038777681937586,49.09609014209675,0.05537156634707978,0.00019706161223467653,2.9999841430207708,-4.586881847344684e-06,0.0009810935134664245,1.1464176049609965e-05,-0.2912379342994826,-2.0620227860548144,48.90156382868372,-0.2351740785712964,-0.37056059471419406,2.9798949834113153,0.009819079640930928,-0.0023053577510867562,0.007734722076557684,nan,nan,nan,0,100735.39626248996,-0.021824899648182287,0.08877703642443478,9.736150904408603,-0.0011722088529081826,0.003300629677712956,0.0024945997134451585
30.400000000000002,1.037525346198602,0.0038989764945575956,49.39608330858335,0.055370256827492394,0.00019833619009986052,2.999990455179425,-4.5094319775596514e-06,0.0009837071312348566,1.1502037482348657e-05,-0.31505139738786403,-2.099290664538795,49.19937842508015,-0.24091127667481527,-0.3751052872153603,2.976204070987917,0.009917482050396605,-0.0021977529512049454,0.007601364131709288,nan,nan,nan,0,100729.54335065355,-0.0009619478248382917,0.06357261712142982,9.69879674663294,0.0022114748013695048,0.006060500311245609,1.838845279658293e-05
30.500000000000004,1.0433579189514706,0.003920283597891579,49.696077159747375,0.0553750895550754,0.00019984628144327637,2.999997825486907,-4.302004855870174e-06,0.0009849077852412957,1.1539968564053733e-05,-0.33946299181849826,-2.13707841226902,49.493517458913985,-0.24702808625088202,-0.3806336831486553,2.9738961477998465,0.010057163900837014,-0.0022092327954681412,0.007412814813758171,nan,nan,nan,0,100738.05452686395,-0.017499572061041434,0.07536719684588356,9.68161537712962,0.005812273905381403,0.0052350221278539,-0.00032395831362208485
30.6,1.0491913906273127,0.003941667049241125,49.99607174048079,0.05538481568442657,0.00020135702157256558,3.0000049520064893,-4.005862057573478e-06,0.0009846100436046168,1.1578136989208571e-05,-0.36445963379147267,-2.175469250745547,49.79064729305981,-0.25285445999681977,-0.38697228317294907,2.970568453740297,0.010092122191647561,-0.002202911346965264,0.007302581658527853,nan,nan,nan,0,100728.20610404173,-0.02242861506552777,0.0744936513615354,9.66943477306864,0.005654057810336548,0.012881558408687505,0.0019266140222252096
30.700000000000003,1.0550257171488977,0.003963095669601301,50.29606697525527,0.05539748877975146,0.000202655363067721,3.000010791202228,-3.6708304878392705e-06,0.0009829771465934556,1.161656736858195e-05,-0.39008049919019605,-2.2144012655715173,50.07927905792112,-0.25813298927164474,-0.3919686764717562,2.965803051921507,0.010185245169365016,-0.00215807233297749,0.007190355574254513,nan,nan,nan,0,100711.27200301085,-0.02105156538685248,0.07609736434348947,9.672268350355182,0.005616924454497208,0.007721417165249985,-0.0006546421921746878
30.8,1.060860719992892,0.003984534820824682,50.59606268864911,0.0554108404480322,0.00020357769866326708,3.0000143982889993,-3.347695347753215e-06,0.0009803752856909487,1.165525511795477e-05,-0.41616507744522324,-2.253881683813306,50.37583497086248,-0.2629535586728946,-0.39750741170672776,2.9656561949629148,0.010220472120914927,-0.0022721256287518976,0.007161001111015955,nan,nan,nan,0,100710.42153584084,0.0038990612627453434,0.1229580169977589,9.729601505689807,0.003424048374686221,0.00782291262297974,-0.000494178868758626
30.900000000000002,1.0666961252989826,0.0040059516168137015,50.89605864195957,0.05542266805765894,0.00020402807607029053,3.0000154568805093,-3.0810934907976568e-06,0.0009772969453822888,1.1694179956737803e-05,-0.4430741118979707,-2.2940233635608918,50.64068320121021,-0.2683679582381541,-0.402949633262252,2.958697901779117,0.01018544286386109,-0.002471483787112483,0.007103791400871328,nan,nan,nan,0,100732.47772892543,0.0051717158567102465,0.10849754514038841,9.744629862445096,0.00010739369031602082,0.00941273439595606,0.0008960716905375246
31.000000000000004,1.072531615361323,0.004027319380053724,51.19605457408884,0.05543117613173826,0.00020398715421347108,3.0000139586668233,-2.903282620566132e-06,0.0009742770658820454,1.1733299340461707e-05,-0.4702245507674721,-2.334587836662601,50.93646175297458,-0.2744832321018532,-0.4088348687652473,2.957049101379057,0.010289390664846774,-0.0025412611500277293,0.007185586123715549,nan,nan,nan,0,100710.92534983184,-0.021574550561130352,0.06919640609258386,9.734378266274605,0.003909836395213209,0.008814906217025369,0.0022636614747012277
31.1,1.0783668832522286,0.004048620802732417,51.49605024846289,0.05543525121056107,0.00020350785292256373,3.000010311864272,-2.830366337251143e-06,0.0009717974016649755,1.1772548908816241e-05,-0.4978941919715781,-2.375739824359914,51.24216484415127,-0.28139283067478543,-0.4152913361840487,2.9586570001706716,0.010399960049206838,-0.002673772769363758,0.0071328387777130796,nan,nan,nan,0,100701.1181324012,0.0014284238357323885,0.10008658259260561,9.69426722052522,0.0005575735115422135,0.01128915570538966,0.002434940628856917
31.200000000000003,1.0842016814843276,0.00406984948830834,51.79604548762482,0.055434575856767185,0.00020269729896414476,3.0000052993142536,-2.862785993312098e-06,0.0009702164332934249,1.1811848424717479e-05,-0.5262693363613619,-2.417589638099656,51.53793832168862,-0.28699385809721817,-0.4216315703837867,2.957095902116682,0.01052737048922421,-0.0026993029766093635,0.006978346017333428,nan,nan,nan,0,100727.79478353169,-0.04010586815240911,0.07604421257506777,9.726659200571373,0.004752000538806015,0.007467488788961522,-0.00022424194456009547
31.3,1.0900358573552393,0.004091009831205837,52.09604019770737,0.05542962393667855,0.00020169943411501006,2.999999805568925,-2.9864200920709877e-06,0.0009697204586678332,1.1851136565139247e-05,-0.5569946610697891,-2.4611718966843785,51.734535440488074,-0.293601405517782,-0.4281989341232448,2.9380697995164526,0.010587553519533383,-0.00280177047150465,0.00693159982481935,nan,nan,nan,0,100703.81079986024,-0.003502458691830479,0.11887483272930005,9.797711092040846,0.0030068379605051403,0.0047291459491174866,0.0018764393298313106
31.400000000000002,1.0958693703300608,0.004112115381936738,52.39603437802436,0.05542152184679017,0.00020067275003705044,2.9999947999357994,-3.1747463971815928e-06,0.0009703063543677892,1.1890370510651544e-05,-0.5866451023572586,-2.504273049374905,52.02824402297673,-0.29958341543775224,-0.43419811934802277,2.935686368442417,0.01063379676274189,-0.0029179319299119655,0.006834786314660396,nan,nan,nan,0,100687.39849460503,0.028987360987475345,0.06900440249421036,9.679274892888703,0.0020197853434949296,0.005008840048348893,0.00018215035776978817
31.500000000000004,1.1017022899757758,0.004133186046941798,52.69602811406665,0.055411820915209506,0.0001997612936477958,2.999990992975815,-3.395874089019162e-06,0.0009717962897766164,1.1929471560237565e-05,-0.6150854671240562,-2.5467597194761478,52.406805498480225,-0.30463167434392313,-0.44142415313009664,2.946947454849606,0.010650695198177976,-0.003004142424017031,0.0067607263770066905,nan,nan,nan,0,100681.19822789615,0.005116439717535377,0.1000480971919352,9.699535803901018,6.295463671103681e-05,0.009530856573830309,0.0007514277753033821
31.6,1.1075347762279137,0.004154244751514479,52.99602155709429,0.05540221346337006,0.00019908143316568408,2.99998898301155,-3.616063363633724e-06,0.0009738783191974854,1.1968391788846396e-05,-0.645894119937124,-2.5911068786128335,52.7013295273986,-0.3118203379433576,-0.4461372630297092,2.9440953141833295,0.010795456981134002,-0.003016688938713763,0.006638849181324076,nan,nan,nan,0,100694.62514341815,-0.02696526035955501,0.07453920312473129,9.746830391139877,0.0031291762884327595,0.008688331153184162,-0.00442270202547945
31.700000000000003,1.1133670466037606,0.004175313973742974,53.29601489154923,0.0553942344004014,0.0001987066802236719,2.999988952216391,-3.804414877108615e-06,0.0009761732893043273,1.2007124504625141e-05,-0.6785225443798645,-2.6369172814795805,52.95176135227835,-0.319072186732687,-0.4528199985129178,2.9352675797271766,0.010881483810039477,-0.003104611658490297,0.006560923548147894,nan,nan,nan,0,100687.30941464331,-0.018483156855775902,0.08984399861137332,9.764615364930707,0.006276194382397343,0.0010640296462508846,0.0007864836655276321
31.8,1.1191993366820179,0.004196412666930435,53.59600830614283,0.05538904941765497,0.00019865894554273707,2.9999906108984336,-3.938282474913462e-06,0.000978294473449992,1.2045695350478127e-05,-0.7107428721177949,-2.6824494655844555,53.245276276706846,-0.325003063413435,-0.45815132286471083,2.9345807581446617,0.011043245573559776,-0.002961059124187315,0.006487784864177503,nan,nan,nan,0,100683.38731755647,0.030074679466382405,0.0862764169594301,9.648764577791377,-0.004049281533229072,-2.8256619480615183e-05,0.0016948280108309225
31.900000000000002,1.12503186070421,0.004217553971709414,53.89600196332356,0.055387284993595486,0.0001989141782285461,2.9999937039680007,-4.0044707738524354e-06,0.000979910240604509,1.2084146965787533e-05,-0.7433802754609212,-2.7284620885032944,53.54430167360962,-0.3311847836134906,-0.464515471855073,2.933119929075101,0.011008461636022574,-0.0029820958880191206,0.006287818818185067,nan,nan,nan,0,100671.60539498588,-0.008930268790759784,0.08611602574589267,9.73467305285011,0.003365371204970419,0.0029387011567447874,-8.535129953375479e-06
32.0,1.1308647786399506,0.004238743960800562,54.19599597105577,0.0553889536737396,0.0001994090250192072,2.9999976140165825,-4.000072926416934e-06,0.000980801482467486,1.2122538475826237e-05,-0.7768066035066283,-2.77519824778701,53.837631390734856,-0.3373970802804767,-0.4698290231841313,2.9324091649396125,0.011132872443262798,-0.0028885097941115934,0.006146636278502421,nan,nan,nan,0,100673.65928668088,-0.01551285762391413,0.082052811005813,9.745200534560828,0.002261856868243147,0.00922862557447783,-0.0006392225461082767
32.1,1.1366981745871185,0.004259981479502126,54.49599037371317,0.0553935237536724,0.000200052048442302,3.000001566927563,-3.932650666880227e-06,0.0009808804022028994,1.2160942583957554e-05,-0.8107265131871132,-2.8223586617372494,54.13489381619472,-0.34366890442037407,-0.47603159150482954,2.9330557375960087,0.011216544065810715,-0.0028231207262634506,0.006060106692960551,nan,nan,nan,0,100663.87241451757,-0.0085762573248699,0.08149462518519639,9.652430469862619,-0.0015450914812829997,0.005830357964878525,0.0026358301264123064
32.2,1.1425320491040307,0.004281258983017924,54.79598514937251,0.05540003458994584,0.0002007413416541498,3.0000050122056656,-3.817343209501901e-06,0.0009801963622106946,1.2199411404018702e-05,-0.8453724088816386,-2.870319932009599,54.428173799038724,-0.34917850644885867,-0.483486855044055,2.93273826360502,0.011201549980848982,-0.0028500910796400714,0.005929687421860412,nan,nan,nan,0,100675.50069071776,0.0075044789487996805,0.07067584866706633,9.706232174109985,0.0026544420093918995,0.0007518435099126818,0.0011619550955041824
32.300000000000004,1.1483663255566656,0.004302564182718125,55.09598021711302,0.05540728618839835,0.00020137797705105945,3.000007347958232,-3.6744119899229213e-06,0.0009789192745492947,1.223797538885801e-05,-0.879098085101733,-2.9176659183924327,54.75867486979791,-0.3544356750102612,-0.48997950934066525,2.935727361339964,0.011331232049269523,-0.002992772135540278,0.005831031763350422,nan,nan,nan,0,100658.4540759442,0.005563123587921487,0.10047593114290444,9.686480821551188,0.002007935979152101,0.003685144836584573,0.001556963674966621
32.4,1.1542008683918539,0.004323882189904497,55.39597545640555,0.05541405790698276,0.00020187897847393307,3.000008331666321,-3.5262833189919174e-06,0.0009772985184930416,1.2276653449645216e-05,-0.9148123390892454,-2.967020036453386,55.052223772645526,-0.36000469992559125,-0.49704824987189605,2.935689323634893,0.011421898089477847,-0.0027607844614745414,0.0057217622402343914,nan,nan,nan,0,100658.21464088805,-0.02077747697065614,0.09403264508213889,9.777215543041137,0.008246122410893265,-0.0008064531212735203,0.00035290849311992063
32.5,1.1600355095116575,0.004345197798159778,55.695970726421045,0.05541928897995576,0.00020218919317463693,3.0000079577835033,-3.3936097400329235e-06,0.0009756231530635429,1.2315450856137609e-05,-0.9508010152212193,-3.01682034588889,55.35273720556726,-0.36572924933009077,-0.5046509877659658,2.9386513703039743,0.011438488598256592,-0.0028228303969797253,0.005703820472972387,nan,nan,nan,0,100657.18054019194,-0.005389556920485821,0.08477986603966581,9.648464076111514,-0.0004689066799879603,0.003627092670454018,0.002113298244424778
32.6,1.165870077891074,0.004366497582392798,55.99596589223189,0.05542225409087881,0.00020228510247242157,3.000006283793267,-3.292677187350372e-06,0.0009741684713011622,1.2354355255463184e-05,-0.9876607925072858,-3.067622405876597,55.64662540433217,-0.371393741993252,-0.5115086205659802,2.9381276965703713,0.011544906039337824,-0.002816757724012131,0.005552454608133405,nan,nan,nan,0,100649.40148368281,0.018831819078110393,0.08803142393394638,9.766498622651781,0.006799022732235019,0.008057456124904471,-0.0005536629735871431
32.7,1.171704427386834,0.0043877715511267705,56.29596084723602,0.05542265351155471,0.00020217340351250292,3.0000037259531243,-3.2342312253302518e-06,0.0009731504271461855,1.2393339584267645e-05,-1.0246676530831358,-3.1187400362417526,55.94858933984938,-0.37706156717230843,-0.5188744888824386,2.937986526089352,0.011497159898246595,-0.002987068701134854,0.005492896274375485,nan,nan,nan,0,100652.79856390676,-0.0184893404219273,0.08782010957125333,9.660104762077689,0.005018859378609701,0.0054869141442082,0.0007745649984162689
32.800000000000004,1.177538458381942,0.004409014173967152,56.59595552572114,0.055420616893243936,0.0002018887024547724,3.0000007831989066,-3.2222348052731014e-06,0.0009727004385589044,1.2432369686701755e-05,-1.062669429918787,-3.1709799358512765,56.24233629525642,-0.38331822855859454,-0.525782781543074,2.9351443545742155,0.01166530168500486,-0.003058560153175849,0.005350707462307964,nan,nan,nan,0,100633.30821395086,-0.008747815017776994,0.0844175148556718,9.671860404384766,0.0036959274290191708,0.009715425867133008,0.0005613864291386498
32.9,1.1833721302948779,0.004430224701871956,56.895949911942495,0.05541665938107071,0.00020148638487836002,2.9999979386212567,-3.253703374671846e-06,0.0009728479095576503,1.2471407078883446e-05,-1.100050379643526,-3.2226611459284293,56.55787455164723,-0.38919888659254376,-0.5327496257428792,2.935886104129187,0.011632532900336888,-0.002961725741376986,0.0052622259941656115,nan,nan,nan,0,100627.86519711543,-0.03231371039075456,0.08296113800236567,9.675575805539054,0.002048706434832532,0.0030184877509789824,0.0022731119671410525
33.0,1.189205463614092,0.004451406812457341,57.19594403934575,0.055411568299342864,0.00020103143550064323,2.999995654847235,-3.320374846787638e-06,0.0009735226960723153,1.2510419582177657e-05,-1.1392975411348016,-3.2762745353353266,56.851233761831274,-0.395746611954242,-0.5390901246509396,2.9310767642116984,0.011599538607249235,-0.002920842079791708,0.00521378946990215,nan,nan,nan,0,100606.57862929523,0.015121515516092717,0.11544551754351365,9.62688858963282,0.0016544932473048098,0.0030184998663378465,0.0024448890301032237
33.1,1.1950385318751935,0.004472567692823819,57.49593798035732,0.055406252802899,0.0002005901611738891,2.9999942510824797,-3.4099899472041472e-06,0.0009745751854757234,1.2549379124142031e-05,-1.1806165072506452,-3.331970570198972,57.12198415122842,-0.4022510078582138,-0.5464512436329549,2.9260937767921025,0.011755993718468544,-0.0029770139217839553,0.005033226601929234,nan,nan,nan,0,100654.01815763823,0.02714011206095293,0.0906613397148279,9.739847344536667,0.0030124807204159553,0.0039848579710780015,0.0001445775899288338
33.2,1.2008714457066545,0.004493716745613948,57.795931831641205,0.055401587069215406,0.00020022081767732437,2.999993903637072,-3.5082243233116607e-06,0.0009758065101248548,1.2588267924400109e-05,-1.2211408417064304,-3.3869995564582416,57.41447633465323,-0.4081573133736814,-0.5546260014585919,2.924585209708055,0.011870189361370445,-0.0031630884813760307,0.004938690813894706,nan,nan,nan,0,100636.54865457588,-0.006545698539174363,0.08737518852653171,9.68508196282892,-1.9691626217586966e-05,0.010130844980556324,0.003666341494415524
33.300000000000004,1.2067043321231985,0.004514864122281297,58.09592569647965,0.05539827289499365,0.0001999655347643383,2.999994547825902,-3.6013588407099277e-06,0.0009770048136497067,1.2627080402025677e-05,-1.2611711851171197,-3.441780422584282,57.72133367538761,-0.41309479818541855,-0.5618111902902124,2.9250539049596394,0.011948458887901019,-0.0031849331576316864,0.0048654316001605245,nan,nan,nan,0,100637.20400404482,-0.00908016938557138,0.08506076629947204,9.721092142461801,8.816520972752557e-05,-0.0003346556470792631,0.00042336143424120726
33.4,1.2125373127778203,0.004536019298689821,58.39591966868032,0.055396743529531466,0.00019984788824616956,2.999996021262642,-3.6775517633282106e-06,0.0009779783405123865,1.2665819930963098e-05,-1.3027654823918002,-3.4983574165234175,58.01379418225584,-0.4187035754474352,-0.5701543653104718,2.925528989645762,0.012103447430296607,-0.0032987960454644583,0.004745094644011454,nan,nan,nan,0,100625.47568067457,-0.01103463575957386,0.09394012487986912,9.737782192785321,0.007825193046214677,0.003494569194552307,-0.002215844998033106
33.5,1.218370484744868,0.0045571898796783646,58.695913816681646,0.055397105740726024,0.0001998711845665812,2.9999980500146437,-3.728104100257421e-06,0.000978587872930703,1.2704499651982365e-05,-1.3415429942614747,-3.552214720937297,58.349705014167654,-0.42446027310805146,-0.577416024938966,2.930767770632727,0.012245666704316238,-0.0033061222632737586,0.004615053490091005,nan,nan,nan,0,100612.4574028767,-0.02799781807784521,0.08875502767244442,9.729825814369859,0.0031453879227805585,0.008988855081966795,-0.00238944586643265
33.6,1.2242039067596195,0.004578380761544712,58.99590817524699,0.05539915496500765,0.0002000190347199596,3.0000002173240543,-3.748769245160693e-06,0.0009787636636435781,1.2743134129158111e-05,-1.3843102004794252,-3.610336755460653,58.64270738410757,-0.43061660454084894,-0.5849777971057993,2.928357807680459,0.012154283707007886,-0.003258128987199793,0.004473815379127945,nan,nan,nan,0,100620.02366372531,0.002084293750499628,0.09341232233491543,9.739325311172133,-0.002835097257622361,0.0025736432374799264,0.0023295713790186445
33.7,1.2300375927220866,0.004599593738495097,59.29590274317341,0.055402431370260664,0.00020026049161603817,3.0000022028109212,-3.739608638698388e-06,0.0009785104147890245,1.278174439463088e-05,-1.428578527342247,-3.6702211368867004,58.924563661975014,-0.4364246910953442,-0.5933124957646584,2.924922262291941,0.01201110464608815,-0.003186568136784196,0.004373422627141837,nan,nan,nan,0,100605.98630649193,-0.0005600947548350249,0.056370870650190336,9.67364649425563,-0.0020135728456124645,0.0047392815181083806,0.002247936540671655
33.800000000000004,1.2358715129220075,0.0046208275554490835,59.59589748532614,0.055406311152406504,0.00020055527959396353,3.00000367309062,-3.7044771085683543e-06,0.0009779025323854995,1.2820363159214813e-05,-1.4724728211916114,-3.729991441819287,59.21700693462915,-0.4417584877038255,-0.6019400060917074,2.9226764939912924,0.012064481095530006,-0.003341613278067923,0.00425079430499152,nan,nan,nan,0,100595.14087150806,-0.0037848494915597546,0.10067139407139085,9.705562934158479,0.005386683468947702,0.000984700706188564,-0.00023698122631225446
33.9,1.2417056021681834,0.004642078343965653,59.89589234184166,0.055410125733681335,0.00020085938415800313,3.0000044259067193,-3.650421611924791e-06,0.0009770642898694337,1.285901478866247e-05,-1.5164367125742206,-3.789941723489459,59.51539256427856,-0.4487273216353034,-0.6091443052377299,2.92468919657292,0.012282403910061756,-0.0034243422339579332,0.004170916461260361,nan,nan,nan,0,100616.33252653934,-0.0030899461830152467,0.11736461127710728,9.724405122006868,0.006202339759845808,0.007094466489448084,0.000828404260636358
34.0,1.2475397730187496,0.004663340369400145,60.19588723839427,0.05541326330870344,0.00020113205240251025,3.0000044557690075,-3.5862292244255796e-06,0.0009761485566919248,1.2897716603414817e-05,-1.561662604872677,-3.851218820468214,59.80785583911095,-0.4558977755288714,-0.6165813353363253,2.92523440348637,0.012289558722067488,-0.0033887795176301694,0.004064442634391534,nan,nan,nan,0,100612.9776602085,0.03211883369168139,0.1226736455024399,9.770802467670956,0.002692587723600507,0.007339258976127007,0.0024666667051566234
34.1,1.253373931589358,0.004684606949740986,60.49588209917138,0.055415267381834665,0.00020134061140428803,3.0000037445365964,-3.521056781850104e-06,0.0009753102888589993,1.2936476827952878e-05,-1.600932269098813,-3.906077608157793,60.1643968611005,-0.4599438018206921,-0.6225350193335115,2.9343407678445943,0.012391010498039963,-0.0032836106362788,0.004096349275275935,nan,nan,nan,0,100594.77119252039,0.03400997766910204,0.05727110397464341,9.762296326411006,0.002537837240891697,0.005527551499089819,-0.00042153220429253424
34.2,1.2592079931939584,0.004705871412214469,60.79587686116759,0.05541590607325351,0.00020146302938269298,3.0000024637472924,-3.463549682179157e-06,0.0009746774381764745,1.2975293688152765e-05,-1.6472275148126874,-3.9687545782775473,60.4578642431763,-0.46613621196010246,-0.6309335043015297,2.9337902478164346,0.012274607626419595,-0.0033028421914000905,0.004054700818614724,nan,nan,nan,0,100586.2479314274,0.010734934159147,0.09268593828823891,9.67964783680829,-0.0020261792742952422,0.006565147486765506,0.0041848355140534374
34.300000000000004,1.2650418952851816,0.004727127962095137,61.095871481427075,0.055415179699318105,0.00020149079517877154,3.000000911349784,-3.4205765758503908e-06,0.0009743363598795352,1.3014157104413395e-05,-1.705574799085069,-4.044826071117944,60.64931840576519,-0.47468794972629796,-0.6416226324104838,2.9186825867643136,0.012278416489630226,-0.0034787163679577127,0.0039254581988804535,nan,nan,nan,0,100582.89298236815,-0.02430741588077793,0.08600170889761263,9.617876035476295,-0.003909970909205756,0.006302232796975227,0.0024452755013222773
34.400000000000006,1.2708756058454465,0.004748372355535415,61.39586594284767,0.055413308870248576,0.00020142861137452595,2.999999323292756,-3.39639277159906e-06,0.0009743204006489314,1.3053043893603963e-05,-1.7533719684152227,-4.109413635463161,60.94111930620146,-0.4811834450858791,-0.6502356068975426,2.917988644766575,0.012409861818802565,-0.003537821873801583,0.0038654855871432603,nan,nan,nan,0,100591.44460375076,0.0042099685132370316,0.06795903362066177,9.640020243701686,0.009695164921845306,0.005610764412222069,3.244280822753626e-07
34.5,1.276709126221854,0.0047696023289567095,61.695860256139895,0.05541068494247932,0.0002012922352078263,2.9999979751907793,-3.3925501583122724e-06,0.0009746065502285184,1.309194036075091e-05,-1.7930995957269376,-4.165037266880365,61.30457653743918,-0.48639931819184873,-0.6559399611974479,2.9251302329875637,0.012682466509321427,-0.003520923108617957,0.0037860492091629765,nan,nan,nan,0,100601.75290662328,0.00458491199701244,0.09352847210363834,9.802276534395133,-0.002610959650708497,0.005941481595395807,0.000407107269776169
34.6,1.282542488333971,0.004790817719478752,61.995854454650804,0.05540778798687335,0.00020110568795051741,2.999997061040921,-3.407871487523356e-06,0.0009751257730412632,1.3130837736242867e-05,-1.8420546366222574,-4.2310059395597674,61.59704801127373,-0.4927924398392852,-0.66388062479644,2.9232163442439307,0.012650798423455574,-0.0035145270140868323,0.003821670511787772,nan,nan,nan,0,100578.4652071219,-0.0157256880507295,0.05577271734806024,9.685337234713828,0.000823608409040739,0.006952373081883765,-0.0005023183820812386
34.7,1.2883757471712147,0.004812020304701572,62.29584858789015,0.055405107372718865,0.00020089759145414565,2.9999966848397457,-3.4386699207060146e-06,0.0009757761133222242,1.3169724745393941e-05,-1.8954884966949375,-4.302225947114385,61.86025321347548,-0.4999199260554714,-0.6745109258483305,2.9192612021061795,0.01278869243452731,-0.0035662941424849937,0.0037155977483578203,nan,nan,nan,0,100571.92481030394,-0.006126731918831991,0.07806513312625739,9.759204243217631,0.0020259936106946414,0.0075977354120511245,0.00016354861517752515
34.800000000000004,1.2942089701439377,0.004833213413131015,62.59584271191122,0.055403058564103234,0.000200696307740005,2.9999968826915815,-3.479832922475563e-06,0.0009764425039031632,1.3208591876487213e-05,-1.9458282135774094,-4.370143816867297,62.15204232349639,-0.5065459581703111,-0.6834356119132015,2.916792897720425,0.012760824610383973,-0.00360690751435655,0.003654467483487301,nan,nan,nan,0,100578.5071927801,0.0212656715435083,0.08724395675816884,9.740501740002168,0.005526493261825698,0.0036363344917794364,0.0010820848422543957
34.900000000000006,1.3000422252535386,0.004854401368408715,62.895836879725586,0.055401922927433046,0.00020052744656351573,2.999997565951981,-3.5252512213283565e-06,0.0009770164490203737,1.3247431364761817e-05,-2.0042273014635787,-4.447304936992727,62.391663868546935,-0.5147887005937156,-0.6935753238654362,2.908642848716586,0.012905157217619957,-0.0036637389885783023,0.0035656033198875987,nan,nan,nan,0,100580.02979639053,0.03410139212772385,0.10348920777410671,9.753424489514865,0.004637730731173458,0.002771774761075879,0.0033231739937285873
35.0,1.3058755700807267,0.004875588853560803,63.19583113334852,0.05540181372424878,0.00020041048435185055,2.999998591491347,-3.5686315564217417e-06,0.0009774123277559443,1.328624018500153e-05,-2.056009120174386,-4.517070826310518,62.68234222063626,-0.5209771089579928,-0.7021758670330784,2.906844067629954,0.012903501621748074,-0.0036880849464917542,0.0035566325520273298,nan,nan,nan,0,100549.07497837069,0.00414789011965012,0.0854037374926881,9.714192227687217,0.0025740043217248195,0.006576512402979877,0.0005102691261302612
35.1,1.3117090433003735,0.0048967802780216785,63.495825497508974,0.05540266900671866,0.0002003562591981457,2.9999997641865277,-3.6045888122406715e-06,0.0009775801923910254,1.3325017308093156e-05,-2.1051390246835804,-4.583874083063913,62.99498607427957,-0.5277962833969221,-0.7099928743358198,2.911714430953671,0.013004188059327751,-0.0038874882886692497,0.003495042955301034,nan,nan,nan,0,100568.99218785924,-0.013598192964505965,0.11047562027134997,9.671541496374468,0.005744146446804691,0.007223829889566915,0.00023606760836339695
35.2,1.3175426599081852,0.004917979225215811,63.79581997732472,0.05540427638912389,0.00020036678843718983,3.000000887325355,-3.629125275683737e-06,0.0009775106292433389,1.3363752967468548e-05,-2.158272622727691,-4.65530854392034,63.286042799054556,-0.5350091692566173,-0.7186365140373054,2.910872497335904,0.013117366630869121,-0.003953522463977288,0.0034673192728390863,nan,nan,nan,0,100577.48230473143,-0.003750489071837542,0.08031233453169757,9.838192793838545,-0.0030926793335576456,0.00697222590803307,0.0005101961403837341
35.300000000000004,1.323376410641753,0.0049391880743535265,64.09581455905054,0.055406318777068586,0.0002004359685439581,3.000001785053298,-3.639901654223687e-06,0.0009772331662079026,1.3402463612058555e-05,-2.2057065718514752,-4.720176531582858,63.616220412614425,-0.5405775066824414,-0.7258719047923317,2.91699252151055,0.013132108189803645,-0.003957276453272929,0.0034020558908074575,nan,nan,nan,0,100544.44086434683,0.01270591715051576,0.08904294279703817,9.74041621548579,0.00476057700658987,0.008893233759449178,-0.00022376873526353143
35.400000000000006,1.3292102653316096,0.004960407773993941,64.39580921364258,0.05540843437258382,0.00020055039491928732,3.000002316532626,-3.6365704021476514e-06,0.0009768083438050912,1.344116830412095e-05,-2.260123155773768,-4.793196197391576,63.907940294747384,-0.5477763333203803,-0.7345760476966499,2.916712086420404,0.013160810722773322,-0.004000236431598081,0.0034242114742297977,nan,nan,nan,0,100545.51995031233,-0.014574561538335066,0.06440961603011584,9.647994638466407,0.002383200837548645,0.00222901731585412,-0.0006036853144369949
35.5,1.3350441793671495,0.004981637822464344,64.69580390254754,0.05541027676005409,0.00020069207755127333,3.0000024529269185,-3.620538528197188e-06,0.0009763156419906327,1.3479881934392843e-05,-2.316341886536088,-4.8683869791370915,64.19344436221334,-0.5550433753319044,-0.7442844150345447,2.9132369521282198,0.013275899620176775,-0.004100221692982853,0.0034077336110223495,nan,nan,nan,0,100540.47360470003,0.01861830580650624,0.0731496321423839,9.727684069750056,0.004777644010398261,0.00399556993301187,0.0003687820475136146
35.6,1.3408781019953016,0.005002876438394893,64.99579858406572,0.0554115679606866,0.0002008407192213342,3.00000218411002,-3.5947570981270523e-06,0.0009758404435731283,1.3518615702859087e-05,-2.372210280920367,-4.94324491548149,64.48481245450272,-0.5626836527262237,-0.7529240106610818,2.913933901033752,0.01341707327418584,-0.004238090059038857,0.003306871756670776,nan,nan,nan,0,100535.83393858754,0.0068872604296434424,0.09888552262797325,9.76688394129478,0.006248830878923788,0.005198530509584656,0.0024070304527435047
35.7,1.3467119849788116,0.00502412088140835,65.29579322140052,0.05541214393869174,0.00020097648968133425,3.0000015646407485,-3.563253919364361e-06,0.0009754576382206004,1.3557376791291618e-05,-2.440962650129383,-5.033360712532305,64.71185938500962,-0.5715443951051066,-0.7661985496492102,2.9025478818658392,0.01364563831387507,-0.004371971092585358,0.0033637999408777644,nan,nan,nan,0,100547.78662393214,0.014744987614682917,0.08227159058341443,9.700914988914938,0.0051282232857259216,0.00687478786525317,0.00028253939896832826
35.800000000000004,1.3525457901771814,0.005045367871277965,65.59578778764956,0.05541196693812942,0.0002010827186371532,3.0000007554089354,-3.530500719186128e-06,0.0009752215155767185,1.3596166842209658e-05,-2.4984699586285903,-5.110417813038326,65.0021108162766,-0.5788181084104749,-0.7752025596714797,2.9029292590617297,0.013825904819090667,-0.004307251248566235,0.003203461005688208,nan,nan,nan,0,100533.32805014889,0.01691345891067807,0.07403091606285754,9.826632509607757,0.002927701763700512,0.00915015865154171,-0.0007473627001315181
35.900000000000006,1.3583794949200456,0.005066614044642842,65.89578226899127,0.05541112190359361,0.0002011477456222785,2.9999998859579406,-3.5007792843405244e-06,0.0009751594496503202,1.3634977656610414e-05,-2.5567610987249925,-5.1884158592052785,65.29251395068192,-0.5870950295120396,-0.7845711586500145,2.9047943141116224,0.014020218771036368,-0.00431712847152621,0.0031983352283534265,nan,nan,nan,0,100544.01371943035,-0.014774947685056949,0.08691389524340976,9.734321985948212,0.004198965856532468,0.005658599767721079,0.001195749733377427
36.0,1.3642130944816406,0.005087856401542975,66.19577666685572,0.05540979740472766,0.00020116588866764485,2.9999991015444643,-3.477736209889177e-06,0.0009752678050183317,1.3673801031713792e-05,-2.6158029874476405,-5.267423627975684,65.58292885160368,-0.5939104814428486,-0.795187782243114,2.9041564174008707,0.014001874720251627,-0.0043662609858501344,0.0030923147856885035,nan,nan,nan,0,100525.61397701548,-0.0026184721771761784,0.07361879400674753,9.80661661340522,0.0009059704970054232,0.01342400848778199,0.000653361908398554
36.1,1.370046601464255,0.00510909267457689,66.49577099591293,0.05540824335428897,0.00020113785369860185,2.999998529993504,-3.4639795546243145e-06,0.0009755161056053119,1.371263825853686e-05,-2.6649331702321786,-5.334870045091638,65.92254975964099,-0.5994118300749677,-0.8033502394785864,2.913053711533797,0.014032585078645375,-0.004448109553988111,0.0030379851297851696,nan,nan,nan,0,100527.49608967488,0.015361113106708131,0.07028928286168196,9.730119520589218,0.005516614419790155,0.006350516965480475,0.004183720556472815
36.2,1.3758800424293836,0.005130321567195412,66.79576528078329,0.055406728356940035,0.00020107048369635743,2.9999982281142494,-3.4606393173593086e-06,0.0009758535859516471,1.3751486276274452e-05,-2.7251994639232966,-5.415722610862665,66.21384024885313,-0.6063138803729953,-0.8131994994188255,2.913608464179034,0.014134189853832912,-0.00462619941796194,0.0029198368153611244,nan,nan,nan,0,100533.61760892498,0.00937490593294234,0.10716150905012901,9.727230660951683,0.0015394408589298725,0.011691988911871787,0.0013751953787908113
36.300000000000004,1.3817134525392012,0.00515154286111152,67.09575955149818,0.05540549450715463,0.00020097493000177354,2.999998242967628,-3.467522863795319e-06,0.0009762185517752098,1.3790340010327515e-05,-2.7799236266803495,-5.4899474253853615,66.53249733677087,-0.6131319960766435,-0.8214615437477811,2.916183092790459,0.014181185438529871,-0.004476459688004919,0.002833453057662155,nan,nan,nan,0,100500.22894975732,0.0068598500794172556,0.07005691147199249,9.656583034797942,0.006849842359843152,0.00991313017087512,-0.0005210293253002969
36.400000000000006,1.387546869220877,0.005172757377668711,67.39575383762642,0.05540471784098826,0.00020086537948707539,2.99999854677143,-3.4831631847414056e-06,0.0009765504226117994,1.3829192842590952e-05,-2.841591591022081,-5.572581762738609,66.82399861527581,-0.6202605200325659,-0.8310933723414637,2.9151988766085113,0.014230049624479123,-0.004446160032866464,0.002796555747168702,nan,nan,nan,0,100525.74301275375,-0.012731298200636412,0.07311985245646264,9.781687082842554,0.0011714971875067975,0.003715442265196336,0.0014213358066931794
36.5,1.3933803259592084,0.005193966808146049,67.69574816415212,0.055404488870751445,0.0002007572175076746,2.999999053061215,-3.5049103693261195e-06,0.0009767982047850232,1.386803862171846e-05,-2.8994210542439256,-5.650685194541274,67.134251068728,-0.6275361039874584,-0.8411469241230831,2.917429639177199,0.014362573170549568,-0.00441123842227964,0.002689726451953623,nan,nan,nan,0,100493.8704294312,-0.0071486889290833956,0.059982706410374696,9.681648526118575,0.0020869936216659666,0.0050679897240941555,-0.0009146007953764977
36.6,1.3992138472003544,0.005215173440273279,67.99574254767593,0.05540480262477586,0.00020066435906457948,2.999999675388012,-3.529597692722683e-06,0.0009769282438136795,1.3906872614956254e-05,-2.9625338643161676,-5.735319141494706,67.42582003289853,-0.6350482771157777,-0.8515259747807551,2.9147283098265584,0.014541830214115023,-0.004396703352477438,0.002564377480212896,nan,nan,nan,0,100512.10501742036,-0.025120476781306366,0.08536290665905058,9.69007995740785,0.00926158832745494,0.009555080913409853,-0.0017262277213949957
36.7,1.4050474451068546,0.005236379817601888,68.29573699413268,0.05540556604483349,0.00020059807237350134,3.000000302623405,-3.5538162655489652e-06,0.000976928883000605,1.3945681391460985e-05,-3.027555555471325,-5.822373391909901,67.71284167162108,-0.6427946008086185,-0.8626124359845952,2.9136860992167444,0.01481074814649522,-0.004400463778932107,0.002501754888660242,nan,nan,nan,0,100499.53175700123,-0.002105182389313204,0.03378478968359692,9.701179805616242,0.0028387122073254174,0.006075110033326794,0.004310263894136327
36.800000000000004,1.4108811185531915,0.00525758840009725,68.59573149909394,0.05540662170853185,0.00020056560401375206,3.000000834791475,-3.5743936916356213e-06,0.0009768099234599426,1.3984462975665126e-05,-3.0922071105293405,-5.909215138229923,68.00419594080864,-0.6499110010429863,-0.8740524048853845,2.913422630114291,0.01483098179927019,-0.004302987193937513,0.002495528864592993,nan,nan,nan,0,100493.90432248339,-0.012542959504619514,0.09404814793027574,9.718131119648769,-0.004455950974959955,0.005506107570180096,-0.00026337421808983886
36.900000000000006,1.4167148543287276,0.005278801246988612,68.89572604902845,0.0554077770832803,0.00020056919761493169,3.000001190857212,-3.5888462711468155e-06,0.0009765997247284108,1.402322782109372e-05,-3.1579793142685872,-5.997749981232629,68.29384180376631,-0.6565006051395885,-0.885643693336384,2.9126430388957485,0.01493523213086528,-0.004297939459028788,0.0024536319547583977,nan,nan,nan,0,100500.40690581754,0.01708369684663809,0.10592355094535083,9.762813723693096,-0.00285315233862874,0.0024492519303697465,0.0021874192263455325
37.0,1.4225486301919448,0.005300019759691291,69.19572062420676,0.05540883855530833,0.00020060648496194661,3.00000132981216,-3.5955506948683164e-06,0.0009763390680785911,1.4061984885294742e-05,-3.2239695963547534,-6.086872690076545,68.58512615089622,-0.6636762234362681,-0.8977036569149747,2.9127514549324576,0.014945124506953008,-0.004425068267033483,0.0023630570212002473,nan,nan,nan,0,100500.65520686243,-0.0010655511106222731,0.07244638349441625,9.703619781710973,0.003298675824960847,0.006810085295154453,0.001430803160600839
37.1,1.428965797699267,0.005323367352586445,69.52571465932313,0.05540970327929116,0.00020067802220428,3.0000012258027677,-3.5934615205158004e-06,0.0009760489081216406,1.4104617822246925e-05,-3.2938545909136425,-6.181153549860738,68.86563874256468,-0.6714651541256897,-0.909733431964938,2.9118195587914673,0.015078393057615014,-0.004558028280031934,0.00237923522753551,nan,nan,nan,0,100486.72221380222,-0.02313022143673492,0.11253815126251747,9.783761860569197,0.008643872548136679,0.0025148907241715614,0.002894693326786655
37.2,1.4342161941681446,0.005342475322743347,69.79570976185272,0.05541007726187084,0.00020075123536385662,3.000000963184414,-3.5849906312780123e-06,0.0009758475565382341,1.4139505862751296e-05,-3.3613468710802987,-6.272653214680382,69.15680314283377,-0.678828810431183,-0.9206778080718657,2.9104689768749363,0.015045132168396449,-0.004642696407260116,0.002446838173901216,nan,nan,nan,0,100494.043693542,-0.008747014161528498,0.07142962548214804,9.745071794527036,0.0006035139483472466,0.0108341637982246,0.000994376696759348
37.300000000000004,1.4400499325444953,0.005363711121467935,70.09570428673662,0.055410103618933726,0.00020083694650125292,3.000000548280958,-3.5700187240520496e-06,0.0009756930947046882,1.4178282760472762e-05,-3.4259077671628737,-6.3606767168390395,69.4597692040044,-0.6857939908267763,-0.9308810213160055,2.9126062464494544,0.015156090946904927,-0.004927865022680722,0.0025097744061941783,nan,nan,nan,0,100512.65495411216,0.03386674620591463,0.06462855404349298,9.692676211115069,0.0032113525225719447,0.003073527668549749,0.0018415740291017402
37.400000000000006,1.4458836192215572,0.00538495033462865,70.39569876703055,0.055409747270692256,0.00020091597890957205,3.0000000796334367,-3.5514123660683917e-06,0.0009756301921979293,1.4217072746992596e-05,-3.4948557755478955,-6.454330547917235,69.75089523564165,-0.6934583618313762,-0.9418903650933617,2.911222032056985,0.015104450784522543,-0.005080099755981893,0.002444739544964481,nan,nan,nan,0,100464.39555460114,0.011886244378133246,0.08590676078991709,9.751884334146656,0.0032875917212904066,0.0003501487125430183,-0.002426155847249514
37.5,1.4517172486368002,0.005406191023416331,70.69569320101624,0.05540909535610632,0.00020097800191839344,2.999999631463531,-3.5318869062664356e-06,0.0009756619302432323,1.4255869656495192e-05,-3.5682548674246775,-6.553600926945682,70.03097433050544,-0.7023255977910894,-0.9534476602538996,2.908952722431116,0.015240386474746287,-0.005233410441809028,0.0023314675071265927,nan,nan,nan,0,100472.19769014197,0.029723806465695907,0.09388146949465659,9.692999683380885,0.004277417599446869,0.0057630890426833715,-0.0025495898930215314
37.6,1.4575508248902214,0.005427431193175006,70.99568759464997,0.05540827572911901,0.0002010156155699507,2.9999992823023116,-3.5141330078454362e-06,0.0009757758493840196,1.4294676788740026e-05,-3.638899760318419,-6.649514087637789,70.3218723760829,-0.7109128219970147,-0.9648564537183721,2.908709792092207,0.015262633262426929,-0.005239561298089557,0.0021982122860061534,nan,nan,nan,0,100473.9570823207,0.024499506075039153,0.10019001978834956,9.675027091651486,0.003408770191367872,0.007320291599351693,-0.0001586930702733889
37.7,1.4633843603372345,0.005448669059239438,71.29568195982101,0.05540743325625157,0.0002010250917913095,2.9999990703139963,-3.5004604649115882e-06,0.0009759473966546306,1.4333496395371791e-05,-3.7028252238310855,-6.736961985066851,70.63440242170786,-0.7178988871349354,-0.9740920131450678,2.9091995466179172,0.01519287777132482,-0.00514202214924997,0.0021724311920712563,nan,nan,nan,0,100457.95792760419,0.04727071830712855,0.044491514322617276,9.73387610369287,0.0015243536192216809,0.00418163655645218,0.0058711415983756215
37.800000000000004,1.4692178729610166,0.0054699032758484135,71.59567631227797,0.05540670629040147,0.0002010067155807296,2.99999902494416,-3.492468547713154e-06,0.0009761441902635948,1.4372327737408397e-05,-3.7749704660004126,-6.8349574766140675,70.925374822851,-0.7252509953801242,-0.9858691310398907,2.9099713711197595,0.01530179507160831,-0.005237540684788655,0.0021649712035606387,nan,nan,nan,0,100474.65400433891,0.005232408103099007,0.07182350887943917,9.733062206803872,0.001058094886962879,0.0067765836997625934,8.183171452422254e-05
37.900000000000006,1.4750513830373204,0.005491133095890512,71.89567066837006,0.05540620242873232,0.00020096433676764278,2.9999991483770403,-3.4909892400175328e-06,0.0009763327048293302,1.4411168195868794e-05,-3.8615564039414063,-6.951420181568985,71.17909062004163,-0.7352293923344236,-1.0006581027286887,2.9015029523153175,0.015253916602215709,-0.00539978404184982,0.0020716073368503025,nan,nan,nan,0,100453.1308976552,0.011190236271975835,0.05435982839382267,9.731700349164052,-0.003146679370192418,0.0040587973813905566,0.00275378825878688
38.0,1.4808849096896077,0.005512358441629418,72.1956650425847,0.05540598562191468,0.00020090505071728416,2.9999993930758064,-3.495872496934977e-06,0.000976483329757416,1.4450013590029522e-05,-3.9355041380359372,-7.052064445786014,71.46922990458981,-0.7435610774270695,-1.0124577925721412,2.9005915311731494,0.01518986566554396,-0.005369187205561676,0.0019943425040763524,nan,nan,nan,0,100470.77456835985,0.010740450764949403,0.06926668686600164,9.719103636740149,-0.004664343228350075,0.009992040196368682,0.0017184271248239028
38.1,1.4867184678954586,0.005533579881128426,72.49565944554676,0.05540606930385437,0.00020083778242668276,2.9999997161092162,-3.5061232641330713e-06,0.0009765744696830225,1.4488859547653164e-05,-4.005399816638523,-7.1476725842005955,71.77166700748542,-0.7509647444357362,-1.0226992813948512,2.8995093835030383,0.015166507047529278,-0.005638381712651741,0.002082540390470496,nan,nan,nan,0,100442.49397666036,0.02602759273815134,0.09276876698481078,9.654810346154171,0.0028001414836855924,0.0013739307652246655,0.001241209630237096
38.2,1.4925520663902083,0.005554798515159397,72.79565388223718,0.0554064162911192,0.0002007720838144255,3.000000061965243,-3.5200795112740654e-06,0.0009765961634644604,1.4527697257594219e-05,-4.080888428290198,-7.250513127944934,72.06162414553377,-0.7589050869101339,-1.0347236107620228,2.900542578325692,0.01533464669580483,-0.005799064102013141,0.0020770587208414027,nan,nan,nan,0,100451.7565625026,0.006725256074466858,0.07003341725153062,9.732248816914922,-0.0002650506669474948,0.007682018776392091,0.0003681531362425207
38.300000000000004,1.49838570674478,0.00557601580088115,73.0956483519175,0.055406950453514715,0.00020071693714844176,3.0000003700645115,-3.535622324196053e-06,0.0009765502864294007,1.4566518851331297e-05,-4.1418002934786475,-7.334859875402205,72.389338663047,-0.765071766336705,-1.0435228387706685,2.904909316047741,0.015444926574221834,-0.005780768002950021,0.002103680789663653,nan,nan,nan,0,100460.38501868435,-0.009430979346827708,0.06263560268993199,9.77182786420771,0.002033375075547853,0.00461724901077042,-0.0010469753694232462
38.400000000000006,1.5042193836666695,0.005597233339078305,73.39564284866105,0.05540757143732814,0.00020067930257153572,3.0000005977169315,-3.5505473061353885e-06,0.0009764493589692336,1.4605326369004721e-05,-4.218712601694195,-7.43980318109982,72.67982669599081,-0.7731225072230187,-1.0551596375603032,2.9047154906497683,0.015437926312810563,-0.0058569431742792055,0.002063441923492387,nan,nan,nan,0,100432.89802488772,-0.008514957817487042,0.11892592210851355,9.73145139907937,0.002929268633892913,0.0006279359391015244,0.0001496043365359029
38.5,1.510053086377436,0.00561845264214999,73.69563736254186,0.055408172339000625,0.00020066348926041852,3.000000710067519,-3.562831138564585e-06,0.0009763139600043047,1.4644123472824139e-05,-4.301457135529937,-7.552366098645627,72.9585369014115,-0.7816592870791252,-1.0669845173349972,2.9028220223212338,0.015573637744728568,-0.005918136042081468,0.002020348903173731,nan,nan,nan,0,100443.7624499717,0.014978334020605402,0.10429406190644723,9.703568920755508,0.00872304896944645,0.004881162749278666,0.00027740926550734576
38.6,1.515886800771778,0.005639674929411465,73.99563188169775,0.05540865811467881,0.0002006706315832142,3.0000006988327916,-3.5708664409412927e-06,0.0009761684759224121,1.4682913884668451e-05,-4.380037439413948,-7.659637716479552,73.24868285517539,-0.7900767368736138,-1.0788543093054173,2.9006251345025733,0.015653557496666644,-0.006075474217507315,0.0019434928315904803,nan,nan,nan,0,100427.8364593098,0.007727878410300825,0.07102328692281899,9.694682693319963,-0.00373260354947827,0.006665522707863306,0.0033658377017472337
38.7,1.5217205119458659,0.005660900973848787,74.29562639425447,0.05540895917351607,0.00020069838163740855,3.0000005766558338,-3.573807234704148e-06,0.0009760371642248966,1.4721701720315203e-05,-4.471982250216558,-7.784395502775089,73.51097654415565,-0.8004377960543296,-1.0930707011170575,2.8955637563710117,0.01566943601423223,-0.006099520976411865,0.0019719380529078564,nan,nan,nan,0,100434.9306871956,0.0009650628933014927,0.07010018842081597,9.727752854796863,0.0009831326289472982,0.0047716086853958175,0.0007542984444731052
38.800000000000004,1.5275542066609278,0.005682131018569235,74.59562089032536,0.055409041271646045,0.00020074190974146382,3.000000369910487,-3.571496668364372e-06,0.0009759400899398418,1.476049164263245e-05,-4.55251440359475,-7.89436546596227,73.80054215878805,-0.8101278071261949,-1.1062584715888477,2.8953509983989245,0.01570098530462725,-0.006003283503818846,0.0020696968287989568,nan,nan,nan,0,100439.83800591149,0.005174467511169244,0.07664696402020041,9.718461842676723,-0.0066093137612826475,0.003416632725722783,0.004684574263001427
38.900000000000006,1.533387875348597,0.005703364769645092,74.89561536343227,0.055408907986773906,0.0002007944042991039,3.0000001202389535,-3.5644989497521735e-06,0.0009758902583305584,1.479928713826992e-05,-4.636741075631528,-8.009242294422425,74.08427585501784,-0.819441490446538,-1.1185885409319325,2.8945221701378574,0.01575900642007328,-0.006105676502078161,0.0021940116832442885,nan,nan,nan,0,100427.39744143945,-0.0057352055027071625,0.06209107227005604,9.767151724161067,0.0006936511051322039,0.008850388339226035,0.0006157550476569475
39.0,1.5392215133711904,0.005724601462289111,75.19560981126911,0.055408597238470116,0.0002008479860325932,2.999999869281742,-3.554057640338029e-06,0.0009758921304778845,1.4838086227437177e-05,-4.719180641431951,-8.121712889769007,74.37370185402833,-0.829326538619141,-1.1309051500777387,2.893629466711736,0.01593125190872949,-0.006128490943506204,0.0022210331264177277,nan,nan,nan,0,100409.5851208237,-0.023072114043578566,0.06344171101710651,9.76494318369838,-0.0014831869072412852,0.003770968355998277,0.0013993954286429186
39.1,1.5450551213929669,0.0057458399961015085,75.49560423587442,0.05540817291660229,0.0002008952225274301,2.9999996600865417,-3.5417960753967265e-06,0.0009759413699597097,1.4876889188978485e-05,-4.8046646672955715,-8.238138797458147,74.65894570669019,-0.8383016471685532,-1.1432562449627752,2.8942098846493103,0.015955888835621698,-0.005977559211470362,0.0022114903145467324,nan,nan,nan,0,100404.9962304599,0.018358064209021713,0.0987646784404683,9.74121207361236,-0.00028321456956340333,0.005466643391559634,0.00019118762173054985
39.2,1.5508887048636764,0.0057670791064981155,75.79559864282024,0.055407712035321764,0.00020092982336339325,2.999999520907165,-3.5295400940245697e-06,0.0009760264486644576,1.4915699965355594e-05,-4.888972078136041,-8.35303098856879,74.9483617309498,-0.8473493267137172,-1.1551934495942708,2.8937859530157186,0.016066714086445576,-0.006034476736630712,0.002198227427872251,nan,nan,nan,0,100430.11299951012,0.012623824741137138,0.04934061927234619,9.685565632742296,-0.001620646977598679,0.011158640915198529,0.0035045514765109412
39.300000000000004,1.5567222727706873,0.005788317547095388,76.09559304015256,0.0554072920007048,0.00020094768475720508,2.9999994680042947,-3.5189856392035706e-06,0.0009761308038580552,1.4954520134855569e-05,-4.9676930207462995,-8.46068813389476,75.24990739430221,-0.8548517655196979,-1.1657808357683153,2.8947183886081183,0.015978313456319837,-0.006145567099333338,0.0021529131562769335,nan,nan,nan,0,100404.32353401615,-0.008259494010397467,0.08708596109444819,9.693065989597093,0.005084000397810548,0.00031457502226270913,0.0021957038290453734
39.400000000000006,1.5625558359166871,0.005809554263685708,76.39558743679703,0.055406977242488886,0.00020094716916947453,2.9999995088823446,-3.5115188944898547e-06,0.0009762361180076784,1.4993349822507759e-05,-5.053630784237011,-8.577862192521325,75.53926201796467,-0.8638919046546725,-1.1782027686536019,2.893090951409755,0.016030805290208693,-0.006213268242703407,0.0022227022741023953,nan,nan,nan,0,100414.37504117315,-0.014230676375227933,0.0776572223866863,9.715030428205035,0.0013578653935202992,0.008199349271701893,0.0015699964969072056
39.5,1.5683868804989607,0.005830780647630742,76.6950118972064,0.0565675525405059,0.00020368166176608308,2.982497678002216,-2.405441552692323e-06,0.000508297641852673,1.5031581096284209e-05,-5.164931237321516,-8.728703506024477,75.78375808390945,-0.8765188829304569,-1.1959269893470348,2.868767280699532,0.01608540354369522,-0.006733079266498132,0.0022454276603374977,nan,nan,nan,0,100416.12483264123,-0.00747555720126524,0.10103576781875039,9.283742363349038,0.0018317151039993038,-0.00477565725419502,0.001215118465587542
39.6,1.574163118842629,0.0058518804310989676,76.98976655778834,0.05978498288711742,0.0002084540981501661,2.911024771350662,-6.489975866818382e-08,-0.0009762436877673863,1.5067782697098386e-05,-5.253034425656984,-8.848856672938998,76.06732473449986,-0.8855647054315969,-1.2073791237610423,2.794347137219143,0.016131235976465538,-0.0083079671277686,0.002369273775263972,nan,nan,nan,0,100405.49604473854,-0.022366394896531874,0.057002691791903294,8.76968802965758,-0.00034894163398406595,-0.01047360760871707,0.004127730158597534
39.7,1.579753737644154,0.0058726429065266966,77.27482149800251,0.06192294070259604,0.00020968036173035545,2.7942251076101456,1.870430581674842e-06,-0.002601495687033939,1.5098185586223503e-05,-5.298467338595908,-8.912080393710621,76.41646149027086,-0.8897615160447747,-1.208571121011914,2.6548837343011535,0.016136859680973656,-0.009603532168497075,0.002329192014468272,nan,nan,nan,0,100403.67041254161,0.010817742100743676,0.08390117291293299,1.5506057251929861,0.00448664644905895,0.027412649440906725,0.0002368248628401438
39.800000000000004,1.582863290783945,0.005892064816940307,77.489558471935,-0.20323551951960966,0.00022972870042431583,2.0529661739418117,2.45005079373567e-05,0.11478210943561384,1.3364659833699431e-05,-5.389812150336898,-9.032540166677686,76.62084759837974,-0.9220173000183735,-1.2093058614323846,1.9755886241788558,0.016186526899916225,0.10696074216985285,0.004321784386648842,nan,nan,nan,0,100386.50087162951,-0.5966133387540353,0.07019277214306227,16.563477662938162,0.008211022039405769,1.1470181723178237,0.00272801073110957
39.900000000000006,1.5928579656608663,0.005909581538598121,77.71145987201503,-0.240972620050015,0.0004538402099960974,2.211013773399037,0.00014795545251462025,0.18493645795714508,1.4475355375666868e-05,-5.430795538134815,-9.094950514309392,76.9044976458842,-0.7811124376609487,-1.2137593254282573,2.1136167072431133,0.016481007095416958,0.17761467090723193,0.005561964065058991,nan,nan,nan,0,100394.68073059665,-0.09840989207619749,0.12529525470246383,9.120134527107545,0.005322379008589085,0.532410319633915,0.0013426014578421944
40.0,1.619152231834542,0.005915254220984965,77.93017453362074,-0.13452644154831186,0.00040144351096512814,2.178648864868084,0.0001966700760160207,0.22353299378415903,1.5715450802642755e-05,-5.500295168993242,-9.216875370812133,77.11321939571016,-0.603999175787368,-1.2244597985855417,2.0502547021800095,0.01681013069555617,0.21624968761893815,0.006365487944785724,nan,nan,nan,0,100390.70441590452,-0.02629982438410119,0.11066752042208397,8.881217239929105,0.0040769635058382145,0.27057120799319795,0.0014170743504467304
40.101,1.6706887738185692,0.0059014347550848285,78.15873987096595,0.06801655924728092,6.806143267592547e-05,2.08438753359755,0.00012727271242904644,0.244475898021854,1.2438483406051792e-05,-5.543952236030717,-9.32992094580091,77.32358967836828,-0.4107926233499419,-1.2324847230214342,1.9192265226771872,0.016879284697057316,0.23575493304976947,0.006706676277665873,nan,nan,nan,0,100395.77820725398,-0.010849668775078003,0.058609935706471716,8.469484378559565,-0.00046953363144520326,0.138298251974719,0.0002586064125352776
40.2,1.7310951216701391,0.005879667528911129,78.33199672601695,0.2640267407509081,-0.0002812391509465792,1.9864528909001613,-1.8116320897233937e-05,0.2532106303707278,7.054890785154859e-06,-5.575231940041774,-9.45364977319888,77.50751529865872,-0.21468769841389126,-1.242683649563431,1.7558516295642634,0.016653667624715037,0.24591793504043258,0.006849616607948285,nan,nan,nan,0,100373.39753662629,-0.04860704831034122,0.005660480103869159,8.26697524514396,-0.0003044266441691061,0.07691218797666428,0.0021805373431975712
40.300000000000004,1.817511673130879,0.005857816311593494,78.50781160724502,0.4957809863112564,-0.0005691189662668445,1.8636804547611423,-0.0002294964641389369,0.25828908105827986,5.489484537905446e-07,-5.579599663301864,-9.567302892829717,77.68669001483634,-0.018557874925472787,-1.2498395359486774,1.5795329214774583,0.016446948027489593,0.2509350857361463,0.0070426190195498825,nan,nan,nan,0,100393.77436370327,-0.07870668276778786,0.07018042183873184,8.181241219779272,0.0006819637454284816,0.043461049722948855,-0.0014526775120012056
40.400000000000006,1.9240370980465342,0.0058560820000098535,78.66494580418512,0.7330469367027537,-0.0006365658082191735,1.732862163799591,-0.0004533841197800884,0.260760249773927,-4.296101116349439e-06,-5.571827745898946,-9.692709703986157,77.83532133865693,0.17381947326501657,-1.258396926848266,1.3928242227213052,0.016215207237882945,0.2531899750960913,0.007028733087158368,nan,nan,nan,0,100372.47276725847,-0.10054145655479979,0.06949878038771762,8.107978137810194,0.000275971387834216,0.020460881870454653,0.0027582072727080553
40.5,2.050362202670671,0.005893054541143557,78.80283908749006,0.9709931055991092,-0.000428687066029757,1.5972832532655639,-0.0006525122943857685,0.26187196400219204,-5.790489776345549e-06,-5.537546261454645,-9.80552049041605,77.9795051616924,0.36454527800222064,-1.2638987187023487,1.2051996547915755,0.016022793812616388,0.2540806055297111,0.007166764370594996,nan,nan,nan,0,100378.2458098719,-0.1404035126337033,0.06496580354408592,8.056047607283046,-0.0018136593012740014,0.0029768316787685675,0.0009842047227680115
40.6,2.196136377079035,0.005984865151239842,78.92124929911317,1.2072246883144138,3.7522870669372514e-05,1.4590147567316798,-0.0008080272373802442,0.26227645965065416,-2.832088665736404e-06,-5.491802788962803,-9.932403722666326,78.09022662940673,0.5498414953849651,-1.2730857640776447,1.0096627470501227,0.015902609352629105,0.2545471734229947,0.007178890347449108,nan,nan,nan,0,100365.13006020643,-0.1566474762834401,0.023639484186639713,8.024144286154115,0.0007141753935921476,0.007490698646493387,0.0026580882013660717
40.7,2.360992928967135,0.0061437164485045265,79.02009922559878,1.4405762101533108,0.0007064016062083144,1.3191534038529054,-0.000914500371778301,0.26231448252476053,5.293373374827656e-06,-5.416192397162916,-10.031496881806993,78.21091517317646,0.7336826830196741,-1.2773461712855196,0.8209665975154229,0.01588681091880886,0.2545008892930687,0.007171068703495477,nan,nan,nan,0,100373.71038540461,-0.23259980378071654,0.1377368021811791,8.028478440686515,0.002586177677273041,0.0031790941073385763,0.0027528186476538583
40.800000000000004,2.544560519080254,0.00637760503768825,79.09939666589605,1.670498460944475,0.0015063723439360196,1.1783395580684197,-0.000977995141131183,0.26216399996170603,1.904679031785385e-05,-5.3339243961465534,-10.159635319885005,78.28340819186508,0.9110174254876007,-1.2856112465545422,0.6284604158201558,0.015953846553486965,0.25451916846705935,0.007139065827148599,nan,nan,nan,0,100388.98679197158,-0.24151112074022368,0.09137433719909213,7.91759534681512,0.003036721734786633,0.00895284078874178,-0.0023412891215441813
40.900000000000006,2.746468603642244,0.0066909243979691915,79.15919273329149,1.8967512683870242,0.0023711917305964452,1.0369266509347344,-0.001010650589242312,0.26191804278683684,3.8728721182727224e-05,-5.235662413715888,-10.295625763294971,78.32969915930344,1.0843075003680736,-1.295320144750395,0.43311719740240695,0.015940508756958776,0.2541719401106486,0.007101318502342782,nan,nan,nan,0,100362.78800128012,-0.2775267529733658,0.08091564063062724,7.96163855829566,-0.0026280161796291045,-0.0006773859236013447,0.0014679356991418647
41.0,2.966350159888879,0.007085547127825071,79.19956036308224,2.1192490835141884,0.0032518228953317047,0.8951201077915405,-0.0010261019735599492,0.2616249022883421,6.456169058932523e-05,-5.118699848003984,-10.425564204640876,78.36326145352713,1.254342161786571,-1.3038997265819663,0.23930332820136418,0.01596120953304451,0.25393217559911263,0.007202662797384684,nan,nan,nan,0,100357.25175009001,-0.3301118314794379,0.0950004965812648,7.934351806733625,0.003861468908487144,0.00293455610928732,0.00010633652877733101
41.1,3.203842879882491,0.007561920829521308,79.22058259571327,2.3379824499214044,0.0041186438976862924,0.7530309708091885,-0.0010359893016164852,0.2613102511877594,9.657657831404917e-05,-4.984129398224399,-10.500388088112883,78.43022253425293,1.421251843970785,-1.3035036343654152,0.054156904652783264,0.015746965216067783,0.25345834605426343,0.007318485019627735,nan,nan,nan,0,100365.28087566157,-0.3369354314613237,0.042479018797758214,8.072573345118728,0.0007064583608933648,-0.0016113299449511875,0.003945791921233397
41.2,3.4585899797878454,0.008120182863265935,79.22234739296901,2.5529803510728803,0.004962530042715429,0.6107218151247172,-0.0010500743110385552,0.26098679703666816,0.00013489079934523034,-4.833815248437351,-10.631125776395676,78.42614536121123,1.5846794283150225,-1.3113370343064843,-0.13370880030267662,0.015842155094698804,0.2530027296952253,0.007423219967589249,nan,nan,nan,0,100388.91692259035,-0.37760967698615794,0.07978399807735756,8.054931119069831,0.004111031995482413,0.005724667730403648,0.0014848893308002603
41.300000000000004,3.730240246029492,0.008760943237719393,79.20494375843946,2.764289199969337,0.0057840134391795375,0.46824153416365616,-0.001073209979026149,0.2606618329072268,0.00017974176040219404,-4.678686929620339,-10.709854224547597,78.45099696892443,1.7419518255541215,-1.312297863267467,-0.3177255028597538,0.01577517111093835,0.25254594968535504,0.00748811015669009,nan,nan,nan,0,100374.539805374,-0.42826947340095095,0.06714330991114338,8.064936493553438,0.005541858059309157,0.003562739782583597,0.0003667844455062983
41.400000000000006,4.018448356602827,0.009485494259230197,79.16846101519758,2.971964512623683,0.0065922345787700455,0.3255920065608682,-0.001108715312514027,0.26033849949291543,0.00023102794186993314,-4.496713100048173,-10.841475689254166,78.40970195308738,1.8969882877880702,-1.3203901717165423,-0.5078199000643936,0.016035641923709487,0.2520377787730459,0.007506657168931443,nan,nan,nan,0,100377.87634365507,-0.46660270425677663,0.04299264922791111,7.997869202553665,0.005389305603978113,0.0035510040787042046,-0.001307716626808658
41.5,4.322874696052389,0.010296190849522418,79.1129873223322,3.176065049863914,0.007401454844312071,0.18281877392094545,-0.001156856585555029,0.26001878803176237,0.00028864976512733083,-4.311757308317694,-10.9471316005061,78.37295884305085,2.046939862039579,-1.3260492142357034,-0.6928634610301168,0.01610996660742791,0.25141434540370056,0.00762145082058903,nan,nan,nan,0,100368.35095924592,-0.5002080580335864,0.057675590247752685,7.972269291884866,0.007423374881857487,0.0026286740253245065,0.005591930010180321
41.6,4.643736917857995,0.01119923525928759,79.04083296661028,3.3755715515705838,0.008223507933698698,0.08775998641986982,-0.0012575310556820311,0.25655292342433067,0.0003558523238120679,-4.099062028866398,-11.080246043377858,78.29655829425519,2.2095116146276492,-1.3363461685889273,-0.8195184297044993,0.016128874530310908,0.24798345031241964,0.007696567231438732,nan,nan,nan,0,100386.1617002886,-0.5520247861191441,0.10047824952096263,8.890805362341268,-0.0009222725034415632,-0.07185480534731666,0.004268034700157199
41.7,4.981923268385927,0.012211605885790034,78.9586181429283,3.563110270912903,0.009154490956293733,0.015446756640580752,-0.001463389266350876,0.24630043333387341,0.00043739494268305653,-3.8629656764309974,-11.22399044564404,78.20211578005836,2.3727518535749077,-1.3467358690960711,-0.9006743380691103,0.01611308768958101,0.23778942498528655,0.007648425777119671,nan,nan,nan,0,100374.62314429805,-0.5948797692075599,0.057572381509579135,9.225664856383354,-0.0005080205481582667,-0.11113899646834348,-1.7176700066474232e-06
41.800000000000004,5.336993868021152,0.01335680428145396,78.87045425962593,3.73398965199175,0.010280706761854788,-0.02782072695090142,-0.0017177356969236622,0.23415179112488582,0.0005279292378126524,-3.617835273028868,-11.359217181266112,78.10978160023804,2.5291793720642475,-1.3577096205408377,-0.9374789116771278,0.015846609162466767,0.22543680241005637,0.007566733068829412,nan,nan,nan,0,100354.26559451179,-0.618487828812609,0.057227313051356005,9.708339636496873,-0.00164069559827999,-0.11628627861604658,0.0011521850878185914
41.900000000000006,5.708334533475169,0.014663541460812632,78.78060100420295,3.8889624617323464,0.011602192243408551,-0.033718933448008734,-0.0019540818637058515,0.22300707580966428,0.0006221675568997622,12.335074469942752,-0.84564836126553,78.05436622856273,4.92355618362224,0.06447641872001454,-0.9919056211856028,0.0011205119311071716,0.24018744738164677,0.00221287878314417,nan,nan,nan,0,100367.91068565559,-0.6928205916162752,0.05393951459255769,9.971619229954655,-0.0013987004960995175,-0.0968454785279541,0.002669347372827176
42.0,6.095278546185376,0.0161587281573844,78.69273476489808,4.030830148663804,0.013067288010094772,-0.003089643426069306,-0.002120861091146585,0.21410536710532702,0.0007157393811964392,12.835872448855024,-0.8391199976601179,77.95643393565054,5.091885553594474,0.06650511617338038,-0.9614918048842207,0.0008277543505430843,0.23129339163895146,0.0023801535752267728,nan,nan,nan,0,100396.07331990627,-0.7038282419482046,0.11230155992035488,10.320168268044624,0.001917799663636879,-0.07521251128062824,-0.0007824399905077516
42.1,6.49718941546158,0.017861714140183386,78.60966806341,4.162556787748055,0.014600528558983278,0.05696262943746515,-0.0022006052562551144,0.20757772511453876,0.0008056346323771023,13.232561248906961,-0.6696801434448949,77.79631223098161,5.240507103315747,0.08876523133930929,-0.9150729047480972,0.0005002959256575137,0.22469078726513536,0.0024570181996853503,nan,nan,nan,0,100386.67524302719,-0.7054871605417494,0.049724506860302047,10.407212342816324,0.0041856983425999205,-0.047681164842256665,0.005940691105128602
42.2,6.913450258721567,0.019781554866244208,78.5330720952511,4.286749664617429,0.01613028891517123,0.13582090966936827,-0.0021801478375964335,0.2033347915824968,0.0008911190866508896,13.764519488070926,-0.6606749900198469,77.70811841527633,5.397915060412265,0.09211876346603437,-0.8462527235039603,0.0005700219362210145,0.22056603502908678,0.002595170292949097,nan,nan,nan,0,100376.68729501929,-0.7548143405167402,0.08331899423169352,10.569118917163333,0.001814722938018873,-0.025585216900127827,0.0015574003440047821
42.300000000000004,7.343544077393708,0.021915727685511945,78.46383843893663,4.405489186023778,0.01757890345567261,0.22584658686940587,-0.0020729188193171766,0.20087374317904927,0.0009729286897406637,14.279207543968528,-0.6075886938482593,77.60941965612726,5.546915940013575,0.10022480705195257,-0.7746389622985317,0.0005172188459751125,0.21796664823786993,0.0026316608970028826,nan,nan,nan,0,100386.88894547029,-0.7509665840753394,0.05536175896368317,10.504572275672874,-0.004292293514859563,-0.01718922245464788,-0.0025829704123520748
42.400000000000006,7.7870314706661485,0.02425135337118153,78.40217583804206,4.520379388405657,0.01888545612588648,0.3209346077751041,-0.001898275862700543,0.1997780103844482,0.0010518953670348064,14.841352866378678,-0.5974403669168827,77.53553591109456,5.6953447125835925,0.1026615182259035,-0.7016347034592844,0.0005676974018878202,0.21672194826471824,0.0026936493310526738,nan,nan,nan,0,100383.91506424874,-0.7816630740512232,0.05807924553694861,10.504025414043408,0.007037744292861978,-0.004287749427046428,0.002811532578563875
42.5,8.243552691492727,0.026767986836416086,78.34785593205694,4.632608474794677,0.02000555566066841,0.415593583520948,-0.001683175400584218,0.1996519936902641,0.0011289239551464316,15.493929300699339,-0.6873888566990588,77.50906608479195,5.850119493698209,0.0916871396054337,-0.6258924833430469,0.0010166365739927245,0.21667846077959374,0.0028819851303883313,nan,nan,nan,0,100390.60448422922,-0.8202775965273515,0.08017465269564845,10.448634088518713,0.007574207740027791,0.010869597027501229,-6.683847642040687e-05
42.6,8.712807079548828,0.029440970981490594,78.30034621487107,4.743054992332279,0.020910840240920433,0.5070029272051604,-0.0014545937756464098,0.20017491170330248,0.0012049158390345816,16.086030883765662,-0.678095412371138,77.44959136399763,5.9918210343561675,0.09360269278619536,-0.5629828304374472,0.001331059233309239,0.21718792732859815,0.0030207264772899676,nan,nan,nan,0,100387.03454899341,-0.8622882044014216,0.07059362408250745,10.423142740867158,0.007430359335220103,0.012003756658266519,0.0029855553120909303
42.7,9.194546244866647,0.03224464612171753,78.2589843633095,4.852308528643723,0.021590864532156313,0.5931880119380772,-0.0012382752883845845,0.20107097021646725,0.0012804078531414094,16.68398775561843,-0.6579788478426769,77.39194883462872,6.129642177008602,0.09502172361019687,-0.5069862555373388,0.0016193639569780558,0.21802132815921405,0.0030822278676454385,nan,nan,nan,0,100375.74890173641,-0.8462484788764445,0.06341553539380024,10.180565987589544,0.0036036788788638644,0.013544494949442144,0.0029244703327024092
42.800000000000004,9.688554704282318,0.035155225494522616,78.22305929477061,4.960717523629315,0.022059014437945938,0.6723783986930163,-0.0010542320417978447,0.20215778124399475,0.0013556386444664665,17.303838707690396,-0.6483468550500525,77.3437771828018,6.267032345955719,0.09752645921703187,-0.4570667514727625,0.0016154958878674376,0.21891167509921772,0.0032997576577841296,nan,nan,nan,0,100400.0491032739,-0.8768640768035255,0.08155065758112363,10.296430035164486,0.000286151504823336,0.014784053535519436,0.004722541809400881
42.900000000000006,10.194631333806036,0.038152966779561176,78.19181282446472,5.068515718032458,0.02233572686001582,0.7453838724608924,-0.0009136689809929467,0.2033325523456495,0.0014311498825165323,18.080501408363737,-0.8247334485073481,77.37332699667749,6.41899513554664,0.07694524369755901,-0.4057402934362187,0.0019249557678404487,0.22006054055429258,0.0035657525427875013,nan,nan,nan,0,100388.36452913402,-0.8869493248594368,0.07513538295024104,10.100460434053938,-0.00013259817020074395,0.017078483243398654,0.0035595607690860273
43.0,10.712602546312272,0.041223088177649844,78.16458937810997,5.175791867476283,0.02245681325813937,0.8117763511171026,-0.000823738419945866,0.20445777848177205,0.0015070624371900931,18.729100425999334,-0.8169846651085855,77.33461549161048,6.553072361361234,0.07788971058779647,-0.36912006011918197,0.002124678013451004,0.22137186871217152,0.0037271889184723227,nan,nan,nan,0,100400.40678617032,-0.8855593641356314,0.07287097065915463,10.070031899461105,0.004161736391924102,0.01886250283646866,0.001371893394760603
43.1,11.242300209595339,0.044356432661973165,78.14080248464694,5.2825100332662895,0.022466339721008602,0.8720464447274263,-0.000785185840623972,0.20547572315769802,0.0015833808511815414,19.488825773188978,-0.9352644976306408,77.3481814991396,6.696275214950056,0.06289326340204635,-0.3331383230054634,0.0025160148824022923,0.22252433006234607,0.0038807293458573925,nan,nan,nan,0,100383.30472361052,-0.938730430045657,0.06748772230640727,10.076468301012588,0.0030477637261257873,0.011652480037254154,0.0007332073748640218
43.2,11.78355859808227,0.047549284861899126,78.11994522586858,5.388578314872626,0.02241044558687415,0.9270230674886312,-0.0007916394861557538,0.2063607284800546,0.0016601327817817972,20.16497065342063,-0.9289267539205462,77.31614640471393,6.82705950678878,0.0641053526565752,-0.3065410519215616,0.0023623618798504767,0.22335995177237833,0.003983489776281029,nan,nan,nan,0,100390.24485094125,-0.9414150255378003,0.059195670389238564,10.081882289798527,0.005684370895284174,0.011898211348024537,-0.0006195023802547405
43.300000000000004,12.336212937877663,0.050802604263002704,78.10159530907218,5.493870501058584,0.02233480040245937,0.9772141559328841,-0.0008318024047718846,0.2071056270457039,0.0017373527126714001,21.557519436563396,0.14574234870010427,77.36721397886929,6.9315477030955215,-0.09026026609877094,-0.2643231223674849,0.009406908345015865,0.22064306298218805,-0.009491020416656018,nan,nan,nan,0,100385.86469193017,-0.9792154990476529,0.05291777795581875,10.000055016894505,0.008296816937145537,0.011188584297970332,-0.00033424090212487434
43.400000000000006,12.900097190824503,0.054120873108904746,78.08540414770957,5.5982538422804815,0.022274472253644474,1.0233631978485642,-0.0008943148277563356,0.20771489894229744,0.0018151101733591699,22.25684957479186,0.13631671470598633,77.3416908790371,7.054965518714669,-0.09790560523826941,-0.246252561661898,0.009565521889373325,0.22122805042802574,-0.00944815235972863,nan,nan,nan,0,100384.24295237129,-0.9755831026189735,0.06648028126720051,9.965402338307435,0.000525634330924491,0.005794281577964702,0.0024230173244037014
43.5,13.475043065118989,0.05751073655213755,78.07108476977808,5.7015972389313,0.02225474102208497,1.0660679813330414,-0.0009676133188505618,0.20820403972979817,0.0018934302649196134,22.967484845713905,0.1273400671717012,77.31734368632604,7.176547066858515,-0.10528581623892912,-0.23246398000756155,0.009512461170654013,0.2216868115989652,-0.00953225531242234,nan,nan,nan,0,100389.06740526133,-0.9854467837811555,0.05510343683536835,9.93762054941192,0.0018202510364038215,0.009041157254082811,0.001963382141214067
43.6,14.060881412857174,0.060979722406883624,78.05840852696781,5.803786531685278,0.02229169104216754,1.1058225902013306,-0.001040640915495346,0.20858542411620418,0.001972182229134007,23.691156837500284,0.11636652450879272,77.29499505697403,7.296847018750461,-0.11419481697337809,-0.2145935300920696,0.009652410033058058,0.22191301801976526,-0.009495250098582599,nan,nan,nan,0,100356.07688365041,-0.9680595893548283,0.04830134404677151,9.923517403363952,0.0007194069317022068,0.008595849284291184,-0.0019047375375732369
43.7,14.657440395559865,0.06453529619279756,78.04718509938328,5.904719158119725,0.02239103027575856,1.1431129468550842,-0.001104820699952776,0.20888181820035356,0.0020513151538136837,24.3839870134827,0.1585659537615791,77.253907429489,7.410645073433359,-0.11571411619390107,-0.20330720231824476,0.009882427348859016,0.22208909959957834,-0.009477656835015206,nan,nan,nan,0,100371.2951866018,-1.0091610132882571,0.09428980759374653,9.894899506411331,0.00668916026319425,0.007437244058539951,0.0027071444280357317
43.800000000000004,15.26454741448762,0.0681839702595975,78.03725767465657,6.0043191100579225,0.022547632456276438,1.178294868711259,-0.0011550641084083692,0.2091115590003283,0.002130801023275907,25.130911679617633,0.14662926208570576,77.23414357501619,7.527580956051636,-0.12304883035639858,-0.19254784841776626,0.009756590112517154,0.222251414660795,-0.00935251219226756,nan,nan,nan,0,100379.26906722915,-1.0414779602989819,0.05315224763423122,9.82761966182495,0.0030162049837721737,0.007793502671279711,0.002773692319156147
43.900000000000006,15.882030122539259,0.07193068740180415,78.02849712977336,6.102532042433423,0.022750779958551175,1.2116276127460677,-0.0011887122151349532,0.20928761984845767,0.002210485746781978,25.97628770875724,0.025015300239286643,77.25612366096041,7.651300882120431,-0.14440642062253983,-0.17499767503580868,0.009833897042136235,0.2225049524378251,-0.009261904741473979,nan,nan,nan,0,100383.56730791643,-1.080022525105047,0.07630308922522874,9.885693972438633,-0.0010451010398808917,0.007164054316877449,0.0019974690190927274
44.0,16.50971593148569,0.07577869712410629,78.02079030504468,6.199318559134256,0.022985781894611472,1.243408346501693,-0.0012052186320572387,0.20942480647363948,0.0022902958307029035,26.747026970207138,0.010137887758235698,77.23913181831009,7.763633222380954,-0.1527800473138369,-0.16520487913771068,0.010018968046230661,0.2225415081327573,-0.009173433741342836,nan,nan,nan,0,100377.78655009065,-1.0737337723372675,0.07090840436967077,9.804427687400205,0.008620430451023496,0.005004709759797462,0.0016342960407791816
44.1,17.147433664932535,0.07972948525863359,78.01404027670864,6.294656168824807,0.02323679697152089,1.2737342018609543,-0.0012064130740418026,0.20953295064024946,0.0023700923912219024,27.766372501006913,-0.3009915828964362,77.3325194922646,7.898132314897028,-0.1951174823234522,-0.14211704573023407,0.010362163862514432,0.22282346525905483,-0.008952202153507446,nan,nan,nan,0,100391.21080806009,-1.1042674293444088,0.05157322892044581,9.88966671169549,0.0014263821822823829,0.0036445055798848738,0.004725266737175021
44.2,17.795013617318794,0.08378299055628981,78.00816057388728,6.388535974835779,0.023487321974172685,1.302808953759007,-0.0011953809364891618,0.20961868124365735,0.0024497530633780604,28.561607629166378,-0.3210032392025387,77.31869355753369,8.006494776293481,-0.20484778562496117,-0.13439036437670546,0.010516651955235103,0.22301270681391538,-0.008792977847272334,nan,nan,nan,0,100389.52206216259,-1.0602486475560033,0.04347099484547104,9.762280464635422,0.006855347474821156,0.00489426046927291,0.0027327525762365595
44.300000000000004,18.45228795335947,0.08793789576803616,78.0030734166906,6.480955519108889,0.023725083862699874,1.3306961289281118,-0.0011756691452729292,0.20968792599847785,0.0025290964717563065,29.397587159874742,-0.3788487476293266,77.31924994530287,8.11753153699637,-0.21766506226109686,-0.125514229671061,0.010914695142308658,0.22286327346502866,-0.008623609421795997,nan,nan,nan,0,100388.30089007755,-1.1083176248390316,0.044299426665023234,9.719799387863672,0.0070233866385458615,0.005685712667115927,0.0028936567665792698
44.400000000000006,19.119090639943114,0.09219211929185073,77.99870579640358,6.571919653946601,0.023939995929633334,1.3575018199093438,-0.001150747517999453,0.2097463160882942,0.0026081138697077884,30.214598007047613,-0.4011137184944116,77.30688280767035,8.222560084275417,-0.22703162739773633,-0.12068362959788041,0.011270902982425019,0.22285972427983536,-0.008474027178923819,nan,nan,nan,0,100368.67433253492,-1.0898930934962716,0.0531404782621039,9.78172771592885,-0.0014718024695100362,0.003241705635914237,0.006025571491030686
44.5,19.795258508542766,0.09654303494639643,77.99499224146686,6.661441377315737,0.02412511054345362,1.3832820290418377,-0.0011240346366374148,0.20979421879165572,0.0026866717042432183,31.05801192441949,-0.4437673594420576,77.30215684334875,8.329438922419783,-0.23866412176009302,-0.11471895248116111,0.011553264301952384,0.22285349144467248,-0.008345637229788892,nan,nan,nan,0,100367.57762672119,-1.1466828310446624,0.07162371641544564,9.830271163062504,0.0003639686935857783,0.0031331067389021774,0.003793849246809464
44.6,20.480630497352482,0.1009878977799142,77.99187065775551,6.749532668112524,0.024277724464712883,1.4081059592029113,-0.0010981873409845041,0.20983424726929223,0.0027647073226492037,31.320112137627298,-2.170647230850426,77.33906182811607,8.507305598338071,-0.033398301510518744,-0.10185254134528766,0.0032500736040410286,0.2271288920029566,0.0016875467203055473,nan,nan,nan,0,100374.45074466069,-1.174623590423209,0.09193602405472859,9.731561239860902,0.007030193461248944,0.007163601134640488,0.005209858438376843
44.7,21.175048195433064,0.10552407758969688,77.98928395585608,6.8362090644614835,0.024397886937720836,1.4320173635206608,-0.001075097755983005,0.20986700286483084,0.002842146403381632,32.19931867878742,-2.2163191762244567,77.34452880586618,8.614018647983125,-0.03606289461904274,-0.09672790835316132,0.003182475625792978,0.22723150758010413,0.001664454147425041,nan,nan,nan,0,100378.09500840874,-1.154374453529573,0.08520004443384493,9.698810764310808,0.002258921982666775,0.008454059833850548,0.0050557303575578475
44.800000000000004,21.878355706866966,0.11014924376325864,77.98717927295182,6.921486473800249,0.024488315294589235,1.455065779429561,-0.001055893967218494,0.20989286708835553,0.0029188982884190556,33.065878195876465,-2.219968262164239,77.33504265031185,8.716835230796677,-0.03674089465113356,-0.09425537960666815,0.0030252344141707853,0.2272561039699783,0.0018448859187909473,nan,nan,nan,0,100381.55804863112,-1.170781553168587,0.0615388082116953,9.729736212144797,-0.000217004148795206,0.004458742746664989,0.0012538164704858732
44.900000000000006,22.590399579498595,0.11486150166323474,77.9855075359325,7.005380692948113,0.024553707419765893,1.4772946434191683,-0.001040803980551445,0.20991245850414342,0.002994931540352665,34.02378253679882,-2.3682350187955445,77.37838731908863,8.822781097714055,-0.04642680686167961,-0.08415759898598008,0.002911011927670778,0.2273137054522152,0.0013019773778471726,nan,nan,nan,0,100383.40542728457,-1.202334650687604,0.10088666293265766,9.752439115016207,0.006792558344654757,0.007881263138197814,0.006979877202212735
45.0,23.311028975881314,0.1196593452481413,77.98422427852164,7.087908544106162,0.02459875384447186,1.4987526785895757,-0.0010293656185129721,0.2099251784011713,0.0030701409093824568,34.9110455376204,-2.372890707453487,77.37018403882118,8.92187177558729,-0.04721710440596074,-0.08130778435934832,0.002934683155939501,0.22729541981165635,0.0014247166590161012,nan,nan,nan,0,100380.89017087143,-1.231133024434829,0.05855165471331166,9.662553986195341,-0.0025474254109940212,0.0023116676732597217,0.0015836852994183903
45.1,24.040095399542743,0.1245416246159053,77.98328878163942,7.169084974390866,0.024629999686864697,1.5194723452655179,-0.0010207298126415822,0.20993152624209754,0.0031443854430080855,35.8450177907064,-2.441854143382182,77.38536550061487,9.022145890742975,-0.05275472933797324,-0.0762250455108562,0.002865351331528857,0.2273165448398271,0.0012485368035730577,nan,nan,nan,0,100394.20433384558,-1.2179419201968351,0.05100949954201406,9.716547392993052,0.003128713393560426,0.006362192788024147,-0.0007240288313343111
45.2,24.777452677823486,0.12950753441327242,77.9826637402595,7.248925315865347,0.02465155424542698,1.539505645875726,-0.0010137106843621823,0.20993204072940097,0.003217663376781475,36.75211504038483,-2.4471682885927954,77.37793090115852,9.119805215456948,-0.053550290646875255,-0.07299225731017892,0.002778444919714274,0.22729531731330677,0.0014812651477141522,nan,nan,nan,0,100387.01661507085,-1.2605660304287183,0.03900302647546097,9.691393995952083,-0.000684971949422423,-0.0005204297406877084,0.004161099657592154
45.300000000000004,25.52324714462108,0.1345582727164137,77.9837359455353,7.330925242550286,0.024660999711896198,1.5797709350167866,-0.0010090549701556924,0.20700006167521767,0.0032917313376506106,37.70760573148783,-2.518087122365855,77.3956815824702,9.22599759174765,-0.058756876035498416,-0.027698229033906573,0.0027321529741507707,0.22449135305471657,0.0012996189032659683,nan,nan,nan,0,100377.4601831641,-1.2252421231144746,0.05725796238908213,10.351654058301751,0.0034950216174058643,-0.07774646867493169,0.0035406310463033013
45.400000000000006,26.27768009144748,0.13969765469201884,77.99020090314733,7.418661354232222,0.024598470868195884,1.5509154344173308,-0.0010809357776222193,0.19410758832395647,0.003370803937036355,38.6351573658019,-2.5240208917535694,77.39554405226069,9.320891493385188,-0.059524954026355936,0.02077545423319943,0.0027773621064602887,0.2117288957550456,0.0014152291301145123,nan,nan,nan,0,100378.95838547446,-1.2812282855626016,0.08191300486767122,9.988116172474147,-0.0006331059199832733,-0.16115133363312753,0.001562019027962428
45.5,27.038956845863126,0.1449271501098978,78.0012740973302,7.494719191618195,0.0245363388614881,1.4779930402830184,-0.0012737957741206349,0.17655939447435376,0.003451331001643484,39.62890725952484,-2.6264195913781156,77.43463207570215,9.397992845854892,-0.0649992659757158,0.0727414974974149,0.0024942161881017252,0.1940145872414929,0.000982438497061595,nan,nan,nan,0,100384.72107636939,-1.3224032376041785,0.041945503249592495,10.073075777186608,0.002189503937392395,-0.18037673478293897,0.003536255864659646
45.6,27.80502949265713,0.15026105886898547,78.0173083014526,7.550046906423512,0.02465764485558306,1.4011746066283457,-0.0015189414035983323,0.15869119836172563,0.003532783561972584,40.571520784892186,-2.632939394629168,77.4443466784855,9.451017053105666,-0.06561793901053169,0.124157581829344,0.002317443645178499,0.17602678003166528,0.001026316236180115,nan,nan,nan,0,100361.15606333473,-1.3347819295931946,0.06678459632742716,10.279275409972831,-0.0019598530087499874,-0.16734495516642825,0.0018234894011664904
45.7,28.573968213008847,0.1557181274547011,78.03894975417855,7.5831169247373165,0.025075639544114892,1.3442319229076345,-0.0017392106762610725,0.1432823447651126,0.0036109822652584116,41.52481039635088,-2.6497748863641117,77.46334103194644,9.487447135988301,-0.06761715171924418,0.18367481634078206,0.0018750044120743833,0.16065734012541255,0.0011268152546333008,nan,nan,nan,0,100389.00249496654,-1.324507306620792,0.05104222626386455,10.293334220287237,-0.00517139600715708,-0.12774413878509616,0.003108013923489918
45.800000000000004,29.34415915208682,0.1613129334396918,78.06655835033747,7.5968585649676115,0.02582105975585222,1.31539026995816,-0.0018556135934234,0.13171192689134315,0.003680091585818987,42.47470066500489,-2.6565649068208397,77.48469111593839,9.508465007832722,-0.06780234165025406,0.24416903990053468,0.0016284595681241012,0.14894998709589324,0.0012127995964487702,nan,nan,nan,0,100375.41893161162,-1.3326981474951913,0.07152422912577577,10.266368408123903,0.006015141310434335,-0.09255802519322927,0.001496219570005267
45.900000000000006,30.114400045884437,0.1670485663017859,78.09996451912382,7.596047067732198,0.026850840481466787,1.312679888808455,-0.0017958904799524717,0.12433308099742746,0.003735391403555847,43.49737762221518,-2.778066408109955,77.5530434283854,9.522732112899897,-0.07301829050466827,0.3036676294097633,0.0017146325781728453,0.14131502851499733,0.0006826197205359715,nan,nan,nan,0,100384.9485653736,-1.352642332244808,0.05463069164674518,10.122742559147872,0.002033554445533155,-0.04533801980168091,0.0015393999624181607
46.0,30.883920488856607,0.17291134116688697,78.13846073644467,7.585824437937869,0.028019382313247493,1.3293482706208466,-0.0015613215506771892,0.12080139057347594,0.003774089551774548,44.44988618412349,-2.785381426745351,77.58575722465085,9.526927912623586,-0.07350768743228263,0.34866327877734715,0.0021228074045257805,0.1376549788102246,0.0009748996742222687,nan,nan,nan,0,100382.62048348562,-1.3264793882658883,0.05290237376453886,10.064535709463708,0.009163767243082332,-0.019995951042099808,0.003212715199337646
46.1,31.65233833620012,0.17887216766495687,78.18088036221485,7.570902671035576,0.029155769897328605,1.3564459468437604,-0.0011835362995489184,0.12035427291851053,0.003797098451641982,45.43357388553329,-2.841695000214197,77.64012647456619,9.531110476012696,-0.07610453411756432,0.38649821199273926,0.0024779975010921058,0.136977902027275,0.0008549719718651061,nan,nan,nan,0,100376.86122369638,-1.324857209588364,0.03880858024269448,9.901805953151612,0.005219040788422225,0.0140532186830058,-0.00019383937616317517
46.2,32.41957860126154,0.18488997683896644,78.2257892592078,7.55516169810667,0.030089272550137137,1.385167784458795,-0.000717465602531456,0.12203006975008579,0.0038070438932030137,46.386760538352945,-2.8493351353507137,77.67980848882405,9.533217573988122,-0.0771606177887117,0.40504516662574164,0.0028916028878714904,0.13880876308353995,0.0009847919526575566,nan,nan,nan,0,100396.48131421635,-1.3097418312532492,0.03399876270408114,9.753307169998642,0.0046028099560086085,0.028771531121536503,0.002860799254609474
46.300000000000004,33.18577498010695,0.19091772575307048,78.27170880008212,7.541453164792126,0.030672922144065,1.4085591433507878,-0.00023527935028647248,0.12483045148163319,0.003806653369582827,47.34536171348139,-2.8650743515103763,77.72361109944352,9.537598170310847,-0.07834117549313961,0.41198375377688295,0.003265848162286573,0.14171837134122978,0.0009955515742903567,nan,nan,nan,0,100385.23395340526,-1.3373870358351216,0.07238528228007035,9.58374620832007,0.006864401514200773,0.03387045471103679,0.0018385230776999367
46.400000000000006,33.951168982587554,0.19690929927677564,78.31728439951803,7.531499372775803,0.030813623077203117,1.4218107311146073,0.00018688921998886911,0.12787406115603006,0.0037977829238750776,48.299396140735034,-2.872953791558582,77.76439271889338,9.543452349555883,-0.07987425486860222,0.40217175447272724,0.0035372472470327453,0.14470307010584205,0.0010441466791609622,nan,nan,nan,0,100392.2627725226,-1.2830349293459773,0.06484361520850822,9.520192306288568,0.0014345400319202258,0.037241631819345124,0.0007481131126503167
46.5,34.716022625583484,0.20282584952924435,78.36138106892497,7.525904755023443,0.030508335466896703,1.4222951266557498,0.0004967852685832269,0.13050276498776325,0.0037814663694117124,49.28885358476586,-2.934711616455688,77.82322620204117,9.553917095953079,-0.08345168757556307,0.38784000209434555,0.003876898095945373,0.14742010428066687,0.000813809586216806,nan,nan,nan,0,100374.7303280527,-1.279212127112674,0.04674399440806752,9.467113142795801,0.010430168576036732,0.026340182352768915,-0.00022304982225649283
46.6,35.48055725109226,0.20864046850776433,78.40315384980784,7.524298938417049,0.029826154195794354,1.4101351303674816,0.0006621409877946398,0.13234086083419405,0.003758642093371049,50.24477745099586,-2.943197405616912,77.86084063630308,9.565016332792105,-0.08608809247941897,0.36275338340578706,0.004083192609663921,0.14938670023366796,0.0008255024528054083,nan,nan,nan,0,100370.06057145004,-1.2411695067066577,0.08642828766860758,9.42207831142668,0.00240860220110673,0.02131734341024384,0.001536071783148937
46.7,36.24492072749542,0.21434046650983887,78.44205899076654,7.525650936375895,0.02889416775814065,1.3874321178645994,0.0006760659882200934,0.13329497777429622,0.003730658285542853,51.33410430063519,-3.154982173306134,77.96932432134378,9.5803768578966,-0.09708018465234436,0.33989337090787325,0.003995784328622957,0.1501137354757769,-8.29441043993951e-05,nan,nan,nan,0,100385.99026233403,-1.2648740601895028,0.061415095751174494,9.321536854770363,-0.0002137927644313524,0.005390580149603768,0.0008999501923951021
46.800000000000004,37.009182487067754,0.2199269883504089,78.47783070087314,7.528690198566902,0.027881371439346447,1.3573346969223175,0.0005679320378154827,0.1334782402064505,0.003699159510321239,52.292846984706465,-3.1648014426550897,78.00192017175873,9.594297411516157,-0.0991799279269131,0.3118067027278907,0.0036737892507285336,0.15036822855404575,8.721709487560661e-06,nan,nan,nan,0,100370.3244989073,-1.2863808120482851,0.04839940407082195,9.308646057628113,0.00017684372505801264,0.006985293550970296,0.0015840315316243054
46.900000000000006,37.77334590572765,0.22541219964531414,78.51041619279405,7.5322434121765465,0.026937299154090478,1.3232847128777192,0.00037642112389030345,0.13311844879101598,0.0036656287101265008,53.210423054725595,-3.1101272900654062,78.00801532243798,9.605183040067088,-0.09756548956332405,0.27916013750033286,0.0036774498623240795,0.1500759852591611,0.0003772614029883183,nan,nan,nan,0,100365.82823083505,-1.2500437642315219,0.0343635538790536,9.312178739924642,0.00350683193764703,-0.0025355724847402365,0.0018772547040619351
47.0,38.53737076074112,0.23081547516971293,78.53991558952136,7.535430973742284,0.026178684179456013,1.2884480427365337,0.00014764489331241725,0.13247585145583018,0.0036311879549552058,54.171599510256094,-3.119939637218656,78.03444253294545,9.61802200622028,-0.09861262292304783,0.25025316731284586,0.0034482176309666877,0.14947688115452773,0.0004741711294448366,nan,nan,nan,0,100373.50519260297,-1.2934008880567633,0.07844185607576547,9.402412050128955,-0.0013975052395187129,-0.002728490053039714,-0.0006280486575876995
47.1,39.301197119393386,0.23615918926569224,78.56651846840934,7.537758499112519,0.025668269913962805,1.2551395027480663,-7.85236035954289e-05,0.13177458294885436,0.00359632025684761,55.05827859478368,-3.015344973597756,78.01594387600203,9.628564745126189,-0.0951234035367742,0.21865805627266535,0.0031852909276831928,0.14888134966792577,0.0009917555387705306,nan,nan,nan,0,100388.29509542463,-1.2596670285621163,0.0330861429151789,9.422013320890231,0.0007881468811873449,0.002790804136071196,0.0024186930467924458
47.2,40.06476490460714,0.24146502137204925,78.59045296483262,7.539070440766835,0.025421220854475273,1.224775070847654,-0.00027222672133004884,0.13117279174915963,0.003560983541400239,56.021704846955984,-3.0249251351110744,78.03665179010284,9.639857234027959,-0.09616936028650747,0.19553826560702559,0.0028238524635882363,0.14831462876264845,0.000977897964162397,nan,nan,nan,0,100370.75759307708,-1.268849536230047,0.12806251273435404,9.441843317085672,0.00515988809009132,-0.006066733105860828,0.004965511046333014
47.300000000000004,40.828026821466196,0.2467511874345498,78.61194624986413,7.539454876937505,0.025416481663558744,1.1979177431282897,-0.0004107826721183067,0.1307552517200592,0.0035248919421018744,57.00080991041556,-3.0565101997360817,78.06315356916896,9.649662971378767,-0.09695422807361939,0.17117064616613253,0.0027215661729891507,0.147745129024355,0.0009314736542592983,nan,nan,nan,0,100373.95330514603,-1.2840842253843832,0.029565546906077843,9.36986990766354,0.002082001110355881,0.004210514529400591,0.002217051375924767
47.400000000000006,41.59095520371969,0.2520305789173525,78.63121086774713,7.539132691365664,0.025599364160460474,1.1745860637083885,-0.0004901605313394077,0.13054393833328337,0.0034876151442155517,57.96623782959628,-3.0662418802834863,78.07903489357861,9.658981667681664,-0.09721627223503433,0.14868910509205183,0.0027076906601476245,0.14751879458198158,0.0010534152090055707,nan,nan,nan,0,100378.0861191906,-1.2772037708324393,0.07783565232535558,9.422507219733419,0.004490543245529877,0.008880064023629702,0.0018949356657053645
47.5,42.353542498597854,0.2573103538019299,78.6484305521986,7.538372458513797,0.0259063248157905,1.1543598697503288,-0.0005138744990074863,0.1305164929659124,0.003448840482158564,59.00659483872357,-3.186724155632184,78.13456543835007,9.669490230903783,-0.10068695594492558,0.13712928118058346,0.0026635679619991057,0.14756310543598405,0.0005682223191049577,nan,nan,nan,0,100372.20562513391,-1.2875994300710232,0.07900097573886203,9.451815329188396,0.005245576828598742,0.004498874529682569,0.0036082682354838854
47.6,43.11579868987294,0.26259234799348957,78.66376689130134,7.5374170184126825,0.02627378342882804,1.1367254027199831,-0.0004922293233296424,0.1306274172806583,0.0034084187079540555,59.97404311576298,-3.196792677223436,78.14741050530803,9.679485486978807,-0.10096490091165133,0.11915025148489242,0.00272460940786849,0.14758928591475873,0.000644052022575533,nan,nan,nan,0,100365.21419903578,-1.2896812236460562,0.02704204177244786,9.49925963168516,0.00012403155025983307,0.0020922562120243415,-5.1766906195705245e-05
47.7,43.87774626169534,0.267874090384425,78.67735983843616,7.53645903018649,0.02664656763173895,1.1210881615095591,-0.00043955663353113686,0.13082288637188721,0.00336631321949622,61.08414026597872,-3.4185001544039544,78.23849438801733,9.689575014673101,-0.10819550602537173,0.10957331679881266,0.002550268021622754,0.14756136606199277,-0.0003172667902238686,nan,nan,nan,0,100350.06096212463,-1.2930869362016493,0.07115838538784791,9.53661769199521,0.004528754318615814,0.010503929338011093,0.0016252400133332178
47.800000000000004,44.639414932858955,0.27315018885166853,78.68933601547683,7.535617443658326,0.026984638485918956,1.1069994712244176,-0.0003696445781312201,0.13105476112886727,0.003322613142910267,62.05363425913437,-3.429342962126552,78.24864417569205,9.700301288259631,-0.10909478443998594,0.09332643887387233,0.0026794068714477643,0.14793836168109387,-0.00010985246353806353,nan,nan,nan,0,100393.41338436246,-1.301296887588115,0.0503156500024117,9.450117364346521,0.0062783146636684155,0.008584443078878458,0.004163716518808206
47.900000000000006,45.40083715878254,0.2784137061492416,78.69981605906088,7.534948806714747,0.02726183894078177,1.0941348226168242,-0.00029675435970328364,0.13128555859422963,0.0032774459070247994,63.08551376389502,-3.531648628410631,78.29233637937661,9.711486175228945,-0.11291473798183697,0.08436687059640782,0.0026496387607277934,0.14806532876546252,-0.00041463393625273026,nan,nan,nan,0,100365.57682502837,-1.274490248096726,0.0670032443141315,9.518894254354977,0.003972021393439315,0.008279617720798327,0.0016992040883812207
48.0,46.16204462009578,0.28365747492034504,78.7089188839435,7.534460473829275,0.027469029562729515,1.0823073189780719,-0.0002304158063268643,0.1314917651084928,0.003231002977295884,64.05725900230486,-3.542958887428946,78.30023106764281,9.723093158257816,-0.1127867388507714,0.07326703706723484,0.0027949772707409675,0.1483820842388217,-0.00037762060704861944,nan,nan,nan,0,100399.67180336868,-1.3128088280416004,0.07817386803032389,9.499052423572984,0.001554203425806271,0.007802372440013727,0.004003073915407509
48.1,46.92306588357349,0.2888749947056747,78.71676053262551,7.534129375810136,0.027609138278685462,1.0713928250249787,-0.0001756911336275068,0.13166236332486503,0.0031834749111769676,65.0647192818907,-3.605733670930562,78.32703296782826,9.734789419797742,-0.11551676157395621,0.06405641784656557,0.002992304635248644,0.14882930653785675,-0.0004612961325036588,nan,nan,nan,0,100378.68144352344,-1.285670478945949,0.06314976075574176,9.507700987609356,-0.00139489794817735,0.006810128635991352,0.0006417447230377331
48.2,47.68392567561543,0.29406096454112207,78.72345806537571,7.533915208297802,0.027691577333365625,1.061380946023507,-0.0001362438572479923,0.13179557008550846,0.0031350217242986037,66.03880571307329,-3.617281745363948,78.33287744369483,9.747320418276031,-0.1156927911148898,0.053327084054893024,0.0028971412456656703,0.1492117592759421,-0.0003689563569774161,nan,nan,nan,0,100390.24172079763,-1.30137659164772,0.05244449116339108,9.5395378748281,0.0009037339914170538,0.013843407159747223,0.00169776611207461
48.300000000000004,48.444644668767246,0.2992115798090435,78.72912687932178,7.5337758242357395,0.027731157484763937,1.0522864969522197,-0.00011189584889262664,0.1318960010886434,0.003085793483617759,67.09451808462832,-3.748586044299383,78.38502926323204,9.759082505961306,-0.11901162184024404,0.05021144831074083,0.002697536089718644,0.14918461391109794,-0.0007744979299330931,nan,nan,nan,0,100391.18411743378,-1.2845964180534253,0.05687769398997442,9.495231485025734,0.003965169139477844,-0.0008045130347678316,0.0013956004183224209
48.400000000000006,49.20523998502007,0.30432449553165636,78.73387945039255,7.533675209164864,0.027743891129607727,1.0441176406621147,-0.00010005464000112851,0.1319714647985768,0.0030359109526969428,68.07104791618562,-3.760481141062349,78.3897831955665,9.771698992682143,-0.11876119586034188,0.044789891261435975,0.0026925535417580988,0.1491067585265542,-0.0007347841772012392,nan,nan,nan,0,100365.16483360526,-1.2909331326570226,0.04904408997001108,9.59175718304621,0.008403607693410033,0.006152220080627142,0.0019059313481768652
48.5,49.965725980342555,0.30939859189673485,78.73782392053957,7.5335868764174405,0.027743635228221108,1.0368805236349856,-9.783018539175547e-05,0.13202999912403834,0.0029854532601827715,69.08458046415024,-3.825671433568905,78.41535114467524,9.7840961387545,-0.12098645759893328,0.04170783949074632,0.0027690593573957353,0.14906232731862024,-0.0008567088976487711,nan,nan,nan,0,100381.06255451559,-1.254911510458671,0.0686236751506203,9.5706029817451,0.002140361898454635,-0.0035400986354314134,0.001918383615620826
48.6,50.726114954795634,0.31443367439947134,78.74106186440511,7.533495379922163,0.02774152070125487,1.0305557772845084,-0.00010177633950440119,0.13207857301824277,0.002934472415673527,70.06357136183134,-3.8377954339557183,78.41915452779604,9.795898840008235,-0.12162298703758175,0.03485855188157591,0.002893257551410312,0.1490115031628183,-0.0007023651403275572,nan,nan,nan,0,100378.57429087485,-1.2671996704997381,0.07438338320803907,9.527203419646067,0.0053098254685470265,0.005463764758116241,0.0020688488637203148
48.7,51.486417779935465,0.31943012724678566,78.74368687485801,7.533394140400181,0.02774523344930783,1.0250993049453891,-0.00010847409712940424,0.13212236680027334,0.002882997095809409,71.0677251870796,-3.8857615474470184,78.43683077848296,9.808759392936231,-0.12366466118087574,0.03083159838210001,0.002942768596729384,0.1491644664278482,-0.0007916417002082705,nan,nan,nan,0,100371.93929215535,-1.2998076725361298,0.06929267990926177,9.626836426224436,0.004900274031746538,0.008548024012157398,0.004428419969884224
48.800000000000004,52.24664438879529,0.3243885903879342,78.74578411558917,7.533283715070577,0.027758778086634968,1.0204416230797853,-0.00011531047174250311,0.1321644045908954,0.0028310371414815147,72.04927605575483,-3.8981541095000454,78.43976878448841,9.82250657953294,-0.12393654258864659,0.029346762073359473,0.003044791082267902,0.14924686378653873,-0.0007372981947966453,nan,nan,nan,0,100376.02007317745,-1.3113111183183324,0.08045242303207155,9.77036564533338,0.0017219111605668216,0.005143483969213746,0.0020521083650754395
48.900000000000006,53.00680399849751,0.3293097045810911,78.74742939219688,7.533168090023436,0.02778308674946071,1.016506425969236,-0.00012059921534864613,0.132205945509686,0.0027785880580679257,72.9917964750391,-3.8500098576982182,78.4173987052058,9.837066573866277,-0.1242564246968048,0.0245007687471081,0.0032160475599960253,0.14937885337050782,-0.0003896486673399943,nan,nan,nan,0,100371.32300253303,-1.2854921813237217,0.050699598727959136,9.641016854432648,0.006564340731918022,0.004665241804750311,0.004190688563302472
49.0,53.76690526736743,0.3341939417894954,78.74869000097827,7.533052948192713,0.02781709137423661,1.0132089304342413,-0.0001232171395799985,0.13224708056702994,0.0027256443662019405,73.97612957913609,-3.8625263288182565,78.41963671579147,9.849787400662017,-0.12573336976722976,0.01969504269278314,0.003375398349164354,0.14947355398600926,-0.0002512292434470823,nan,nan,nan,0,100380.36303071956,-1.268022559483787,0.05699970894069311,9.477179631298947,0.003692634838543947,0.007304690409953848,0.0016913206358878032
49.1,54.52695631617355,0.3390415061358601,78.74962526800542,7.5329433108985215,0.027858305809103236,1.0104681201262558,-0.0001228326269316106,0.1322871945586961,0.0026722022231665567,74.98425989261005,-3.9090600212967126,78.4357863623395,9.862674888810277,-0.12774143510930622,0.01927340665150106,0.00342018874319546,0.14953954302656625,-0.0003339328303061306,nan,nan,nan,0,100374.94451320668,-1.266333691601212,0.06522072942691005,9.608001430548308,0.011156608814029972,0.006202671651509057,0.002752141791606352
49.2,55.286964685847565,0.34385230377651727,78.75028712455207,7.53284351868505,0.027903621102989308,1.0082046887224787,-0.00011968556982088277,0.13232527384324522,0.002618255672464898,75.97121046180412,-3.9218838352959184,78.43752242065638,9.876064247784605,-0.12861039955964237,0.01449848971501984,0.00353058253173677,0.14968394606463598,-0.000295690147498553,nan,nan,nan,0,100387.52639559293,-1.2901482532062476,0.0556928281012152,9.539994220794528,0.003569901097039385,0.0008721080186113069,0.0020840328970702614
49.300000000000004,56.04693727331926,0.34862596919349026,78.7507209294921,7.532755798699353,0.027950011108757694,1.006353522942499,-0.00011432181271753684,0.13236047646787252,0.002563806176074113,76.98258468863435,-3.969757330292801,78.45397124234275,9.889412674150458,-0.12992832037987911,0.016471019432841284,0.0034569993037224444,0.14964117860445958,-0.0003992109253151113,nan,nan,nan,0,100374.75094131005,-1.3009126063478293,0.1002428613282469,9.668140286908828,0.004895486991129248,0.008271737198016918,0.0024338752372563043
49.400000000000006,56.80688029930452,0.3533619213415635,78.75096636434183,7.532681019079737,0.027994905283933457,1.0048527002366703,-0.00010739681245100366,0.13239218987998402,0.002508864049414178,77.97219409431791,-3.9827637528409348,78.45563665270159,9.902327001176234,-0.13037505840215013,0.015909432306198644,0.0034365103257221145,0.14946758970182916,-0.00021302948683552957,nan,nan,nan,0,100384.96083667803,-1.273758630859447,0.048174593035151696,9.609167689221014,0.0025111239650967908,0.0039506596050709825,0.003973531624461679
49.5,57.56679927660118,0.3580594273018012,78.75105793069709,7.532619024306747,0.02803638360402343,1.0036486933048903,-9.960584388587742e-05,0.13242000435471724,0.002453435494082607,78.9399931246086,-3.9606386749273543,78.44169206715276,9.916678204859464,-0.13189062470046517,0.01520829728819698,0.0034409350954308173,0.14941048500430254,9.587602682054443e-05,nan,nan,nan,0,100368.55544734662,-1.2967272221549901,0.07367804796165162,9.656413775732252,0.00541903401659944,0.0009795310862236138,0.005372292190081058
49.6,58.32669900526956,0.36271767680521055,78.75102551528292,7.532568565340253,0.028073282004721967,1.0026995076000653,-9.16059271475827e-05,0.13244386808975683,0.002397531440232449,79.93230446016592,-3.973905608823563,78.44327337011546,9.930039079474229,-0.13330380446032458,0.017262724871364432,0.003473932103661822,0.14945600305687168,0.00024294858427518638,nan,nan,nan,0,100382.85131717414,-1.2618711254673014,0.04795746333817449,9.628196261355287,-0.00024938463112144727,0.001295512087580556,0.003363452690718076
49.7,59.08658360877474,0.3673358399818866,78.75089496783711,7.5325279608486895,0.028105059829182717,1.001966879729868,-8.387852915276795e-05,0.13246399123778607,0.002341157945885897,81.03978651507548,-4.1624915660609,78.52412673938888,9.93755086822889,-0.13688081549457365,0.026610670515858945,0.003163204844098287,0.14929997148855723,-0.0004289957552671554,nan,nan,nan,0,100375.19970260463,-1.283210545423356,0.08045635466239563,9.594276617219041,0.004779224898713148,0.003837687976026927,0.004621514679504117
49.800000000000004,59.846456592937315,0.3719131154926689,78.75068863106148,7.532495482601254,0.028132098817955763,1.0014178775700073,-7.670675824013773e-05,0.13248071998794098,0.0022843160740068213,82.03428684981276,-4.176246814543995,78.52680542172062,9.95252369637037,-0.13844528422131508,0.02833456768976791,0.0030993980656598523,0.14947724062065637,-0.0002649172548614496,nan,nan,nan,0,100371.41138245196,-1.257419831805084,0.05111443549670114,9.646707364586058,0.0007159341669923198,0.006242909118542873,0.0033869879753906833
49.900000000000006,60.60632088862102,0.3764487753810247,78.75042540334192,7.532469575454189,0.02815464606698633,1.0010240414750928,-7.027024617519404e-05,0.13249446337695092,0.0022270314429646025,83.07022743518941,-4.252340912801328,78.55841194452886,9.963393333596448,-0.13936240267978986,0.030784725756729324,0.003143243253982773,0.1493730015482131,-0.0004971398897427736,nan,nan,nan,0,100369.30215690713,-1.2686914030621275,0.048551618796928965,9.598422270826978,0.00791116306766601,0.00986008953495493,0.005529314078855582
50.0,61.3661789374699,0.3809421563909858,78.75012138032169,7.532448713144656,0.028173402706484812,1.000762394592888,-6.464770046967633e-05,0.13250569318528793,0.0021693044440387614,84.06728496966593,-4.266298944090839,78.56143469485521,9.977673324746606,-0.13995933395640528,0.030013896619647384,0.0033045047985490643,0.1493395713293948,-0.00044451165445861607,nan,nan,nan,0,100371.09376479249,-1.292443105141308,0.07010405050405856,9.590092677143256,0.00298995616642144,0.005438310204393378,0.0033639237168766613
50.1,62.12603275892178,0.3853926781658484,78.74979010963895,7.532431822575336,0.02818927904052388,1.000610392816496,-5.974865680527107e-05,0.13251484175188644,0.002111137556174727,85.10177592495648,-4.336995340673209,78.59135209240918,9.988208946116641,-0.1415370079610878,0.03337640745880785,0.0032932662799381404,0.1492437185610005,-0.0006408404593014065,nan,nan,nan,0,100378.94382563152,-1.2911063055956364,0.09701238268297536,9.682082648896486,0.0004660587170077679,0.00065334063578475,0.004280389373465794
50.2,62.88588400940559,0.3897998348579414,78.7494428164292,7.532418037553659,0.02820306575239446,1.0005493574998994,-5.545972417436685e-05,0.13252228001987376,0.0020525318437675105,86.10130789630763,-4.35116097644127,78.59480401163616,10.002208565321252,-0.14197075420142122,0.03460230554065786,0.0033644351105231165,0.14933663147645837,-0.0004304339384602657,nan,nan,nan,0,100367.97516509473,-1.3086750292633262,0.0759176886862537,9.703675006934859,-0.0030167377531045226,0.0028109594991198666,0.005602568355334785
50.300000000000004,63.645734040593155,0.3941631832797181,78.74908870555795,7.532406827938749,0.028215475442186062,1.0005619853715444,-5.165112632938814e-05,0.13252830801901827,0.00199348797454084,87.06435329727503,-4.305333634591919,78.56906649720662,10.018370131646648,-0.1433892538618191,0.03359242547611349,0.0032887006793649856,0.14953146143297347,-2.869350082342374e-05,nan,nan,nan,0,100372.17455584968,-1.3268685805009603,0.053181001242781425,9.68943429199357,-0.00045441996735467874,0.0030639398262167763,0.0061418458222284485
50.400000000000006,64.40558394432828,0.39848232527900657,78.74873518618472,7.532397745378118,0.02822707621349001,1.0006337492195867,-4.8157697569570636e-05,0.132533186002739,0.0019340017878131457,88.06687123862774,-4.319793246064644,78.57236494519904,10.032384829397657,-0.1452969622110354,0.0330080506621365,0.003254256316139793,0.1496081284438595,3.458353606127971e-05,nan,nan,nan,0,100389.24143692378,-1.2825327108044542,0.08852688856930324,9.586866509241286,0.0071760259277096755,0.006315027965001299,0.002925544646119787
50.5,65.16543459868946,0.40275689433631023,78.74838816931158,7.532390507660828,0.028238328985994415,1.0007511481026559,-4.4845871215038434e-05,0.1325370994525299,0.0018740679925877684,89.08999960565318,-4.365275320100901,78.59104069607828,10.045471521162872,-0.14727953117757633,0.03399105476058955,0.00305129622330412,0.14971258806638943,-3.819188039405836e-06,nan,nan,nan,0,100380.2800350022,-1.2876463834858463,0.08397521582208138,9.660673139794497,-0.0017205972608937523,0.0043269903335852525,0.0013183989490284384
50.6,65.92528670158076,0.40698654111636434,78.74805231760962,7.532384705763502,0.028249480660157922,1.000905547309793,-4.1620753581095554e-05,0.1325402113445675,0.0018136774684704396,90.09521339523646,-4.379985493986121,78.59444112175993,10.059200401266496,-0.14754583226739418,0.03426564929594997,0.0029619803084665395,0.14978381065297186,0.00013022099634882713,nan,nan,nan,0,100374.51886422088,-1.2728107866109486,0.07269727184804999,9.684256505487639,0.007793047167297789,0.0001590611130509326,0.005610886793914509
50.7,66.68514079047824,0.41117093224759976,78.7477310581339,7.53238063520549,0.0282607827534408,1.0010818458765274,-3.832891418770255e-05,0.13254259541535807,0.001752839741650235,91.11351682318082,-4.413869518556534,78.6078507388996,10.072108092186856,-0.14767141661745942,0.037435089136287056,0.0029311523440724175,0.14986031991418947,0.00025230163726364953,nan,nan,nan,0,100376.4865139874,-1.2799791374868292,0.05708856710350729,9.546591780186207,0.004900756618026995,0.0024516457782066694,0.004346124910494382
50.800000000000004,67.44499725256101,0.41530972412161515,78.74742666359525,7.532377878120424,0.028272055198700213,1.0012739573687988,-3.49852013174876e-05,0.13254434790689085,0.0016915528424935535,92.1214258554686,-4.428684766823452,78.61166562994771,10.086127793505801,-0.1488537756801103,0.038721735223132596,0.003025943726308309,0.14985309974581673,0.0003793575586083244,nan,nan,nan,0,100370.28584198399,-1.2878916594411685,0.04304546026890384,9.570823423018368,0.00627011591565447,0.0022205616373830424,-0.0015076485004791944
50.900000000000006,68.20485637010857,0.419402565323184,78.74714080482228,7.532376226058176,0.028283334593780934,1.0014751162988031,-3.156594105188171e-05,0.13254556178489563,0.0016298095786023942,93.12383120450089,-4.432094537580209,78.60954170338788,10.100538417999633,-0.14886588984795282,0.040064311258216356,0.0030293831093837565,0.14993746295069665,0.000429857854598653,nan,nan,nan,0,100362.2446779344,-1.2946541533051108,0.06691310686015677,9.658775179294649,0.00343026008396551,0.005981699836881665,0.0024150475128162235
51.0,68.96471832474352,0.4234490983940992,78.74687444937061,7.532375512225492,0.02829456047072096,1.00168069982754,-2.807248466350407e-05,0.1325463111132028,0.0015676058888376017,94.134562549682,-4.447022528765276,78.61365672911806,10.114210725174932,-0.1492569181169777,0.042314127194565974,0.0029431546419584377,0.14987170136710826,0.0005492309095184269,nan,nan,nan,0,100384.29911195234,-1.282896270802536,0.053405730868328886,9.665903406547164,0.0002617328867054545,0.007420026719700575,0.003816867446353801
51.1,69.80056987314696,0.4278463611528111,78.74660455541763,7.532375585440977,0.0283068696072159,1.001906392702519,-2.4159954440123557e-05,0.13254668403027625,0.0014986409320534287,95.13540911712826,-4.442837832956655,78.60733370617723,10.129148481157433,-0.14970952130316245,0.0392003826259419,0.003157977056980831,0.14983478792963867,0.0007207254034009688,nan,nan,nan,0,100374.93320647515,-1.3221826067155484,0.052252567530143026,9.607431821010376,0.0059861786571193815,0.005685318280618518,0.00590701529736503
51.2,70.48445108653203,0.4314017698227824,78.74640171663246,7.532376158911504,0.028316808245466084,1.0020868738546027,-2.0906703973106052e-05,0.13254671200004164,0.001441790431091057,96.14905349301054,-4.45790908814954,78.61133715872995,10.143444543789045,-0.15154364701779102,0.03984325477325482,0.0032496338284888375,0.1495851924352949,0.0007982507414859424,nan,nan,nan,0,100371.6620452461,-1.2876936422200036,0.06661281503600017,9.574695611072068,0.0011563388538476961,0.002357618599448388,0.0002318101401670553
51.300000000000004,71.24432190283692,0.4353071611174293,78.74619502889986,7.532377207405043,0.028327768275757115,1.0022816551536202,-1.7265272113453547e-05,0.13254649734613988,0.0013781688828897057,97.21823711592756,-4.5667533965911655,78.66838232274655,10.151384145897216,-0.15217704868901671,0.04791100657089416,0.003116548026584063,0.14945127184677443,0.0003590032918439107,nan,nan,nan,0,100374.93717900156,-1.3028310209201457,0.059338071558574325,9.692769744814086,0.004171039319029596,0.0076476970969777645,0.0006104487191240016
51.400000000000006,72.00419560387036,0.4391647503540358,78.74600743538588,7.5323785456903085,0.02833856628951593,1.0024686837380408,-1.3603716052515728e-05,0.13254607407828178,0.0013140626979859721,98.23408116121848,-4.58199099736947,78.67320358617187,10.16584428496072,-0.15287218368387723,0.050345941409103596,0.0031825726388596365,0.14942518764364987,0.0003897655937274481,nan,nan,nan,0,100374.29416457875,-1.2688073509871918,0.0951797404553655,9.743265853607348,0.003745978314731877,0.0010203305229153688,0.0031312164870983825
51.5,72.76407209781564,0.4429741511687254,78.74583827115023,7.532380017944585,0.028349413602867597,1.002646120996328,-9.92648735448538e-06,0.13254551613534993,0.001249455511770994,99.24173224425762,-4.580062483443966,78.6684787989264,10.182147103829399,-0.15369413750395697,0.05428398548237884,0.003238315471396396,0.1494018357890825,0.0006044668785900346,nan,nan,nan,0,100372.9925775606,-1.3021064160348799,0.07648318981074087,9.639053826258806,0.003907463533868609,0.0040687677587241825,0.0014140939177326
51.6,73.52395125920303,0.44673498663914313,78.7456865595968,7.532381681784057,0.028360298881703355,1.0028118004642446,-6.225873721874692e-06,0.13254484571548608,0.0011843537900760117,100.26064688311155,-4.5954659837633525,78.67403581975212,10.196344224358372,-0.15453098680200905,0.05733553687817191,0.003212035936763705,0.14941002119315172,0.0007317169584451853,nan,nan,nan,0,100384.18764114704,-1.2845933168616528,0.07844383369814567,9.664134011142906,0.0026421277150164065,0.008767083725978975,0.0015432536818706219
51.7,74.28383293895905,0.45044687680286094,78.74555112822175,7.532383465805987,0.028371016013626495,1.0029657330711366,-2.512800749705779e-06,0.13254407840337046,0.0011187629231709456,101.30278317358604,-4.650488313494822,78.70380842469457,10.207295158645831,-0.15325272178958638,0.061860078098993486,0.003032407349893225,0.1493649023966679,0.0005442323801002251,nan,nan,nan,0,100382.85973830923,-1.2962186323526614,0.10642775813297,9.741580846432939,-0.0031075532990335964,0.006339760488851297,-0.00023266863222864975
51.800000000000004,75.0437169822457,0.4541094309493547,78.74543087462366,7.532385207730206,0.028381677787678954,1.0031076455239243,1.1944947366619458e-06,0.1325432649731071,0.0010526678107196403,102.32414802930862,-4.665851299615384,78.71008279947509,10.22032089535779,-0.15460946086697744,0.06216271765375333,0.0029878293427985938,0.14930331784500828,0.000631313529927673,nan,nan,nan,0,100363.95488923318,-1.2788322038923299,0.11726994831710093,9.626500094864928,-6.137312975598675e-05,0.003910079595172842,0.003977551291167589
51.900000000000006,75.80360322851506,0.45772226191234056,78.7453246822165,7.532386868255914,0.028392378001089062,1.0032377430741837,4.900427961670724e-06,0.13254243368547236,0.000986059811085877,103.31147881801245,-4.61524965867745,78.67470872712626,10.238934817715812,-0.15628454435377667,0.05729209571720778,0.0030719858579636725,0.1494400031495362,0.001058347799323645,nan,nan,nan,0,100389.79669609874,-1.2837315800145084,0.07017014667666421,9.637330483135957,0.0017670308304904218,0.002844830965975237,0.005603575781196073
52.0,76.56349151618835,0.461284982461918,78.7452314306122,7.532388416662701,0.028403165682193122,1.003357221976546,8.620554759020496e-06,0.13254159320495273,0.0009189304717875971,104.33604961207651,-4.63091844536148,78.68048731988755,10.253026328354164,-0.15707152581997855,0.05905732021269837,0.0030052565015114747,0.14946888505735334,0.0011056572700695994,nan,nan,nan,0,100368.75645008076,-1.2796092006955955,0.08873808899329017,9.60918335751604,-0.005978457880914261,-0.0006308507096546056,0.0024026974423392313
52.1,77.32338168375033,0.4647972043246408,78.74515001313421,7.532389824970397,0.028414125127715434,1.0034655215743902,1.2363448134106365e-05,0.1325407733897781,0.0008512716841730391,105.40616326900803,-4.731684050629867,78.74197310612468,10.260015116863745,-0.1556981950383616,0.06773546813885141,0.0026833704207784035,0.1492878942129432,0.0008190530105542061,nan,nan,nan,0,100379.02190049295,-1.2577272802669546,0.06913960615832314,9.59302039310479,-0.0008617942719286774,0.0021006170111577483,0.0016500181516713101
52.2,78.08327357289868,0.46825853750223045,78.74507934308342,7.53239108229121,0.02842525386939762,1.0035628946913486,1.613950613917845e-05,0.13253998666575484,0.0007830773954046232,106.43282775110252,-4.747265605295194,78.74866413440034,10.27294584443474,-0.15564274942634873,0.06621222188915316,0.002769696528257682,0.14906699514460997,0.0008613845832677142,nan,nan,nan,0,100382.59929861034,-1.3050387511247097,0.07172379333286558,9.657059691359269,0.003361166510255041,0.0001897269616186201,0.0034640699722513616
52.300000000000004,78.84316703374509,0.47166858551537744,78.74501840219135,7.532392188904976,0.028436617874805743,1.0036507835219886,1.9967425304003028e-05,0.1325392281521518,0.0007143361691231443,107.47095276205135,-4.783278695289802,78.769180715811,10.283644656545732,-0.1558449524536784,0.06955364125593007,0.002757462801468377,0.1488430697369123,0.0008956368444398869,nan,nan,nan,0,100366.31341624276,-1.2792208128508673,0.06693887252131156,9.667835602181807,0.006031528324067753,0.0036847013343324153,0.00019120280401158183
52.400000000000006,79.60306192110518,0.4750269499645591,78.74496619734983,7.532393143162534,0.02844821798657775,1.003729356643001,2.3846216626472675e-05,0.1325385147657676,0.0006450426492598327,108.49994865676935,-4.79882071519085,78.7762078426478,10.296210732475037,-0.15537938568093804,0.07056168313595237,0.0027936752542165686,0.1489461539586754,0.001013103880666223,nan,nan,nan,0,100387.66676299956,-1.290064158555448,0.07009480901599466,9.537733869380268,0.005018818102646082,0.007341701486077353,0.0031979873267765032
52.5,80.36295809861971,0.47833322445029725,78.74492180075966,7.53239394468914,0.028460065533088053,1.003798742923435,2.778385471951839e-05,0.13253784911173772,0.000575186685354495,109.5078439897168,-4.767905357643712,78.75033213814031,10.314265783996705,-0.15693802625733075,0.06559936136664934,0.0028286930259335103,0.14897547745618067,0.0012851229030549556,nan,nan,nan,0,100381.32132388801,-1.2680156569638656,0.06471045774148936,9.681215561149164,0.004722295720180382,0.008061645217718409,0.0029399089607767158
52.6,81.12285543882825,0.4815869974376081,78.74488434526262,7.532394608180526,0.028472149409626734,1.0038600772272066,3.179405307792208e-05,0.132537221677566,0.0005047608961125726,110.53991491277392,-4.783628653186711,78.75691086880052,10.326945349265252,-0.15782578463671915,0.0658352618801649,0.0028538521092886997,0.14888831038116868,0.0013038819648708033,nan,nan,nan,0,100369.16004113248,-1.2915318445955415,0.10946759081244428,9.646878959847763,0.004866671197339165,0.0024666345629930954,0.0017556898608134242
52.7,81.8827538222849,0.48478784874713754,78.74485302397798,7.53239512809189,0.028484495030541734,1.0039141479470808,3.58702511071817e-05,0.1325366391269862,0.00043375451564453256,111.58095003484533,-4.816062345404013,78.77592114414753,10.338385762087713,-0.15718854089625703,0.07072301094995453,0.0028186639025485683,0.14886193290393068,0.0012113459811928435,nan,nan,nan,0,100365.31924965148,-1.2826786465361104,0.08640993534766366,9.663502979624791,-0.004546744138990356,-0.0022564061083010277,0.0017448580378303616
52.800000000000004,82.64265313823199,0.4879353515225194,78.74482709232124,7.532395503901323,0.028497072603159375,1.0039611457794233,4.001100826979829e-05,0.13253610430636886,0.0003621575230720416,112.61548099588725,-4.831803765363699,78.78317842098075,10.352034733334232,-0.15745823884472238,0.07381465130262577,0.002903036787961981,0.1488434467544304,0.001295894418859122,nan,nan,nan,0,100371.6946001359,-1.260868563844308,0.0558557683063724,9.616715790514764,-0.0018451465884283293,0.003989920548482279,0.0018431661703313936
52.900000000000006,83.40255328545634,0.491029070567315,78.74480587903669,7.53239574533836,0.028509944723838044,1.0040017790441165,4.423235760676341e-05,0.13253561026879912,0.00028995768673332014,113.62955766415286,-4.7978158375497495,78.75246006629007,10.370545418592393,-0.15936994507167865,0.07099479736125076,0.0029768627716175457,0.1488269312264514,0.0017020554928286725,nan,nan,nan,0,100374.05916528351,-1.2939118852463276,0.05433634492975627,9.651185218392138,-0.0013039318808258358,0.006498845073966702,0.0031832607588562186
53.0,84.1624541702574,0.49406856592952103,78.7447887633428,7.532395857062914,0.028523069161198504,1.0040369874750965,4.853072978554924e-05,0.1325351580939924,0.0002171490263197768,114.66729568264444,-4.813752617940815,78.75966984710034,10.383947714835324,-0.1597867776001603,0.07330238249395624,0.0029252966122006482,0.14877204152153323,0.0017588405981963846,nan,nan,nan,0,100380.38312707949,-1.300944972827111,0.0882037608187695,9.606274298902955,0.008440387980304092,0.0016175783508225318,0.001896237618223502
53.1,84.92235570759905,0.4970533854548,78.74477518812273,7.532395840109352,0.02853643239011764,1.0040671519230777,5.2897133815753175e-05,0.13253474717363534,0.00014371699984086383,115.67214426296405,-4.747132217974935,78.70075973178587,10.406773071113697,-0.16263121267504874,0.06393257789057058,0.003107545452521997,0.14877810131685387,0.002320202107243082,nan,nan,nan,0,100376.29604428717,-1.2984227562832877,0.062446766220769195,9.714440144046536,0.0011143650474667252,0.005154396412151353,0.000407967630702959
53.2,85.68225782011825,0.4999830720854734,78.74476465259639,7.532395702381015,0.02855008508063516,1.0040925972780417,5.734661884263123e-05,0.13253437612393948,6.965281647506222e-05,116.71343032279471,-4.763475226945517,78.7073210191665,10.419306672916036,-0.16396267603006506,0.06742599035810674,0.003047282251026317,0.14872683970110634,0.0024117897362837338,nan,nan,nan,0,100376.10296924712,-1.2881478840480185,0.04870209442814837,9.523325162007774,0.0017337874390785882,-0.0010836059213266214,0.0003958546350543192
53.300000000000004,86.44216043792424,0.5028571594582686,78.74475670929971,7.532395450181845,0.028564011093057583,1.004114040760133,6.187895493728339e-05,0.13253404197191587,-5.0548016583045305e-06,117.7402482445864,-4.739354950371256,78.6800537488518,10.436739001856319,-0.1660639633630881,0.06338817976527675,0.0030517908630865774,0.14871205940741095,0.0026580643395362185,nan,nan,nan,0,100372.02876133585,-1.3060870778230047,0.11283555827056926,9.626193545109013,0.0034520679604747675,0.003196112473574299,-0.0006284905987117458
53.400000000000006,87.20206349820492,0.5056751734709014,78.74475095885981,7.532395092066442,0.028578180174940366,1.004132112371148,6.648401004229082e-05,0.13253374276139906,-8.0415543972785e-05,118.78460839007575,-4.755964218261819,78.68652597897972,10.450389178028738,-0.16672334432697192,0.06496084202197619,0.003097483309483847,0.1487708293701917,0.002798231390478283,nan,nan,nan,0,100377.12267652772,-1.267627758690508,0.04156383004764347,9.644943080278036,-0.0015838438202791846,0.0028271129673130314,0.005510473084832145
53.5,87.96196694482106,0.5084366304360808,78.7447470489261,7.532394633708303,0.02859260385296549,1.0041470170113889,7.116648660313901e-05,0.13253347634303525,-0.00015644203712986019,119.83946553844414,-4.798159019790069,78.71554143667514,10.459637756167522,-0.16668675792901136,0.07088938495699373,0.0030732710202923228,0.1486649040700616,0.002781316131090981,nan,nan,nan,0,100399.43236275543,-1.30109642247391,0.08848746922301401,9.64209108025681,0.004813325606854475,0.008602799074204213,0.0022367317152834384
53.6,88.72187072737731,0.5111410403745067,78.74474466904037,7.532394080116303,0.028607315322929455,1.004159013120074,7.593569494776776e-05,0.13253324328545446,-0.00023314397736848725,120.88605334035952,-4.814844405926904,78.7227647873186,10.472380407533274,-0.16750184483869454,0.07323889235152711,0.0029977216454889315,0.14849644323941336,0.0027903024244632117,nan,nan,nan,0,100368.42211271136,-1.2797518124204617,0.05617845005661564,9.599126576229141,0.0025947261151377716,0.0002962238375513529,0.0013346550060172103
53.7,89.55776522354348,0.5140494060261405,78.74474349816634,7.532393375545432,0.028623838817971602,1.0041696146895482,8.127560745899982e-05,0.1325330192492653,-0.00031830884695304893,121.94188757069972,-4.855693389926922,78.75248667529141,10.482304791734723,-0.16792271302449308,0.08108022256445536,0.002957548485046118,0.1483858221963117,0.002721397924621384,nan,nan,nan,0,100361.67091881754,-1.3052287727805616,0.06972291206712256,9.64195118872332,-0.0014664661315171613,-0.0009510196853310055,0.003416867483797871
53.800000000000004,90.24167912912118,0.516376711005858,78.74474346235348,7.5323927372666954,0.028637512350061817,1.0041767197853173,8.57127539431103e-05,0.132532847142391,-0.0003886222833485563,122.99073373380489,-4.8725543794979815,78.76071188626244,10.494324278565365,-0.1695251068869097,0.0825329974044372,0.002858359172957614,0.14826642364710518,0.002751856727803038,nan,nan,nan,0,100371.91649659818,-1.2984485414070877,0.07712190294273295,9.602609944656745,0.0014195839034279291,0.001597537621656145,-0.0007301815662884154
53.900000000000006,91.07757413864312,0.5191567265335421,78.7447443070742,7.532391865547041,0.028654672536842146,1.004183120989902,9.123885591094937e-05,0.13253266844417078,-0.0004753454899549203,124.04859350317855,-4.915913738858205,78.79469462946922,10.502233815935352,-0.16937602464563248,0.0898023590334082,0.0027031613248539588,0.14825054161277107,0.0027980127513942323,nan,nan,nan,0,100389.39223356753,-1.3000312268473946,0.0874181317100516,9.69639287681234,0.0015125810809241188,0.00018940090432476454,0.004759314018532936
54.0,91.76148840351894,0.5213780796356727,78.74474557483602,7.532391087243573,0.028668873690429014,1.004186880729834,9.583904804759687e-05,0.1325325469276859,-0.0005469537379382055,125.09944858993327,-4.932896677555617,78.80387772992714,10.51492149188453,-0.17044133441799758,0.09432860203815653,0.002840612583176418,0.14836565496525989,0.0029473364205871546,nan,nan,nan,0,100378.14394336901,-1.286182952831236,0.048145156964727764,9.715287658880579,-0.0018048494245026837,-0.006426400950759289,0.0032413824879059363
54.1,92.52139329342218,0.5237895779091974,78.7447474602762,7.532390175499415,0.028685007426006787,1.004190325460058,0.00010104002675037844,0.13253241507689872,-0.000627222763555194,126.15247145156097,-4.953347690646586,78.81688537477484,10.527092634393135,-0.17038431714943586,0.09615375526370082,0.0027699552534460213,0.14823184101338094,0.003036229488553922,nan,nan,nan,0,100375.33911003404,-1.3052970501790453,0.060606435774987956,9.6287710670846,-5.0347100867482834e-05,0.004328835891372408,0.0012730179406171666
54.2,93.28129831766755,0.5261408938686372,78.74474971768461,7.532389195442761,0.028701443245839942,1.0041924149184267,0.00010633607998023089,0.13253230300037355,-0.0007082460361815246,127.20587647383998,-4.97047885755327,78.82675735958614,10.54092817367988,-0.17149336000110488,0.10219963545440366,0.002640189649776363,0.14819345111848925,0.0031059898511771556,nan,nan,nan,0,100380.72513345281,-1.3004151915245696,0.09024106490623822,9.636667859708787,0.002659785125185703,0.005604402869559679,-0.000526125298615644
54.300000000000004,94.04120345401739,0.528431471982704,78.74475223863743,7.532388150695377,0.028718226553525454,1.0041933792311761,0.00011172638737626104,0.13253221566497864,-0.0007900375192453194,128.249346593124,-4.937211267385024,78.78282481973733,10.56266799155229,-0.1736570435453376,0.09833671294522006,0.002859675452284373,0.1482858742224349,0.003410804425333631,nan,nan,nan,0,100396.4733221765,-1.2794164658623566,0.09011847597343087,9.65152386173505,0.0046383995632130505,-0.0007865456155754262,0.005158133526367862
54.400000000000006,94.80110868566513,0.5306607468751898,78.74475494609659,7.532387073062308,0.028735310258623137,1.0041941568642647,0.0001172257835917434,0.13253212681171544,-0.0008726092987100802,129.30627550770848,-4.954641812706277,78.79276405323573,10.575477620700845,-0.1747158993462473,0.10033387785728692,0.002990649742920962,0.14803423235029145,0.0035533074944519524,nan,nan,nan,0,100381.04525412692,-1.2815670210901133,0.06683644402139784,9.663833982646647,0.00219745557951021,0.0017476081167812386,0.0013971002579396016
54.5,95.56101399508508,0.5328281382223596,78.74475776108994,7.532385942640573,0.028752747083979464,1.0041941628866848,0.00012282908062634813,0.1325320460104975,-0.0009559818270117345,130.36502564099294,-4.975316397170457,78.80646606910977,10.587550956472011,-0.1761132902371341,0.10303877219108656,0.0028702028317774296,0.14802846158012595,0.0035841925768979634,nan,nan,nan,0,100387.91024789975,-1.3121217695621004,0.07506212810414681,9.765582896757271,0.004220966800905369,0.002184772798006996,0.003346927267443453
54.6,96.32091936535048,0.5349330606923267,78.74476061598627,7.532384747545876,0.028770541854037917,1.0041932545349819,0.00012853100647190941,0.1325319928335138,-0.0010401650313315444,131.42441866597122,-4.992919837725442,78.81698731283056,10.60028731030736,-0.1758799764543322,0.10564275745131003,0.0028619497265444456,0.14804768833827842,0.0037459269137833646,nan,nan,nan,0,100372.80101274762,-1.303637708933847,0.07234552309675771,9.634316013815429,0.005478825533834268,0.000495945107440751,0.002830681968516619
54.7,97.08082478568365,0.5369749126351026,78.7447634785268,7.532383530663874,0.028788665374312933,1.0041924270605809,0.00013435185381603426,0.1325319332089372,-0.0011251789552360028,132.48869074887466,-5.037136016170889,78.85973820484618,10.607360842688188,-0.1760068337393806,0.11342723439100898,0.0029245228464751315,0.1479180289881301,0.003781070148697389,nan,nan,nan,0,100370.50617584748,-1.2918691788721304,0.0596506590939627,9.662406379101327,-0.000971767059864021,0.005456061677516055,0.001285626987563775
54.800000000000004,97.84073024378084,0.5389530827421436,78.74476630702455,7.532382273599832,0.028807179299330292,1.0041914585051401,0.00014029342386059917,0.13253187297887714,-0.0012110384739273425,133.54998789279833,-5.054751518527772,78.87097794285512,10.619013160914118,-0.17607035387448935,0.1118642895129447,0.0028079590202827655,0.14787061063022433,0.0037957835793412907,nan,nan,nan,0,100385.18933225962,-1.2964795263807503,0.0023079605831776984,9.634519141435671,0.0037022176947771016,0.003456093240001461,-0.00011279746718799921
54.900000000000006,98.60063572624954,0.5408669481299797,78.74476906087096,7.532380953069387,0.02882608524376768,1.0041896654814448,0.00014633682128438517,0.13253183859014706,-0.0012977589066276822,134.61613365680694,-5.113422373670448,78.9346883293564,10.623480389500987,-0.17449036273919277,0.12149220464951287,0.0025944532771418173,0.14781844729020777,0.003730204419096465,nan,nan,nan,0,100377.2465537673,-1.2874748004976018,0.07482924231001148,9.692411740051648,0.007265060713068677,0.00187853283865178,0.0018549321509911628
55.0,99.36054122518244,0.5427158739431214,78.74477173249906,7.532379611918131,0.028845279043555806,1.0041880346450747,0.0001525025639549783,0.13253180166825862,-0.0013853560604217077,135.67906199871177,-5.130869592639173,78.94689486058361,10.635124704703806,-0.175397486161525,0.12279603462619197,0.0026233919111646087,0.14761283951338888,0.0038469686734515242,nan,nan,nan,0,100370.28600239445,-1.3015828372134675,0.015255774489869312,9.624469160035463,0.011077350123612256,0.008715691926330026,0.004221632750560517
55.1,100.12044673238843,0.5444992076349588,78.74477430948834,7.532378246701171,0.028864924273024006,1.004186634646322,0.0001588035196142117,0.13253175124349315,-0.001473855240245861,136.74228500390436,-5.123710717209598,78.92538311320351,10.65214082713961,-0.1785702835767637,0.11671057935532343,0.002641964475961681,0.14782264008503088,0.004149212844918023,nan,nan,nan,0,100375.84213279269,-1.3012833643362627,0.034283550235342464,9.613438748770538,0.0034118835048832998,0.007386549252337552,0.006077426231650421
55.2,100.88035223617013,0.546216287131666,78.74477676673382,7.53237682037107,0.028885000370535825,1.004184614136188,0.00016521873234804155,0.13253172025077964,-0.0015632754797009697,137.80804766924535,-5.141647164727258,78.93715767905995,10.662976386170783,-0.1797847617170731,0.11927741211888354,0.0025531901386578637,0.14775874227170172,0.004326769736440462,nan,nan,nan,0,100371.75731587588,-1.3082871131942997,0.05997448006468603,9.655013641029331,-0.0025292113498022657,0.007365842837242512,0.0026363922723889677
55.300000000000004,101.64025772889009,0.5478664365844571,78.74477910665824,7.532375358732793,0.02890543373554243,1.004182670426623,0.00017176759985054887,0.13253169430833367,-0.0016536377538215867,138.8745912264259,-5.175659548298503,78.97247316683762,10.671630445015069,-0.17926807575228035,0.1258821542056153,0.0025178085990568808,0.14769540387038838,0.0044068669482594915,nan,nan,nan,0,100376.0970925761,-1.280919819365532,0.015153396102986862,9.708261755158125,-5.169502576489243e-05,0.0025089152569524997,0.001770475212497144
55.400000000000006,102.40016320433838,0.549448960092188,78.74478133741384,7.532373881545553,0.02892663901651682,1.0041809722881443,0.00017848674656343135,0.1325316468581874,-0.0017449735899529996,139.94235330088233,-5.193569556435087,78.9851370932204,10.68374117947789,-0.1792056003341051,0.12741836270927592,0.0025651730749705905,0.14734739489409865,0.00452955469187763,nan,nan,nan,0,100388.64345935635,-1.2959529152370188,0.09203712447196472,9.628457757344814,0.0014291953995704695,0.0013792211497361826,0.002619950808945481
55.5,103.16006865099992,0.5509631703005541,78.74478343923356,7.532372338554255,0.02894813555080749,1.0041791762077183,0.00018534860954538552,0.13253162246145211,-0.0018372644090655457,141.0116781935712,-5.207243770388936,78.99137221129442,10.69670384889657,-0.1803202051794858,0.1286697602863474,0.002544961152700353,0.1471060733121421,0.004585211599348842,nan,nan,nan,0,100371.37650082375,-1.242428141481834,0.0444708990321364,9.596749575041056,-0.004152865008281379,0.0017908096195145941,-0.0005069532424480977
55.6,103.91997406200637,0.5524083404071245,78.74478542172155,7.532370759860163,0.028969909280269164,1.0041771884803128,0.00019233047126446582,0.1325316093285518,-0.0019305421562949053,142.08196456939052,-5.225337623482288,79.00423254954723,10.70886022515503,-0.18138311931445406,0.13026656415370985,0.0024866958275901324,0.14699845974336823,0.004572469196082515,nan,nan,nan,0,100382.59741512232,-1.3059435442333145,0.05828441601275641,9.718488566251096,-0.0019243396002484518,0.0004978714321380805,0.0038431847189204513
55.7,104.67987943255068,0.5537837314782328,78.74478730201966,7.532369173544315,0.028992093255041464,1.00417570228773,0.00019945874510047016,0.13253157664269888,-0.0020248353035680457,143.14939995608435,-5.269099894049439,79.06002255842719,10.713145034716408,-0.17858121056854512,0.14003645877419377,0.002525081036270021,0.14696646686335546,0.004657606190690128,nan,nan,nan,0,100376.18600833547,-1.296429089352988,0.053434013831813634,9.68393556027274,-0.0002131092858220279,0.0026997504749328802,0.002494680597788493
55.800000000000004,105.43978475371392,0.5550885922037352,78.74478907699535,7.532367546938413,0.029014741409904343,1.0041740717495846,0.00020672311524880087,0.13253154142704937,-0.0021201688580614023,144.22129517591208,-5.287021502723785,79.0741362460358,10.72489689629202,-0.18006542527763678,0.14258702804049167,0.002559565151009964,0.14689511525002286,0.004826671453681034,nan,nan,nan,0,100365.4169407858,-1.2873795335945664,0.05130234968949018,9.665588662294056,-0.00018252238348086345,0.003984081959434259,0.002276190270153449
55.900000000000006,106.19969001588474,0.5563221562794768,78.74479074743573,7.532365868204269,0.029037904352798367,1.0041722006979843,0.0002141230205125388,0.13253151875617086,-0.0022165701039219086,145.29890676013284,-5.28542202506101,79.05341844304547,10.741379761669755,-0.18203641741357854,0.13797321383230735,0.0023690411275510844,0.14666442258215406,0.005126394394534627,nan,nan,nan,0,100386.6204803359,-1.2881769394191513,0.0763004374796255,9.584706883891092,0.003800178694458697,0.006959021097046797,0.0026884063429623824
56.0,106.95959521269147,0.5574836434511671,78.7447923328832,7.5323641659084615,0.02906163165819468,1.004170746976158,0.00022169566052449062,0.1325314831937141,-0.002314063036781555,146.37358299595408,-5.303645053779444,79.0672207849772,10.752468624303246,-0.1822858031231304,0.1392628724371423,0.0022256266348456475,0.14662612430938204,0.005262374357800524,nan,nan,nan,0,100381.24280504193,-1.2875474124348085,0.044365215476907235,9.613899789800135,0.0009169161328365166,0.004548367141002286,0.003606913928846338
56.1,107.71950033492473,0.5585722575146843,78.74479383708677,7.532362419956503,0.02908595592313909,1.0041693175153241,0.00022944781108120245,0.1325314431479554,-0.002412668644295911,147.44301071000203,-5.341998031351893,79.1197809933308,10.757468451904048,-0.18077962343781567,0.1476167091178168,0.0023151532990775296,0.146337407215823,0.0051569783836892,nan,nan,nan,0,100365.28919988802,-1.3307037473361731,0.10216483424273355,9.632947861852006,0.00013956402877181653,-0.0006115628345755748,0.0027632300970427117
56.2,108.47940537213552,0.559587182271764,78.74479526245294,7.532360617486786,0.029110840299744478,1.0041677259357966,0.00023736922315238554,0.13253141333363927,-0.00251241236070494,148.51923425130033,-5.360028274403025,79.1347037044881,10.76745357133275,-0.1802883673870541,0.151038646163802,0.0022142154868674243,0.14622314202146658,0.005253930041401861,nan,nan,nan,0,100376.16708783587,-1.2757555158790554,0.045877400754638586,9.68774752482626,0.008598923493360356,0.004338819732169975,0.0037038438610022275
56.300000000000004,109.23931031598833,0.5605275814783451,78.74479662344984,7.5323587769401374,0.0291363345866341,1.004166389416675,0.00024547733597402597,0.13253138063487002,-0.0026133227098817232,149.58466813964333,-5.4066913748191965,79.20920930217474,10.768209032748052,-0.17800474462721824,0.16239576312544662,0.0021068819240781427,0.14624739092819228,0.005285202938205653,nan,nan,nan,0,100381.63493519585,-1.291324656999832,0.05321550254589039,9.714318481766565,0.007816990173018318,0.00569262244680156,0.0013577582714873805
56.400000000000006,109.99921515740236,0.5613926013528164,78.7447979298737,7.532356898505189,0.02916242088918481,1.0041651173339363,0.00025378218671975243,0.1325313402541266,-0.0027154243028785817,150.66201714767456,-5.424512639266763,79.22577935359634,10.778835687352775,-0.17849018964569754,0.16788914695072782,0.0022419506430489157,0.14617943216345153,0.005412540608354548,nan,nan,nan,0,100373.14304051745,-1.2750124733895614,0.0611264857336276,9.756821911362033,0.0026938565279080754,0.003710081609639767,0.003253446613988097
56.5,110.75911988544806,0.5621813661645614,78.74479918541572,7.532354968091539,0.02918911660707741,1.0041637650739708,0.0002622804329141498,0.13253130167746274,-0.002818746324631761,151.75704662876987,-5.410322584083861,79.17065631260303,10.79987563121447,-0.18314259781074582,0.15905417514895548,0.0021887724578454775,0.14623123395261128,0.005898466518808241,nan,nan,nan,0,100373.38081633627,-1.3135700244727553,0.04148173884060244,9.596664736414619,-0.0007695489782157468,0.001921615696013671,0.0001542851482575023
56.6,111.51902448975359,0.5628929784957445,78.74480039926608,7.5323529904422895,0.02921643080389143,1.0041626449841712,0.00027097548858164944,0.132531262093861,-0.0029233207434637065,152.83754772442137,-5.428612901186902,79.18667635467587,10.810504427852617,-0.18284873240499766,0.16178285847161064,0.002164016718550342,0.1461759883528697,0.005985861018383021,nan,nan,nan,0,100400.1473706576,-1.2921951227906443,0.12172729748157257,9.621459485748062,-0.0011361028050331855,0.006644743554986355,0.004564984408940342
56.7,112.27892895960935,0.56352651850479,78.74480157993146,7.532350961904804,0.029244331903348676,1.0041615569223228,0.00027987643170505026,0.1325312197819306,-0.0030291828136537876,153.91994468663225,-5.445490533584744,79.19967448649213,10.821229177931906,-0.18206416321993485,0.1619303778634168,0.0022312996638313588,0.1461688132708725,0.006122140308257423,nan,nan,nan,0,100387.6567032867,-1.2815010085693648,0.07467049621943865,9.657359605148859,0.004888434702236944,0.0031061061553112933,0.0022788068757757666
56.800000000000004,113.03883328363409,0.5640810382467141,78.74480273868939,7.5323488882642575,0.029273316144948675,1.0041601040475183,0.00028901669840991,0.13253116603287363,-0.003136381247780511,155.0025768549169,-5.463649164225343,79.21585973915022,10.831671671544528,-0.18078049361346624,0.16185885252242743,0.002285840919450775,0.14603739580023833,0.006259390281777147,nan,nan,nan,0,100365.74763717412,-1.2938831818523178,0.11057813465994352,9.625859317195232,0.003922929650326778,0.008745143357001547,0.006328796658592639
56.900000000000006,113.79873744783819,0.5645555955257686,78.74480387070459,7.532346746145876,0.02930286257930494,1.004159237663546,0.0002983941427080923,0.13253112318018845,-0.003244903216025463,156.0847156544725,-5.483784803439258,79.23758929620216,10.841483115589128,-0.181028138837973,0.16467820577482797,0.0023405845072717304,0.14594600320208562,0.006443685896590297,nan,nan,nan,0,100380.91917443632,-1.286156511108325,0.05810816331637971,9.690349926634482,0.004766586911739443,0.006308412015020014,0.004131029106951879
57.0,114.55864144065255,0.5649491944733546,78.7448049854378,7.532344551020648,0.02933293236833543,1.0041581956687344,0.00030797603762010187,0.1325310848844008,-0.0033547960080430655,157.16941515562283,-5.501915384032263,79.25419943664116,10.85215712105863,-0.1811920203816523,0.16863242828053787,0.00227013561262917,0.14596968248790465,0.006549346865005113,nan,nan,nan,0,100362.24365132452,-1.310065815962039,0.07869398184131277,9.62712084163838,0.0022897932960541673,0.005560439891958156,0.00018395592232908417
57.1,115.31854525024539,0.565260821462985,78.74480609293988,7.5323423111921315,0.029363758786226546,1.0041569691911192,0.0003177864078895425,0.13253103995092808,-0.0034660982496678675,158.28009607266472,-5.492783964554441,79.19163100567201,10.873977595623979,-0.1849042757855517,0.16011859452667376,0.0023381695849453866,0.14614226055179524,0.006928345754571637,nan,nan,nan,0,100378.62522312682,-1.2977682490015308,0.06339216256626119,9.581085930966601,0.006056506312907531,0.0029726185590084582,0.0019098002849504453
57.2,116.07844886414603,0.5654894421618304,78.74480720354659,7.532340028443242,0.02939524683501484,1.0041562163944142,0.00032783746313820236,0.13253097725333274,-0.003578843081997605,159.36799043948977,-5.511302902485244,79.20760173425559,10.883922592740985,-0.18574930881953813,0.15998980850420808,0.002269633298719997,0.14600567076138948,0.00693693644300916,nan,nan,nan,0,100366.06918544318,-1.2828757038498415,0.03917509021186859,9.57704416508967,0.0012046319176839165,0.001407632694710809,0.0018345647345387331
57.300000000000004,116.83835226632885,0.5656339840744209,78.74480831277806,7.532337666769567,0.029427392616128402,1.0041553549990692,0.0003381038271298197,0.1325309192951969,-0.0036930923515078222,160.44594104157164,-5.539952464763438,79.25589459013402,10.888227702366576,-0.18394079077834924,0.16494205789264982,0.0022865386186693235,0.14568992339984543,0.006989587078676715,nan,nan,nan,0,100378.30000707683,-1.2967809716713121,0.011634267337547133,9.67161037211351,-0.0015264565444192252,0.0013599346711526948,0.004263975348504968
57.400000000000006,117.59825544154288,0.5656933516849411,78.74480943068541,7.532335239443917,0.02946103179937625,1.0041537431140026,0.0003486568619806738,0.1325308572484285,-0.0038089053006777245,161.53525600891825,-5.558389579208502,79.2724669944073,10.898529060546407,-0.18411856111167477,0.16655312156463603,0.002370068925641547,0.14555932398603288,0.007184109022015496,nan,nan,nan,0,100372.89556082356,-1.2789079887831885,0.04893555628874892,9.597383229870946,0.0065135929199146275,0.003130753201665691,0.002040740110640973
57.50000000000001,118.35815837404034,0.5656664605139238,78.74481056259135,7.532332747007006,0.029495422233122893,1.0041530593687429,0.0003595376354433592,0.132530787598091,-0.003926257456247266,162.65511322024724,-5.55366554142365,79.2069111032226,10.919877957791117,-0.18707028450898727,0.15501934352527574,0.002562826452784605,0.1456025529320859,0.007533705572973814,nan,nan,nan,0,100370.37794404024,-1.307015465587098,0.09607156592498539,9.630954277766026,0.001559776926656822,0.0013832024735974434,0.004890698605125274
57.6,119.1180610465076,0.5655521532002563,78.74481170572251,7.532330170486281,0.029530494445338888,1.0041522588313063,0.00037067723139404306,0.13253072667459254,-0.004045208665521927,163.74759811082382,-5.572380124762312,79.22257679571165,10.929553105139494,-0.1871447342244817,0.15806847280253697,0.0025030533481865684,0.14539445370884718,0.00768855880989747,nan,nan,nan,0,100361.10364402008,-1.30682589005248,0.09495642686358896,9.654132591578911,0.0005358692651263851,0.00782753163452353,0.0014082054460709706
57.7,119.87796344170319,0.5653492441558764,78.74481286202204,7.532327517829501,0.029566460292082646,1.0041509179033432,0.0003820747599806954,0.1325306782206912,-0.004165819486155233,164.8269993906591,-5.600447907025502,79.27552179774246,10.933539429626634,-0.18528900363135106,0.16542689064012672,0.002532999644035952,0.14508393541684805,0.007702030583216488,nan,nan,nan,0,100359.8035858744,-1.2895999655184516,0.06872069152034324,9.624879749077753,0.00036111096660999494,0.0021095104648838044,0.0025534542717839982
57.800000000000004,120.63786554756162,0.5650565064088336,78.74481407272813,7.532324840992227,0.029603325151367838,1.0041501576620149,0.0003938091772708011,0.1325305694456529,-0.004288175903170955,163.9109460951228,-5.802810011247401,79.11030502861756,10.576688282138637,-0.1711576790396403,0.12718887084018712,0.0018684826557140003,0.14126048392097346,-0.004606675391121598,nan,nan,nan,0,100388.73825265438,-1.3052263804325404,0.044437162740800944,9.616099839364699,0.002692119535330619,0.0013783352055785686,0.0034286154622367717
57.900000000000006,121.3977673374729,0.564672701682183,78.7448152982444,7.532322026469598,0.0296422540909768,1.0041490132128286,0.00040593015518933847,0.1325304806872336,-0.0044123182769606265,165.04639376251964,-5.803068336595546,79.09091320567383,10.59959725830338,-0.1707853905400347,0.12376175135404027,0.001909286124696898,0.14135410819578564,-0.004406853981759636,nan,nan,nan,0,100384.29522162217,-1.2650688949358284,0.06134182714530092,9.68411283497346,0.005079735185674176,0.0055569168925623715,0.002822625634555452
58.00000000000001,122.157668789205,0.5641965886008854,78.74481653330538,7.532319091815391,0.029681740586033567,1.0041478159720991,0.00041837160992391417,0.13253043983447355,-0.004538214443909438,166.10668116482526,-5.820180257492613,79.10331953019997,10.605719110083221,-0.1711990148685396,0.12395772034539398,0.001830867198401395,0.1411508121298075,-0.00438918465573233,nan,nan,nan,0,100375.01342231162,-1.2912063413877162,0.06016922748124393,9.65970355703622,0.003091968641829487,0.0013460038695016397,-0.0005365131989891582
58.1,122.91756989031741,0.5636268323964627,78.74481782052003,7.532316133108513,0.029722066838274615,1.0041468208826247,0.00043117061603853294,0.13253035905075605,-0.004665949117411531,167.21622553972267,-5.827770740148584,79.09608181097963,10.621262698117594,-0.17086008796015612,0.12047788809749548,0.0019284498429003208,0.14102752463104573,-0.004272654317381087,nan,nan,nan,0,100380.74458127022,-1.2912825259783116,0.0865145827457382,9.658335950841689,-0.0006070185290611551,0.003944792279903922,0.0028958855328390727
58.2,123.67747061935702,0.5629620722778427,78.74481915529725,7.532313098137424,0.029763422515259163,1.004146158089298,0.0004443216836481248,0.13253024992356632,-0.004795588680838261,168.27865830231278,-5.844860495982487,79.10832854106211,10.627387718769155,-0.171093078799993,0.12467185617399894,0.0017909052862780195,0.14095163341772743,-0.004383232941727063,nan,nan,nan,0,100367.81409865114,-1.3097541038291594,0.050358997743178584,9.691285004494235,0.0033708541634558304,0.002257716746473697,0.004024178112602399
58.300000000000004,124.43737094840878,0.5622009104488096,78.7448205100693,7.5323099185063045,0.02980600977767764,1.0041447794734617,0.0004577725426439588,0.13253018029205088,-0.004927204227436063,169.33521670950307,-5.863073045609924,79.12342766795922,10.63191722713493,-0.1704488688952354,0.1268753231347812,0.0016297577928005703,0.14088455192434135,-0.004295549850588021,nan,nan,nan,0,100377.99824316252,-1.289330898335059,0.08490907707723967,9.64614968188895,0.002873574547255344,0.005658204336489831,0.002259306868279262
58.400000000000006,125.197270859047,0.5613419193740219,78.7448219186703,7.532306676754106,0.029849921445952915,1.0041434976425947,0.0004716239282970161,0.13253008552571854,-0.00506085482995979,170.39872384581298,-5.8801304530355285,79.13620198932983,10.638083154010312,-0.1710023040677569,0.1287165209662342,0.0016550328474677538,0.14063943149122515,-0.0044181525319344,nan,nan,nan,0,100377.29596663374,-1.2797912093418582,0.04798741059309903,9.682878394336939,0.0018021310825399126,0.010630430498567607,0.0002305502926937008
58.50000000000001,125.95717032811925,0.5603836287641266,78.7448233923683,7.532303348640591,0.02989537047176357,1.0041425591309787,0.000485944233812288,0.13252994687566688,-0.005196602877832711,171.4277827655397,-5.902585490988646,79.16237025841559,10.635892159642065,-0.16958655353447685,0.13111256551120457,0.0016752461056818593,0.14035346772554202,-0.004372674904186407,nan,nan,nan,0,100384.87973184533,-1.2941245258622651,0.034905806739352827,9.684373768224281,0.004343079176416116,0.0016015613827576663,0.003309479932138239
58.6,126.7170693224824,0.559324521555824,78.74482489861582,7.532299846736071,0.029942191817552172,1.0041412550381814,0.0005006616540970477,0.13252984675080248,-0.0053345148508343885,172.49167413613148,-5.919477840210317,79.17568986039264,10.641821596541526,-0.16829743600509406,0.13417375691387418,0.0015589520395234418,0.1401066647389595,-0.004377969179241965,nan,nan,nan,0,100372.68438289774,-1.2842775453212947,0.03735300148659143,9.627465138037525,0.007690245638818962,0.0014732654392030807,0.00036165275082405534
58.7,127.47696781632364,0.5581630409736149,78.74482644938176,7.532296220718339,0.029990712433984712,1.0041396620878102,0.000515831228497749,0.13252976755293067,-0.005474646265292968,173.3588851594555,-5.963558602191351,79.26210279917088,10.608045429482516,-0.16878294592048745,0.14346915742513114,0.001600727651291974,0.13944386165335687,-0.004401964307634428,nan,nan,nan,0,100381.6736881085,-1.2982973612286757,0.07258285529846485,9.660242328745358,0.005065422035230195,0.0013445946407734596,0.0035707859113132154
58.800000000000004,128.2368657897215,0.5568975738372364,78.74482809086815,7.532292554965447,0.030040413269826288,1.0041388961855322,0.0005315325630848217,0.1325296141550687,-0.005617069275833001,174.41989119394788,-5.980452144472801,79.27660074721656,10.612086566128353,-0.16874869416677357,0.14672999265945064,0.0016935096761476493,0.13920341943216652,-0.00440115914915671,nan,nan,nan,0,100374.31314961039,-1.295018737957548,0.056552850894164924,9.678461519202108,0.005799342587138082,0.0035859631451869976,0.0035574774879933322
58.900000000000006,128.9967632056394,0.5555264382487404,78.74482978505361,7.532288705178468,0.030091994558324932,1.0041374206404423,0.0005477166453590732,0.13252947316093922,-0.0057618929514735556,175.48041201260997,-5.997397657339571,79.29178023264251,10.615471027633179,-0.16744793316796264,0.15026993767201677,0.001686477178703658,0.13908348584804098,-0.004351074206625233,nan,nan,nan,0,100381.3537171178,-1.2796178528721964,0.07520175703340488,9.684445388957084,-0.0007211474859854282,0.0009999453681491426,0.002010553116642738
59.00000000000001,129.7566600300541,0.5540479211435719,78.74483152846753,7.532284683193805,0.030145421010797417,1.004135851366286,0.000564399231897742,0.13252936712614294,-0.005909183281899277,176.54217333328734,-6.014122897759978,79.3069489267706,10.619880932300195,-0.16768055825441397,0.15338410634807273,0.0016543074143110176,0.13890092485610328,-0.004275961393212652,nan,nan,nan,0,100382.24743702405,-1.2722453453465732,0.05051839829243515,9.708816320975085,0.003943571852314259,-0.0008743886031087052,0.00319049644109016
59.1,130.51655623755067,0.55246024396559,78.74483336767821,7.532280576121174,0.030200732172707117,1.0041344735725537,0.0005817043960804897,0.13252920195813722,-0.00605902624172161,177.53656182313483,-6.038115112488158,79.34635724171574,10.610773833402398,-0.16838247998568706,0.1589252265968515,0.0016223661521413428,0.13865967591702044,-0.004256561772104187,nan,nan,nan,0,100398.03002081403,-1.2769067257493265,0.0695436523806882,9.577637454143217,0.0025151308103026153,0.002521071493424948,0.0038939533127698607
59.2,131.2764517890976,0.5507615651565828,78.74483528436335,7.5322762900273785,0.030257981603431534,1.004132912590626,0.0005996230837674145,0.132529026539695,-0.006211513374972418,178.59776759841762,-6.054870942318155,79.3622153358135,10.613696423407557,-0.16682834524811052,0.15893519296357536,0.0017393252798548005,0.13864300969529753,-0.004143536765016061,nan,nan,nan,0,100375.20531868165,-1.298261147816871,0.06529698015328687,9.61175143730606,0.0026590587556626316,4.35207614946408e-05,0.003087002938797087
59.300000000000004,132.03634664308007,0.5489499807911554,78.744837258475,7.532271787660028,0.030317288514473312,1.004131330373593,0.0006181114713726655,0.13252889733321638,-0.0063667349474859965,179.63022267955546,-6.074238032973748,79.38837650580041,10.61193904927424,-0.16692931028206692,0.164555792127238,0.0018158383584004388,0.13838050033684102,-0.004067255951508173,nan,nan,nan,0,100390.1768031097,-1.308582304055524,0.06741802438637617,9.587747857548706,0.005206970232272617,0.00834164425205976,0.0023452639683573936
59.400000000000006,132.79624076826434,0.5470235221093837,78.74483933100294,7.53226716625598,0.030378653018372274,1.004129835326831,0.0006372705878764117,0.13252873188767977,-0.006524782547181652,180.6915663827818,-6.090895035567296,79.40483524252134,10.615228871646657,-0.16622669848966584,0.16681081022214408,0.001826197693786879,0.1381968632695072,-0.003951383106142663,nan,nan,nan,0,100361.31627180037,-1.2718118093702635,0.09279164128755875,9.737123385251463,-0.00046152489587545763,0.001638426940985825,0.0011339902650185038
59.50000000000001,133.55613412468733,0.5449801457975276,78.74484150594296,7.532262379635545,0.030442222804088075,1.004127937831295,0.0006571478922981792,0.1325285282735582,-0.0066857627251500655,181.81212038676745,-6.102826195229905,79.40161378810038,10.629083016799107,-0.16536522838887477,0.16605987061049474,0.001706154666263962,0.13825451142339729,-0.0038990589563268757,nan,nan,nan,0,100385.0480107665,-1.272986899157983,0.060325289199840065,9.64798890319091,-0.005402627541722412,0.0030259397077650367,-0.00010196602792570536
59.6,134.316026664222,0.5428177316533009,78.74484376022255,7.532257357050265,0.030508010340891213,1.0041262648781732,0.0006776850088641181,0.13252835062045953,-0.006849793098764241,182.87522779499758,-6.119350620179107,79.41830686298246,10.632800299912956,-0.16466540635970883,0.16737226539744243,0.0015337553564574481,0.13786652953004697,-0.003928350068796494,nan,nan,nan,0,100380.62120265402,-1.3050286091499586,0.11301456595871323,9.613694284233937,-0.0034463212692212876,0.0034784465559598125,0.002467624812599646
59.7,135.07591834523652,0.5405340853572358,78.74484611457947,7.532252148863167,0.03057633182351648,1.004124677945567,0.0006989515792870222,0.1325281633356572,-0.0070169930085466296,184.15281232259474,-6.121678670600684,79.36372015089255,10.67291104047392,-0.16505597457186455,0.1575388348762436,0.0016506204700042842,0.13808308601619879,-0.0037942896202355723,nan,nan,nan,0,100375.04213422044,-1.284891902632025,0.022728630987815857,9.587920759483193,0.0007996363717237432,0.00046314438324971405,0.004378303618912405
59.800000000000004,135.83580912335884,0.5381269423997351,78.74484858883835,7.532246755606782,0.030647300397728932,1.004122364938113,0.0007210609973492643,0.13252793376307337,-0.0071874692743308065,185.22028270419835,-6.138195600697607,79.37967462542579,10.676093680482303,-0.16485645390179127,0.16089163459729275,0.0015930024568533159,0.1380346546729696,-0.003739959969255682,nan,nan,nan,0,100375.65105764916,-1.2977359803519617,0.06411541599422556,9.593211933764207,0.005306634998953531,0.0019665994817989856,0.005187215222434168
59.900000000000006,136.59569894483226,0.5355939383834696,78.74485117269397,7.532241107653498,0.03072100611441947,1.0041202276820522,0.0007439933214116535,0.1325277010291248,-0.007361362454515889,186.36771166216562,-6.150447170719688,79.36969268980856,10.693142216551983,-0.1652949185058688,0.1589033504757378,0.001640009792477407,0.13797148921388147,-0.0036945792982589288,nan,nan,nan,0,100366.76581369352,-1.2867190568061646,0.08162768880658963,9.639382653957714,0.002690976160345945,-0.00030992209742347534,-0.0009946527147605359
60.00000000000001,137.35558775611213,0.5329326242614079,78.74485386685399,7.532235205785563,0.03079751237861066,1.0041186674138662,0.0007677531198460215,0.1325274783511099,-0.007538806559896272,187.43720485587,-6.16695848936352,79.38566198438777,10.696937446812973,-0.1644519249324745,0.16090976811265628,0.0018564995463781185,0.1379014349707992,-0.0036436824242954786,nan,nan,nan,0,100376.48300306551,-1.296775952182829,0.08031621585569111,9.674261071704573,0.004602041865928991,0.0008441158757666674,0.0018166149420284663
60.1,138.11547550530094,0.5301404574170793,78.74485669686653,7.53222907601548,0.030877180537974717,1.0041159069193983,0.0007924642806858362,0.13252722250294902,-0.00771994497131251,188.69293283021358,-6.175411195089924,79.34186721177072,10.730687232793477,-0.1641422935464387,0.15377671860914818,0.0018676450081172124,0.137972225372883,-0.003601959093107309,nan,nan,nan,0,100378.2983063649,-1.3129152696909625,0.056773202271229645,9.699819673605118,-0.005607097885669716,0.005646547054158045,0.002551185721577502
60.2,138.87536213379516,0.527214787294767,78.74485968049527,7.532222692380522,0.0309599972647633,1.0041132885991575,0.0008181946280717235,0.13252691664974425,-0.007904945514530606,189.7661395669304,-6.191849158191136,79.3572782803573,10.733601334781866,-0.16456620609243922,0.15449393378873427,0.0017186281240451503,0.13800545626642924,-0.0035974122905997803,nan,nan,nan,0,100378.18180735709,-1.2973007954936837,0.051324740094008864,9.703666206820401,0.006300984930871606,0.003656896409053529,0.0004730541361416345
60.300000000000004,139.63524757341068,0.5241528549021641,78.7448627982185,7.532215967542356,0.031046534978960268,1.0041115758820418,0.0008449371647698649,0.13252662285294514,-0.008093982197633253,190.9701082375864,-6.20402945490602,79.33129525954175,10.758366131228659,-0.16377959163802028,0.14983503705451032,0.0019669822866148997,0.1381599057563596,-0.0035448184266775357,nan,nan,nan,0,100373.70084944219,-1.2642818064039336,0.07007180596769974,9.703777254878657,-0.0023037377134484537,0.009467868315009433,0.0026052584665373127
60.400000000000006,140.3951317624492,0.5209517570512469,78.74486610300157,7.532208968500697,0.03113675633171612,1.004108580766143,0.0008727850834273905,0.13252626626159136,-0.008287301188186106,192.0460863088108,-6.220431790454769,79.34632315567673,10.761176280830453,-0.164012764709157,0.15026326461393558,0.00208140968431136,0.13804050318151617,-0.003654543022405281,nan,nan,nan,0,100359.00286040621,-1.2907194730577234,0.08002141781929505,9.61630814227501,0.007397528711602803,0.004065066686920938,0.001307173106981988
60.50000000000001,141.15501462046916,0.5176085436034628,78.74486955534394,7.532201554098653,0.031232071878082336,1.0041048679915487,0.0009019970348232067,0.1325259316781191,-0.008485005574569094,193.4643565560219,-6.229175922117886,79.2540605958536,10.820956611192239,-0.16353599274251393,0.13785038626558627,0.001959591179989852,0.13846119045621652,-0.0036411262716321167,nan,nan,nan,0,100368.67602218274,-1.3188130158714748,0.07536148245102403,9.697961459394344,0.0020303196791022888,0.004817083659242855,-0.0002284258720962936
60.6,141.91489607595662,0.5141200975892908,78.74487320374469,7.532193797331486,0.03133092783494738,1.0041030684593022,0.0009324848737761377,0.13252555906314734,-0.008687260993193821,194.54660771313607,-6.245546806796021,79.2677920128747,10.824023743541296,-0.1638388826176676,0.1375990113975472,0.0019295462569045869,0.1383093259581536,-0.0037709289500297925,nan,nan,nan,0,100360.81728558545,-1.295912768207306,0.07787168726568347,9.633430077606654,0.010007299448371084,0.002615997752680864,0.00021662159337278988
60.7,142.67477604478208,0.5104831320489842,78.74487702472447,7.532185624356581,0.031433965891885775,1.0041002228189824,0.0009642114833692279,0.1325252149984033,-0.00889430624568804,195.50887958824674,-6.263425485391674,79.31889989979351,10.808053381602038,-0.16340337872687147,0.14274228624070356,0.002087267499603753,0.13805324930606888,-0.0038534301417133443,nan,nan,nan,0,100381.03409428454,-1.289790771398245,0.06893683615599402,9.611831811073582,0.007022793182214831,0.0059085513030421,0.002562401007013287
60.800000000000004,143.43465444977414,0.5066942230629792,78.74488107967201,7.532177118693584,0.03154158796857099,1.0040958366216786,0.0009973839431708662,0.13252479361270098,-0.00910638860965892,196.58983500725324,-6.279769986131461,79.33326521212548,10.810971505785835,-0.16362725691349375,0.14415642523230804,0.0019332717312005299,0.137830990170837,-0.003890408696308572,nan,nan,nan,0,100359.02991751366,-1.281201308720543,0.08693303233910496,9.609461076530277,-0.0007608919074882877,0.00029800878384632053,0.0020830048118382423
60.900000000000006,144.19453119948665,0.5027497936398317,78.74488538747146,7.532168192145681,0.031654563348523776,1.004093041692903,0.0010321285875046953,0.13252428596140242,-0.009323765532214482,197.77656708626122,-6.295785170514884,79.31533337555847,10.830686839609916,-0.1643718990870763,0.1408494803138853,0.001995010853968948,0.13789495242281946,-0.003891961673483042,nan,nan,nan,0,100366.23628280121,-1.3066017985476466,0.0824603467871198,9.601618677058699,0.005111041151419645,0.0043313230681994936,0.0023718497724175237
61.00000000000001,144.95440618667894,0.4986460980053868,78.7448899160815,7.5321587086117905,0.031772863608034,1.0040902121396544,0.001068389932533764,0.13252380080766657,-0.009546710098163533,198.8597560734222,-6.312203549101644,79.32944954243368,10.833133527219102,-0.16410150997099981,0.14125015334238233,0.001964007025504454,0.13770027396912377,-0.003993293273023782,nan,nan,nan,0,100389.76994086473,-1.2630181149232758,0.07215584547520977,9.663117174801354,0.004032973473559671,0.004819241990370482,0.0019452247271023154
61.1,145.7142793081698,0.49437921779663135,78.74489470583127,7.532148704396917,0.0318974886169174,1.0040847040388252,0.0011064141596484915,0.1325232950987838,-0.00977551157202896,199.85475081670265,-6.32813028101907,79.37058574694544,10.822142717990163,-0.16399561229375662,0.1466314127554926,0.0019134998376464317,0.13741085393328034,-0.004078321217806907,nan,nan,nan,0,100388.22621720697,-1.2994011334621465,0.06153007659220525,9.69513262706311,0.007127902066996662,0.005900400932903093,0.0023569948184468227
61.2,146.4741504602988,0.48994503931891653,78.74489984811338,7.532138236432739,0.0320286074996607,1.0040807456011616,0.001146487008941867,0.13252262445444773,-0.01001048176043504,200.93706690319303,-6.344520280031414,79.38529895028522,10.824233010881633,-0.16392719709579834,0.14705086183636334,0.0020046416278993017,0.1373262664753916,-0.0041681345450653735,nan,nan,nan,0,100376.94708002734,-1.320591464836503,0.06028962903808548,9.6169387885475,0.005374752420188948,8.056406661985024e-05,0.0004346112837533764
61.300000000000004,147.23401950600538,0.48533922213034253,78.74490528915729,7.532127035709962,0.032166860393000554,1.00407759217276,0.0011885499725505363,0.13252195822245727,-0.01025197419204412,202.2230569966554,-6.363728950602551,79.33858655619524,10.857995767361533,-0.1644895087938712,0.1426841868369271,0.0019349127739542579,0.13750083955450054,-0.004181344685933271,nan,nan,nan,0,100371.21174350579,-1.308031453234975,0.083594762899002,9.700247941690444,0.002323254750822479,0.002034595837232145,0.0022822264061717395
61.400000000000006,147.99388630961903,0.4805572102129472,78.74491104832386,7.5321151018688255,0.032312777765118636,1.0040715849817061,0.0012327565712411314,0.13252131996358352,-0.010500347851364191,203.30898129909167,-6.380123100084371,79.35305098144175,10.860388812388559,-0.16316284056991623,0.14556644703988145,0.0019581561934991594,0.1374974877752324,-0.004215524316809282,nan,nan,nan,0,100378.37708935842,-1.291287486996037,0.11601217859100688,9.60246313887415,4.936122179219349e-05,0.00020997050996376942,0.0020152078872845815
61.50000000000001,148.7537507431582,0.47559421827768156,78.74491724775388,7.532102559682224,0.03246711906883621,1.0040659004114674,0.0012795495877847406,0.13252051214426497,-0.010755959911894868,204.4442167303425,-6.397473371200179,79.35282945886046,10.87002227439548,-0.16274729801949958,0.14348165499753882,0.0018602440458947043,0.13742562802939284,-0.004319267525250775,nan,nan,nan,0,100376.1423485268,-1.2991524948561217,0.04611367888380828,9.672036051856955,0.006636811818404011,-0.001168674331239317,0.001425703498348137
61.6,149.51361264666497,0.4704451527950282,78.74492389262872,7.532089200852086,0.03262989887296576,1.0040621824081586,0.0013289309041215535,0.13251959399469837,-0.011019267792829808,205.531303619426,-6.413794531264605,79.3670830111201,10.871652847751465,-0.16373902467767099,0.14133241261676627,0.0020051470124940454,0.13728978423150817,-0.004340288028703203,nan,nan,nan,0,100381.51823949965,-1.2838679452660489,0.07808352853619968,9.572505161244536,0.007491611704702733,0.004927644844315893,0.00410599476573208
61.7,150.2734718366064,0.4651046227785742,78.74493093941774,7.532074808273454,0.032802546665896125,1.0040554601868659,0.001380920216802639,0.13251874363071492,-0.011290784382932231,206.7252420403838,-6.433314166753246,79.34932007518435,10.889325868662194,-0.16399673243396196,0.1360859058427463,0.0020477933043071715,0.13742846247213447,-0.0043534931425649745,nan,nan,nan,0,100380.78526818856,-1.3127857062225023,0.01558374285689175,9.60200038708668,0.00417158499622272,0.01052946452477932,0.0026700264033295636
61.800000000000004,151.03332815005072,0.4595669692299216,78.7449385564635,7.53205960797713,0.0329857692298513,1.0040480749663392,0.001436111288790668,0.1325176957876728,-0.011570985372989905,207.8142891253177,-6.449668320312661,79.36298880019527,10.891488071197344,-0.1627272639557193,0.1374609037426697,0.0020234560122950667,0.13716028817206283,-0.004470764824273205,nan,nan,nan,0,100382.72467819181,-1.2841064433637859,0.07989937215708846,9.71645881009803,-0.0022247318076407292,0.0027210184541270367,-0.00013848020452535614
61.900000000000006,151.7931813872167,0.4538261568070085,78.74494679717996,7.532043365332193,0.03318086556713637,1.0040422591181808,0.0014947815039785574,0.1325164367270959,-0.011860449938351093,208.67607293005986,-6.457437439615509,79.44446104263372,10.859522144614829,-0.16064618186876886,0.14788262692803258,0.001829063727564674,0.13672892358777977,-0.004645519216218298,nan,nan,nan,0,100382.0434758778,-1.291198536314182,0.08469741985585619,9.67996401173113,0.00517714053013369,0.005971889901409077,-0.00039214882998356336
62.00000000000001,152.55303130780698,0.4478757517672101,78.74495561270193,7.532025749959098,0.03338820618540709,1.0040349938478115,0.0015568516617368196,0.1325152055003278,-0.012159846243641737,209.7621419885861,-6.473474441675388,79.4593362140141,10.861593015691588,-0.16010974214115112,0.1501796346533622,0.0019091235489815644,0.13664347023334722,-0.004845353303841376,nan,nan,nan,0,100376.89813300998,-1.3054262261958443,0.07088950255859947,9.66826141536169,0.006658724353514226,0.006050832662511447,-0.0014641458745401122
62.1,153.31287768368568,0.44170895153650397,78.744965145441,7.5320068830383775,0.03360995681087978,1.0040254621452784,0.0016229649655516865,0.13251383557585839,-0.012469832459901105,211.15223008862947,-6.502954860248681,79.38436380624883,10.908243473838565,-0.16041558424672864,0.14108125100930632,0.0018145499168570832,0.13707715413905208,-0.0050670549763797874,nan,nan,nan,0,100365.28469858808,-1.3024384626151513,0.06583073730693287,9.662977940586094,-0.0009214467458221222,0.007179141795918785,0.002430886471268033
62.2,154.0727202668398,0.43531850044323916,78.74497556557196,7.531986707191595,0.03384714348174249,1.0040172053350722,0.001693729337124564,0.13251211592871837,-0.012791133473034426,212.24313654945837,-6.518973001235376,79.39858117959002,10.910027012198997,-0.15982613561175102,0.1421629551608829,0.0016685624515577562,0.13724898471226332,-0.0051903014467806815,nan,nan,nan,0,100383.4674648712,-1.2825724848412614,0.06195218241955222,9.614877742773174,0.0036094013256082785,0.004698416258815034,-0.0005917963157792256
62.300000000000004,154.9085423525334,0.4280213242560391,78.7449880333332,7.531962443054705,0.03412852727897219,1.0040055750281354,0.0017770015172288685,0.13251008976469159,-0.013158762155032075,213.5897017344531,-6.548131651612738,79.33722837464484,10.948973121541277,-0.160449957361054,0.13424512013662457,0.0017479101847738586,0.13769133960293645,-0.005415124807115119,nan,nan,nan,0,100372.11514359292,-1.3072106375955133,0.06330334575308762,9.553078474706544,0.0006629865302343737,0.005897626695013745,0.0027161571172515282
62.400000000000006,155.59239278345052,0.42183482887568896,78.74499908402933,7.5319408044391905,0.03437428310442653,1.0039962824658133,0.0018497653686586736,0.13250838703658308,-0.013471429129772661,214.6846821762446,-6.564144459762412,79.35070588989294,10.951100018535708,-0.15984382820952653,0.13567330703434435,0.0018107042682068558,0.13750635601792083,-0.005582280597792383,nan,nan,nan,0,100381.69268338467,-1.2796158185575226,0.04968720397539875,9.635626413418882,0.0083986635066679,0.005937563272699909,-0.0007767349813702384
62.50000000000001,156.35222206371103,0.4147243476760324,78.7450125956065,7.531915086336765,0.03466893413792647,1.0039831737809815,0.0019366490873594438,0.13250595129849918,-0.013832384000243989,215.55266450232952,-6.566793868995752,79.43150690026118,10.920554351292886,-0.1585104190729441,0.1441167686002171,0.00193753947558359,0.13718826163922415,-0.005702670339999597,nan,nan,nan,0,100372.56179032833,-1.2883926239144086,0.04985597944032865,9.653414479879132,0.007860566467336624,0.003914266362404915,0.0020513848692666555
62.6,157.11204615755068,0.40735546896677644,78.74502740922789,7.531886875370404,0.03498660392722881,1.0039709566451567,0.0020300936421493816,0.13250323190809188,-0.01420876892720814,216.64483163170019,-6.582668435821894,79.4459929054719,10.92246442258299,-0.15876483502701538,0.14618575574124054,0.0020291948667342146,0.13698802386115982,-0.0059742109247883325,nan,nan,nan,0,100373.069433795,-1.307428599019939,0.05841674828499421,9.704152070228387,0.0040591503097072695,0.004114547410622072,-0.001904522957260955
62.7,157.8718646009515,0.39971776080485405,78.74504363318069,7.531855815743063,0.03533082447882385,1.003956263810315,0.0021306142764212525,0.1325003473266444,-0.014601965342377964,217.81635024676464,-6.603694558140703,79.43727683614797,10.935385108993929,-0.15855848868498384,0.14479297353008824,0.0020973466147931425,0.1370850902361691,-0.006256356250065522,nan,nan,nan,0,100368.835879245,-1.2921920924605874,0.0665434543681541,9.62252893016939,0.004484053300896034,0.005241402048976407,7.35068291974378e-05
62.800000000000004,158.6327282520193,0.3917604163664902,78.75450635317266,7.542958311015338,0.03566984826468295,1.0869864859993472,0.002219788508180983,0.11398188050375135,-0.015060017383378085,218.9110380828599,-6.619528352727667,79.4610066142619,10.956896293487128,-0.15802323072656854,0.35925844749182256,0.0022692862403626284,0.1187146097588394,-0.006515778513003381,nan,nan,nan,0,100357.24913922326,-1.3829201239633901,0.08445148281629178,11.105963719693674,0.0007003893816259698,-0.40837317634986936,0.0023188502436643802
62.900000000000006,159.39272792349726,0.3834792095144224,78.78271512105394,7.535898316063928,0.03601231536891564,0.861882178478519,0.0020798010062828163,0.06479853847076411,-0.015614002056409882,220.15700818964896,-6.646288834876457,79.45853057870342,10.936589030388202,-0.15927825027407205,0.4970869775695438,0.0021423781716523173,0.06987866198268589,-0.006974378681573027,nan,nan,nan,0,100375.99446115116,-1.517945535586554,0.06768870789501379,10.92198213379507,0.0038272233887191535,-0.562161010655592,-0.00038629559050734966
63.00000000000001,160.14485218803154,0.37501720581219633,78.82546853320238,7.461064647606537,0.03669491071067445,0.5802568734108849,0.00172400051352712,0.008055791900723808,-0.016189600336976438,221.24571604778637,-6.662217514237187,79.51512624366204,10.826877026641203,-0.15855696632954755,0.6467245913859653,0.0018309698935677632,0.013103590842865387,-0.0074613550136186976,nan,nan,nan,0,100376.81295200928,-1.5653827056708298,0.06776965832476746,11.01749146472069,0.0004393351168268194,-0.5688449932595129,-0.002984854352869721
63.1,160.88250832498522,0.3679927751157062,78.88435490517746,7.317298238096986,0.08423139876240868,0.4327203321211016,-0.0027564338183379503,-0.04614367284568299,-0.013789533663682468,222.61104105293518,-6.699614641365066,79.50111045136872,10.693147420977779,-0.0911552149610826,0.8963164874136742,-0.0027786560017345483,-0.04075833388535055,-0.005126155456550493,nan,nan,nan,0,100356.71550650358,-1.5866987581589986,1.8612000957158708,14.577158242899854,-0.2110976511221965,-0.7093370467766182,0.14078506775393235
63.2,161.59910089723982,0.3745123292468645,78.96485914312736,7.102555346044366,0.026488751912065216,0.000669558951224639,-0.020754438370788865,-0.1098897291571368,0.014647887824887811,223.66891165427384,-6.700963572399092,79.59437088525878,10.461013538892134,0.04512446504802574,0.8912911428872671,-0.02091456251083304,-0.10473980112413539,0.02331204783687426,nan,nan,nan,0,100382.10380386686,-1.4462803337631251,0.7370374248138216,9.492795753683014,-0.10266755018234454,-0.4358135944662616,0.3742461228417565
63.300000000000004,162.29073358947633,0.3901495440966939,79.0401645244602,6.831119320009252,-0.18743562500753225,-0.2303875003671309,-0.03405888285425883,-0.14343043811000156,0.057548849370584715,224.9152540313741,-6.7111704059538235,79.6180076867,10.224866955424316,0.10770963168580248,0.8661449532208374,-0.03411738078122742,-0.13828445703329018,0.06622986894906262,nan,nan,nan,0,100358.16726057485,-1.342814458612725,0.3270001614905669,9.79299741260101,-0.03467570119919086,-0.2754751452652042,0.4497060186706575
63.400000000000006,162.95466208781937,0.4105114953671174,79.11318589026156,6.528995692981139,-0.434751193111181,-0.36199970419204325,-0.04309890881161902,-0.16313903135833163,0.10492216176814254,225.9237403989757,-6.698419394965647,79.70303600839395,9.94242743896413,0.14503657776266096,0.8361159188361608,-0.042990694881949384,-0.15824915404449502,0.11374379459051191,nan,nan,nan,0,100367.70507185478,-1.251308174242935,0.24265855471160325,9.794054925118898,0.0015755512530024585,-0.16002204463016842,0.4735256351953578
63.50000000000001,163.58959476786674,0.43391472778211315,79.18343190821378,6.208540016642645,-0.6747163793828964,-0.42609587606301985,-0.049642152073572234,-0.17455383852404038,0.15350285712134787,226.96868848167742,-6.688483421100231,79.76488878574766,9.65832343492641,0.17250383612605666,0.8059865670896533,-0.04932338319457464,-0.16956011026433981,0.16237080442337928,nan,nan,nan,0,100361.37461274334,-1.19641591057434,0.28628453700760603,9.845792041545874,0.02944951299600136,-0.10459894069139163,0.4774163283131061
63.6,164.1949555882663,0.45945744019332657,79.25053000778288,5.876476397243861,-0.8951704336921604,-0.45825130594631014,-0.055075256269367906,-0.18106740976367885,0.2022979935112497,227.9197629599882,-6.6702652915984935,79.84383684732316,9.362582273760802,0.19117749206557377,0.7738088449203034,-0.0545291623248292,-0.17621716917812313,0.21126558630649578,nan,nan,nan,0,100356.37776503395,-1.126091145614746,0.2994767804657924,9.841848067777171,0.0330095800548552,-0.06782058268301655,0.4800909738911118
63.7,164.77060647585554,0.48646024271258875,79.31406428760899,5.5374814941006605,-1.0919451093724066,-0.4691310341389857,-0.060647156819077744,-0.18426233968922845,0.2510144436778624,228.84116354604575,-6.650474389728966,79.91954975904986,9.066165039891105,0.20326489559461805,0.7390974980643638,-0.05975277028314509,-0.17952722275166755,0.2600107204900137,nan,nan,nan,0,100370.1081941889,-1.0849238520011688,0.3332564098146017,9.777793532411682,0.03394238626104212,-0.046940898108866716,0.4805953486633029
63.800000000000004,165.31667427191877,0.5143825194408728,79.37372140593834,5.195167860732907,-1.2629372060567228,-0.46919845465285465,-0.06740769033106707,-0.18491301804094862,0.2995677445850095,229.73305544186175,-6.629721850922162,79.99152969028744,8.772613885048175,0.2110105515972328,0.7002718865623017,-0.06635277361292957,-0.18045920155472084,0.3087921701766455,nan,nan,nan,0,100389.75367535389,-0.9847847484575627,0.33037218900874765,9.677232222254027,0.013629879674921835,-0.025558571308305304,0.47758633903565695
63.900000000000006,165.8334602710358,0.542860853888316,79.42923352974518,4.852947350374176,-1.4063777175966847,-0.46233232697937743,-0.07610087956192188,-0.18317307650937487,0.3479060647660993,230.46117434330347,-6.593435167327924,80.10793513095861,8.46494028081741,0.2154998303896226,0.6654042755248805,-0.07510116540042786,-0.17888136954627565,0.3573060993044386,nan,nan,nan,0,100364.95045096532,-0.9516458346945503,0.34490078306394956,9.622056596817037,-0.008665968423683645,-0.003686225187459354,0.47492507095023895
64.0,166.3213667288583,0.5717739810611961,79.48045295047051,4.514373462071161,-1.5204969848726733,-0.45010404592727005,-0.0872232264592479,-0.17886838120770965,0.3959638378373898,231.2933440985633,-6.571733111453407,80.17237456239717,8.179225037846201,0.21919706594170563,0.6242332205009692,-0.08594627624346174,-0.17480572300626163,0.4054751447395026,nan,nan,nan,0,100361.39109642111,-0.8943261458285008,0.3524023241163802,9.732992098050936,-0.036136157633339334,0.022457449979300905,0.4762386521039951
64.10000000000001,166.78085000348295,0.6012998285923702,79.52739936941444,4.183256561706819,-1.6036078074869198,-0.4331505605863821,-0.10097896489392588,-0.1717359163058656,0.4436547321159827,232.0470481957188,-6.543220770629353,80.25291064680205,7.891545997471478,0.22618119097411943,0.5833836585065907,-0.09960752470975842,-0.16786598379470363,0.4533027061338941,nan,nan,nan,0,100378.49129702325,-0.8155212586965724,0.39940675581723595,9.692980468870717,-0.0711131740104297,0.04473792395253829,0.4739139233252971
64.2,167.21240928102276,0.6319494755877293,79.57018815778397,3.8637113155418574,-1.654290551195525,-0.41219671449552786,-0.11744745168321497,-0.1614314229411249,0.49085395627838696,232.82229843563698,-6.519974143074573,80.30923921855351,7.614740629390191,0.2397372399740984,0.5427157053100428,-0.11578834718366798,-0.15771427689125117,0.5006318385371789,nan,nan,nan,0,100353.32926282813,-0.7702040742480828,0.4242646414838239,9.671956447648602,-0.0939225114830964,0.07216854597064606,0.47791717740332185
64.3,167.61656279093143,0.6645973745762912,79.60904058213697,3.560116825903065,-1.671501651282091,-0.38632476535967886,-0.13635393713662652,-0.1476858310409026,0.5374163664290244,233.69659970387818,-6.513553135896312,80.30086972318053,7.3592653920132625,0.26462715040376916,0.4966332050170616,-0.134547767517474,-0.14409025074913728,0.547372905304416,nan,nan,nan,0,100358.92212754494,-0.7748487848568835,0.41177779763389644,9.667824659194554,-0.1264398547699622,0.09524346224027916,0.47767809180673565
64.4,167.99389664952423,0.7004704098411251,79.64396666098234,3.2772916618691488,-1.6544283338631582,-0.358090669456568,-0.15801595009742694,-0.1297688236497785,0.5830835546425995,234.41922005802985,-6.485343156608397,80.34848105327933,7.094044475373293,0.3028497118444871,0.4578365581240193,-0.1560127088786109,-0.12640307076613966,0.5931185060637805,nan,nan,nan,0,100366.99871179994,-0.6633990957042766,0.37729625340495393,9.947557343182597,-0.16336104579986185,0.13367455981416373,0.4746177718630458
64.5,168.34484573358247,0.7412565723205768,79.67577965183095,3.019586303510349,-1.603630850092177,-0.3220289785699892,-0.18062027418339713,-0.10876750021875692,0.6278818541250242,235.24258790535768,-6.476049562630248,80.31445302603478,6.848624682056007,0.35991072236381044,0.4172738594694991,-0.17864649070808053,-0.10553670971938844,0.6380734619417898,nan,nan,nan,0,100356.14325303333,-0.64867727544284,0.37977743344454545,9.815470090044737,-0.18429750013725962,0.15346734194991446,0.4777371186129628
64.60000000000001,168.67003899601897,0.7888647547840143,79.70426339952573,2.7913558922556336,-1.5200507288507301,-0.28255458054637644,-0.2045840072035451,-0.08393091330144742,0.6715241619864565,235.91458368345116,-6.436327643810403,80.35467182208158,6.592606587155864,0.43803226179927557,0.38287705855937537,-0.20253762269874284,-0.08114346029462371,0.6819881522187607,nan,nan,nan,0,100367.13150272793,-0.6087216117940104,0.33088636194111637,9.77253776854475,-0.21290259963654365,0.17634930973658086,0.47679888281260996
64.7,168.97002020213426,0.8455318807425611,79.7294392349496,2.5969323163030533,-1.4051649644019746,-0.23656111770923988,-0.2293030660475535,-0.055452167809041164,0.713905068406986,236.49773706467147,-6.370665655504067,80.45017950916785,6.333408280980537,0.537725393780292,0.3563720292971429,-0.22713666962108028,-0.05302475926218597,0.7245965287419684,nan,nan,nan,0,100369.6920544003,-0.5834016521597045,0.3218182399954347,9.85579592319635,-0.2312831444822767,0.20986139462257117,0.478529950090091
64.8,169.24525898820428,0.9138130804329216,79.75148042354208,2.4400198272161875,-1.2614387322693288,-0.17287994735306533,-0.2535839947655,-0.024443931391174845,0.7551765521806039,237.11856863941358,-6.31072168150882,80.48457790997381,6.083898767614718,0.6658942876361611,0.33287198087227,-0.2512554242160006,-0.02209476781135944,0.7660123467580353,nan,nan,nan,0,100386.3075805541,-0.5749166149873656,0.3241759899602114,9.89947107784964,-0.20607901348153215,0.20007537096174152,0.47597986300834766
64.9,169.4957341148807,0.9968236120066466,79.77269410786502,2.32117947892266,-1.0941932805560717,-0.07574897302612504,-0.27212199480146454,0.0025943879664416247,0.7970986007052889,237.72183850992712,-6.240648751560693,80.5022809051601,5.83349587915615,0.8256463305750618,0.33682475115992655,-0.269767328642552,0.004652400417370917,0.808135409490351,nan,nan,nan,0,100344.18489855668,-0.5226147872988911,0.2753990650267557,10.109203778063748,-0.13602040720267938,0.09858758877203942,0.48072298350747417
65.0,169.72179478101944,1.0966685876570053,79.79272187242758,2.2349321398705104,-0.9127077048898797,-0.04158811421703666,-0.28147223530454485,0.023977892829877945,0.8403980449779589,238.29307973596298,-6.149745128198057,80.53430350502312,5.597418514265145,0.9879884741670156,0.2747903557103685,-0.2789750871492503,0.025730874696132888,0.8516396775822579,nan,nan,nan,0,100382.09694981255,-0.542844431408791,0.27543786344384436,8.463692889501356,0.004700857889522979,0.1333438350977552,0.47497709629692336
65.10000000000001,169.9265058359956,1.2116064120839891,79.79832288977832,2.184072557244553,-0.732557535914833,-0.08362715680928776,-0.2594173178260215,0.06389274901107855,0.878520901612996,238.83631491062934,-6.0517018008249,80.52076418875963,5.394483975611647,1.130576702783155,0.08291756138349349,-0.2571973186052955,0.06533720782264374,0.8900571802283471,nan,nan,nan,0,100373.30100552138,-0.5660203276198105,0.31559220198180876,8.811212259009325,0.3680048918416014,0.40993701908170144,0.4749984350418856
65.2,170.11246536558994,1.3420360396211706,79.7897857915499,2.18385329604489,-0.5821489548925087,-0.0045075352881192255,-0.21291874669367028,0.11737770305808626,0.914326790217404,239.36655360434247,-5.930544172829561,80.52373640120261,5.2193370387392335,1.294006922206095,-0.020600628577387467,-0.21061783198759848,0.11869604156567104,0.9261405639255793,nan,nan,nan,0,100357.8247696273,-0.5613374980701114,0.34686464608252365,9.175399294256732,0.48413118145402806,0.4569881400182355,0.47329201888567923
65.3,170.28420182286825,1.4894319290651783,79.7723700761185,2.2378900051436044,-0.4789032629447574,0.08607289802516518,-0.15890601305457913,0.1692189810162672,0.952848022756237,239.87213134533226,-5.794872169768502,80.50700820316648,5.102593021677281,1.4657354893349868,-0.10354216122865564,-0.15645747467503962,0.1702292925908402,0.9649415812670115,nan,nan,nan,0,100377.04181003102,-0.582703312091894,0.29555787492141267,9.20971007174576,0.4927972408308607,0.430507845775028,0.47418489144753817
65.4,170.44790559342331,1.6543398034905936,79.74691328877779,2.3411515700902816,-0.431450680788983,0.1556843575459439,-0.10565332313651604,0.21342048545825865,0.9951824429117098,240.37919473581505,-5.639523717432151,80.49283741864302,5.048339936278659,1.6406830601611322,-0.18502395356578039,-0.10301106644668312,0.21423564305794573,1.0076081080427532,nan,nan,nan,0,100373.94978226461,-0.5458559203678283,0.22580468840842677,9.135144978354806,0.42671397656569854,0.3582773465411308,0.4761665757796906
65.5,170.60942315602463,1.8370079226442593,79.71288672235416,2.483873590679288,-0.44151722902796076,0.20010589274656265,-0.059063978855967425,0.24680536304688583,1.0408800290207094,240.88637416524972,-5.466231482338172,80.47191105639455,5.0480374102622125,1.8183848411872978,-0.27373760911819717,-0.05630762871089828,0.24749289551930698,1.0535415125664893,nan,nan,nan,0,100364.29510109134,-0.5203602601064933,0.19786617100906467,9.008950699313035,0.3166829475478702,0.25844990707670923,0.4765127914161151
65.60000000000001,170.77335837569584,2.037562084104371,79.66936704498431,2.6530195872574103,-0.5035627831393992,0.21050277607675238,-0.023906738163736896,0.26761217927393055,1.088829514610623,241.39288303770246,-5.275454371442578,80.43978875387671,5.086261888521365,1.9955387069908233,-0.3760606339893453,-0.021031284661804817,0.2681336787657973,1.1017843795407567,nan,nan,nan,0,100366.25940714647,-0.553091393997455,0.19335357681530518,8.94972189337316,0.17442841370715892,0.14497533623041267,0.47928659302109655
65.7,170.9425704783014,2.25598504562195,79.61539369534393,2.833739733259738,-0.6057817835896702,0.18719393421141048,-0.003240984475203379,0.27578806713746906,1.1378163457116655,241.8056110895651,-5.072328369233377,80.35676844652934,5.130858492656209,2.174457739059868,-0.48747130672871336,-0.0004803710913768855,0.2761166361612686,1.150934904708151,nan,nan,nan,0,100354.89028839907,-0.5868034830335713,0.19127247558407967,8.782139315994712,0.0028187537465788597,0.023647714262501174,0.4757343885398018
65.8,171.11827226037744,2.4920593081812776,79.55065999761362,3.0113463667891933,-0.7369963803020325,0.12104760723671767,0.0014847846759812322,0.272665624270074,1.186426632051889,242.321872071072,-4.8461416558108805,80.3027097056433,5.195828002565364,2.3474295617145873,-0.593777642210217,0.0042007130825202355,0.2726768339138783,1.1996927025472868,nan,nan,nan,0,100367.36063056262,-0.6053902732281408,0.11789720866629451,8.9825563849449,-0.15275631663790878,-0.07189695280079739,0.462201312815481
65.9,171.30074770651822,2.7452179809827415,79.47590049726534,3.175657361633651,-0.8742863588683235,0.02406206219028023,-0.009488360837210053,0.26075238735271444,1.2318890588989528,242.89726399193117,-4.6016057090099,80.2551645918927,5.2612187338598435,2.513885172930732,-0.6871225065701919,-0.006671654128328264,0.26047759739892995,1.24520581793334,nan,nan,nan,0,100362.416700516,-0.6179664923861921,0.10185049648377205,9.096795450834094,-0.2725216335343027,-0.15017965933912075,0.4199947084414072
66.0,171.48832333248578,3.015052624225197,79.3926853469182,3.320711690597385,-0.985462231690137,-0.09221728670779103,-0.03204816280363132,0.24389969212791174,1.2729202986656103,243.42531934342472,-4.341953475371055,80.18265782563854,5.294514090725281,2.677897592910126,-0.7608455690377486,-0.029148514402009273,0.2434023738753206,1.2863416142374753,nan,nan,nan,0,100347.08530732706,-0.6237846799005051,0.10584452492944266,9.224582262846036,-0.35001848755868825,-0.18687209861496476,0.37389202780186676
66.10000000000001,171.67778050773046,3.301280895268123,79.30346672995886,3.4457690847544655,-1.054477727817258,-0.20162098278363838,-0.06058238183372677,0.2262230242476273,1.3095061162151398,243.6313157783742,-4.068630651802004,80.01973135342915,5.251377166060058,2.8414741608281,-0.8174198655015389,-0.05794094816609219,0.22549626486817176,1.3229657675906183,nan,nan,nan,0,100372.49746254388,-0.6569575553819895,0.11982469860807964,9.642879560390844,-0.37150661185978573,-0.18658205066980302,0.32972168463802987
66.2,171.86522578628959,3.6036413204373168,79.211309926117,3.554563537524183,-1.0780162603840773,-0.2814553023142645,-0.09007323531416378,0.2107594670547337,1.3419170846580004,244.15456518674637,-3.776653714860318,79.93704641311513,5.207220714582132,2.9977895592590404,-0.831131766181915,-0.08740304710510749,0.209610217073676,1.3556428843919766,nan,nan,nan,0,100346.59427193229,-0.6807476807237904,0.1384190219615805,9.834454244283972,-0.34186870149418214,-0.15623098742264271,0.28944746286889866
66.3,172.0467127035563,3.9218342055280595,79.11924603431056,3.6528820050363775,-1.0608577256636207,-0.31664379819766664,-0.11661593282257798,0.19907764103668102,1.3703824126481698,244.62521539011834,-3.4689694673313163,79.8440551772135,5.12073380182921,3.1494918524254993,-0.8196718753813941,-0.11398442171765233,0.19749398810611463,1.3843658685782656,nan,nan,nan,0,100372.77207388473,-0.6919712712286462,0.11727915729674782,10.068864528612183,-0.2920557568850509,-0.12095442759026934,0.2490033799751394
66.4,172.21869976693227,4.2555133588169065,79.02976126769003,3.746159681897126,-1.0111843219564718,-0.3072487358097797,-0.13774471734738714,0.19145902062414155,1.395104327153805,245.13188074070277,-3.146604002578818,79.76388707065801,5.00706191461535,3.2974057002840436,-0.7799724843377008,-0.1352226473813778,0.18967592103175113,1.4093279792720326,nan,nan,nan,0,100366.19237173928,-0.6962545489925914,0.1553152728241899,10.383859392136568,-0.21828243230458988,-0.08396892260406284,0.2199058940826291
66.5,172.37834426072018,4.604300801728043,78.94453191947163,3.838399660431392,-0.9374942191834382,-0.26085436328795936,-0.15213365299686799,0.1874517214249749,1.4163568999883298,245.41245564491322,-2.8056464390964204,79.64685976473403,4.8442802028646215,3.442880719885684,-0.7343544747163653,-0.1499392825034157,0.18554562454673285,1.4307204098632438,nan,nan,nan,0,100359.1878146742,-0.7301016432087549,0.16081010348598215,10.491888989703666,-0.1363771425725464,-0.055012078869294614,0.1914661275540153
66.60000000000001,172.52366004192478,4.96781472702588,78.86440246866046,3.9321272081782537,-0.8477833209632093,-0.18642405975304754,-0.15931399015508962,0.18631142665774902,1.4345489550958854,245.8892543446012,-2.4544187539511007,79.57612508738143,4.690192372024634,3.5810925259810777,-0.6797725801664367,-0.1572074264090091,0.1840796376193614,1.4491735308139713,nan,nan,nan,0,100373.26014324163,-0.7139899612619908,0.13798940175014296,10.444885814021303,-0.06447861839459344,-0.02313442432739812,0.16790442200268454
66.7,172.65358976811262,5.345706503384317,78.78962771381995,4.028647111988086,-0.7494063589611208,-0.09427643153413176,-0.159488247336387,0.18715696123366654,1.4501396611541024,246.1142629643095,-2.082648304114388,79.47011982747469,4.5034262247366295,3.718815348620506,-0.6336426476781085,-0.1575854721790645,0.18491046462666327,1.4649630265956013,nan,nan,nan,0,100372.17204229646,-0.7599086326147979,0.12382350816759077,10.435391594610355,-0.00043736812804201454,-0.003714519535610137,0.14965483318714182
66.8,172.76794637760605,5.737663022074688,78.72005558653657,4.1284485713607895,-0.6485093051314279,0.005688709174260796,-0.15351108258475132,0.18924366744614307,1.4635769698667103,246.5566575438423,-1.70415310325497,79.4094119922204,4.345580983188631,3.850573517187596,-0.580050877281458,-0.15178522271226758,0.1868134934942285,1.4786085292119313,nan,nan,nan,0,100374.14989979361,-0.760674509665976,0.15641221456149906,10.418917576811394,0.0646562339877998,0.008576484480572957,0.129754071622092
66.9,172.86728166494677,6.143416096240923,78.65536044743881,4.231525025071095,-0.5501510816104335,0.10656192161254421,-0.14265066454127995,0.19195311850236485,1.4752456677751171,246.8623206071843,-1.3079758702068358,79.33518315846196,4.181430613799429,3.9813890526578013,-0.5338518273917843,-0.1410105424440633,0.18921656238157936,1.490686934361219,nan,nan,nan,0,100376.94158099327,-0.7741712192108233,0.12756579745480562,10.297579965748518,0.11046073696612398,0.01578939159521253,0.11386224916544384
67.0,172.95270051728755,6.562735352536316,78.59516005586408,4.337559188264529,-0.45837202358348145,0.20434679502728365,-0.1283994183066537,0.19482224396774073,1.4854648746813097,247.27355656622683,-0.903417950629948,79.2840399205656,4.045624249566067,4.1092648354031365,-0.48942015152515683,-0.12681811348820893,0.19200871953158738,1.5011388545116655,nan,nan,nan,0,100373.45730568495,-0.7547586419081216,0.1407412622787947,10.300136248128323,0.13499116371509684,0.02107845110636556,0.10290260829075779
67.10000000000001,173.0256762522937,6.9954181122388555,78.5391021904495,4.446017870336205,-0.3760067091255247,0.29551297051144865,-0.11227315850614306,0.19754279233442262,1.494473561176156,247.13939609007164,-0.4615881479934976,79.16272202057472,3.862954836831054,4.241757622824271,-0.4611257105053271,-0.11115155744059324,0.19459070955634972,1.5103138964729343,nan,nan,nan,0,100368.81992085496,-0.7730009281146087,0.08266158032289579,10.195282697496738,0.15001724357310106,0.019550351035847763,0.090357394211291
67.2,173.08787107919815,7.441279937014859,78.48690570757475,4.556275534763602,-0.30497189512902967,0.38000248621159516,-0.09566116963484972,0.19990414638181098,1.502449944733435,247.52042152969912,-0.03121123426627529,79.11854407973385,3.7607946373196626,4.365473145467915,-0.4222604314879816,-0.09461514931434878,0.19683467236205932,1.5185811951687913,nan,nan,nan,0,100368.56250050329,-0.8033242845985665,0.06254538135605188,10.166971954344273,0.15126314203582633,0.016104873499426974,0.07987697871934389
67.3,173.14098841631528,7.900144118315974,78.43838103146967,4.667638136810851,-0.24556504943986682,0.45697302202072887,-0.07969601535527981,0.2018225413722201,1.5095069143872655,247.9310840428484,0.40935809975410375,79.08304138647058,3.680152460863893,4.486761159120282,-0.38671168851771537,-0.07867869571184838,0.19858134128807636,1.5259465644413712,nan,nan,nan,0,100351.9716092335,-0.8051443810679163,0.07039212989974235,10.121999756037923,0.14474848674309146,0.012071899701845804,0.07168160409277612
67.4,173.1866328981788,8.37181677188395,78.39329408295873,4.77949615768174,-0.1978639719355725,0.5287105272273229,-0.06525272657279901,0.2033504489844229,1.5157728265205583,248.29542549109442,0.864039867710433,79.0460624517367,3.6088755172426317,4.6072337585689,-0.3524849076792376,-0.06431769016749234,0.19987461035778042,1.5324723499097672,nan,nan,nan,0,100363.52508964359,-0.8490611683009454,0.06906168044897848,10.085490471814936,0.12706994481962028,0.011404367787170864,0.060401515703142006
67.5,173.22625422982142,8.856115347421325,78.35151999766336,4.891290104484932,-0.16095027355233774,0.5952283969406196,-0.052862469318425864,0.204479659384323,1.5213281439227218,248.6457645594227,1.3311636696699864,79.01151070666248,3.5496848873309355,4.725758725243544,-0.32122348055998784,-0.05195106434244823,0.20096379255733043,1.5382506097809334,nan,nan,nan,0,100378.30169748217,-0.877795572298838,0.06860904185132581,10.149528985645947,0.11147763199872444,0.009723098556427215,0.05498177165062907
67.60000000000001,173.26108479883834,9.352849819512207,78.31296731468822,5.002523093687409,-0.13302892625617393,0.6565929971512963,-0.04273654541543381,0.20527277227655039,1.5262320880081237,248.99833525689954,1.809528560408265,78.98095370968554,3.503203853464961,4.841095003682896,-0.29128280943668916,-0.041812485918891196,0.20150088133548216,1.5434565039041748,nan,nan,nan,0,100389.16130307001,-0.887867922818891,0.08655154456331232,10.020549423329385,0.08321305540808631,0.007950263030726455,0.05073969429540949
67.7,173.29210314822868,9.86181029607145,78.27746821529774,5.112845915652232,-0.11254185520580351,0.7151541085438157,-0.03485279174831446,0.20585791612624083,1.530574301150414,249.22351371316464,2.30750051044714,78.93986092769033,3.4514402568016775,4.956414293412387,-0.2639674851982358,-0.03400452959598255,0.20198324348030328,1.548068049201528,nan,nan,nan,0,100370.76271469229,-0.9102871700496404,0.06241197234789897,10.00689145151731,0.06604086648008972,0.00878148711541065,0.044616539783060474
67.8,173.3200678908622,10.382798892286303,78.2449211740939,5.222013325090273,-0.09772058428893507,0.7708699580696082,-0.02901969395832016,0.2062604804419088,1.5344142128551113,249.56705771051068,2.808732967822505,78.9148254372178,3.4202843077104017,5.067909440034494,-0.23781788399210266,-0.028184302600334776,0.2020545895804644,1.5521876036740547,nan,nan,nan,0,100376.79597381776,-0.9355937390362212,0.07222789861162289,9.959302492321736,0.04990435288244632,0.00637455083387755,0.03931365750403984
67.9,173.34552878834953,10.91561209882141,78.21520696536817,5.329833700102545,-0.08684320275385471,0.8241832887772917,-0.024910698623740957,0.20654555747757475,1.5378047426171388,249.67698048500012,3.3376245157212003,78.86880848994919,3.3668571925235584,5.180479280311955,-0.21286480575164687,-0.024418888010705797,0.20230804663106117,1.5559061579166307,nan,nan,nan,0,100399.68661400424,-0.9532634148029637,0.05138932355962651,9.959274182061197,0.03088344914225765,0.002530863136339681,0.03638745729088186
68.0,173.36886217765525,11.460048282480404,78.18821484545757,5.436187732587483,-0.0783055555320131,0.8748127116139701,-0.02213154763358216,0.20676161829536288,1.5407926621947754,250.01239771060415,3.8610921538926832,78.84877281200585,3.3419437401467085,5.288246417816406,-0.18830263556478846,-0.021643454334337342,0.20219133092218522,1.5591799940918458,nan,nan,nan,0,100387.32757749561,-0.9542913917629503,0.05552354988514906,9.970395898850581,0.020369660218382678,0.0008814154732752757,0.029417140649450127
68.10000000000001,173.39030433554893,12.015898817579515,78.16376985789756,5.541033975914823,-0.07108230066949081,0.9238456376611289,-0.020295199266006203,0.20698080968226162,1.5434383873663795,250.1845299687136,4.40773285541916,78.81572351381901,3.3006573868647813,5.39672871149858,-0.16298258618666306,-0.01997297560221356,0.2022059538805261,1.5619351630294886,nan,nan,nan,0,100373.44073463789,-0.9958996200005255,0.07038385150330732,10.05246107339282,0.016240496308396433,0.005761500077217149,0.028295494776181974
68.2,173.4100081805971,12.582969016923542,78.14172948514566,5.644391885479922,-0.06437190707572386,0.9708577615365861,-0.01905354475284038,0.20719255935165148,1.5457817864203571,250.5134546188329,4.95261572613132,78.80074352458442,3.278610631063434,5.500038131921166,-0.13826739286091452,-0.018704333079007096,0.2021175831197637,1.5644827584026162,nan,nan,nan,0,100365.466511389,-0.9852989469774985,0.08807509269017946,9.928787219903906,0.011557590091846847,0.000600634589008144,0.026558272830182486
68.3,173.42807213665392,13.161066347140233,78.12193884919608,5.746275549573189,-0.0576366281201926,1.015918020620649,-0.018116993138260318,0.2074040402774251,1.5478557930513044,250.89559462717054,5.503059558368599,78.79302347448272,3.264133171833782,5.599234040764461,-0.1177456906785711,-0.017698706271688014,0.20211803055589428,1.5669068264625796,nan,nan,nan,0,100382.28265403019,-1.0240099299604115,0.05244558010367294,9.981812746006462,0.0038932697762901155,0.008858360079086539,0.02584129835951179
68.4,173.44456715530464,13.750000908419022,78.10423205723238,5.846707344197895,-0.05061992280435305,1.059139651369874,-0.017267061565654496,0.2076268688976659,1.5496920420004352,251.22096696749213,6.067912514723406,78.7823109278236,3.243638136612272,5.697773593052394,-0.09677768850362516,-0.016787431052899926,0.2021935393491765,1.5690059942844838,nan,nan,nan,0,100382.1215110135,-1.0399536127216633,0.050075405160606476,9.934871215345684,0.016033990500775485,0.009164298461351451,0.02173515478553084
68.5,173.45956033369762,14.349588575687674,78.08844860390882,5.945723313904078,-0.04328429485314545,1.100419748505353,-0.016361046936588908,0.20785655181931095,1.5513176174685788,251.19272581691368,6.673591423632175,78.74260816583245,3.1840516744580833,5.799736181893418,-0.08330853931560098,-0.01618436071206608,0.20237471187434442,1.5709160889927758,nan,nan,nan,0,100382.65840268465,-1.065719007452044,0.10159213437391311,9.862859656890224,0.008707677056780078,0.0037074274801739025,0.017950635183806313
68.60000000000001,173.4731273709136,14.959648262798462,78.0744228737952,6.043356154408811,-0.03576053330023435,1.1399026547084457,-0.015326159665550398,0.2080922672227763,1.5527582453316002,251.51016721973392,7.25830692256748,78.73515914893741,3.1651246235760677,5.894640066857156,-0.06554794957749481,-0.014917670636405811,0.20244401418722324,1.5726158321355752,nan,nan,nan,0,100394.24114188722,-1.054665604461536,0.07528810449590786,9.85492920747501,0.012768624978434073,0.00031788325921675324,0.020396236795486928
68.7,173.48536099881989,15.580004507757753,78.06200138358231,6.139637801365386,-0.02826142078266531,1.1775126954984672,-0.014146969864439085,0.20832169666112277,1.5540344697098392,250.55592879704918,7.971333053231529,78.62185989016072,3.006673789100243,6.009515434005228,-0.06761973156023911,-0.014605584819864181,0.20254527055122962,1.5740770526294523,nan,nan,nan,0,100385.59926259803,-1.070384615456904,0.07214328863877699,9.903778105946895,0.008536744868829134,0.006928574290618674,0.015353102896730617
68.80000000000001,173.4963698979289,16.21048406329749,78.05103208888647,6.2345834709375865,-0.021020907221612182,1.213311828912736,-0.0128510807089941,0.208545040789186,1.5551656885844782,250.8557033658297,8.576908673282274,78.61596315462525,2.989478224534434,6.10152357234492,-0.051018239738901926,-0.013361811150652492,0.2025465649731233,1.5754479160934625,nan,nan,nan,0,100377.35837162196,-1.076287152671999,0.05834539993433317,9.874834167205247,0.00799128464835678,0.004741225826455616,0.01570712167260361
68.9,173.5062761867026,16.850918190840403,78.04137674730977,6.328212392642417,-0.01427125731427569,1.2473953942974167,-0.011492649672901534,0.2087524342814122,1.556168744344529,250.0690966454433,9.298698445964316,78.52280484171165,2.854507784205365,6.209157728566551,-0.05501183619840713,-0.012827900298449713,0.20248842597453143,1.5766085837298278,nan,nan,nan,0,100364.49971034759,-1.0823274220484282,0.10329997808616667,9.802038613281969,0.011548556252834338,0.0003395706968542817,0.011227568509720976
69.0,173.5152089086761,17.5011402108673,78.03290291785757,6.420529494529033,-0.008195575274591799,1.2798410336872357,-0.010135412869618832,0.20894279911283986,1.5570590616546385,250.35373447561986,9.924095131462506,78.51803229208387,2.8386030228397123,6.298139700389754,-0.0402376680494194,-0.011443627712909521,0.2022676982409526,1.5777154266209712,nan,nan,nan,0,100381.67476057864,-1.1281541698047857,0.0775154883291989,9.841521723623504,0.009090109116418778,0.003778044089362105,0.01237762267329569
69.10000000000001,173.52329764568486,18.16098669848033,78.0254921429492,6.511538087958027,-0.00290215771571534,1.310634840878469,-0.008841854079253086,0.20911290407349403,1.5578497392321942,250.54543731406568,10.567682541022062,78.50731732715957,2.814552349975768,6.384509629220325,-0.03073301542067864,-0.010267842453947962,0.20231636478948656,1.578714427729648,nan,nan,nan,0,100388.07773470186,-1.1348729405242128,0.0806554273008693,9.790212698471946,0.012613762991271427,0.00837555394704336,0.013576535077957308
69.2,173.5306657468247,18.830296805604338,78.01903747514,6.601239791140175,0.0015623458326335417,1.3400230825196344,-0.007665446782356922,0.20925926272385187,1.5585524693318473,250.82618077027422,11.210337109401918,78.50475565762963,2.800860129949388,6.468524476295893,-0.021210985889973437,-0.009178496236730949,0.20246479000234197,1.5796641975328953,nan,nan,nan,0,100383.08314238803,-1.1400618405472471,0.08428127533941619,9.7098682896259,0.01535623778737705,0.0012773557537965365,0.011774829635933286
69.30000000000001,173.53742488587227,19.50891146366956,78.01344052855511,6.689629047492727,0.005226373535058065,1.3680599781317593,-0.006642012048831303,0.20938414187021293,1.5591778131437026,251.3690916517664,11.832577326417447,78.5234035610489,2.8176305559267742,6.546633463345175,-0.00737499765371298,-0.007926801948140993,0.20249772280754486,1.580576458139038,nan,nan,nan,0,100393.49180225849,-1.1501471168863613,0.05885346990808962,9.750220593906802,0.010473926793173346,-0.001337814546936523,0.009304501273078528
69.4,173.54367132798225,20.196673766559417,78.00861299365961,6.776703033800902,0.008168317030569788,1.3947917281469073,-0.00578862734580099,0.20948928742281314,1.5597354586665915,251.65026853617064,12.491287800585537,78.52311095089341,2.806406668716332,6.627560465929326,0.0022237450337546216,-0.0068611186465018514,0.2024681159885806,1.581342551758742,nan,nan,nan,0,100373.22368607765,-1.1774761911386347,0.06215062241310915,9.811498947005841,0.01198138311717521,-0.0002525916953680868,0.010511285955446037
69.5,173.54948473815458,20.893429303259374,78.00447768449324,6.862462119212881,0.010501475875159113,1.4203645358384622,-0.005106945633062465,0.20957400273336835,1.5602333751401423,252.0633410386318,13.142845974288061,78.53378619494138,2.8116316435714097,6.7044898646464235,0.012646936895172876,-0.006038628990439054,0.2023030386658009,1.5821372039247823,nan,nan,nan,0,100384.73387617842,-1.2061539538745096,0.05339061566108112,9.816753136531442,0.011485463290703511,0.002898775638431777,0.010471909931886016
69.60000000000001,173.55492768968273,21.59902524026379,78.00096348054329,6.9469039539761965,0.012359516866630726,1.4448937868838965,-0.004584172352802951,0.2096418504786579,1.560678978111246,252.34405290111783,13.817148137372078,78.53537887661867,2.802791095024506,6.781400273425529,0.019354398039179332,-0.005515634643506906,0.2022061777539197,1.5828595501970848,nan,nan,nan,0,100355.60933891211,-1.2304788168999887,0.043505798589910535,9.746574965786477,0.0033239219212487106,0.0017967664179498212,0.009464679679783837
69.7,173.56004743170413,22.313311078086404,77.99800810948742,7.030030953320624,0.013879494367778678,1.4684011016979026,-0.004196731002240828,0.2096941674463646,1.5610784047116564,252.13650097084937,14.557395354309344,78.50176779515259,2.743085808840126,6.8657227256693565,0.01765751678289867,-0.005498221524470326,0.20224680157851194,1.5834789694554565,nan,nan,nan,0,100368.80218068503,-1.2193378602815952,0.0643438341971386,9.682488939478617,0.003981990191639601,-0.0005841747738607873,0.005831056484803055
69.80000000000001,173.56487791326177,23.036138088852784,77.99555453312155,7.111846006583228,0.015184525299204468,1.4909901474014835,-0.003915710125233063,0.20973410944506643,1.5614374248033984,252.41033215479732,15.24766477572186,78.50374786981763,2.7344112517252603,6.939693629562364,0.022806722012162457,-0.005256653059583227,0.20210871868583058,1.5841316555806095,nan,nan,nan,0,100373.57108373375,-1.2002223799789502,0.050240299559234564,9.68611571104336,0.0031927634191940713,0.0029341328061415666,0.00985350257097398
69.9,173.56944301409362,23.7673597973015,77.99355172538712,7.192356544765273,0.016371627577609463,1.512747338613988,-0.003711439964409813,0.20976307492709068,1.5617609950423712,253.82671300650696,15.80239920203615,78.58866230866289,2.8454411757544222,6.991652971375647,0.043583482450406566,-0.004238202579223027,0.2018416446216822,1.5846650714261328,nan,nan,nan,0,100376.918576793,-1.2340309074478986,0.06110641875989107,9.697259343770515,0.0032881483433386096,0.005325519552046409,0.006650552823614499
70.0,173.57375966972398,24.50683359000058,77.99196196146603,7.271581981646835,0.017517815454082306,1.5344139619338564,-0.003555956195837817,0.20976633016381463,1.5620531011480199,254.11089425693405,16.505168952902302,78.59342771762235,2.837975824886561,7.06381891504519,0.05298292097718107,-0.0040679628476663066,0.20166971828543345,1.5852447514055983,nan,nan,nan,0,100378.4935928753,-1.2324016508445201,0.06796509096855417,9.916247199612378,0.005038850556414301,-0.0035968653289393886,0.009992975283634933
70.10000000000001,173.57783584859612,25.254955093525567,77.99350916014225,7.356000750982976,0.01871240360658013,1.5700328663486462,-0.003379940401268544,0.20405967930864288,1.562336848458334,253.80926168962822,17.29180259146743,78.56012606156364,2.7699524324211566,7.153145372090226,0.10451691247873356,-0.004384871751020536,0.19593395489524146,1.5858358444991802,nan,nan,nan,0,100378.28364604231,-1.2816410577467083,0.03919439214700386,10.28640714727115,0.003289122047131725,-0.11760562595954573,0.007434438479851804
70.2,173.58167991736056,26.011323010267258,78.00036885482888,7.441539704188638,0.019883110205771947,1.5236541503797874,-0.003212660608344464,0.18943143634999404,1.5626189203285363,254.08587213639464,18.010327223072398,78.57297970438597,2.7621901641262134,7.2136771669912285,0.15081084142376674,-0.0042191688160039265,0.18105164432863208,1.5863687265913278,nan,nan,nan,0,100374.64664019439,-1.295570014752502,0.03497237059406004,10.102357984873343,-0.00230388496271112,-0.1647397514705688,0.007753041385326152
70.30000000000001,173.58529448270423,26.77397742191238,78.01193561530958,7.51207314911999,0.02102175269715219,1.447266710745539,-0.003121662587315277,0.1714874920564906,1.5628800163743044,254.651237823022,18.69454284354206,78.61067738513425,2.784917776811156,7.248807051892749,0.20365391707170846,-0.004034086917245272,0.16293354120861125,1.5869423160574567,nan,nan,nan,0,100389.5090963328,-1.3531925152260504,0.0316007095728854,10.210412373081228,0.0036486463944277875,-0.17518620606393898,0.0048495954513852815
70.4,173.58867062326826,27.540879958415665,78.02870149818393,7.560919812805315,0.02222599738929843,1.3760365692985101,-0.0030718063423408326,0.15415492827509958,1.5631112749406948,254.9293952495269,19.420639477232513,78.63378594594174,2.777717896514776,7.2699681558896385,0.2595938149907886,-0.00385336020478233,0.14535489881248553,1.5875103242272666,nan,nan,nan,0,100391.36881184313,-1.3396075593098227,0.09174025377990985,10.307200135241994,0.0040511296515689955,-0.15993287765273784,0.0045477906565395436
70.5,173.59179977174466,28.310179657667128,78.05126679405963,7.5881237313486505,0.02359509874126447,1.3276029447212234,-0.0029692594279785434,0.13978764232071828,1.5633078738557242,253.69106010482352,20.36261718474957,78.55849531150709,2.6140963757776476,7.305493281368869,0.3023231163525183,-0.004806091769544163,0.13108968356054862,1.588013910573499,nan,nan,nan,0,100373.323462041,-1.3336145016574887,0.0546994173354677,10.271262148202123,0.0022438684431152593,-0.12364044151879724,0.007661806945213191
70.60000000000001,173.59468321428668,29.080376717779714,78.07986007272376,7.5973449218878475,0.025111677521332105,1.3069020180988833,-0.002754390938186635,0.129416078428094,1.5634684837067425,253.95213652739702,21.09281966894372,78.59184740788228,2.6075676399003385,7.2966389530537255,0.36374113936779545,-0.004696574041696211,0.12050137721053811,1.5885088365046676,nan,nan,nan,0,100373.65401787199,-1.3590961981562808,0.07239468184705872,10.261677532257634,0.008415846454531459,-0.07362639787469542,0.0034281901821568263
70.7,173.5973386855123,29.850392181696844,78.11415934021537,7.593535085054046,0.026684569872201247,1.3109002293909047,-0.0024051306636653225,0.12315851198781225,1.5635936532665062,253.27195748625778,21.959938245382325,78.5671363539544,2.504478815255279,7.298629652576447,0.4077808786667749,-0.004928538360124413,0.11433371291409067,1.588957934751401,nan,nan,nan,0,100370.04121535723,-1.3630418252664638,0.039545783313182856,10.215218313194114,0.005032908597155591,-0.03516381799042271,0.004915796318220029
70.80000000000001,173.59980122948235,30.619567526830576,78.15330861937784,7.5817133125664045,0.02818176763105416,1.3318471413879467,-0.0019305170420974571,0.12055229669075063,1.5636872632886893,253.52209741810756,22.688641765984983,78.61016061533974,2.498551904805473,7.275077360044237,0.45031922868831603,-0.004442837044963177,0.11167961546490268,1.5893625381614847,nan,nan,nan,0,100383.82596171519,-1.3293534382989227,0.05638292230238389,10.018190194805987,0.00832655599323008,-0.007144922124282285,0.006854569880116309
70.9,173.6021206318331,31.387612208140062,78.19604828564832,7.566360564929137,0.02945329151151079,1.360470821621504,-0.0013671821779460691,0.12076446767735538,1.5637550422487854,254.33462594392725,23.329297312833493,78.69440468328123,2.549560039509407,7.239239629975691,0.481313980732104,-0.0034772512044740633,0.11159635647070143,1.5896961233512528,nan,nan,nan,0,100385.65428645058,-1.3178057107968129,0.06751719750385735,9.870130530285047,0.004455047969924303,0.012394743288474997,0.007921226927427527
71.0,173.6043556286497,32.154515558876504,78.24091717715957,7.551070958753405,0.030353078509944183,1.38861891991621,-0.0007793942130120968,0.12281150240517391,1.5638025460274834,254.5893851769409,24.05209228440427,78.74330697154451,2.546078415900842,7.216923642341323,0.4951447125834407,-0.0028605388503488705,0.11346574004854681,1.5900705063867577,nan,nan,nan,0,100385.6379897451,-1.316300843054754,0.0457716100335058,9.710756707020868,0.013357690709430407,0.03242035350617358,0.005335034720678108
71.10000000000001,173.60656641389446,32.92044575172709,78.28645075568966,7.538365497810526,0.03077995762162089,1.4098149770350787,-0.00023936506220123555,0.1257255689122998,1.5638339529709875,255.89278015199963,24.608031537459315,78.86285667428825,2.6487713329868625,7.173203883223442,0.5057487110012848,-0.0016554555164406404,0.11600646834122763,1.590309488066465,nan,nan,nan,0,100381.5434824633,-1.2873617251327683,0.055492776948146395,9.519358041716318,0.009620706534630118,0.032732504785233076,0.00532339667965403
71.2,173.60880700631606,33.68565376778223,78.33134969218052,7.5296521480308085,0.030707114648888124,1.4198249090867328,0.0001943427576142076,0.12867867919988707,1.5638519623090863,256.1575663745102,25.32446394046633,78.91288738208502,2.647258815277896,7.1552338132856965,0.49261862592755506,-0.0013730897026297262,0.11866197205817208,1.5906144610497117,nan,nan,nan,0,100381.04743954515,-1.2784547636000299,0.02874962875563604,9.440762576646106,0.0024800857820109763,0.030077017931850934,0.002563487857133352
71.30000000000001,173.6111193132345,34.4503919368791,78.37455633365205,7.525234235063094,0.030177999304169083,1.417163588193772,0.00047664865212393437,0.1310925550342812,1.5638581849317106,256.2264549523579,26.07081193624206,78.94814920442921,2.624710216083005,7.143793918665191,0.4682068856594942,-0.0013683941607467442,0.12082798565374886,1.5910020891307906,nan,nan,nan,0,100386.4604417649,-1.271618083253059,0.043486536914299816,9.411429656341456,0.0024589194071932873,0.020734872726453735,0.006648959465007974
71.4,173.61352932959835,35.214860889876746,78.41530713551558,7.524538724577427,0.02931178744600893,1.4021842876383697,0.0005929787357255023,0.1326772822790565,1.5638542226086107,256.48879218713466,26.784441268786225,78.99353705528513,2.6215051238452842,7.1286493803252,0.43901073422362275,-0.0015528447593361472,0.12218894668060631,1.5912414776699353,nan,nan,nan,0,100373.5391139192,-1.3058565400444024,0.08814558893759777,9.409963787726978,0.004060536305565469,0.010022449968069457,0.002186947261591201
71.5,173.61604636595982,35.97918515486281,78.45313099986312,7.526446348409115,0.02827490585751565,1.3774269822628238,0.0005600382213941657,0.1333996800373789,1.5638420831996747,256.19632682570045,27.58847121151199,78.99952130435904,2.562268293214139,7.125977839695872,0.40319465699633733,-0.0018149293479096107,0.12267221031677478,1.5915817579065807,nan,nan,nan,0,100359.09087044133,-1.2791818612442218,0.08748456551317271,9.354523614819032,0.0077031054469929566,0.004598523003427905,0.004092885883196358
71.60000000000001,173.6186652462624,36.74341409754257,78.48782602244444,7.529689301378819,0.027236915121205733,1.3463084012986688,0.00041393949053614154,0.13341197694938134,1.5638237300185005,256.45237394374817,28.30036824897638,79.03823640488811,2.5590013227351283,7.111843598203058,0.36987872054368015,-0.001838350019734647,0.12259849918946064,1.5918367461858005,nan,nan,nan,0,100360.95581483578,-1.2775512506231046,0.048166882868134434,9.287412160162122,0.0026283903103639754,-0.001492998887330631,-0.00023856800235047635
71.7,173.62137017175883,37.50753703928991,78.51938292288106,7.533175586530113,0.026344094455106954,1.3121040698092694,0.00020286836081928605,0.13295606654606607,1.5638008697286847,256.7591402419802,29.002171632524952,79.07704281105389,2.560403910607492,7.096431590700497,0.34076879316196595,-0.0017656046981808782,0.12197007066282217,1.5921810618729115,nan,nan,nan,0,100375.49171710534,-1.2595753510329655,0.053857651282842436,9.39451326604217,0.002738700799326515,0.0013164842765809037,0.005163553628993436
71.80000000000001,173.6241394152223,38.27150665145958,78.54792573069369,7.536133435546498,0.025689466144402512,1.2778152875488469,-2.8536117566257957e-05,0.13228465186845395,1.5637746788278455,257.0150073423618,29.71106429501515,79.10961304790015,2.5565436592325557,7.0813404135651625,0.3109953337733491,-0.001927771673815415,0.12115921752231507,1.5924860574882596,nan,nan,nan,0,100366.69046548028,-1.296513414540767,0.05205231263615745,9.455464444749932,-0.000722792764677301,-0.00529512251119661,0.003897401501730298
71.9,173.62694979925138,39.035262002648935,78.57365524653561,7.538171050831624,0.025315562686930575,1.2454483127478249,-0.0002409572710212471,0.13160468464414699,1.5637457389632807,257.08273887307394,30.45101448111968,79.12723447086388,2.5344349888795668,7.06962883645688,0.2832943150031634,-0.0022370343351817423,0.12029967267377017,1.5928269112494156,nan,nan,nan,0,100368.05054113113,-1.2794001199871583,0.05364384899694014,9.393216469625786,0.002930910298222135,-0.0020458955294158114,0.004866098303453479
72.0,173.62978047988278,39.798746149632784,78.59679797506628,7.539210582441615,0.025217706521447152,1.2161947714453052,-0.00040447375475305414,0.13105110186669933,1.5637141561224968,257.3359806351501,31.15708075883332,79.15411385323293,2.5307997638008457,7.05186159960392,0.2561287698450369,-0.002456027468848321,0.11966752970852212,1.5930746027774607,nan,nan,nan,0,100372.97626772514,-1.2896422697785137,0.0638073962081887,9.440438537945871,-0.006924458594568382,-0.0024491639438186945,0.003217094320984544
72.10000000000001,173.6326156155809,40.5619170091315,78.617574673152,7.539378822946349,0.025348999471697505,1.1904917407136424,-0.0005087575640060349,0.1306914990539605,1.5636797230078243,257.7860523575515,31.826446252645987,79.19130525292688,2.5450331544788174,7.030683257336441,0.23574741008473,-0.0025489783049439385,0.11905400665296617,1.593259503716769,nan,nan,nan,0,100379.17692061848,-1.2881534035361624,0.040221358971474525,9.410833282227346,0.008353179550291943,0.006995444983101218,0.005779849883949143
72.2,173.6354453954294,41.32475275493717,78.63619030791848,7.538914936235765,0.02564709961253922,1.16821060309742,-0.0005516934871733215,0.13053417527239675,1.5636423020475831,258.0403795537353,32.528613143184536,79.21377313046665,2.5412145021734327,7.012781736115622,0.21348564458059174,-0.0026280778588687603,0.11860986612882196,1.5936114477839372,nan,nan,nan,0,100351.88351311492,-1.2931958127499796,0.04748565995491517,9.498843269561203,0.003987743981067976,0.0037370260257223163,0.005060123931604371
72.30000000000001,173.6382661591065,42.0872510292759,78.65282146988301,7.538085335850745,0.02604250572367699,1.148880178452751,-0.0005402356789180329,0.1305484972525004,1.5636018142373995,258.45301423816886,33.200298392313854,79.24444808038642,2.551922838109676,6.991928837263472,0.19722305807551171,-0.0026874975570045923,0.11850743973822708,1.5938934364986994,nan,nan,nan,0,100378.84727614735,-1.258259448071808,0.07689349802535905,9.445438028901892,0.004152614616135218,0.005243948684724298,0.005628866246539154
72.4,173.6410795863914,42.849425545096715,78.6676222488933,7.53712061453651,0.026470050231656734,1.1319429200420317,-0.0004883707065861387,0.13068592142909563,1.5635583033218643,258.7080294961777,33.898616301681315,79.26327849519573,2.548310548262969,6.974369862700774,0.17958092016824628,-0.0025970995763581195,0.11840949382103538,1.5941750242794392,nan,nan,nan,0,100409.37592369021,-1.2794082726734402,0.04656399478192487,9.47377487915399,0.00939134105355623,-0.0009646337429876552,0.0022460720262018137
72.5,173.6438913144476,43.6113008342045,78.68072516334644,7.5361924013394015,0.026878220245545432,1.1168418586205164,-0.0004109589589978979,0.1308932991944336,1.5635119125037082,260.17965990341776,34.37124996756268,79.35823717112646,2.660599720305827,6.929499177840584,0.17447668034072278,-0.001625777409717588,0.11814253669408958,1.5942000004882604,nan,nan,nan,0,100369.1617147465,-1.2942791866769,0.057895341456458915,9.427386434684575,0.004346357195947748,0.0031013107210369146,0.003532733355145741
72.60000000000001,173.64670938250345,44.3729073387697,78.69225299693814,7.5354001562034725,0.027230375004539446,1.10317520156203,-0.0003243879267179617,0.13112560831258047,1.5634628572275973,260.44547277205635,35.06334584646762,79.37497469313988,2.6559312361977616,6.912738362111085,0.1602774302074891,-0.0015948595933721332,0.11798820610213112,1.594423707955412,nan,nan,nan,0,100365.91101838589,-1.2731620307643805,0.0759775975239068,9.457392540918457,-0.003011761454308043,0.008750186467462995,0.002613431980412123
72.7,173.64954267511848,45.134277162209024,78.70232408827052,7.534784900432831,0.027508954885210275,1.0906579782626264,-0.00024031046137740208,0.1313494874429828,1.5634114244287929,259.49212858926506,35.98174163129224,79.31271843515746,2.5384078573327007,6.924262726445362,0.13704058452747367,-0.0022000574401910278,0.11822329525041009,1.594742711191412,nan,nan,nan,0,100360.74386026019,-1.299651783854848,0.06789059922477038,9.604539895749857,0.002190790581160052,0.010646921777216064,0.0056070149627121734
72.80000000000001,173.65239975932334,45.8954409374715,78.71105525839364,7.534345310948842,0.027710697820137326,1.0791149591328946,-0.00016645981241902863,0.13154483901134761,1.563357900235094,259.7456858920196,36.67331014123983,79.32592639035568,2.5329528574445024,6.907439082347288,0.12548889218348702,-0.0019898443799147847,0.11822571820181116,1.5949427843077375,nan,nan,nan,0,100372.25186467254,-1.2786894431489175,0.11061167565101489,9.515684052548833,0.002752249543656459,-0.002651024582864546,0.0019091309691802198
72.9,173.65528808911512,46.65642592031315,78.71856194443505,7.534050057427654,0.02784155604249926,1.0684910119159285,-0.000108988699567103,0.1317037803373018,1.5633025286720938,258.718076245998,37.60620295035647,79.25641398681327,2.408493478277052,6.919207567011067,0.10063675405328354,-0.0027805416456012644,0.11842030573755324,1.595221854426025,nan,nan,nan,0,100370.93716454036,-1.2869658880524069,0.10844621737842797,9.59309852680517,0.008481995167282572,0.007487767660856997,0.004091907374934356
73.0,173.65821347655853,47.41725551181346,78.72496065532926,7.533859425399027,0.027916329714117956,1.058762216793892,-6.859232616007738e-05,0.13182667156646155,1.5632455643834513,258.9587221455481,38.29727246256537,79.26612666375598,2.4047541747898387,6.902169767128682,0.0924610362067002,-0.002874459102186977,0.11834340110591923,1.5954335809171416,nan,nan,nan,0,100377.48271343,-1.3040572754338955,0.05470972245111312,9.509130936754033,0.006182885054527213,0.005753246556773015,0.001698489481088342
73.10000000000001,173.6611800251936,48.17794922846106,78.7303659416379,7.53373152166531,0.02795202797096926,1.049960171090333,-4.371125838154022e-05,0.13191922886491625,1.563187213496642,257.58344525776903,39.297329397597515,79.17211544674325,2.2494039658185296,6.921833290420931,0.06512578947537659,-0.00369514214169131,0.11833521913400924,1.5957085942593763,nan,nan,nan,0,100380.25975038423,-1.2706506597268066,0.053347988871902986,9.633005235385337,0.006878562432095857,0.003283603595730205,0.0011266381452106579
73.2,173.66419028532633,48.93852330178509,78.73488898977733,7.533634590707015,0.02796487395008147,1.042079622767362,-3.170245659112059e-05,0.13198919848020152,1.5631276292345109,257.8081305671788,39.98864453815768,79.17825319829326,2.2438499546683186,6.904478147007339,0.05731498001555162,-0.003560227811414407,0.11809103922845154,1.5957470135340985,nan,nan,nan,0,100376.55603814677,-1.2952862138652985,0.07273647555834784,9.600531044214563,6.706306409815909e-06,0.005706659602374649,0.004072368461071575
73.30000000000001,173.66724554105818,49.69899136975397,78.7386352428668,7.533545191140341,0.027969052133572807,1.0351205742527363,-2.879345149775503e-05,0.1320444328355903,1.5630669321012947,258.1325199047069,40.65870924128016,79.19012641874744,2.2478180281041866,6.88457621218102,0.05246096138720618,-0.0036701772567122593,0.11794952329796304,1.5958419730969882,nan,nan,nan,0,100368.2294569947,-1.2575312135230294,0.07516371082282809,9.546544320853894,0.002041770253501783,0.0056859705936514815,0.0035902657851657237
73.4,173.67034619239553,50.459365240152096,78.7417033975266,7.533450657668526,0.02797511349539017,1.0290543284118727,-3.103075178068071e-05,0.13209130121418555,1.56300520774739,258.35702612623777,41.346358638678225,79.19513207557493,2.242565440455439,6.868007919989668,0.0477525163815983,-0.003753528630509484,0.11772600261310462,1.5960966947545958,nan,nan,nan,0,100353.87081095448,-1.281591996876777,0.0817799251039837,9.67169868514328,0.001287441682854524,-0.0005575826759842343,0.00745442529713913
73.5,173.67349213896765,51.2196554426853,78.74418395127549,7.533347049180297,0.02798935400058606,1.0238256639084742,-3.526352253691023e-05,0.13213426233999126,1.5629425065537643,257.78325853917056,42.18921505127878,79.14910165768109,2.164157845686303,6.868429720822065,0.03641471819102865,-0.004263789314977173,0.11732448601429724,1.596462963785799,nan,nan,nan,0,100381.74008210059,-1.2892603396221283,0.07396760033990589,9.567277691587586,0.0017463392186311292,0.0073634709002461315,0.004969537939611004
73.60000000000001,173.67668310385628,51.979871545555184,78.74615737356896,7.533235623858029,0.02801493500513485,1.0193635846176172,-3.900532272027579e-05,0.13217570079087726,1.5628788473406137,257.9993727336138,42.875172365383,79.15257301588822,2.1581899592302753,6.850869829280663,0.03216336101680763,-0.0042464348004586094,0.11726028197861793,1.5966978203194184,nan,nan,nan,0,100376.72966838548,-1.2905312491003065,0.04241327252338793,9.551493309089075,0.00230776129931147,-0.0016577005577445613,0.0024715042490908723
73.7,173.67991884600357,52.74002264628827,78.74769841788338,7.533119226766783,0.028051608737240635,1.0156136886417417,-4.069495404923629e-05,0.13221697560683432,1.5628142856848053,258.16052458265585,43.570200245014796,79.15231253293281,2.146048441841391,6.835480023978447,0.03238941343084451,-0.004330840374829781,0.11715584537086121,1.5968886475853217,nan,nan,nan,0,100352.48703228906,-1.2863791969395635,0.0396194824955203,9.64379236572096,0.003923109129085327,0.0009156626740228694,0.0007061637516785472
73.80000000000001,173.683199347826,53.50011725406041,78.74887229094942,7.533004508373732,0.028097493484271645,1.0124791989081305,-3.947297139061945e-05,0.13225778123080856,1.5627488341851872,258.3748570072491,44.252827475772975,79.15546683953232,2.140907660261569,6.817312192085785,0.02987439703614953,-0.004519561478758982,0.11691233083230124,1.5969928736752932,nan,nan,nan,0,100363.41513266008,-1.265379214693924,0.029373048010213912,9.6355835531595,-5.410506175207051e-05,0.0018261594397342346,0.002515967364930593
73.9,173.68652488001618,54.260163305199136,78.74973596357466,7.532896667161202,0.028149591420555637,1.0098780933102698,-3.5276802941242025e-05,0.13229732397500382,1.5626824998155977,260.38228861833215,44.57454372284827,79.27210594795073,2.298767375138307,6.758519373529213,0.042332687001052936,-0.003502917599648492,0.11642275382324163,1.597007056200185,nan,nan,nan,0,100350.51175011529,-1.2734710586068814,0.051255566954721735,9.61668007778144,0.001550062128633126,0.0007180411669527377,0.003521962184104866
74.0,173.68989600428648,55.020168147523464,78.75033938695766,7.5327993792655175,0.02820462978039497,1.0077346760883044,-2.8415304197504376e-05,0.13233466602897415,1.5626152947080358,260.61186955740703,45.249472727174236,79.27623557058186,2.292810584392469,6.739568364236966,0.038980844533920235,-0.0035003264615030005,0.11618016725303049,1.5971263095884465,nan,nan,nan,0,100358.39807536636,-1.285611001918891,0.06907112560252418,9.60439153274961,0.005763893858805202,0.00169079807369437,0.002605007898016847
74.10000000000001,173.6933135360856,55.78013847664374,78.75072614002046,7.532714635543263,0.028259592581201958,1.0059822546125896,-1.9515127974600865e-05,0.1323689397419212,1.562547234016371,261.6975723691556,45.749764629294276,79.33444928258113,2.3650736936761807,6.7006786969908685,0.041995677032711114,-0.0032017938479892427,0.11589060161469034,1.5971275174728654,nan,nan,nan,0,100366.06418555604,-1.3124847496795204,0.06199258276659241,9.55847556183749,-0.0020257144557241902,0.0038602036413700187,0.00237153358475613
74.2,173.69677847813455,56.540080299486526,78.75093428774514,7.532643011930939,0.028311859371111477,1.0045645982874771,-9.361207161884266e-06,0.1323995494046062,1.562478336415299,261.9337559233575,46.418801449836366,79.33848344056271,2.3583255391878355,6.680103112820058,0.03866818451179917,-0.0032624239521540366,0.11560810089256957,1.5973952505188982,nan,nan,nan,0,100365.74301187304,-1.30277297609278,0.07142559822442696,9.553041700847183,0.0019077602990291132,0.00024470742888930194,0.0018653397873543013
74.30000000000001,173.70029195148098,57.29999889807873,78.75099675709211,7.532583871656615,0.028360067838847185,1.0034308729284467,1.3305344439551448e-06,0.1324262370658551,1.5624086097999808,263.0459588924947,46.90820404302559,79.39810052647339,2.431936690921046,6.64143096391834,0.044442586287585906,-0.0028151762923052104,0.11537226172880244,1.5974880584379203,nan,nan,nan,0,100377.08324896787,-1.29806266617712,0.04553751128301045,9.60621274872048,0.005375862018025146,0.0030919621030793738,0.006235731906976017
74.4,173.7038551020629,58.05989887279021,78.75094237348577,7.5325357749852815,0.02840291491916806,1.0025398340811087,1.1977801052664994e-05,0.1324490434330734,1.5623380970003269,263.28891870582913,47.571364212675725,79.40234697552899,2.4268356560102444,6.6212828885523765,0.03998524056003872,-0.0026991281035909642,0.11492892878220795,1.597691978985471,nan,nan,nan,0,100366.84981842258,-1.3016166306078256,0.07541719278414773,9.557391861730702,0.006180148182322089,0.008086006920904009,0.0022123601950060834
74.5,173.70746907431982,58.81978415607781,78.75079592600805,7.532497126387257,0.02844028777369794,1.0018554242494258,2.2145186604483058e-05,0.13246816687449403,1.5622668064316245,263.26938565350116,48.28580721407975,79.38948442094068,2.3990573240384596,6.6067390893156555,0.03623933965939909,-0.002864159255926424,0.11489064244896396,1.597956958133437,nan,nan,nan,0,100379.78984341788,-1.3216748711008073,0.07195368914591002,9.583296558989588,0.0010305333509721649,0.006576747579389595,0.001705924288696043
74.60000000000001,173.71113494972695,59.57965806791367,78.75057866980595,7.532466133146554,0.028472469996136406,1.0013471616515086,3.152813363516138e-05,0.13248400933436089,1.5621947501722149,263.5089942717532,48.94547310517627,79.39312348206238,2.3926091405291112,6.586331984480145,0.036369772843884575,-0.0028818864671079636,0.11472127570289614,1.5980296558875833,nan,nan,nan,0,100362.28119372706,-1.2809963353099434,0.08334593264621917,9.659529790306921,0.007312936706290676,0.004552908864774982,0.0069831548942916166
74.7,173.71485372662497,60.339523390714255,78.75030878835152,7.532441181835705,0.02850021142674175,1.000987440458443,4.001956767296644e-05,0.13249702270462804,1.5621219327030351,264.52152841520507,49.44540903293765,79.44630211562752,2.456548462690796,6.549880219262888,0.04157910680492024,-0.0023070704832772737,0.1146186690275699,1.5981286759357862,nan,nan,nan,0,100356.65517709243,-1.289903085010919,0.04931471257442334,9.628747002173853,0.0020121334478154745,0.0020469375775715197,0.004192667723641119
74.80000000000001,173.71862630315687,61.09938243365537,78.75000163562183,7.53242100975597,0.028524422313479146,1.0007526311739245,4.767993619947397e-05,0.13250763665025822,1.5620483667621836,264.7670204741679,50.09937596382135,79.45042177346596,2.4534486675426974,6.529300304375665,0.03999482499805279,-0.0022226912905322083,0.11439170108076047,1.598291153963204,nan,nan,nan,0,100367.08379292267,-1.2964599973942827,0.04469420254927192,9.665481552421342,0.0015565697870224327,0.00549960369041622,0.00507018761655444
74.9,173.72245348958808,61.85923709866695,78.74967005684798,7.532404527038812,0.028545949953851478,1.000622805012832,5.45822715269928e-05,0.13251627763306906,1.5619740560904076,264.7155226833092,50.81179560828714,79.43530352351053,2.422613391209066,6.515338293719253,0.037370303074964965,-0.002437385067541431,0.1140828412235535,1.59855281869715,nan,nan,nan,0,100349.83526532496,-1.2879866679450904,0.08278836638155415,9.623673595841376,0.005287902860355355,0.005433613906441746,0.0029779841113798827
75.0,173.7263360166468,62.619088945095044,78.74932469921809,7.532390973987525,0.028565618292298846,1.0005789006201327,6.0854843357494026e-05,0.13252330570191662,1.5618990015017467,264.9575118389902,51.462326817382035,79.4391205407458,2.416890986916579,6.494958935012316,0.03790969404838873,-0.0025479887335013718,0.11390901797127362,1.5987007574256977,nan,nan,nan,0,100377.30349055883,-1.287914022685064,0.0845899356432161,9.71937786788264,0.0038111003771119784,0.004553465843129888,0.0027700872203015267
75.10000000000001,173.7302745544508,63.37893924774824,78.7489743423199,7.532379783204763,0.028584224844198758,1.0006054644236482,6.671088065879349e-05,0.13252901240382187,1.561823195352272,264.8581898744115,52.1802689932092,79.42089605168529,2.382016450680121,6.481567938458666,0.03519090503114756,-0.002706603884398473,0.11376514947502359,1.598929610278189,nan,nan,nan,0,100368.35037293505,-1.2933719058524027,0.07903201128403127,9.704156298351863,-0.0006947413446691778,0.002982613026606644,0.0039256370737602575
75.2,173.73426972370456,64.13878903070172,78.74862595708102,7.532370693031896,0.028602320095458662,1.00068671800732,7.231171770960554e-05,0.13253361714253753,1.561746636076169,265.09616870300385,52.82735106827714,79.42440188513768,2.3772417576290117,6.459865600567845,0.03377927330538021,-0.0028095689073708296,0.11362819940605151,1.599108920033834,nan,nan,nan,0,100360.50747594118,-1.309013670679727,0.06726291884259435,9.547806542847503,0.00408501578177081,0.0006794562580158788,0.0019087354307962098
75.30000000000001,173.7383221178929,64.89863910954206,78.74828503108557,7.532363375296495,0.028620256155066033,1.0008106152775051,7.777353043159074e-05,0.13253730358978322,1.5616693180078822,265.73426254131647,53.39082360685561,79.45375157682231,2.4074801080349504,6.430074081700106,0.03593548149723567,-0.0027650959916197815,0.11339784052837043,1.5992848314379895,nan,nan,nan,0,100367.53412183328,-1.3096189476250946,0.056601405866944496,9.733153023463847,-0.0007526135955404742,0.0011284155851604436,0.005335643830963931
75.4,173.7424323172956,65.65849012778678,78.74795583779098,7.532357618732,0.02863826221420431,1.0009667938649494,8.323827795342353e-05,0.1325401984041812,1.5615912349670833,265.974743695599,54.032765041230206,79.45735234922117,2.401996463088777,6.4085285934531875,0.03620892226326664,-0.002761082700025397,0.11312154264807828,1.5995046381823976,nan,nan,nan,0,100371.41812047873,-1.3073429402493943,0.08155101819366614,9.573120578557255,0.002489433715389092,0.0066029287500414405,0.0032901484649041
75.5,173.74660090041436,66.41834257849824,78.74764158120516,7.5323532714554275,0.028656479880234204,1.0011454555092316,8.87634288073702e-05,0.132542413909289,1.5615123796778991,265.5654136233501,54.803981245586414,79.41848471133534,2.339758901638152,6.400160314286873,0.030289069431434654,-0.003155393271349838,0.11291778460025337,1.5997238230983508,nan,nan,nan,0,100369.72509721725,-1.273840023618798,0.10367342406170418,9.626581084218543,-0.0009678559942451412,0.0006066909404568352,0.004111116168678651
75.60000000000001,173.7508284475581,67.17819682144838,78.74734449005561,7.532350159824591,0.02867486719287643,1.0013384798416736,9.440308693031696e-05,0.13254403716404006,1.561432748023651,265.7991177296214,55.442866978011885,79.42152113674673,2.3338241221615426,6.377422368153119,0.029847013208308654,-0.003251999521791893,0.11270969571302869,1.599821166098552,nan,nan,nan,0,100369.74891967342,-1.2945579650192975,0.07723873732190083,9.547901825991394,0.004982543882293095,0.0017634004230906576,0.0033697468284736303
75.7,173.755115551972,67.93805310649444,78.74706603962727,7.532348152235047,0.0286933697798173,1.0015395090994488,0.00010016359122855256,0.13254514161560405,1.5613523325445573,266.72925743849845,55.939268132567726,79.4703874726603,2.38686704435811,6.340542409192157,0.034739368728652256,-0.00303213964286575,0.11248915832174,1.5999392520853566,nan,nan,nan,0,100369.39808110472,-1.2861405232259426,0.09292666747624091,9.720368996186338,0.00014897754497159629,0.0012336759221991487,0.003042691875655118
75.80000000000001,173.75946282049787,68.69791158992705,78.74680708578929,7.532347030201231,0.02871194546531148,1.0017436031816618,0.00010603129245101428,0.13254580219829992,1.5612711208407537,266.9676038431924,56.57221055933799,79.47380724425655,2.380421554613535,6.317966874888691,0.03305170351280274,-0.003086897636902508,0.11233544397130424,1.6001446017083476,nan,nan,nan,0,100364.7732913962,-1.2982221541435137,0.10634156174988559,9.644277695835095,-0.0035941217523959047,0.004317770822641805,0.004042684283681711
75.9,173.76387086565904,69.45777234792025,78.74656796218814,7.532346649901093,0.028730580428724735,1.0019455710258138,0.00011201368362634412,0.13254608998687556,1.5611891059615504,266.3562308487154,57.37205004905125,79.42057474397399,2.3016512070984545,6.310871411233057,0.023223378009462267,-0.0036822967163778753,0.11244143342805835,1.6003367162895894,nan,nan,nan,0,100388.82380746256,-1.310496357470132,0.06346045941694878,9.704516138478105,0.0012434426689404334,0.004694940815266583,3.336722571215672e-05
76.0,173.7683403134015,70.2176353910773,78.74634858528621,7.53234681868457,0.028749155860739124,1.0021434112184404,0.00011806958107896115,0.13254606697045324,1.5611062754636535,266.5860684569757,58.00202585268919,79.42297812765615,2.29538484216303,6.288374076133361,0.023352017887865326,-0.0037036115918065438,0.11229168106321463,1.6004736727602453,nan,nan,nan,0,100359.84421889353,-1.3101286282779372,0.06326296593748125,9.596160871140254,0.0014027579887317242,-0.0005080779191210679,0.003165504472680265
76.10000000000001,173.7728717978229,70.97750067975453,78.74614858001371,7.532347409453514,0.028767752356112935,1.0023343256727433,0.00012418870080355138,0.13254579008426615,1.5610226166485028,267.0108294235418,58.59118316573733,79.43844918636907,2.3055843541862404,6.261968197161075,0.02669356956609156,-0.0036130081652587798,0.11210086519600604,1.6005506918949,nan,nan,nan,0,100371.72737850707,-1.2787553593584287,0.031112031431664453,9.730327708420127,0.005385928647807988,0.0030205397212206596,0.0030867402586008583
76.2,173.7774659557884,71.73736812896259,78.74596728273833,7.532348267906604,0.02878634643091004,1.0025157983066415,0.00013037253229042367,0.1325453218490653,1.5609381201903676,267.24102136231653,59.216216621793606,79.44108517097668,2.2983339208887084,6.238222769934466,0.024618197249935376,-0.0036597316710799133,0.11178092279472196,1.6007747583419594,nan,nan,nan,0,100373.61711577553,-1.3139832933701194,0.06277539056256978,9.606460117712198,-0.002793999864419035,0.0008069017810875627,0.005563968074962322
76.30000000000001,173.7821234331819,72.49723762478075,78.7458038873939,7.532349287038919,0.028804995558425833,1.0026873838186574,0.00013660155727335255,0.13254471088166064,1.5608527701919166,267.8771921886485,59.75988618272352,79.47100222057496,2.3256399615998196,6.207811345176338,0.02659526855495422,-0.00359780945056698,0.11179147284885738,1.6008730941616953,nan,nan,nan,0,100385.5453334004,-1.3182678348926653,0.08677261190900512,9.580787336098268,0.0013384930142292305,0.0031686090573918263,0.00786638966851447
76.4,173.78684488270065,73.25710903090216,78.74565745379226,7.5323503598685875,0.028823730064584004,1.0028488910727833,0.00014286883496505975,0.1325439922363736,1.5607665482550508,268.10944614190015,60.37947595909245,79.47357253719959,2.318663368722525,6.184306779091918,0.025411563401426408,-0.0036094298627908916,0.11159891949127343,1.6010966052429008,nan,nan,nan,0,100372.08867224838,-1.2786706493860807,0.06303233634165081,9.619393214404328,0.005480158167954498,0.0011258931190973077,0.003527552628017621
76.5,173.79163095800075,74.01698219389914,78.74552695253578,7.532351430307623,0.0288427119620936,1.0029984719136995,0.00014920694688291825,0.13254321247296885,1.560679441217572,267.33742207579894,61.1883479936963,79.40754092805882,2.228897270460674,6.178142215902405,0.015913576209243083,-0.004211596271153195,0.11154825203469199,1.6011563759100476,nan,nan,nan,0,100373.06416747274,-1.2994085667078463,0.07613560965883298,9.652754503384019,0.0005651524334767731,0.0037020530744931303,-0.0008500271898461038
76.60000000000001,173.79648231979237,74.77685694934675,78.74541128424697,7.5323524388393635,0.028861905189874654,1.0031366194597864,0.0001556116481505887,0.1325423989664949,1.5605914340533027,267.5598939167763,61.805003594499006,79.40917935513112,2.2207650932422935,6.154607714850217,0.016154972794930455,-0.004248351612037737,0.11129523620356285,1.6012409217213186,nan,nan,nan,0,100358.47540624144,-1.3078047055278357,0.07203910544429329,9.658092672261239,-0.0006331747969315995,0.0008946171604202477,0.0016245408610958043
76.7,173.8013996350163,75.53673312890045,78.74530932883427,7.532353384131303,0.02888139693673093,1.0032636078995156,0.0001620916689711871,0.1325415643686909,1.560502515607244,268.0456440234906,62.36986779824649,79.42901639049299,2.2352296793426567,6.126032916400379,0.018842280194457686,-0.004266103013322087,0.11103138658574241,1.6013849913960412,nan,nan,nan,0,100366.71135087234,-1.2992960148478527,0.09607450661580753,9.64975432047038,0.0004485805895385203,-0.0038106585073772368,-9.764681106544642e-05
76.80000000000001,173.8063835839326,76.29661056183204,78.7452199657099,7.532354191759336,0.028901187330228735,1.0033792561296957,0.0001686570895906847,0.13254073264674293,1.5604126632437791,268.2688425605101,62.9813072091864,79.43103360472341,2.228660484837393,6.102238340402728,0.020491154041189712,-0.004283657161260446,0.11085167497288984,1.6015793232533633,nan,nan,nan,0,100373.82677665916,-1.2882651842685826,0.15141344793986955,9.683378310866367,0.002823786050818729,-0.0025324747947037597,0.0049445724266739145
76.9,173.81143485426583,77.05648907990876,78.74514211620426,7.532354849346611,0.02892142425858376,1.0034838901103256,0.00017532930877572905,0.13253992305337792,1.5603218562923322,268.83099852163514,63.52835803582855,79.45686667041352,2.2485676499712803,6.072245669786328,0.023750627494441887,-0.004165750073191754,0.11059355747543909,1.6016766571529286,nan,nan,nan,0,100355.25941439444,-1.33295407488129,0.11764737046586088,9.683708855953043,0.0016748645062036412,0.0029137792766246594,0.0026899254956411585
77.0,173.81655414353025,77.81636851903778,78.74507472026342,7.532355360941831,0.0289420686784433,1.0035786879583517,0.00018211218935548779,0.13253913364531078,1.5602300776353974,269.0554856697238,64.13432159999029,79.45922199170313,2.241320646688789,6.047238569495103,0.023458370108744277,-0.004330166961788673,0.11041068150639854,1.60184344762362,nan,nan,nan,0,100386.03015693119,-1.2726351694412552,0.10045352470100546,9.648820115806886,-0.00013691060397396444,0.005185500018189902,0.00444855217037065
77.10000000000001,173.82174216272315,78.57624871962149,78.74501675703495,7.5323557150672285,0.028963218083027792,1.003663455595375,0.00018902370678652858,0.1325383786267882,1.560137307559602,270.0783334889746,64.59633117010151,79.5181565146353,2.2989474528556793,6.01118947773536,0.03026882195648254,-0.003865445132926193,0.10999354241045478,1.6020055856950042,nan,nan,nan,0,100352.04598422395,-1.303646415198622,0.0784454316151304,9.606009188576063,-0.0007103084041770395,0.00033481872714536494,0.004860839020537261
77.2,173.8269996360811,79.33612952825156,78.74496725426981,7.532355901290044,0.028984834541205057,1.0037386956245835,0.00019607830044721108,0.13253766318436222,1.5600435257771954,270.30788610471313,65.19615848335815,79.52117945833878,2.2918277415649704,5.985488433195482,0.02955615630594158,-0.0040755704626341815,0.10969829751713212,1.6021525131321646,nan,nan,nan,0,100362.73431779722,-1.2899099452629101,0.09581352204298098,9.577726687699265,-0.00039801894022280216,0.00266474381233273,0.0022624677865447592
77.30000000000001,173.8323273065396,80.09601080016479,78.74492530967507,7.532355917783884,0.029006893717959746,1.0038057670415523,0.00020327755452120844,0.13253698482628962,1.5599487041935185,271.2346569225674,65.6740814174812,79.57413107589366,2.3416999073532576,5.9509732688707455,0.0343437317599119,-0.0036157729180266163,0.10952844694331532,1.6022448023805422,nan,nan,nan,0,100375.3172563119,-1.287696564226285,0.05646725835893677,9.694148574115033,0.0005094986302610076,0.0015641158258465362,0.004027376520062014
77.4,173.83772593799404,80.85589239925993,78.74489009770004,7.532355760865791,0.029029819649886667,1.0038648006441953,0.00021063940917309676,0.13253634629311373,1.5598528040584645,271.46848428753304,66.26796989538491,79.5776643046699,2.3349156042959005,5.926259184301535,0.03588881787972205,-0.0036856041516101223,0.10943790246172957,1.6023425294308806,nan,nan,nan,0,100375.05836524989,-1.2818658403622414,0.0543170901246353,9.64558208362451,9.57180258327312e-05,0.01062536436829168,0.004347893837909294
77.5,173.84319628383332,81.61577419340294,78.7448607964815,7.532355449799937,0.029053198165590988,1.0039161338400502,0.00021818357160741098,0.1325357604717412,1.559755843160548,271.91926009273715,66.82361067029153,79.59712077788167,2.3462995190429035,5.898532521321348,0.03784735074038237,-0.0036162563659823954,0.10939116041808705,1.602470711898777,nan,nan,nan,0,100350.94723193606,-1.291054569875256,0.09952384158776048,9.622117048222938,0.004880103195932436,0.0017550030952142893,0.00422011852882732
77.60000000000001,173.8487391416589,82.37565606248336,78.74483668532342,7.532354980580055,0.0290769651014957,1.0039609374696614,0.00022588855825689258,0.1325352123670931,1.5596577861661305,272.153512040932,67.41217478189898,79.60087393771715,2.3394426537875708,5.872725228263156,0.037297944606173326,-0.003726682059817077,0.10913397309033512,1.6026618101236085,nan,nan,nan,0,100376.46365192074,-1.2809944157283955,0.07499057515018143,9.604153475572486,-0.0060241987544725345,0.0013367097354473223,0.002546000705098847
77.7,173.85435532395937,83.1355378936116,78.74481710372716,7.532354349710194,0.02910127806304615,1.0039996744697774,0.00023374546523269313,0.13253470856948257,1.559558601635612,272.4330143509929,67.99099813948813,79.60800553366437,2.336825566141172,5.846569426797744,0.037154703249277644,-0.003701735297121922,0.10877865057239022,1.6027822361344684,nan,nan,nan,0,100376.7402146265,-1.3044601475187387,0.09370981340649452,9.648098063573427,0.006235610797757843,0.002746962130832576,0.00398780008457628
77.80000000000001,173.86004565776844,83.89541958253514,78.74480145628127,7.532353563771859,0.029126129232828236,1.0040328266833591,0.00024176528394292962,0.13253424209641929,1.5594582624231643,272.6664053633311,68.57428411064515,79.6116888270257,2.330292882893004,5.819138502035158,0.03678007713846961,-0.003851101355252129,0.10865223993934037,1.6029526322417276,nan,nan,nan,0,100378.62545428371,-1.3010355953588109,0.05459243718409333,9.648981226263668,0.0014553505867289764,0.0059315718539304065,0.0023269778673629445
77.9,173.86581098727777,84.65530103209962,78.7447892047764,7.53235262214946,0.02915164427724163,1.0040611903032117,0.0002499695290412163,0.132533814550724,1.5593567410318607,273.34003472519737,69.0897179250249,79.64846102055598,2.3584613643703936,5.78811943181017,0.039756306034766695,-0.00365902590521594,0.1084479941961265,1.6029386388846896,nan,nan,nan,0,100381.81675899444,-1.3004651378607102,0.08709930038632076,9.649862449916558,0.0006396080193365569,0.004510869356153488,0.0022511565613192452
78.0,173.87165217296777,85.41518215212385,78.74477986169927,7.532351525277148,0.029177742813625257,1.0040851733612324,0.0002583530361899289,0.13253343192863154,1.5592540143831062,273.57556628470746,69.66716716804682,79.65242507448365,2.3520723130553445,5.761017758397774,0.04037435306932905,-0.0037201336333773094,0.10831912457753456,1.6031183617017173,nan,nan,nan,0,100354.29039487381,-1.288478134074222,0.09229406602616345,9.678172870082662,0.0049497346551628605,0.0022277897329401187,0.0024962241069482385
78.10000000000001,173.87757010067148,86.17506286070035,78.74477300081593,7.532350288503818,0.029204523050605075,1.0041052207216452,0.00026691852042293185,0.13253308725985402,1.5591500475783049,273.74982315208206,70.25030491030196,79.65188414024053,2.3397882632340337,5.735094821295833,0.041043953438675757,-0.0036706367234145,0.10832969582506546,1.603323525233888,nan,nan,nan,0,100379.64312182252,-1.2976955230050855,0.06603070439418321,9.650011992708711,0.004437556522576334,0.005331178944577549,0.0014235953156708455
78.2,173.88356567275315,86.93494308352203,78.74476825013755,7.532348933896739,0.029231988645165307,1.0041220891557043,0.00027570993251768705,0.13253275597947267,1.559044812528188,273.9835351947794,70.82246166804381,79.6559324344855,2.3340920100441735,5.70823774863069,0.03956614867201068,-0.00382578591935101,0.1079288492395154,1.6033926972393928,nan,nan,nan,0,100374.82270567722,-1.2837314678424125,0.07406766878471358,9.670162961395421,-0.0012079159793374893,-0.0031788468951010427,0.004947470507628519
78.30000000000001,173.88963981566502,87.6948227476151,78.74476525918118,7.532347426938655,0.029260189427150928,1.0041356833038502,0.000284713160999317,0.132532466352832,1.5589382764303932,274.9748459198185,71.29560025490024,79.71918852443386,2.387213533082559,5.675571814315038,0.047933292180572795,-0.003724000001321448,0.10768693645339056,1.603465299322163,nan,nan,nan,0,100346.46220727777,-1.2953024049631845,0.06656816840557428,9.617052221743412,0.00410145228365987,0.008016991810220897,0.001967534968740587
78.4,173.8957934775427,88.454701787679,78.74476373271742,7.532345789458589,0.029289109136932924,1.0041466265830568,0.00029392247931059323,0.13253221554454098,1.5588304085708036,275.2132233056264,71.8618273076172,79.72391605942953,2.3801553961660185,5.648492243134904,0.046932373987823746,-0.003742608226206534,0.10749542512531352,1.6035402511156316,nan,nan,nan,0,100374.38605569795,-1.3257568466506109,0.07295610880049781,9.577266045938709,0.0023821494747382896,-0.000967759170264388,0.004580027381810429
78.5,173.90202762947936,89.21458014625507,78.74476342649857,7.532344056404403,0.029318808910199296,1.0041556445778497,0.00030338395731388523,0.1325319673564147,1.5587211785930872,274.87153828721864,72.49188997780323,79.68242983551897,2.3297032340848993,5.625516836261339,0.04278513822007112,-0.004004654901971216,0.10732822774523809,1.6037830627657508,nan,nan,nan,0,100369.75930428476,-1.2928079712628249,0.06244814739205645,9.627156141553083,0.0025242087263393064,0.011784176590810548,0.007372269498521154
78.60000000000001,173.90834326738792,89.97445776498165,78.74476410218062,7.532342191832737,0.029349199916803292,1.0041624586305158,0.00031308096274496044,0.13253174801497325,1.558610554854157,275.1041517354989,73.05304963913106,79.68666827431665,2.3224086109516695,5.598159919149621,0.04240998942462168,-0.003892205793797565,0.10711815561444604,1.603886571707872,nan,nan,nan,0,100383.01320034041,-1.299455050897166,0.07550847591523119,9.649111199002046,0.003193534070311757,0.00835407127885299,0.0013398024818512266
78.7,173.91474141772062,90.73433459002725,78.74476555967873,7.532340198284307,0.029380392277149253,1.004167265984049,0.0003229944971498977,0.13253157037643915,1.5584984929402175,274.6725931574674,73.67866699914121,79.63679755326376,2.264589987205977,5.573102227126251,0.03509058859943407,-0.004186639223441868,0.10696796109172668,1.6041550317730726,nan,nan,nan,0,100359.56707578516,-1.2793379567489669,0.07002738604082645,9.579890144991,-0.0008374666504648496,-0.0005225328701105383,0.004649553501113562
78.80000000000001,173.92122312796243,91.49421057659782,78.74476765515737,7.532338133820969,0.029412400098623642,1.0041712334122512,0.0003331787596411173,0.13253138204664516,1.5583849566790287,274.8987151107595,74.23457455000528,79.64020616456953,2.257679495946142,5.544676593993741,0.033124623767980026,-0.004216190370655015,0.10672877765711575,1.6042045710128492,nan,nan,nan,0,100356.80819590123,-1.304419651616422,0.07149093881062313,9.643425889602462,-3.714402301685147e-05,0.0019445083876158155,0.0008871267958363875
78.9,173.92778947449827,92.25408567656788,78.744770234533,7.532335952441021,0.029445316645420678,1.0041737749887214,0.0003436365541470421,0.1325312059126711,1.558269905214177,275.00475125848675,74.797903214691,79.63364649502931,2.2418478207217603,5.516621513884728,0.03339438561058178,-0.004315519443569893,0.10636954834006818,1.6043785729204907,nan,nan,nan,0,100365.81583155153,-1.29311683869774,0.06666308928749402,9.595761050205466,-0.0012408076987085648,0.007758433035055983,0.003751802014707588
79.0,173.9344415574467,93.01395984278794,78.744773163463,7.532333635607401,0.02947909629310787,1.0041747876385068,0.0003543433743715685,0.13253107611226755,1.5581533047496532,275.2285656177555,75.34813240986598,79.63694534010646,2.234811660004422,5.487770942494678,0.03284345468284472,-0.0043397728922371925,0.10626625955565827,1.6045135832708428,nan,nan,nan,0,100368.57400935159,-1.2933225016253809,0.05455970116744041,9.62011141338777,0.004591037674615525,0.0049646230059289375,0.003280854221085345
79.10000000000001,173.94118051048878,93.77383303761945,78.74477636492406,7.532331248901947,0.029513827872420205,1.0041754582670825,0.0003653467602483529,0.13253093989578457,1.5580351112961246,274.9829158496431,75.92794969591945,79.60010134376647,2.19264185679236,5.45961932789485,0.02756227337472795,-0.004720855266336921,0.1059713094495347,1.6047400849927795,nan,nan,nan,0,100371.2727333284,-1.2898866961584623,0.07036140450559832,9.55087845306987,0.0039034236176146778,0.005864786078924912,0.004561252802395381
79.2,173.94800749818071,94.53370522180167,78.74477975742849,7.5323287797248355,0.029549418792147432,1.0041756855451744,0.0003766569741144865,0.1325307898787389,1.5579152793088147,275.20184736644944,76.47246963324592,79.6027393438657,2.1861755382611903,5.430786070927566,0.025687267999287153,-0.004755015118911188,0.10567673256373111,1.6049235220252287,nan,nan,nan,0,100362.51097434746,-1.2770697893316807,0.029485040732608325,9.676855565791392,0.0006567588022081418,0.006507824439623417,0.003761698873301773
79.30000000000001,173.9549237182722,95.29357635127518,78.74478324706655,7.532326167392308,0.02958606579131235,1.0041744776088968,0.0003882457752142354,0.13253068215935704,1.5577937563321314,275.5491764336609,77.00752305654107,79.61656088265298,2.189488439370416,5.401048356421707,0.024912464907855755,-0.004832521821023006,0.10547090074415699,1.6050895974445423,nan,nan,nan,0,100353.45407252635,-1.331252490935989,0.04745259484665684,9.582481406985192,0.0022239899659745434,-0.0030126682232169658,0.0037497828513899994
79.4,173.96193039306726,96.05344639100711,78.7447867994724,7.53232347593257,0.029623768861392803,1.004173239770735,0.00040016350002558543,0.1325305744417702,1.5576705040790078,275.7677654036587,77.54610151734062,79.61889926259428,2.181345507533894,5.37102717715217,0.02356953370413499,-0.004895896376155284,0.10539768174427011,1.6053037856128873,nan,nan,nan,0,100377.96527777835,-1.3088628462565575,0.1188413167234928,9.671846744650164,0.005043937022789952,0.006148536713657365,0.0031213608012914213
79.5,173.96902878437137,96.81331530575326,78.74479037983028,7.532320707585822,0.029662559183021846,1.0041720984284277,0.0004124386100885502,0.1325304438110837,1.5575454739982602,275.5304977807695,78.09506521457674,79.58011980865454,2.139706492335796,5.337966585763445,0.017007088005154283,-0.005144849834436638,0.10517857862427715,1.6054725586188363,nan,nan,nan,0,100359.0543399243,-1.3156876413805014,0.09012607001046928,9.585845839754107,-0.003515428892991033,0.0026789547233341824,0.006888465657208975
79.60000000000001,173.97622019444614,97.57318305386117,78.74479393163311,7.5323178037404,0.029702391042045823,1.0041698907047767,0.00042502795571797147,0.13253034046921197,1.5574186051079506,275.7441202313454,78.62732150173551,79.58169179795148,2.1326090431229354,5.3073787317100205,0.01597176538147184,-0.0050773072734036084,0.10502227763936967,1.6056152871481955,nan,nan,nan,0,100377.58050893205,-1.3121680673873353,0.10316010275332328,9.560306789983704,0.0018555073928157317,0.00026239333341193704,0.0033888026173089815
79.7,173.98350595310063,98.33304959874948,78.74479743670807,7.532314795849549,0.029743467661032467,1.0041674999991645,0.0004379759740104072,0.13253025149285347,1.557289851047654,275.5101560417694,79.15933301153031,79.5416695652674,2.092494911740685,5.274896898779672,0.00989526813643787,-0.005249088965060489,0.10459875127206941,1.6058462237467896,nan,nan,nan,0,100367.61541515397,-1.286869717609907,0.08376192099317291,9.669385263193007,-0.0047289288080919,0.0007556853289998793,0.0034375064229515244
79.80000000000001,173.99088743756138,99.09291490760383,78.74480090109199,7.532311726121749,0.02978572762793088,1.0041656723358132,0.0004513290331012998,0.13253012174040624,1.5571591471834658,275.71903571484506,79.6852832707252,79.54259274218249,2.085511388699837,5.24391121851681,0.009008210804162125,-0.005384143896484117,0.10433592929655533,1.6060081817203562,nan,nan,nan,0,100378.76636035298,-1.2999567059256552,0.0767621056219627,9.645350496545676,-0.0008463657536296079,0.009097062647684524,0.003771966637795215
79.9,173.99836606110046,99.85277893726162,78.74480428268838,7.532308507612268,0.0298293470517129,1.0041631601866925,0.00046506017000280675,0.13253001513643525,1.557026435974043,275.77962784037544,80.20519879599965,79.52930827473801,2.0657068741696922,5.2114068457684235,0.005357106081943439,-0.005416616879033942,0.10404940996540835,1.606120469391705,nan,nan,nan,0,100361.66733367961,-1.3068272626018467,0.11487844612737305,9.632711438743593,0.005020089769729737,0.003469361547605405,0.004504706459749279
80.0,174.00594327525982,100.6126416489886,78.74480757927734,7.532305169459323,0.029874214774298653,1.0041603144168945,0.00047918796090251625,0.1325299263471622,1.5568916636629144,275.98574582466216,80.72480976582875,79.52976449031046,2.0566033824208443,5.180752747308566,0.0039014172032605307,-0.005392166996580183,0.10394749865663155,1.6062540540001056,nan,nan,nan,0,100356.33732635964,-1.3073808361769748,0.10469633829494174,9.72822890637121,0.004315249337045052,-9.246852322145234e-06,0.007193617044264697
80.10000000000001,174.01362058524393,101.37250300758602,78.74481081084701,7.532301753099359,0.029920557893321896,1.0041580033818884,0.000493775807383523,0.13252980281962956,1.556754755111632,276.85634312528055,81.27376644932131,79.59610494684453,2.0976284080541094,5.157965495528153,0.012719052731011888,-0.0051809745718268685,0.1037696213364212,1.6063716442986191,nan,nan,nan,0,100356.73209523779,-1.302045214911804,0.047193071184318335,9.620334492680456,0.006742677534352623,0.004716232037338255,0.004443790971301325
80.2,174.02139953403653,102.13236296971543,78.74481396002392,7.532298201381868,0.029968283407719436,1.0041556329891435,0.0005088029720163867,0.13252968254922237,1.5566156510693003,277.06572608821125,81.78799116169823,79.59747345316943,2.0905259056837053,5.1264312411782464,0.014254316341396636,-0.005224599427129051,0.10360481149968415,1.606437810424603,nan,nan,nan,0,100383.27120254439,-1.2896866510199432,0.08411872439211081,9.696416354528035,-0.004034921176859497,0.0006649904187129331,0.0030891340878973885
80.30000000000001,174.02928172110794,102.89222149164414,78.74481702319943,7.532294503217662,0.030017589675201267,1.0041526426825134,0.0005242735308746971,0.1325295823987349,1.5564742701777696,276.6675347599284,82.24995561589138,79.5367508798419,2.0395855884919016,5.085197229473256,0.00738584112251327,-0.0054682658386104865,0.10333363140265361,1.6065681772964078,nan,nan,nan,0,100368.97030267377,-1.2784632745875864,0.08442365525686372,9.614724530113092,0.0016194228015500504,0.0026664259992502924,0.002167751605713435
80.4,174.037268786048,103.65207853392391,78.74482002824888,7.532290708617306,0.03006845969526608,1.0041501736744793,0.0005402627353535694,0.13252945521689918,1.556330547882613,276.8710664339777,82.7569035282077,79.53749565967378,2.031633799577118,5.053755665268213,0.00699095669192538,-0.005512316232352488,0.10306162577521483,1.606669275440141,nan,nan,nan,0,100373.30913922114,-1.279255415340439,0.07780793420858839,9.638786507188993,0.004126096740624689,-0.00033358538481999354,0.000927042216024786
80.5,174.04536243291116,104.41193405059786,78.74482297515159,7.5322867745778455,0.030121083870418525,1.0041477223474102,0.000556770462612155,0.1325293144230988,1.556184394626945,276.78446248372086,83.22686450405651,79.50744563626098,2.003857147845716,5.015783319483376,0.002275859819096527,-0.005712681105423223,0.10279521320898577,1.606840549864557,nan,nan,nan,0,100387.1506066113,-1.3040661948605345,0.06043841247504509,9.691036689409307,-0.0008789628473127424,0.005341214477287361,0.0019558870483700882
80.60000000000001,174.05356441450397,105.17178799222516,78.74482586113922,7.532282675844823,0.03017541250313746,1.0041450453578498,0.0005737938290407696,0.13252918853256968,1.5560357304743144,276.9844555616739,83.72683549071377,79.50764556384017,1.996316827985853,4.983345807420661,0.0016113234981629517,-0.005793164785314331,0.10255576020187807,1.606956517299178,nan,nan,nan,0,100376.48403672574,-1.317002561495958,0.06633293960791657,9.569921215760164,0.006881610897009562,0.0029505562202199994,0.0022759823005155068
80.7,174.0618765440078,105.93164031225281,78.74482871133014,7.532278441853092,0.030231694226517513,1.0041423613054996,0.0005914065110823596,0.132529045531796,1.555884465886207,276.96500011634674,84.18918573523283,79.48355887082424,1.9735914965139298,4.945321783892838,-0.0010766161524418914,-0.005907392500550612,0.10229770874786892,1.607049375955244,nan,nan,nan,0,100363.14603332269,-1.2931393565920626,0.06670544973459105,9.706210957272495,-0.0008027138918285104,0.001784027018887033,0.002321622187699925
80.80000000000001,174.07030068986546,106.69149095953837,78.74483153494343,7.532274052191992,0.0302899259562478,1.004139912512033,0.0006096337534186036,0.13252888897837334,1.5557305213427832,277.161953941306,84.68208055786616,79.48361312338952,1.964923809716973,4.91235280205709,0.00017465570924885327,-0.0059841474292591235,0.10193987105191793,1.607216329700015,nan,nan,nan,0,100384.99769182033,-1.301451178083696,0.1295500788735699,9.630607319221003,-0.0016155668624574181,-0.002139966767645456,0.0034108358217056277
80.9,174.0788387938754,107.45133987936812,78.74483433550344,7.532269484456701,0.030350131936116066,1.0041375280951583,0.0006284609044404643,0.13252873622550743,1.5555737962182792,277.814337486052,85.26373718501061,79.53604101563145,1.9891709200786043,4.891624452797944,0.006914053207012282,-0.005914102415526479,0.10180937166934889,1.6074347194117458,nan,nan,nan,0,100378.1024514187,-1.3004299076739472,0.057421433758317,9.65123712179194,-0.0032052330434828562,0.0026117852906999634,0.004188517717301643
81.0,174.0874928679936,108.21118701732154,78.74483713405616,7.532264751609906,0.030412526880631674,1.0041349087285234,0.0006479456232880709,0.13252856734571195,1.5554141774888843,278.01287242901066,85.75124313895067,79.53681681033919,1.9813626056023386,4.8583817991316325,0.0076047579967027015,-0.006100114794799327,0.1017033238978069,1.607625779270852,nan,nan,nan,0,100382.82129981171,-1.27855118302813,0.069391576438651,9.644791473984437,0.0033058597254937297,0.005954241477695151,0.004958696459922285
81.10000000000001,174.0962649799556,108.97103231421539,78.74483993930222,7.532259829589637,0.03047726451181057,1.0041321465313569,0.0006681435474806818,0.13252839086956025,1.5552515768709796,278.5351945013535,86.31727080363346,79.57659748063718,1.9955659671931882,4.835953526014681,0.01462431485045152,-0.006106489500732004,0.10158965777574824,1.607798631155899,nan,nan,nan,0,100365.17532970425,-1.3217369330374518,0.06423930169599036,9.648081418056917,-0.0026992887489723384,0.0015343345427103784,0.007692146436519267
81.2,174.10515729132408,109.73087570933573,78.74484276968984,7.5322547216186395,0.030544263290826955,1.0041298546670265,0.0006890534185407526,0.132528194630527,1.555085864151763,278.7342993563129,86.79917427486066,79.57806301502227,1.9864753264829567,4.802348083635174,0.0159936553144757,-0.006113432684720865,0.10146048235168093,1.6078736700729284,nan,nan,nan,0,100362.68751480436,-1.2724708713120336,0.08859944015407396,9.682053479537027,0.007511572289688441,0.0022490949480155013,0.0019866802134454052
81.30000000000001,174.11417203627295,110.49071713740956,78.744845633497,7.532249400388584,0.030613932232572905,1.0041275395180227,0.0007107311750461642,0.13252798693672863,1.5549169153829467,278.9455605875642,87.2817660379303,79.58123807623187,1.9782718732992257,4.769341553587611,0.014820359756944344,-0.006136979664392528,0.10135045972200718,1.6080610172432679,nan,nan,nan,0,100372.17003374411,-1.2900374235749559,0.09423754076104603,9.594149685201609,0.001399382271507637,0.0018268537406955993,0.0034096806099924116
81.4,174.1233115216342,111.2505565294215,78.7448485408645,7.532243846224723,0.030686327827908828,1.0041244622626326,0.0007332410544648171,0.13252777648196767,1.554744620191744,279.14299532071306,87.7569526361367,79.58273475095604,1.9700094260380452,4.734531721599948,0.01503652942831052,-0.006450306626078928,0.10108400200723677,1.6082135999299578,nan,nan,nan,0,100391.21423411612,-1.3265177062812525,0.10623483276965243,9.633476073300674,0.007247619992781399,0.000848759142950076,0.0007507041520749512
81.5,174.13257815448887,112.01039381487075,78.74485151391502,7.532238068246852,0.030761521196839187,1.0041219100231702,0.0007566146574738974,0.1325275453586725,1.5545688391253463,279.35149204477864,88.2331456665741,79.58578677130761,1.961695414805042,4.701235035833622,0.013937852693541761,-0.006393905616737694,0.10081897892242875,1.60839157216438,nan,nan,nan,0,100360.1929287061,-1.2833867548694715,0.05651630037719742,9.671089392295894,0.0009872391430052513,0.003894057076058304,0.002417073061539499
81.60000000000001,174.1419744279176,112.77022891872201,78.74485456190385,7.532232044075103,0.03083970289780987,1.0041200389881244,0.000780890142555779,0.13252729867813873,1.5543894431726364,279.5471852006434,88.70159057500672,79.58710748252012,1.9526803059925006,4.667447072257323,0.012745886712706028,-0.006407846688686658,0.10071330827642466,1.6083903115527822,nan,nan,nan,0,100373.86271396036,-1.2891813560999017,0.055083966134957314,9.607072882248387,-0.0004892726373669071,0.005692478686369877,0.0026407552962592357
81.7,174.15150295310997,113.5300617611874,78.74485769959702,7.532225752163628,0.03092100763201571,1.0041166413124112,0.0008061032997824791,0.13252703343596206,1.554206251556152,280.29499585154673,89.41134167700514,79.66451370502953,1.9803247694371355,4.662072093122777,0.02039505899312922,-0.006395710146444689,0.10084125705158598,1.608547237342657,nan,nan,nan,0,100369.65977239281,-1.3081736949170772,0.08346399680548015,9.537433012337187,0.0021834396747113967,0.003871820616521237,0.001919497164652938
81.80000000000001,174.1611664316984,114.28989225747432,78.74486094521033,7.532219178616247,0.03100582825938205,1.0041133699951303,0.000832361295335593,0.13252674546681886,1.5540190994086067,280.49261077706956,89.87581013207053,79.666495130201,1.97195944197273,4.627222123635089,0.01937635468769678,-0.0062306103842498795,0.10076847409905465,1.6086090916221112,nan,nan,nan,0,100363.90819402052,-1.3009087110324367,0.06076455206420487,9.6210668897137,0.008554808693923829,0.0026129819598364047,0.002804593904119945
81.9,174.1709676756099,115.04972031983972,78.74486432035644,7.532212309238924,0.031094501216361037,1.004111518480167,0.0008597344051579636,0.13252641784729335,1.5538278214599028,280.6453991874603,90.31385649149317,79.6619451336942,1.9600882007693958,4.590483341246679,0.01714913189020803,-0.0061546069411365645,0.10055872241838815,1.6086684369202464,nan,nan,nan,0,100397.06695744931,-1.2664374370789035,0.12121306672763574,9.529897131982537,0.004919432813425318,0.004832007813722918,0.002566334554529693
82.0,174.18090961887765,115.80954585062219,78.74486782210924,7.5322050821382245,0.031186935531180925,1.0041083708541756,0.0008882519341146811,0.13252608967481772,1.5536322374799916,280.8409751747442,90.77122498499976,79.66362156767337,1.9515805020776273,4.5567112968400565,0.01638033311827174,-0.006107304985518369,0.10041281705026894,1.6087193676538205,nan,nan,nan,0,100372.90554519388,-1.2864956858305392,0.057858029835235296,9.694933168311652,0.007469565257108366,0.006551917432312359,0.003916748284083149
82.10000000000001,174.1909953258084,116.5693687491307,78.74487147192775,7.532197494022124,0.03128363767623812,1.0041041200343876,0.0009180283001211098,0.1325257531947499,1.5534321447669557,281.23268274365813,91.34590788163304,79.6954135816067,1.9553317748431411,4.535770188492437,0.019168789341046807,-0.006101930894401475,0.10032631354145982,1.608900164511977,nan,nan,nan,0,100361.70506963391,-1.321971940277759,0.12492183234909375,9.689389323521702,0.0014527330351117324,0.0032168954306671087,0.0035075465356215244
82.2,174.2012279950387,117.3291889145081,78.7448753157569,7.53218957956692,0.03138477492362354,1.0041020497424733,0.0009491635572071999,0.13252534275221217,1.5532273376028922,281.42780504066025,91.79772901753591,79.69732559354435,1.9469350877367748,4.5008203970896,0.018682743973344355,-0.006130203517344945,0.09997920923257575,1.608992057102847,nan,nan,nan,0,100365.31250518054,-1.2847039923736967,0.08385696122736436,9.567700825531197,0.0030282716042284467,0.00012188354619245686,0.002890431647159535
82.30000000000001,174.21161096972182,118.08900622887957,78.74487933379983,7.532181216060293,0.03149062120122391,1.0040991741416396,0.0009816698453528616,0.13252493215784322,1.553017600676414,281.4895994517715,92.15130059120018,79.67758867449675,1.9303868886687194,4.4549824483191145,0.013762231028138233,-0.006320098614302827,0.09964708284640489,1.608989974775312,nan,nan,nan,0,100355.57918616352,-1.2943158271742645,0.11193624353730192,9.612299319467496,0.0032357401978941403,0.007387891334918054,0.0020198372947589052
82.4,174.22214774201515,118.84882057122184,78.74488354404784,7.532172401304107,0.03160122848775764,1.0040941595147985,0.0010156476586624663,0.1325245273087987,1.5528027050153599,281.6822295620089,92.5949460211937,79.67886134594032,1.9225647514201027,4.41825914699444,0.011921546298713427,-0.006249038283209218,0.09955136655649932,1.6090134966638674,nan,nan,nan,0,100371.45550504871,-1.310524226661359,0.061711371271196684,9.604597447738398,0.0029921613891735078,-0.000202036648552892,0.002319904174627845
82.5,174.23284199002114,119.60863182219899,78.74488801418867,7.5321631936349664,0.03171738574451215,1.0040909514740881,0.0010512753762506044,0.13252402106229932,1.5525823608847542,281.66718202620467,92.86281627082947,79.64422055354393,1.901735472018408,4.362543720601286,0.003264544925990109,-0.00643910553253646,0.09924119164638556,1.6089528429738271,nan,nan,nan,0,100393.54772340537,-1.3237805081759146,0.09392655520804694,9.634756140073492,0.00047882483422788933,-0.00696623297355712,0.0050544204287422635
82.60000000000001,174.24369755584448,120.36843984262597,78.74489273851727,7.532153468622956,0.03183920436850753,1.0040885326816835,0.001088579105380738,0.1325234647211213,1.5523562908714312,281.8569073693009,93.29727098177311,79.64456019960619,1.892920437396752,4.326524710056834,0.003026029170946739,-0.006506634026613334,0.09912758774478214,1.608996444816918,nan,nan,nan,0,100364.5694488934,-1.2936419758284277,0.08199198628173149,9.578018753417307,0.0004175564957365275,0.0038176157817205562,0.000248773248009369
82.7,174.254718531161,121.12824448430092,78.74489775980352,7.532143172589349,0.031967600825045586,1.0040822254674555,0.0011276838904036302,0.13252284706975948,1.5521240635870255,281.8561930523342,93.54522716422909,79.60995548468173,1.8732197466055671,4.271072208372754,-0.005135115511596228,-0.0065667765909724896,0.09884298574990602,1.6089126619034075,nan,nan,nan,0,100378.27684392124,-1.2870281837579702,0.058266618437502464,9.660169509339353,-0.0014899601332410744,0.00211814697927664,-0.00479536562205852
82.80000000000001,174.26590906596437,121.88804558084038,78.74490304393794,7.53213217665607,0.03210405455028377,1.0040775651311264,0.001169021718066543,0.13252226514136511,1.5518855256672723,282.0430856971576,93.97050311297934,79.60951558750986,1.8649670939715572,4.2341413826153955,-0.0047900906728305884,-0.006461926268149676,0.09856404258780405,1.6089248488973533,nan,nan,nan,0,100346.43168328573,-1.287650018546241,0.08965743101654333,9.641409623456804,0.0040131392564442155,0.005143021824087391,0.0015138771737585642
82.9,174.27727369245795,122.64784298395084,78.74490875540657,7.5321206780561285,0.03224683380876761,1.0040747715565281,0.0012125052973879225,0.13252146789069008,1.5516402060055745,281.93251936078866,94.06054499004863,79.55077147792446,1.839066420191754,4.161418784656415,-0.014430248909516045,-0.00640983557207031,0.09804780045229777,1.6088000089800083,nan,nan,nan,0,100362.70223620378,-1.3244408986813447,0.09298718047214957,9.614201333616714,-5.6770938841815746e-05,0.0076441181390912005,0.0010255761348086094
83.0,174.28881705283507,123.40763648247905,78.74491471094171,7.5321082043857235,0.03239846677714057,1.0040689434731687,0.0012582951400867959,0.13252085891468957,1.5513878666261025,282.11594571573943,94.47484050142607,79.54925943986788,1.8298189398472346,4.124639634555939,-0.016158176412456343,-0.006454366349371021,0.09782921685812851,1.6088586725116876,nan,nan,nan,0,100377.0786494886,-1.2954857628626897,0.05006074725201054,9.634834334273116,-0.0015807236195473954,0.0016986938155952383,0.00441018623696477
83.10000000000001,174.30054409783088,124.16742591036314,78.7449211063392,7.532095135997059,0.032557290217259886,1.004062397960805,0.0013065839907620003,0.1325201126616995,1.5511281346839774,281.95747735796044,94.44423376535445,79.47575052712577,1.8035379970255794,4.040155562064106,-0.02894971663372225,-0.006638655039738706,0.09726398600278818,1.6087149383991037,nan,nan,nan,0,100357.39837636458,-1.314569481347597,0.04067677277792744,9.629945180623995,0.004110014249170284,0.005462055922033462,0.001070031741801222
83.2,174.31246011339587,124.92721106884174,78.74492799395745,7.5320813715724,0.03272442964427805,1.0040590807520793,0.0013574812224373956,0.1325191691028511,1.550860481648003,282.1374058962247,94.8463279672882,79.47272352504024,1.795132927795345,4.002049608193494,-0.032278501215671385,-0.006455952123591069,0.09700214903927784,1.6087498066002448,nan,nan,nan,0,100356.90319433334,-1.2921087649848009,0.09669393130467364,9.583956105862525,0.007733345831150009,0.002729142656881105,0.002483069404320375
83.30000000000001,174.3245706605524,125.68699172053479,78.74493532495245,7.5320665882045095,0.03290158883961815,1.00405295177306,0.0014110538683980156,0.13251821254919993,1.55058436657141,281.9149588058268,94.6435073386897,79.3784293885999,1.764451252173646,3.9012627239176356,-0.04683073714305322,-0.006407868213633927,0.09623253510894814,1.6084998528549994,nan,nan,nan,0,100373.07873084319,-1.3159781288725088,0.11246107831266375,9.598824586306913,-0.00038210634041863827,0.001655509317787775,-0.0003974059491764848
83.4,174.3368815736358,126.44676762807386,78.74494319382957,7.532050815397412,0.03308996516653111,1.0040441303157972,0.0014677901839817986,0.13251715555332821,1.5502992763674435,282.0909827070494,95.03167119404516,79.37370238143957,1.7562191036822026,3.8620833151763336,-0.04819867628254286,-0.006280383760329578,0.09605007228935247,1.6084416510422466,nan,nan,nan,0,100347.03770457262,-1.3220146159233617,0.06630090928639502,9.690788558857724,0.007825105936802692,0.0015655351783770961,0.001250851731972188
83.5,174.34939907497127,127.20653853788399,78.74495172643518,7.532034013585845,0.03329082886081987,1.0040376561059425,0.0015281180348086787,0.13251584804397898,1.5500045812929546,282.2158909950072,95.32867746230603,79.3564731187636,1.745386916859721,3.8139318124979833,-0.05107329786651011,-0.006202726283840665,0.09577973546762597,1.608322551150533,nan,nan,nan,0,100367.85590098557,-1.3147313779290337,0.07731112468818274,9.739875717673797,0.006719361389197607,0.005393807621508909,0.0043756649553509655
83.60000000000001,174.36212976470824,127.96630414646606,78.7449608990496,7.532015831936445,0.03350498720832047,1.0040310678973379,0.0015921388677003767,0.13251448023195356,1.5496996334320445,282.39005678877993,95.70812307402267,79.35130771749944,1.7379827854875376,3.774990878922751,-0.05180949756484338,-0.006015819041488846,0.09553970278423729,1.6082417065337613,nan,nan,nan,0,100391.46128844019,-1.2929913672728834,0.09407230843619453,9.627677699434456,0.005174560946081102,-0.0017087210542743986,0.0016933488115664828
83.7,174.37508068047103,128.72606413996076,78.74497080924876,7.531996220776186,0.03373409847498712,1.0040202677697863,0.0016603338447410687,0.13251300757255113,1.5493836947294706,282.4333306918876,95.82191836204998,79.3113106035898,1.7238525421469837,3.708924330994235,-0.05966016638831769,-0.00617674595477391,0.09512793990801138,1.608093129918016,nan,nan,nan,0,100365.60554616372,-1.3063448568474805,0.0779649785715999,9.58359100243381,0.0020207233910764064,0.00469395338192939,0.0013574380061694398
83.80000000000001,174.38825934655387,129.48581818854026,78.74498165048654,7.531975186399059,0.03397978222140157,1.0040106100712987,0.0017333833425169365,0.13251119887206464,1.549055931612073,282.60531955977604,96.1907379361337,79.30517650899296,1.7156830507528238,3.667659431320292,-0.06212139730188653,-0.006073270003487008,0.09491948752891433,1.6079568021105262,nan,nan,nan,0,100383.14436549322,-1.2986441093328185,0.08270373417754433,9.69526068176588,0.005180042639057083,0.006920024900842352,-0.000545912375432802
83.9,174.40167381508542,130.24556589595488,78.74499342919565,7.53195226022892,0.03424408629558502,1.0040019903973505,0.0018115333827051217,0.13250924279521636,1.548715449958014,282.84652155400823,96.71920007289339,79.31934923932288,1.7116375383444387,3.644567006801905,-0.06081806538955639,-0.005937388693086798,0.09473976131057871,1.6078691094460678,nan,nan,nan,0,100365.29809859137,-1.2753839676591832,0.05073742296406983,9.634725995284949,0.005992785358093481,0.00620439227686793,-0.0003248804753977746
84.0,174.41533270962114,131.00530684227704,78.74500625811653,7.5319273151987645,0.03452790272060902,1.0039902435693002,0.0018952444854035688,0.13250713934332303,1.5483612902428212,283.0173656412967,97.08165288266959,79.31315399024906,1.7047844091478965,3.6046701032646893,-0.06309170192329457,-0.005803241971754747,0.09462849348479696,1.6077931061527657,nan,nan,nan,0,100363.95088286637,-1.272448348277932,0.0881243354862582,9.639670595855236,0.0037970475811291986,0.006758168343348163,0.005041799148090077
84.10000000000001,174.4292453502579,131.7650405830157,78.74502039074078,7.531900297988022,0.034834460805223566,1.0039758254209443,0.0019854390817070078,0.1325046117072437,1.5479922735288336,283.05708524865554,97.08469085642433,79.26501446678158,1.6922258973063287,3.5285436907044136,-0.07109285136980724,-0.005791862058202146,0.09404170661871825,1.607533020588404,nan,nan,nan,0,100369.28480931236,-1.301033199904351,0.09719340110380875,9.49281066074504,0.002012001899934954,-0.004422213598939618,0.0011106652591695168
84.2,174.4434217986993,132.52476659665027,78.74503596810571,7.531870739678519,0.03516631487154461,1.0039627462556275,0.002082686266684397,0.13250168022842912,1.5476070702132572,283.225936368715,97.43545980269647,79.25768139292394,1.6847616859072325,3.4866717666921136,-0.07458394732300101,-0.005817736864195511,0.09369587348877051,1.6073598527521349,nan,nan,nan,0,100367.01154329388,-1.2667833264703676,0.05865148444975915,9.646971383662095,-0.0003003560064281446,0.002161058384718894,-0.002311438422323839
84.30000000000001,174.45788413646696,133.28473907037437,78.74706360839659,7.534487079945424,0.03550980972533276,1.073525304777066,0.0021875032882459067,0.12852336510983098,1.5471938769774567,283.6353382675144,98.5517777326537,79.33726860041973,1.6841182878000012,3.5296191184203245,0.03903863893648885,-0.005901339179349208,0.090093397590715,1.607388929496943,nan,nan,nan,0,100354.60788639453,-1.2893612895941877,0.08828268131375946,12.308451006362013,0.008315558693591482,-0.2101781302076602,8.429031257928092e-05
84.4,174.47270821494857,134.04590655632035,78.76802609378286,7.5462008991567355,0.03583017735398048,0.9830536312443348,0.002177624405519385,0.08914062326998473,1.5466746838952254,283.8033232276386,98.9024441048282,79.35138236239264,1.6760949089393278,3.4721635945761866,0.22601238397710469,-0.005756316612973489,0.050516979584521726,1.6074338345858423,nan,nan,nan,0,100365.45613750268,-1.4646491805937598,0.07858209035772483,10.716562757942006,0.002869575116069329,-0.5173533745063672,0.0040927710336579395
84.5,174.48773931119322,134.80239637850235,78.80382685254678,7.504757846098403,0.03628309844437138,0.7098988912496157,0.0018866279314656564,0.034485407941176494,1.5461056232711576,284.0067111170626,99.37892108511609,79.39420378112976,1.6722992546514566,3.357910599002487,0.366933809559656,-0.006112789621394499,-0.004235361136098792,1.607652125339318,nan,nan,nan,0,100373.53843418926,-1.5703710408744385,0.06209621962445374,11.063677738460207,-0.002379675706315574,-0.5795057610511184,0.0015183658528288013
84.60000000000001,174.50277078546551,135.54740500904478,78.85418081219025,7.390715053611329,0.037202164903381164,0.4377717808437727,0.0015212458524347383,-0.019990768020640814,1.5455360008620798,284.1737668932444,99.70553293556398,79.43709783554134,1.669136545169071,3.1644569202228374,0.49727473217266305,-0.006658978513362945,-0.058873376355662144,1.6078204108995227,nan,nan,nan,0,100374.87894601788,-1.5487528691653059,0.0834992222580454,11.701560519034656,-0.0014122738437378438,-0.5106155654015765,-0.00024828564517723976
84.7,174.51024624403857,136.27442222916727,78.92828750808238,7.212879920559497,0.08907121990741497,0.23816702626921785,-0.018398385140794282,-0.08465367138346935,1.5595416890924787,284.2543143081492,99.66247276762819,79.4679299224433,1.5167888180925344,2.8578291544667276,0.7198507018498129,-0.027017093895526756,-0.12393460495219633,1.6224255143720354,nan,nan,nan,0,100351.32599586705,-1.5583350183883826,1.2874778674651242,8.301728759444748,-0.2030953519349249,-0.6477872049333295,0.2883981768251956
84.80000000000001,174.50381123317064,136.978259278507,79.00544774167525,6.9637586706883114,-0.06255450570782575,-0.13369443384823096,-0.03704915904052708,-0.1290020242958192,1.5975264133407694,284.40087057887234,99.93402806177072,79.53477149327047,1.424755039486899,2.5647985289681596,0.6448933983939448,-0.047319984776235335,-0.16830558270785279,1.661280600867836,nan,nan,nan,0,100364.93114483754,-1.4074692223044445,0.47499570937724883,9.946048658344433,-0.10364462603618209,-0.3418747909029522,0.4241704703238374
84.9,174.48990271304052,137.65553332387876,79.07992013018118,6.6759204000915755,-0.29144733777910165,-0.30612678140368665,-0.049434931912807345,-0.15431199570517795,1.6436332544295513,284.32392146590763,99.18205548472353,79.50526103712325,1.369187532412955,2.147041767229919,0.5925919202358626,-0.061638608676450324,-0.19400538573863968,1.7078641617224317,nan,nan,nan,0,100383.64948230622,-1.305884863761521,0.31887564868400925,9.739038014259924,-0.021030345720684043,-0.2081659612491896,0.4675369583141825
