event,start_stamp_s,end_stamp_s,frame_dt_s,imu_state_stamp_s,tracks,inliers,inlier_ratio,rotation_accepted,rotation_nis,rotation_reason,rotation_innovation_deg,visual_relative_rotation_body,predicted_relative_rotation_body,gt_rotation_error_deg,gt_rotation_error_if_inverse_deg,direction_accepted,direction_nis,direction_reason,direction_innovation_deg,visual_direction_world,gt_direction_error_deg
visual_span,1.0,1.04,0.040000000000000036,1.04,28,0,0.0,False,,disabled_or_unavailable,,null,"[[0.9999999998218375, 1.8844480141797192e-05, 1.1003673290963323e-06], [-1.88444092740606e-05, 0.999999997750809, -6.436824072581304e-05], [-1.1015803126555157e-06, 6.436821997857272e-05, 0.9999999979277596]]",nan,nan,False,,disabled_or_unavailable,,null,nan
visual_span,1.04,1.08,0.040000000000000036,1.08,28,0,0.0,False,,disabled_or_unavailable,,null,"[[0.9999999995613275, 2.1989053006169873e-05, -1.984507666575806e-05], [-2.1991076093436738e-05, 0.9999999945613381, -0.00010194957898553844], [1.9842834783131124e-05, 0.00010195001535540698, 0.9999999946062283]]",nan,nan,False,,disabled_or_unavailable,,null,nan
visual_span,1.08,1.16,0.07999999999999985,1.16,28,0,0.0,False,,disabled_or_unavailable,,null,"[[0.9999999990068907, 3.036353455966027e-07, -4.4565974578245536e-05], [-3.0520221213006936e-07, 0.9999999993818983, -3.515835641143643e-05], [4.4565963875379534e-05, 3.5158369978154366e-05, 0.9999999983888819]]",nan,nan,False,,disabled_or_unavailable,,null,nan
visual_span,1.16,1.2,0.040000000000000036,1.2,28,0,0.0,False,,disabled_or_unavailable,,null,"[[0.999999999959547, -3.779652691189177e-07, -8.986856321461041e-06], [3.7774874046025413e-07, 0.9999999997096706, -2.4093916322341356e-05], [8.986865425515456e-06, 2.4093912926593027e-05, 0.99999999966936]]",nan,nan,False,,disabled_or_unavailable,,null,nan
visual_span,1.2,1.24,0.040000000000000036,1.24,28,0,0.0,False,,disabled_or_unavailable,,null,"[[0.9999999997865282, 8.184504842366563e-06, 1.8972555485838917e-05], [-8.184348633341864e-06, 0.9999999999326132, -8.233483381573667e-06], [-1.8972622871545022e-05, 8.233328101807486e-06, 0.9999999997861261]]",nan,nan,False,,disabled_or_unavailable,,null,nan
visual_span,1.24,1.28,0.040000000000000036,1.28,28,0,0.0,False,,disabled_or_unavailable,,null,"[[0.9999999997414211, 7.4006724748326885e-06, 2.150320323483137e-05], [-7.402008729795377e-06, 0.9999999980417462, 6.21427201559706e-05], [-2.1502743294804075e-05, -6.214287930679986e-05, 0.9999999978379471]]",nan,nan,False,,disabled_or_unavailable,,null,nan
visual_span,1.28,1.32,0.040000000000000036,1.32,28,0,0.0,False,,disabled_or_unavailable,,null,"[[0.9999999998027761, 1.0195405249962892e-05, 1.704410876257982e-05], [-1.019690823367301e-05, 0.999999996059781, 8.818424548392074e-05], [-1.7043209621302923e-05, -8.818441926374168e-05, 0.9999999959665186]]",nan,nan,False,,disabled_or_unavailable,,null,nan
visual_span,1.32,1.36,0.040000000000000036,1.36,28,0,0.0,False,,disabled_or_unavailable,,null,"[[0.9999999991469392, 4.076205151737195e-05, -6.676582506408235e-06], [-4.0762357291482994e-05, 0.9999999981201997, -4.5804266253814166e-05], [6.674715417996839e-06, 4.580453836798195e-05, 0.9999999989286962]]",nan,nan,False,,disabled_or_unavailable,,null,nan
visual_span,1.36,1.4,0.039999999999999813,1.4,28,0,0.0,False,,disabled_or_unavailable,,null,"[[0.9999999994870744, 3.1840482442094554e-05, -3.469178609872663e-06], [-3.184076574945654e-05, 0.9999999961560729, -8.169467600348433e-05], [3.466577398640491e-06, 8.169478642288449e-05, 0.9999999966569726]]",nan,nan,False,,disabled_or_unavailable,,null,nan
visual_span,1.4,1.44,0.040000000000000036,1.44,28,0,0.0,False,,disabled_or_unavailable,,null,"[[0.9999999990376903, 3.8887950845238566e-05, -2.030633183907225e-05], [-3.888799985279098e-05, 0.9999999992409506, -2.4130231090268657e-06], [2.0306237986134683e-05, 2.413812779334358e-06, 0.9999999997909154]]",nan,nan,False,,disabled_or_unavailable,,null,nan
visual_span,1.44,1.48,0.040000000000000036,1.48,28,0,0.0,False,,disabled_or_unavailable,,null,"[[0.999999999432711, 1.954582615078939e-05, -2.7432443385425256e-05], [-1.954509712714467e-05, 0.9999999994558727, 2.657525203934432e-05], [2.7432962805754785e-05, -2.657471585449806e-05, 0.9999999992706087]]",nan,nan,False,,disabled_or_unavailable,,null,nan
visual_span,1.48,1.52,0.040000000000000036,1.52,28,0,0.0,False,,disabled_or_unavailable,,null,"[[0.9999999975440713, 6.13339105590942e-05, -3.3911785824667654e-05], [-6.133217078319808e-05, 0.9999999968032531, 5.130164667765164e-05], [3.391493224686912e-05, -5.129956666821868e-05, 0.9999999981090661]]",nan,nan,False,,disabled_or_unavailable,,null,nan
visual_span,1.52,1.56,0.040000000000000036,1.56,28,0,0.0,False,,disabled_or_unavailable,,null,"[[0.9999999994582893, 3.2884685670371025e-05, 1.421027651591201e-06], [-3.2884657630027066e-05, 0.9999999992647037, -1.9727960897875533e-05], [-1.4216763983393682e-06, 1.9727914157180878e-05, 0.9999999998043944]]",nan,nan,False,,disabled_or_unavailable,,null,nan
visual_span,1.56,1.6,0.040000000000000036,1.6,28,0,0.0,False,,disabled_or_unavailable,,null,"[[0.99999999939264, 3.485277000807132e-05, 6.851745363547253e-08], [-3.485277635218025e-05, 0.9999999948914637, 9.488074990858294e-05], [-6.521059633069143e-08, -9.488075223897964e-05, 0.9999999954988193]]",nan,nan,False,,disabled_or_unavailable,,null,nan
visual_span,1.6,1.6400000000000001,0.040000000000000036,1.6400000000000001,28,0,0.0,False,,disabled_or_unavailable,,null,"[[0.9999999979220006, 6.313137143583467e-05, -1.3054858589088709e-05], [-6.31308205848255e-05, 0.9999999971172011, 4.2191203848889865e-05], [1.3057522140015683e-05, -4.219037959728121e-05, 0.9999999990247367]]",nan,nan,False,,disabled_or_unavailable,,null,nan
visual_span,1.6400000000000001,1.6800000000000002,0.040000000000000036,1.6800000000000002,28,0,0.0,False,,disabled_or_unavailable,,null,"[[0.9999999971216765, 7.580207406536429e-05, -3.269922792105207e-06], [-7.580175124307085e-05, 0.9999999922648685, 9.861215597062512e-05], [3.277397772762555e-06, -9.861190782091338e-05, 0.9999999951324751]]",nan,nan,False,,disabled_or_unavailable,,null,nan
visual_span,1.6800000000000002,1.7200000000000002,0.040000000000000036,1.7200000000000002,28,0,0.0,False,,disabled_or_unavailable,,null,"[[0.9999999967213226, 7.85282830432149e-05, -1.976522820415748e-05], [-7.852793065772316e-05, 0.999999996757751, 1.7828701374898043e-05], [1.9766628197381545e-05, -1.782714919397363e-05, 0.9999999996457368]]",nan,nan,False,,disabled_or_unavailable,,null,nan
visual_span,1.7200000000000002,1.76,0.039999999999999813,1.76,28,0,0.0,False,,disabled_or_unavailable,,null,"[[0.9999999991578918, 4.096449072176561e-05, 2.475246989783388e-06], [-4.0964377890770694e-05, 0.9999999981228023, -4.556660138285159e-05], [-2.47711359775643e-06, 4.5566499947526524e-05, 0.999999998958779]]",nan,nan,False,,disabled_or_unavailable,,null,nan
visual_span,1.76,1.8,0.040000000000000036,1.8,28,0,0.0,False,,disabled_or_unavailable,,null,"[[0.9999999990135903, 4.004221636790599e-05, -1.9220838250709363e-05], [-4.004206563273685e-05, 0.9999999991675634, 7.842599393803556e-06], [1.9221152269771046e-05, -7.841829744000787e-06, 0.9999999997845267]]",nan,nan,False,,disabled_or_unavailable,,null,nan
visual_span,1.8,1.84,0.040000000000000036,1.84,28,0,0.0,False,,disabled_or_unavailable,,null,"[[0.9999999977650635, 6.529501624490275e-05, -1.4367801475861163e-05], [-6.529671249567362e-05, 0.9999999908954993, -0.00011809039248241281], [1.4360090630953996e-05, 0.00011809133038869046, 0.9999999929241128]]",nan,nan,False,,disabled_or_unavailable,,null,nan
visual_span,1.84,1.88,0.039999999999999813,1.88,28,0,0.0,False,,disabled_or_unavailable,,null,"[[0.9999999995995713, 2.7559372411469228e-05, -6.429515872900282e-06], [-2.7559712014911255e-05, 0.9999999982249733, -5.2825334234134696e-05], [6.428060028428799e-06, 5.2825511408587756e-05, 0.9999999985840728]]",nan,nan,False,,disabled_or_unavailable,,null,nan
visual_span,1.88,1.92,0.040000000000000036,1.92,28,0,0.0,False,,disabled_or_unavailable,,null,"[[0.9999999992430599, 3.829280595417128e-05, 6.895025200255239e-06], [-3.829285213086042e-05, 0.9999999992444033, 6.697094837013552e-06], [-6.894768744492329e-06, -6.697358862124685e-06, 0.999999999953804]]",nan,nan,False,,disabled_or_unavailable,,null,nan
visual_span,1.92,1.96,0.040000000000000036,1.96,28,0,0.0,False,,disabled_or_unavailable,,null,"[[0.9999999979859531, 6.242775194942337e-05, -1.1439839202162038e-05], [-6.242871380662202e-05, 0.9999999945150451, -8.409854900144167e-05], [1.1434589056058665e-05, 8.409926300651077e-05, 0.9999999963982822]]",nan,nan,False,,disabled_or_unavailable,,null,nan
visual_span,1.96,2.0,0.040000000000000036,2.0,28,0,0.0,False,,disabled_or_unavailable,,null,"[[0.9999999982811807, 5.3721985580998436e-05, -2.3485896209150633e-05], [-5.372166516249715e-05, 0.9999999984639198, 1.3643435830292894e-05], [2.348662912553736e-05, -1.3642174105390101e-05, 0.9999999996311348]]",nan,nan,False,,disabled_or_unavailable,,null,nan
visual_span,2.0,2.04,0.040000000000000036,2.04,28,0,0.0,False,,disabled_or_unavailable,,null,"[[0.9999999993938901, 3.460501935519328e-05, 3.835780260337667e-06], [-3.460456698103112e-05, 0.9999999924542682, -0.00011787276263305816], [-3.839859220626263e-06, 0.00011787262982609931, 0.9999999930456496]]",nan,nan,False,,disabled_or_unavailable,,null,nan
visual_span,2.04,2.08,0.040000000000000036,2.08,28,0,0.0,False,,disabled_or_unavailable,,null,"[[0.9999999984519806, 4.923928579565774e-05, -2.591393302663615e-05], [-4.9238985297394386e-05, 0.9999999987205217, 1.1596521661231199e-05], [2.591450399792414e-05, -1.159524566751226e-05, 0.9999999995969946]]",nan,nan,False,,disabled_or_unavailable,,null,nan
visual_span,2.08,2.12,0.040000000000000036,2.12,28,0,0.0,False,,disabled_or_unavailable,,null,"[[0.9999999991733215, 3.7380626424193324e-05, -1.600144626669931e-05], [-3.73810872907488e-05, 0.9999999988865433, -2.8802226208645023e-05], [1.6000369603624296e-05, 2.880282433629451e-05, 0.999999999457193]]",nan,nan,False,,disabled_or_unavailable,,null,nan
visual_span,2.12,2.2,0.08000000000000007,2.2,28,0,0.0,False,,disabled_or_unavailable,,null,"[[0.9999999925094023, 0.00011538479592083112, -4.083557824575897e-05], [-0.00011538734786407936, 0.9999999913899865, -6.249629617893705e-05], [4.0828366771783676e-05, 6.250100761987472e-05, 0.9999999972133344]]",nan,nan,False,,disabled_or_unavailable,,null,nan
visual_span,2.2,2.24,0.040000000000000036,2.24,28,0,0.0,False,,disabled_or_unavailable,,null,"[[0.9999999984140986, 5.12666672675664e-05, -2.3313760157177603e-05], [-5.1269272792775416e-05, 0.9999999924392123, -0.00011177225380254713], [2.3308029789961775e-05, 0.0001117734489048167, 0.9999999934817159]]",nan,nan,False,,disabled_or_unavailable,,null,nan
visual_span,2.24,2.2800000000000002,0.040000000000000036,2.2800000000000002,28,0,0.0,False,,disabled_or_unavailable,,null,"[[0.99999999759845, 6.623800442798177e-05, -2.0386923616544443e-05], [-6.623988363194682e-05, 0.9999999935566354, -9.219005856944467e-05], [2.0380816999676325e-05, 9.219140877549361e-05, 0.9999999955426833]]",nan,nan,False,,disabled_or_unavailable,,null,nan
visual_span,2.2800000000000002,2.32,0.03999999999999959,2.32,28,0,0.0,False,,disabled_or_unavailable,,null,"[[0.9999999984149823, 5.2155633008631424e-05, -2.120909701664433e-05], [-5.2156137340501365e-05, 0.9999999983571443, -2.3779177648666154e-05], [2.120785676373815e-05, 2.3780283795552596e-05, 0.9999999994923626]]",nan,nan,False,,disabled_or_unavailable,,null,nan
visual_span,2.32,2.36,0.040000000000000036,2.36,28,0,0.0,False,,disabled_or_unavailable,,null,"[[0.9999999975338526, 6.925173062651608e-05, -1.168302305487851e-05], [-6.925240833109425e-05, 0.9999999959190539, -5.801721017884232e-05], [1.1679005214989711e-05, 5.801801911324645e-05, 0.9999999982487554]]",nan,nan,False,,disabled_or_unavailable,,null,nan
visual_span,2.36,2.44,0.08000000000000007,2.44,28,0,0.0,False,,disabled_or_unavailable,,null,"[[0.9999999951048343, 9.890347618689795e-05, -2.9040999355093355e-06], [-9.890356595105258e-05, 0.9999999946308459, -3.092560011281106e-05], [2.9010412705624526e-06, 3.0925887187264625e-05, 0.9999999995175867]]",nan,nan,False,,disabled_or_unavailable,,null,nan
visual_span,2.44,2.48,0.040000000000000036,2.48,28,0,0.0,False,,disabled_or_unavailable,,null,"[[0.9999999996732192, 2.4932518064885764e-05, 5.6508204286061395e-06], [-2.4932564069150127e-05, 0.999999999656044, 8.141241285427135e-06], [-5.650617445017084e-06, -8.141382172209112e-06, 0.9999999999508945]]",nan,nan,False,,disabled_or_unavailable,,null,nan
visual_span,2.48,2.52,0.040000000000000036,2.52,28,0,0.0,False,,disabled_or_unavailable,,null,"[[0.9999999994430293, 3.078344548602241e-05, -1.2896555559385091e-05], [-3.078410099267514e-05, 0.9999999982342782, -5.083092604555387e-05], [1.2894990785572432e-05, 5.083132302611132e-05, 0.999999998624948]]",nan,nan,False,,disabled_or_unavailable,,null,nan
visual_span,2.52,2.56,0.040000000000000036,2.56,28,0,0.0,False,,disabled_or_unavailable,,null,"[[0.999999999355264, 2.8189709104626635e-05, -2.2244375939636472e-05], [-2.8191039402230995e-05, 0.9999999978142702, -5.980572560353188e-05], [2.2242689985008722e-05, 5.980635265705157e-05, 0.9999999979642314]]",nan,nan,False,,disabled_or_unavailable,,null,nan
visual_span,2.56,2.6,0.040000000000000036,2.6,28,0,0.0,False,,disabled_or_unavailable,,null,"[[0.9999999980868765, 5.322203498191637e-05, -3.1522404194461396e-05], [-5.322275195215362e-05, 0.9999999983250158, -2.274438070109103e-05], [3.152119363943655e-05, 2.2746058366677602e-05, 0.9999999992445155]]",nan,nan,False,,disabled_or_unavailable,,null,nan
visual_span,2.6,2.64,0.040000000000000036,2.64,28,0,0.0,False,,disabled_or_unavailable,,null,"[[0.9999999989356676, 3.3692624668836096e-05, -3.1519386708510904e-05], [-3.369433871453402e-05, 0.9999999979536595, -5.4381730151683764e-05], [3.151755438078867e-05, 5.4382792118695366e-05, 0.9999999980245778]]",nan,nan,False,,disabled_or_unavailable,,null,nan
visual_span,2.64,2.68,0.040000000000000036,2.68,28,0,0.0,False,,disabled_or_unavailable,,null,"[[0.9999999968280734, 7.2222827483091e-05, -3.358148770113575e-05], [-7.222314260853329e-05, 0.9999999973478905, -9.382785582426163e-06], [3.3580809960769536e-05, 9.385210913239902e-06, 0.9999999993921235]]",nan,nan,False,,disabled_or_unavailable,,null,nan
visual_span,2.68,2.72,0.040000000000000036,2.72,28,0,0.0,False,,disabled_or_unavailable,,null,"[[0.999999999045349, 3.422669989340232e-05, -2.7163124356137107e-05], [-3.422682313333225e-05, 0.9999999994039722, -4.5365788452299365e-06], [2.7162969067824448e-05, 4.537508548352172e-06, 0.9999999996207922]]",nan,nan,False,,disabled_or_unavailable,,null,nan
visual_span,2.72,2.8,0.07999999999999963,2.8,28,0,0.0,False,,disabled_or_unavailable,,null,"[[0.9999999935886114, 8.521377444895248e-05, -7.457472806550873e-05], [-8.522556372188075e-05, 0.9999999838708434, -0.00015809780667279676], [7.456125475184257e-05, 0.00015810416133240908, 0.9999999847218467]]",nan,nan,False,,disabled_or_unavailable,,null,nan
visual_span,2.8,2.84,0.040000000000000036,2.84,28,0,0.0,False,,disabled_or_unavailable,,null,"[[0.9999999992287406, 1.9561445895891327e-05, -3.4056846516332794e-05], [-1.9562769323383475e-05, 0.99999999905362, -3.885946739388433e-05], [3.4056086336733106e-05, 3.886013361014588e-05, 0.9999999986650366]]",nan,nan,False,,disabled_or_unavailable,,null,nan
visual_span,2.84,2.88,0.040000000000000036,2.88,28,0,0.0,False,,disabled_or_unavailable,,null,"[[0.9999999981248846, 5.743714845374602e-05, -2.1241586489482e-05], [-5.743690677320233e-05, 0.9999999982857699, 1.1378141842308192e-05], [2.1242239981091152e-05, -1.137692176994995e-05, 0.9999999997096666]]",nan,nan,False,,disabled_or_unavailable,,null,nan
visual_span,2.88,2.92,0.040000000000000036,2.92,28,0,0.0,False,,disabled_or_unavailable,,null,"[[0.9999999994846764, 1.6894738577368794e-05, -2.7298631060990497e-05], [-1.6893335708222247e-05, 0.9999999985368859, 5.138913852567427e-05], [2.7299499227110593e-05, -5.138867733425333e-05, 0.9999999983069707]]",nan,nan,False,,disabled_or_unavailable,,null,nan
visual_span,2.92,2.96,0.040000000000000036,2.96,28,0,0.0,False,,disabled_or_unavailable,,null,"[[0.9999999988977499, 4.2635680169154724e-05, -1.9664673598503192e-05], [-4.2636121359873854e-05, 0.9999999988393977, -2.243582657636792e-05], [1.9663717008954083e-05, 2.2436664977048073e-05, 0.9999999995549674]]",nan,nan,False,,disabled_or_unavailable,,null,nan
visual_span,2.96,3.0,0.040000000000000036,3.0,28,0,0.0,False,,disabled_or_unavailable,,null,"[[0.9999999977696078, 6.436251318607722e-05, -1.7839617004262233e-05], [-6.43628494733968e-05, 0.9999999977510384, -1.8850657720329427e-05], [1.7838403688435525e-05, 1.8851805886868966e-05, 0.9999999996632006]]",nan,nan,False,,disabled_or_unavailable,,null,nan
visual_span,3.0,3.04,0.040000000000000036,3.04,28,0,0.0,False,,disabled_or_unavailable,,null,"[[0.9999999993872297, 2.9302098640294712e-05, -1.915535331922406e-05], [-2.93009595625001e-05, 0.9999999978028132, 5.9462822126156446e-05], [1.9157095662615544e-05, -5.9462260819486384e-05, 0.9999999980486226]]",nan,nan,False,,disabled_or_unavailable,,null,nan
visual_span,3.04,3.08,0.040000000000000036,3.08,28,0,0.0,False,,disabled_or_unavailable,,null,"[[0.9999999997395718, -9.07261442775678e-06, -2.0941459993565314e-05], [9.071943047333681e-06, 0.9999999994449368, -3.205973938880062e-05], [2.09417508475956e-05, 3.2059549400718956e-05, 0.9999999992668145]]",nan,nan,False,,disabled_or_unavailable,,null,nan
visual_span,3.08,3.12,0.040000000000000036,3.12,28,0,0.0,False,,disabled_or_unavailable,,null,"[[0.99999999710051, 5.6674768921200806e-05, -5.086207313013126e-05], [-5.667628867997628e-05, 0.9999999979475201, -2.987905670077484e-05], [5.086037963710378e-05, 2.98819392876804e-05, 0.9999999982601457]]",nan,nan,False,,disabled_or_unavailable,,null,nan
visual_span,3.12,3.2,0.08000000000000007,3.2,28,0,0.0,False,,disabled_or_unavailable,,null,"[[0.999999995301802, 5.774520045001663e-05, -7.785812576166727e-05], [-5.7759372907753634e-05, 0.999999981762772, -0.00018203930990837378], [7.784761244531044e-05, 0.0001820438060896368, 0.9999999803999007]]",nan,nan,False,,disabled_or_unavailable,,null,nan
visual_span,3.2,3.2800000000000002,0.08000000000000007,3.2800000000000002,28,0,0.0,False,,disabled_or_unavailable,,null,"[[0.999999989316063, 0.00010195090874675639, -0.00010475631860230598], [-0.00010195019126686386, 0.9999999947795882, 6.854354045746745e-06], [0.00010475701686305869, -6.84367404579734e-06, 0.9999999944895659]]",nan,nan,False,,disabled_or_unavailable,,null,nan
visual_span,3.2800000000000002,3.32,0.03999999999999959,3.32,28,0,0.0,False,,disabled_or_unavailable,,null,"[[0.9999999983422636, 4.2413938023826936e-05, -3.894265516371782e-05], [-4.241299919692053e-05, 0.9999999988099602, 2.4108441957922753e-05], [3.894367765133757e-05, -2.410679024315513e-05, 0.9999999989511262]]",nan,nan,False,,disabled_or_unavailable,,null,nan
visual_span,3.32,3.36,0.040000000000000036,3.36,28,0,0.0,False,,disabled_or_unavailable,,null,"[[0.9999999968837674, 5.529803196229797e-05, -5.63435274968828e-05], [-5.529967794852418e-05, 0.9999999980442947, -2.9212264821219533e-05], [5.6341912005937684e-05, 2.921538050911238e-05, 0.9999999979860253]]",nan,nan,False,,disabled_or_unavailable,,null,nan
visual_span,3.36,3.4,0.040000000000000036,3.4,28,0,0.0,False,,disabled_or_unavailable,,null,"[[0.9999999969243561, 5.326679934061617e-05, -5.756679995727153e-05], [-5.326718902570023e-05, 0.9999999985584024, -6.7677557677745515e-06], [5.7566439377594886e-05, 6.770822168574271e-06, 0.9999999983201309]]",nan,nan,False,,disabled_or_unavailable,,null,nan
visual_span,3.4,3.44,0.040000000000000036,3.44,28,0,0.0,False,,disabled_or_unavailable,,null,"[[0.9999999971165885, 5.506493089626376e-05, -5.2294135312152004e-05], [-5.506829645534028e-05, 0.9999999964127015, -6.435899181076762e-05], [5.2290591201120715e-05, 6.43618713741404e-05, 0.999999996561622]]",nan,nan,False,,disabled_or_unavailable,,null,nan
visual_span,3.44,3.48,0.040000000000000036,3.48,28,0,0.0,False,,disabled_or_unavailable,,null,"[[0.9999999955057369, 7.427842206772178e-05, -5.891724838958453e-05], [-7.427509542561948e-05, 0.9999999956475623, 5.646313622648532e-05], [5.8921442125814774e-05, -5.6458759888478774e-05, 0.999999996670336]]",nan,nan,False,,disabled_or_unavailable,,null,nan
visual_span,3.48,3.52,0.040000000000000036,3.52,28,0,0.0,False,,disabled_or_unavailable,,null,"[[0.9999999962100854, 4.305560654246615e-05, -7.567063038145212e-05], [-4.305761735336007e-05, 0.9999999987199915, -2.6571773099184077e-05], [7.566948622078535e-05, 2.6575031195527175e-05, 0.9999999967839485]]",nan,nan,False,,disabled_or_unavailable,,null,nan
visual_span,3.52,3.56,0.040000000000000036,3.56,28,0,0.0,False,,disabled_or_unavailable,,null,"[[0.999999995846855, 6.307184894262786e-05, -6.57893026614759e-05], [-6.307081583435242e-05, 0.999999997887709, 1.5705243098635016e-05], [6.579029308123005e-05, -1.570109364841683e-05, 0.9999999977125567]]",nan,nan,False,,disabled_or_unavailable,,null,nan
visual_span,3.56,3.6,0.040000000000000036,3.6,28,0,0.0,False,,disabled_or_unavailable,,null,"[[0.9999999947960568, 8.501814477799651e-05, -5.6389727101400734e-05], [-8.501876700774248e-05, 0.9999999963250505, -1.1032146855515796e-05], [5.638878896151276e-05, 1.1036940983175195e-05, 0.9999999983492452]]",nan,nan,False,,disabled_or_unavailable,,null,nan
visual_span,3.6,3.64,0.040000000000000036,3.64,28,0,0.0,False,,disabled_or_unavailable,,null,"[[0.999999998237454, 2.9340470807182696e-05, -5.161616955233142e-05], [-2.9342859095003975e-05, 0.999999998499042, -4.626999954997277e-05], [5.161481189128666e-05, 4.6271514034409965e-05, 0.9999999975974292]]",nan,nan,False,,disabled_or_unavailable,,null,nan
visual_span,3.64,3.68,0.040000000000000036,3.68,28,0,0.0,False,,disabled_or_unavailable,,null,"[[0.9999999953554025, 6.769375469288883e-05, -6.860576119347499e-05], [-6.768763738425677e-05, 0.9999999937340373, 8.916450660893101e-05], [6.861179664383155e-05, -8.915986243291164e-05, 0.9999999936714701]]",nan,nan,False,,disabled_or_unavailable,,null,nan
visual_span,3.68,3.72,0.040000000000000036,3.72,28,0,0.0,False,,disabled_or_unavailable,,null,"[[0.999999997745935, 4.291091992253035e-05, -5.164090454131045e-05], [-4.291213657545406e-05, 0.9999999988017612, -2.3558991177599768e-05], [5.1639893541448445e-05, 2.3561207146044824e-05, 0.9999999983890954]]",nan,nan,False,,disabled_or_unavailable,,null,nan
visual_span,3.72,3.76,0.03999999999999959,3.76,28,0,0.0,False,,disabled_or_unavailable,,null,"[[0.9999999964601756, 4.181063810483403e-05, -7.301725488085025e-05], [-4.1810058454766365e-05, 0.9999999990944375, 7.94004385292965e-06], [7.301758679302863e-05, -7.936990969128515e-06, 0.9999999973027182]]",nan,nan,False,,disabled_or_unavailable,,null,nan
visual_span,3.76,3.8,0.040000000000000036,3.8,28,0,0.0,False,,disabled_or_unavailable,,null,"[[0.9999999952128359, 6.143689748354306e-05, -7.615665356141051e-05], [-6.144241691662953e-05, 0.9999999954861373, -7.247451156464135e-05], [7.615220060851266e-05, 7.247919046655307e-05, 0.9999999944738046]]",nan,nan,False,,disabled_or_unavailable,,null,nan
visual_span,3.8,3.84,0.040000000000000036,3.84,28,0,0.0,False,,disabled_or_unavailable,,null,"[[0.9999999950234122, 2.839434819956408e-05, -9.563961936711632e-05], [-2.8403466460460646e-05, 0.999999995051785, -9.533977765592184e-05], [9.563691178302688e-05, 9.534249367817603e-05, 0.9999999908816951]]",nan,nan,False,,disabled_or_unavailable,,null,nan
visual_span,3.84,3.88,0.040000000000000036,3.88,28,0,0.0,False,,disabled_or_unavailable,,null,"[[0.9999999965766475, 5.5413631403193394e-05, -6.14494497954338e-05], [-5.5413085868728163e-05, 0.9999999984252729, 8.879443253485381e-06], [6.144994174086318e-05, -8.876038119449816e-06, 0.9999999980725606]]",nan,nan,False,,disabled_or_unavailable,,null,nan
visual_span,3.88,3.92,0.040000000000000036,3.92,28,0,0.0,False,,disabled_or_unavailable,,null,"[[0.9999999983853959, 3.606410916323945e-05, -4.391569319666437e-05], [-3.60728819943846e-05, 0.9999999793931722, -0.0001997808853733437], [4.3908487372042416e-05, 0.00019978246921639503, 0.9999999790795046]]",nan,nan,False,,disabled_or_unavailable,,null,nan
visual_span,3.92,3.96,0.040000000000000036,3.96,28,0,0.0,False,,disabled_or_unavailable,,null,"[[0.9999999980363673, -1.9078710048701856e-06, -6.26388506526335e-05], [1.902639425148567e-06, 0.9999999965104215, -8.35196806060476e-05], [6.263900977882728e-05, 8.351956126289883e-05, 0.9999999945504188]]",nan,nan,False,,disabled_or_unavailable,,null,nan
visual_span,3.96,4.0,0.040000000000000036,4.0,28,0,0.0,False,,disabled_or_unavailable,,null,"[[0.9999999979380843, 2.8547673118582547e-06, -6.415358340831811e-05], [-2.859210529599654e-06, 0.999999997597502, -6.925908840104618e-05], [6.415338553560762e-05, 6.925927168684095e-05, 0.9999999955437484]]",nan,nan,False,,disabled_or_unavailable,,null,nan
visual_span,4.0,4.04,0.040000000000000036,4.04,28,0,0.0,False,,disabled_or_unavailable,,null,"[[0.9999999989358298, 2.4905551487839712e-05, -3.883367184060065e-05], [-2.4906138516937732e-05, 0.9999999995755943, -1.5116087042243205e-05], [3.883329534963528e-05, 1.5117054222967099e-05, 0.9999999991317251]]",nan,nan,False,,disabled_or_unavailable,,null,nan
visual_span,4.04,4.12,0.08000000000000007,4.12,28,0,0.0,False,,disabled_or_unavailable,,null,"[[0.9999999959683856, -1.2392810813045027e-05, -8.893619520619763e-05], [1.2377616407192074e-05, 0.9999999853294484, -0.00017084465902922965], [8.893831114699236e-05, 0.0001708435575223409, 0.9999999814512276]]",nan,nan,False,,disabled_or_unavailable,,null,nan
visual_span,4.12,4.16,0.040000000000000036,4.16,28,0,0.0,False,,disabled_or_unavailable,,null,"[[0.9999999986154959, 2.113127226279942e-05, -4.819208893493317e-05], [-2.112775711715848e-05, 0.999999997116713, 7.293964720286517e-05], [4.8193630103525344e-05, -7.293862891112995e-05, 0.9999999961786652]]",nan,nan,False,,disabled_or_unavailable,,null,nan
visual_span,4.16,4.2,0.040000000000000036,4.2,28,0,0.0,False,,disabled_or_unavailable,,null,"[[0.9999999975030447, -2.753566407102823e-05, -6.508224030958682e-05], [2.753199794896636e-05, 0.9999999980344134, -5.6330831066374116e-05], [6.50837912885031e-05, 5.632903908161182e-05, 0.9999999962955698]]",nan,nan,False,,disabled_or_unavailable,,null,nan
visual_span,4.2,4.32,0.1200000000000001,4.32,28,0,0.0,False,,disabled_or_unavailable,,null,"[[0.9999999853770206, 4.2640282116934264e-05, -0.0001656132989616437], [-4.265997358707477e-05, 0.9999999920216268, -0.00011889858271124224], [0.00016560822777120888, 0.00011890564603155009, 0.9999999792176809]]",nan,nan,False,,disabled_or_unavailable,,null,nan
visual_span,4.32,4.36,0.040000000000000036,4.36,28,0,0.0,False,,disabled_or_unavailable,,null,"[[0.9999999981802178, 2.450332991503623e-05, -5.512849712430959e-05], [-2.450922404399683e-05, 0.9999999939839135, -0.00010691805655448758], [5.512587694423816e-05, 0.00010691940751660724, 0.9999999927646889]]",nan,nan,False,,disabled_or_unavailable,,null,nan
visual_span,4.36,4.4,0.040000000000000036,4.4,28,0,0.0,False,,disabled_or_unavailable,,null,"[[0.9999999983802883, 1.0506424178830089e-05, -5.593780872364423e-05], [-1.0510257378702809e-05, 0.999999997596844, -6.852624700846311e-05], [5.593708862339849e-05, 6.852683481823724e-05, 0.9999999960875575]]",nan,nan,False,,disabled_or_unavailable,,null,nan
visual_span,4.4,4.48,0.08000000000000007,4.48,28,0,0.0,False,,disabled_or_unavailable,,null,"[[0.9999999907609861, 2.381726914942646e-05, -0.00013383110845307608], [-2.3838335082719348e-05, 0.9999999873273127, -0.00015740746021223608], [0.00013382735774123027, 0.00015741064906875417, 0.9999999786560628]]",nan,nan,False,,disabled_or_unavailable,,null,nan
visual_span,4.48,4.52,0.03999999999999915,4.52,28,0,0.0,False,,disabled_or_unavailable,,null,"[[0.999999996972594, 5.178048810768171e-06, -7.764019587053303e-05], [-5.18371488850591e-06, 0.9999999973236237, -7.297863998675301e-05], [7.763981777577866e-05, 7.297904223045631e-05, 0.9999999943230592]]",nan,nan,False,,disabled_or_unavailable,,null,nan
visual_span,4.52,4.5600000000000005,0.040000000000000924,4.5600000000000005,28,0,0.0,False,,disabled_or_unavailable,,null,"[[0.9999999971167509, 3.421887757514577e-05, -6.779061240101559e-05], [-3.4226356961672976e-05, 0.9999999933276346, -0.00011033262423880507], [6.778683649013046e-05, 0.0001103349441463873, 0.9999999916155727]]",nan,nan,False,,disabled_or_unavailable,,null,nan
visual_span,4.5600000000000005,4.6,0.03999999999999915,4.6,28,0,0.0,False,,disabled_or_unavailable,,null,"[[0.9999999983211015, 2.1708515561673265e-05, -5.372650432958043e-05], [-2.171169127981507e-05, 0.9999999980173591, -5.910908907811813e-05], [5.3725221052479975e-05, 5.911025547215552e-05, 0.9999999968097891]]",nan,nan,False,,disabled_or_unavailable,,null,nan
visual_span,4.6,4.64,0.040000000000000036,4.64,28,0,0.0,False,,disabled_or_unavailable,,null,"[[0.9999999974116089, 2.831227826460851e-05, -6.614527254154522e-05], [-2.8316817300136726e-05, 0.9999999972445694, -6.862229258921969e-05], [6.614332950584357e-05, 6.86241654351962e-05, 0.999999995457892]]",nan,nan,False,,disabled_or_unavailable,,null,nan
visual_span,4.64,4.68,0.040000000000000036,4.68,28,0,0.0,False,,disabled_or_unavailable,,null,"[[0.9999999976960459, 3.5480421017560976e-05, -5.787096392947851e-05], [-3.547793003256558e-05, 0.9999999984442552, 4.304423785771984e-05], [5.787249106712762e-05, -4.3042184616538676e-05, 0.9999999973990727]]",nan,nan,False,,disabled_or_unavailable,,null,nan
visual_span,4.68,4.72,0.040000000000000036,4.72,28,0,0.0,False,,disabled_or_unavailable,,null,"[[0.9999999967098193, 1.2938705975245422e-05, -8.008090461775742e-05], [-1.2935649016478912e-05, 0.9999999991877159, 3.817377977706261e-05], [8.008139847202146e-05, -3.8172743752988924e-05, 0.9999999960649056]]",nan,nan,False,,disabled_or_unavailable,,null,nan
visual_span,4.72,4.76,0.040000000000000036,4.76,28,0,0.0,False,,disabled_or_unavailable,,null,"[[0.9999999952860426, 7.314893841449074e-05, -6.385255054474174e-05], [-7.315718911339754e-05, 0.9999999889748378, -0.00012922209771482597], [6.384309738148945e-05, 0.00012922676837879402, 0.9999999896122508]]",nan,nan,False,,disabled_or_unavailable,,null,nan
visual_span,4.76,4.8,0.040000000000000036,4.8,28,0,0.0,False,,disabled_or_unavailable,,null,"[[0.9999999960273395, 4.589418247568628e-05, -7.641364776875103e-05], [-4.5891300777487706e-05, 0.9999999982358535, 3.771315241738618e-05], [7.641537844824493e-05, -3.7709645545871364e-05, 0.9999999963693365]]",nan,nan,False,,disabled_or_unavailable,,null,nan
visual_span,4.8,4.84,0.040000000000000036,4.84,28,0,0.0,False,,disabled_or_unavailable,,null,"[[0.9999999962836325, 5.1363175460115596e-05, -6.924275560216603e-05], [-5.137633752518761e-05, 0.999999980611719, -0.00019009743139010744], [6.923299025194502e-05, 0.00019010098812281853, 0.9999999795342035]]",nan,nan,False,,disabled_or_unavailable,,null,nan
visual_span,4.84,4.88,0.040000000000000036,4.88,28,0,0.0,False,,disabled_or_unavailable,,null,"[[0.9999999989427344, 6.268964437493059e-06, -4.555470459506844e-05], [-6.272188003542157e-06, 0.9999999974766478, -7.07627294521874e-05], [4.555426087108345e-05, 7.076301510504407e-05, 0.9999999964587024]]",nan,nan,False,,disabled_or_unavailable,,null,nan
visual_span,4.88,4.92,0.040000000000000036,4.92,28,0,0.0,False,,disabled_or_unavailable,,null,"[[0.9999999978481751, 4.3119261202954514e-05, -4.944066321990456e-05], [-4.312136383581563e-05, 0.999999998165953, -4.252813407638225e-05], [4.9438829347506343e-05, 4.253026593369614e-05, 0.9999999978734894]]",nan,nan,False,,disabled_or_unavailable,,null,nan
visual_span,4.92,4.96,0.040000000000000036,4.96,28,0,0.0,False,,disabled_or_unavailable,,null,"[[0.999999996980775, 2.5830786668062504e-05, -7.328861324776485e-05], [-2.5832010613303282e-05, 0.999999999526918, -1.6699449122717146e-05], [7.328818185318555e-05, 1.6701342264532998e-05, 0.9999999971749539]]",nan,nan,False,,disabled_or_unavailable,,null,nan
visual_span,4.96,5.0,0.040000000000000036,5.0,28,0,0.0,False,,disabled_or_unavailable,,null,"[[0.99999999959844, 1.7982712366529143e-05, -2.190302614086782e-05], [-1.7986263017614975e-05, 0.9999999866970629, -0.00016211837868072696], [2.1900110521320093e-05, 0.00016211877256921574, 0.9999999866189445]]",nan,nan,False,,disabled_or_unavailable,,null,nan
visual_span,5.0,5.04,0.040000000000000036,5.04,28,0,0.0,False,,disabled_or_unavailable,,null,"[[0.9999999982362409, -2.1620851423593204e-06, -5.9353549622594194e-05], [2.1625233625211047e-06, 0.9999999999704065, 7.383154240726932e-06], [5.935353365782961e-05, -7.383282581142533e-06, 0.9999999982113228]]",nan,nan,False,,disabled_or_unavailable,,null,nan
visual_span,5.04,5.08,0.040000000000000036,5.08,28,0,0.0,False,,disabled_or_unavailable,,null,"[[0.9999999986233464, -2.6889035258328598e-05, -4.505870849626925e-05], [2.688697505418143e-05, 0.9999999985932654, -4.572264506087461e-05], [4.5059937870698736e-05, 4.572143350555905e-05, 0.9999999979395764]]",nan,nan,False,,disabled_or_unavailable,,null,nan
visual_span,5.08,5.12,0.040000000000000036,5.12,28,0,0.0,False,,disabled_or_unavailable,,null,"[[0.9999999995853803, 1.0173393506885872e-05, -2.6939584736667798e-05], [-1.017469500878923e-05, 0.9999999987812044, -4.831218063452431e-05], [2.6939093205009182e-05, 4.8312454716551496e-05, 0.9999999984700959]]",nan,nan,False,,disabled_or_unavailable,,null,nan
visual_span,5.12,5.16,0.040000000000000036,5.16,28,0,0.0,False,,disabled_or_unavailable,,null,"[[0.9999999984943776, 4.009381963234569e-05, -3.746639332740779e-05], [-4.009959434818633e-05, 0.9999999873160542, -0.00015414251281570962], [3.7460212690079576e-05, 0.0001541440149708033, 0.9999999874181776]]",nan,nan,False,,disabled_or_unavailable,,null,nan
visual_span,5.16,5.2,0.040000000000000036,5.2,28,0,0.0,False,,disabled_or_unavailable,,null,"[[0.9999999987470265, -8.067529886195171e-06, -4.940508399387447e-05], [8.066381650362645e-06, 0.9999999996973855, -2.3241403623163283e-05], [4.940527147964209e-05, 2.3241005073779453e-05, 0.9999999985094876]]",nan,nan,False,,disabled_or_unavailable,,null,nan
visual_span,5.2,5.24,0.040000000000000036,5.24,28,0,0.0,False,,disabled_or_unavailable,,null,"[[0.999999998365891, 4.7847752319640835e-06, -5.696774865989109e-05], [-4.79324029625107e-06, 0.9999999889483103, -0.00014859476692151798], [5.6967037037740833e-05, 0.00014859503973880638, 0.9999999873371357]]",nan,nan,False,,disabled_or_unavailable,,null,nan
visual_span,5.24,5.32,0.08000000000000007,5.32,28,0,0.0,False,,disabled_or_unavailable,,null,"[[0.9999999931194942, 3.7751188787250594e-05, -0.00011106691536091642], [-3.776788325297682e-05, 0.9999999879899867, -0.00015031172156090286], [0.0001110612395808237, 0.00015031591528897475, 0.9999999825352633]]",nan,nan,False,,disabled_or_unavailable,,null,nan
visual_span,5.32,5.36,0.040000000000000036,5.36,28,0,0.0,False,,disabled_or_unavailable,,null,"[[0.9999999992675895, 7.713635914786965e-06, -3.748761042661064e-05], [-7.718873241624032e-06, 0.9999999902107577, -0.00013971007046684406], [3.7486532387018124e-05, 0.00013971035972663195, 0.9999999895378877]]",nan,nan,False,,disabled_or_unavailable,,null,nan
visual_span,5.36,5.4,0.040000000000000036,5.4,28,0,0.0,False,,disabled_or_unavailable,,null,"[[0.999999996773008, 3.108182258371104e-05, -7.408039025278925e-05], [-3.108899937369479e-05, 0.9999999948239452, -9.687922156618496e-05], [7.407737868656833e-05, 9.688152433876267e-05, 0.999999992563256]]",nan,nan,False,,disabled_or_unavailable,,null,nan
visual_span,5.4,5.48,0.08000000000000007,5.48,28,0,0.0,False,,disabled_or_unavailable,,null,"[[0.9999999888316562, 8.433204071313845e-06, -0.00014921651703639534], [-8.429782436369002e-06, 0.9999999997015476, 2.293128564183463e-05], [0.00014921671037607272, -2.2930027522955614e-05, 0.9999999886042937]]",nan,nan,False,,disabled_or_unavailable,,null,nan
visual_span,5.48,5.52,0.03999999999999915,5.52,28,0,0.0,False,,disabled_or_unavailable,,null,"[[0.9999999979377237, -1.1605781372778334e-05, -6.31653292215019e-05], [1.1598606899818767e-05, 0.9999999934823426, -0.00011358163291498683], [6.316664701341149e-05, 0.00011358090005092675, 0.999999991554677]]",nan,nan,False,,disabled_or_unavailable,,null,nan
visual_span,5.52,5.5600000000000005,0.040000000000000924,5.5600000000000005,28,0,0.0,False,,disabled_or_unavailable,,null,"[[0.9999999981796248, 1.2018613418120324e-05, -5.9129551790922554e-05], [-1.2027891330625192e-05, 0.9999999876172341, -0.00015691036296157775], [5.91276652137414e-05, 0.00015691107387976535, 0.9999999859414173]]",nan,nan,False,,disabled_or_unavailable,,null,nan
visual_span,5.5600000000000005,5.6,0.03999999999999915,5.6,28,0,0.0,False,,disabled_or_unavailable,,null,"[[0.9999999977208672, 1.254142467228656e-05, -6.63398687862666e-05], [-1.2546006758870508e-05, 0.9999999975359725, -6.906991189735952e-05], [6.633900238770615e-05, 6.907074404038219e-05, 0.9999999954141845]]",nan,nan,False,,disabled_or_unavailable,,null,nan
visual_span,5.6,5.64,0.040000000000000036,5.64,28,0,0.0,False,,disabled_or_unavailable,,null,"[[0.9999999960916822, 5.040153463405692e-05, -7.263828885000016e-05], [-5.0399029010979115e-05, 0.9999999981349841, 3.449593999574603e-05], [7.264002736284301e-05, -3.449227896169787e-05, 0.9999999967668546]]",nan,nan,False,,disabled_or_unavailable,,null,nan
visual_span,5.64,5.68,0.040000000000000036,5.68,28,0,0.0,False,,disabled_or_unavailable,,null,"[[0.9999999985096985, 1.7220332583014766e-05, -5.180794921921249e-05], [-1.7219441464610953e-05, 0.9999999997038116, 1.7200815298451538e-05], [5.18082454076277e-05, -1.7199923168868148e-05, 0.9999999985100343]]",nan,nan,False,,disabled_or_unavailable,,null,nan
visual_span,5.68,5.72,0.040000000000000036,5.72,28,0,0.0,False,,disabled_or_unavailable,,null,"[[0.9999999981518113, 2.470526370724762e-05, -5.5552027468312394e-05], [-2.470393775034477e-05, 0.9999999994099862, 2.3869299544464887e-05], [5.555261713287568e-05, -2.386792714652143e-05, 0.9999999981721145]]",nan,nan,False,,disabled_or_unavailable,,null,nan
visual_span,5.72,5.76,0.040000000000000036,5.76,28,0,0.0,False,,disabled_or_unavailable,,null,"[[0.9999999984475453, 3.746562512133057e-05, -4.124604742952941e-05], [-3.746670379625027e-05, 0.9999999989561663, -2.615173888031169e-05], [4.124506759523024e-05, 2.6153284193154105e-05, 0.9999999988074251]]",nan,nan,False,,disabled_or_unavailable,,null,nan
visual_span,5.76,5.8,0.040000000000000036,5.8,28,0,0.0,False,,disabled_or_unavailable,,null,"[[0.999999999104977, -2.669589411630884e-06, -4.222462534639784e-05], [2.66627906834423e-06, 0.9999999969233013, -7.839826718072705e-05], [4.222483450766934e-05, 7.839815452792408e-05, 0.9999999960353964]]",nan,nan,False,,disabled_or_unavailable,,null,nan
visual_span,5.8,5.84,0.040000000000000036,5.84,28,0,0.0,False,,disabled_or_unavailable,,null,"[[0.9999999986140172, 2.522395694179135e-05, -4.621382515384896e-05], [-2.5222732785286074e-05, 0.9999999993310639, 2.6489358676910716e-05], [4.621449328937754e-05, -2.648819300123408e-05, 0.9999999985812982]]",nan,nan,False,,disabled_or_unavailable,,null,nan
visual_span,5.84,5.88,0.040000000000000036,5.88,28,0,0.0,False,,disabled_or_unavailable,,null,"[[0.9999999993032958, 1.2543068069157697e-05, -3.515792940741187e-05], [-1.2542203560538383e-05, 0.9999999996190272, 2.4589405392241448e-05], [3.515823782060327e-05, -2.4588964417202506e-05, 0.9999999990796407]]",nan,nan,False,,disabled_or_unavailable,,null,nan
visual_span,5.88,5.96,0.08000000000000007,5.96,28,0,0.0,False,,disabled_or_unavailable,,null,"[[0.9999999941719271, 6.0801510902932105e-05, -8.921503322868649e-05], [-6.079233798268249e-05, 0.9999999928664565, 0.0001028172101675268], [8.922128403399217e-05, -0.00010281178597784744, 0.9999999907346495]]",nan,nan,False,,disabled_or_unavailable,,null,nan
visual_span,5.96,6.04,0.08000000000000007,6.04,28,0,0.0,False,,disabled_or_unavailable,,null,"[[0.9999999949553059, 1.6490118282234803e-05, -9.908311754366489e-05], [-1.6499029903970792e-05, 0.999999995819224, -8.994072517947038e-05], [9.908163399622396e-05, 8.994235950106627e-05, 0.9999999910466009]]",nan,nan,False,,disabled_or_unavailable,,null,nan
visual_span,6.04,6.08,0.040000000000000036,6.08,28,0,0.0,False,,disabled_or_unavailable,,null,"[[0.9999999987889971, 1.1006024044690087e-05, -4.796741949242166e-05], [-1.1007772293552861e-05, 0.9999999992752416, -3.644647820411942e-05], [4.796701832684141e-05, 3.644700617441391e-05, 0.9999999981853905]]",nan,nan,False,,disabled_or_unavailable,,null,nan
visual_span,6.08,6.12,0.040000000000000036,6.12,28,0,0.0,False,,disabled_or_unavailable,,null,"[[0.9999999992503925, -2.538189776326498e-05, -2.9239945055574056e-05], [2.5381089068788308e-05, 0.9999999992954394, -2.7657220897620802e-05], [2.9240647027725978e-05, 2.7656478735238918e-05, 0.999999999190052]]",nan,nan,False,,disabled_or_unavailable,,null,nan
visual_span,6.12,6.16,0.040000000000000036,6.16,28,0,0.0,False,,disabled_or_unavailable,,null,"[[0.9999999989600271, -4.139107292997501e-05, -1.915007114254798e-05], [4.1391825364323955e-05, 0.999999998371399, 3.9292737165687104e-05], [1.9148444742810505e-05, -3.9293529781224164e-05, 0.999999999044678]]",nan,nan,False,,disabled_or_unavailable,,null,nan
visual_span,6.16,6.2,0.040000000000000036,6.2,28,0,0.0,False,,disabled_or_unavailable,,null,"[[0.9999999996211364, 3.292815733326721e-06, -2.7329196550608517e-05], [-3.2939469191066715e-06, 0.9999999991379608, -4.139116817559523e-05], [2.7329060233559885e-05, 4.1391258180836394e-05, 0.9999999987699433]]",nan,nan,False,,disabled_or_unavailable,,null,nan
visual_span,6.2,6.24,0.040000000000000036,6.24,28,0,0.0,False,,disabled_or_unavailable,,null,"[[0.9999999996504068, -1.117938348516226e-05, -2.3962647519747824e-05], [1.1181514333493447e-05, 0.9999999959836189, 8.892545454812956e-05], [2.396165329174671e-05, -8.89257224557285e-05, 0.9999999957590278]]",nan,nan,False,,disabled_or_unavailable,,null,nan
visual_span,6.24,6.28,0.040000000000000036,6.28,28,0,0.0,False,,disabled_or_unavailable,,null,"[[0.9999999996270048, -1.1886022025119614e-05, -2.4590907550282264e-05], [1.1885286517355762e-05, 0.9999999994820756, -2.9909674518586172e-05], [2.4591263044596127e-05, 2.990938223744805e-05, 0.9999999992503492]]",nan,nan,False,,disabled_or_unavailable,,null,nan
visual_span,6.28,6.32,0.040000000000000036,6.32,28,0,0.0,False,,disabled_or_unavailable,,null,"[[0.9999999986314152, 2.0413644342632712e-05, -4.817108042166075e-05], [-2.0412361767329954e-05, 0.9999999994372022, 2.66257625701644e-05], [4.8171623923397624e-05, -2.662477924820449e-05, 0.999999998485308]]",nan,nan,False,,disabled_or_unavailable,,null,nan
visual_span,6.32,6.36,0.040000000000000036,6.36,28,0,0.0,False,,disabled_or_unavailable,,null,"[[0.9999999987373058, 9.824555850360026e-06, -4.928353256642534e-05], [-9.826899709816208e-06, 0.9999999988208031, -4.755865723989651e-05], [4.928306526562613e-05, 4.755914148417634e-05, 0.9999999976546537]]",nan,nan,False,,disabled_or_unavailable,,null,nan
visual_span,6.36,6.4,0.040000000000000036,6.4,28,0,0.0,False,,disabled_or_unavailable,,null,"[[0.9999999997091878, -6.430567555103787e-06, -2.3243762019644634e-05], [6.430069877519641e-06, 0.9999999997501066, -2.1411243442957852e-05], [2.3243899700283564e-05, 2.14110939777172e-05, 0.9999999995006432]]",nan,nan,False,,disabled_or_unavailable,,null,nan
visual_span,6.4,6.44,0.040000000000000036,6.44,28,0,0.0,False,,disabled_or_unavailable,,null,"[[0.9999999983242056, -4.445419922063032e-05, -3.7086563457932666e-05], [4.4448946133119684e-05, 0.9999999889822268, -0.00014163275649947072], [3.709285922009492e-05, 0.0001416311078034619, 0.9999999892823745]]",nan,nan,False,,disabled_or_unavailable,,null,nan
visual_span,6.44,6.48,0.040000000000000036,6.48,28,0,0.0,False,,disabled_or_unavailable,,null,"[[0.9999999989920149, -1.626060852762079e-05, -4.18516786138026e-05], [1.62598784711829e-05, 0.9999999997156586, -1.7444179737177606e-05], [4.1851962254880225e-05, 1.7443499216386053e-05, 0.9999999989720688]]",nan,nan,False,,disabled_or_unavailable,,null,nan
visual_span,6.48,6.52,0.03999999999999915,6.52,28,0,0.0,False,,disabled_or_unavailable,,null,"[[0.9999999997694659, -1.4015345763215845e-05, -1.6267721419834656e-05], [1.4016146090725974e-05, 0.9999999986915425, 4.919820033542531e-05], [1.6267031868760403e-05, -4.9198428334843416e-05, 0.9999999986574494]]",nan,nan,False,,disabled_or_unavailable,,null,nan
visual_span,6.52,6.5600000000000005,0.040000000000000924,6.5600000000000005,28,0,0.0,False,,disabled_or_unavailable,,null,"[[0.9999999991629119, 1.5520171988385417e-05, -3.7858961803231875e-05], [-1.5522069768001992e-05, 0.9999999986231328, -5.012784033305622e-05], [3.785818375840172e-05, 5.0128427940541244e-05, 0.9999999980269496]]",nan,nan,False,,disabled_or_unavailable,,null,nan
visual_span,6.5600000000000005,6.6,0.03999999999999915,6.6,28,0,0.0,False,,disabled_or_unavailable,,null,"[[0.9999999988926344, -3.425732833890932e-05, -3.226711966946504e-05], [3.425696064400841e-05, 0.9999999993482981, -1.1395826900079198e-05], [3.22675100390203e-05, 1.1394721514011238e-05, 0.9999999994144843]]",nan,nan,False,,disabled_or_unavailable,,null,nan
visual_span,6.6,6.64,0.040000000000000036,6.64,28,0,0.0,False,,disabled_or_unavailable,,null,"[[0.9999999989815951, -3.633392554837972e-05, -2.6770429996653003e-05], [3.633486411491665e-05, 0.9999999987252811, 3.5060170829892956e-05], [2.676915608889158e-05, -3.506114349412373e-05, 0.9999999990270644]]",nan,nan,False,,disabled_or_unavailable,,null,nan
visual_span,6.64,6.72,0.08000000000000007,6.72,28,0,0.0,False,,disabled_or_unavailable,,null,"[[0.9999999924481557, -7.004479258041949e-05, -0.00010098225513095533], [7.004031415668165e-05, 0.9999999965636507, -4.435147509028938e-05], [0.00010098536137381836, 4.434440192648031e-05, 0.9999999939177656]]",nan,nan,False,,disabled_or_unavailable,,null,nan
visual_span,6.72,6.76,0.040000000000000036,6.76,28,0,0.0,False,,disabled_or_unavailable,,null,"[[0.9999999985705985, 2.0651502662206878e-05, -4.9318542755411007e-05], [-2.0645755371310298e-05, 0.9999999929970528, 0.00011653174374544343], [4.9320948965652046e-05, -0.00011653072536030376, 0.9999999919940171]]",nan,nan,False,,disabled_or_unavailable,,null,nan
visual_span,6.76,6.8,0.040000000000000036,6.8,28,0,0.0,False,,disabled_or_unavailable,,null,"[[0.9999999987264272, -1.7511616100416986e-05, -4.733380110579568e-05], [1.7512403376055967e-05, 0.9999999997083452, 1.6632056260333397e-05], [4.733350983780637e-05, -1.663288516776955e-05, 0.999999998741443]]",nan,nan,False,,disabled_or_unavailable,,null,nan
visual_span,6.8,6.84,0.040000000000000036,6.84,28,0,0.0,False,,disabled_or_unavailable,,null,"[[0.9999999991109658, 5.9830462791865505e-06, -4.174052917527774e-05], [-5.9840418763849516e-06, 0.9999999996976376, -2.3851966113106334e-05], [4.1740386455239856e-05, 2.3852215868975647e-05, 0.9999999988444062]]",nan,nan,False,,disabled_or_unavailable,,null,nan
visual_span,6.84,6.88,0.040000000000000036,6.88,28,0,0.0,False,,disabled_or_unavailable,,null,"[[0.999999998760857, 1.461571991827716e-05, -4.758851658459426e-05], [-1.4616007666649757e-05, 0.9999999998749077, -6.046250445218535e-06], [4.758842820833824e-05, 6.046945991849611e-06, 0.9999999988493881]]",nan,nan,False,,disabled_or_unavailable,,null,nan
visual_span,6.88,6.96,0.08000000000000007,6.96,28,0,0.0,False,,disabled_or_unavailable,,null,"[[0.999999991271595, -8.385407269981406e-05, -0.00010210437939646232], [8.385047879000187e-05, 0.9999999958649524, -3.5202162471293295e-05], [0.00010210733081894693, 3.5193600662935616e-05, 0.9999999941677516]]",nan,nan,False,,disabled_or_unavailable,,null,nan
visual_span,6.96,7.0,0.040000000000000036,7.0,28,0,0.0,False,,disabled_or_unavailable,,null,"[[0.9999999987369966, 8.784148886915237e-06, -4.948581681746486e-05], [-8.78198248449616e-06, 0.999999999003169, 4.377829636379808e-05], [4.9486201323209135e-05, -4.3777861724929414e-05, 0.9999999978173076]]",nan,nan,False,,disabled_or_unavailable,,null,nan
visual_span,7.0,7.04,0.040000000000000036,7.04,28,0,0.0,False,,disabled_or_unavailable,,null,"[[0.9999999979605299, -3.737782605078136e-05, -5.178647206056091e-05], [3.738015951209774e-05, 0.9999999982862031, 4.505904816118699e-05], [5.178478776254522e-05, -4.5060983855876596e-05, 0.9999999976439219]]",nan,nan,False,,disabled_or_unavailable,,null,nan
visual_span,7.04,7.08,0.040000000000000036,7.08,28,0,0.0,False,,disabled_or_unavailable,,null,"[[0.9999999973055606, -2.1677639096530982e-05, -7.013529434907912e-05], [2.1674242792070055e-05, 0.9999999985926024, -4.8425438052673695e-05], [7.013634399954004e-05, 4.842391779279625e-05, 0.999999996368009]]",nan,nan,False,,disabled_or_unavailable,,null,nan
visual_span,7.08,7.2,0.1200000000000001,7.2,28,0,0.0,False,,disabled_or_unavailable,,null,"[[0.9999999757490595, -9.714090422719069e-05, -0.00019765000841087514], [9.71281307653645e-05, 0.9999999931942062, -6.463524214578353e-05], [0.00019765628579157687, 6.461604320245539e-05, 0.99999997837838]]",nan,nan,False,,disabled_or_unavailable,,null,nan
visual_span,7.2,7.24,0.040000000000000036,7.24,28,0,0.0,False,,disabled_or_unavailable,,null,"[[0.999999993050579, -4.530646767932439e-05, -0.00010884009385921185], [4.530281433274762e-05, 0.9999999984104083, -3.356841451312867e-05], [0.00010884161455248771, 3.356348351728356e-05, 0.9999999935134978]]",nan,nan,False,,disabled_or_unavailable,,null,nan
visual_span,7.24,7.28,0.040000000000000036,7.28,28,0,0.0,False,,disabled_or_unavailable,,null,"[[0.9999999984306037, -2.6218940770352816e-05, -4.951121438368993e-05], [2.62161361880892e-05, 0.9999999980520184, -5.664519378123437e-05], [4.951269946422366e-05, 5.6643895699596476e-05, 0.9999999971699811]]",nan,nan,False,,disabled_or_unavailable,,null,nan
visual_span,7.28,7.32,0.040000000000000036,7.32,28,0,0.0,False,,disabled_or_unavailable,,null,"[[0.9999999942689766, -5.8459993024011575e-05, -8.969100379641814e-05], [5.845449483370951e-05, 0.9999999964125154, -6.130286594065369e-05], [8.969458723976827e-05, 6.129762274700748e-05, 0.9999999940987413]]",nan,nan,False,,disabled_or_unavailable,,null,nan
visual_span,7.32,7.36,0.040000000000000036,7.36,28,0,0.0,False,,disabled_or_unavailable,,null,"[[0.9999999965450469, -2.6326602873403602e-05, -7.88467897781024e-05], [2.631477749786155e-05, 0.9999999884072991, -0.00014997644539772948], [7.885073723437349e-05, 0.00014997437004383846, 0.9999999856451247]]",nan,nan,False,,disabled_or_unavailable,,null,nan
visual_span,7.36,7.4,0.040000000000000036,7.4,28,0,0.0,False,,disabled_or_unavailable,,null,"[[0.9999999970015077, -3.7108595882723045e-05, -6.797011559541905e-05], [3.710512604112524e-05, 0.99999999800855, -5.105006703223792e-05], [6.797200985636726e-05, 5.104754483945849e-05, 0.9999999963869769]]",nan,nan,False,,disabled_or_unavailable,,null,nan
visual_span,7.4,7.44,0.040000000000000036,7.44,28,0,0.0,False,,disabled_or_unavailable,,null,"[[0.9999999962249914, -3.842399864355986e-05, -7.793339214889464e-05], [3.841345913173259e-05, 0.9999999901180288, -0.00013523442061180534], [7.793858762595325e-05, 0.00013523142641011992, 0.9999999878190189]]",nan,nan,False,,disabled_or_unavailable,,null,nan
visual_span,7.44,7.48,0.040000000000000036,7.48,28,0,0.0,False,,disabled_or_unavailable,,null,"[[0.9999999932988294, -8.000286857844515e-05, -8.367725195420398e-05], [7.999390161168733e-05, 0.9999999910589407, -0.00010715920146504884], [8.368582424955248e-05, 0.00010715250707709676, 0.9999999907575116]]",nan,nan,False,,disabled_or_unavailable,,null,nan
visual_span,7.48,7.52,0.03999999999999915,7.52,28,0,0.0,False,,disabled_or_unavailable,,null,"[[0.9999999970375497, -2.3726943038692352e-05, -7.322521937456428e-05], [2.3721626419112788e-05, 0.9999999970827965, -7.260641460401486e-05], [7.322694188921497e-05, 7.26046773676235e-05, 0.9999999946831879]]",nan,nan,False,,disabled_or_unavailable,,null,nan
visual_span,7.52,7.5600000000000005,0.040000000000000924,7.5600000000000005,28,0,0.0,False,,disabled_or_unavailable,,null,"[[0.999999994822405, -4.63637502020986e-05, -9.0584725871545e-05], [4.6356865732997004e-05, 0.999999996037448, -7.600095196702653e-05], [9.058824920175044e-05, 7.599675234954971e-05, 0.9999999930091313]]",nan,nan,False,,disabled_or_unavailable,,null,nan
visual_span,7.5600000000000005,7.6,0.03999999999999915,7.6,28,0,0.0,False,,disabled_or_unavailable,,null,"[[0.9999999954261072, -4.8307376224056144e-05, -8.254806497668518e-05], [4.830335947896764e-05, 0.9999999976494574, -4.866077085499077e-05], [8.255041545681748e-05, 4.865678328356476e-05, 0.9999999954089731]]",nan,nan,False,,disabled_or_unavailable,,null,nan
visual_span,7.6,7.64,0.040000000000000036,7.64,28,0,0.0,False,,disabled_or_unavailable,,null,"[[0.9999999980144871, 1.8451682541713087e-05, -6.025413967691213e-05], [-1.845594423611326e-05, 0.9999999973284028, -7.072886732723124e-05], [6.025283444933088e-05, 7.072997923384002e-05, 0.9999999956834331]]",nan,nan,False,,disabled_or_unavailable,,null,nan
visual_span,7.64,7.72,0.08000000000000007,7.72,28,0,0.0,False,,disabled_or_unavailable,,null,"[[0.9999999811078057, -0.0001103900003466242, -0.0001599951121211548], [0.00011037483303261504, 0.9999999894147668, -9.480433825094111e-05], [0.0001600055758785016, 9.478667702609272e-05, 0.9999999827068506]]",nan,nan,False,,disabled_or_unavailable,,null,nan
visual_span,7.72,7.76,0.040000000000000036,7.76,28,0,0.0,False,,disabled_or_unavailable,,null,"[[0.9999999948657752, -4.024971697057149e-05, -9.299682874525341e-05], [4.024782611829052e-05, 0.9999999989833162, -2.033422028083594e-05], [9.299764709731615e-05, 2.033047725624259e-05, 0.9999999954690548]]",nan,nan,False,,disabled_or_unavailable,,null,nan
visual_span,7.76,7.8,0.040000000000000036,7.8,28,0,0.0,False,,disabled_or_unavailable,,null,"[[0.9999999946305282, -3.259844761016479e-05, -9.836810971427294e-05], [3.25880998345203e-05, 0.9999999939361, -0.00010519418317280061], [9.837153828484757e-05, 0.0001051909769781835, 0.9999999896289495]]",nan,nan,False,,disabled_or_unavailable,,null,nan
visual_span,7.8,7.84,0.040000000000000036,7.84,28,0,0.0,False,,disabled_or_unavailable,,null,"[[0.999999992706347, 1.1135276548196458e-05, -0.00012026351068077262], [-1.1136560381540662e-05, 0.9999999998810162, -1.067450497366753e-05], [0.00012026339180289828, 1.0675844217659785e-05, 0.9999999927113716]]",nan,nan,False,,disabled_or_unavailable,,null,nan
visual_span,7.84,7.92,0.08000000000000007,7.92,28,0,0.0,False,,disabled_or_unavailable,,null,"[[0.9999999730586621, -6.365340031544545e-05, -0.0002232284031192438], [6.361344604565754e-05, 0.9999999819586094, -0.0001789863416352588], [0.0002232397921811481, 0.0001789721364851496, 0.9999999590664841]]",nan,nan,False,,disabled_or_unavailable,,null,nan
visual_span,7.92,7.96,0.040000000000000036,7.96,28,0,0.0,False,,disabled_or_unavailable,,null,"[[0.9999999918167326, -4.6478628961733706e-05, -0.0001191900662688361], [4.646640372145025e-05, 0.9999999936601336, -0.00010257000641809655], [0.0001191948328264579, 0.00010256446724499992, 0.9999999876365608]]",nan,nan,False,,disabled_or_unavailable,,null,nan
visual_span,7.96,8.0,0.040000000000000036,8.0,28,0,0.0,False,,disabled_or_unavailable,,null,"[[0.9999999941299016, -6.59324467714174e-05, -8.598319444671783e-05], [6.591973449865981e-05, 0.9999999868988921, -0.000147840470531853], [8.59929408041967e-05, 0.00014783480167466557, 0.9999999853750429]]",nan,nan,False,,disabled_or_unavailable,,null,nan
visual_span,8.0,8.04,0.03999999999999915,8.04,28,0,0.0,False,,disabled_or_unavailable,,null,"[[0.9999999960753081, -5.128198579498117e-05, -7.224639719769444e-05], [5.127165951176145e-05, 0.9999999884716785, -0.00014292606483479428], [7.225372589724132e-05, 0.00014292236008117543, 0.999999987176299]]",nan,nan,False,,disabled_or_unavailable,,null,nan
visual_span,8.04,8.08,0.040000000000000924,8.08,28,0,0.0,False,,disabled_or_unavailable,,null,"[[0.9999999939500079, -6.850314672633775e-05, -8.606569119779447e-05], [6.85004516287176e-05, 0.9999999971634674, -3.131698239346833e-05], [8.606783626550625e-05, 3.131108666528404e-05, 0.9999999958059718]]",nan,nan,False,,disabled_or_unavailable,,null,nan
visual_span,8.08,8.12,0.03999999999999915,8.12,28,0,0.0,False,,disabled_or_unavailable,,null,"[[0.9999999937438894, -4.738579412672376e-05, -0.00010132525699816604], [4.737598350391781e-05, 0.9999999941903842, -9.682328170410208e-05], [0.00010132984445759871, 9.681848071466085e-05, 0.9999999901792221]]",nan,nan,False,,disabled_or_unavailable,,null,nan
visual_span,8.12,8.16,0.040000000000000924,8.16,28,0,0.0,False,,disabled_or_unavailable,,null,"[[0.9999999963900496, -4.884673399422686e-05, -6.9526237930089e-05], [4.883968257779722e-05, 0.9999999936644335, -0.0001014190250570018], [6.953119147773979e-05, 0.0001014156290514928, 0.9999999924401419]]",nan,nan,False,,disabled_or_unavailable,,null,nan
visual_span,8.16,8.2,0.03999999999999915,8.2,28,0,0.0,False,,disabled_or_unavailable,,null,"[[0.9999999981616665, -3.0318196941814592e-05, -5.2511658877236454e-05], [3.0313801740729368e-05, 0.9999999960378341, -8.369830205985902e-05], [5.2514196250782077e-05, 8.369671007797733e-05, 0.9999999951185602]]",nan,nan,False,,disabled_or_unavailable,,null,nan
visual_span,8.2,8.24,0.040000000000000924,8.24,28,0,0.0,False,,disabled_or_unavailable,,null,"[[0.9999999952493207, -3.317760886079598e-05, -9.165481546106003e-05], [3.317923064299005e-05, 0.9999999992930485, 1.7692993182952414e-05], [9.16542283850571e-05, -1.7696034135160394e-05, 0.9999999956431765]]",nan,nan,False,,disabled_or_unavailable,,null,nan
visual_span,8.24,8.28,0.03999999999999915,8.28,28,0,0.0,False,,disabled_or_unavailable,,null,"[[0.9999999947905523, -4.331647319713427e-05, -9.242607014007818e-05], [4.330780789230561e-05, 0.9999999946673251, -9.375384491217393e-05], [9.243013073311027e-05, 9.374984165327832e-05, 0.999999991333819]]",nan,nan,False,,disabled_or_unavailable,,null,nan
visual_span,8.28,8.32,0.040000000000000924,8.32,28,0,0.0,False,,disabled_or_unavailable,,null,"[[0.9999999988245051, -1.3394082498035061e-05, -4.6600304122798804e-05], [1.3392733861718093e-05, 0.9999999994915354, -2.894069631152549e-05], [4.6600691733178144e-05, 2.8940072172034856e-05, 0.9999999984954239]]",nan,nan,False,,disabled_or_unavailable,,null,nan
visual_span,8.32,8.36,0.03999999999999915,8.36,28,0,0.0,False,,disabled_or_unavailable,,null,"[[0.9999999962629708, -3.044777468889694e-05, -8.091348567078465e-05], [3.0443015872568447e-05, 0.9999999978070556, -5.881421724949705e-05], [8.091527625538118e-05, 5.8811753779177995e-05, 0.9999999949969481]]",nan,nan,False,,disabled_or_unavailable,,null,nan
visual_span,8.36,8.4,0.040000000000000924,8.4,28,0,0.0,False,,disabled_or_unavailable,,null,"[[0.9999999956410167, -2.5761383789925638e-05, -8.974585191813866e-05], [2.576170406204108e-05, 0.999999999661804, 3.567502298545201e-06], [8.974575998399105e-05, -3.5698142890724287e-06, 0.9999999959664777]]",nan,nan,False,,disabled_or_unavailable,,null,nan
visual_span,8.4,8.44,0.03999999999999915,8.44,28,0,0.0,False,,disabled_or_unavailable,,null,"[[0.9999999960095842, -2.5719480864760686e-06, -8.92984718141236e-05], [2.5733012316910594e-06, 0.9999999998818834, 1.5152949683789614e-05], [8.9298432830976e-05, -1.515317941519055e-05, 0.9999999958980857]]",nan,nan,False,,disabled_or_unavailable,,null,nan
visual_span,8.44,8.48,0.040000000000000924,8.48,28,0,0.0,False,,disabled_or_unavailable,,null,"[[0.9999999932248659, -7.890861955064715e-05, -8.557860934719187e-05], [7.890299095941934e-05, 0.9999999947241557, -6.577238797777421e-05], [8.558379890403231e-05, 6.576563512391779e-05, 0.9999999941751475]]",nan,nan,False,,disabled_or_unavailable,,null,nan
visual_span,8.48,8.52,0.03999999999999915,8.52,28,0,0.0,False,,disabled_or_unavailable,,null,"[[0.9999999909829471, -5.2794036225325775e-05, -0.00012347831963583912], [5.277945317800337e-05, 0.9999999916330804, -0.00011810236450477606], [0.0001234845537032159, 0.00011809584632165108, 0.9999999854024679]]",nan,nan,False,,disabled_or_unavailable,,null,nan
visual_span,8.52,8.56,0.040000000000000924,8.56,28,0,0.0,False,,disabled_or_unavailable,,null,"[[0.9999999938476598, -6.908316120530509e-05, -8.678823246577388e-05], [6.907772089411445e-05, 0.9999999956493465, -6.268632818995873e-05], [8.679256265790407e-05, 6.268033267099194e-05, 0.9999999942691136]]",nan,nan,False,,disabled_or_unavailable,,null,nan
visual_span,8.56,8.6,0.03999999999999915,8.6,28,0,0.0,False,,disabled_or_unavailable,,null,"[[0.999999991395608, -7.659084473509948e-05, -0.00010650176955322075], [7.659625445133259e-05, 0.9999999957766208, 5.079146256237849e-05], [0.0001064978789424004, -5.079961976198904e-05, 0.9999999930388005]]",nan,nan,False,,disabled_or_unavailable,,null,nan
visual_span,8.6,8.64,0.040000000000000924,8.64,28,0,0.0,False,,disabled_or_unavailable,,null,"[[0.9999999947198193, -6.174888984893373e-05, -8.214278094981457e-05], [6.175482579219207e-05, 0.9999999954821894, 7.226315061225137e-05], [8.213831840938174e-05, -7.22682229438165e-05, 0.9999999940153005]]",nan,nan,False,,disabled_or_unavailable,,null,nan
visual_span,8.64,8.68,0.03999999999999915,8.68,28,0,0.0,False,,disabled_or_unavailable,,null,"[[0.9999999909166821, -8.56590824382126e-05, -0.00010406323935424222], [8.56499085752797e-05, 0.9999999924461416, -8.815787321804068e-05], [0.00010407079009069278, 8.814895941033793e-05, 0.9999999906995161]]",nan,nan,False,,disabled_or_unavailable,,null,nan
visual_span,8.68,8.72,0.040000000000000924,8.72,28,0,0.0,False,,disabled_or_unavailable,,null,"[[0.9999999898092812, -9.887839359253683e-05, -0.0001029781573639213], [9.887795131399394e-05, 0.9999999951023305, -4.299959505433284e-06], [0.00010297858203265672, 4.289777192383372e-06, 0.9999999946885048]]",nan,nan,False,,disabled_or_unavailable,,null,nan
visual_span,8.72,8.76,0.03999999999999915,8.76,28,0,0.0,False,,disabled_or_unavailable,,null,"[[0.9999999898589943, -8.622510857716386e-05, -0.00011334567431562345], [8.621107382272871e-05, 0.999999988617926, -0.00012382164000796696], [0.00011335634955986848, 0.0001238118670999951, 0.9999999859104797]]",nan,nan,False,,disabled_or_unavailable,,null,nan
visual_span,8.76,8.8,0.040000000000000924,8.8,28,0,0.0,False,,disabled_or_unavailable,,null,"[[0.9999999880823897, -8.775901045633637e-05, -0.00012701801699885546], [8.774290596836275e-05, 0.9999999881128628, -0.00012678902439586332], [0.00012702914236829258, 0.0001267778779549193, 0.9999999838954832]]",nan,nan,False,,disabled_or_unavailable,,null,nan
visual_span,8.8,8.84,0.03999999999999915,8.84,28,0,0.0,False,,disabled_or_unavailable,,null,"[[0.9999999899525029, -7.923270759300324e-05, -0.00011754646968553203], [7.922840509536198e-05, 0.9999999961914038, -3.660673038108873e-05], [0.00011754936968820919, 3.6597416993964934e-05, 0.9999999924213876]]",nan,nan,False,,disabled_or_unavailable,,null,nan
visual_span,8.84,8.88,0.040000000000000924,8.88,28,0,0.0,False,,disabled_or_unavailable,,null,"[[0.9999999919056306, -7.53751903394714e-05, -0.00010250521789037505], [7.53737155278836e-05, 0.9999999970558445, -1.4391460304035566e-05], [0.00010250630234764342, 1.4383733988412376e-05, 0.9999999946427832]]",nan,nan,False,,disabled_or_unavailable,,null,nan
visual_span,8.88,8.92,0.03999999999999915,8.92,28,0,0.0,False,,disabled_or_unavailable,,null,"[[0.9999999919610824, -9.185941703788803e-05, -8.740527741864899e-05], [9.185484134090315e-05, 0.9999999944109296, -5.235292564435893e-05], [8.741008603936466e-05, 5.234489662560843e-05, 0.9999999948097442]]",nan,nan,False,,disabled_or_unavailable,,null,nan
visual_span,8.92,9.0,0.08000000000000007,9.0,28,0,0.0,False,,disabled_or_unavailable,,null,"[[0.999999956877257, -0.0001271300086487066, -0.0002647327808607639], [0.00012711594665059905, 0.9999999905091649, -5.313385475021271e-05], [0.0002647395332556426, 5.310020070088657e-05, 0.9999999635466735]]",nan,nan,False,,disabled_or_unavailable,,null,nan
visual_span,9.0,9.04,0.03999999999999915,9.04,28,0,0.0,False,,disabled_or_unavailable,,null,"[[0.9999999968620339, -4.012372972055309e-05, -6.83082609320119e-05], [4.0125654535125914e-05, 0.9999999987979881, 2.8177219897227283e-05], [6.830713027474913e-05, -2.8179960722488172e-05, 0.9999999972700129]]",nan,nan,False,,disabled_or_unavailable,,null,nan
visual_span,9.04,9.08,0.040000000000000924,9.08,28,0,0.0,False,,disabled_or_unavailable,,null,"[[0.9999999858733202, -0.00011134012835217322, -0.00012592353055370924], [0.000111347909575077, 0.9999999918919482, 6.178791719721835e-05], [0.00012591665005808335, -6.180193764625369e-05, 0.9999999901627589]]",nan,nan,False,,disabled_or_unavailable,,null,nan
visual_span,9.08,9.12,0.03999999999999915,9.12,28,0,0.0,False,,disabled_or_unavailable,,null,"[[0.9999999899836801, -9.968449954054206e-05, -0.00010047706491322185], [9.968163726608186e-05, 0.9999999946259045, -2.8491449185954032e-05], [0.00010047990452910176, 2.8481433182236318e-05, 0.9999999945462985]]",nan,nan,False,,disabled_or_unavailable,,null,nan
visual_span,9.12,9.16,0.040000000000000924,9.16,28,0,0.0,False,,disabled_or_unavailable,,null,"[[0.9999999919691794, -6.614558011818023e-05, -0.00010810366854007237], [6.615068627986481e-05, 0.9999999966966576, 4.723104230184857e-05], [0.00010810054405827631, -4.723819305440784e-05, 0.9999999930414126]]",nan,nan,False,,disabled_or_unavailable,,null,nan
visual_span,9.16,9.2,0.03999999999999915,9.2,28,0,0.0,False,,disabled_or_unavailable,,null,"[[0.9999999902718095, -7.921426468323021e-05, -0.0001148106339670891], [7.920479470916582e-05, 0.9999999934613615, -8.248562265578873e-05], [0.00011481716725432947, 8.247652830065905e-05, 0.9999999900073204]]",nan,nan,False,,disabled_or_unavailable,,null,nan
visual_span,9.2,9.24,0.040000000000000924,9.24,28,0,0.0,False,,disabled_or_unavailable,,null,"[[0.9999999867582361, -9.5499825111408e-05, -0.00013176991651549518], [9.550357134280905e-05, 0.9999999950355692, 2.8424096839622724e-05], [0.0001317672013650554, -2.843668096086032e-05, 0.9999999909143797]]",nan,nan,False,,disabled_or_unavailable,,null,nan
visual_span,9.24,9.28,0.03999999999999915,9.28,28,0,0.0,False,,disabled_or_unavailable,,null,"[[0.9999999892388006, -0.00010238435016685824, -0.00010507065955018822], [0.00010238462317166046, 0.9999999947553329, 2.592921695701831e-06], [0.00010507039352452473, -2.603679287683328e-06, 0.9999999944767166]]",nan,nan,False,,disabled_or_unavailable,,null,nan
visual_span,9.28,9.32,0.040000000000000924,9.32,28,0,0.0,False,,disabled_or_unavailable,,null,"[[0.9999999865589648, -0.00011252305958866314, -0.00011925028902366858], [0.00011253230797810982, 0.9999999906611946, 7.755056866231854e-05], [0.00011924156168275458, -7.756398713020951e-05, 0.999999989882639]]",nan,nan,False,,disabled_or_unavailable,,null,nan
visual_span,9.32,9.36,0.03999999999999915,9.36,28,0,0.0,False,,disabled_or_unavailable,,null,"[[0.9999999890127823, -7.179879765271752e-05, -0.00012968950788107208], [7.177805230624644e-05, 0.9999999846304809, -0.00015995921287792792], [0.00012970099076696476, 0.00015994990226014092, 0.999999978796841]]",nan,nan,False,,disabled_or_unavailable,,null,nan
visual_span,9.36,9.4,0.040000000000000924,9.4,28,0,0.0,False,,disabled_or_unavailable,,null,"[[0.9999999928601933, -4.091109764175838e-05, -0.00011227598246007551], [4.090925854299757e-05, 0.9999999990290249, -1.638240949714876e-05], [0.00011227665257341284, 1.6377816252986886e-05, 0.9999999935628605]]",nan,nan,False,,disabled_or_unavailable,,null,nan
visual_span,9.4,9.44,0.03999999999999915,9.44,28,0,0.0,False,,disabled_or_unavailable,,null,"[[0.9999999911844855, -7.283749868031325e-05, -0.00011102129667472417], [7.283112236332717e-05, 0.9999999956983533, -5.7436238809155526e-05], [0.00011102547970911821, 5.7428152497182464e-05, 0.9999999921876753]]",nan,nan,False,,disabled_or_unavailable,,null,nan
visual_span,9.44,9.48,0.040000000000000924,9.48,28,0,0.0,False,,disabled_or_unavailable,,null,"[[0.999999990872348, -5.8209003954650326e-05, -0.00012193037364653618], [5.820923971579329e-05, 0.9999999983039799, 1.93002404479012e-06], [0.00012193026109496254, -1.9371215015217596e-06, 0.9999999925646297]]",nan,nan,False,,disabled_or_unavailable,,null,nan
visual_span,9.48,9.52,0.03999999999999915,9.52,28,0,0.0,False,,disabled_or_unavailable,,null,"[[0.9999999897728096, -5.2143484051799774e-05, -0.0001331744641939184], [5.214036860479512e-05, 0.9999999983669791, -2.3397091338722305e-05], [0.00013317568398230078, 2.339014733378398e-05, 0.999999990858569]]",nan,nan,False,,disabled_or_unavailable,,null,nan
visual_span,9.52,9.56,0.040000000000000924,9.56,28,0,0.0,False,,disabled_or_unavailable,,null,"[[0.9999999921688081, -5.536603809307149e-05, -0.0001122362936847165], [5.535124089218468e-05, 0.9999999897774206, -0.0001318385335392883], [0.00011224359191464214, 0.00013183232008870684, 0.9999999850108076]]",nan,nan,False,,disabled_or_unavailable,,null,nan
visual_span,9.56,9.6,0.03999999999999915,9.6,28,0,0.0,False,,disabled_or_unavailable,,null,"[[0.9999999888610723, -5.609153250601093e-05, -0.00013831700979902956], [5.610191067543938e-05, 0.9999999956116103, 7.50290270148355e-05], [0.00013831280069893294, -7.503678602762122e-05, 0.9999999876195249]]",nan,nan,False,,disabled_or_unavailable,,null,nan
visual_span,9.6,9.64,0.040000000000000924,9.64,28,0,0.0,False,,disabled_or_unavailable,,null,"[[0.9999999850034058, -8.526576475754992e-05, -0.00015074129315704722], [8.526122995206846e-05, 0.9999999959125713, -3.0089536163412912e-05], [0.0001507438581482151, 3.0076683324113217e-05, 0.9999999881858411]]",nan,nan,False,,disabled_or_unavailable,,null,nan
visual_span,9.64,9.68,0.03999999999999915,9.68,28,0,0.0,False,,disabled_or_unavailable,,null,"[[0.999999988695984, -5.610884493653689e-05, -0.00013949849150220992], [5.60952561874639e-05, 0.9999999936819715, -9.74134453429049e-05], [0.00013950395637675396, 9.740561903812319e-05, 0.9999999855253956]]",nan,nan,False,,disabled_or_unavailable,,null,nan
visual_span,9.68,9.76,0.08000000000000007,9.76,28,0,0.0,False,,disabled_or_unavailable,,null,"[[0.9999999558933955, -0.00012149358804457938, -0.00027102124558788193], [0.00012150468180852947, 0.9999999917812018, 4.091709968478834e-05], [0.00027101627219515987, -4.09500282302825e-05, 0.9999999624366372]]",nan,nan,False,,disabled_or_unavailable,,null,nan
visual_span,9.76,9.8,0.040000000000000924,9.8,28,0,0.0,False,,disabled_or_unavailable,,null,"[[0.9999999823550216, -0.00012206628116260011, -0.00014279278621365645], [0.00012206755389183743, 0.9999999925101117, 8.904438763891076e-06], [0.00014279169821242865, -8.921868972898946e-06, 0.9999999897654657]]",nan,nan,False,,disabled_or_unavailable,,null,nan
visual_span,9.8,9.84,0.03999999999999915,9.84,28,0,0.0,False,,disabled_or_unavailable,,null,"[[0.9999999881463831, -6.850612035702582e-05, -0.00013789178948327385], [6.8526621844448e-05, 0.9999999865993505, 0.0001486788534488953], [0.00013788160222400538, -0.00014868830094502648, 0.9999999794402264]]",nan,nan,False,,disabled_or_unavailable,,null,nan
visual_span,9.84,9.88,0.040000000000000924,9.88,28,0,0.0,False,,disabled_or_unavailable,,null,"[[0.9999999859336196, -6.253476382138939e-05, -0.00015563471253176556], [6.253760801958203e-05, 0.9999999978776266, 1.8270032377268136e-05], [0.00015563356968929088, -1.8279765142921467e-05, 0.9999999877220209]]",nan,nan,False,,disabled_or_unavailable,,null,nan
visual_span,9.88,9.92,0.03999999999999915,9.92,28,0,0.0,False,,disabled_or_unavailable,,null,"[[0.9999999893673953, -0.00010237406696809714, -0.00010384969832375879], [0.00010237095700857687, 0.9999999943115442, -2.9951609778698684e-05], [0.00010385276400111966, 2.9940978267232596e-05, 0.9999999941590707]]",nan,nan,False,,disabled_or_unavailable,,null,nan
visual_span,9.92,9.96,0.040000000000000924,9.96,28,0,0.0,False,,disabled_or_unavailable,,null,"[[0.9999999913840817, -5.614528139285372e-05, -0.0001186572545628374], [5.6152648949961545e-05, 0.9999999964959392, 6.208866086455184e-05], [0.00011865376816171962, -6.209532324876183e-05, 0.9999999910327271]]",nan,nan,False,,disabled_or_unavailable,,null,nan
visual_span,9.96,10.0,0.03999999999999915,10.0,28,0,0.0,False,,disabled_or_unavailable,,null,"[[0.9999999911278026, -8.192068534844304e-05, -0.00010503997499231991], [8.192116842768525e-05, 0.9999999966339055, 4.594709530761289e-06], [0.00010503959823699166, -4.603314487479104e-06, 0.9999999944727462]]",nan,nan,False,,disabled_or_unavailable,,null,nan
visual_span,10.0,10.04,0.03999999999999915,10.04,28,0,0.0,False,,disabled_or_unavailable,,null,"[[0.9999999884814721, -7.654874011704636e-05, -0.00013106237565496163], [7.654738116758255e-05, 0.9999999970164424, -1.037370780582285e-05], [0.00013106316935819238, 1.0363675204707018e-05, 0.99999999135752]]",nan,nan,False,,disabled_or_unavailable,,null,nan
visual_span,10.04,10.08,0.040000000000000924,10.08,28,0,0.0,False,,disabled_or_unavailable,,null,"[[0.9999999873975663, -6.660476697465946e-05, -0.00014411340047024935], [6.660191714961063e-05, 0.9999999975864763, -1.977958769672541e-05], [0.00014411471753725765, 1.9769989218696198e-05, 0.9999999894200479]]",nan,nan,False,,disabled_or_unavailable,,null,nan
visual_span,10.08,10.12,0.03999999999999915,10.12,28,0,0.0,False,,disabled_or_unavailable,,null,"[[0.9999999886926776, -8.616251573506321e-05, -0.00012325041903608802], [8.616480133537408e-05, 0.9999999961159631, 1.8539171663093083e-05], [0.00012324882117570869, -1.854979130133544e-05, 0.9999999922328167]]",nan,nan,False,,disabled_or_unavailable,,null,nan
visual_span,10.12,10.16,0.040000000000000924,10.16,28,0,0.0,False,,disabled_or_unavailable,,null,"[[0.9999999911700417, -6.125659946352688e-05, -0.00011793025773487254], [6.12529817294709e-05, 0.999999997653397, -3.068026172280398e-05], [0.00011793213682664082, 3.067303787197616e-05, 0.999999992575588]]",nan,nan,False,,disabled_or_unavailable,,null,nan
visual_span,10.16,10.2,0.03999999999999915,10.2,28,0,0.0,False,,disabled_or_unavailable,,null,"[[0.9999999879590048, -6.33646824781388e-05, -0.00014165771335926684], [6.334734599302307e-05, 0.999999990504628, -0.00012238406083551795], [0.00014166546684132934, 0.00012237508572171128, 0.999999982477617]]",nan,nan,False,,disabled_or_unavailable,,null,nan
visual_span,10.2,10.24,0.040000000000000924,10.24,28,0,0.0,False,,disabled_or_unavailable,,null,"[[0.9999999874689645, -5.863668044860993e-05, -0.00014705036825730242], [5.863494497760433e-05, 0.9999999982112789, -1.1806164772583097e-05], [0.00014705106026858142, 1.1797542334387923e-05, 0.9999999891184018]]",nan,nan,False,,disabled_or_unavailable,,null,nan
visual_span,10.24,10.28,0.03999999999999915,10.28,28,0,0.0,False,,disabled_or_unavailable,,null,"[[0.9999999877333348, -7.59405662592129e-05, -0.0001369903682943529], [7.593120638436023e-05, 0.9999999947828023, -6.832896498463856e-05], [0.00013699555651993989, 6.831856230254237e-05, 0.9999999882823958]]",nan,nan,False,,disabled_or_unavailable,,null,nan
visual_span,10.28,10.32,0.040000000000000924,10.32,28,0,0.0,False,,disabled_or_unavailable,,null,"[[0.9999999889471507, -2.272777744584599e-05, -0.0001469324581442396], [2.273823849406442e-05, 0.9999999972071206, 7.11950273218768e-05], [0.00014693083962913868, -7.119836752024467e-05, 0.9999999866710606]]",nan,nan,False,,disabled_or_unavailable,,null,nan
visual_span,10.32,10.36,0.03999999999999915,10.36,28,0,0.0,False,,disabled_or_unavailable,,null,"[[0.9999999847787149, -6.150701131041999e-05, -0.0001632772424961372], [6.151447192439409e-05, 0.9999999970642751, 4.568829126709978e-05], [0.0001632744318665524, -4.5698334485014686e-05, 0.9999999856265612]]",nan,nan,False,,disabled_or_unavailable,,null,nan
visual_span,10.36,10.4,0.040000000000000924,10.4,28,0,0.0,False,,disabled_or_unavailable,,null,"[[0.9999999879628517, -7.098354230060857e-05, -0.00013796968252974674], [7.097984698448893e-05, 0.9999999971221256, -2.678824916521741e-05], [0.0001379715836575051, 2.6778455775808825e-05, 0.9999999901233783]]",nan,nan,False,,disabled_or_unavailable,,null,nan
visual_span,10.4,10.44,0.03999999999999915,10.44,28,0,0.0,False,,disabled_or_unavailable,,null,"[[0.9999999841691095, -9.666882725092486e-05, -0.00014938848234578774], [9.667262906481379e-05, 0.9999999950035495, 2.5442165396148476e-05], [0.00014938602213508402, -2.5456606770716708e-05, 0.9999999885178888]]",nan,nan,False,,disabled_or_unavailable,,null,nan
visual_span,10.44,10.48,0.040000000000000924,10.48,28,0,0.0,False,,disabled_or_unavailable,,null,"[[0.999999989170127, -6.436642349336486e-05, -0.0001323507066430752], [6.4382881768989e-05, 0.9999999901955862, 0.00012435301524408508], [0.00013234270118661222, -0.00012436153501725557, 0.999999983509809]]",nan,nan,False,,disabled_or_unavailable,,null,nan
visual_span,10.48,10.52,0.03999999999999915,10.52,28,0,0.0,False,,disabled_or_unavailable,,null,"[[0.9999999916923147, -1.315912507657595e-05, -0.00012822717550331486], [1.3172262745567637e-05, 0.9999999946646411, 0.00010245589297089827], [0.00012822582658926637, -0.00010245758116177377, 0.999999986530291]]",nan,nan,False,,disabled_or_unavailable,,null,nan
visual_span,10.52,10.56,0.040000000000000924,10.56,28,0,0.0,False,,disabled_or_unavailable,,null,"[[0.9999999914456547, -4.790031176077853e-05, -0.00012171380837454384], [4.790553643795608e-05, 0.9999999979313222, 4.2923367012523083e-05], [0.00012171175208009545, -4.2929197410623854e-05, 0.9999999916716669]]",nan,nan,False,,disabled_or_unavailable,,null,nan
visual_span,10.56,10.6,0.03999999999999915,10.6,28,0,0.0,False,,disabled_or_unavailable,,null,"[[0.9999999912073156, -6.445490265167465e-05, -0.00011589190876374352], [6.44504530083673e-05, 0.9999999971858629, -3.839809579788524e-05], [0.00011589438338313443, 3.8390626174243076e-05, 0.999999992547326]]",nan,nan,False,,disabled_or_unavailable,,null,nan
visual_span,10.6,10.64,0.040000000000000924,10.64,28,0,0.0,False,,disabled_or_unavailable,,null,"[[0.9999999914397059, -4.489451546514362e-05, -0.0001229026887426088], [4.490615972288181e-05, 0.9999999945036385, 9.474259842381497e-05], [0.00012289843464404103, -9.47481167005615e-05, 0.9999999879593846]]",nan,nan,False,,disabled_or_unavailable,,null,nan
visual_span,10.64,10.68,0.03999999999999915,10.68,28,0,0.0,False,,disabled_or_unavailable,,null,"[[0.9999999910452642, -5.7013566896073484e-05, -0.00012107404633028775], [5.700506024267835e-05, 0.9999999959068222, -7.026221350956865e-05], [0.00012107805173412036, 7.02553110470842e-05, 0.9999999902021482]]",nan,nan,False,,disabled_or_unavailable,,null,nan
visual_span,10.68,10.8,0.120000000000001,10.8,28,0,0.0,False,,disabled_or_unavailable,,null,"[[0.9999999282841607, -0.00012779146362631638, -0.00035651229366594087], [0.00012783551080173603, 0.9999999841991888, 0.0001235301771633794], [0.00035649650193061565, -0.00012357574323547692, 0.9999999288196375]]",nan,nan,False,,disabled_or_unavailable,,null,nan
visual_span,10.8,10.84,0.03999999999999915,10.84,28,0,0.0,False,,disabled_or_unavailable,,null,"[[0.9999999939819906, -5.8085472389225403e-05, -9.307038676513884e-05], [5.807886676107446e-05, 0.9999999957946496, -7.097567368031314e-05], [9.307450902927909e-05, 7.097026783058852e-05, 0.9999999931501785]]",nan,nan,False,,disabled_or_unavailable,,null,nan
visual_span,10.84,10.88,0.040000000000000924,10.88,28,0,0.0,False,,disabled_or_unavailable,,null,"[[0.9999999930101192, -4.501139882318116e-05, -0.00010933314264345071], [4.499388681857994e-05, 0.999999986160844, -0.000160168232248314], [0.0001093403505265528, 0.0001601633118057115, 0.9999999811962008]]",nan,nan,False,,disabled_or_unavailable,,null,nan
visual_span,10.88,10.92,0.03999999999999915,10.92,28,0,0.0,False,,disabled_or_unavailable,,null,"[[0.9999999944796805, -6.29253599894871e-05, -8.414890682142055e-05], [6.292482148624396e-05, 0.9999999979997406, -6.402040876996572e-06], [8.414930950382774e-05, 6.396745786715259e-06, 0.999999996438988]]",nan,nan,False,,disabled_or_unavailable,,null,nan
visual_span,10.92,10.96,0.040000000000000924,10.96,28,0,0.0,False,,disabled_or_unavailable,,null,"[[0.9999999918339637, -5.910302702423228e-05, -0.00011330889158538632], [5.909147375608724e-05, 0.9999999930558491, -0.00010196322729990723], [0.00011331491713393085, 0.00010195653087787837, 0.9999999883822978]]",nan,nan,False,,disabled_or_unavailable,,null,nan
visual_span,10.96,11.0,0.03999999999999915,11.0,28,0,0.0,False,,disabled_or_unavailable,,null,"[[0.9999999904303549, -8.25442067672691e-05, -0.00011102136903544208], [8.253815784903052e-05, 0.9999999951092692, -5.448774817414027e-05], [0.00011102586614041798, 5.4478584153429786e-05, 0.9999999923526707]]",nan,nan,False,,disabled_or_unavailable,,null,nan
visual_span,11.0,11.04,0.03999999999999915,11.04,28,0,0.0,False,,disabled_or_unavailable,,null,"[[0.9999999866721458, -0.00010042277071164788, -0.00012872830125782862], [0.00010043870024064148, 0.9999999872996385, 0.00012374486116169015], [0.00012871587282111346, -0.00012375778881569918, 0.999999984058117]]",nan,nan,False,,disabled_or_unavailable,,null,nan
visual_span,11.04,11.08,0.040000000000000924,11.08,28,0,0.0,False,,disabled_or_unavailable,,null,"[[0.999999989778308, -9.249514291232047e-05, -0.00010903225428434419], [9.24891594531911e-05, 0.9999999942168801, -5.488164629684638e-05], [0.00010903732993951509, 5.487156143431105e-05, 0.9999999925499862]]",nan,nan,False,,disabled_or_unavailable,,null,nan
visual_span,11.08,11.16,0.08000000000000007,11.16,28,0,0.0,False,,disabled_or_unavailable,,null,"[[0.9999999784382231, -0.00011295914986440919, -0.00017425207050914706], [0.00011297988702960891, 0.9999999865370995, 0.00011900145490268556], [0.00017423862586003029, -0.00011902113931604352, 0.9999999777374348]]",nan,nan,False,,disabled_or_unavailable,,null,nan
visual_span,11.16,11.2,0.03999999999999915,11.2,28,0,0.0,False,,disabled_or_unavailable,,null,"[[0.9999999953377331, -3.466475553675623e-05, -9.012707030053818e-05], [3.466862407330506e-05, 0.9999999984778973, 4.292192861544954e-05], [9.01255822851929e-05, -4.292505299685513e-05, 0.9999999950174097]]",nan,nan,False,,disabled_or_unavailable,,null,nan
visual_span,11.2,11.28,0.08000000000000007,11.28,28,0,0.0,False,,disabled_or_unavailable,,null,"[[0.9999999823556438, -9.609620931071482e-05, -0.0001614132289786767], [9.610818718048591e-05, 0.9999999926287786, 7.420012861541311e-05], [0.00016140609743777376, -7.421564043902369e-05, 0.9999999842200551]]",nan,nan,False,,disabled_or_unavailable,,null,nan
visual_span,11.28,11.32,0.040000000000000924,11.32,28,0,0.0,False,,disabled_or_unavailable,,null,"[[0.9999999963458688, -8.840194579165782e-06, -8.503007262619227e-05], [8.843074395187252e-06, 0.999999999387383, 3.3867889729197476e-05], [8.502977317536621e-05, -3.386864153269783e-05, 0.9999999958114264]]",nan,nan,False,,disabled_or_unavailable,,null,nan
visual_span,11.32,11.36,0.03999999999999915,11.36,28,0,0.0,False,,disabled_or_unavailable,,null,"[[0.9999999979756363, -2.2570919035602783e-06, -6.358956671046171e-05], [2.2529155082250583e-06, 0.9999999978407044, -6.567736247090847e-05], [6.35897148129961e-05, 6.567721907603261e-05, 0.9999999958214256]]",nan,nan,False,,disabled_or_unavailable,,null,nan
visual_span,11.36,11.4,0.040000000000000924,11.4,28,0,0.0,False,,disabled_or_unavailable,,null,"[[0.9999999969378878, -4.7833895324688595e-05, -6.193660811072872e-05], [4.7838205548744466e-05, 0.9999999964342798, 6.959128476161166e-05], [6.19332790676493e-05, -6.95942474847051e-05, 0.999999995660455]]",nan,nan,False,,disabled_or_unavailable,,null,nan
visual_span,11.4,11.44,0.03999999999999915,11.44,28,0,0.0,False,,disabled_or_unavailable,,null,"[[0.9999999943361652, -3.612741280936657e-05, -0.0001001123349298118], [3.613124783907118e-05, 0.9999999986136023, 3.830572079689162e-05], [0.0001001109509044281, -3.830933776351944e-05, 0.999999994255096]]",nan,nan,False,,disabled_or_unavailable,,null,nan
visual_span,11.44,11.48,0.040000000000000924,11.48,28,0,0.0,False,,disabled_or_unavailable,,null,"[[0.9999999962388537, 4.983105671334852e-06, -8.658788317288864e-05], [-4.97906994147622e-06, 0.9999999989014221, 4.660863579785781e-05], [8.658811533352248e-05, -4.6608204495429506e-05, 0.999999995165087]]",nan,nan,False,,disabled_or_unavailable,,null,nan
visual_span,11.48,11.6,0.11999999999999922,11.6,28,0,0.0,False,,disabled_or_unavailable,,null,"[[0.9999999776213124, -5.188321899887959e-05, -0.00020509877177728598], [5.189164769744451e-05, 0.9999999978094058, 4.1090694400549216e-05], [0.00020509663941050142, -4.110133639420165e-05, 0.9999999781230241]]",nan,nan,False,,disabled_or_unavailable,,null,nan
visual_span,11.6,11.64,0.040000000000000924,11.64,28,0,0.0,False,,disabled_or_unavailable,,null,"[[0.9999999976611128, -5.394140375959579e-06, -6.818121452424754e-05], [5.394818014130553e-06, 0.9999999999360603, 9.938601163559954e-06], [6.818116090967822e-05, -9.938968965559027e-06, 0.9999999976262733]]",nan,nan,False,,disabled_or_unavailable,,null,nan
visual_span,11.64,11.68,0.03999999999999915,11.68,28,0,0.0,False,,disabled_or_unavailable,,null,"[[0.9999999970040963, -1.1381503370537901e-05, -7.656545395023802e-05], [1.1380044362004436e-05, 0.9999999997536796, -1.9056111447233974e-05], [7.656567081857506e-05, 1.9055240071881147e-05, 0.9999999968872979]]",nan,nan,False,,disabled_or_unavailable,,null,nan
visual_span,11.68,11.72,0.040000000000000924,11.72,28,0,0.0,False,,disabled_or_unavailable,,null,"[[0.9999999966603121, -6.852590924667081e-06, -8.143965577055678e-05], [6.851892739281998e-06, 0.9999999999397748, -8.573315407097647e-06], [8.143971451507542e-05, 8.572757362679385e-06, 0.9999999966470402]]",nan,nan,False,,disabled_or_unavailable,,null,nan
visual_span,11.72,11.8,0.08000000000000007,11.8,28,0,0.0,False,,disabled_or_unavailable,,null,"[[0.999999986358032, -1.6356696516037674e-05, -0.00016436664644151015], [1.6349146807465506e-05, 0.9999999988114161, -4.5933358919544275e-05], [0.00016436739756415839, 4.5930671038489934e-05, 0.9999999854368661]]",nan,nan,False,,disabled_or_unavailable,,null,nan
visual_span,11.8,11.84,0.03999999999999915,11.84,28,0,0.0,False,,disabled_or_unavailable,,null,"[[0.9999999936078113, -5.9211970381768015e-05, -9.632403690404276e-05], [5.9210011700734515e-05, 0.9999999980402903, -2.0337015969756827e-05], [9.632524091006286e-05, 2.033131249240663e-05, 0.9999999951540429]]",nan,nan,False,,disabled_or_unavailable,,null,nan
visual_span,11.84,11.88,0.040000000000000924,11.88,28,0,0.0,False,,disabled_or_unavailable,,null,"[[0.9999999965778509, -3.050314513412675e-06, -8.267402425529992e-05], [3.0357316041114673e-06, 0.999999984438674, -0.00017639001311902457], [8.267456101379949e-05, 0.0001763897615392433, 0.9999999810257846]]",nan,nan,False,,disabled_or_unavailable,,null,nan
visual_span,11.88,11.92,0.03999999999999915,11.92,28,0,0.0,False,,disabled_or_unavailable,,null,"[[0.9999999959786412, -6.132261214152693e-05, -6.543894335999805e-05], [6.132378064926184e-05, 0.9999999979603038, 1.7854600784930233e-05], [6.543784833576359e-05, -1.7858613676539002e-05, 0.9999999976994792]]",nan,nan,False,,disabled_or_unavailable,,null,nan
visual_span,11.92,11.96,0.040000000000000924,11.96,28,0,0.0,False,,disabled_or_unavailable,,null,"[[0.9999999971781337, -2.9234702019058182e-05, -6.92030696755554e-05], [2.9231283990668386e-05, 0.9999999983529921, -4.939177904701781e-05], [6.920451351552003e-05, 4.9389756013058096e-05, 0.9999999963856937]]",nan,nan,False,,disabled_or_unavailable,,null,nan
visual_span,11.96,12.0,0.03999999999999915,12.0,28,0,0.0,False,,disabled_or_unavailable,,null,"[[0.9999999972761978, -5.903040793405606e-05, -4.430593080237916e-05], [5.9028518548559884e-05, 0.9999999973485544, -4.2644172643308436e-05], [4.430844798781153e-05, 4.264155721369597e-05, 0.9999999981092297]]",nan,nan,False,,disabled_or_unavailable,,null,nan
visual_span,12.0,12.04,0.03999999999999915,12.04,28,0,0.0,False,,disabled_or_unavailable,,null,"[[0.9999999989884147, -2.653566814459361e-05, -3.6318436217335006e-05], [2.6536205389205865e-05, 0.9999999995385102, 1.4792212179690757e-05], [3.6318043679340886e-05, -1.479317591821005e-05, 0.9999999992310808]]",nan,nan,False,,disabled_or_unavailable,,null,nan
visual_span,12.04,12.12,0.08000000000000007,12.12,28,0,0.0,False,,disabled_or_unavailable,,null,"[[0.9999999915579963, -9.461557182577182e-05, -8.906122063190194e-05], [9.463106765132143e-05, 0.9999999803840305, 0.00017400258541273452], [8.904475553076177e-05, -0.00017401101190219877, 0.9999999808955995]]",nan,nan,False,,disabled_or_unavailable,,null,nan
visual_span,12.12,12.16,0.040000000000000924,12.16,28,0,0.0,False,,disabled_or_unavailable,,null,"[[0.9999999989015143, -3.600239467215352e-05, -3.0013317917514026e-05], [3.600686250840715e-05, 0.999999988269938, 0.0001488745437345595], [3.0007957725375774e-05, -0.0001488756242564346, 0.9999999884677855]]",nan,nan,False,,disabled_or_unavailable,,null,nan
visual_span,12.16,12.24,0.08000000000000007,12.24,28,0,0.0,False,,disabled_or_unavailable,,null,"[[0.9999999910759942, -0.0001185897427989003, -6.151816504616619e-05], [0.00011859077874607025, 0.9999999928263829, 1.683632113843218e-05], [6.151616798986494e-05, -1.6843616475284603e-05, 0.999999997966027]]",nan,nan,False,,disabled_or_unavailable,,null,nan
visual_span,12.24,12.28,0.03999999999999915,12.28,28,0,0.0,False,,disabled_or_unavailable,,null,"[[0.9999999982571808, -2.698688378490888e-05, -5.251044402038935e-05], [2.6987659593431263e-05, 0.9999999995267019, 1.4773713593328408e-05], [5.251004529904444e-05, -1.4775130701568817e-05, 0.9999999985121955]]",nan,nan,False,,disabled_or_unavailable,,null,nan
visual_span,12.28,12.32,0.040000000000000924,12.32,28,0,0.0,False,,disabled_or_unavailable,,null,"[[0.999999996150364, -7.495472637005785e-05, -4.5618646586305164e-05], [7.495943000268176e-05, 0.9999999918742211, 0.00010311470144170233], [4.561091728138684e-05, -0.00010311812059249387, 0.9999999936431486]]",nan,nan,False,,disabled_or_unavailable,,null,nan
visual_span,12.32,12.36,0.03999999999999915,12.36,28,0,0.0,False,,disabled_or_unavailable,,null,"[[0.999999994926937, -8.680527853864601e-05, -5.109764530289594e-05], [8.681352320585947e-05, 0.9999999832113871, 0.00016137111787288224], [5.108363658020231e-05, -0.0001613755530208527, 0.9999999856741963]]",nan,nan,False,,disabled_or_unavailable,,null,nan
visual_span,12.36,12.4,0.040000000000000924,12.4,28,0,0.0,False,,disabled_or_unavailable,,null,"[[0.9999999968903426, -4.837056655464636e-05, -6.228646560064736e-05], [4.8375002746530925e-05, 0.9999999962935814, 7.122286830172532e-05], [6.228302027929623e-05, -7.122588118819108e-05, 0.9999999955238499]]",nan,nan,False,,disabled_or_unavailable,,null,nan
visual_span,12.4,12.44,0.03999999999999915,12.44,28,0,0.0,False,,disabled_or_unavailable,,null,"[[0.99999999790904, -1.7311116597702556e-05, -6.230766561968808e-05], [1.7328333399469982e-05, 0.999999961670943, 0.0002763292266226543], [6.230287966403259e-05, -0.00027633030573286413, 0.9999999598799558]]",nan,nan,False,,disabled_or_unavailable,,null,nan
visual_span,12.44,12.48,0.040000000000000924,12.48,28,0,0.0,False,,disabled_or_unavailable,,null,"[[0.9999999950917323, -8.443296586380755e-05, -5.184216315810313e-05], [8.444128395937118e-05, 0.9999999835596566, 0.0001604691761184452], [5.182861341733075e-05, -0.00016047355294963983, 0.9999999857810168]]",nan,nan,False,,disabled_or_unavailable,,null,nan
visual_span,12.48,12.52,0.03999999999999915,12.52,28,0,0.0,False,,disabled_or_unavailable,,null,"[[0.9999999984490815, -4.085410246422186e-05, -3.7852079946390324e-05], [4.085364464611812e-05, 0.9999999990923382, -1.2095620197139484e-05], [3.785257406774032e-05, 1.2094073782956912e-05, 0.9999999992104583]]",nan,nan,False,,disabled_or_unavailable,,null,nan
visual_span,12.52,12.56,0.040000000000000924,12.56,28,0,0.0,False,,disabled_or_unavailable,,null,"[[0.9999999941104246, -8.886425354259566e-05, -6.230806565332205e-05], [8.887389540068508e-05, 0.9999999840755018, 0.00015475925431876773], [6.229431209548354e-05, -0.00015476479096781094, 0.9999999860836389]]",nan,nan,False,,disabled_or_unavailable,,null,nan
visual_span,12.56,12.6,0.03999999999999915,12.6,28,0,0.0,False,,disabled_or_unavailable,,null,"[[0.999999998460617, -2.28306590978172e-05, -5.057199642528756e-05], [2.283056560915179e-05, 0.9999999997376728, -1.849201690701768e-06], [5.0572038630514555e-05, 1.8480471005727655e-06, 0.9999999987195268]]",nan,nan,False,,disabled_or_unavailable,,null,nan
visual_span,12.6,12.68,0.08000000000000007,12.68,28,0,0.0,False,,disabled_or_unavailable,,null,"[[0.9999999880819127, -0.00010220512881766528, -0.00011571640546595782], [0.00010222045112027524, 0.9999999860087078, 0.0001324143647379257], [0.0001157028704197304, -0.00013242619174296845, 0.9999999845380748]]",nan,nan,False,,disabled_or_unavailable,,null,nan
visual_span,12.68,12.76,0.08000000000000007,12.76,28,0,0.0,False,,disabled_or_unavailable,,null,"[[0.9999999919719217, -9.283011634593708e-05, -8.624804927181537e-05], [9.284657859286576e-05, 0.999999977470918, 0.000190886554135431], [8.623032730769673e-05, -0.00019089456043926403, 0.9999999780617985]]",nan,nan,False,,disabled_or_unavailable,,null,nan
visual_span,12.76,12.8,0.040000000000000924,12.8,28,0,0.0,False,,disabled_or_unavailable,,null,"[[0.9999999983310734, -3.819233236403887e-05, -4.334972723720464e-05], [3.819480582187679e-05, 0.9999999976427241, 5.705881630860997e-05], [4.334754792574062e-05, -5.7060471947797255e-05, 0.9999999974325463]]",nan,nan,False,,disabled_or_unavailable,,null,nan
visual_span,12.8,12.84,0.03999999999999915,12.84,28,0,0.0,False,,disabled_or_unavailable,,null,"[[0.9999999960569845, -7.789738598838126e-05, -4.2638343926278164e-05], [7.789800164145248e-05, 0.9999999968617302, 1.4437483365992285e-05], [4.263721915025308e-05, -1.444080475085022e-05, 0.9999999989867654]]",nan,nan,False,,disabled_or_unavailable,,null,nan
visual_span,12.84,12.88,0.040000000000000924,12.88,28,0,0.0,False,,disabled_or_unavailable,,null,"[[0.9999999954114165, -6.252501903167133e-05, -7.257953769184367e-05], [6.252879141762014e-05, 0.9999999966943862, 5.1974782890224174e-05], [7.257628772763435e-05, -5.197932096250705e-05, 0.9999999960154164]]",nan,nan,False,,disabled_or_unavailable,,null,nan
visual_span,12.88,12.92,0.03999999999999915,12.92,28,0,0.0,False,,disabled_or_unavailable,,null,"[[0.9999999950715444, -7.737826860585066e-05, -6.220542599108379e-05], [7.738516102100539e-05, 0.9999999908667729, 0.00011080609719914693], [6.219685143899525e-05, -0.00011081091042995069, 0.999999991926247]]",nan,nan,False,,disabled_or_unavailable,,null,nan
visual_span,12.92,12.96,0.040000000000000924,12.96,28,0,0.0,False,,disabled_or_unavailable,,null,"[[0.9999999969786761, -4.091640186034687e-05, -6.609459606450157e-05], [4.091499396193911e-05, 0.9999999989360838, -2.1302475200992997e-05], [6.60954676148184e-05, 2.1299770876632426e-05, 0.9999999975888544]]",nan,nan,False,,disabled_or_unavailable,,null,nan
visual_span,12.96,13.0,0.03999999999999915,13.0,28,0,0.0,False,,disabled_or_unavailable,,null,"[[0.9999999998396564, -1.7907734201678993e-05, -2.8790354488287097e-08], [1.7907737113061107e-05, 0.9999999943773245, 0.00010452112016225204], [2.6918617888080906e-08, -0.0001045211206610628, 0.9999999945376675]]",nan,nan,False,,disabled_or_unavailable,,null,nan
visual_span,13.0,13.04,0.03999999999999915,13.04,28,0,0.0,False,,disabled_or_unavailable,,null,"[[0.9999999965845295, -8.027594494159626e-05, -1.9665043719761165e-05], [8.02776418578605e-05, 0.9999999930534381, 8.630541301230834e-05], [1.9658115334573577e-05, -8.63069913808716e-05, 0.999999996082331]]",nan,nan,False,,disabled_or_unavailable,,null,nan
visual_span,13.04,13.08,0.040000000000000924,13.08,28,0,0.0,False,,disabled_or_unavailable,,null,"[[0.9999999987147697, -4.797527050658347e-05, -1.6396166561082286e-05], [4.7977601918782915e-05, 0.9999999887355666, 0.00014222171644424808], [1.6389343251070432e-05, -0.00014222250291021264, 0.9999999897520747]]",nan,nan,False,,disabled_or_unavailable,,null,nan
visual_span,13.08,13.16,0.08000000000000007,13.16,28,0,0.0,False,,disabled_or_unavailable,,null,"[[0.9999999943688266, -9.751719230388292e-05, -4.1865783827792846e-05], [9.752351236898252e-05, 0.9999999838463981, 0.00015098466107045768], [4.18510595512811e-05, -0.00015098874311852384, 0.999999987725444]]",nan,nan,False,,disabled_or_unavailable,,null,nan
visual_span,13.16,13.2,0.03999999999999915,13.2,28,0,0.0,False,,disabled_or_unavailable,,null,"[[0.9999999956532863, -9.323139408269974e-05, 1.155158831916975e-06], [9.32313021458624e-05, 0.9999999925070111, 7.933411646859355e-05], [-1.1625552535380689e-06, -7.933400842678878e-05, 0.9999999968523818]]",nan,nan,False,,disabled_or_unavailable,,null,nan
visual_span,13.2,13.24,0.040000000000000924,13.24,28,0,0.0,False,,disabled_or_unavailable,,null,"[[0.999999998396728, -5.5006188855346165e-05, -1.3448534346771058e-05], [5.500809629656252e-05, 0.9999999884230182, 0.00014187343987606994], [1.3440730273850238e-05, -0.0001418741794268806, 0.999999989845532]]",nan,nan,False,,disabled_or_unavailable,,null,nan
visual_span,13.24,13.28,0.03999999999999915,13.28,28,0,0.0,False,,disabled_or_unavailable,,null,"[[0.9999999999021143, -1.1336867798618448e-05, -8.200441787075323e-06], [1.133772013768712e-05, 0.9999999945333832, 0.00010394561114088079], [8.199263324594897e-06, -0.00010394570410501997, 0.9999999945640315]]",nan,nan,False,,disabled_or_unavailable,,null,nan
visual_span,13.28,13.32,0.040000000000000924,13.32,28,0,0.0,False,,disabled_or_unavailable,,null,"[[0.9999999987765614, -4.294153117175792e-05, -2.4554073336052457e-05], [4.294092426811346e-05, 0.9999999987725733, -2.4717017993441454e-05], [2.4555134692512763e-05, 2.4715963588598097e-05, 0.9999999993930835]]",nan,nan,False,,disabled_or_unavailable,,null,nan
visual_span,13.32,13.36,0.03999999999999915,13.36,28,0,0.0,False,,disabled_or_unavailable,,null,"[[0.9999999966015303, -7.521385412773001e-05, -3.3761159345769446e-05], [7.521512317744314e-05, 0.9999999964648633, 3.758934860852267e-05], [3.375833198663613e-05, -3.7591887830535205e-05, 0.9999999987236127]]",nan,nan,False,,disabled_or_unavailable,,null,nan
visual_span,13.36,13.44,0.08000000000000007,13.44,26,0,0.0,False,,disabled_or_unavailable,,null,"[[0.9999753742089587, -0.00013349469246299976, 0.0070166341518094625], [0.0001335975009046692, 0.9999999909752696, -1.4183396216616306e-05], [-0.007016632195078114, 1.5120451726708917e-05, 0.9999753830190077]]",nan,nan,False,,disabled_or_unavailable,,null,nan
visual_span,13.44,13.52,0.08000000000000007,13.52,27,0,0.0,False,,disabled_or_unavailable,,null,"[[0.9999742451989634, -0.0002154585247273987, 0.007173737964837159], [0.00021505656687961387, 0.9999999752620349, 5.680319784027637e-05], [-0.007173750026106684, -5.525897542680591e-05, 0.9999742667974056]]",nan,nan,False,,disabled_or_unavailable,,null,nan
visual_span,13.52,13.96,0.4400000000000013,13.96,29,0,0.0,False,,disabled_or_unavailable,,null,"[[0.9999995056791223, -0.0009322324526251773, -0.00034580943496205496], [0.0009324012970494342, 0.9999994460371373, 0.0004884191231105055], [0.0003453539232394241, -0.0004887413148404264, 0.9999998209312815]]",nan,nan,False,,disabled_or_unavailable,,null,nan
visual_span,13.96,14.24,0.27999999999999936,14.24,29,0,0.0,False,,disabled_or_unavailable,,null,"[[0.9998445832783368, -0.0005574682567600633, -0.01762096813776067], [0.0005638467308237299, 0.9999997773082067, 0.0003570159680026911], [0.01762076518864636, -0.0003668960070297882, 0.9998446749478075]]",nan,nan,False,,disabled_or_unavailable,,null,nan
visual_span,14.24,14.52,0.27999999999999936,14.52,29,0,0.0,False,,disabled_or_unavailable,,null,"[[0.9999717420815374, -0.0004919447473233062, -0.00750153509498018], [0.0004915141817136811, 0.9999998774521804, -5.924047343808417e-05], [0.007501563318723146, 5.555168854181041e-05, 0.9999718613350005]]",nan,nan,False,,disabled_or_unavailable,,null,nan
visual_span,14.52,14.88,0.3600000000000012,14.88,29,0,0.0,False,,disabled_or_unavailable,,null,"[[0.9999923322476906, -0.00040376892388212167, 0.0038951786199071044], [0.0004041988004945723, 0.9999999123083624, -0.00010957462159539326], [-0.003895134035505465, 0.00011114820793021401, 0.9999924077596398]]",nan,nan,False,,disabled_or_unavailable,,null,nan
visual_span,14.88,14.96,0.08000000000000007,14.96,29,0,0.0,False,,disabled_or_unavailable,,null,"[[0.9999986302400478, -7.75114614401091e-05, 0.0016533329978741438], [7.761770517196847e-05, 0.9999999949271656, -6.41962675241582e-05], [-0.0016533280135405443, 6.432450750386194e-05, 0.999998631183482]]",nan,nan,False,,disabled_or_unavailable,,null,nan
visual_span,14.96,15.12,0.15999999999999837,15.12,29,0,0.0,False,,disabled_or_unavailable,,null,"[[0.9999945571289832, -0.00024164667800305204, 0.0032904892176970325], [0.00024186845807080127, 0.9999999685051522, -6.700256556640429e-05], [-0.003290472923116188, 6.779806643346508e-05, 0.9999945840810162]]",nan,nan,False,,disabled_or_unavailable,,null,nan
visual_span,15.12,15.32,0.20000000000000107,15.32,28,0,0.0,False,,disabled_or_unavailable,,null,"[[0.9999960400267719, -0.00017312813566349816, 0.002808906802317413], [0.00017349031797062687, 0.9999999766690294, -0.00012869751643714955], [-0.0028088844556218052, 0.00012918432493271378, 0.9999960467319488]]",nan,nan,False,,disabled_or_unavailable,,null,nan
visual_span,15.32,15.52,0.1999999999999993,15.52,29,0,0.0,False,,disabled_or_unavailable,,null,"[[0.999999978340912, -0.0002021811173142462, 4.9406186360088935e-05], [0.00020216180028844076, 0.9999999032511738, 0.0003906766557371321], [-4.9485169022863934e-05, -0.00039066665923185207, 0.9999999224653866]]",nan,nan,False,,disabled_or_unavailable,,null,nan
visual_span,15.52,15.8,0.28000000000000114,15.8,26,0,0.0,False,,disabled_or_unavailable,,null,"[[0.9999926408957563, -0.00029435430048480754, -0.003825115668477279], [0.0002958827323190056, 0.9999998766189402, 0.00039901818725397324], [0.003824997743811063, -0.0004001470365129633, 0.999992604609959]]",nan,nan,False,,disabled_or_unavailable,,null,nan
visual_span,15.8,15.88,0.08000000000000007,15.88,28,0,0.0,False,,disabled_or_unavailable,,null,"[[0.9999991157410152, -5.57472494090904e-05, -0.0013286871084572146], [5.5901303631000793e-05, 0.9999999917202086, 0.00011590783960778213], [0.0013286806359127195, -0.000115982012456714, 0.9999991105775748]]",nan,nan,False,,disabled_or_unavailable,,null,nan
visual_span,15.88,16.16,0.27999999999999936,16.16,24,0,0.0,False,,disabled_or_unavailable,,null,"[[0.9999950093366602, -0.00017250953655473936, -0.0031546065099926517], [0.00017169424354140545, 0.9999999517940182, -0.0002587142209096462], [0.003154650988592097, 0.0002581713019756644, 0.9999949907498134]]",nan,nan,False,,disabled_or_unavailable,,null,nan
visual_span,16.16,16.28,0.120000000000001,16.28,28,0,0.0,False,,disabled_or_unavailable,,null,"[[0.9999999807134069, 6.566446615362102e-05, -0.00018509825437558564], [-6.568134193060413e-05, 0.9999999936872341, -9.116738996341623e-05], [0.00018509226674911114, 9.117954570684428e-05, 0.9999999787135714]]",nan,nan,False,,disabled_or_unavailable,,null,nan
visual_span,16.28,16.32,0.03999999999999915,16.32,27,0,0.0,False,,disabled_or_unavailable,,null,"[[0.9999999945401341, -3.6202873533276112e-06, 0.00010443478923352583], [3.624372149906815e-06, 0.9999999992285104, -3.911320752032169e-05], [-0.00010443464755190494, 3.911358581731041e-05, 0.9999999937817659]]",nan,nan,False,,disabled_or_unavailable,,null,nan
visual_span,16.32,16.4,0.0799999999999983,16.4,29,0,0.0,False,,disabled_or_unavailable,,null,"[[0.9999999084138151, -8.156152032365e-06, 0.0004279086807547546], [8.171369778109666e-06, 0.9999999993343105, -3.556133229806925e-05], [-0.00042790839042626744, 3.5564825641204196e-05, 0.9999999078147723]]",nan,nan,False,,disabled_or_unavailable,,null,nan
visual_span,16.4,16.52,0.120000000000001,16.52,26,0,0.0,False,,disabled_or_unavailable,,null,"[[0.9999994450571716, -0.00012244518394341532, 0.0010463711223352068], [0.00012254433983431966, 0.9999999880075775, -9.469809716748491e-05], [-0.0010463595144607556, 9.48262714738633e-05, 0.9999994480697201]]",nan,nan,False,,disabled_or_unavailable,,null,nan
visual_span,16.52,16.68,0.16000000000000014,16.68,29,0,0.0,False,,disabled_or_unavailable,,null,"[[0.999998831950748, -2.8347032881898818e-05, 0.0015281667400073868], [2.8528482987463634e-05, 0.9999999925463844, -0.00011871544474172773], [-0.0015281633633864036, 0.00011875890235508561, 0.9999988253058391]]",nan,nan,False,,disabled_or_unavailable,,null,nan
visual_span,16.68,17.2,0.5199999999999996,17.2,27,0,0.0,False,,disabled_or_unavailable,,null,"[[0.9999999839603647, -3.25647005664533e-05, -0.00017612157951953103], [3.2494746069562254e-05, 0.9999999205950215, -0.0003971826308077176], [0.00017613449966804323, 0.0003971769014110491, 0.9999999056135691]]",nan,nan,False,,disabled_or_unavailable,,null,nan
visual_span,17.2,17.52,0.3200000000000003,17.52,28,0,0.0,False,,disabled_or_unavailable,,null,"[[0.9999951826121886, -9.175578839036519e-05, -0.0031026332833672793], [9.145722859008286e-05, 0.9999999911742363, -9.636961512938127e-05], [0.0031026420984541837, 9.608539263814381e-05, 0.9999951821781975]]",nan,nan,False,,disabled_or_unavailable,,null,nan
visual_span,17.52,18.04,0.5199999999999996,18.04,29,0,0.0,False,,disabled_or_unavailable,,null,"[[0.999999985539119, -6.20067558581955e-05, -0.0001583569525477728], [6.185886441525391e-05, 0.9999995621457509, -0.0009337461044479812], [0.0001584147817772403, 0.0009337362951639328, 0.9999995515205435]]",nan,nan,False,,disabled_or_unavailable,,null,nan
visual_span,18.04,19.12,1.0800000000000018,19.12,29,0,0.0,False,,disabled_or_unavailable,,null,"[[0.99999826530464, -0.0011938542186052607, -0.001429720187868673], [0.0011908119551686197, 0.9999970292601669, -0.002126837494590622], [0.0014322550744571656, 0.0021251312772832287, 0.9999967162258364]]",nan,nan,False,,disabled_or_unavailable,,null,nan
visual_span,19.12,20.12,1.0,20.12,37,34,0.918918918918919,True,0.8609056940632323,,0.22826213532835604,"[[0.9999981836409801, -0.0003327974792229803, 0.0018766887271245648], [0.00032984376041384666, 0.9999987068798873, 0.0015739890872766506], [-0.0018772101199411968, -0.0015733672142804937, 0.9999970002943882]]","[[0.999998664565428, -0.0012418689197804048, 0.001062369496441199], [0.001244221891821164, 0.9999967683005467, -0.002217047664516827], [-0.001059612780594043, 0.0022183665271794033, 0.999996978030787]]",0.104367481167771,0.2014502493185777,True,0.36680114805492486,,4.23046950144074,"[0.018143695973034377, -0.014775849545272649, 0.9997262028008735]",0.8543943591301236
visual_span,20.12,21.16,1.0399999999999991,21.16,41,32,0.7804878048780488,False,141.9537298034213,Mahalanobis gate,2.9028210215535384,"[[0.9989813472691078, -0.009216589550986127, 0.04417377372884152], [0.00837997431083387, 0.9997827058965819, 0.01908709041888448], [-0.044340092906397933, -0.018697472213044217, 0.9988415092965923]]","[[0.9999988274908901, -0.0011022228082598223, -0.0010630718350501714], [0.0010997130317929567, 0.9999966138741568, -0.0023585740329194727], [0.0010656679094492106, 0.0023574021935191957, 0.9999966534978031]]",2.8400891276180067,2.767945936211835,False,19.4450420615297,Mahalanobis gate,11.06404158381032,"[-0.005101767523132508, -0.12029551329418312, 0.992725018043481]",7.05526154502899
visual_span,21.16,22.24,1.0799999999999983,22.24,43,33,0.7674418604651163,True,0.531362978668014,,0.1880124254992793,"[[0.9999990443035217, 0.00038716067981907874, -0.0013272146214529845], [-0.0003875564641512882, 0.999999880509156, -0.00029796251610384307], [0.0013270991034926938, 0.00029847660194797594, 0.9999990748594159]]","[[0.9999983188763599, -0.0015508917751833086, -0.0009782531144074136], [0.0015480244234982116, 0.9999945237712771, -0.0029250722796816016], [0.000982784227809985, 0.002923553002559977, 0.9999952434751892]]",0.0740184567196045,0.08812929643534097,True,4.6344649178850625,,6.944017236294904,"[0.06076412851672471, 0.03428915026788583, 0.9975630179890939]",3.076592185574394
visual_span,22.24,23.28,1.0400000000000027,23.28,35,29,0.8285714285714286,False,,disabled_or_unavailable,,null,"[[0.9999991874027678, -0.00021123834606280728, -0.0012572080837662326], [0.000207274436744424, 0.9999950101924301, -0.003152241670644199], [0.001257867684856716, 0.003151978522043908, 0.9999942413835615]]",nan,nan,False,,disabled_or_unavailable,6.944017236294904,null,nan
visual_span,23.28,24.36,1.0799999999999983,24.36,33,27,0.8181818181818182,False,,disabled_or_unavailable,,null,"[[0.9999968471926725, 0.00037943489658407836, -0.002482263860740263], [-0.0003842372979140752, 0.9999980550428345, -0.0019344953469279235], [0.0024815250178014765, 0.001935443026195379, 0.9999950480346783]]",nan,nan,False,,disabled_or_unavailable,6.944017236294904,null,nan
visual_span,24.36,25.4,1.0399999999999991,25.4,30,25,0.8333333333333334,False,,disabled_or_unavailable,,null,"[[0.9999935442655407, -0.0004973285067104325, -0.003558664299832141], [0.0004907739556760256, 0.9999981821779487, -0.0018424933440132072], [0.0035595741552771052, 0.0018407349496100832, 0.9999919705311031]]",nan,nan,False,,disabled_or_unavailable,6.944017236294904,null,nan
visual_span,25.4,26.4,1.0,26.4,32,25,0.78125,False,,disabled_or_unavailable,,null,"[[0.9999940270689158, -0.0008171203684569848, -0.0033582943284036293], [0.0008135037241754122, 0.9999990878975591, -0.0010781538577925498], [0.003359172246772707, 0.0010754154331108256, 0.9999937797023855]]",nan,nan,False,,disabled_or_unavailable,6.944017236294904,null,nan
visual_span,26.4,27.44,1.0400000000000027,27.44,32,24,0.75,False,,disabled_or_unavailable,,null,"[[0.9999896832193621, -0.0020619289252227515, -0.0040474564788101925], [0.0020562661708775263, 0.9999969020223228, -0.001402752719438847], [0.004050336316287517, 0.0013944155997112743, 0.9999908251483415]]",nan,nan,False,,disabled_or_unavailable,6.944017236294904,null,nan
visual_span,27.44,28.56,1.1199999999999974,28.56,38,27,0.7105263157894737,False,,disabled_or_unavailable,,null,"[[0.9999884588446534, -0.002101092239081066, -0.004320600525200736], [0.0020917480990049185, 0.9999954663387797, -0.0021660775095759294], [0.004325132065706304, 0.0021570149026037496, 0.9999883201914533]]",nan,nan,False,,disabled_or_unavailable,6.944017236294904,null,nan
visual_span,28.56,29.6,1.0400000000000027,29.6,36,27,0.75,False,,disabled_or_unavailable,,null,"[[0.9999882366884514, -0.00236932204969963, -0.004232351326010971], [0.002360839748189101, 0.9999951971117987, -0.002008031129848569], [0.004237088670933157, 0.0019980156055140414, 0.999989027446419]]",nan,nan,False,,disabled_or_unavailable,6.944017236294904,null,nan
visual_span,29.6,30.6,1.0,30.6,35,23,0.6571428571428571,False,,disabled_or_unavailable,,null,"[[0.9999905628252729, -0.003015565371377042, -0.0031273992205700526], [0.0030067092785693666, 0.9999914679406205, -0.0028326216261142963], [0.0031359144931001237, 0.0028231917139147963, 0.9999910977747943]]",nan,nan,False,,disabled_or_unavailable,6.944017236294904,null,nan
visual_span,30.6,31.76,1.1600000000000001,31.76,39,24,0.6153846153846154,False,,disabled_or_unavailable,,null,"[[0.9999772063331341, -0.005423618174821832, -0.004021340581775617], [0.005410188920357726, 0.9999797772725381, -0.003342888243973718], [0.004039389808737413, 0.003321055835032207, 0.9999863268655798]]",nan,nan,False,,disabled_or_unavailable,6.944017236294904,null,nan
visual_span,31.76,32.76,0.9999999999999964,32.76,30,23,0.7666666666666667,False,,disabled_or_unavailable,,null,"[[0.9999807410517972, -0.005282472022504875, -0.0032577622427643104], [0.0052708431553315045, 0.9999797439391893, -0.0035679018688309825], [0.0032765435951353557, 0.0035506620009747255, 0.9999883284625998]]",nan,nan,False,,disabled_or_unavailable,6.944017236294904,null,nan
visual_span,32.76,33.76,1.0,33.76,29,0,0.0,False,,disabled_or_unavailable,,null,"[[0.9999865216136725, -0.004904380950089429, -0.0017040065975156564], [0.004899145494039579, 0.9999833076124431, -0.0030631470591479535], [0.001719000993661339, 0.00305475759662448, 0.9999938567269349]]",nan,nan,False,,disabled_or_unavailable,6.944017236294904,null,nan
visual_span,33.76,34.8,1.0399999999999991,34.8,33,29,0.8787878787878788,False,,disabled_or_unavailable,,null,"[[0.9999852965797774, -0.005056851190972614, -0.001958285037345705], [0.0050513023045967945, 0.9999832426791466, -0.002828198353528784], [0.00197255399994736, 0.0028182648796177164, 0.9999940831893886]]",nan,nan,False,,disabled_or_unavailable,6.944017236294904,null,nan
visual_span,34.8,36.0,1.2000000000000028,36.0,30,27,0.9,False,,disabled_or_unavailable,,null,"[[0.9999779137907379, -0.00640419452088692, -0.0017771390666437715], [0.006397052434224982, 0.9999715549911633, -0.0039958639502161945], [0.0018026788059235007, 0.003984407244936577, 0.9999904373782927]]",nan,nan,False,,disabled_or_unavailable,6.944017236294904,null,nan
visual_span,36.0,37.08,1.0799999999999983,37.08,31,30,0.967741935483871,False,22.769168009066956,Mahalanobis gate,1.1931318480155828,"[[0.9998358101274843, -0.0010955060536041931, 0.01808736169825411], [0.0010696326105625385, 0.9999983910221304, 0.001440083063144552], [-0.018088910215802785, -0.0014204997841785103, 0.9998353732027927]]","[[0.999975935598527, -0.006757059258721866, -0.00157174235305051], [0.006753283071625468, 0.9999743268656991, -0.002395574512805308], [0.0015878890404397031, 0.0023849024437126607, 0.9999958954159407]]",1.041431221906617,1.0415985754702461,False,15.861041511681396,Mahalanobis gate,24.516050569941783,"[0.23673659002478584, -0.0074838772240549255, 0.9715450470900113]",12.587723449923102
visual_span,37.08,38.08,1.0,38.08,35,33,0.9428571428571428,False,,disabled_or_unavailable,,null,"[[0.9999773293298017, -0.006590430236140719, -0.0013809618895896465], [0.006588343140799742, 0.9999771558431265, -0.0015104722940029538], [0.0013908850049568538, 0.0015013397997907486, 0.9999979057066615]]",nan,nan,False,,disabled_or_unavailable,24.516050569941783,null,nan
visual_span,38.08,39.16,1.0799999999999983,39.16,34,31,0.9117647058823529,False,27.080911754785653,Mahalanobis gate,1.3153110283755163,"[[0.9998154863933733, 0.0017273746554162621, 0.019131370697944298], [-0.001757323155149674, 0.9999972566490574, 0.001548712267549107], [-0.019128643007560963, -0.001582046509780244, 0.9998157791040958]]","[[0.9999732552221028, -0.007067128761929955, -0.0018826926392116357], [0.0070648635445972425, 0.999974314945918, -0.0012071253200326287], [0.001891175192217834, 0.0011937920691416025, 0.999997499155317]]",1.1043439862893223,1.1043004937364713,True,5.962368102409306,,17.04841544831126,"[0.1047022556668298, 0.06552799910487342, 0.9923424403861754]",6.176518634754266
visual_span,39.16,40.04,0.8800000000000026,40.04,29,0,0.0,False,,disabled_or_unavailable,,null,"[[0.9870656751977201, -0.006002193115301484, 0.16020401531882866], [0.005938773856406368, 0.9999819827991564, 0.0008746668795000893], [-0.16020637881043104, 8.806176387994634e-05, 0.9870835367047586]]",nan,nan,False,,disabled_or_unavailable,17.04841544831126,null,nan
visual_span,40.04,41.12,1.0799999999999983,41.12,40,34,0.85,False,125.12152676564868,Mahalanobis gate,2.762534085545283,"[[0.9986192337296828, 0.002110334658982758, 0.05248973721374908], [-0.002071957082953668, 0.9999975449499509, -0.0007855494367910158], [-0.05249126612101995, 0.0006757082938226238, 0.9986211545923279]]","[[0.9949943617562438, -0.00705418900815531, 0.09968178615335165], [0.007076082574077762, 0.9999749552458745, 0.0001339269059297089], [-0.09968023439323435, 0.0005721000336651582, 0.9950193583910122]]",3.0572323665433525,9.07134848075541,False,nan,visual direction is in the opposite hemisphere from predicted velocity,151.1330939278062,"[-0.42736613501561, -0.005322869911431452, -0.9040629699847933]",168.4539392652775
visual_span,41.12,42.16,1.0399999999999991,42.16,40,38,0.95,True,1.9115505501074663,,0.37897690093566355,"[[0.999115398704446, -0.0007604937846762439, -0.04204570989838893], [0.0007962404055279771, 0.9999993356854193, 0.0008334446213235002], [0.042045048137356406, -0.0008661858482319097, 0.9991153405133982]]","[[0.9989959853473468, -0.006989459664654773, -0.044251200136039545], [0.007033158356126635, 0.9999749209982467, 0.0008319002871310312], [0.044244275826611834, -0.001142290745058624, 0.999020089501924]]",0.08374419322370964,4.901967939711953,False,17.948225368770363,Mahalanobis gate,13.472786587987311,"[0.9993681815761576, -0.013082801147252536, -0.033046602961659906]",5.485842574662603
visual_span,42.16,43.36,1.2000000000000028,43.36,40,37,0.925,True,2.8126449220437713,,0.4422913167018846,"[[0.9999529867574337, 0.0002516940303403407, -0.00969334436624502], [-0.000310309846824894, 0.9999816747027497, -0.006045987635026991], [0.009691644993832911, 0.0060487113337492635, 0.9999347404248511]]","[[0.9999225051293666, -0.0051364144477137105, -0.011340237318205458], [0.005127374308094608, 0.9999865137016339, -0.0008261038413177617], [0.011344327592087297, 0.0007678941810343866, 0.9999353561955944]]",0.3308442018898355,1.3285273275395433,True,8.710807732657265,,9.78056885826428,"[0.99193735708525, -0.05186928825338018, -0.11562809587127526]",3.3475937926379746
visual_span,43.36,44.44,1.0799999999999983,44.44,41,39,0.9512195121951219,True,1.071194139570093,,0.25809214421922355,"[[0.9999955660206312, -0.0011012711934213892, 0.0027667925176412724], [0.0010933503569447531, 0.9999953047385796, 0.002862706026169878], [-0.0027699321425089605, -0.002859668259403664, 0.999992074855282]]","[[0.999985148288601, -0.0037975169698334613, 0.003909228451838234], [0.0037996999579093236, 0.9999926292332608, -0.0005511437018841658], [-0.0039071066602664635, 0.0005659894116408738, 0.9999922070564007]]",0.14034409490296051,0.430870928855692,True,6.34064766217067,,5.19419355911215,"[0.9971665690005734, -0.033089001363018025, -0.0675570252188676]",3.6006701087273143
visual_span,44.44,45.52,1.0800000000000054,45.52,40,38,0.95,True,0.2534338462291675,,0.12625002193666607,"[[0.9999611268135931, -0.0016643013320963964, -0.00865880839177416], [0.0016628179587869518, 0.9999986015843081, -0.00017851012366633024], [0.008659093377797243, 0.00016410516231348018, 0.9999624958824058]]","[[0.9999657042857588, -0.003421757818552348, -0.0075420040916052014], [0.0034258363215086706, 0.9999939924554297, 0.0005279190739021835], [0.007540152371460783, -0.0005537386400944704, 0.9999714193294397]]",0.1487599378902591,0.8639521227749272,True,1.9481596735730966,,2.6362827259775106,"[0.9958863694066459, -0.07877175216427389, -0.04478113767000845]",5.461792023735814
visual_span,45.52,46.52,1.0,46.52,29,0,0.0,False,,disabled_or_unavailable,,null,"[[0.9969685367134483, -0.003134817382974626, -0.07774258629233503], [0.003122166395538453, 0.9999950856201366, -0.00028427552528581085], [0.07774309538759265, 4.068846404346484e-05, 0.9969734246528363]]",nan,nan,False,,disabled_or_unavailable,2.6362827259775106,null,nan
visual_span,46.52,47.6,1.0799999999999983,47.6,30,22,0.7333333333333333,False,,disabled_or_unavailable,,null,"[[0.9999964165523642, -0.0025392975665627314, 0.0008478503991963362], [0.0025378646385906217, 0.9999953568088912, 0.0016868917377652244], [-0.0008521299825496628, -0.001684733963330079, 0.9999982177713949]]",nan,nan,False,,disabled_or_unavailable,2.6362827259775106,null,nan
visual_span,47.6,48.64,1.0399999999999991,48.64,29,0,0.0,False,,disabled_or_unavailable,,null,"[[0.999992104786647, -0.0028875257543820023, -0.002729937616367571], [0.0028929118446884457, 0.999993872921438, 0.0019710861578312935], [0.0027242293277804828, -0.001978968064551191, 0.9999943311139164]]",nan,nan,False,,disabled_or_unavailable,2.6362827259775106,null,nan
visual_span,48.64,48.84,0.20000000000000284,48.84,29,0,0.0,False,,disabled_or_unavailable,,null,"[[0.9999996759903134, -0.0005970236637244996, -0.0005399833456539442], [0.0005974006137145562, 0.999999577824755, 0.0006981853757468776], [0.0005395662844953557, -0.0006985077359101419, 0.9999996104775081]]",nan,nan,False,,disabled_or_unavailable,2.6362827259775106,null,nan
visual_span,48.84,48.96,0.11999999999999744,48.96,29,0,0.0,False,,disabled_or_unavailable,,null,"[[0.999999817340374, -0.00040951198975648433, -0.0004445437541217454], [0.00040966964552920733, 0.9999998532101421, 0.0003546131361963026], [0.0004443984705362332, -0.00035479518750497295, 0.9999998383151744]]",nan,nan,False,,disabled_or_unavailable,2.6362827259775106,null,nan
visual_span,48.96,49.2,0.240000000000002,49.2,28,0,0.0,False,,disabled_or_unavailable,,null,"[[0.9999992171702905, -0.0007526795111639466, -0.0009995660859007302], [0.0007531701048975999, 0.9999995960618848, 0.0004905210096441177], [0.0009991964770241348, -0.0004912734689434681, 0.9999993801281977]]",nan,nan,False,,disabled_or_unavailable,2.6362827259775106,null,nan
visual_span,49.2,49.68,0.4799999999999969,49.68,27,0,0.0,False,,disabled_or_unavailable,,null,"[[0.9999968656905018, -0.001335208176798833, -0.0021179774071277725], [0.001337334011633197, 0.9999986031530835, 0.0010026114017774549], [0.0021166357536957572, -0.001005440702505438, 0.999997254467271]]",nan,nan,False,,disabled_or_unavailable,2.6362827259775106,null,nan
visual_span,49.68,49.92,0.240000000000002,49.92,29,0,0.0,False,,disabled_or_unavailable,,null,"[[0.9999992661245475, -0.000804258604211828, -0.0009060455089283811], [0.0008050710874454794, 0.9999992738694246, 0.0008967280346292491], [0.0009053236497835455, -0.0008974568075857048, 0.9999991874798538]]",nan,nan,False,,disabled_or_unavailable,2.6362827259775106,null,nan
visual_span,49.92,51.12,1.1999999999999957,51.12,33,28,0.8484848484848485,False,,disabled_or_unavailable,,null,"[[0.9999823837498123, -0.0034149302705137738, -0.004854939885458491], [0.00343622704422495, 0.9999844816472303, 0.004385066524150034], [0.004839889848377135, -0.0044016719514535525, 0.9999786001461671]]",nan,nan,False,,disabled_or_unavailable,2.6362827259775106,null,nan
visual_span,51.12,52.24,1.1200000000000045,52.24,59,57,0.9661016949152542,False,,disabled_or_unavailable,,null,"[[0.9999865776643476, -0.0030411290354898325, -0.00419476165419082], [0.003057130706667301, 0.9999880552960332, 0.003813557014154041], [0.00418311403004041, -0.0038263297619719446, 0.9999839302496638]]",nan,nan,False,,disabled_or_unavailable,2.6362827259775106,null,nan
visual_span,52.24,53.32,1.0799999999999983,53.32,70,67,0.9571428571428572,False,,disabled_or_unavailable,,null,"[[0.9999914403089759, -0.0034530309475661702, -0.0022794486295797927], [0.0034634316824574923, 0.9999835379654685, 0.004574761091614091], [0.002263614313590675, -0.004582616647674859, 0.9999869377521386]]",nan,nan,False,,disabled_or_unavailable,2.6362827259775106,null,nan
visual_span,53.32,54.56,1.240000000000002,54.56,56,50,0.8928571428571429,True,6.031105290626912,,0.6388921363189196,"[[0.9999722100427216, 0.002607601162201501, 0.0069842364259816], [-0.0026114000359613366, 0.9999964472526505, 0.0005348569241757299], [-0.006982816919217056, -0.0005530806957786277, 0.9999754668838714]]","[[0.9999914006660053, -0.004035647159270483, -0.0009550633731461883], [0.004040092202396028, 0.9999807985969166, 0.004698945889162903], [0.0009360817469602242, -0.004702764025444422, 0.999988503814661]]",0.4134105586039017,0.4497245995618114,False,14.002459661344462,Mahalanobis gate,10.11600242355536,"[0.9939863739075891, 0.0012553954231994333, 0.10949663222388989]",6.2875883210432395
visual_span,54.56,55.72,1.1599999999999966,55.72,40,40,1.0,False,,disabled_or_unavailable,,null,"[[0.9999969737660058, -0.0023372893706676036, 0.0007678132768488156], [0.0023344354557796685, 0.9999904411020518, 0.0036970414694430733], [-0.0007764469931295056, -0.0036952378707936066, 0.9999928711481623]]",nan,nan,False,,disabled_or_unavailable,10.11600242355536,null,nan
visual_span,55.72,56.8,1.0799999999999983,56.8,59,59,1.0,False,,disabled_or_unavailable,,null,"[[0.9999993746776867, -0.0009626070617224547, 0.0005692379819084279], [0.0009602773800554715, 0.9999912204256906, 0.004078840385602011], [-0.0005731593048000852, -0.00407829120865421, 0.9999915194786547]]",nan,nan,False,,disabled_or_unavailable,10.11600242355536,null,nan
visual_span,56.8,58.0,1.2000000000000028,58.0,47,47,1.0,False,,disabled_or_unavailable,,null,"[[0.9999959550927662, -0.00204609122960561, 0.001975679322782931], [0.002037255884066914, 0.9999879621514799, 0.004463758572447105], [-0.00198478879712068, -0.004459715552632396, 0.999988085704335]]",nan,nan,False,,disabled_or_unavailable,10.11600242355536,null,nan
visual_span,58.0,59.16,1.1599999999999966,59.16,35,35,1.0,False,,disabled_or_unavailable,,null,"[[0.9999988655875983, -0.001474386257255136, 0.00030823478311575606], [0.0014728457699763298, 0.9999867152154935, 0.004939647544692262], [-0.0003155136367386632, -0.004939187958798354, 0.9999877523617243]]",nan,nan,False,,disabled_or_unavailable,10.11600242355536,null,nan
visual_span,59.16,60.32,1.1600000000000037,60.32,33,33,1.0,False,,disabled_or_unavailable,,null,"[[0.9999993919720643, -0.001085236221226953, -0.00019574944708896782], [0.0010859026510824387, 0.9999935033911255, 0.003437148669433008], [0.0001920180571475619, -0.0034373591443941395, 0.9999940738280295]]",nan,nan,False,,disabled_or_unavailable,10.11600242355536,null,nan
visual_span,60.32,60.76,0.4399999999999977,60.76,29,0,0.0,False,,disabled_or_unavailable,,null,"[[0.9999998631074929, -0.0004984968130363472, 0.00015901547965507478], [0.0004983027448934125, 0.9999991339028391, 0.0012181493939608492], [-0.00015962258552291094, -0.001218069989355332, 0.9999992454127808]]",nan,nan,False,,disabled_or_unavailable,10.11600242355536,null,nan
visual_span,60.76,61.12,0.35999999999999943,61.12,29,0,0.0,False,,disabled_or_unavailable,,null,"[[0.9999999900569141, -0.00011925852334751692, 7.525673487934034e-05], [0.00011917386923787686, 0.9999993613515693, 0.0011238745670124719], [-7.539071843803444e-05, -0.0011238655872014087, 0.9999993656209895]]",nan,nan,False,,disabled_or_unavailable,10.11600242355536,null,nan
visual_span,61.12,61.4,0.28000000000000114,61.4,29,0,0.0,False,,disabled_or_unavailable,,null,"[[0.9999999842137162, -0.000151802548085488, 9.23501700221262e-05], [0.00015175913553849417, 0.9999998780760266, 0.0004699117968745667], [-9.24214925705675e-05, -0.00046989777447443634, 0.9999998853271681]]",nan,nan,False,,disabled_or_unavailable,10.11600242355536,null,nan
visual_span,61.4,61.8,0.3999999999999986,61.8,29,0,0.0,False,,disabled_or_unavailable,,null,"[[0.9999999949064007, -8.899143688106875e-05, 4.7620611683331795e-05], [8.894424479539547e-05, 0.9999995059077851, 0.0009900874238448485], [-4.770869745684413e-05, -0.0009900831832223972, 0.9999995087294645]]",nan,nan,False,,disabled_or_unavailable,10.11600242355536,null,nan
visual_span,61.8,61.96,0.1600000000000037,61.96,26,0,0.0,False,,disabled_or_unavailable,,null,"[[0.9999999998067034, 5.923379727271738e-06, 1.8748519179503768e-05], [-5.926486192546814e-06, 0.9999999862549366, 0.00016569551530945043], [-1.8747537444347898e-05, -0.00016569562639026208, 0.9999999860967447]]",nan,nan,False,,disabled_or_unavailable,10.11600242355536,null,nan
visual_span,61.96,62.12,0.1599999999999966,62.12,29,0,0.0,False,,disabled_or_unavailable,,null,"[[0.9999999974783331, 2.362909489038808e-05, -6.697014235154928e-05], [-2.3632552647494326e-05, 0.9999999983878712, -5.1631002780587075e-05], [6.696892224972079e-05, 5.1632585325805805e-05, 0.99999999642462]]",nan,nan,False,,disabled_or_unavailable,10.11600242355536,null,nan
visual_span,62.12,62.4,0.28000000000000114,62.4,27,0,0.0,False,,disabled_or_unavailable,,null,"[[0.9999999985838042, 5.641680890029071e-06, -5.2920347222343666e-05], [-5.632686935852115e-06, 0.9999999855424181, 0.0001699512769841121], [5.2921305268115e-05, -0.00016995097865967935, 0.9999999841580001]]",nan,nan,False,,disabled_or_unavailable,10.11600242355536,null,nan
visual_span,62.4,62.56,0.1600000000000037,62.56,29,0,0.0,False,,disabled_or_unavailable,,null,"[[0.9999999986116171, -3.119364268658258e-05, -4.2470254066353634e-05], [3.1202956361454145e-05, 0.9999999754634817, 0.00021931578084628884], [4.246341176617821e-05, -0.00021931710573927887, 0.9999999750484326]]",nan,nan,False,,disabled_or_unavailable,10.11600242355536,null,nan
visual_span,62.56,62.64,0.0799999999999983,62.64,29,0,0.0,False,,disabled_or_unavailable,,null,"[[0.9999999974648582, 6.986067756634508e-05, 1.3775689306144357e-05], [-6.986063347526528e-05, 0.9999999975546227, -3.201099393230591e-06], [-1.3775912903430165e-05, 3.2001370067338637e-06, 0.9999999998999919]]",nan,nan,False,,disabled_or_unavailable,10.11600242355536,null,nan
visual_span,62.64,62.68,0.03999999999999915,62.68,29,0,0.0,False,,disabled_or_unavailable,,null,"[[0.9999999998859337, -7.288517717583822e-06, 1.3229154770588725e-05], [7.286657621151251e-06, 0.9999999900892101, 0.0001406004435673393], [-1.323017940830139e-05, -0.00014060034715498009, 0.9999999900282526]]",nan,nan,False,,disabled_or_unavailable,10.11600242355536,null,nan
visual_span,62.68,62.8,0.11999999999999744,62.8,28,0,0.0,False,,disabled_or_unavailable,,null,"[[0.9999999981588644, 6.067008516581937e-05, -1.1881349441868712e-06], [-6.066989072017943e-05, 0.9999999848786579, 0.00016297806008859844], [1.1980228190064115e-06, -0.00016297798770451653, 0.99999998671837]]",nan,nan,False,,disabled_or_unavailable,10.11600242355536,null,nan
visual_span,62.8,62.92,0.12000000000000455,62.92,26,0,0.0,False,,disabled_or_unavailable,,null,"[[0.999993053176236, 9.629176229467168e-05, -0.0037261678929218444], [-9.592365866470155e-05, 0.9999999905020546, 9.896738170286998e-05], [0.0037261773872744983, -9.86092665368229e-05, 0.9999930529150146]]",nan,nan,False,,disabled_or_unavailable,10.11600242355536,null,nan
visual_span,62.92,62.96,0.03999999999999915,62.96,22,0,0.0,False,,disabled_or_unavailable,,null,"[[0.9999676735331346, 4.147702426896412e-05, -0.008040532842241049], [-4.0978385181061356e-05, 0.9999999972271842, 6.218041380028957e-05], [0.008040535399004662, -6.184891567533283e-05, 0.9999676724600698]]",nan,nan,False,,disabled_or_unavailable,10.11600242355536,null,nan
visual_span,62.96,63.04,0.0799999999999983,63.04,21,0,0.0,False,,disabled_or_unavailable,,null,"[[0.9993637421608005, 5.90616796552974e-05, -0.03566661416618362], [-5.09752388982948e-05, 0.9999999727925358, 0.000227632275595587], [0.035666626640130025, -0.00022566932859796992, 0.9993637179813304]]",nan,nan,False,,disabled_or_unavailable,10.11600242355536,null,nan
visual_span,63.04,63.08,0.03999999999999915,63.08,20,0,0.0,False,,disabled_or_unavailable,,null,"[[0.9997717216279877, 1.6765960503059433e-05, -0.021365962461639947], [-9.603534016827053e-06, 0.9999999437312567, 0.0003353285785654169], [0.021365966881509792, -0.00033504684155611015, 0.9997716655331017]]",nan,nan,False,,disabled_or_unavailable,10.11600242355536,null,nan
visual_span,63.08,63.12,0.03999999999999915,63.12,22,0,0.0,False,,disabled_or_unavailable,,null,"[[0.9997458736266389, 4.054255755145498e-05, -0.022542992765154705], [-3.503023964606635e-05, 0.9999999693936573, 0.0002449195113446843], [0.022543002004859525, -0.00024406758439859792, 0.9997458444482895]]",nan,nan,False,,disabled_or_unavailable,10.11600242355536,null,nan
visual_span,63.12,63.16,0.03999999999999915,63.16,9,0,0.0,False,,disabled_or_unavailable,,null,"[[0.9997387711468485, 6.855216599850606e-05, -0.022855738150195606], [-6.180662538093248e-05, 0.9999999543287786, 0.0002958418195091186], [0.022855757386943648, -0.0002943519010442401, 0.9997387297245356]]",nan,nan,False,,disabled_or_unavailable,10.11600242355536,null,nan
visual_span,63.16,63.2,0.04000000000000625,63.2,13,0,0.0,False,,disabled_or_unavailable,,null,"[[0.9997501252755623, 3.7312449346339486e-05, -0.022353648903006392], [-3.132150423738028e-05, 0.9999999635015969, 0.00026835753864541966], [0.022353658100210966, -0.00026759033297056334, 0.9997500899549612]]",nan,nan,False,,disabled_or_unavailable,10.11600242355536,null,nan
visual_span,63.2,63.24,0.03999999999999915,63.24,11,0,0.0,False,,disabled_or_unavailable,,null,"[[0.9997996120046647, 7.464198691748786e-05, -0.020018248272408473], [-7.100421275408155e-05, 0.9999999808381913, 0.00018243360134655702], [0.02001826150602911, -0.00018097566388360328, 0.9997995981465913]]",nan,nan,False,,disabled_or_unavailable,10.11600242355536,null,nan
visual_span,63.24,63.28,0.03999999999999915,63.28,0,0,nan,False,,disabled_or_unavailable,,null,"[[0.9997376733481229, -0.0026439592431487277, -0.022750691593948283], [0.0027305482094027622, 0.999989143775543, 0.0037757697934036045], [0.02274046162588851, -0.0038369011685499715, 0.9997340394297198]]",nan,nan,False,,disabled_or_unavailable,10.11600242355536,null,nan
visual_span,63.28,63.32,0.03999999999999915,63.32,0,0,nan,False,,disabled_or_unavailable,,null,"[[0.9995225888446286, -0.008003824654585942, -0.029841802563352615], [0.00826676680693838, 0.9999279978156718, 0.008698261372348587], [0.029770034529559723, -0.008940803948227024, 0.9995167867869295]]",nan,nan,False,,disabled_or_unavailable,10.11600242355536,null,nan
visual_span,63.88,63.92,0.03999999999999915,63.92,0,0,nan,False,,disabled_or_unavailable,,null,"[[0.9998149206717502, -0.01916719135187496, -0.001656254154005498], [0.01916565858603867, 0.9998158833832259, -0.0009364110117645695], [0.001673897579140639, 0.0009044944997961686, 0.9999981899766591]]",nan,nan,False,,disabled_or_unavailable,10.11600242355536,null,nan
visual_span,63.92,64.0,0.0799999999999983,64.0,0,0,nan,False,,disabled_or_unavailable,,null,"[[0.9992629864311215, -0.03831422833615458, -0.002346029786987427], [0.038311252047255995, 0.9992650079294777, -0.0013007283623636475], [0.0023941418771756947, 0.0012098903694315148, 0.9999964021185107]]",nan,nan,False,,disabled_or_unavailable,10.11600242355536,null,nan
visual_span,64.0,64.04,0.04000000000000625,64.04,4,0,0.0,False,,disabled_or_unavailable,,null,"[[0.9998167863983722, -0.01912951820611008, -0.0006746623110232169], [0.019129504439628332, 0.9998170139274629, -2.6852665585146374e-05], [0.0006750525357718275, 1.3941790137602676e-05, 0.9999997720548243]]",nan,nan,False,,disabled_or_unavailable,10.11600242355536,null,nan
visual_span,64.04,64.08,0.03999999999999204,64.08,4,0,0.0,False,,disabled_or_unavailable,,null,"[[0.9998175577347611, -0.019097504799754413, -0.00036953446547114164], [0.019097641210958655, 0.9998175552511029, 0.0003692043949794161], [0.0003624161631431701, -0.0003761942731299111, 0.9999998635661875]]",nan,nan,False,,disabled_or_unavailable,10.11600242355536,null,nan
visual_span,64.08,64.12,0.04000000000000625,64.12,6,0,0.0,False,,disabled_or_unavailable,,null,"[[0.9998187489761982, -0.019038555409898437, -5.102523581165117e-05], [0.01903858295034214, 0.9998185646279875, 0.0006084278709693955], [3.943239029463227e-05, -0.0006092890409794334, 0.9999998136059584]]",nan,nan,False,,disabled_or_unavailable,10.11600242355536,null,nan
visual_span,64.12,64.16,0.03999999999999204,64.16,8,0,0.0,False,,disabled_or_unavailable,,null,"[[0.9998168630495108, -0.019135067040260502, 0.0002992844817705336], [0.019134719311081662, 0.999816282117448, 0.0011245131081336734], [-0.00032074713157105144, -0.0011185804436794225, 0.9999993229493054]]",nan,nan,False,,disabled_or_unavailable,10.11600242355536,null,nan
visual_span,64.16,64.2,0.04000000000000625,64.2,10,0,0.0,False,,disabled_or_unavailable,,null,"[[0.9998174224815625, -0.01909633833410477, 0.0006719855315883295], [0.019095246561515525, 0.9998163965218491, 0.0015952444389326634], [-0.00070232548023892, -0.0015821214537502513, 0.9999985018141906]]",nan,nan,False,,disabled_or_unavailable,10.11600242355536,null,nan
visual_span,64.2,64.24,0.03999999999999204,64.24,13,0,0.0,False,,disabled_or_unavailable,,null,"[[0.999816305697402, -0.019140316988245858, 0.0010015623738334088], [0.019138090578989055, 0.999814457588479, 0.0021872096483705286], [-0.0010432404275248406, -0.0021676398789886044, 0.9999971064891965]]",nan,nan,False,,disabled_or_unavailable,10.11600242355536,null,nan
visual_span,64.24,64.28,0.04000000000000625,64.28,13,0,0.0,False,,disabled_or_unavailable,,null,"[[0.9998170152519699, -0.0190806125606028, 0.001366102834601362], [0.019076873143510652, 0.9998143744884047, 0.0026999032254277923], [-0.0014173650584593067, -0.0026733482138397006, 0.999995422132331]]",nan,nan,False,,disabled_or_unavailable,10.11600242355536,null,nan
visual_span,64.28,64.32,0.03999999999999204,64.32,15,0,0.0,False,,disabled_or_unavailable,,null,"[[0.9998164627736955, -0.019075389023326526, 0.0017805337134946192], [0.019069858709648578, 0.9998134313603451, 0.0030729400005716384], [-0.0018388190476980775, -0.003038421475343224, 0.9999936933498373]]",nan,nan,False,,disabled_or_unavailable,10.11600242355536,null,nan
visual_span,64.32,64.4,0.0800000000000125,64.4,11,0,0.0,False,,disabled_or_unavailable,,null,"[[0.9992580245203104, -0.03822330226801839, 0.004730707716082671], [0.03818481361955866, 0.9992388691623822, 0.007975109022679746], [-0.005031942031350493, -0.007788550494909839, 0.9999570080961391]]",nan,nan,False,,disabled_or_unavailable,10.11600242355536,null,nan
visual_span,64.4,64.44,0.03999999999999204,64.44,22,0,0.0,False,,disabled_or_unavailable,,null,"[[0.9998134927444788, -0.019073470039508624, 0.003030258526696662], [0.019059052521829174, 0.9998072300679712, 0.0047175439353186015], [-0.0031196543168768055, -0.004658910222731391, 0.9999842810326972]]",nan,nan,False,,disabled_or_unavailable,10.11600242355536,null,nan
visual_span,64.44,64.48,0.04000000000000625,64.48,21,0,0.0,False,,disabled_or_unavailable,,null,"[[0.9998120319646382, -0.019085854511370525, 0.003410409991788668], [0.01906859021328323, 0.9998055501684392, 0.00502500941914125], [-0.0035056534368322085, -0.004959033167400354, 0.9999815590219778]]",nan,nan,False,,disabled_or_unavailable,10.11600242355536,null,nan
visual_span,64.48,64.52,0.03999999999999204,64.52,16,0,0.0,False,,disabled_or_unavailable,,null,"[[0.9997028362366716, -0.023883099603330963, 0.004882291848312709], [0.023848249914043055, 0.9996905494736763, 0.00707575219015477], [-0.005049771914856536, -0.006957215416853707, 0.999963047795893]]",nan,nan,False,,disabled_or_unavailable,10.11600242355536,null,nan
visual_span,64.52,64.56,0.04000000000000625,64.56,21,0,0.0,False,,disabled_or_unavailable,,null,"[[0.99989226095201, -0.014312211120391877, 0.003259923484301656], [0.014297505662428834, 0.9998877021471726, 0.00449048178713482], [-0.003323826125263734, -0.004443389212426169, 0.9999846041175817]]",nan,nan,False,,disabled_or_unavailable,10.11600242355536,null,nan
visual_span,64.56,64.64,0.0799999999999983,64.64,16,0,0.0,False,,disabled_or_unavailable,,null,"[[0.9990107198186505, -0.04301260995514459, 0.011291460147769671], [0.042834606965821774, 0.998961010431822, 0.015559437107980424], [-0.011948980437913804, -0.015060379207716587, 0.9998151863442636]]",nan,nan,False,,disabled_or_unavailable,10.11600242355536,null,nan
visual_span,64.64,64.68,0.04000000000000625,64.68,23,0,0.0,False,,disabled_or_unavailable,,null,"[[0.9998879018051043, -0.014318355634392632, 0.00437818634975252], [0.01429381387823561, 0.9998822331633488, 0.0055862947549547], [-0.004457657299575824, -0.00552308756058892, 0.9999748120803832]]",nan,nan,False,,disabled_or_unavailable,10.11600242355536,null,nan
visual_span,64.68,64.72,0.03999999999999204,64.72,24,0,0.0,False,,disabled_or_unavailable,,null,"[[0.9996848659907002, -0.02389360098290361, 0.007698346655342981], [0.023817191221254547, 0.9996676186782749, 0.009868817985830437], [-0.007931589467832916, -0.009682354991273703, 0.9999216678772077]]",nan,nan,False,,disabled_or_unavailable,10.11600242355536,null,nan
visual_span,64.72,64.76,0.04000000000000625,64.76,25,0,0.0,False,,disabled_or_unavailable,,null,"[[0.9998851715513988, -0.014331161371627934, 0.004925598985936742], [0.014300441515034014, 0.999878419393402, 0.00621641406497188], [-0.005014088561742142, -0.0061452620035640365, 0.9999685468407508]]",nan,nan,False,,disabled_or_unavailable,10.11600242355536,null,nan
visual_span,64.76,64.8,0.03999999999999204,64.8,23,0,0.0,False,,disabled_or_unavailable,,null,"[[0.9996759976207323, -0.02388504608662241, 0.0087979744506346], [0.023791506185460776, 0.9996608771725319, 0.010587487146233587], [-0.009047873475092217, -0.010374739711645941, 0.9999052458915769]]",nan,nan,False,,disabled_or_unavailable,10.11600242355536,null,nan
visual_span,64.8,64.84,0.04000000000000625,64.84,23,0,0.0,False,,disabled_or_unavailable,,null,"[[0.9997893732043078, -0.019126411390356375, 0.007442419973684905], [0.019059845764658648, 0.9997786023040338, 0.008914519303960963], [-0.007611275002605147, -0.008770790290510581, 0.9999325685917602]]",nan,nan,False,,disabled_or_unavailable,10.11600242355536,null,nan
visual_span,64.84,64.88,0.03999999999999204,64.88,21,0,0.0,False,,disabled_or_unavailable,,null,"[[0.9997859095807258, -0.01912770677296651, 0.007890870512729853], [0.019054095315670948, 0.9997751938165532, 0.009300713992768045], [-0.008066997926278706, -0.00914836940013661, 0.9999256126741511]]",nan,nan,False,,disabled_or_unavailable,10.11600242355536,null,nan
visual_span,64.88,64.92,0.04000000000000625,64.92,21,0,0.0,False,,disabled_or_unavailable,,null,"[[0.999785142979041, -0.019120016530696206, 0.008005800787203513], [0.019045979674599457, 0.9997760571822063, 0.00922421505800749], [-0.008180375090008333, -0.00906975485156747, 0.9999254077231556]]",nan,nan,False,,disabled_or_unavailable,10.11600242355536,null,nan
visual_span,64.92,64.96,0.03999999999999204,64.96,24,0,0.0,False,,disabled_or_unavailable,,null,"[[0.9998781201765582, -0.014370776445508193, 0.0061012766324639], [0.01432903852059681, 0.9998740047277297, 0.006830323916742107], [-0.006198664958511303, -0.00674206601017769, 0.9999580596698278]]",nan,nan,False,,disabled_or_unavailable,10.11600242355536,null,nan
visual_span,64.96,65.04,0.0800000000000125,65.04,29,0,0.0,False,,disabled_or_unavailable,,null,"[[0.9991640895708935, -0.038266565103490774, 0.014380267979003259], [0.03802228092112685, 0.9991340844879466, 0.016893411969993267], [-0.01501426873086259, -0.016332520001925612, 0.9997538799748988]]",nan,nan,False,,disabled_or_unavailable,10.11600242355536,null,nan
visual_span,65.04,65.12,0.0799999999999983,65.12,28,0,0.0,False,,disabled_or_unavailable,,null,"[[0.9992323566144469, -0.03828000836393948, 0.008326971502022926], [0.038181941470492795, 0.9992030840418417, 0.011633408220130169], [-0.008765662569517538, -0.011306537972741847, 0.9998976574423946]]",nan,nan,False,,disabled_or_unavailable,10.11600242355536,null,nan
visual_span,65.12,65.32,0.19999999999998863,65.32,25,0,0.0,False,,disabled_or_unavailable,,null,"[[0.9934616626467951, -0.09852819204009367, 0.0576725257325908], [0.10044746158641435, 0.994447480989543, -0.0313769822385565], [-0.05426078060544041, 0.03696488775667119, 0.9978423546639146]]",nan,nan,False,,disabled_or_unavailable,10.11600242355536,null,nan
visual_span,65.32,65.44,0.12000000000000455,65.44,25,0,0.0,False,,disabled_or_unavailable,,null,"[[0.9969418620555146, -0.05526038548701285, 0.05525589088151901], [0.05831241269884919, 0.9967689703162685, -0.0552384136257106], [-0.052024861427231964, 0.05829159125013434, 0.9969430797106748]]",nan,nan,False,,disabled_or_unavailable,10.11600242355536,null,nan
visual_span,65.44,65.52,0.0799999999999983,65.52,26,0,0.0,False,,disabled_or_unavailable,,null,"[[0.9987359202946978, -0.037189013867994065, 0.03381624994923446], [0.03844083702931866, 0.998569912581758, -0.03715416174462281], [-0.03238616311927546, 0.03840712087603515, 0.9987372174423186]]",nan,nan,False,,disabled_or_unavailable,10.11600242355536,null,nan
visual_span,65.52,65.56,0.04000000000000625,65.56,26,0,0.0,False,,disabled_or_unavailable,,null,"[[0.9997117946541726, -0.01878768747476349, 0.014944913137410856], [0.019044840525109595, 0.9996697310473428, -0.017254647985605807], [-0.014615802362760786, 0.017534298591179585, 0.9997394293985852]]",nan,nan,False,,disabled_or_unavailable,10.11600242355536,null,nan
visual_span,65.56,65.8,0.23999999999999488,65.8,27,0,0.0,False,,disabled_or_unavailable,,null,"[[0.9925977199259446, -0.10694380804213313, 0.057556826869309394], [0.11051112654389317, 0.9918861424410121, -0.06284243266685434], [-0.050369209918519744, 0.0687379251573385, 0.9963624041167192]]",nan,nan,False,,disabled_or_unavailable,10.11600242355536,null,nan
visual_span,65.8,66.16,0.35999999999999943,66.16,16,0,0.0,False,,disabled_or_unavailable,,null,"[[0.9866248689569675, -0.16030473312465485, -0.02955944000620144], [0.1615938993560919, 0.9856824772716738, 0.048140063257851834], [0.021419142058922112, -0.05227280877674273, 0.9984031118821948]]",nan,nan,False,,disabled_or_unavailable,10.11600242355536,null,nan
visual_span,66.16,66.32,0.1599999999999966,66.32,24,0,0.0,False,,disabled_or_unavailable,,null,"[[0.9977714036184854, -0.05742625511781083, -0.03397721801945534], [0.05944845589996408, 0.9963135790020342, 0.06184766274700706], [0.030300284030146, -0.06372972241663699, 0.9975071003598877]]",nan,nan,False,,disabled_or_unavailable,10.11600242355536,null,nan
visual_span,66.32,66.44,0.12000000000000455,66.44,29,0,0.0,False,,disabled_or_unavailable,,null,"[[0.9992413661105127, -0.0335929687796202, -0.01970291100745962], [0.034380609938081286, 0.9985632811805214, 0.04110166831500387], [0.01829387640392046, -0.041747885294497834, 0.9989606839908944]]",nan,nan,False,,disabled_or_unavailable,10.11600242355536,null,nan
visual_span,66.44,66.56,0.12000000000000455,66.56,29,0,0.0,False,,disabled_or_unavailable,,null,"[[0.9995665589486048, -0.026395986685865878, -0.013036338386411389], [0.026784156733219596, 0.9991740738030184, 0.030557800771174193], [0.012218968030720078, -0.030893723096448538, 0.9994479849864645]]",nan,nan,False,,disabled_or_unavailable,10.11600242355536,null,nan
visual_span,66.56,67.08,0.519999999999996,67.08,28,0,0.0,False,,disabled_or_unavailable,,null,"[[0.9964091557949255, -0.0837703087035822, -0.012301610778706968], [0.0840626147019747, 0.9961326181486493, 0.02555941841640927], [0.010112915381412384, -0.026501744094007726, 0.999597612293299]]",nan,nan,False,,disabled_or_unavailable,10.11600242355536,null,nan
visual_span,67.08,68.08,1.0,68.08,29,0,0.0,False,,disabled_or_unavailable,,null,"[[0.997722823595254, -0.06574228226595412, 0.015070487702042161], [0.06696741579186134, 0.9921881143316573, -0.10525260567392261], [-0.008033212263705458, 0.10602215853987271, 0.9943313177202419]]",nan,nan,False,,disabled_or_unavailable,10.11600242355536,null,nan
visual_span,68.08,68.36,0.28000000000000114,68.36,29,0,0.0,False,,disabled_or_unavailable,,null,"[[0.9999627879335123, -0.008544114139552673, 0.0011919990804363108], [0.00854912093519682, 0.9999543795101257, -0.004260449478052465], [-0.0011555429342280537, 0.0042704814822165146, 0.9999902138063338]]",nan,nan,False,,disabled_or_unavailable,10.11600242355536,null,nan
visual_span,68.36,68.84,0.480000000000004,68.84,29,0,0.0,False,,disabled_or_unavailable,,null,"[[0.9999465747193942, -0.01010616053263147, 0.0021709966007154623], [0.010110542731434469, 0.9999468526685983, -0.0020171177062548082], [-0.0021504959026870272, 0.0020389598950766685, 0.9999956089953193]]",nan,nan,False,,disabled_or_unavailable,10.11600242355536,null,nan
visual_span,68.84,69.36,0.519999999999996,69.36,29,0,0.0,False,,disabled_or_unavailable,,null,"[[0.9999730365489407, -0.007104813244656106, 0.0018568262841697945], [0.007114465105273063, 0.9999609406961216, -0.005244184244814288], [-0.0018194948081477382, 0.005257253169314337, 0.9999845252441445]]",nan,nan,False,,disabled_or_unavailable,10.11600242355536,null,nan
visual_span,69.36,70.36,1.0,70.36,28,0,0.0,False,,disabled_or_unavailable,,null,"[[0.9998508252441968, -0.009245273615624909, -0.01458945421430337], [0.009193751447470292, 0.9999512757246717, -0.0035945946814898836], [0.014621976365086985, 0.0034599266429055074, 0.9998871069849861]]",nan,nan,False,,disabled_or_unavailable,10.11600242355536,null,nan
visual_span,70.36,70.56,0.20000000000000284,70.56,28,0,0.0,False,,disabled_or_unavailable,,null,"[[0.9993894444258338, -0.001369578378003216, -0.03491221312506642], [0.0013811515636901756, 0.9999989989687028, 0.000307379164229944], [0.03491175719699125, -0.000355410549917411, 0.9993903356010401]]",nan,nan,False,,disabled_or_unavailable,10.11600242355536,null,nan
visual_span,70.56,70.72,0.1599999999999966,70.72,27,0,0.0,False,,disabled_or_unavailable,,null,"[[0.9997544426418206, -0.0009476296234330985, -0.022139476417468384], [0.0009531808221134286, 0.9999995168783467, 0.00024018616501605608], [0.022139238113882825, -0.00026123010986866684, 0.9997548629011848]]",nan,nan,False,,disabled_or_unavailable,10.11600242355536,null,nan
visual_span,70.72,71.04,0.3200000000000074,71.04,24,0,0.0,False,,disabled_or_unavailable,,null,"[[0.9998945400722089, -0.001881282896605311, -0.014400330150678091], [0.0018720806716804664, 0.999998034788619, -0.0006524820750930874], [0.014401529354353605, 0.0006254546846396613, 0.9998960969814279]]",nan,nan,False,,disabled_or_unavailable,10.11600242355536,null,nan
visual_span,71.04,71.28,0.23999999999999488,71.28,27,0,0.0,False,,disabled_or_unavailable,,null,"[[0.999981131349792, -0.0012003396264906772, 0.006024626890619683], [0.0012053200821770225, 0.9999989348378342, -0.0008231200985082564], [-0.006023632449743456, 0.0008303661711219261, 0.9999815130011817]]",nan,nan,False,,disabled_or_unavailable,10.11600242355536,null,nan
visual_span,71.28,71.36,0.0799999999999983,71.36,28,0,0.0,False,,disabled_or_unavailable,,null,"[[0.9999973692078548, -0.0003226666761631835, 0.0022710049727334694], [0.0003232236195941252, 0.9999999177805746, -0.0002448782071936389], [-0.002270925771975565, 0.000245611605417378, 0.9999973912821364]]",nan,nan,False,,disabled_or_unavailable,10.11600242355536,null,nan
visual_span,71.36,71.52,0.1599999999999966,71.52,27,0,0.0,False,,disabled_or_unavailable,,null,"[[0.9999912838559691, -0.0007311456389753512, 0.00411067368506706], [0.0007310008227849739, 0.9999997321442553, 3.6731657349560314e-05], [-0.004110699440190582, -3.37264313451598e-05, 0.9999915504706228]]",nan,nan,False,,disabled_or_unavailable,10.11600242355536,null,nan
visual_span,71.52,72.0,0.480000000000004,72.0,29,0,0.0,False,,disabled_or_unavailable,,null,"[[0.999995981070113, -0.002365088511242087, 0.0015633937303431104], [0.002363448398255918, 0.9999966557071831, 0.0010500886239918393], [-0.001565872054437077, -0.0010463894033514616, 0.9999982265553902]]",nan,nan,False,,disabled_or_unavailable,10.11600242355536,null,nan
visual_span,72.0,73.08,1.0799999999999983,73.08,30,28,0.9333333333333333,False,,disabled_or_unavailable,,null,"[[0.9999882169030972, -0.004157157874488003, 0.0025068094006242057], [0.0041520850902179995, 0.999989328870456, 0.002025422084140856], [-0.0025152026495025973, -0.002014989732459819, 0.9999948067725204]]",nan,nan,False,,disabled_or_unavailable,10.11600242355536,null,nan
visual_span,73.08,74.16,1.0799999999999983,74.16,34,34,1.0,False,,disabled_or_unavailable,,null,"[[0.9999872047583008, -0.003400199493063791, 0.0037455257424536237], [0.0033966309224507624, 0.9999937718721057, 0.000958705051372422], [-0.003748762203269943, -0.0009459706159519181, 0.9999925259328376]]",nan,nan,False,,disabled_or_unavailable,10.11600242355536,null,nan
visual_span,74.16,74.24,0.0799999999999983,74.24,26,0,0.0,False,,disabled_or_unavailable,,null,"[[0.9999999548661831, -0.00020435666465986991, 0.00022024074521353324], [0.00020435115822394772, 0.9999999788071992, 2.5024107934654717e-05], [-0.00022024585438924855, -2.4979100353848714e-05, 0.9999999754339041]]",nan,nan,False,,disabled_or_unavailable,10.11600242355536,null,nan
visual_span,74.24,75.36,1.1200000000000045,75.36,39,39,1.0,False,,disabled_or_unavailable,,null,"[[0.9999893023370079, -0.0033925949870944137, 0.0031441232161142987], [0.0033939587446537717, 0.999994148692718, -0.000428514137533199], [-0.003142651043968334, 0.00043918057791696825, 0.9999949654197445]]",nan,nan,False,,disabled_or_unavailable,10.11600242355536,null,nan
visual_span,75.36,76.6,1.2399999999999949,76.6,43,43,1.0,False,,disabled_or_unavailable,,null,"[[0.9999927710949573, -0.0027235438758993064, 0.0026533123797045453], [0.0027268472307085028, 0.9999955106467043, -0.0012421717342386402], [-0.002649917358828268, 0.0012493979322119285, 0.9999957084621905]]",nan,nan,False,,disabled_or_unavailable,10.11600242355536,null,nan
visual_span,76.6,77.64,1.0400000000000063,77.64,45,45,1.0,False,,disabled_or_unavailable,,null,"[[0.9999964028659597, -0.0003446777804598614, 0.002659972249711569], [0.0003471644128445014, 0.9999995031596646, -0.0009344288602283631], [-0.002659648851264523, 0.0009353489466667553, 0.9999960256872705]]",nan,nan,False,,disabled_or_unavailable,10.11600242355536,null,nan
visual_span,77.64,78.68,1.0400000000000063,78.68,44,44,1.0,False,,disabled_or_unavailable,,null,"[[0.9999936353799346, -0.0004141027595091439, 0.0035436871373219466], [0.0004216889458566345, 0.9999976206841072, -0.002140281420151882], [-0.0035427924093286104, 0.002141762131767193, 0.9999914307017412]]",nan,nan,False,,disabled_or_unavailable,10.11600242355536,null,nan
visual_span,78.68,79.96,1.279999999999987,79.96,39,39,1.0,False,,disabled_or_unavailable,,null,"[[0.9999870090616975, 0.00023887759747767006, 0.00509162501903467], [-0.00023054658677330598, 0.9999986339600874, -0.0016367425671296447], [-0.005092009044803798, 0.0016355474475386698, 0.9999856981119455]]",nan,nan,False,,disabled_or_unavailable,10.11600242355536,null,nan
visual_span,79.96,81.0,1.0400000000000063,81.0,41,41,1.0,False,,disabled_or_unavailable,,null,"[[0.999993792091601, 0.0024298549097724518, 0.002551780432788025], [-0.002428445941688301, 0.9999968972499201, -0.0005551043512178766], [-0.002553121338284326, 0.0005489040443448287, 0.9999965901320773]]",nan,nan,False,,disabled_or_unavailable,10.11600242355536,null,nan
visual_span,81.0,82.12,1.1200000000000045,82.12,34,34,1.0,False,,disabled_or_unavailable,,null,"[[0.9999943471077595, 0.002787922002095013, 0.001879692378145172], [-0.0027842656826223377, 0.9999942324265508, -0.001944987980021451], [-0.001885104011664631, 0.0019397434222316338, 0.9999963418824698]]",nan,nan,False,,disabled_or_unavailable,10.11600242355536,null,nan
visual_span,82.12,83.2,1.0799999999999983,83.2,27,0,0.0,False,,disabled_or_unavailable,,null,"[[0.9999902906171919, 0.003591796599884587, 0.0025529724890078647], [-0.0035837674114870995, 0.9999886400145874, -0.0031426824396839723], [-0.0025642313633790046, 0.003133502666568591, 0.9999918029056809]]",nan,nan,False,,disabled_or_unavailable,10.11600242355536,null,nan
visual_span,83.2,83.6,0.3999999999999915,83.6,26,0,0.0,False,,disabled_or_unavailable,,null,"[[0.9999976359416535, 0.0015806258077875938, 0.001493229105033091], [-0.001578801825788507, 0.9999980071805625, -0.0012218918521863854], [-0.0014951574830929972, 0.001219531450725407, 0.9999981386218384]]",nan,nan,False,,disabled_or_unavailable,10.11600242355536,null,nan
visual_span,83.6,83.92,0.3200000000000074,83.92,28,0,0.0,False,,disabled_or_unavailable,,null,"[[0.9999985373906142, 0.0012259751364564564, 0.0011925609407839237], [-0.0012244710752445092, 0.9999984551268144, -0.0012611163985728779], [-0.0011941051957773316, 0.0012596542976747401, 0.9999984936907815]]",nan,nan,False,,disabled_or_unavailable,10.11600242355536,null,nan
visual_span,83.92,84.28,0.35999999999999943,84.28,27,0,0.0,False,,disabled_or_unavailable,,null,"[[0.9999976097646892, 0.001738790215080875, 0.0013255464898485015], [-0.0017377026873690938, 0.9999981530510078, -0.0008211479428330353], [-0.0013269718456398794, 0.0008188425743985844, 0.9999987843205409]]",nan,nan,False,,disabled_or_unavailable,10.11600242355536,null,nan
visual_span,84.28,84.48,0.20000000000000284,84.48,29,0,0.0,False,,disabled_or_unavailable,,null,"[[0.9999882589510939, 0.0010558842182517313, -0.004729383519905269], [-0.0010574255571298877, 0.9999993886257137, -0.0003234182905654109], [0.004729039136212892, 0.0003284154642988609, 0.9999887641029431]]",nan,nan,False,,disabled_or_unavailable,10.11600242355536,null,nan
visual_span,84.48,84.52,0.03999999999999204,84.52,23,0,0.0,False,,disabled_or_unavailable,,null,"[[0.9999145975478455, 0.0002543259764019244, -0.013066481126454884], [-0.0002553482962333923, 0.9999999644670176, -7.657161006805568e-05], [0.013066461188014343, 7.990157435819647e-05, 0.9999146269596023]]",nan,nan,False,,disabled_or_unavailable,10.11600242355536,null,nan
visual_span,84.52,84.56,0.04000000000000625,84.56,27,0,0.0,False,,disabled_or_unavailable,,null,"[[0.999916473240199, 0.0001602856207337809, -0.012923654723103173], [-0.00016100918354636367, 0.9999999855284327, -5.494703874265872e-05], [0.012923645728857422, 5.702327628995384e-05, 0.9999164845772975]]",nan,nan,False,,disabled_or_unavailable,10.11600242355536,null,nan
visual_span,84.56,84.6,0.03999999999999204,84.6,27,0,0.0,False,,disabled_or_unavailable,,null,"[[0.9997988165459493, 0.00024235618817377704, -0.020056612296133744], [-0.0002420652113348359, 0.9999999705588104, 1.693552300823892e-05], [0.020056615810072016, -1.2077107767099482e-05, 0.9997988457766845]]",nan,nan,False,,disabled_or_unavailable,10.11600242355536,null,nan
visual_span,84.6,84.64,0.04000000000000625,84.64,19,0,0.0,False,,disabled_or_unavailable,,null,"[[0.9997612474881417, 0.00022358121814440351, -0.0218494400933717], [-0.00022252422808496691, 0.9999999739507897, 5.0807363895049676e-05], [0.021849450883783348, -4.593320371843257e-05, 0.9997612711973886]]",nan,nan,False,,disabled_or_unavailable,10.11600242355536,null,nan
visual_span,84.64,84.68,0.04000000000000625,84.68,19,0,0.0,False,,disabled_or_unavailable,,null,"[[0.9997464246361407, 0.00021959836482037662, -0.022517508827837776], [-0.0002156816464237344, 0.9999999611876156, 0.0001763694845571], [0.022517546684329974, -0.00017146814822353073, 0.9997464331969349]]",nan,nan,False,,disabled_or_unavailable,10.11600242355536,null,nan
visual_span,84.68,84.72,0.03999999999999204,84.72,20,0,0.0,False,,disabled_or_unavailable,,null,"[[0.9997448157281555, 0.00023957604048364692, -0.02258862607591014], [-0.00023841880429318309, 0.999999970124336, 5.392403052070186e-05], [0.022588638319965652, -4.85247167365942e-05, 0.9997448429795484]]",nan,nan,False,,disabled_or_unavailable,10.11600242355536,null,nan
visual_span,84.72,84.76,0.04000000000000625,84.76,20,0,0.0,False,,disabled_or_unavailable,,null,"[[0.9997633316473142, 0.00022944852796846478, -0.02175380534148397], [-0.00022665412933634666, 0.9999999657437819, 0.00013092112330653267], [0.021753834635939894, -0.00012595954861052152, 0.9997633494046599]]",nan,nan,False,,disabled_or_unavailable,10.11600242355536,null,nan
visual_span,84.76,84.8,0.03999999999999204,84.8,18,0,0.0,False,,disabled_or_unavailable,,null,"[[0.999801479144061, 9.797119007532766e-05, -0.019924675731200058], [-9.631101968850074e-05, 0.9999999918103751, 8.428189011452443e-05], [0.019924683825221518, -8.234619256492416e-05, 0.9998014803917673]]",nan,nan,False,,disabled_or_unavailable,10.11600242355536,null,nan
visual_span,84.8,84.84,0.04000000000000625,84.84,11,0,0.0,False,,disabled_or_unavailable,,null,"[[0.9996799473091618, -0.003828976964091755, -0.0250068367323864], [0.004011790247144391, 0.9999655659927342, 0.007264459225836081], [0.02497816019975635, -0.007362456399828286, 0.9996608853750337]]",nan,nan,False,,disabled_or_unavailable,10.11600242355536,null,nan
visual_span,84.84,84.88,0.03999999999999204,84.88,8,0,0.0,False,,disabled_or_unavailable,,null,"[[0.9995319469305891, -0.00890229074230093, -0.029268349538122948], [0.009226919051608714, 0.99989719964454, 0.010975158669565083], [0.029167636687967347, -0.01124007840482497, 0.999511335407204]]",nan,nan,False,,disabled_or_unavailable,10.11600242355536,null,nan
visual_span,84.88,84.96,0.0799999999999983,84.96,9,0,0.0,False,,disabled_or_unavailable,,null,"[[0.9988622222939608, -0.027751738609752902, -0.038782752327622856], [0.02822554956043283, 0.9995328323458931, 0.011723285145733156], [0.03843929273518617, -0.012804611151166113, 0.9991788942463136]]",nan,nan,False,,disabled_or_unavailable,10.11600242355536,null,nan
visual_span,84.96,85.0,0.04000000000000625,85.0,10,0,0.0,False,,disabled_or_unavailable,,null,"[[0.9997690173482986, -0.01665151297515838, -0.013588195835208327], [0.01670928729458099, 0.9998517801175338, 0.004149399222318871], [0.01351708801942915, -0.004375489851109055, 0.9998990666162452]]",nan,nan,False,,disabled_or_unavailable,10.11600242355536,null,nan
visual_span,85.0,85.04,0.04000000000000625,85.04,9,0,0.0,False,,disabled_or_unavailable,,null,"[[0.9997801998677538, -0.01760375589242719, -0.011386822685629017], [0.01763125371806763, 0.9998418680325645, 0.0023190130402569583], [0.011344198725482861, -0.0025192672806970025, 0.9999324789442761]]",nan,nan,False,,disabled_or_unavailable,10.11600242355536,null,nan
visual_span,85.04,85.08,0.03999999999999204,85.08,16,0,0.0,False,,disabled_or_unavailable,,null,"[[0.9997914424851135, -0.018173886794118372, -0.009315652007803783], [0.018186541829280662, 0.9998337975143364, 0.001275556487446524], [0.009290921904082153, -0.0014447099554623507, 0.9999557948146092]]",nan,nan,False,,disabled_or_unavailable,10.11600242355536,null,nan
visual_span,85.08,85.12,0.04000000000000625,85.12,15,0,0.0,False,,disabled_or_unavailable,,null,"[[0.9997988004017692, -0.018559930861652352, -0.007608395467804438], [0.018563542602882736, 0.9998276008314435, 0.00040435339868658405], [0.007599579015628442, -0.0005455108163513925, 0.9999709739871128]]",nan,nan,False,,disabled_or_unavailable,10.11600242355536,null,nan
visual_span,85.12,85.16,0.03999999999999204,85.16,18,0,0.0,False,,disabled_or_unavailable,,null,"[[0.9998037699175338, -0.01875874430642494, -0.006366409563767842], [0.018755600520660737, 0.9998239452348462, -0.0005531583292514049], [0.006375665282686615, 0.0004336439484178953, 0.9999795812141015]]",nan,nan,False,,disabled_or_unavailable,10.11600242355536,null,nan
visual_span,85.16,85.2,0.04000000000000625,85.2,19,0,0.0,False,,disabled_or_unavailable,,null,"[[0.9998074276221822, -0.018874469894105832, -0.005372341922444458], [0.018868029146039893, 0.9998212051936691, -0.0012470449965269622], [0.005394918688854435, 0.0011454393461315612, 0.9999847912948703]]",nan,nan,False,,disabled_or_unavailable,10.11600242355536,null,nan
visual_span,85.2,85.28,0.0799999999999983,85.28,12,0,0.0,False,,disabled_or_unavailable,,null,"[[0.9992441150940703, -0.03796857695986584, -0.00834179917710805], [0.03793623687509386, 0.9992721499035198, -0.0040015445710783505], [0.008487660550777492, 0.003682063394389433, 0.9999572000978514]]",nan,nan,False,,disabled_or_unavailable,10.11600242355536,null,nan
visual_span,85.28,85.32,0.03999999999999204,85.32,14,0,0.0,False,,disabled_or_unavailable,,null,"[[0.9998137792990665, -0.019012896409823666, -0.003304011777654786], [0.01900549784681273, 0.9998168330301597, -0.0022564221982210157], [0.0033463077133407586, 0.002193207616971599, 0.9999919960004863]]",nan,nan,False,,disabled_or_unavailable,10.11600242355536,null,nan
visual_span,85.32,85.36,0.04000000000000625,85.36,12,0,0.0,False,,disabled_or_unavailable,,null,"[[0.9998148872328377, -0.019027838300727865, -0.0028517778997848822], [0.019021265750592306, 0.9998164006660114, -0.002314391606310912], [0.0028952921845112442, 0.0022597187575828957, 0.9999932554544072]]",nan,nan,False,,disabled_or_unavailable,10.11600242355536,null,nan
visual_span,85.36,85.4,0.04000000000000625,85.4,14,0,0.0,False,,disabled_or_unavailable,,null,"[[0.9998159341267148, -0.019032995882474125, -0.0024172161804102686], [0.01902750808049001, 0.9998163760264284, -0.0022733599861758124], [0.0024600411728265058, 0.0022269479377796174, 0.9999944944349997]]",nan,nan,False,,disabled_or_unavailable,10.11600242355536,null,nan
visual_span,85.4,85.44,0.03999999999999204,85.44,18,0,0.0,False,,disabled_or_unavailable,,null,"[[0.9998177617471297, -0.01898204821842562, -0.0020310441633248307], [0.018977548811594934, 0.9998174629219722, -0.0022121205605614746], [0.00207266400160346, 0.0021731731878273774, 0.9999954906809492]]",nan,nan,False,,disabled_or_unavailable,10.11600242355536,null,nan
visual_span,85.44,85.48,0.04000000000000625,85.48,18,0,0.0,False,,disabled_or_unavailable,,null,"[[0.9998180190700195, -0.01900156245945959, -0.0016939206007586167], [0.0189981182440364, 0.9998174653381032, -0.002026698812527168], [0.0017321218456072245, 0.001994148688123252, 0.9999965115563764]]",nan,nan,False,,disabled_or_unavailable,10.11600242355536,null,nan
visual_span,85.48,85.52,0.03999999999999204,85.52,18,0,0.0,False,,disabled_or_unavailable,,null,"[[0.9998188748915902, -0.018984726897516783, -0.0013407293320042033], [0.0189825690382752, 0.9998185277457972, -0.001604259621743211], [0.001370942457621557, 0.0015785185629388948, 0.9999978143955739]]",nan,nan,False,,disabled_or_unavailable,10.11600242355536,null,nan
visual_span,85.52,85.56,0.04000000000000625,85.56,20,0,0.0,False,,disabled_or_unavailable,,null,"[[0.999819550959652, -0.018970586817092832, -0.0009911380603583862], [0.018969238586426757, 0.9998191531140683, -0.0013524251247837343], [0.0010166151143699695, 0.0013333799466287981, 0.9999985942948255]]",nan,nan,False,,disabled_or_unavailable,10.11600242355536,null,nan
visual_span,85.56,85.6,0.03999999999999204,85.6,22,0,0.0,False,,disabled_or_unavailable,,null,"[[0.9998200389559652, -0.018958504682519518, -0.0006817641053842433], [0.018958025701781688, 0.9998200338299303, -0.0007022918253105835], [0.000694955813767952, 0.0006892405387080568, 0.9999995209918338]]",nan,nan,False,,disabled_or_unavailable,10.11600242355536,null,nan
visual_span,85.6,85.64,0.04000000000000625,85.64,23,0,0.0,False,,disabled_or_unavailable,,null,"[[0.9998212722426104, -0.018902859192920046, -0.00032478531429965885], [0.01890274365627179, 0.9998212640864488, -0.0003551940891312685], [0.0003314414473528053, 0.00034899127254875195, 0.9999998841758225]]",nan,nan,False,,disabled_or_unavailable,10.11600242355536,null,nan
visual_span,85.64,85.68,0.04000000000000625,85.68,26,0,0.0,False,,disabled_or_unavailable,,null,"[[0.9998203263485649, -0.018955573292929705, 3.551598837891615e-05], [0.018955564152804104, 0.9998202978430649, 0.00024209224242714074], [-4.009860332417615e-05, -0.00024137551923379298, 0.9999999700649799]]",nan,nan,False,,disabled_or_unavailable,10.11600242355536,null,nan
visual_span,85.68,85.72,0.03999999999999204,85.72,25,0,0.0,False,,disabled_or_unavailable,,null,"[[0.999820485546789, -0.018942934971153905, 0.00040236259971240763], [0.01894261566432495, 0.9998202658842181, 0.000783095782749527], [-0.0004171244139151338, -0.0007753334056542242, 0.9999996124325916]]",nan,nan,False,,disabled_or_unavailable,10.11600242355536,null,nan
visual_span,85.72,85.76,0.04000000000000625,85.76,22,0,0.0,False,,disabled_or_unavailable,,null,"[[0.9998205040203981, -0.018930856228209836, 0.0007631663411887274], [0.018929848675645497, 0.9998199607196876, 0.001306512763009396], [-0.000787762346546753, -0.0012918316258680883, 0.9999988553001129]]",nan,nan,False,,disabled_or_unavailable,10.11600242355536,null,nan
visual_span,85.76,85.8,0.03999999999999204,85.8,27,0,0.0,False,,disabled_or_unavailable,,null,"[[0.9998200578759902, -0.018931625082001094, 0.0012022647823473095], [0.018929158443717883, 0.9998187647233617, 0.00203092778412392], [-0.0012404956529345414, -0.002007804474108379, 0.9999972149419865]]",nan,nan,False,,disabled_or_unavailable,10.11600242355536,null,nan
visual_span,85.8,85.88,0.0799999999999983,85.88,24,0,0.0,False,,disabled_or_unavailable,,null,"[[0.9992789066088268, -0.037805271824619804, 0.0035253693330639727], [0.03778518146071874, 0.9992701871004592, 0.005601181499826202], [-0.0037345506621890177, -0.005463935804898039, 0.9999780990286096]]",nan,nan,False,,disabled_or_unavailable,10.11600242355536,null,nan
visual_span,85.88,85.96,0.0799999999999983,85.96,29,0,0.0,False,,disabled_or_unavailable,,null,"[[0.9992695332118621, -0.037858261083852436, 0.005210764075859208], [0.037816756181099954, 0.9992538902155723, 0.007845753053992393], [-0.005503902841315343, -0.007642967797384517, 0.9999556450647007]]",nan,nan,False,,disabled_or_unavailable,10.11600242355536,null,nan
visual_span,85.96,86.08,0.12000000000000455,86.08,28,0,0.0,False,,disabled_or_unavailable,,null,"[[0.9983272949205985, -0.05675598763325705, 0.011016809170261918], [0.05657687321568021, 0.9982709769661409, 0.015940952424599825], [-0.01190250535211983, -0.015290991296841446, 0.999812240348908]]",nan,nan,False,,disabled_or_unavailable,10.11600242355536,null,nan
visual_span,86.08,86.24,0.1599999999999966,86.24,29,0,0.0,False,,disabled_or_unavailable,,null,"[[0.9969098135354324, -0.07583432696740341, 0.020493377714544164], [0.07523948421978338, 0.9967613537248786, 0.028387034626550317], [-0.02257971857864911, -0.02675740222721462, 0.9993869109283754]]",nan,nan,False,,disabled_or_unavailable,10.11600242355536,null,nan
visual_span,86.24,86.48,0.2400000000000091,86.48,23,0,0.0,False,,disabled_or_unavailable,,null,"[[0.9925960656129731, -0.11427293906845185, 0.04116729194766435], [0.11200643947587749, 0.9922553175410392, 0.05370234936637258], [-0.04698518964081056, -0.048693738901312913, 0.9977080293082881]]",nan,nan,False,,disabled_or_unavailable,10.11600242355536,null,nan
visual_span,86.48,86.76,0.28000000000000114,86.76,26,0,0.0,False,,disabled_or_unavailable,,null,"[[0.9903695894763191, -0.13253559941416984, 0.04002987794678166], [0.13118895377883819, 0.9907537812784096, 0.03458906314064505], [-0.0442440351564071, -0.02900447845523824, 0.9985996222624054]]",nan,nan,False,,disabled_or_unavailable,10.11600242355536,null,nan
visual_span,86.76,86.96,0.19999999999998863,86.96,26,0,0.0,False,,disabled_or_unavailable,,null,"[[0.9918052598132694, -0.09016277651343209, 0.09051519396279538], [0.09721255399717292, 0.9922995957506233, -0.07675435895437333], [-0.08289780426573619, 0.084924590105216, 0.992932912156396]]",nan,nan,False,,disabled_or_unavailable,10.11600242355536,null,nan
visual_span,86.96,87.76,0.8000000000000114,87.76,26,0,0.0,False,,disabled_or_unavailable,,null,"[[0.9339234205174312, -0.34999396854967396, 0.07274109284215549], [0.35480836919970554, 0.9323671595498094, -0.06930007892394952], [-0.04356679647239077, 0.09053011527591245, 0.9949403160357224]]",nan,nan,False,,disabled_or_unavailable,10.11600242355536,null,nan
visual_span,87.76,88.92,1.1599999999999966,88.92,40,33,0.825,False,13.027265623910786,Mahalanobis gate,0.930918881769405,"[[0.9756038132008693, -0.20809664111324128, -0.06994989367618885], [0.21472971503188104, 0.9708240916849472, 0.1067320593187641], [0.04569845894831065, -0.11914852479776604, 0.9918242182404429]]","[[0.9770847350226878, -0.20486563758683207, -0.05775371089190075], [0.20972841654474889, 0.9729386376534411, 0.09697627882476549], [0.03632370960236263, -0.10686663603392381, 0.9936096367404639]]",0.2677656851729344,28.38414206475868,False,12.243593648024229,Mahalanobis gate,25.353552297228664,"[-0.9330236143390047, 0.2516916889015291, -0.2571346511531976]",6.832199616546974
visual_span,88.92,90.04,1.1200000000000045,90.04,55,52,0.9454545454545454,True,3.449069638419009,,0.46409756064372854,"[[0.9988555809478347, -0.04768860388270946, 0.003650406700881176], [0.047827116413381915, 0.996414021042468, -0.06979731803988601], [-0.00030877976718576773, 0.06989202908557035, 0.9975545142624324]]","[[0.9987920375752093, -0.04775066659733806, 0.01159049247753243], [0.04845855064397848, 0.996270831599033, -0.07138766682317235], [-0.008138460901598416, 0.07186309167076763, 0.9973813019651372]]",0.21370577838353397,9.792293830353337,False,39.1823011380804,Mahalanobis gate,28.761666066021206,"[-0.9664625260158608, -0.14670783977812663, -0.21077712293955753]",15.125375530469233
visual_span,90.04,91.08,1.039999999999992,91.08,61,55,0.9016393442622951,True,3.6101851811287,,0.47916687206605874,"[[0.9999825271826315, -0.005836863411724086, 0.0009361383180833818], [0.005844911885245868, 0.9999438575383686, -0.00883848269447669], [-0.0008844967447192296, 0.008843799907264353, 0.9999605016542948]]","[[0.9999094931174368, -0.012354988922318183, 0.005325394103697721], [0.012416509795783954, 0.9998547119798128, -0.011678408121685326], [-0.005180333784757947, 0.011743473953427907, 0.9999176240877963]]",0.3865798838574237,1.5207010998006734,False,18.75101592308024,Mahalanobis gate,18.21467345334493,"[-0.9716845834468567, -0.2293931436188258, -0.05663793739519184]",14.714280221029592
visual_span,91.08,92.24,1.1599999999999966,92.24,63,57,0.9047619047619048,True,3.2315637003655384,,0.45703081046866734,"[[0.997295002450532, -0.006671493906644957, -0.07319951677604786], [0.006720913845445102, 0.9999773224478002, 0.000428844039577348], [0.07319499575978822, -0.0009196516632812184, 0.9973172247768224]]","[[0.997616035500226, -0.0037180585253904328, -0.06890879300650873], [0.0033553091381969065, 0.9999799028970285, -0.005379191634146086], [0.06892740828871508, 0.005135157529375941, 0.997608461543781]]",0.29905772346372217,8.325872570450107,True,5.546287583282801,,9.0123384559811,"[-0.9954658805921757, -0.09496553018174514, -0.005406353127974488]",6.044409522724306
visual_span,92.24,93.4,1.1600000000000108,93.4,60,55,0.9166666666666666,True,2.457831925957733,,0.39177185656120267,"[[0.9999795561089537, 0.001008198723059241, -0.0063143407791112684], [-0.0010226037270279504, 0.9999968813487858, -0.0022785026486529317], [0.006312023903423872, 0.002284913135607478, 0.9999774685092686]]","[[0.9999991730671031, 2.4050821757688245e-05, -0.0012858019554127785], [-3.2806379442736296e-05, 0.9999768123245075, -0.006809826507234509], [0.0012856083587307623, 0.006809863058471784, 0.9999759861998053]]",0.13539862930185886,0.7117013062149897,True,4.142389359963488,,4.112405501377982,"[-0.9975558729579704, -0.06940196440240717, 0.008102324613904643]",5.019573056668709
visual_span,93.4,94.68,1.2800000000000011,94.68,59,58,0.9830508474576272,True,5.193205018198325,,0.5899684838560144,"[[0.999991181372556, -0.0025757160610661825, -0.003317056510286441], [0.002588583799166965, 0.9999891191323911, 0.003880831191807945], [0.0033070244986026748, -0.00388938344694694, 0.9999869680577683]]","[[0.9999950989886575, 0.002173102539809495, 0.0022538021246275596], [-0.002165527173928907, 0.9999920165915233, -0.0033581609964289114], [-0.0022610817597950015, 0.0033532638682982376, 0.999991821531909]]",0.32227184027371103,0.35966547385651854,True,0.34433738108475703,,1.1137541817578618,"[-0.9981728536485559, -0.06036743500013611, 0.0025936519817876666]",4.048209996936099
visual_span,94.68,95.68,1.0,95.68,68,67,0.9852941176470589,True,2.398790859685238,,0.37759555094815017,"[[0.9999981805607421, -0.001421771717534804, -0.0012717862982714618], [0.0014212177265824839, 0.9999988948476971, -0.0004363983934349211], [0.001272405351647269, 0.0004345901142030239, 0.9999990960576182]]","[[0.9999915822719261, 0.003293618387696471, 0.0024469293421986956], [-0.0032858953556533102, 0.999989628928225, -0.0031535579434068357], [-0.0024572905813479303, 0.003145491043852461, 0.9999920337728155]]",0.18113533754434302,0.06154650103098158,False,10.147968804053448,Mahalanobis gate,6.282606338910969,"[-0.9971637123910085, 0.07475496672537368, -0.008730729664249173]",3.8600667088127136
visual_span,95.68,96.68,1.0,96.68,46,43,0.9347826086956522,True,5.23088038158877,,0.5532784991468899,"[[0.9999498028406708, 0.008400814729311519, -0.005460596193417807], [-0.0083988154033227, 0.9999646536780613, 0.0003889657258279076], [0.005463670810425509, -0.00034308366143279183, 0.999985015185166]]","[[0.9999916699639817, 0.0035287901853313466, 0.0020512538787357147], [-0.0035221408685061893, 0.9999885606671596, -0.0032362105192413858], [-0.0020626503216778207, 0.0032289587563732207, 0.9999926596225595]]",0.5170510405394472,0.6381177506181946,False,61.68626749564586,Mahalanobis gate,15.049722928740215,"[-0.9616100985897514, -0.18637204858400572, -0.20142362770243705]",16.31150207309095
visual_span,96.68,97.8,1.1199999999999903,97.8,63,60,0.9523809523809523,True,3.7855212807921967,,0.48405325885077133,"[[0.9999978231526376, -0.0010687338342128619, -0.0017920652827840473], [0.0010701187253948287, 0.999999129422947, 0.0007720098845086472], [0.0017912386495692132, -0.0007739259265772036, 0.9999980962495681]]","[[0.9999848235850428, 0.005442368397349756, 0.0008562860611756209], [-0.00543897928179521, 0.9999775578604599, -0.0039116850337027834], [-0.0008775556752921598, 0.003906968346201505, 0.999991982715051]]",0.21544131682774617,0.11417413171890929,True,0.7144685524304815,,1.8031645308840756,"[-0.997504790107617, 0.06647544144729406, -0.02377413293364024]",3.4297821915016176
visual_span,97.8,98.92,1.1200000000000045,98.92,60,54,0.9,True,0.9322142580707866,,0.2397380745182842,"[[0.9999977253297485, 0.002057284729702317, -0.0005629519250921327], [-0.002057723963071764, 0.9999975780831543, -0.0007807687990994503], [0.0005613442979415666, 0.000781925422774209, 0.999999536742499]]","[[0.9999883403495256, 0.004771417530381621, 0.0007434646948783805], [-0.004768646662902146, 0.9999818394863814, -0.0036852010036714537], [-0.0007610348258495621, 0.003681612715079605, 0.9999929332519357]]",0.04171575152939459,0.27999498410768153,True,3.1226347493418913,,3.4464598816684937,"[-0.9989263961451273, 0.04462647760827246, 0.012431113417010324]",1.9201187498086218
visual_span,98.92,100.12,1.2000000000000028,100.12,52,48,0.9230769230769231,True,1.4226837219493593,,0.3002098828773467,"[[0.9998933016410245, 0.004747523360029255, -0.01381471517465922], [-0.00479553185700286, 0.9999825702957685, -0.003444122366657452], [0.01379812333686918, 0.003510003791168318, 0.999898640696029]]","[[0.9998042728193927, 0.00562853913945701, -0.018966697109449728], [-0.005687825019533157, 0.9999791015353529, -0.0030732945019966065], [0.018949002576209146, 0.0031805722290855895, 0.9998153925908837]]",0.1371451545364818,1.6371058598406965,True,2.2325679333504156,,2.588309875093015,"[-0.9971105167546356, 0.0708778953831195, 0.027330227283424574]",3.469369777084056
visual_span,100.12,101.2,1.0799999999999983,101.2,39,33,0.8461538461538461,False,30.63181552009109,Mahalanobis gate,1.3595288561247798,"[[0.8964921553871721, -0.3057685874986764, -0.3206359091373371], [0.3263269179210311, 0.9451925169191836, 0.011038505339912907], [0.2996874337863086, -0.11452806144802632, 0.9471381975042152]]","[[0.8962145850047404, -0.32288667475786903, -0.30420981721270457], [0.34066954191527166, 0.9401655806387615, 0.005739703251846112], [0.28415432573870836, -0.1087790248438842, 0.952587761268217]]",0.6326541980696362,53.08019159946968,False,26.183934257213945,Mahalanobis gate,10.578518898121612,"[-0.991976324490161, -0.12472302864413193, 0.020667311794879312]",7.559229658582491
visual_span,101.2,102.2,1.0,102.2,70,46,0.6571428571428571,True,5.428381601527239,,0.5637349015393789,"[[0.8919831832407761, -0.44891497753646115, 0.0533042564819195], [0.4365845901381883, 0.8860179329663331, 0.15609650257432514], [-0.11730258509309091, -0.11596363829021886, 0.9863024577303725]]","[[0.8883089430850621, -0.4555667349068544, 0.05801871837095309], [0.44310261544157625, 0.8834174160306074, 0.15242618293009794], [-0.12069504473645451, -0.10969329560238808, 0.9866104028824917]]",0.793265592497629,56.76173100660185,False,116.79170882956547,Mahalanobis gate,34.11313191772851,"[-0.8534790669762462, -0.4752351516014549, -0.21383412476893887]",28.913663676660924
visual_span,102.2,103.44,1.2399999999999949,103.44,77,64,0.8311688311688312,False,51.52336973416691,Mahalanobis gate,1.8337801235796163,"[[0.8182714334746013, -0.5422055154638918, 0.190905841083914], [0.5647295482819057, 0.820252885681956, -0.09091611973538458], [-0.10729584547752026, 0.18220423302151764, 0.9773889804025339]]","[[0.8360877242201485, -0.5169602875594713, 0.18360113968818753], [0.5383013013961054, 0.8376198384642918, -0.09286934438399302], [-0.10577819398927091, 0.17647965122778947, 0.9786040600666266]]",1.6897528619274107,70.59422185882987,False,21.312661920978737,Mahalanobis gate,35.35262485836756,"[-0.9999981462363317, 0.0018900751046436182, 0.0003676139273546264]",45.85534169207256
visual_span,103.44,104.44,1.0,104.44,84,70,0.8333333333333334,True,5.671894496306479,,0.5807524461255207,"[[0.9806880496165501, -0.18526964829849782, -0.06265865270365992], [0.19105358197881375, 0.9760192920429032, 0.10433058215659931], [0.0418267635892576, -0.11428691517151533, 0.9925668858410638]]","[[0.9822556623015047, -0.1782539966902841, -0.05830374379551348], [0.18337305791079253, 0.9780290375806083, 0.09916412295580745], [0.03934635318651297, -0.10809585705793517, 0.9933615405167612]]",0.3021730542471096,25.575797609001306,True,0.7858356886971476,,3.8924024965979145,"[-0.48969164474821875, -0.8322790682920675, -0.25983388067508173]",10.722725959330317
visual_span,104.44,105.56,1.1200000000000045,105.56,95,80,0.8421052631578947,True,1.8843866464451553,,0.34307624242273344,"[[0.9989152552581236, -0.04603539663686568, 0.007003932401451023], [0.04647731511652266, 0.9949222413026388, -0.08927257664531182], [-0.0028586696481219032, 0.08950126266047914, 0.9959826062688157]]","[[0.9986721505736804, -0.050943723881367656, 0.007659808459723138], [0.05141401733841569, 0.9949769882355584, -0.08589174409000605], [-0.0032456878571062173, 0.08617151431184766, 0.9962750301154484]]",0.2688629655845773,11.694480863442163,False,13.129396028168944,Mahalanobis gate,8.919720076312279,"[0.021020353508937675, -0.9955394958089169, -0.09197421933828662]",4.6970371540324045
visual_span,105.56,106.76,1.2000000000000028,106.76,89,78,0.8764044943820225,True,0.9889961809782248,,0.2523436484073099,"[[0.999859773992063, -0.0167451853480167, 0.00017640918751906935], [0.016745931716304258, 0.9998426040409065, -0.0058601122559297685], [-7.825275554007862e-05, 0.00586224465199038, 0.9999828138343912]]","[[0.9999173907903145, -0.01270926222248061, 0.0019199606375261394], [0.012720796338731404, 0.9999003602599701, -0.006119713432063261], [-0.0018419922904128196, 0.006143631315621487, 0.9999794312177925]]",0.33081681559149234,1.9061773894049916,True,2.1572726616203757,,3.6369008648879495,"[-0.028864731396550068, -0.9985261610794544, -0.04596012316489566]",1.949553096966108
visual_span,106.76,107.88,1.1199999999999903,107.88,80,69,0.8625,True,4.436754986499642,,0.522213042033773,"[[0.9972972705939912, -0.0015057621339066942, -0.07345669980452238], [0.0010326618479679344, 0.9999784837675941, -0.006478087014799552], [0.07346487375122465, 0.006384722567164204, 0.9972773674572472]]","[[0.9975400834407168, -0.0036617978959308, -0.07000266541537804], [0.0037758009272515556, 0.9999917521709029, 0.0014963012816291386], [0.0699966088924726, -0.0017569366343142471, 0.9975456821204818]]",0.4481381143521542,8.110084332318642,True,3.94982451835211,,3.335104119135698,"[-0.04932473780547873, -0.9952793367484362, -0.08358296526215094]",5.799645032569094
visual_span,107.88,108.92,1.0400000000000063,108.92,86,77,0.8953488372093024,True,3.6145269196266065,,0.46359248906416994,"[[0.9999984365662595, 0.0013021859068187368, -0.0011963180600229033], [-0.0013050868337073176, 0.9999962024565644, -0.0024273073159802026], [0.0011931527115747204, 0.002428864819995108, 0.9999963384944431]]","[[0.9999613658300405, -0.0011674725649482925, -0.008712281855508035], [0.0011610404621985552, 0.9999990497437657, -0.0007433011573318878], [0.008713141360316565, 0.0007331571287563213, 0.9999617710934051]]",0.4265714912065409,0.6333461098917138,False,29.017143697033628,Mahalanobis gate,9.065855423760018,"[-0.0023988212344646116, -0.985899123787524, 0.16732352904381947]",6.656955070398568
visual_span,108.92,110.08,1.1599999999999966,110.08,84,75,0.8928571428571429,True,3.473199342746835,,0.46460697731249345,"[[0.9999956309989736, -0.0017381813687870789, -0.002390963925672468], [0.0017324418733254932, 0.9999956181739049, -0.002400474566681025], [0.002395125909052398, 0.002396321872982734, 0.9999942604902095]]","[[0.9999923328201963, -0.0005353957169905709, -0.003879130346867085], [0.0005566616971266059, 0.9999848124958992, 0.005483147389604687], [0.0038761357789310127, -0.005485264712610022, 0.9999774434668294]]",0.21400842952149707,0.29073353646583844,True,8.997687375858614,,5.112649172444826,"[-0.026084491279860636, -0.996985632009821, 0.07307016409348774]",3.0977594742404864
visual_span,110.08,111.12,1.0400000000000063,111.12,87,83,0.9540229885057471,True,2.227145988237667,,0.36458159372549415,"[[0.9999909571747873, 0.0034380154437253694, 0.0025031217432215885], [-0.0034382978566378035, 0.9999940831470648, 0.00010852976623795655], [-0.0025027338056059253, -0.00011713526294687235, 0.9999968612964885]]","[[0.9999987847422446, -0.00036195536664012577, -0.0015164110085090189], [0.00036689089512547703, 0.9999946327911515, 0.003255730326863273], [0.0015152244405502947, -0.003256282727704034, 0.999993550338047]]",0.20607385017055854,0.28709362789885323,True,3.6441033176559796,,3.665497248758033,"[0.059601818126539446, -0.9981212227904815, 0.014200277858031175]",3.330088340740441
visual_span,111.12,112.28,1.1599999999999966,112.28,70,63,0.9,False,12.32284860234802,Mahalanobis gate,0.8779588762866812,"[[0.9999499882756343, 0.00973916773773043, 0.0022736664959782478], [-0.009721876681261033, 0.9999246448297375, -0.007495983985933687], [-0.0023464998088506732, 0.007473504793560518, 0.9999693198617383]]","[[0.9999971892197699, 2.1920029896571408e-05, -0.0023708800206400592], [-1.385147508216146e-05, 0.9999942091630528, 0.003403152729071899], [0.002370940888470002, -0.003403110323371959, 0.9999913987027241]]",0.6964858607966322,0.7352889465843014,True,0.3955374740464022,,1.0638956401986912,"[0.052531194527636126, -0.9986066427980538, 0.00502459561555483]",2.9171499536127112
visual_span,112.28,113.36,1.0799999999999983,113.36,72,65,0.9027777777777778,True,0.7286297675953795,,0.21016481540535917,"[[0.9999977644761613, -0.0019832810006326354, -0.0007332388098767317], [0.001984477761511557, 0.9999966942272087, 0.0016350482159413569], [0.0007299936258940298, -0.0016364996568641703, 0.9999983944878008]]","[[0.999996347682084, 0.0007972101136601889, -0.0025824559101082526], [-0.0007890545931843579, 0.9999947036869088, 0.0031575292525923516], [0.002584959446867552, -0.0031554800215941245, 0.9999916804306382]]",0.1684503864638213,0.13841707993940017,True,7.155586311490869,,4.95654010422844,"[0.026005322523884378, -0.9993341276456237, 0.025593446879807323]",2.0440456900184247
visual_span,113.36,114.48,1.1200000000000045,114.48,64,60,0.9375,True,4.164407174948887,,0.5069297451089763,"[[0.9999815264004037, 0.00386888916197307, 0.0046881291119918915], [-0.0038551111726234403, 0.9999882342694849, -0.002944391353738597], [-0.004699465476525228, 0.0029262637013133326, 0.9999846758850782]]","[[0.9999981960619939, 0.0006417861146608153, -0.0017877313391855588], [-0.0006379379942022958, 0.9999974804129774, 0.002152255285125739], [0.0017891081223980758, -0.0021511109408459384, 0.9999960858992631]]",0.37540167301708605,0.398663858482337,True,6.664846339071444,,4.810064982613212,"[0.04499450032528504, -0.9978541619828081, 0.047566441469445137]",3.711412742675487
visual_span,114.48,115.52,1.039999999999992,115.52,59,55,0.9322033898305084,True,0.042642101385887324,,0.05048213521394251,"[[0.9999998789801755, -0.00035395032531023086, -0.0003416998705103931], [0.000354250857355253, 0.9999995501753756, 0.0008798609983921281], [0.00034138828971876854, -0.0008799819393835909, 0.9999995545428118]]","[[0.9999998452791935, 0.0004677950828409206, -0.0003010138703729427], [-0.00046762499298879165, 0.9999997311192392, 0.0005648790274567653], [0.00030127803706754845, -0.0005647381784492037, 0.9999997951511463]]",0.06830158689570588,0.051613631590470825,True,5.948088693012804,,4.689098155931398,"[0.019822477353832003, -0.9997781177326164, 0.007126338090728611]",1.156425002205804
visual_span,115.52,116.6,1.0799999999999983,116.6,59,57,0.9661016949152542,True,0.08567257897411734,,0.07205891741204842,"[[0.9999994822411746, 0.0009388616464906992, -0.00039249992526145663], [-0.0009392044250770467, 0.9999991769644556, -0.0008740511765584687], [0.0003916789890933262, 0.0008744193616774062, 0.9999995409890694]]","[[0.9999991518794131, 0.000283878842870948, -0.0012710834974329628], [-0.00028420636395221896, 0.9999999264608687, -0.0002574975734224615], [0.0012710103058454012, 0.00025785860505255344, 0.9999991590205177]]",0.062455810760114486,0.09316892560753696,True,1.30050570432169,,2.099452092023911,"[0.039276776694274915, -0.9992202640552339, 0.004024762588961111]",2.22698386529742
visual_span,116.6,117.68,1.0800000000000125,117.68,63,57,0.9047619047619048,True,0.8790256723186153,,0.23108372925085421,"[[0.999992547240009, 0.0035218392691011677, -0.001581806751996498], [-0.003524829381623276, 0.9999919988299105, -0.0018915216071506453], [0.00157513246061721, 0.0018970831090095771, 0.9999969600120836]]","[[0.9999990714965624, 0.0002583793956246115, -0.0013380007852871083], [-0.00025776278019319795, 0.9999998605185397, 0.0004610002719641788], [0.0013381197116324576, -0.0004606549571215252, 0.9999989986158228]]",0.22871048746600084,0.2644701375166224,True,8.396207425571134,,4.844562818654056,"[0.054156888011830606, -0.9968100641410093, -0.058623608794336715]",4.566773112550572
visual_span,117.68,118.76,1.0799999999999983,118.76,63,58,0.9206349206349206,True,0.2701481364398406,,0.12783211238257083,"[[0.9999991938448942, 0.0012515486827411792, 0.00021432558563113055], [-0.0012513590901114529, 0.9999988276798596, -0.0008824620866503001], [-0.00021542977863504612, 0.0008821931769791601, 0.9999995876625196]]","[[0.9999991835532974, 7.863816194139248e-05, -0.001275424940308095], [-7.826478494427e-05, 0.9999999540730294, 0.00029279440344431737], [0.001275447906545405, -0.0002926943435346263, 0.9999991437809631]]",0.07035547257661383,0.10793079092459494,True,1.139811049214958,,2.086742064607292,"[0.006899407978075457, -0.9999283205502282, 0.009785291572165504]",0.6884583007546422
visual_span,118.76,119.88,1.1199999999999903,119.88,66,61,0.9242424242424242,True,0.22943743937272887,,0.11793675663487696,"[[0.9999997085427293, -2.664702912302496e-05, -0.0007630231922243631], [2.69469403295256e-05, 0.9999999223932121, 0.00039304889243931733], [0.0007630126594233006, -0.00039306933902279087, 0.9999996316540202]]","[[0.9999987338571238, -0.000998383852726343, -0.0012391585176966039], [0.000996699787915785, 0.9999985799710245, -0.0013589133406635757], [0.0012405134751921761, 0.0013576765510533479, 0.9999983089189205]]",0.05646890625894543,0.05209231947125745,True,0.25192297573665307,,0.8631130231163631,"[0.02897616765319946, -0.9995636760308536, -0.005730555629317005]",1.7182859354547035
visual_span,119.88,121.12,1.240000000000009,121.12,55,54,0.9818181818181818,True,3.8729314638880448,,0.5010568986061527,"[[0.9999775352272382, 0.006584758582922202, -0.0012529945179523244], [-0.006588916682609999, 0.9999727020335368, -0.003343854766091], [0.0012309418373789318, 0.0033520355236360865, 0.9999936242996957]]","[[0.9999977409618819, -0.0020834346943245565, -0.000421154375307243], [0.0020823553438960463, 0.9999945876853555, -0.002547233051344023], [0.0004264590896009502, 0.0025463503039834376, 0.9999966671108332]]",0.4041867794303812,0.45459467001391746,True,0.4808524760543369,,1.2282376384671203,"[0.03812084359553363, -0.9992490849367465, -0.006933075554174763]",2.2704828831751294
visual_span,121.12,122.16,1.039999999999992,122.16,50,48,0.96,True,0.47286800024881276,,0.16667910815997664,"[[0.9999981425225578, 0.0009901048521132852, 0.0016536758497717734], [-0.0009896251078300757, 0.9999994680092701, -0.0002909008818065062], [-0.0016539629924061116, 0.00028926382232353397, 0.9999985903654369]]","[[0.999999681766651, -0.0007948858519077907, -6.799322794088235e-05], [0.0007947614713718967, 0.9999980457965678, -0.0018101815513997038], [6.943198277287506e-05, 0.0018101269369416848, 0.99999835930849]]",0.10126004096696863,0.12574010498882848,True,3.5884531740964842,,3.1553897918298923,"[0.033939818564597435, -0.9979832721925121, 0.0536421209473396]",3.6804451186427394
visual_span,122.16,123.28,1.1200000000000045,123.28,49,48,0.9795918367346939,True,0.3465258261284019,,0.14527291201185813,"[[0.9999998025283984, -0.0005973979232449586, 0.0001950868669863329], [0.0005971547562016992, 0.9999990477558773, 0.0012441436958507675], [-0.00019582993007612995, -0.0012440269531172256, 0.9999992070234749]]","[[0.9999993642375761, 0.0005731936497219088, -0.0009710682177689019], [-0.000573852709067059, 0.9999996051296516, -0.0006785525839276248], [0.0009706788922907467, 0.0006791094026568449, 0.9999992982962075]]",0.0976847503322958,0.06820787188066617,True,0.4468732887370238,,1.2011834949479563,"[0.0015961061239762825, -0.9996236011999754, 0.0273881063462562]",1.5811120191282861
visual_span,123.28,124.36,1.0799999999999983,124.36,59,59,1.0,True,0.07787102695813286,,0.06851824123844862,"[[0.9999993860522037, 0.001050361186426488, 0.0003530390823659632], [-0.001050165527792597, 0.999999295150286, -0.0005539415993549363], [-0.0003536206722819764, 0.0005535705097894479, 0.9999997842560321]]","[[0.9999996157227944, 0.0005702034840503648, -0.0006658995800882598], [-0.0005703050713253293, 0.9999998257667442, -0.00015237653119033628], [0.0006658125784374356, 0.00015275623854302638, 0.9999997666795439]]",0.04744499293351514,0.09653023375704758,True,4.7744424845134015,,3.84947376308552,"[-0.03816501455582336, -0.9987394292551918, -0.03260343716493397]",2.78168876957783
visual_span,124.36,125.4,1.0400000000000063,125.4,61,61,1.0,True,0.6055480625151705,,0.1890159694971403,"[[0.9999956357660936, 0.0028672436161030425, -0.0007122940486994607], [-0.002869080307532509, 0.9999925273676442, -0.002591059061486789], [0.0007048595284349117, 0.002593091382327276, 0.9999963895185462]]","[[0.9999993234689701, 0.0009984331634543282, -0.0005968189178746863], [-0.0009983594303496946, 0.9999994939723268, 0.0001238286668589933], [0.0005969422505153762, -0.00012323274329018643, 0.9999998142368033]]",0.2026578068072208,0.24879726395813426,True,4.897801100059308,,3.780781542034194,"[-0.049988057446506654, -0.9975752400594423, -0.0484234915415152]",3.8814237970516663
visual_span,125.4,126.52,1.1199999999999903,126.52,60,59,0.9833333333333333,True,0.46669954699754057,,0.16920610895885954,"[[0.999998714470573, -0.0015818496240631692, -0.00026231463575461365], [0.0015823924058898685, 0.9999965805090926, 0.0020820673369289495], [0.0002590202213379066, -0.0020824797450576913, 0.9999977980908938]]","[[0.9999997468426397, 0.000634375751855504, -0.0003223074037984357], [-0.0006343333058390131, 0.9999997901277065, 0.00013177936417674722], [0.00032239093378827016, -0.00013157488049488333, 0.9999999393760668]]",0.17515258439563905,0.12921580032486232,False,15.462367657732916,Mahalanobis gate,7.456903732332125,"[0.06425908168373198, -0.9965813337856978, 0.05192702158879735]",4.883228024899994
visual_span,126.52,127.76,1.240000000000009,127.76,52,51,0.9807692307692307,True,0.34298572322786136,,0.14825538726933937,"[[0.9999997329276039, 0.0007294157620821485, 4.5797017434191354e-05], [-0.0007294183101299964, 0.9999997324261996, 5.564582678621233e-05], [-4.57564162369574e-05, -5.5679217107813884e-05, 0.9999999974030875]]","[[0.9999999158431286, -0.0003869700177173445, -0.00013626423390078533], [0.0003872936140771047, 0.9999970861132852, 0.002382806873382174], [0.0001353417620242347, -0.0023828594471202186, 0.9999971518276756]]",0.011112680904970135,0.07914728106116041,True,4.647074242585298,,4.690927670615956,"[0.016831316826655462, -0.9997614520388177, 0.013919259718685295]",1.4261008650230762
visual_span,127.76,128.92,1.1599999999999824,128.92,45,42,0.9333333333333333,False,,disabled_or_unavailable,,null,"[[0.9999993220648904, -0.0011231243903611187, -0.0003073456737467377], [0.0011234393897532559, 0.9999988419295249, 0.0010266564890311653], [0.0003061922548754339, -0.0010270010772608432, 0.9999994257573802]]",nan,nan,False,,disabled_or_unavailable,4.690927670615956,null,nan
visual_span,128.92,130.0,1.0800000000000125,130.0,47,46,0.9787234042553191,False,,disabled_or_unavailable,,null,"[[0.9999996507155352, -0.0008282780551622296, 0.00011191188858576761], [0.0008281754322421119, 0.9999992394073907, 0.0009139530040593903], [-0.00011266881068312425, -0.000913860002153102, 0.9999995760827279]]",nan,nan,False,,disabled_or_unavailable,4.690927670615956,null,nan
visual_span,130.0,131.04,1.039999999999992,131.04,47,47,1.0,False,,disabled_or_unavailable,,null,"[[0.9999999794607353, 0.00014721813411780303, 0.0001393030871296181], [-0.00014738849897482932, 0.9999992403427108, 0.0012237608556727878], [-0.000139122821517234, -0.0012237813622105543, 0.9999992415017214]]",nan,nan,False,,disabled_or_unavailable,4.690927670615956,null,nan
visual_span,131.04,132.16,1.1200000000000045,132.16,45,45,1.0,False,,disabled_or_unavailable,,null,"[[0.9999991336678589, 0.0007969672830086251, -0.0010476195311177696], [-0.0007956995540744617, 0.9999989514233404, 0.0012099646439561267], [0.0010485827348432112, -0.0012091300053311159, 0.9999987192386192]]",nan,nan,False,,disabled_or_unavailable,4.690927670615956,null,nan
visual_span,132.16,133.24,1.0800000000000125,133.24,46,46,1.0,False,,disabled_or_unavailable,,null,"[[0.9999978014747593, 0.0013219946930868361, -0.0016276902897602722], [-0.001319859539936353, 0.9999982681219003, 0.0013121448071386948], [0.0016294221192707048, -0.0013099935997982147, 0.9999978144477745]]",nan,nan,False,,disabled_or_unavailable,4.690927670615956,null,nan
visual_span,133.24,134.32,1.079999999999984,134.32,56,56,1.0,False,,disabled_or_unavailable,,null,"[[0.9999989841867087, 0.0006556187307073395, -0.0012656182800579636], [-0.0006525879865149799, 0.9999969223889458, 0.0023936043024903393], [0.0012671836767917685, -0.0023927759437501954, 0.9999963344276881]]",nan,nan,False,,disabled_or_unavailable,4.690927670615956,null,nan
visual_span,134.32,135.52,1.200000000000017,135.52,45,45,1.0,False,,disabled_or_unavailable,,null,"[[0.9999994428160249, 0.0010328873540112402, -0.00021797099301843856], [-0.0010325026978059513, 0.9999979225500414, 0.001757507832350898], [0.00021978584780921903, -0.0017572817974573626, 0.9999984318262033]]",nan,nan,False,,disabled_or_unavailable,4.690927670615956,null,nan
visual_span,135.52,136.76,1.2399999999999807,136.76,37,37,1.0,False,,disabled_or_unavailable,,null,"[[0.9999997131023609, 0.0007518826166114681, -9.202025292137429e-05], [-0.0007518905597393223, 0.9999997136050943, -8.6315211344753e-05], [9.195532766028337e-05, 8.638437574059903e-05, 0.9999999920409788]]",nan,nan,False,,disabled_or_unavailable,4.690927670615956,null,nan
visual_span,136.76,137.52,0.7600000000000193,137.52,26,0,0.0,False,,disabled_or_unavailable,,null,"[[0.9999997931153587, 0.00016616840080649966, 0.000621415563852024], [-0.00016581213839535447, 0.9999998219078693, -0.0005733154149487247], [-0.0006215107200884618, 0.0005732122580950961, 0.9999996425760024]]",nan,nan,False,,disabled_or_unavailable,4.690927670615956,null,nan
visual_span,137.52,138.6,1.079999999999984,138.6,32,32,1.0,False,,disabled_or_unavailable,,null,"[[0.9999995792639916, -3.4707426233954096e-06, 0.0009173111761168565], [3.1900311199687425e-06, 0.9999999531717524, 0.00030601685705731807], [-0.0009173121952665309, -0.00030601380205380857, 0.9999995324468355]]",nan,nan,False,,disabled_or_unavailable,4.690927670615956,null,nan
visual_span,138.6,139.68,1.0800000000000125,139.68,32,32,1.0,False,,disabled_or_unavailable,,null,"[[0.9999999668133859, -0.0002442208522744295, 8.203293945557052e-05], [0.00024430280281311824, 0.9999994696823215, -0.0010004754954052815], [-8.178855897388493e-05, 0.0010004955030799188, 0.9999994961595633]]",nan,nan,False,,disabled_or_unavailable,4.690927670615956,null,nan
visual_span,139.68,140.68,1.0,140.68,33,33,1.0,False,,disabled_or_unavailable,,null,"[[0.9999998001908524, 0.000585146051409077, 0.0002392119434801783], [-0.0005846547686188582, 0.9999977305170644, -0.002048692149235486], [-0.0002404101847144325, 0.002048551883484587, 0.9999978728167995]]",nan,nan,False,,disabled_or_unavailable,4.690927670615956,null,nan
visual_span,140.68,141.48,0.799999999999983,141.48,23,0,0.0,False,,disabled_or_unavailable,,null,"[[0.9996024857365193, 0.0019423631115184912, -0.028126459693942136], [-0.001991658525101263, 0.9999965293018849, -0.001724726211365296], [0.028123012030921064, 0.0017800589113260358, 0.999602884942106]]",nan,nan,False,,disabled_or_unavailable,4.690927670615956,null,nan
visual_span,141.48,141.6,0.12000000000000455,141.6,26,0,0.0,False,,disabled_or_unavailable,,null,"[[0.9979839214120934, 0.00037973255306326974, -0.06346612014397168], [-0.0003743653226770148, 0.999999925273019, 9.646015712326558e-05], [0.06346615203040185, -7.250617131914709e-05, 0.9979839889944675]]",nan,nan,False,,disabled_or_unavailable,4.690927670615956,null,nan
visual_span,141.6,141.68,0.0800000000000125,141.68,23,0,0.0,False,,disabled_or_unavailable,,null,"[[0.9990517030454985, 0.00023558221303689937, -0.043538938238208494], [-0.00022012027135106006, 0.999999911001289, 0.00035992288136508106], [0.04353901915472802, -0.00034999776469349554, 0.9990516659876052]]",nan,nan,False,,disabled_or_unavailable,4.690927670615956,null,nan
visual_span,141.68,141.76,0.07999999999998408,141.76,23,0,0.0,False,,disabled_or_unavailable,,null,"[[0.9984443407234842, 0.008498691794741784, -0.05510599527297512], [-0.008275683539722035, 0.999956622771504, 0.0042738316951772435], [0.05513992690598657, -0.003811143291233813, 0.9984713634589709]]",nan,nan,False,,disabled_or_unavailable,4.690927670615956,null,nan
visual_span,141.76,141.84,0.0800000000000125,141.84,13,0,0.0,False,,disabled_or_unavailable,,null,"[[0.9983837885365264, 0.025280479656689107, -0.05089899935932719], [-0.024683273004968316, 0.9996193074361156, 0.012327864158212621], [0.05119127680782405, -0.01105158582597399, 0.9986277162333901]]",nan,nan,False,,disabled_or_unavailable,4.690927670615956,null,nan
visual_span,141.84,141.88,0.03999999999999204,141.88,24,0,0.0,False,,disabled_or_unavailable,,null,"[[0.999749553804353, 0.015680488828253864, -0.015967214475421192], [-0.01564625467557725, 0.9998750205724253, 0.0022667046386897084], [0.016000761938860016, -0.00201630984699429, 0.9998699465990449]]",nan,nan,False,,disabled_or_unavailable,4.690927670615956,null,nan
visual_span,141.88,141.96,0.0800000000000125,141.96,9,0,0.0,False,,disabled_or_unavailable,,null,"[[0.9991045668077193, 0.03429507088344299, -0.024777261694129922], [-0.0341915932834631, 0.9994047650452796, 0.004588088221442272], [0.024919862212661174, -0.00373680584043606, 0.9996824679614088]]",nan,nan,False,,disabled_or_unavailable,4.690927670615956,null,nan
visual_span,141.96,142.0,0.03999999999999204,142.0,10,0,0.0,False,,disabled_or_unavailable,,null,"[[0.999800557174528, 0.01792146929334791, -0.008812877615803454], [-0.017917294684999002, 0.9998393197795358, 0.0005524255300978598], [0.008821361837859733, -0.0003944124275240922, 0.9999610132470979]]",nan,nan,False,,disabled_or_unavailable,4.690927670615956,null,nan
visual_span,142.0,142.04,0.03999999999999204,142.04,19,0,0.0,False,,disabled_or_unavailable,,null,"[[0.9997044566926964, 0.02276556444917525, -0.008528091467134269], [-0.02277144238849429, 0.9997405213549333, -0.0005927668295310507], [0.008512383938054346, 0.0007867885847894488, 0.9999634594741023]]",nan,nan,False,,disabled_or_unavailable,4.690927670615956,null,nan
visual_span,142.04,142.08,0.040000000000020464,142.08,16,0,0.0,False,,disabled_or_unavailable,,null,"[[0.9998969387034788, 0.013761941148567982, -0.004089125485346344], [-0.013765696515274256, 0.9999048507475367, -0.0008916563215505224], [0.004076465486291257, 0.0009478540867381234, 0.9999912419625331]]",nan,nan,False,,disabled_or_unavailable,4.690927670615956,null,nan
visual_span,142.08,142.16,0.07999999999998408,142.16,10,0,0.0,False,,disabled_or_unavailable,,null,"[[0.9992836950574808, 0.03700684919560056, -0.00791137819104506], [-0.0370404700347248, 0.9993051648679372, -0.004146208855280892], [0.007752442961694043, 0.004436280072203918, 0.9999601087279666]]",nan,nan,False,,disabled_or_unavailable,4.690927670615956,null,nan
visual_span,142.16,142.2,0.03999999999999204,142.2,15,0,0.0,False,,disabled_or_unavailable,,null,"[[0.9998233021205124, 0.01861751390917504, -0.0025985982137359987], [-0.018625127695818634, 0.9998222230152881, -0.002937172634005762], [0.002543453390413832, 0.002985052865390603, 0.9999923101225537]]",nan,nan,False,,disabled_or_unavailable,4.690927670615956,null,nan
visual_span,142.2,142.24,0.040000000000020464,142.24,17,0,0.0,False,,disabled_or_unavailable,,null,"[[0.9998246672144919, 0.018629187019870014, -0.001894259857822933], [-0.018635192526323854, 0.9998212168167997, -0.0032037481924697413], [0.0018342379717736536, 0.0032384863675205063, 0.9999930738645694]]",nan,nan,False,,disabled_or_unavailable,4.690927670615956,null,nan
visual_span,142.24,142.28,0.03999999999999204,142.28,19,0,0.0,False,,disabled_or_unavailable,,null,"[[0.999825135307177, 0.018659810389325952, -0.0012289362147480623], [-0.01866390396022185, 0.9998200048781374, -0.0034083037489742564], [0.0011651167105192386, 0.0034306445044714404, 0.9999934365691283]]",nan,nan,False,,disabled_or_unavailable,4.690927670615956,null,nan
visual_span,142.28,142.32,0.03999999999999204,142.32,16,0,0.0,False,,disabled_or_unavailable,,null,"[[0.999825314355577, 0.018676394126873032, -0.0007301206676326558], [-0.0186790052214537, 0.9998184998887388, -0.003749939222022495], [0.0006599528077879346, 0.0037629220892359504, 0.9999927024131935]]",nan,nan,False,,disabled_or_unavailable,4.690927670615956,null,nan
visual_span,142.32,142.36,0.040000000000020464,142.36,20,0,0.0,False,,disabled_or_unavailable,,null,"[[0.9998249592520236, 0.018707438376702832, -0.00028741271964453067], [-0.018708405794655627, 0.9998175887187766, -0.003845106135589824], [0.00021542820623867177, 0.0038498101191254573, 0.9999925662487371]]",nan,nan,False,,disabled_or_unavailable,4.690927670615956,null,nan
visual_span,142.36,142.4,0.03999999999999204,142.4,20,0,0.0,False,,disabled_or_unavailable,,null,"[[0.9998248629514642, 0.01871435229904317, 0.00012822680548049687], [-0.018713649370422775, 0.9998160716248315, -0.004197886126507029], [-0.00020676394081522997, 0.0041947513296430915, 0.9999911806160872]]",nan,nan,False,,disabled_or_unavailable,4.690927670615956,null,nan
visual_span,142.4,142.44,0.03999999999999204,142.44,23,0,0.0,False,,disabled_or_unavailable,,null,"[[0.9998249965097498, 0.018702143932527934, 0.00045405572972384507], [-0.01870009799375781, 0.9998165030926657, -0.0041552952455044655], [-0.0005316853416652569, 0.004146077167693019, 0.9999912636392465]]",nan,nan,False,,disabled_or_unavailable,4.690927670615956,null,nan
visual_span,142.44,142.52,0.0800000000000125,142.52,19,0,0.0,False,,disabled_or_unavailable,,null,"[[0.9992976746952636, 0.03743421643391921, 0.0016842768826254985], [-0.03741884264942458, 0.999264498479629, -0.008384049918331611], [-0.00199688843365321, 0.00831513789626877, 0.9999634347906674]]",nan,nan,False,,disabled_or_unavailable,4.690927670615956,null,nan
visual_span,142.52,142.56,0.03999999999999204,142.56,25,0,0.0,False,,disabled_or_unavailable,,null,"[[0.9998236259119182, 0.01873630160620916, 0.001291538023464413], [-0.018730458140802004, 0.9998149008091232, -0.004397051043474368], [-0.0013736834353497154, 0.004372084418720571, 0.9999894988806908]]",nan,nan,False,,disabled_or_unavailable,4.690927670615956,null,nan
visual_span,142.56,142.64,0.07999999999998408,142.64,28,0,0.0,False,,disabled_or_unavailable,,null,"[[0.9992922829973049, 0.03747538627519674, 0.0032447751169436575], [-0.03744340234560736, 0.9992544178565648, -0.009412758093315139], [-0.00359510261601897, 0.009284601104145506, 0.9999504344813885]]",nan,nan,False,,disabled_or_unavailable,4.690927670615956,null,nan
visual_span,142.64,142.68,0.040000000000020464,142.68,24,0,0.0,False,,disabled_or_unavailable,,null,"[[0.9997221717732936, 0.023430166770798264, 0.002570320988077059], [-0.02341478447712012, 0.9997086630032205, -0.00585977680490261], [-0.0027068677062581574, 0.005797965281531167, 0.9999795280233565]]",nan,nan,False,,disabled_or_unavailable,4.690927670615956,null,nan
visual_span,142.68,142.72,0.03999999999999204,142.72,25,0,0.0,False,,disabled_or_unavailable,,null,"[[0.9998992853867172, 0.01408172907085424, 0.0017674811194009989], [-0.01407513118236993, 0.9998941263198502, -0.0036914540851522132], [-0.001819276045974904, 0.003666204773163645, 0.999991624553541]]",nan,nan,False,,disabled_or_unavailable,4.690927670615956,null,nan
visual_span,142.72,142.76,0.03999999999999204,142.76,23,0,0.0,False,,disabled_or_unavailable,,null,"[[0.9998192721314315, 0.018816752761404935, 0.002711621303048464], [-0.0188023351253602, 0.9998094479960498, -0.005247846383834845], [-0.0028098520261096663, 0.005195913139270335, 0.9999825534569295]]",nan,nan,False,,disabled_or_unavailable,4.690927670615956,null,nan
visual_span,142.76,142.84,0.0800000000000125,142.84,27,0,0.0,False,,disabled_or_unavailable,,null,"[[0.9992776050260119, 0.037538048602046285, 0.005929839848451329], [-0.03747109624930172, 0.9992368933595076, -0.011024876195030092], [-0.0063391670867265024, 0.010794714280173697, 0.9999216414820994]]",nan,nan,False,,disabled_or_unavailable,4.690927670615956,null,nan
visual_span,142.84,142.92,0.07999999999998408,142.92,28,0,0.0,False,,disabled_or_unavailable,,null,"[[0.9992660698616521, 0.03763146111810648, 0.00715505117835182], [-0.037544783379930384, 0.9992242620558038, -0.011885426369668595], [-0.007596766693962406, 0.011608068450485242, 0.999903766310862]]",nan,nan,False,,disabled_or_unavailable,4.690927670615956,null,nan
visual_span,142.92,143.12,0.20000000000001705,143.12,13,0,0.0,False,,disabled_or_unavailable,,null,"[[0.9952737822501552, 0.09415757801353065, 0.023758132672760775], [-0.09326433189842913, 0.9949809238060354, -0.03625914584801948], [-0.027052962148538754, 0.03387199085843909, 0.9990599709097925]]",nan,nan,False,,disabled_or_unavailable,4.690927670615956,null,nan
visual_span,143.12,143.32,0.19999999999998863,143.32,24,0,0.0,False,,disabled_or_unavailable,,null,"[[0.9949652367616061, 0.09463144677070615, 0.033001013893580074], [-0.09316860078103417, 0.9947057453682443, -0.043360027212974404], [-0.03692952023010231, 0.04006706145312643, 0.9985143169339566]]",nan,nan,False,,disabled_or_unavailable,4.690927670615956,null,nan
visual_span,143.32,143.44,0.12000000000000455,143.44,25,0,0.0,False,,disabled_or_unavailable,,null,"[[0.9982300438624299, 0.05668486993237413, 0.017989025853598906], [-0.05627508196524433, 0.9981612303506882, -0.0225227301765512], [-0.019232646209418384, 0.021470532027654195, 0.9995844744563778]]",nan,nan,False,,disabled_or_unavailable,4.690927670615956,null,nan
visual_span,143.44,143.6,0.1599999999999966,143.6,28,0,0.0,False,,disabled_or_unavailable,,null,"[[0.9970924338230308, 0.07554700382036139, 0.009966374798882965], [-0.07537590032046368, 0.9970177988656826, -0.016552413597693185], [-0.011187138317953831, 0.01575306188637234, 0.9998133270653375]]",nan,nan,False,,disabled_or_unavailable,4.690927670615956,null,nan
visual_span,143.6,143.84,0.2400000000000091,143.84,20,0,0.0,False,,disabled_or_unavailable,,null,"[[0.9905174554773627, 0.10911116232346815, 0.08348607459374725], [-0.11515634808223363, 0.9907794082370021, 0.07138052752606738], [-0.0749278712563916, -0.08031760996168899, 0.9939491413744608]]",nan,nan,False,,disabled_or_unavailable,4.690927670615956,null,nan
visual_span,143.84,144.04,0.19999999999998863,144.04,29,0,0.0,False,,disabled_or_unavailable,,null,"[[0.9927568913364231, 0.08983535356805697, 0.07977069608160611], [-0.0967035126649333, 0.9915146588339646, 0.0868741155674704], [-0.0712894476223856, -0.0939589834271812, 0.993020404670028]]",nan,nan,False,,disabled_or_unavailable,4.690927670615956,null,nan
visual_span,144.04,144.52,0.4800000000000182,144.52,27,0,0.0,False,,disabled_or_unavailable,,null,"[[0.9753452177887566, 0.22006308108577516, 0.01655132863665323], [-0.22026512811756394, 0.9753715904492245, 0.011555686042087348], [-0.01360071586189863, -0.014916463642086509, 0.9997962390609689]]",nan,nan,False,,disabled_or_unavailable,4.690927670615956,null,nan
visual_span,144.52,145.08,0.5600000000000023,145.08,28,0,0.0,False,,disabled_or_unavailable,,null,"[[0.9860615455000366, 0.14213997411485324, -0.08648038069243531], [-0.15393628394993641, 0.9766272412190486, -0.1500095070072402], [0.06313674817223515, 0.1612310747576271, 0.9848950662698726]]",nan,nan,False,,disabled_or_unavailable,4.690927670615956,null,nan
visual_span,145.08,146.28,1.1999999999999886,146.28,39,32,0.8205128205128205,True,2.5130749386272444,,0.4110217352568621,"[[0.9934934418797664, 0.11254610526934973, 0.0174400438817017], [-0.11368513714565627, 0.9891815143368391, 0.0927125735078647], [-0.006816929959194145, -0.09409200754037687, 0.9955401667351012]]","[[0.9940875294125221, 0.10773236800958765, 0.013554362749878077], [-0.10851491518451571, 0.9900825131386904, 0.08922516662619741], [-0.0038074990487024602, -0.09016847597704035, 0.9959192481777689]]",0.26200865148120606,16.72733987520105,True,1.9206390451127657,,6.34296733202595,"[-0.9509470033664584, -0.2937432906913678, -0.09702925312584783]",6.567051863235684
visual_span,146.28,147.32,1.039999999999992,147.32,54,51,0.9444444444444444,True,0.12279450184524393,,0.08731734066687892,"[[0.9997337855596842, 0.023016383516623, 0.0016137225037615522], [-0.023039836929888684, 0.9995992137083781, 0.016449251284980475], [-0.0012344734697671482, -0.01648205216009279, 0.9998633996860994]]","[[0.999762605648047, 0.021703435675460396, 0.0019217772266980654], [-0.021731032698056055, 0.9996399035232951, 0.015742474450141007], [-0.0015794194198885056, -0.01578049947937253, 0.9998742327265353]]",0.09426822892912476,3.26173444962918,True,7.224268749907537,,5.658132474336722,"[-0.9978121416094957, -0.014572864370376842, -0.06448691092550908]",2.386617947472253
visual_span,147.32,148.52,1.200000000000017,148.52,44,43,0.9772727272727273,True,1.4626087216515846,,0.3104366126223314,"[[0.9999946852301251, 0.002904975660168128, 0.0014800769967875927], [-0.002921108713754808, 0.9999350426719921, 0.011017148471526388], [-0.0014479763067863926, -0.01102141338372993, 0.9999382139970647]]","[[0.9999839745678888, 0.0056168524175585315, 0.0007082205359743276], [-0.005621263062012967, 0.9999637987052402, 0.00638769759566817], [-0.0006723161427910881, -0.0063915763239926334, 0.9999793476582899]]",0.21728313889831896,1.2340510778824798,True,1.0167777717735136,,1.962296788068999,"[-0.9991025270356403, -0.039616493480544045, -0.014989126569089255]",0.9350356230495195
visual_span,148.52,149.6,1.079999999999984,149.6,35,34,0.9714285714285714,True,1.3917923690345484,,0.28984633676867877,"[[0.9958409539134405, 0.0018588526697883266, -0.09108973144938425], [-0.0014895385426345361, 0.9999903942687954, 0.004122213612737108], [0.09109651905368792, -0.003969387470511004, 0.9958341569656114]]","[[0.9961482870743791, 2.2607980998970407e-05, -0.08768460325313686], [4.128018001072402e-05, 0.9999997350289348, 0.0007267998400167762], [0.08768459645073108, -0.0007276200518851026, 0.9961480221906446]]",0.2546607592306655,10.236463421766521,True,6.5534092834147035,,4.506706137712917,"[-0.9977207373730089, -0.05285082624812881, -0.04195378863404026]",4.45206812812181
visual_span,149.6,150.76,1.1599999999999966,150.76,35,33,0.9428571428571428,True,1.4476413669711032,,0.30411624812705174,"[[0.9999871246284358, -0.0025551273817942767, 0.004384278893513119], [0.002542503420828895, 0.9999926133165056, 0.0028825316617220047], [-0.0043916117438103355, -0.0028713475039711897, 0.9999862344601564]]","[[0.9999763343098513, 0.0007370277460079717, 0.006840146952689108], [-0.0007336387771504954, 0.9999996069106196, -0.0004979485428070092], [-0.006840511265792113, 0.0004929185614651846, 0.9999764819419078]]",0.3479520651278129,0.7540835641733489,True,3.958574187677338,,3.2957320908325767,"[-0.9994262820728712, -0.012172778363906473, -0.03160585656015306]",4.3674557945847345
