timestamp_sim_s,fit_event,gt_vx_enu,gt_vy_enu,gt_vz_enu,est_vx_enu,est_vy_enu,est_vz_enu,gnss_fit_stamp_s,gnss_fit_vx_enu,gnss_fit_vy_enu,gnss_fit_vz_enu,speed_gt,speed_est,speed_gnss_fit,speed_error_est,direction_error_est_deg,vector_error_est,horizontal_velocity_error_est,fit_vector_error,fit_speed_error,fit_direction_error_deg,fit_sample_count,fit_span_s,fit_residual_rms_m,fit_accepted,fit_nis,fit_rejection_reason,gnss_available
0.1,0,2.9424832275319437e-10,-4.6653498817127577e-20,0.0009997873051000724,nan,nan,nan,nan,nan,nan,nan,0.0009997873051001158,nan,nan,nan,nan,nan,nan,nan,nan,nan,nan,nan,nan,,nan,,1
0.2,0,2.9424832275341114e-10,8.390333323671448e-20,0.000999787305100072,nan,nan,nan,nan,nan,nan,nan,0.0009997873051001153,nan,nan,nan,nan,nan,nan,nan,nan,nan,nan,nan,nan,,nan,,1
0.30000000000000004,0,2.9424832275371694e-10,-8.15510949383747e-20,0.0009997873051000722,nan,nan,nan,nan,nan,nan,nan,0.0009997873051001156,nan,nan,nan,nan,nan,nan,nan,nan,nan,nan,nan,nan,,nan,,1
0.4,0,-5.133812814836012e-10,1.1464460722123963e-19,0.0006935822437131866,nan,nan,nan,nan,nan,nan,nan,0.0006935822437133765,nan,nan,nan,nan,nan,nan,nan,nan,nan,nan,nan,nan,,nan,,1
0.5,0,-2.4794421096122845e-10,-7.281521392270875e-19,0.00033514595574324346,nan,nan,nan,nan,nan,nan,nan,0.0003351459557433352,nan,nan,nan,nan,nan,nan,nan,nan,nan,nan,nan,nan,,nan,,1
0.6000000000000001,0,-7.752687380957468e-11,8.335649651613525e-20,0.00010482859660633505,nan,nan,nan,nan,nan,nan,nan,0.00010482859660636371,nan,nan,nan,nan,nan,nan,nan,nan,nan,nan,nan,nan,,nan,,1
0.7000000000000001,0,0.0,0.0,0.0,nan,nan,nan,nan,nan,nan,nan,0.0,nan,nan,nan,nan,nan,nan,nan,nan,nan,nan,nan,nan,,nan,,1
0.8,0,0.0,0.0,0.0,nan,nan,nan,nan,nan,nan,nan,0.0,nan,nan,nan,nan,nan,nan,nan,nan,nan,nan,nan,nan,,nan,,1
0.9,0,0.0,0.0,0.0,nan,nan,nan,nan,nan,nan,nan,0.0,nan,nan,nan,nan,nan,nan,nan,nan,nan,nan,nan,nan,,nan,,1
1.0,0,0.0,0.0,0.0,nan,nan,nan,nan,nan,nan,nan,0.0,nan,nan,nan,nan,nan,nan,nan,nan,nan,nan,nan,nan,,nan,,1
1.1,0,0.0,0.0,0.0,0.0006011561682199444,0.0009678986705519024,-0.003175086141225523,nan,nan,nan,nan,0.0,0.003373334934341298,nan,0.003373334934341298,nan,0.003373334934341298,0.0011393930731073568,nan,nan,nan,nan,nan,nan,,nan,,1
1.2000000000000002,0,0.0,0.0,0.0,-7.879668335427522e-05,0.00025414231137266177,-0.004849266021507955,nan,nan,nan,nan,0.0,0.004856560323839194,nan,0.004856560323839194,nan,0.004856560323839194,0.0002660774919783199,nan,nan,nan,nan,nan,nan,,nan,,1
1.3,0,0.0,0.0,0.0,-0.0012721480703509467,0.0004784195774569954,-0.009498960223544295,nan,nan,nan,nan,0.0,0.009595701711363711,nan,0.009595701711363711,nan,0.009595701711363711,0.0013591342851211456,nan,nan,nan,nan,nan,nan,,nan,,1
1.4000000000000001,0,0.0,0.0,0.0,-0.001782444020673101,0.0003298640190000933,-0.012656767630277198,nan,nan,nan,nan,0.0,0.012785917401762647,nan,0.012785917401762647,nan,0.012785917401762647,0.001812709838298503,nan,nan,nan,nan,nan,nan,,nan,,1
1.5,0,0.0,0.0,0.0,-0.003364781040853596,0.0005356273638138929,-0.014038639176742139,nan,nan,nan,nan,0.0,0.014446177281914867,nan,0.014446177281914867,nan,0.014446177281914867,0.0034071466252208796,nan,nan,nan,nan,nan,nan,,nan,,1
1.6,0,0.0,0.0,0.0,-0.0031381242443981566,0.0013884518015652837,-0.01895905222482292,nan,nan,nan,nan,0.0,0.01926710365992025,nan,0.01926710365992025,nan,0.01926710365992025,0.0034315626438328915,nan,nan,nan,nan,nan,nan,,nan,,1
1.7000000000000002,0,0.0,0.0,0.0,-0.003820069266641906,0.0019640553907085676,-0.013943896598712011,nan,nan,nan,nan,0.0,0.01459050016741324,nan,0.01459050016741324,nan,0.01459050016741324,0.00429539786046804,nan,nan,nan,nan,nan,nan,,nan,,1
1.8,0,0.0,0.0,0.0,-0.004317812398331778,0.0022470098078200677,-0.014269611676568966,nan,nan,nan,nan,0.0,0.015076948444022105,nan,0.015076948444022105,nan,0.015076948444022105,0.004867500075359753,nan,nan,nan,nan,nan,nan,,nan,,1
1.9000000000000001,0,0.0,0.0,0.0,-0.005538175050391813,0.002365049947941875,-0.021031435433768217,nan,nan,nan,nan,0.0,0.021876611267511326,nan,0.021876611267511326,nan,0.021876611267511326,0.0060220299023703155,nan,nan,nan,nan,nan,nan,,nan,,1
2.0,0,0.0,0.0,0.0,-0.005360718742904578,0.0034258021365337985,-0.02401131777527759,nan,nan,nan,nan,0.0,0.02483982300711037,nan,0.02483982300711037,nan,0.02483982300711037,0.006361872815390762,nan,nan,nan,nan,nan,nan,,nan,,1
2.1,0,0.0,0.0,0.0,-0.003810470751296063,0.00533972725253188,-0.03659882326616253,nan,nan,nan,nan,0.0,0.037182068782488614,nan,0.037182068782488614,nan,0.037182068782488614,0.006559906590639416,nan,nan,nan,nan,nan,nan,,nan,,1
2.2,0,0.0,0.0,0.0,-0.003673935873554405,0.005749027024831732,-0.0394014753361267,nan,nan,nan,nan,0.0,0.039987815334156934,nan,0.039987815334156934,nan,0.039987815334156934,0.006822691297078856,nan,nan,nan,nan,nan,nan,,nan,,1
2.3000000000000003,0,0.0,0.0,0.0,-0.00464069281013009,0.007628992743630879,-0.043767830223848836,nan,nan,nan,nan,0.0,0.04466945849844188,nan,0.04466945849844188,nan,0.04466945849844188,0.00892958901855879,nan,nan,nan,nan,nan,nan,,nan,,1
2.4000000000000004,0,0.0,0.0,0.0,-0.005063568217418573,0.006758702651016044,-0.045110771181562793,nan,nan,nan,nan,0.0,0.045894460027465396,nan,0.045894460027465396,nan,0.045894460027465396,0.008445104180369997,nan,nan,nan,nan,nan,nan,,nan,,1
2.5,0,0.0,0.0,0.0,-0.0056278014520501265,0.009020817658617546,-0.04297990534014805,nan,nan,nan,nan,0.0,0.04427549619667532,nan,0.04427549619667532,nan,0.04427549619667532,0.010632370404275976,nan,nan,nan,nan,nan,nan,,nan,,1
2.6,0,0.0,0.0,0.0,-0.006524941995262988,0.0065861697902971665,-0.04476051288105578,nan,nan,nan,nan,0.0,0.04571056785824619,nan,0.04571056785824619,nan,0.04571056785824619,0.009271057142967547,nan,nan,nan,nan,nan,nan,,nan,,1
2.7,0,0.0,0.0,0.0,-0.0076722148116994205,0.0053546245475407156,-0.0491254611304403,nan,nan,nan,nan,0.0,0.0500084574391211,nan,0.0500084574391211,nan,0.0500084574391211,0.0093560079180164,nan,nan,nan,nan,nan,nan,,nan,,1
2.8000000000000003,0,0.0,0.0,0.0,-0.0082894058925022,0.004955115292517527,-0.05130930329113345,nan,nan,nan,nan,0.0,0.05221026739860953,nan,0.05221026739860953,nan,0.05221026739860953,0.009657505765610044,nan,nan,nan,nan,nan,nan,,nan,,1
2.9000000000000004,0,0.0,0.0,0.0,-0.009386755786509118,0.0052012262078565815,-0.08250794518288974,nan,nan,nan,nan,0.0,0.08320291435138312,nan,0.08320291435138312,nan,0.08320291435138312,0.010731446233423368,nan,nan,nan,nan,nan,nan,,nan,,1
3.0,0,0.0,0.0,0.0,-0.010894078359408326,0.004671100961610926,-0.08521662358689977,nan,nan,nan,nan,0.0,0.08603704471357587,nan,0.08603704471357587,nan,0.08603704471357587,0.011853274969159002,nan,nan,nan,nan,nan,nan,,nan,,1
3.1,0,0.0,0.0,0.0,-0.0036882314972592686,-0.02067752743412556,-0.08407489450827366,nan,nan,nan,nan,0.0,0.0866588199720244,nan,0.0866588199720244,nan,0.0866588199720244,0.021003885173138576,nan,nan,nan,nan,nan,nan,,nan,,1
3.2,0,0.0,0.0,0.0,-0.0034921520802575516,-0.02096574296308003,-0.08542230274446388,nan,nan,nan,nan,0.0,0.08802685561981882,nan,0.08802685561981882,nan,0.08802685561981882,0.021254587837584313,nan,nan,nan,nan,nan,nan,,nan,,1
3.3000000000000003,0,0.0,0.0,0.0,-0.004182172726702579,-0.02210206333448132,-0.08032062803944459,nan,nan,nan,nan,0.0,0.08341100083926707,nan,0.08341100083926707,nan,0.08341100083926707,0.022494260875996756,nan,nan,nan,nan,nan,nan,,nan,,1
3.4000000000000004,0,0.0,0.0,0.0,-0.005216835298001569,-0.022747680022795185,-0.08248963350151718,nan,nan,nan,nan,0.0,0.08572754488588004,nan,0.08572754488588004,nan,0.08572754488588004,0.02333821580468289,nan,nan,nan,nan,nan,nan,,nan,,1
3.5,0,0.0,0.0,0.0,-0.004965959692063154,-0.02275959489384762,-0.08367651113637459,nan,nan,nan,nan,0.0,0.086858611728205,nan,0.086858611728205,nan,0.086858611728205,0.023295062038879627,nan,nan,nan,nan,nan,nan,,nan,,1
3.6,0,0.0,0.0,0.0,-0.006169482583994405,-0.024012313476450792,-0.08654873592531243,nan,nan,nan,nan,0.0,0.0900296473619386,nan,0.0900296473619386,nan,0.0900296473619386,0.0247922107494582,nan,nan,nan,nan,nan,nan,,nan,,1
3.7,0,0.0,0.0,0.0,-0.008048199423591218,-0.025025800566386196,-0.04079514742817749,nan,nan,nan,nan,0.0,0.04853151822926176,nan,0.04853151822926176,nan,0.04853151822926176,0.026288100120595053,nan,nan,nan,nan,nan,nan,,nan,,1
3.8000000000000003,0,0.0,0.0,0.0,-0.010242355051145185,-0.026439635758376327,-0.04052526761295476,nan,nan,nan,nan,0.0,0.04945965518613056,nan,0.04945965518613056,nan,0.04945965518613056,0.028354191507241597,nan,nan,nan,nan,nan,nan,,nan,,1
3.9010000000000002,0,0.0,0.0,0.0,-0.012557776839056093,-0.025645181078397975,-0.1582430442052132,nan,nan,nan,nan,0.0,0.16079873790243635,nan,0.16079873790243635,nan,0.16079873790243635,0.02855473816520395,nan,nan,nan,nan,nan,nan,,nan,,1
4.0,0,0.0,0.0,0.0,-0.014471476386687422,-0.029026636941340646,-0.16007203115170512,nan,nan,nan,nan,0.0,0.16332490452459267,nan,0.16332490452459267,nan,0.16332490452459267,0.03243407592232054,nan,nan,nan,nan,nan,nan,,nan,,1
4.1000000000000005,0,0.0,0.0,0.0,0.04499426289020694,-0.08155799611922887,-0.17396141395579687,nan,nan,nan,nan,0.0,0.19732907532727487,nan,0.19732907532727487,nan,0.19732907532727487,0.09314607036272225,nan,nan,nan,nan,nan,nan,,nan,,1
4.2,0,0.0,0.0,0.0,0.04488046782576347,-0.08669375573911918,-0.17932572741537842,nan,nan,nan,nan,0.0,0.20417585603951327,nan,0.20417585603951327,nan,0.20417585603951327,0.09762204503294043,nan,nan,nan,nan,nan,nan,,nan,,1
4.300000000000001,0,0.0,0.0,0.0,0.04479137036317289,-0.0910624202536219,-0.15551415472788274,nan,nan,nan,nan,0.0,0.1856967516199086,nan,0.1856967516199086,nan,0.1856967516199086,0.10148217203754643,nan,nan,nan,nan,nan,nan,,nan,,1
4.4,0,0.0,0.0,0.0,0.04459544757761095,-0.09591667186204854,-0.15946373508156897,nan,nan,nan,nan,0.0,0.19135685169834957,nan,0.19135685169834957,nan,0.19135685169834957,0.10577694401777421,nan,nan,nan,nan,nan,nan,,nan,,1
4.5,0,0.0,0.0,0.0,0.04342889223233165,-0.100072483411695,-0.1262172166068692,nan,nan,nan,nan,0.0,0.16682732505407136,nan,0.16682732505407136,nan,0.16682732505407136,0.10908973653241374,nan,nan,nan,nan,nan,nan,,nan,,1
4.6000000000000005,0,0.0,0.0,0.0,0.04323497132158172,-0.10628013927632209,-0.12768993286571023,nan,nan,nan,nan,0.0,0.17166668198873652,nan,0.17166668198873652,nan,0.17166668198873652,0.11473766055560142,nan,nan,nan,nan,nan,nan,,nan,,1
4.7,0,0.0,0.0,0.0,0.04402557198947637,-0.11226164928545526,-0.13177155853569925,nan,nan,nan,nan,0.0,0.17861879108374443,nan,0.17861879108374443,nan,0.17861879108374443,0.12058577399217174,nan,nan,nan,nan,nan,nan,,nan,,1
4.800000000000001,0,0.0,0.0,0.0,0.043299936315575216,-0.11531291093832884,-0.1341769472790938,nan,nan,nan,nan,0.0,0.182141168040453,nan,0.182141168040453,nan,0.182141168040453,0.12317447752681489,nan,nan,nan,nan,nan,nan,,nan,,1
4.9,0,0.0,0.0,0.0,0.04224080100435858,-0.1222273063538717,-0.08924700383603884,nan,nan,nan,nan,0.0,0.15712678760072374,nan,0.15712678760072374,nan,0.15712678760072374,0.12932053080626071,nan,nan,nan,nan,nan,nan,,nan,,1
5.0,0,0.0,0.0,0.0,0.04095651761273392,-0.12838510699940975,-0.09108957065870708,nan,nan,nan,nan,0.0,0.16265756028232953,nan,0.16265756028232953,nan,0.16265756028232953,0.13475968252490086,nan,nan,nan,nan,nan,nan,,nan,,1
5.101,0,0.0,0.0,0.0,0.08846184332954259,-0.33711840114854025,-0.05015885187174966,nan,nan,nan,nan,0.0,0.3521224567381364,nan,0.3521224567381364,nan,0.3521224567381364,0.3485316543991501,nan,nan,nan,nan,nan,nan,,nan,,1
5.2,0,0.0,0.0,0.0,0.08929346949475826,-0.34908027731563923,-0.05133782472031077,nan,nan,nan,nan,0.0,0.36395870088814786,nan,0.36395870088814786,nan,0.36395870088814786,0.3603198075393232,nan,nan,nan,nan,nan,nan,,nan,,1
5.300000000000001,0,0.0,0.0,0.0,0.08990643333134006,-0.35995972861074466,0.023714941969808886,nan,nan,nan,nan,0.0,0.3717748935155722,nan,0.3717748935155722,nan,0.3717748935155722,0.37101775291201855,nan,nan,nan,nan,nan,nan,,nan,,1
5.4,0,0.0,0.0,0.0,0.08978880398694404,-0.37220975957273256,0.024207501981406095,nan,nan,nan,nan,0.0,0.3836510622880862,nan,0.3836510622880862,nan,0.3836510622880862,0.38288658169567297,nan,nan,nan,nan,nan,nan,,nan,,1
5.5,0,0.0,0.0,0.0,0.09001246190128843,-0.3833311140215017,-0.021902162940817472,nan,nan,nan,nan,0.0,0.3943661889868128,nan,0.3943661889868128,nan,0.3943661889868128,0.39375752218147714,nan,nan,nan,nan,nan,nan,,nan,,1
5.6000000000000005,0,0.0,0.0,0.0,0.08959935890678404,-0.3961898800249308,-0.023924554802163652,nan,nan,nan,nan,0.0,0.4068990666899563,nan,0.4068990666899563,nan,0.4068990666899563,0.4061951084770418,nan,nan,nan,nan,nan,nan,,nan,,1
5.7,0,0.0,0.0,0.0,0.08986453552822574,-0.41027814897717924,-0.03442604073894451,nan,nan,nan,nan,0.0,0.42141303557769033,nan,0.42141303557769033,nan,0.42141303557769033,0.4200045169683824,nan,nan,nan,nan,nan,nan,,nan,,1
5.800000000000001,0,0.0,0.0,0.0,0.08895314550317673,-0.4216831728877791,-0.03485496275264215,nan,nan,nan,nan,0.0,0.4323704763511288,nan,0.4323704763511288,nan,0.4323704763511288,0.4309632935548154,nan,nan,nan,nan,nan,nan,,nan,,1
5.9,0,0.0,0.0,0.0,0.08899609550971008,-0.43353407825428214,0.033735207751393534,nan,nan,nan,nan,0.0,0.44385827272429335,nan,0.44385827272429335,nan,0.44385827272429335,0.44257440281128263,nan,nan,nan,nan,nan,nan,,nan,,1
6.0,0,0.0,0.0,0.0,0.08916199643230806,-0.44421264197800847,0.034238511520731235,nan,nan,nan,nan,0.0,0.454364400643396,nan,0.454364400643396,nan,0.454364400643396,0.4530725470615906,nan,nan,nan,nan,nan,nan,,nan,,1
6.1000000000000005,0,0.0,0.0,0.0,0.07832555125030959,-0.34274167194301347,0.046302154573350934,nan,nan,nan,nan,0.0,0.3546133601305676,nan,0.3546133601305676,nan,0.3546133601305676,0.3515775101808379,nan,nan,nan,nan,nan,nan,,nan,,1
6.2,0,0.0,0.0,0.0,0.07664908236242342,-0.35260532311565257,0.045603822580515124,nan,nan,nan,nan,0.0,0.36371046774934923,nan,0.36371046774934923,nan,0.36371046774934923,0.3608401248704131,nan,nan,nan,nan,nan,nan,,nan,,1
6.300000000000001,0,0.0,0.0,0.0,0.07483971884433348,-0.3650882347101862,-0.03194675949884352,nan,nan,nan,nan,0.0,0.3740467859546127,nan,0.3740467859546127,nan,0.3740467859546127,0.3726800271553319,nan,nan,nan,nan,nan,nan,,nan,,1
6.4,0,0.0,0.0,0.0,0.07334488708975019,-0.37602031537077624,-0.034279721652681616,nan,nan,nan,nan,0.0,0.3846372958389911,nan,0.3846372958389911,nan,0.3846372958389911,0.3831067084165275,nan,nan,nan,nan,nan,nan,,nan,,1
6.5,0,0.0,0.0,0.0,0.07243494481620881,-0.38885516752935995,-0.1164503097185929,nan,nan,nan,nan,0.0,0.41232976751426764,nan,0.41232976751426764,nan,0.41232976751426764,0.395544134762246,nan,nan,nan,nan,nan,nan,,nan,,1
6.6000000000000005,0,0.0,0.0,0.0,0.06999405407998069,-0.3969282811706937,-0.1168392398005414,nan,nan,nan,nan,0.0,0.4196458458710641,nan,0.4196458458710641,nan,0.4196458458710641,0.403052388653972,nan,nan,nan,nan,nan,nan,,nan,,1
6.7,0,0.0,0.0,0.0,0.06685110784440126,-0.4073150071769868,-0.15166499463104124,nan,nan,nan,nan,0.0,0.43974635449091143,nan,0.43974635449091143,nan,0.43974635449091143,0.4127645644815124,nan,nan,nan,nan,nan,nan,,nan,,1
6.800000000000001,0,0.0,0.0,0.0,0.06456701465417734,-0.41875151876804884,-0.15517987542740916,nan,nan,nan,nan,0.0,0.4512233677343922,nan,0.4512233677343922,nan,0.4512233677343922,0.42370005174875813,nan,nan,nan,nan,nan,nan,,nan,,1
6.9,0,0.0,0.0,0.0,0.06347516293139484,-0.430521595972536,-0.1771893241968468,nan,nan,nan,nan,0.0,0.46986593568510787,nan,0.46986593568510787,nan,0.46986593568510787,0.4351757586400082,nan,nan,nan,nan,nan,nan,,nan,,1
7.0,0,0.0,0.0,0.0,0.06008805588361744,-0.44145318358156516,-0.1791228845536069,nan,nan,nan,nan,0.0,0.48018381430966267,nan,0.48018381430966267,nan,0.48018381430966267,0.44552383522564964,nan,nan,nan,nan,nan,nan,,nan,,1
7.1000000000000005,0,0.0,0.0,0.0,-0.09699724621774052,-0.483559930414993,-0.17952021207801552,nan,nan,nan,nan,0.0,0.5248487197481895,nan,0.5248487197481895,nan,0.5248487197481895,0.4931923276742835,nan,nan,nan,nan,nan,nan,,nan,,1
7.2,0,0.0,0.0,0.0,-0.10291960283754915,-0.4964326849541336,-0.18577719824636615,nan,nan,nan,nan,0.0,0.5399546487690225,nan,0.5399546487690225,nan,0.5399546487690225,0.5069890090909357,nan,nan,nan,nan,nan,nan,,nan,,1
7.300000000000001,0,0.0,0.0,0.0,-0.10936637824429081,-0.5060545678226986,-0.14469318609702697,nan,nan,nan,nan,0.0,0.5375763651867523,nan,0.5375763651867523,nan,0.5375763651867523,0.5177376075817669,nan,nan,nan,nan,nan,nan,,nan,,1
7.4,0,0.0,0.0,0.0,-0.1171153041167014,-0.5183218720290973,-0.146322951863249,nan,nan,nan,nan,0.0,0.5511660037811387,nan,0.5511660037811387,nan,0.5511660037811387,0.5313883302087988,nan,nan,nan,nan,nan,nan,,nan,,1
7.500000000000001,0,0.0,0.0,0.0,-0.1251495277397998,-0.5258115753516537,-0.11944517357538612,nan,nan,nan,nan,0.0,0.5535407541976803,nan,0.5535407541976803,nan,0.5535407541976803,0.5404999695349507,nan,nan,nan,nan,nan,nan,,nan,,1
7.6000000000000005,0,0.0,0.0,0.0,-0.13159473997162904,-0.5351699029542227,-0.12262969892105555,nan,nan,nan,nan,0.0,0.5645901554877676,nan,0.5645901554877676,nan,0.5645901554877676,0.5511116045015136,nan,nan,nan,nan,nan,nan,,nan,,1
7.7,0,0.0,0.0,0.0,-0.13803953677096317,-0.5503985245579972,-0.15360040503524117,nan,nan,nan,nan,0.0,0.5878660850691699,nan,0.5878660850691699,nan,0.5878660850691699,0.5674446665072836,nan,nan,nan,nan,nan,nan,,nan,,1
7.800000000000001,0,0.0,0.0,0.0,-0.1453525892958101,-0.5591788921907644,-0.15615339351550347,nan,nan,nan,nan,0.0,0.5984916799698178,nan,0.5984916799698178,nan,0.5984916799698178,0.5777615500244777,nan,nan,nan,nan,nan,nan,,nan,,1
7.9,0,0.0,0.0,0.0,-0.15335956744021115,-0.5688331274935142,-0.1575690613483,nan,nan,nan,nan,0.0,0.6098510416107245,nan,0.6098510416107245,nan,0.6098510416107245,0.5891436869385102,nan,nan,nan,nan,nan,nan,,nan,,1
8.0,0,0.0,0.0,0.0,-0.1627543060361015,-0.5798250745337443,-0.16049411437420583,nan,nan,nan,nan,0.0,0.623253112258668,nan,0.623253112258668,nan,0.623253112258668,0.6022342411316008,nan,nan,nan,nan,nan,nan,,nan,,1
8.1,0,0.0,0.0,0.0,-0.058981632547674204,-0.4246742072380082,-0.13507088722601127,nan,nan,nan,nan,0.0,0.44952325840521473,nan,0.44952325840521473,nan,0.44952325840521473,0.428750528012759,nan,nan,nan,nan,nan,nan,,nan,,1
8.200000000000001,0,0.0,0.0,0.0,-0.06556775676378684,-0.4318054333138954,-0.13534379290907464,nan,nan,nan,nan,0.0,0.4572450166436487,nan,0.4572450166436487,nan,0.4572450166436487,0.43675515219220495,nan,nan,nan,nan,nan,nan,,nan,,1
8.3,0,0.0,0.0,0.0,-0.07141799755232994,-0.44555463769377557,-0.2035515176766942,nan,nan,nan,nan,0.0,0.4950279647588626,nan,0.4950279647588626,nan,0.4950279647588626,0.45124213626922766,nan,nan,nan,nan,nan,nan,,nan,,1
8.4,0,0.0,0.0,0.0,-0.07835800314462801,-0.4521848162234673,-0.20661043128647041,nan,nan,nan,nan,0.0,0.5032881431111265,nan,0.5032881431111265,nan,0.5032881431111265,0.45892383320096203,nan,nan,nan,nan,nan,nan,,nan,,1
8.5,0,0.0,0.0,0.0,-0.08567746483867729,-0.4629706844273088,-0.20985527545469737,nan,nan,nan,nan,0.0,0.5154820261235502,nan,0.5154820261235502,nan,0.5154820261235502,0.47083169245524836,nan,nan,nan,nan,nan,nan,,nan,,1
8.600000000000001,0,0.0,0.0,0.0,-0.0923992307102324,-0.47040089232250554,-0.20935591535264517,nan,nan,nan,nan,0.0,0.5231104248882793,nan,0.5231104248882793,nan,0.5231104248882793,0.4793898385798892,nan,nan,nan,nan,nan,nan,,nan,,1
8.700000000000001,0,0.0,0.0,0.0,-0.09867687419676659,-0.4799076460682054,-0.21319199061066577,nan,nan,nan,nan,0.0,0.5343213444328315,nan,0.5343213444328315,nan,0.5343213444328315,0.489947419889084,nan,nan,nan,nan,nan,nan,,nan,,1
8.8,0,0.0,0.0,0.0,-0.10554516431395412,-0.4910433641040921,-0.217305409884642,nan,nan,nan,nan,0.0,0.5472522346284717,nan,0.5472522346284717,nan,0.5472522346284717,0.5022582673692128,nan,nan,nan,nan,nan,nan,,nan,,1
8.9,0,0.0,0.0,0.0,-0.110901886709224,-0.4941297047621528,-0.1748088613587185,nan,nan,nan,nan,0.0,0.5357439048776286,nan,0.5357439048776286,nan,0.5357439048776286,0.5064221495985319,nan,nan,nan,nan,nan,nan,,nan,,1
9.0,0,0.0,0.0,0.0,-0.11781002284681581,-0.5032822633667805,-0.1758348277028888,nan,nan,nan,nan,0.0,0.5459763041891665,nan,0.5459763041891665,nan,0.5459763041891665,0.5168870651339195,nan,nan,nan,nan,nan,nan,,nan,,1
9.100000000000001,1,0.0,0.0,0.0,-0.15797699065143753,-0.3731869377557788,-0.15407910666107405,9.0,-0.14753918997399837,-0.264658742789581,0.532318277101406,0.0,0.43354998696378083,0.6125151515263557,0.43354998696378083,nan,0.43354998696378083,0.40524710990557344,0.6125151515263557,0.6125151515263557,nan,8,7.0,2.041374481105157,True,3.295000949296057,,1
9.200000000000001,0,0.0,0.0,0.0,-0.16705530875065386,-0.3772570248187451,-0.15582652168997504,9.0,-0.14753918997399837,-0.264658742789581,0.532318277101406,0.0,0.44103542240829574,0.6125151515263557,0.44103542240829574,nan,0.44103542240829574,0.41258979502269266,0.6125151515263557,0.6125151515263557,nan,8,7.0,2.041374481105157,True,3.295000949296057,,1
9.3,0,0.0,0.0,0.0,-0.17571679202823856,-0.38010163196064506,-0.13726559404858157,9.0,-0.14753918997399837,-0.264658742789581,0.532318277101406,0.0,0.44067616787086517,0.6125151515263557,0.44067616787086517,nan,0.44067616787086517,0.41875248252379466,0.6125151515263557,0.6125151515263557,nan,8,7.0,2.041374481105157,True,3.295000949296057,,1
9.4,0,0.0,0.0,0.0,-0.18573188509123373,-0.38569004871020934,-0.13758673917757225,9.0,-0.14753918997399837,-0.264658742789581,0.532318277101406,0.0,0.44964792628360273,0.6125151515263557,0.44964792628360273,nan,0.44964792628360273,0.4280807713663707,0.6125151515263557,0.6125151515263557,nan,8,7.0,2.041374481105157,True,3.295000949296057,,1
9.5,0,0.0,0.0,0.0,-0.19568072725331592,-0.39022853686519543,-0.13977207590666765,9.0,-0.14753918997399837,-0.264658742789581,0.532318277101406,0.0,0.45837265538598293,0.6125151515263557,0.45837265538598293,nan,0.45837265538598293,0.4365423896969661,0.6125151515263557,0.6125151515263557,nan,8,7.0,2.041374481105157,True,3.295000949296057,,1
9.600000000000001,0,0.0,0.0,0.0,-0.2054250800785583,-0.3960614524315063,-0.14050862584294602,9.0,-0.14753918997399837,-0.264658742789581,0.532318277101406,0.0,0.4677679035202281,0.6125151515263557,0.4677679035202281,nan,0.4677679035202281,0.4461660426651007,0.6125151515263557,0.6125151515263557,nan,8,7.0,2.041374481105157,True,3.295000949296057,,1
9.700000000000001,0,0.0,0.0,0.0,-0.21741349718158734,-0.4018397440962108,-0.1420558942441489,9.0,-0.14753918997399837,-0.264658742789581,0.532318277101406,0.0,0.4784597013140617,0.6125151515263557,0.4784597013140617,nan,0.4784597013140617,0.4568848965462048,0.6125151515263557,0.6125151515263557,nan,8,7.0,2.041374481105157,True,3.295000949296057,,1
9.8,0,0.0,0.0,0.0,-0.22810788330246493,-0.4077876329346478,-0.14240673218592007,9.0,-0.14753918997399837,-0.264658742789581,0.532318277101406,0.0,0.48847071291024846,0.6125151515263557,0.48847071291024846,nan,0.48847071291024846,0.46725149544883643,0.6125151515263557,0.6125151515263557,nan,8,7.0,2.041374481105157,True,3.295000949296057,,1
9.9,0,0.0,0.0,0.0,-0.2385096434795099,-0.40994081865808,-0.0860085562740766,9.0,-0.14753918997399837,-0.264658742789581,0.532318277101406,0.0,0.4820122369682442,0.6125151515263557,0.4820122369682442,nan,0.4820122369682442,0.4742766332371644,0.6125151515263557,0.6125151515263557,nan,8,7.0,2.041374481105157,True,3.295000949296057,,1
10.0,0,0.0,0.0,0.0,-0.2494648504817671,-0.4113779749261622,-0.08487691173058017,9.0,-0.14753918997399837,-0.264658742789581,0.532318277101406,0.0,0.48853724527937603,0.6125151515263557,0.48853724527937603,nan,0.48853724527937603,0.4811076281667549,0.6125151515263557,0.6125151515263557,nan,8,7.0,2.041374481105157,True,3.295000949296057,,1
10.100000000000001,0,0.0,0.0,0.0,-0.3962542062875962,-0.3004821411932355,-0.03409059820552878,9.0,-0.14753918997399837,-0.264658742789581,0.532318277101406,0.0,0.49846673114932677,0.6125151515263557,0.49846673114932677,nan,0.49846673114932677,0.49729962113064635,0.6125151515263557,0.6125151515263557,nan,8,7.0,2.041374481105157,True,3.295000949296057,,1
10.200000000000001,0,0.0,0.0,0.0,-0.4090873400463946,-0.303242016123935,-0.03362602262570925,9.0,-0.14753918997399837,-0.264658742789581,0.532318277101406,0.0,0.5103321286444427,0.6125151515263557,0.5103321286444427,nan,0.5103321286444427,0.5092231064367988,0.6125151515263557,0.6125151515263557,nan,8,7.0,2.041374481105157,True,3.295000949296057,,1
10.3,0,0.0,0.0,0.0,-0.4225233343371007,-0.30937258511801896,-0.016495322374733418,9.0,-0.14753918997399837,-0.264658742789581,0.532318277101406,0.0,0.5239365039221773,0.6125151515263557,0.5239365039221773,nan,0.5239365039221773,0.523676774816248,0.6125151515263557,0.6125151515263557,nan,8,7.0,2.041374481105157,True,3.295000949296057,,1
10.4,0,0.0,0.0,0.0,-0.43777094878915634,-0.3117104739176226,-0.015122119078501788,9.0,-0.14753918997399837,-0.264658742789581,0.532318277101406,0.0,0.53762022063826,0.6125151515263557,0.53762022063826,nan,0.53762022063826,0.5374075019514586,0.6125151515263557,0.6125151515263557,nan,8,7.0,2.041374481105157,True,3.295000949296057,,1
10.5,0,0.0,0.0,0.0,-0.45315220925301547,-0.3117254132974212,-0.014778268947615417,9.0,-0.14753918997399837,-0.264658742789581,0.532318277101406,0.0,0.550216371329884,0.6125151515263557,0.550216371329884,nan,0.550216371329884,0.5500178706608875,0.6125151515263557,0.6125151515263557,nan,8,7.0,2.041374481105157,True,3.295000949296057,,1
10.600000000000001,0,0.0,0.0,0.0,-0.4683738794793224,-0.31513395885093737,-0.01341442651436364,9.0,-0.14753918997399837,-0.264658742789581,0.532318277101406,0.0,0.5646799534588459,0.6125151515263557,0.5646799534588459,nan,0.5646799534588459,0.5645205957266529,0.6125151515263557,0.6125151515263557,nan,8,7.0,2.041374481105157,True,3.295000949296057,,1
10.700000000000001,0,0.0,0.0,0.0,-0.4819491909146824,-0.31434401376719523,0.03470430031630454,9.0,-0.14753918997399837,-0.264658742789581,0.532318277101406,0.0,0.5764473697355482,0.6125151515263557,0.5764473697355482,nan,0.5764473697355482,0.575401756700992,0.6125151515263557,0.6125151515263557,nan,8,7.0,2.041374481105157,True,3.295000949296057,,1
10.8,0,0.0,0.0,0.0,-0.49765570135398846,-0.3156513907301282,0.035284167109644375,9.0,-0.14753918997399837,-0.264658742789581,0.532318277101406,0.0,0.5903744320417471,0.6125151515263557,0.5903744320417471,nan,0.5903744320417471,0.5893190965512608,0.6125151515263557,0.6125151515263557,nan,8,7.0,2.041374481105157,True,3.295000949296057,,1
10.9,0,0.0,0.0,0.0,-0.5138759053931827,-0.3147947366716281,0.029237330414432692,9.0,-0.14753918997399837,-0.264658742789581,0.532318277101406,0.0,0.603339865970736,0.6125151515263557,0.603339865970736,nan,0.603339865970736,0.6026310416663109,0.6125151515263557,0.6125151515263557,nan,8,7.0,2.041374481105157,True,3.295000949296057,,1
11.0,0,0.0,0.0,0.0,-0.5292781917482838,-0.3203626725737019,0.029244700440629705,9.0,-0.14753918997399837,-0.264658742789581,0.532318277101406,0.0,0.6193729883864489,0.6125151515263557,0.6193729883864489,nan,0.6193729883864489,0.6186821851636736,0.6125151515263557,0.6125151515263557,nan,8,7.0,2.041374481105157,True,3.295000949296057,,1
11.101,0,0.0,0.0,0.0,-0.38151345033014583,-0.1872319348971145,0.03764878105413704,9.0,-0.14753918997399837,-0.264658742789581,0.532318277101406,0.0,0.42664474793789775,0.6125151515263557,0.42664474793789775,nan,0.42664474793789775,0.4249803645206799,0.6125151515263557,0.6125151515263557,nan,8,7.0,2.041374481105157,True,3.295000949296057,,1
11.200000000000001,0,0.0,0.0,0.0,-0.39561687960500563,-0.18716743490392826,0.03929114400996381,9.0,-0.14753918997399837,-0.264658742789581,0.532318277101406,0.0,0.43941797654912734,0.6125151515263557,0.43941797654912734,nan,0.43941797654912734,0.4376578162410878,0.6125151515263557,0.6125151515263557,nan,8,7.0,2.041374481105157,True,3.295000949296057,,1
11.3,0,0.0,0.0,0.0,-0.4104378507479884,-0.18847289459060249,0.028697574720288593,9.0,-0.14753918997399837,-0.264658742789581,0.532318277101406,0.0,0.4525536566163342,0.6125151515263557,0.4525536566163342,nan,0.4525536566163342,0.45164284708383057,0.6125151515263557,0.6125151515263557,nan,8,7.0,2.041374481105157,True,3.295000949296057,,1
11.4,0,0.0,0.0,0.0,-0.4242886161778728,-0.1871398627222404,0.027562476880661862,9.0,-0.14753918997399837,-0.264658742789581,0.532318277101406,0.0,0.4645447752043179,0.6125151515263557,0.4645447752043179,nan,0.4645447752043179,0.46372638272782496,0.6125151515263557,0.6125151515263557,nan,8,7.0,2.041374481105157,True,3.295000949296057,,1
11.5,0,0.0,0.0,0.0,-0.4407159968530929,-0.18720339373997472,-0.002069527378917233,9.0,-0.14753918997399837,-0.264658742789581,0.532318277101406,0.0,0.47883189477472304,0.6125151515263557,0.47883189477472304,nan,0.47883189477472304,0.47882742247074717,0.6125151515263557,0.6125151515263557,nan,8,7.0,2.041374481105157,True,3.295000949296057,,1
11.600000000000001,0,0.0,0.0,0.0,-0.45409620635592907,-0.18423642886559585,-0.002453063151768309,9.0,-0.14753918997399837,-0.264658742789581,0.532318277101406,0.0,0.4900535112279279,0.6125151515263557,0.4900535112279279,nan,0.4900535112279279,0.49004737153462447,0.6125151515263557,0.6125151515263557,nan,8,7.0,2.041374481105157,True,3.295000949296057,,1
11.700000000000001,0,0.0,0.0,0.0,-0.4675916526394298,-0.18052013467010014,0.011129563559288342,9.0,-0.14753918997399837,-0.264658742789581,0.532318277101406,0.0,0.5013515132363764,0.6125151515263557,0.5013515132363764,nan,0.5013515132363764,0.5012279647419767,0.6125151515263557,0.6125151515263557,nan,8,7.0,2.041374481105157,True,3.295000949296057,,1
11.8,0,0.0,0.0,0.0,-0.48174544970832034,-0.1813272411674839,0.013821426487104039,9.0,-0.14753918997399837,-0.264658742789581,0.532318277101406,0.0,0.5149264787658729,0.6125151515263557,0.5149264787658729,nan,0.5149264787658729,0.5147409510657596,0.6125151515263557,0.6125151515263557,nan,8,7.0,2.041374481105157,True,3.295000949296057,,1
11.9,0,0.0,0.0,0.0,-0.49693511228983134,-0.18013184266116827,0.0154196509456789,9.0,-0.14753918997399837,-0.264658742789581,0.532318277101406,0.0,0.5288002951987657,0.6125151515263557,0.5288002951987657,nan,0.5288002951987657,0.5285754312934108,0.6125151515263557,0.6125151515263557,nan,8,7.0,2.041374481105157,True,3.295000949296057,,1
12.0,0,0.0,0.0,0.0,-0.5118436607518041,-0.18113440286628066,0.01630701090871335,9.0,-0.14753918997399837,-0.264658742789581,0.532318277101406,0.0,0.5431938176731294,0.6125151515263557,0.5431938176731294,nan,0.5431938176731294,0.5429489892738838,0.6125151515263557,0.6125151515263557,nan,8,7.0,2.041374481105157,True,3.295000949296057,,1
12.100000000000001,0,0.0,0.0,0.0,-0.34473930279416115,-0.07107245930722692,0.013818132287095376,9.0,-0.14753918997399837,-0.264658742789581,0.532318277101406,0.0,0.3522604464638138,0.6125151515263557,0.3522604464638138,nan,0.3522604464638138,0.35198931995585003,0.6125151515263557,0.6125151515263557,nan,8,7.0,2.041374481105157,True,3.295000949296057,,1
12.200000000000001,0,0.0,0.0,0.0,-0.35551579486577883,-0.06938973457771756,0.013251262905185668,9.0,-0.14753918997399837,-0.264658742789581,0.532318277101406,0.0,0.3624665662270039,0.6125151515263557,0.3624665662270039,nan,0.3624665662270039,0.36222426156155335,0.6125151515263557,0.6125151515263557,nan,8,7.0,2.041374481105157,True,3.295000949296057,,1
12.3,0,0.0,0.0,0.0,-0.3651906814511406,-0.06541904453681029,0.02443080328768108,9.0,-0.14753918997399837,-0.264658742789581,0.532318277101406,0.0,0.37180740895810427,0.6125151515263557,0.37180740895810427,nan,0.37180740895810427,0.3710038883985687,0.6125151515263557,0.6125151515263557,nan,8,7.0,2.041374481105157,True,3.295000949296057,,1
12.4,0,0.0,0.0,0.0,-0.37656166951912245,-0.06232523114563624,0.025333864237598706,9.0,-0.14753918997399837,-0.264658742789581,0.532318277101406,0.0,0.38252441760702655,0.6125151515263557,0.38252441760702655,nan,0.38252441760702655,0.3816845888798574,0.6125151515263557,0.6125151515263557,nan,8,7.0,2.041374481105157,True,3.295000949296057,,1
12.5,0,0.0,0.0,0.0,-0.38683125852225286,-0.058745384963701464,0.03629078031680742,9.0,-0.14753918997399837,-0.264658742789581,0.532318277101406,0.0,0.39294587866581104,0.6125151515263557,0.39294587866581104,nan,0.39294587866581104,0.391266460132278,0.6125151515263557,0.6125151515263557,nan,8,7.0,2.041374481105157,True,3.295000949296057,,1
12.600000000000001,0,0.0,0.0,0.0,-0.39912824013413345,-0.056265128765894526,0.0371461695685804,9.0,-0.14753918997399837,-0.264658742789581,0.532318277101406,0.0,0.4047826017768438,0.6125151515263557,0.4047826017768438,nan,0.4047826017768438,0.40307457968422317,0.6125151515263557,0.6125151515263557,nan,8,7.0,2.041374481105157,True,3.295000949296057,,1
12.700000000000001,0,0.0,0.0,0.0,-0.409528566418724,-0.05076324274151833,0.04925739719362295,9.0,-0.14753918997399837,-0.264658742789581,0.532318277101406,0.0,0.4155921615056038,0.6125151515263557,0.4155921615056038,nan,0.4155921615056038,0.41266276004336705,0.6125151515263557,0.6125151515263557,nan,8,7.0,2.041374481105157,True,3.295000949296057,,1
12.8,0,0.0,0.0,0.0,-0.4217891443819743,-0.04437412390749297,0.049507186323312795,9.0,-0.14753918997399837,-0.264658742789581,0.532318277101406,0.0,0.42699661203420186,0.6125151515263557,0.42699661203420186,nan,0.42699661203420186,0.42411690038365074,0.6125151515263557,0.6125151515263557,nan,8,7.0,2.041374481105157,True,3.295000949296057,,1
12.901000000000002,0,0.0,0.0,0.0,-0.42658074781380173,-0.04082384552947544,0.07933239013188526,9.0,-0.14753918997399837,-0.264658742789581,0.532318277101406,0.0,0.4358111390192252,0.6125151515263557,0.4358111390192252,nan,0.4358111390192252,0.42852971982022064,0.6125151515263557,0.6125151515263557,nan,8,7.0,2.041374481105157,True,3.295000949296057,,1
13.0,0,0.0,0.0,0.0,-0.43903649379214854,-0.0390989058223621,0.07987974902358985,9.0,-0.14753918997399837,-0.264658742789581,0.532318277101406,0.0,0.44795372709899506,0.6125151515263557,0.44795372709899506,nan,0.44795372709899506,0.4407740547239699,0.6125151515263557,0.6125151515263557,nan,8,7.0,2.041374481105157,True,3.295000949296057,,1
13.100000000000001,0,0.0,0.0,0.0,0.02952054631286344,0.17357227590204632,0.09017906093565292,9.0,-0.14753918997399837,-0.264658742789581,0.532318277101406,0.0,0.19781572396465913,0.6125151515263557,0.19781572396465913,nan,0.19781572396465913,0.1760647540435791,0.6125151515263557,0.6125151515263557,nan,8,7.0,2.041374481105157,True,3.295000949296057,,1
13.200000000000001,0,0.0,0.0,0.0,0.02793171822599006,0.18149785393155723,0.09042108842787565,9.0,-0.14753918997399837,-0.264658742789581,0.532318277101406,0.0,0.204689093742922,0.6125151515263557,0.204689093742922,nan,0.204689093742922,0.183634560649179,0.6125151515263557,0.6125151515263557,nan,8,7.0,2.041374481105157,True,3.295000949296057,,1
13.3,0,0.0,0.0,0.0,0.03318558326268082,0.1926526822292255,0.12255323381901248,9.0,-0.14753918997399837,-0.264658742789581,0.532318277101406,0.0,0.23072848551077693,0.6125151515263557,0.23072848551077693,nan,0.23072848551077693,0.19548999694766803,0.6125151515263557,0.6125151515263557,nan,8,7.0,2.041374481105157,True,3.295000949296057,,1
13.4,0,0.00039440017369428166,-3.730363141308805e-08,-0.010699163335038358,0.032891949033698686,0.1997782685950064,0.11141841161640956,9.0,-0.14753918997399837,-0.264658742789581,0.532318277101406,0.010706430197233378,0.23110019333868506,0.6125151515263557,0.22039376314145168,nan,0.23638985659638734,0.20240420497024775,0.6125151515263557,0.6125151515263557,nan,8,7.0,2.041374481105157,True,3.295000949296057,,1
13.5,0,0.006068406575208573,1.1673791868162403e-06,0.15006387032646332,0.0363118458087494,0.20982938405260615,0.28646610460866445,9.0,-0.14753918997399837,-0.264658742789581,0.532318277101406,0.15018651982479123,0.35694502328453437,0.6125151515263557,0.20675850345974314,36.292159760828085,0.2520875158475659,0.2119965710312794,0.6125151515263557,0.6125151515263557,nan,8,7.0,2.041374481105157,True,3.295000949296057,,1
13.600000000000001,0,0.02310153492702391,7.360497773818476e-06,0.3662296302700237,0.051648517856580235,0.2230231844775318,0.5046284505274055,9.0,-0.14753918997399837,-0.264658742789581,0.532318277101406,0.3669575221437485,0.5541270461662838,0.6125151515263557,0.18716952402253534,23.83084460984139,0.2640174642488369,0.22483546868710635,0.6125151515263557,0.6125151515263557,nan,8,7.0,2.041374481105157,True,3.295000949296057,,1
13.700000000000001,0,0.046895766773143235,2.3887331588747484e-05,0.5852907031180444,0.06732566600799893,0.23671091556686852,0.7101372054040974,9.0,-0.14753918997399837,-0.264658742789581,0.532318277101406,0.5871664335333385,0.7515714559182427,0.6125151515263557,0.16440502238490418,18.374066352835783,0.26837432673535655,0.23756710655643065,0.6125151515263557,0.6125151515263557,nan,8,7.0,2.041374481105157,True,3.295000949296057,,1
13.8,0,0.07261862968240371,5.879767075627092e-05,0.8022746107025932,0.08945193546438737,0.25110008245890764,0.9304065449843706,9.0,-0.14753918997399837,-0.264658742789581,0.532318277101406,0.8055544797294057,0.9678374032444441,0.6125151515263557,0.16228292351503837,15.036239624153174,0.28235240291951685,0.2516050215151428,0.6125151515263557,0.6125151515263557,nan,8,7.0,2.041374481105157,True,3.295000949296057,,1
13.9,0,0.09591279200868266,0.00011841348481112624,1.0153012650733342,0.10812724228259253,0.2660578103617494,1.142228361211448,9.0,-0.14753918997399837,-0.264658742789581,0.532318277101406,1.0198215219106561,1.17777921875618,0.6125151515263557,0.15795769684552385,13.04903337525161,0.2949295565737987,0.2662197505948113,0.6125151515263557,0.6125151515263557,nan,8,7.0,2.041374481105157,True,3.295000949296057,,1
14.0,0,0.11353228244385663,0.0002050829468476588,1.2230364793277728,0.12335245744928834,0.2809924928385012,1.3505697954343416,9.0,-0.14753918997399837,-0.264658742789581,0.532318277101406,1.2282946922389595,1.3849950837926945,0.6125151515263557,0.15670039155373505,11.69635998668722,0.30854943219513264,0.28095908134602227,0.6125151515263557,0.6125151515263557,nan,8,7.0,2.041374481105157,True,3.295000949296057,,1
14.100000000000001,0,0.12368600752754849,0.0003161752996934913,1.4250846520468403,0.06458603049285559,0.3332857112862177,1.5686461522517567,9.0,-0.14753918997399837,-0.264658742789581,0.532318277101406,1.4304420973686383,1.6049615171886913,0.6125151515263557,0.17451941982005303,12.248149569543154,0.36738457169792627,0.33817380025747484,0.6125151515263557,0.6125151515263557,nan,8,7.0,2.041374481105157,True,3.295000949296057,,1
14.200000000000001,0,0.1260473897139565,0.0004438714957220864,1.6219847570437973,0.06028319126416245,0.3466062403950047,1.7702927559246562,9.0,-0.14753918997399837,-0.264658742789581,0.532318277101406,1.6268751315199432,1.804911740420862,0.6125151515263557,0.17803660890091888,11.330164512497333,0.3822938372139313,0.3523539632808278,0.6125151515263557,0.6125151515263557,nan,8,7.0,2.041374481105157,True,3.295000949296057,,1
14.3,0,0.12152265740557402,0.0005759790445453261,1.8150142549493613,0.04222604928685516,0.3617926097407135,1.930505724080941,9.0,-0.14753918997399837,-0.264658742789581,0.532318277101406,1.8190780174814267,1.964568472314124,0.6125151515263557,0.14549045483269718,10.899482650920994,0.38743216927972857,0.3698180719632636,0.6125151515263557,0.6125151515263557,nan,8,7.0,2.041374481105157,True,3.295000949296057,,1
14.4,0,0.1118902521744604,0.0006975324427793214,2.0058212359444614,0.026241074321455837,0.3785220199545063,2.1249743578876923,9.0,-0.14753918997399837,-0.264658742789581,0.532318277101406,2.008939706822716,2.158583687340427,0.6125151515263557,0.14964398051771077,10.378305620211504,0.4053203566306696,0.3874107962233303,0.6125151515263557,0.6125151515263557,nan,8,7.0,2.041374481105157,True,3.295000949296057,,1
14.500000000000002,0,0.0993990563693298,0.0007926684862862738,2.1961088662269903,0.01789868574978506,0.3908860783244598,2.3579929069115395,9.0,-0.14753918997399837,-0.264658742789581,0.532318277101406,2.1983573306110267,2.3902390755371266,0.6125151515263557,0.19188174492609988,9.633698323802706,0.4301413970296897,0.3985162215146284,0.6125151515263557,0.6125151515263557,nan,8,7.0,2.041374481105157,True,3.295000949296057,,1
14.600000000000001,0,0.08635228076611073,0.0008474281023458398,2.383988659399,-0.0009423236947400894,0.4057984174450354,2.549697609650771,9.0,-0.14753918997399837,-0.264658742789581,0.532318277101406,2.385552213360868,2.5817883616272064,0.6125151515263557,0.19623614826633817,9.260930620421112,0.4461671300433767,0.41425312519955654,0.6125151515263557,0.6125151515263557,nan,8,7.0,2.041374481105157,True,3.295000949296057,,1
14.700000000000001,0,0.07454504871770436,0.000849023074886845,2.5372303850998086,-0.017742034427718534,0.4186727282001204,2.7112781040849785,9.0,-0.14753918997399837,-0.264658742789581,0.532318277101406,2.5383253755581117,2.7434705376247073,0.6125151515263557,0.2051451620665956,8.995508439014538,0.4619374013478547,0.4278943260666918,0.6125151515263557,0.6125151515263557,nan,8,7.0,2.041374481105157,True,3.295000949296057,,1
14.8,0,0.06463464960197066,0.0007935230875240029,2.6505344333409946,-0.03383600905533707,0.43327897253809927,2.8250445930927666,9.0,-0.14753918997399837,-0.264658742789581,0.532318277101406,2.6513225096042783,2.8582778900091466,0.6125151515263557,0.20695538040486827,8.945769415885863,0.47664864466340306,0.44355398161088594,0.6125151515263557,0.6125151515263557,nan,8,7.0,2.041374481105157,True,3.295000949296057,,1
14.9,0,0.05701043066366131,0.0006858563377597913,2.73498966836524,-0.04314221654818107,0.4447469099378919,2.934441907319752,9.0,-0.14753918997399837,-0.264658742789581,0.532318277101406,2.7355838765550544,2.9682672339569387,0.6125151515263557,0.23268335740188428,8.838903830198923,0.4969929251930723,0.45521508330458377,0.6125151515263557,0.6125151515263557,nan,8,7.0,2.041374481105157,True,3.295000949296057,,1
15.000000000000002,0,0.05195311831517636,0.0005371934453109657,2.7985216332769602,-0.05515964505596442,0.4578978580072902,3.002715692168348,9.0,-0.14753918997399837,-0.264658742789581,0.532318277101406,2.799003884777335,3.0379293215617125,0.6125151515263557,0.2389254367843776,8.910947233272093,0.5121983358544978,0.4697360126343065,0.6125151515263557,0.6125151515263557,nan,8,7.0,2.041374481105157,True,3.295000949296057,,1
15.100000000000001,0,0.049527719051829,0.0003636802033553687,2.847096614366992,-0.12370079874395354,0.5951504249950823,3.054851752840503,9.0,-0.14753918997399837,-0.264658742789581,0.532318277101406,2.847527393855546,3.114743191310387,0.6125151515263557,0.26721579745484103,11.490745550334804,0.6534076742125167,0.6194993068258128,0.6125151515263557,0.6125151515263557,nan,8,7.0,2.041374481105157,True,3.295000949296057,,1
15.200000000000001,0,0.049540594029211786,0.00018491774570517734,2.884874001487349,-0.1324005188309699,0.6097705122047157,3.0939609516876083,9.0,-0.14753918997399837,-0.264658742789581,0.532318277101406,2.8852993448009805,3.1562547973046793,0.6125151515263557,0.2709554525036988,11.646714125940916,0.6696376021885214,0.6361581293363676,0.6125151515263557,0.6125151515263557,nan,8,7.0,2.041374481105157,True,3.295000949296057,,1
15.3,0,0.05154559695464291,2.1570547935892295e-05,2.914538619956973,-0.14202022169563067,0.6257657678369841,3.1024270827713334,9.0,-0.14753918997399837,-0.264658742789581,0.532318277101406,2.914994393862773,3.16809190893827,0.6125151515263557,0.2530975150754968,11.949984915686482,0.6814144121233489,0.6549988752590846,0.6125151515263557,0.6125151515263557,nan,8,7.0,2.041374481105157,True,3.295000949296057,,1
15.4,0,0.054889266375484656,-0.00010744788699557618,2.938025638940766,-0.1480659608071966,0.6396358571878183,3.129511407989089,9.0,-0.14753918997399837,-0.264658742789581,0.532318277101406,2.9385383268185534,3.197639631241145,0.6125151515263557,0.2591013044225914,12.136032920352411,0.6979463592403415,0.6711648982394864,0.6125151515263557,0.6125151515263557,nan,8,7.0,2.041374481105157,True,3.295000949296057,,1
15.500000000000002,0,0.0592021085753718,-0.0001921366338705976,2.9581734147574306,-0.15570050243250577,0.6543544422262733,3.145839493552972,9.0,-0.14753918997399837,-0.264658742789581,0.532318277101406,2.95876576943054,3.2169439693156936,0.6125151515263557,0.2581781998851538,12.387404917685622,0.714025849144144,0.6889226053160992,0.6125151515263557,0.6125151515263557,nan,8,7.0,2.041374481105157,True,3.295000949296057,,1
15.600000000000001,0,0.06254638289329086,-0.00020932168079090534,2.97083443332268,-0.16150988039669245,0.6691573735267191,3.1638801110293424,9.0,-0.14753918997399837,-0.264658742789581,0.532318277101406,2.9714927770473025,3.2378996879115904,0.6125151515263557,0.2664069108642879,12.615254398433207,0.7317920575229814,0.7058703717910916,0.6125151515263557,0.6125151515263557,nan,8,7.0,2.041374481105157,True,3.295000949296057,,1
15.700000000000001,0,0.06545977135536293,-0.0001729793620235952,2.981418979798729,-0.16538681422387053,0.6814935620943043,3.191703692250254,9.0,-0.14753918997399837,-0.264658742789581,0.532318277101406,2.9821375127065903,3.267837011330126,0.6125151515263557,0.2856994986235355,12.749598151216626,0.7497860228794896,0.7196939765029452,0.6125151515263557,0.6125151515263557,nan,8,7.0,2.041374481105157,True,3.295000949296057,,1
15.8,0,0.0671086856918529,-8.489220578908042e-05,2.9887210563646818,-0.17397055302455636,0.6934107212987223,3.2036617330999757,9.0,-0.14753918997399837,-0.264658742789581,0.532318277101406,2.989474391203175,3.2824583290364595,0.6125151515263557,0.29298393783328436,12.953341025726738,0.765019515963814,0.7342038989886135,0.6125151515263557,0.6125151515263557,nan,8,7.0,2.041374481105157,True,3.295000949296057,,1
15.9,0,0.06730446046214082,4.13537874666984e-05,2.993184468020445,-0.17599594489831447,0.7003479135669395,3.249141816884493,9.0,-0.14753918997399837,-0.264658742789581,0.532318277101406,2.993941073519496,3.32842069439632,0.6125151515263557,0.33447962087682415,12.903189227490179,0.7843076751863609,0.7413665523334069,0.6125151515263557,0.6125151515263557,nan,8,7.0,2.041374481105157,True,3.295000949296057,,1
16.0,0,0.06611218396839633,0.00018734340694819657,2.9953845397423136,-0.18753191281413636,0.7122894807380182,3.2548115098589774,9.0,-0.14753918997399837,-0.264658742789581,0.532318277101406,2.9961140493802794,3.3371128970120623,0.6125151515263557,0.3409988476317829,13.125903717434042,0.7992040632079003,0.7559264394265524,0.6125151515263557,0.6125151515263557,nan,8,7.0,2.041374481105157,True,3.295000949296057,,1
16.1,0,0.06381925206815126,0.00033259218607405915,2.9958823300375634,-0.028956164893233292,0.23344311012223143,3.2213672754847935,9.0,-0.14753918997399837,-0.264658742789581,0.532318277101406,2.9965620205467802,3.2299444683636875,0.6125151515263557,0.2333824478169073,4.486826105625783,0.3373295898496938,0.2508939847123129,0.6125151515263557,0.6125151515263557,nan,8,7.0,2.041374481105157,True,3.295000949296057,,1
16.2,0,0.0608675621129119,0.0004571119778054886,2.9953044557440855,-0.038826104244177664,0.23557268995078082,3.225945342369763,9.0,-0.14753918997399837,-0.264658742789581,0.532318277101406,2.9959228714486796,3.2347682004401173,0.6125151515263557,0.23884532899143762,4.560530031039316,0.34411245356825365,0.25537846839012274,0.6125151515263557,0.6125151515263557,nan,8,7.0,2.041374481105157,True,3.295000949296057,,1
16.3,0,0.05777103137085234,0.0005442506088610887,2.9942547144295184,-0.052054003781755516,0.24465364942100468,3.208264670295091,9.0,-0.14753918997399837,-0.264658742789581,0.532318277101406,2.9948120280174138,3.2180005006445227,0.6125151515263557,0.22318847262710895,4.801396700656898,0.34271153780443714,0.2676769264144703,0.6125151515263557,0.6125151515263557,nan,8,7.0,2.041374481105157,True,3.295000949296057,,1
16.400000000000002,0,0.055028800214064484,0.0005828242825722974,2.993270126030204,-0.06206525927056206,0.249069528272938,3.2163271803002074,9.0,-0.14753918997399837,-0.264658742789581,0.532318277101406,2.9937759695611854,3.2265536191206103,0.6125151515263557,0.23277764955942493,4.914556960185584,0.3538518196734279,0.27469375825923836,0.6125151515263557,0.6125151515263557,nan,8,7.0,2.041374481105157,True,3.295000949296057,,1
16.5,0,0.053048145901489506,0.0005686720631347334,2.992735382359064,-0.07552117286879488,0.2579414138316775,3.1999599284085614,9.0,-0.14753918997399837,-0.264658742789581,0.532318277101406,2.9932055555867447,3.211227298703953,0.6125151515263557,0.21802174311720846,5.169066296199989,0.35456002371944334,0.28769914482756465,0.6125151515263557,0.6125151515263557,nan,8,7.0,2.041374481105157,True,3.295000949296057,,1
16.6,0,0.052086556417387506,0.0005051725247416496,2.99285720670962,-0.08479071340546963,0.26279778024008915,3.2042097136570167,9.0,-0.14753918997399837,-0.264658742789581,0.532318277101406,2.9933104623998514,3.2160864458955247,0.6125151515263557,0.2227759834956733,5.308339482423528,0.3635968663908227,0.2958594244844609,0.6125151515263557,0.6125151515263557,nan,8,7.0,2.041374481105157,True,3.295000949296057,,1
16.7,0,0.05221761512355868,0.00040250431890711267,2.9937590497279225,-0.09815918211430923,0.2716809980696993,3.1854303901803926,9.0,-0.14753918997399837,-0.264658742789581,0.532318277101406,2.9942144360694596,3.198501611759842,0.6125151515263557,0.20428717569038257,5.593727017780159,0.36461363807469427,0.31016963474720965,0.6125151515263557,0.6125151515263557,nan,8,7.0,2.041374481105157,True,3.295000949296057,,1
16.8,0,0.05333546313156588,0.00027639388691776584,2.9952982268505957,-0.10700520430131241,0.27480761265157383,3.1917322381677877,9.0,-0.14753918997399837,-0.264658742789581,0.532318277101406,2.995773058126293,3.2053274431605856,0.6125151515263557,0.2095543850342927,5.723761356311054,0.37371491877016505,0.3179253366896516,0.6125151515263557,0.6125151515263557,nan,8,7.0,2.041374481105157,True,3.295000949296057,,1
16.900000000000002,0,0.055183019098065146,0.00014550345976923994,2.997217554066745,-0.11017530451154603,0.27732824312028725,3.209576627259994,9.0,-0.14753918997399837,-0.264658742789581,0.532318277101406,2.9977255133140317,3.2234192526585854,0.6125151515263557,0.22569373934455372,5.782303027094599,0.386354788141919,0.32275942488592246,0.6125151515263557,0.6125151515263557,nan,8,7.0,2.041374481105157,True,3.295000949296057,,1
17.0,0,0.05740202488142374,2.8643957418338637e-05,2.9992862429315403,-0.11577062089412349,0.2808173044305997,3.2164825382111437,9.0,-0.14753918997399837,-0.264658742789581,0.532318277101406,2.9998354888759082,3.230792644808249,0.6125151515263557,0.2309571559323409,5.899571346994581,0.3949750217145527,0.3298954942026742,0.6125151515263557,0.6125151515263557,nan,8,7.0,2.041374481105157,True,3.295000949296057,,1
17.1,1,0.05960315043082074,-5.791884862955238e-05,3.001165291577283,-0.4971558694241439,0.41430541282499495,3.209263947482392,17.0,0.050658648409609985,-0.013862663635505312,0.2900158373969083,3.0017570931479503,3.2738643860443015,0.2947331980669799,0.27210729289635127,12.296963145006503,0.7245568489877382,0.6940299538388289,2.7095167856445395,2.7053084668756977,9.207854574646346,8,7.0,1.3850887880267944,False,41.13147374186057,Mahalanobis gate,1
17.200000000000003,0,0.06143034052489354,-0.00010283322340807292,3.002620619972814,-0.5119926366997515,0.41871732535187384,3.212937068427653,17.0,0.050658648409609985,-0.013862663635505312,0.2900158373969083,3.003248954848332,3.2803087147799173,0.2947331980669799,0.27705975993158516,12.56234025310312,0.7405789927677243,0.710087484777897,2.7095167856445395,2.7053084668756977,9.207854574646346,8,7.0,1.3850887880267944,False,41.13147374186057,Mahalanobis gate,1
17.3,0,0.06261680925655888,-0.00010118957633897184,3.00348285956382,-0.5291110587838203,0.42961216082677517,3.202194211620365,17.0,0.050658648409609985,-0.013862663635505312,0.2900158373969083,3.0041355100485174,3.2739231649799843,0.2947331980669799,0.26978765493146684,12.96550705522907,0.7578137203603681,0.7312970896498098,2.7095167856445395,2.7053084668756977,9.207854574646346,8,7.0,1.3850887880267944,False,41.13147374186057,Mahalanobis gate,1
17.400000000000002,0,0.06302263272150802,-5.4819100047786656e-05,3.0036243413509185,-0.5455083137413698,0.43440714574638156,3.2046893002939822,17.0,0.050658648409609985,-0.013862663635505312,0.2900158373969083,3.004285445691874,3.2796832773996947,0.2947331980669799,0.27539783170782073,13.238024164640198,0.7742701269040423,0.7477079053355166,2.7095167856445395,2.7053084668756977,9.207854574646346,8,7.0,1.3850887880267944,False,41.13147374186057,Mahalanobis gate,1
17.5,0,0.06264283431824322,2.779593899493205e-05,3.0031394452258895,-0.5662729945015533,0.4450217247647153,3.1851104366951635,17.0,0.050658648409609985,-0.013862663635505312,0.2900158373969083,3.0037927113793486,3.265522612654638,0.2947331980669799,0.2617299012752894,13.70023338716277,0.7916237478550985,0.7704250232383694,2.7095167856445395,2.7053084668756977,9.207854574646346,8,7.0,1.3850887880267944,False,41.13147374186057,Mahalanobis gate,1
17.6,0,0.061599613996347176,0.00013337545589858858,3.0021647935674065,-0.583909434314455,0.44944551606202277,3.1852253971560445,17.0,0.050658648409609985,-0.013862663635505312,0.2900158373969083,3.00279669274647,3.2693443272432416,0.2947331980669799,0.26654763449677166,13.97347068688931,0.8075113099724434,0.7864879726653008,2.7095167856445395,2.7053084668756977,9.207854574646346,8,7.0,1.3850887880267944,False,41.13147374186057,Mahalanobis gate,1
17.700000000000003,0,0.06011308149703258,0.00024589798295964306,3.000868185211864,-0.6070727132170312,0.4604086999945734,3.159514553079051,17.0,0.050658648409609985,-0.013862663635505312,0.2900158373969083,3.0014702244149674,3.250083946805328,0.2947331980669799,0.24861372239036061,14.485978466967243,0.8258664293097687,0.8104854650290876,2.7095167856445395,2.7053084668756977,9.207854574646346,8,7.0,1.3850887880267944,False,41.13147374186057,Mahalanobis gate,1
17.8,0,0.0584557848407285,0.00034875774932307244,2.9995098682136785,-0.6255319406770022,0.46837305590642986,3.159706455972525,17.0,0.050658648409609985,-0.013862663635505312,0.2900158373969083,3.0000794406022906,3.2549052852918345,0.2947331980669799,0.25482584468954395,14.796268871126822,0.8441261156094797,0.8287858301903881,2.7095167856445395,2.7053084668756977,9.207854574646346,8,7.0,1.3850887880267944,False,41.13147374186057,Mahalanobis gate,1
17.900000000000002,0,0.056907154665872456,0.000427632655945845,2.9983183140516396,-0.6444935951535204,0.4746532774983086,3.1630504797426258,17.0,0.050658648409609985,-0.013862663635505312,0.2900158373969083,2.9988583360171117,3.262752835480164,0.2947331980669799,0.2638944994630523,15.085167768629203,0.8625483525499332,0.8466717038341138,2.7095167856445395,2.7053084668756977,9.207854574646346,8,7.0,1.3850887880267944,False,41.13147374186057,Mahalanobis gate,1
18.0,0,0.055707753730613874,0.0004721196420518493,2.997475318111299,-0.6631919464344771,0.4794647699722495,3.1665768932305336,17.0,0.050658648409609985,-0.013862663635505312,0.2900158373969083,2.997992971874534,3.270614505593961,0.2947331980669799,0.2726215337194269,15.360501376114383,0.8802534184401732,0.8638580542935308,2.7095167856445395,2.7053084668756977,9.207854574646346,8,7.0,1.3850887880267944,False,41.13147374186057,Mahalanobis gate,1
18.1,0,0.055023961656207744,0.0004771933158600492,2.9970892966549596,-0.1619352068856533,0.13400781438894918,3.1474832004305,17.0,0.050658648409609985,-0.013862663635505312,0.2900158373969083,2.9975943882042357,3.1544938742274686,0.2947331980669799,0.1568994860232329,4.6744019136393025,0.2958378506401557,0.2547581354511384,2.7095167856445395,2.7053084668756977,9.207854574646346,8,7.0,1.3850887880267944,False,41.13147374186057,Mahalanobis gate,1
18.200000000000003,0,0.05492675115497681,0.00044373325105782283,2.9971906491770017,-0.17018481824271323,0.13297746600081978,3.1478098657790383,17.0,0.050658648409609985,-0.013862663635505312,0.2900158373969083,2.9976939357455583,3.1552104256166738,0.2947331980669799,0.15751648987111544,4.791723690523639,0.3015403080901251,0.26122865270348183,2.7095167856445395,2.7053084668756977,9.207854574646346,8,7.0,1.3850887880267944,False,41.13147374186057,Mahalanobis gate,1
18.3,0,0.05538694335250926,0.0003781550707365012,2.9977321086937025,-0.1820913191965295,0.1347950570086464,3.1379792180205546,17.0,0.050658648409609985,-0.013862663635505312,0.2900158373969083,2.998243761268984,3.146146933734912,0.2947331980669799,0.1479031724659281,5.016265769253682,0.306811147751241,0.27288061255775553,2.7095167856445395,2.7053084668756977,9.207854574646346,8,7.0,1.3850887880267944,False,41.13147374186057,Mahalanobis gate,1
18.400000000000002,0,0.056288092394100625,0.0002914496900764571,2.998575369244338,-0.18993520016971996,0.13447911302532392,3.1395395464658575,17.0,0.050658648409609985,-0.013862663635505312,0.2900158373969083,2.99910364597943,3.1481532008348374,0.2947331980669799,0.1490495548554076,5.151949543430937,0.31385209582235146,0.2804144054650946,2.7095167856445395,2.7053084668756977,9.207854574646346,8,7.0,1.3850887880267944,False,41.13147374186057,Mahalanobis gate,1
18.5,0,0.05745045721186783,0.0001971434941868697,2.999575825843995,-0.1996343362201359,0.1359908366314509,3.130381373419961,17.0,0.050658648409609985,-0.013862663635505312,0.2900158373969083,3.0001259521705244,3.1396870734040387,0.2947331980669799,0.13956112123351438,5.353180771156594,0.3188143807711342,0.29074476454415044,2.7095167856445395,2.7053084668756977,9.207854574646346,8,7.0,1.3850887880267944,False,41.13147374186057,Mahalanobis gate,1
18.6,0,0.05866607118780228,0.00010931359554492161,3.0005578911698962,-0.2075512471516344,0.13375335973843408,3.1329896986345975,17.0,0.050658648409609985,-0.013862663635505312,0.2900158373969083,3.001131349694646,3.1427045570950547,0.2947331980669799,0.14157320740040857,5.480460891280571,0.3259916797736583,0.2978798275366824,2.7095167856445395,2.7053084668756977,9.207854574646346,8,7.0,1.3850887880267944,False,41.13147374186057,Mahalanobis gate,1
18.700000000000003,0,0.05973459636524112,4.059272756653514e-05,3.001365135810554,-0.215073971109838,0.13103942414658543,3.138058054781964,17.0,0.050658648409609985,-0.013862663635505312,0.2900158373969083,3.0019595104047947,3.1481481062541494,0.2947331980669799,0.14618859584935473,5.593357615748398,0.3337145437162996,0.30443462777886104,2.7095167856445395,2.7053084668756977,9.207854574646346,8,7.0,1.3850887880267944,False,41.13147374186057,Mahalanobis gate,1
18.8,0,0.060494536384587766,7.469105127981155e-08,3.001895290199703,-0.22396918825223794,0.129082636033012,3.1381781265600863,17.0,0.050658648409609985,-0.013862663635505312,0.2900158373969083,3.0025047747265203,3.148807151641994,0.2947331980669799,0.14630237691547388,5.738258704005522,0.3408150961493458,0.31238104660311394,2.7095167856445395,2.7053084668756977,9.207854574646346,8,7.0,1.3850887880267944,False,41.13147374186057,Mahalanobis gate,1
18.900000000000002,0,0.060848035272449794,-7.583057281195099e-06,3.002053927217081,-0.23898984561436534,0.13252480788656873,3.1090774970740935,17.0,0.050658648409609985,-0.013862663635505312,0.2900158373969083,3.0026705222807113,3.121064218151344,0.2947331980669799,0.11839369587063286,6.064812892367562,0.34485016161940285,0.3278224968851122,2.7095167856445395,2.7053084668756977,9.207854574646346,8,7.0,1.3850887880267944,False,41.13147374186057,Mahalanobis gate,1
19.0,0,0.06076967608060957,1.7124247920160564e-05,3.001859919914371,-0.24825816115361718,0.12954034251798036,3.111252553099542,17.0,0.050658648409609985,-0.013862663635505312,0.2900158373969083,3.0024749678577662,3.123828622714036,0.2947331980669799,0.1213536548562697,6.194220725007979,0.3524786751732405,0.3350738250844094,2.7095167856445395,2.7053084668756977,9.207854574646346,8,7.0,1.3850887880267944,False,41.13147374186057,Mahalanobis gate,1
19.1,0,0.06024119057476411,7.525598895290455e-05,3.0013238163965354,-0.19277528678412556,0.012944761254233111,3.116580321185628,17.0,0.050658648409609985,-0.013862663635505312,0.2900158373969083,3.0019283231906777,3.122563494380882,0.2947331980669799,0.12063517119020428,4.695292262321108,0.2783289849747467,0.2533435651065063,2.7095167856445395,2.7053084668756977,9.207854574646346,8,7.0,1.3850887880267944,False,41.13147374186057,Mahalanobis gate,1
19.200000000000003,0,0.05955964630015785,0.00013888520405510793,3.000712998841656,-0.20246370534019606,0.00976816327132202,3.119025195995565,17.0,0.050658648409609985,-0.013862663635505312,0.2900158373969083,3.00130402861386,3.1256047642414657,0.2947331980669799,0.1243007356276058,4.854285706720053,0.2876573235576085,0.2622002284532592,2.7095167856445395,2.7053084668756977,9.207854574646346,8,7.0,1.3850887880267944,False,41.13147374186057,Mahalanobis gate,1
19.3,0,0.05867491172460689,0.00021590156749472814,2.999962877219086,-0.2144300794133278,0.004060224564610802,3.1062541647878823,17.0,0.050658648409609985,-0.013862663635505312,0.2900158373969083,3.000536628100379,3.1136492545954475,0.2947331980669799,0.11311262649506837,5.069930829361161,0.29308523131811015,0.27313204682672726,2.7095167856445395,2.7053084668756977,9.207854574646346,8,7.0,1.3850887880267944,False,41.13147374186057,Mahalanobis gate,1
19.400000000000002,0,0.05780380643623651,0.00028831384011495845,2.9992718456965615,-0.223609102665957,-0.000479120801531144,3.1066713415674045,17.0,0.050658648409609985,-0.013862663635505312,0.2900158373969083,2.9998288230416494,3.1147083466783907,0.2947331980669799,0.11487952363674125,5.2210050608918115,0.30121166325127563,0.2814139555268868,2.7095167856445395,2.7053084668756977,9.207854574646346,8,7.0,1.3850887880267944,False,41.13147374186057,Mahalanobis gate,1
19.5,0,0.05708567760405849,0.0003458183413816111,2.998740118783227,-0.23455127870534753,-0.006347556063770738,3.1030454563256376,17.0,0.050658648409609985,-0.013862663635505312,0.2900158373969083,2.9992834467882297,3.1119038702751536,0.2947331980669799,0.11262042348692392,5.414608712307718,0.30980077305613385,0.29171375618290946,2.7095167856445395,2.7053084668756977,9.207854574646346,8,7.0,1.3850887880267944,False,41.13147374186057,Mahalanobis gate,1
19.6,0,0.05662412182092751,0.0003807196718439729,2.9984526546336654,-0.2436862795644144,-0.012065960411421694,3.100531954194173,17.0,0.050658648409609985,-0.013862663635505312,0.2900158373969083,2.998987288769183,3.1101168771008805,0.2947331980669799,0.11112958833169762,5.580503705925983,0.3174294258950865,0.300568223578808,2.7095167856445395,2.7053084668756977,9.207854574646346,8,7.0,1.3850887880267944,False,41.13147374186057,Mahalanobis gate,1
19.700000000000003,0,0.05647411208069641,0.0003891285272558553,2.998425094503743,-0.25445802646624766,-0.019652079516300477,3.092597977388532,17.0,0.050658648409609985,-0.013862663635505312,0.2900158373969083,2.9989569060101706,3.1031109134560517,0.2947331980669799,0.1041540074458811,5.794504766716255,0.3254980440372158,0.31157734962801953,2.7095167856445395,2.7053084668756977,9.207854574646346,8,7.0,1.3850887880267944,False,41.13147374186057,Mahalanobis gate,1
19.8,0,0.05663596014347337,0.00037115959204320854,2.9986428903715554,-0.2636782474926693,-0.026752694090384936,3.0919989016212037,17.0,0.050658648409609985,-0.013862663635505312,0.2900158373969083,2.999177712926777,3.1033367739368263,0.2947331980669799,0.10415906101004913,5.977244299385626,0.3347420497765409,0.3214605653142477,2.7095167856445395,2.7053084668756977,9.207854574646346,8,7.0,1.3850887880267944,False,41.13147374186057,Mahalanobis gate,1
19.900000000000002,0,0.05705948296827453,0.0003308298541576344,2.9990571035003946,-0.27366584248720965,-0.032124897250587085,3.0818817944767427,17.0,0.050658648409609985,-0.013862663635505312,0.2900158373969083,2.99959987400006,3.0941752370372924,0.2947331980669799,0.09457536303723257,6.193562542101068,0.3424799914664522,0.33231403087972916,2.7095167856445395,2.7053084668756977,9.207854574646346,8,7.0,1.3850887880267944,False,41.13147374186057,Mahalanobis gate,1
20.0,0,0.057656288477035376,0.0002752990427268939,2.9995814690000775,-0.2831699325502368,-0.037091115708803725,3.0830898297783187,17.0,0.050658648409609985,-0.013862663635505312,0.2900158373969083,3.0001355490309387,3.0962887236250323,0.2947331980669799,0.09615317459409356,6.386257513257403,0.352891496371028,0.342868432333912,2.7095167856445395,2.7053084668756977,9.207854574646346,8,7.0,1.3850887880267944,False,41.13147374186057,Mahalanobis gate,1
20.1,0,0.05831666489296178,0.0002134994617274541,3.0001241896570674,0.22128648351770025,-0.04158455637662199,3.0816049000433705,17.0,0.050658648409609985,-0.013862663635505312,0.2900158373969083,3.0006909258288723,3.0898196942682565,0.2947331980669799,0.08912876843938422,3.0923692843148904,0.1869367417590842,0.16824458164959114,2.7095167856445395,2.7053084668756977,9.207854574646346,8,7.0,1.3850887880267944,False,41.13147374186057,Mahalanobis gate,1
20.200000000000003,0,0.05892921130130096,0.0001549030708131473,3.0005967267860525,0.46897899823376343,-0.01167450304654852,3.083981130915699,17.0,0.050658648409609985,-0.013862663635505312,0.2900158373969083,3.0011753352209745,3.1194578392165844,0.2947331980669799,0.11828250399560991,7.524712967331038,0.4186092706385079,0.41022038298023095,2.7095167856445395,2.7053084668756977,9.207854574646346,8,7.0,1.3850887880267944,False,41.13147374186057,Mahalanobis gate,1
20.3,0,0.05939869799828632,0.00010795593444848455,3.0009330650615356,0.47358630644919625,-0.016584107466280536,3.093831041189706,17.0,0.050658648409609985,-0.013862663635505312,0.2900158373969083,3.0015208608233923,3.1299120648519225,0.2947331980669799,0.12839120402853021,7.575163773448293,0.42480587795317565,0.4145238231692579,2.7095167856445395,2.7053084668756977,9.207854574646346,8,7.0,1.3850887880267944,False,41.13147374186057,Mahalanobis gate,1
20.400000000000002,0,0.05966065230267229,7.891270644950056e-05,3.001081751044611,0.4774147997334357,-0.020475212175616223,3.0953310311076616,17.0,0.050658648409609985,-0.013862663635505312,0.2900158373969083,3.001674711908901,3.131999092824928,0.2947331980669799,0.13032438091602705,7.638376832488877,0.4287469259804377,0.4182594885298737,2.7095167856445395,2.7053084668756977,9.207854574646346,8,7.0,1.3850887880267944,False,41.13147374186057,Mahalanobis gate,1
20.5,0,0.059689089720130234,7.106871517464889e-05,3.001031687860312,0.48253589497371585,-0.026389761144927037,3.0824117629531993,17.0,0.050658648409609985,-0.013862663635505312,0.2900158373969083,3.0016252237786274,3.1200640355325437,0.2947331980669799,0.11843881175391635,7.772832356893731,0.4314189528198466,0.42367392677629934,2.7095167856445395,2.7053084668756977,9.207854574646346,8,7.0,1.3850887880267944,False,41.13147374186057,Mahalanobis gate,1
20.6,0,0.059497183397237106,8.429480120760757e-05,3.000820206523352,0.48644201888313443,-0.03114893458908867,3.0821487333820565,17.0,0.050658648409609985,-0.013862663635505312,0.2900158373969083,3.0014099742981912,3.120454599661682,0.2947331980669799,0.11904462536349092,7.853750753597716,0.43574274112971045,0.42808574744579714,2.7095167856445395,2.7053084668756977,9.207854574646346,8,7.0,1.3850887880267944,False,41.13147374186057,Mahalanobis gate,1
20.700000000000003,0,0.059133126958268806,0.00011545069861603103,3.0004810877661745,0.4898998420917567,-0.03873897259888481,3.0932643377881086,17.0,0.050658648409609985,-0.013862663635505312,0.2900158373969083,3.0010637277597443,3.1320579219917457,0.2947331980669799,0.13099419423200143,7.902354132335775,0.4423554685558997,0.43251546686410747,2.7095167856445395,2.7053084668756977,9.207854574646346,8,7.0,1.3850887880267944,False,41.13147374186057,Mahalanobis gate,1
20.8,0,0.05866893462027141,0.0001589460101505963,3.0000783861516402,0.49338895916384023,-0.044816281608172956,3.0942856920822916,17.0,0.050658648409609985,-0.013862663635505312,0.2900158373969083,3.0006519945184484,3.133695120516217,0.2947331980669799,0.13304312599776846,7.9815381765959,0.44707861426061574,0.4370403537872459,2.7095167856445395,2.7053084668756977,9.207854574646346,8,7.0,1.3850887880267944,False,41.13147374186057,Mahalanobis gate,1
20.900000000000002,0,0.058186902804569805,0.00020758955491391242,2.9996891786564173,0.4966617043047095,-0.04904372052921158,3.091650406414351,17.0,0.050658648409609985,-0.013862663635505312,0.2900158373969083,3.0002534771748572,3.1316737330903788,0.2947331980669799,0.13142025591552153,8.065296631480294,0.4507135570474181,0.441232187284189,2.7095167856445395,2.7053084668756977,9.207854574646346,8,7.0,1.3850887880267944,False,41.13147374186057,Mahalanobis gate,1
21.0,0,0.057766233174835424,0.00025397908874092454,2.9993683467645047,0.5002731380665457,-0.05540965052141466,3.0934525112940334,17.0,0.050658648409609985,-0.013862663635505312,0.2900158373969083,2.999924579347525,3.134133354162394,0.2947331980669799,0.13420877481486881,8.146409242863966,0.4558098622818918,0.4459941709688791,2.7095167856445395,2.7053084668756977,9.207854574646346,8,7.0,1.3850887880267944,False,41.13147374186057,Mahalanobis gate,1
21.1,0,0.057469768216918495,0.0002914054576086656,2.999171220775066,0.5004643311837099,-0.06420557967277866,3.078539556387358,17.0,0.050658648409609985,-0.013862663635505312,0.2900158373969083,2.999721798884264,3.1196141914489917,0.2947331980669799,0.1198923925647275,8.221042867965563,0.4546464303246132,0.44766510240250795,2.7095167856445395,2.7053084668756977,9.207854574646346,8,7.0,1.3850887880267944,False,41.13147374186057,Mahalanobis gate,1
21.200000000000003,0,0.05733579204027804,0.00031491358463173896,2.9991150034347247,0.5042271635576747,-0.07291835615983888,3.078222124756232,17.0,0.050658648409609985,-0.013862663635505312,0.2900158373969083,2.99966303041637,3.120098326731586,0.2947331980669799,0.12043529631521599,8.316245562702266,0.4597096326790879,0.4528520837251014,2.7095167856445395,2.7053084668756977,9.207854574646346,8,7.0,1.3850887880267944,False,41.13147374186057,Mahalanobis gate,1
21.3,0,0.057373595558160545,0.0003219034711097224,2.9991908048121774,0.5078502078719878,-0.07946017230348183,3.082882241663116,17.0,0.050658648409609985,-0.013862663635505312,0.2900158373969083,2.9997395414867327,3.125442155692522,0.2947331980669799,0.12570261420578932,8.386240454255313,0.46507914859604216,0.4574870029374002,2.7095167856445395,2.7053084668756977,9.207854574646346,8,7.0,1.3850887880267944,False,41.13147374186057,Mahalanobis gate,1
21.400000000000002,0,0.057563581727459644,0.0003122922936515777,2.9993870799111986,0.5125044786357031,-0.08726886656011737,3.08444932067392,17.0,0.050658648409609985,-0.013862663635505312,0.2900158373969083,2.999939419155993,3.1279552917997644,0.2947331980669799,0.12801587264377146,8.486481882618,0.4710384951035545,0.4632943762510464,2.7095167856445395,2.7053084668756977,9.207854574646346,8,7.0,1.3850887880267944,False,41.13147374186057,Mahalanobis gate,1
21.5,0,0.05786343242448606,0.0002885291167675003,2.999659020416589,0.5173620956848917,-0.09396562386722396,3.0757653271306826,17.0,0.050658648409609985,-0.013862663635505312,0.2900158373969083,3.000217075284321,3.1203886655510615,0.2947331980669799,0.1201715902667404,8.617414163107409,0.47519999664824175,0.4690659515386182,2.7095167856445395,2.7053084668756977,9.207854574646346,8,7.0,1.3850887880267944,False,41.13147374186057,Mahalanobis gate,1
21.6,0,0.05821638458204372,0.00025499074858985457,2.99995395531194,0.5220937841409732,-0.1024003968903469,3.0767313447249043,17.0,0.050658648409609985,-0.013862663635505312,0.2900158373969083,3.000518779552269,3.122393877833906,0.2947331980669799,0.12187509828163723,8.723511684997776,0.48126410416519233,0.4751003793229964,2.7095167856445395,2.7053084668756977,9.207854574646346,8,7.0,1.3850887880267944,False,41.13147374186057,Mahalanobis gate,1
21.700000000000003,0,0.058561361310484304,0.00021719185586935815,3.0002263356566385,0.526034149839764,-0.11027403198838782,3.082627788797344,17.0,0.050658648409609985,-0.013862663635505312,0.2900158373969083,3.000797818144118,3.1291318881111776,0.2947331980669799,0.12833406996705943,8.799821061773713,0.4873695908052146,0.48035311861373653,2.7095167856445395,2.7053084668756977,9.207854574646346,8,7.0,1.3850887880267944,False,41.13147374186057,Mahalanobis gate,1
21.8,0,0.058843391848881516,0.0001809893685898223,3.000432673725417,0.5293179163458778,-0.11934367917536536,3.0809202223392713,17.0,0.050658648409609985,-0.013862663635505312,0.2900158373969083,3.001009631287525,3.128336584631347,0.2947331980669799,0.1273269533438217,8.896624726384227,0.4920474266502007,0.48541984363148677,2.7095167856445395,2.7053084668756977,9.207854574646346,8,7.0,1.3850887880267944,False,41.13147374186057,Mahalanobis gate,1
21.900000000000002,0,0.05902185274556446,0.00015161062281261555,3.0005455078423013,0.5339296597707944,-0.12815681561520753,3.0758761228202043,17.0,0.050658648409609985,-0.013862663635505312,0.2900158373969083,3.0011259464940676,3.1245029963030984,0.2947331980669799,0.12337704980903075,9.03041059373595,0.49766974889995025,0.4919354402939379,2.7095167856445395,2.7053084668756977,9.207854574646346,8,7.0,1.3850887880267944,False,41.13147374186057,Mahalanobis gate,1
22.0,0,0.0590760549336968,0.0001329682088576164,3.0005517634391796,0.5381596805987576,-0.13640308023580508,3.0762616205019278,17.0,0.050658648409609985,-0.013862663635505312,0.2900158373969083,3.0011332664553643,3.125957005445392,0.2947331980669799,0.12482373899002752,9.141642475733486,0.5038801398762657,0.49815982666736924,2.7095167856445395,2.7053084668756977,9.207854574646346,8,7.0,1.3850887880267944,False,41.13147374186057,Mahalanobis gate,1
22.1,0,0.05900685011492397,0.00012711846116354465,3.0004616427899355,0.5398273315271934,-0.16833888597995744,3.075007126673184,17.0,0.050658648409609985,-0.013862663635505312,0.2900158373969083,3.0010418015038156,3.126566864387777,0.2947331980669799,0.12552506288396126,9.350969054152985,0.5149040290823815,0.5094792733741799,2.7095167856445395,2.7053084668756977,9.207854574646346,8,7.0,1.3850887880267944,False,41.13147374186057,Mahalanobis gate,1
22.200000000000003,0,0.058834902618159275,0.00013408145078031944,3.0002958760051315,0.5427731366652178,-0.17939327671684016,3.0764842694147543,17.0,0.050658648409609985,-0.013862663635505312,0.2900158373969083,3.000872690954637,3.129143666496161,0.2947331980669799,0.1282709755415241,9.466979055234974,0.5217575663021765,0.5161649801209209,2.7095167856445395,2.7053084668756977,9.207854574646346,8,7.0,1.3850887880267944,False,41.13147374186057,Mahalanobis gate,1
22.3,0,0.0585959347893427,0.0001520425115880364,3.00008424285709,0.26460335581622846,0.012654475425206833,3.101778682378694,17.0,0.050658648409609985,-0.013862663635505312,0.2900158373969083,3.00065642333976,3.1130701993556786,0.2947331980669799,0.11241377601591873,3.764021702581251,0.23008069753136884,0.20638645388423174,2.7095167856445395,2.7053084668756977,9.207854574646346,8,7.0,1.3850887880267944,False,41.13147374186057,Mahalanobis gate,1
22.400000000000002,0,0.05833354180362365,0.00017761459253713512,2.9998681552502027,0.2591786670732761,0.009918100397082873,3.1020851015119657,17.0,0.050658648409609985,-0.013862663635505312,0.2900158373969083,3.0004352655124142,3.1129092385104755,0.2947331980669799,0.11247397299806128,3.6663365533141126,0.22557026734782906,0.20108118113908854,2.7095167856445395,2.7053084668756977,9.207854574646346,8,7.0,1.3850887880267944,False,41.13147374186057,Mahalanobis gate,1
22.5,0,0.05809188851101463,0.00020653402494423304,2.9996802267966016,0.25307064857627776,0.005770646763424062,3.1041292545647323,17.0,0.050658648409609985,-0.013862663635505312,0.2900158373969083,3.000242685717539,3.1144335733130486,0.2947331980669799,0.11419088759550977,3.5528661545711393,0.2212629106489872,0.19505813550619713,2.7095167856445395,2.7053084668756977,9.207854574646346,8,7.0,1.3850887880267944,False,41.13147374186057,Mahalanobis gate,1
22.6,0,0.057908273998938546,0.00023434423343665392,2.9995512309239287,0.2481426257139641,0.003173564890721194,3.103652390399318,17.0,0.050658648409609985,-0.013862663635505312,0.2900158373969083,3.0001101663192324,3.1135579317947077,0.2947331980669799,0.1134477654754753,3.4656019805506837,0.2168750769328479,0.19025705661159653,2.7095167856445395,2.7053084668756977,9.207854574646346,8,7.0,1.3850887880267944,False,41.13147374186057,Mahalanobis gate,1
22.700000000000003,0,0.0578077694952803,0.0002570140682732728,2.999498151655469,0.2416808022936262,0.0010340856926272259,3.102177963083532,17.0,0.050658648409609985,-0.013862663635505312,0.2900158373969083,3.0000551605020243,3.1115781838436267,0.2947331980669799,0.11152302334160247,3.350668182861319,0.21060161372998445,0.18387467479446692,2.7095167856445395,2.7053084668756977,9.207854574646346,8,7.0,1.3850887880267944,False,41.13147374186057,Mahalanobis gate,1
22.8,0,0.05780033943203073,0.00027157614086007425,2.9995168729291155,0.2368467907966022,-0.0012540402482577786,3.1037019464341626,17.0,0.050658648409609985,-0.013862663635505312,0.2900158373969083,3.0000737364235763,3.1127260957602427,0.2947331980669799,0.1126523593366664,3.260020267409584,0.20715812509497347,0.17905295097152854,2.7095167856445395,2.7053084668756977,9.207854574646346,8,7.0,1.3850887880267944,False,41.13147374186057,Mahalanobis gate,1
22.900000000000002,0,0.05787982840725654,0.00027640507698202554,2.9996048293826294,0.23183001170639903,-0.0024313496380124547,3.107636478706702,17.0,0.050658648409609985,-0.013862663635505312,0.2900158373969083,3.000163209459081,3.116272701413893,0.2947331980669799,0.11610949195481224,3.1613316935469675,0.20478485163966906,0.17397125683687475,2.7095167856445395,2.7053084668756977,9.207854574646346,8,7.0,1.3850887880267944,False,41.13147374186057,Mahalanobis gate,1
23.0,0,0.058026677798566025,0.00027142808918646777,2.999743253540417,0.2254658688002785,-0.00624486500048091,3.108138706989412,17.0,0.050658648409609985,-0.013862663635505312,0.2900158373969083,3.0003044439141164,3.1163119353201076,0.2947331980669799,0.1160074914059912,3.0431763028762515,0.19956933403544655,0.1675659415243396,2.7095167856445395,2.7053084668756977,9.207854574646346,8,7.0,1.3850887880267944,False,41.13147374186057,Mahalanobis gate,1
23.1,0,0.05821211661643098,0.0002580684149404319,2.9999011701337386,0.20861848242560285,-0.006310859505979127,3.0959395869133397,17.0,0.050658648409609985,-0.013862663635505312,0.2900158373969083,3.0004659217678253,3.1029668744565106,0.2947331980669799,0.10250095268868531,2.7460411859736795,0.17857380319488364,0.15054974490165257,2.7095167856445395,2.7053084668756977,9.207854574646346,8,7.0,1.3850887880267944,False,41.13147374186057,Mahalanobis gate,1
23.200000000000003,0,0.058403203606609534,0.00023883356457298142,3.000054998443824,0.20244940545801535,-0.011573229834815695,3.0982720949989058,17.0,0.050658648409609985,-0.013862663635505312,0.2900158373969083,3.000623432708736,3.1049009124395615,0.2947331980669799,0.10427747973082546,2.6323344034134983,0.17474390165404163,0.14452969628961077,2.7095167856445395,2.7053084668756977,9.207854574646346,8,7.0,1.3850887880267944,False,41.13147374186057,Mahalanobis gate,1
23.3,0,0.05856873066773402,0.00021695299811434358,3.000179014868057,0.1923225760102565,-0.017560737278950193,3.071878227081748,17.0,0.050658648409609985,-0.013862663635505312,0.2900158373969083,3.000750650176602,3.077942851119219,0.2947331980669799,0.07719220094261692,2.48622122545129,0.15279697132980918,0.13493012049019545,2.7095167856445395,2.7053084668756977,9.207854574646346,8,7.0,1.3850887880267944,False,41.13147374186057,Mahalanobis gate,1
23.400000000000002,0,0.05868398934603899,0.00019583865072279156,3.0002559139502254,0.18529583843438027,-0.023820701319734915,3.0726095237087905,17.0,0.050658648409609985,-0.013862663635505312,0.2900158373969083,3.000829784934768,3.0782838171192766,0.2947331980669799,0.07745403218450875,2.3730184003634425,0.14779174322950597,0.12886952518621886,2.7095167856445395,2.7053084668756977,9.207854574646346,8,7.0,1.3850887880267944,False,41.13147374186057,Mahalanobis gate,1
23.5,0,0.0587342467814126,0.00017854152854709205,3.000278152168855,0.17785003351298118,-0.030524475418226154,3.0718608149804845,17.0,0.050658648409609985,-0.013862663635505312,0.2900158373969083,3.0008530010655,3.0771563568711766,0.2947331980669799,0.07630335580567671,2.265342692516197,0.14232119839826324,0.12300912932914522,2.7095167856445395,2.7053084668756977,9.207854574646346,8,7.0,1.3850887880267944,False,41.13147374186057,Mahalanobis gate,1
23.6,0,0.05871652707805644,0.00016735143024394826,3.0002441642927797,0.17056756474672277,-0.038905299130568616,3.072804830316284,17.0,0.050658648409609985,-0.013862663635505312,0.2900158373969083,3.00081867228453,3.0777810906006864,0.2947331980669799,0.07696241831615636,2.1808439089001093,0.13893299429285788,0.11847922454761756,2.7095167856445395,2.7053084668756977,9.207854574646346,8,7.0,1.3850887880267944,False,41.13147374186057,Mahalanobis gate,1
23.700000000000003,0,0.05863888335411338,0.00016348118485618403,3.000164766661643,0.1570933092320591,-0.0457906345370772,3.0454609834898005,17.0,0.050658648409609985,-0.013862663635505312,0.2900158373969083,3.000737771363074,3.0498537164879647,0.2947331980669799,0.049115945124890814,2.026230007505996,0.11771491828007284,0.10865106868660222,2.7095167856445395,2.7053084668756977,9.207854574646346,8,7.0,1.3850887880267944,False,41.13147374186057,Mahalanobis gate,1
23.8,0,0.05851845266214368,0.00016698766182265303,3.0000561575770406,0.14908227275281216,-0.05222098193393858,3.0444075068519814,17.0,0.050658648409609985,-0.013862663635505312,0.2900158373969083,3.000626832147371,3.0485028493967308,0.2947331980669799,0.04787601724935975,1.952458618061923,0.11363690883814626,0.10462459016780602,2.7095167856445395,2.7053084668756977,9.207854574646346,8,7.0,1.3850887880267944,False,41.13147374186057,Mahalanobis gate,1
23.900000000000002,0,0.05837795368577943,0.0001768500052014105,2.999937955094156,0.13947891537086618,-0.05691559379565263,3.034464702827142,17.0,0.050658648409609985,-0.013862663635505312,0.2900158373969083,3.00050591586935,3.038201735460297,0.2947331980669799,0.03769581959094692,1.86017343720111,0.10501909080932313,0.09918121357091567,2.7095167856445395,2.7053084668756977,9.207854574646346,8,7.0,1.3850887880267944,False,41.13147374186057,Mahalanobis gate,1
24.0,0,0.058241592099010475,0.00019114943841163943,2.9998301816383295,0.13142367294806645,-0.06253759578485975,3.0344293664570308,17.0,0.050658648409609985,-0.013862663635505312,0.2900158373969083,3.0003955136375917,3.037917825207675,0.2947331980669799,0.03752231157008312,1.8084185659706609,0.10240906222011072,0.0963873043231517,2.7095167856445395,2.7053084668756977,9.207854574646346,8,7.0,1.3850887880267944,False,41.13147374186057,Mahalanobis gate,1
24.1,0,0.058131040615719116,0.00020748398188149907,2.9997493582638053,0.09286295912491142,-0.08534176145354225,3.033616921991282,17.0,0.050658648409609985,-0.013862663635505312,0.2900158373969083,3.0003125626069,3.0362375359673837,0.2947331980669799,0.035924973360483836,1.7379854077159391,0.09834628325836331,0.09233081586285018,2.7095167856445395,2.7053084668756977,9.207854574646346,8,7.0,1.3850887880267944,False,41.13147374186057,Mahalanobis gate,1
24.200000000000003,0,0.05806209216806017,0.00022330548316277062,2.9997077180992404,0.08439662979671998,-0.09168283001541706,3.0355457026841552,17.0,0.050658648409609985,-0.013862663635505312,0.2900158373969083,3.000269596292377,3.0381024086631645,0.2947331980669799,0.037832812370787394,1.7997754458720083,0.10210096352878952,0.0956046317622667,2.7095167856445395,2.7053084668756977,9.207854574646346,8,7.0,1.3850887880267944,False,41.13147374186057,Mahalanobis gate,1
24.3,0,0.05804271574091931,0.00023633455414133936,2.9997060897793015,0.07318492537651305,-0.09761651813647562,3.026785942571872,17.0,0.050658648409609985,-0.013862663635505312,0.2900158373969083,3.0002675943594816,3.0292438264468164,0.2947331980669799,0.028976232087334797,1.8717144251319393,0.10265371751479405,0.09901751002898351,2.7095167856445395,2.7053084668756977,9.207854574646346,8,7.0,1.3850887880267944,False,41.13147374186057,Mahalanobis gate,1
24.400000000000002,0,0.058072162619627256,0.0002448629868691826,2.999742963957176,0.06361144601333003,-0.10294562324505653,3.02705763094281,17.0,0.050658648409609985,-0.013862663635505312,0.2900158373969083,3.000305032132531,3.029475551718204,0.2947331980669799,0.029170519585673294,1.9543377337753527,0.10688803086329676,0.10333905413393817,2.7095167856445395,2.7053084668756977,9.207854574646346,8,7.0,1.3850887880267944,False,41.13147374186057,Mahalanobis gate,1
24.5,0,0.05814183612129298,0.00024794690986510185,2.999811309208244,0.0564007974779215,-0.11114087529615639,3.0359295953877212,17.0,0.050658648409609985,-0.013862663635505312,0.2900158373969083,3.000374714171366,3.0384867701322635,0.2947331980669799,0.03811205596089762,2.101455076420007,0.11711119299428636,0.11140242783710945,2.7095167856445395,2.7053084668756977,9.207854574646346,8,7.0,1.3850887880267944,False,41.13147374186057,Mahalanobis gate,1
24.6,0,0.058237471384286615,0.00024554475642437127,2.9998947465302934,0.04673347081785325,-0.11692581920362076,3.03385788799633,17.0,0.050658648409609985,-0.013862663635505312,0.2900158373969083,3.0004599903390674,3.0364698827830767,0.2947331980669799,0.03600989244400932,2.223416790337213,0.12253556846700421,0.11773474661836182,2.7095167856445395,2.7053084668756977,9.207854574646346,8,7.0,1.3850887880267944,False,41.13147374186057,Mahalanobis gate,1
24.700000000000003,0,0.058341623949001775,0.00023840515778873782,2.999979934266212,0.03480930980052931,-0.12862208561768368,3.024902670255988,17.0,0.050658648409609985,-0.013862663635505312,0.2900158373969083,3.0005471847517966,3.0278361074336964,0.2947331980669799,0.027288922681899752,2.4812153257817733,0.13334143640029564,0.13099158710420306,2.7095167856445395,2.7053084668756977,9.207854574646346,8,7.0,1.3850887880267944,False,41.13147374186057,Mahalanobis gate,1
24.8,0,0.058436843821654684,0.00022790609673946602,3.0000531701518813,0.024645829778095124,-0.1378854223385229,3.026320442228136,17.0,0.050658648409609985,-0.013862663635505312,0.2900158373969083,3.0006222588648805,3.0295602363489698,0.2947331980669799,0.028937977484089217,2.692386679728219,0.1445928549544779,0.14218693372303481,2.7095167856445395,2.7053084668756977,9.207854574646346,8,7.0,1.3850887880267944,False,41.13147374186057,Mahalanobis gate,1
24.900000000000002,0,0.05850849851699402,0.00021584507308891474,3.0001027260663578,0.01256821616953612,-0.14745970938155803,3.0203420631294593,17.0,0.050658648409609985,-0.013862663635505312,0.2900158373969083,3.0006732007898824,3.02396569164693,0.2947331980669799,0.023292490857047543,2.9337965205717706,0.1559750290604409,0.15465632520414915,2.7095167856445395,2.7053084668756977,9.207854574646346,8,7.0,1.3850887880267944,False,41.13147374186057,Mahalanobis gate,1
25.0,0,0.05854680452168168,0.00020410858822386075,3.000124528599525,0.0008677043844107057,-0.15716676392935983,3.0198866578876165,17.0,0.050658648409609985,-0.013862663635505312,0.2900158373969083,3.000695745503789,3.0239738046290285,0.2947331980669799,0.023278059125239725,3.179804837682644,0.16876910814361185,0.1676080848574761,2.7095167856445395,2.7053084668756977,9.207854574646346,8,7.0,1.3850887880267944,False,41.13147374186057,Mahalanobis gate,1
25.1,1,0.0585482506750822,0.00019439287015795382,3.000115211093571,-0.2034819892323934,-0.058095421924823434,2.9848367653951935,25.0,-0.34218427335216783,0.03837212891560712,2.2588724929744326,3.00068645734284,2.99232861063845,2.284965521998876,0.008357846704389882,5.1402644845110945,0.2688698198715518,0.2684353723613981,0.843503334807168,0.7157299588641268,9.778557372764762,8,7.0,1.4452598192501709,True,3.65232774005535,,1
25.200000000000003,0,0.05851543438337314,0.0001879771440120424,3.0000783545857743,-0.2202509338801584,-0.06390753550685171,2.9847056485647023,25.0,-0.34218427335216783,0.03837212891560712,2.2588724929744326,3.0006489673153323,2.9935033749010005,2.284965521998876,0.0071455924143317695,5.476568251349767,0.2864528633252358,0.2860400720472849,0.843503334807168,0.7157299588641268,9.778557372764762,8,7.0,1.4452598192501709,True,3.65232774005535,,1
25.3,0,0.05845624580152746,0.00018554664497304692,3.000023710134621,-0.23809029461784206,-0.07011475274602592,2.985727693244898,25.0,-0.34218427335216783,0.03837212891560712,2.2588724929744326,3.0005931794348033,2.9960261889965762,2.284965521998876,0.004566990438227059,5.832142683389122,0.3051005716613328,0.3047654552752999,0.843503334807168,0.7157299588641268,9.778557372764762,8,7.0,1.4452598192501709,True,3.65232774005535,,1
25.400000000000002,0,0.05838228379629834,0.00018716609024328475,2.9999603437951383,-0.25608843942781045,-0.07738009559841269,2.9842907241913674,25.0,-0.34218427335216783,0.03837212891560712,2.2588724929744326,3.000528385207489,2.9962576815918265,2.284965521998876,0.004270703615662619,6.19899613244876,0.32427465647117315,0.32389584105229025,0.843503334807168,0.7157299588641268,9.778557372764762,8,7.0,1.4452598192501709,True,3.65232774005535,,1
25.5,0,0.058306618391403456,0.00019229055099728728,2.9998993936578318,-0.27567009272297144,-0.08435386072235806,2.9775645071335552,25.0,-0.34218427335216783,0.03837212891560712,2.2588724929744326,3.0004659756098757,2.9914879187424694,2.284965521998876,0.00897805686740627,6.603789652124123,0.3452351986949824,0.3445119667905771,0.843503334807168,0.7157299588641268,9.778557372764762,8,7.0,1.4452598192501709,True,3.65232774005535,,1
25.6,0,0.058241583161375315,0.0001998999714206249,2.9998506069797535,-0.29470515907241357,-0.09198640513535936,2.9783468836149662,25.0,-0.34218427335216783,0.03837212891560712,2.2588724929744326,3.0004159355272626,2.9943050593839975,2.284965521998876,0.006110876143265109,6.988521033733608,0.3654204808453328,0.3647872225046882,0.843503334807168,0.7157299588641268,9.778557372764762,8,7.0,1.4452598192501709,True,3.65232774005535,,1
25.700000000000003,0,0.05819684385849908,0.0002086953869571316,2.99982095686333,-0.31309471517939524,-0.09917935509401397,2.977230741231799,25.0,-0.34218427335216783,0.03837212891560712,2.2588724929744326,3.000385423479004,2.9952909260513874,2.284965521998876,0.005094497427616584,7.363199507724961,0.38502691364822444,0.3843636382271328,0.843503334807168,0.7157299588641268,9.778557372764762,8,7.0,1.4452598192501709,True,3.65232774005535,,1
25.8,0,0.05817804915349302,0.0002172991974865905,2.999813586701066,-0.33201761469718816,-0.10732344834683637,2.9753614610328576,25.0,-0.34218427335216783,0.03837212891560712,2.2588724929744326,3.0003776908213675,2.995751966173743,2.284965521998876,0.004625724647624452,7.754547775622945,0.4054819045530385,0.4047439542108882,0.843503334807168,0.7157299588641268,9.778557372764762,8,7.0,1.4452598192501709,True,3.65232774005535,,1
25.900000000000002,0,0.05818623635227879,0.00022447501874335953,2.9998276271393673,-0.3523337675847775,-0.1172554954167192,2.9705448949639566,25.0,-0.34218427335216783,0.03837212891560712,2.2588724929744326,3.0003918879103915,2.993664127450227,2.284965521998876,0.006727760460164323,8.188302368322267,0.4280019807076303,0.4269990832378893,0.843503334807168,0.7157299588641268,9.778557372764762,8,7.0,1.4452598192501709,True,3.65232774005535,,1
26.0,0,0.05821793180858318,0.00022927680906274932,2.999860113504521,-0.37176820019729384,-0.12490070206652545,2.9722948975545638,25.0,-0.34218427335216783,0.03837212891560712,2.2588724929744326,3.0004249833560714,2.998057494125745,2.284965521998876,0.0023674892303264805,8.579040899498802,0.4486707327886993,0.44782316301279085,0.843503334807168,0.7157299588641268,9.778557372764762,8,7.0,1.4452598192501709,True,3.65232774005535,,1
26.1,0,0.0582662332654234,0.0002311888981059313,2.9999034631293706,-0.3621590303652735,-0.16070923198374606,2.974470128361724,25.0,-0.34218427335216783,0.03837212891560712,2.2588724929744326,3.000469262545917,3.0007431021392237,2.284965521998876,0.00027383959330684604,8.617835242221297,0.4508947503464327,0.450176877874207,0.843503334807168,0.7157299588641268,9.778557372764762,8,7.0,1.4452598192501709,True,3.65232774005535,,1
26.200000000000003,0,0.05832208007391998,0.00023016427213525835,2.9999498949811323,-0.38154343695504495,-0.1703822652988281,2.9738761174330657,25.0,-0.34218427335216783,0.03837212891560712,2.2588724929744326,3.0005167705575397,3.003089188227781,2.284965521998876,0.0025724176702413004,9.028149301557088,0.4725146728630674,0.4717947373543558,0.843503334807168,0.7157299588641268,9.778557372764762,8,7.0,1.4452598192501709,True,3.65232774005535,,1
26.3,0,0.058375875062828736,0.0002265680966329399,2.999992244972558,-0.40250726035448986,-0.18041419068396544,2.971690075799281,25.0,-0.34218427335216783,0.03837212891560712,2.2588724929744326,3.0005601583734234,3.004247539974388,2.284965521998876,0.003687381600964823,9.472559181522039,0.49582795506590954,0.4950195432959479,0.843503334807168,0.7157299588641268,9.778557372764762,8,7.0,1.4452598192501709,True,3.65232774005535,,1
26.400000000000002,0,0.05841912579021161,0.00022112698694438213,3.0000232286403876,-0.42311448898227433,-0.18937349663293912,2.9724353250410513,25.0,-0.34218427335216783,0.03837212891560712,2.2588724929744326,3.0005919775166254,3.008364996732547,2.284965521998876,0.0077730192159215505,9.89425554823113,0.518248816579863,0.5175140031549119,0.843503334807168,0.7157299588641268,9.778557372764762,8,7.0,1.4452598192501709,True,3.65232774005535,,1
26.5,0,0.058445662265759715,0.00021478769405154231,3.0000398287777976,-0.44322148104742287,-0.1974905926646984,2.9723193283042044,25.0,-0.34218427335216783,0.03837212891560712,2.2588724929744326,3.0006090908054905,3.0116656529010126,2.284965521998876,0.011056562095522082,10.302608262566466,0.5399312606705725,0.5392191948575341,0.843503334807168,0.7157299588641268,9.778557372764762,8,7.0,1.4452598192501709,True,3.65232774005535,,1
26.6,0,0.05845253048896299,0.00020854082172115497,3.0000400500466338,-0.4650825571800861,-0.2089638528384396,2.976542940442426,25.0,-0.34218427335216783,0.03837212891560712,2.2588724929744326,3.0006094453783296,3.019896612979308,2.284965521998876,0.01928716760097826,10.749486284076715,0.5642642930842889,0.5637748471598925,0.843503334807168,0.7157299588641268,9.778557372764762,8,7.0,1.4452598192501709,True,3.65232774005535,,1
26.700000000000003,0,0.058440145273479176,0.0002032948456610884,3.0000239808115885,-0.4867321618256338,-0.2154458755257907,2.977101222223187,25.0,-0.34218427335216783,0.03837212891560712,2.2588724929744326,3.000593137590131,3.0243109645007284,2.284965521998876,0.023717826910597317,11.167884241501595,0.5867221335274194,0.5862741757144561,0.843503334807168,0.7157299588641268,9.778557372764762,8,7.0,1.4452598192501709,True,3.65232774005535,,1
26.8,0,0.05841195497330281,0.00019973365700482956,2.9999969651856992,-0.507249821681612,-0.22286412698385305,2.976274747985626,25.0,-0.34218427335216783,0.03837212891560712,2.2588724929744326,3.0005655779370564,3.0274051886374913,2.284965521998876,0.026839610700434946,11.576437885468822,0.6085174402441447,0.608054875395633,0.843503334807168,0.7157299588641268,9.778557372764762,8,7.0,1.4452598192501709,True,3.65232774005535,,1
26.900000000000002,0,0.058373729646142694,0.0001982407379163028,2.9999637095286626,-0.5307807505921524,-0.2316283755379059,2.9655689970485968,25.0,-0.34218427335216783,0.03837212891560712,2.2588724929744326,3.000531584586499,3.021585574795014,2.284965521998876,0.021053990208515394,12.080929024372184,0.6340580240367117,0.6331244598013513,0.843503334807168,0.7157299588641268,9.778557372764762,8,7.0,1.4452598192501709,True,3.65232774005535,,1
27.0,0,0.058332421322398985,0.00019887348253128543,2.9999297040144994,-0.5536526374492381,-0.2381134936681942,2.9648852482367025,25.0,-0.34218427335216783,0.03837212891560712,2.2588724929744326,3.000496782193995,3.0255204203629136,2.284965521998876,0.025023638168918616,12.522545512503884,0.6576827581573568,0.6567484270987685,0.843503334807168,0.7157299588641268,9.778557372764762,8,7.0,1.4452598192501709,True,3.65232774005535,,1
27.1,0,0.0582949205172704,0.00020136239648186715,2.999901022094783,-0.6749102812371999,-0.22830384241659843,2.9592425504796624,25.0,-0.34218427335216783,0.03837212891560712,2.2588724929744326,3.0004673770381594,3.0438040352084488,2.284965521998876,0.04333665817028942,14.597086834857256,0.7690628113623482,0.7679873023081054,0.843503334807168,0.7157299588641268,9.778557372764762,8,7.0,1.4452598192501709,True,3.65232774005535,,1
27.200000000000003,0,0.05826699390089885,0.0002051961775948279,2.9998813655293044,-0.7004953492196455,-0.23860828994663177,2.9585389139999214,25.0,-0.34218427335216783,0.03837212891560712,2.2588724929744326,3.0004471819936582,3.0496852552290448,2.284965521998876,0.04923807323538654,15.101888645585557,0.7965308360578668,0.7954572109752887,0.843503334807168,0.7157299588641268,9.778557372764762,8,7.0,1.4452598192501709,True,3.65232774005535,,1
27.3,0,0.0582523983598806,0.00020971060134464798,2.9998736170326117,-0.7262947052989537,-0.2493346647476892,2.9601676658373957,25.0,-0.34218427335216783,0.03837212891560712,2.2588724929744326,3.000439151867863,3.0581472142229114,2.284965521998876,0.05770806235504855,15.600095063249862,0.8242348668238454,0.8232779318843699,0.843503334807168,0.7157299588641268,9.778557372764762,8,7.0,1.4452598192501709,True,3.65232774005535,,1
27.400000000000002,0,0.058252456704740746,0.00021419633193580612,2.9998780570365065,-0.752464657769224,-0.25796765800975413,2.959076100217465,25.0,-0.34218427335216783,0.03837212891560712,2.2588724929744326,3.0004435924845065,3.064128218702506,2.284965521998876,0.06368462621799953,16.10400366235192,0.8518127196118688,0.850834948513697,0.843503334807168,0.7157299588641268,9.778557372764762,8,7.0,1.4452598192501709,True,3.65232774005535,,1
27.5,0,0.058266034494853076,0.00021800487034039705,2.9998927593998297,-0.7797822919673101,-0.2680933506975876,2.957554803512327,25.0,-0.34218427335216783,0.03837212891560712,2.2588724929744326,3.000458555987968,3.0703525666172102,2.284965521998876,0.06989401062924205,16.636095469607632,0.8809701944569202,0.8799522606441395,0.843503334807168,0.7157299588641268,9.778557372764762,8,7.0,1.4452598192501709,True,3.65232774005535,,1
27.6,0,0.05828986885557772,0.0002206355557308417,2.99991483479401,-0.8063965643952935,-0.2750162340546496,2.958438093356594,25.0,-0.34218427335216783,0.03837212891560712,2.2588724929744326,3.000481090343417,3.078679148642407,2.284965521998876,0.07819805829899007,17.124427439992996,0.9083822336006475,0.9074348253406606,0.843503334807168,0.7157299588641268,9.778557372764762,8,7.0,1.4452598192501709,True,3.65232774005535,,1
27.700000000000003,0,0.058319304612861826,0.00022180950827666384,2.999939828459211,-0.8346066634207078,-0.2828253543653503,2.9478847309936955,25.0,-0.34218427335216783,0.03837212891560712,2.2588724929744326,3.0005066513617105,3.076781248467935,2.284965521998876,0.07627459710622464,17.702808756954838,0.9381589495057516,0.9367136602855705,0.843503334807168,0.7157299588641268,9.778557372764762,8,7.0,1.4452598192501709,True,3.65232774005535,,1
27.8,0,0.05834918231432076,0.00022147419161893254,2.9999637724660526,-0.8622452349369071,-0.29133311057448186,2.949182251266693,25.0,-0.34218427335216783,0.03837212891560712,2.2588724929744326,3.00053117168216,3.0864247565224856,2.284965521998876,0.0858935848403255,18.21079429938332,0.9669937537893314,0.9656594415073365,0.843503334807168,0.7157299588641268,9.778557372764762,8,7.0,1.4452598192501709,True,3.65232774005535,,1
27.900000000000002,0,0.05837466926628721,0.00021980002378782642,2.9999826048346687,-0.8891785182721896,-0.3015877032495581,2.961995126220128,25.0,-0.34218427335216783,0.03837212891560712,2.2588724929744326,3.000550496098108,3.1072509888742275,2.284965521998876,0.10670049277611948,18.64853197680955,0.9951823253946529,0.9944570439422804,0.843503334807168,0.7157299588641268,9.778557372764762,8,7.0,1.4452598192501709,True,3.65232774005535,,1
28.0,0,0.058392025860314306,0.00021714382585015168,2.999994126331972,-0.9177130872745244,-0.31225305362431643,2.9594902922027755,25.0,-0.34218427335216783,0.03837212891560712,2.2588724929744326,3.0005623529368366,3.1142064911779883,2.284965521998876,0.11364413824115172,19.196352300219026,1.0256994573273828,1.0248994175930253,0.843503334807168,0.7157299588641268,9.778557372764762,8,7.0,1.4452598192501709,True,3.65232774005535,,1
28.1,0,0.05839904609710394,0.0002139718187828125,2.9999970191271124,-0.8727244313448732,-0.34255746375763596,2.987155586011228,25.0,-0.34218427335216783,0.03837212891560712,2.2588724929744326,3.0005653815807034,3.1308292901530703,2.284965521998876,0.13026390857236692,18.46881274636312,0.9922943563757827,0.9922112614210539,0.843503334807168,0.7157299588641268,9.778557372764762,8,7.0,1.4452598192501709,True,3.65232774005535,,1
28.200000000000003,0,0.058395411748365614,0.00021078619339109803,2.9999907951240443,-0.9002321418767417,-0.35555604832989895,2.988514540211539,25.0,-0.34218427335216783,0.03837212891560712,2.2588724929744326,3.000559087798985,3.141346394434677,2.284965521998876,0.14078730663569194,18.988663003425938,1.0225793521985453,1.0225149520256318,0.843503334807168,0.7157299588641268,9.778557372764762,8,7.0,1.4452598192501709,True,3.65232774005535,,1
28.3,0,0.05838251908161349,0.00020805115710011008,2.999977743657277,-0.9276440372955947,-0.3670729624420004,2.993338581785214,25.0,-0.34218427335216783,0.03837212891560712,2.2588724929744326,3.00054578772906,3.155208691178752,2.284965521998876,0.15466290344969202,19.474613208610528,1.052229913707951,1.0522089682337243,0.843503334807168,0.7157299588641268,9.778557372764762,8,7.0,1.4452598192501709,True,3.65232774005535,,1
28.400000000000002,0,0.0583631550863685,0.0002061216215180672,2.9999605805982346,-0.9550828955182208,-0.3771947582839371,2.9924233559677678,25.0,-0.34218427335216783,0.03837212891560712,2.2588724929744326,3.000528251075309,3.163709336258586,2.284965521998876,0.16318108518327712,19.982004210553725,1.0814624965270787,1.0814362309629963,0.843503334807168,0.7157299588641268,9.778557372764762,8,7.0,1.4452598192501709,True,3.65232774005535,,1
28.5,0,0.05833872620533532,0.000205179282986666,2.999940122060185,-0.984139158172727,-0.38903089734438023,2.988667959300991,25.0,-0.34218427335216783,0.03837212891560712,2.2588724929744326,3.0005073212742337,3.1704906706517604,2.284965521998876,0.16998334937752668,20.539625787503933,1.1128305910689624,1.1127735002082078,0.843503334807168,0.7157299588641268,9.778557372764762,8,7.0,1.4452598192501709,True,3.65232774005535,,1
28.6,0,0.058319708917845936,0.0002053640997950373,2.9999253452362504,-1.012630826846263,-0.40126155120455537,2.990136714330764,25.0,-0.34218427335216783,0.03837212891560712,2.2588724929744326,3.00049217756246,3.1823496970545535,2.284965521998876,0.18185751949209372,21.056057622259825,1.1437685742458683,1.1437266868170133,0.843503334807168,0.7157299588641268,9.778557372764762,8,7.0,1.4452598192501709,True,3.65232774005535,,1
28.700000000000003,0,0.058302779579972805,0.00020646384010732297,2.999913003774911,-1.041490617496827,-0.4122128089633834,2.9907183921989335,25.0,-0.34218427335216783,0.03837212891560712,2.2588724929744326,3.000479509503752,3.1935902379053545,2.284965521998876,0.19311072840160248,21.5725503868212,1.1746147086238623,1.1745787214288737,0.843503334807168,0.7157299588641268,9.778557372764762,8,7.0,1.4452598192501709,True,3.65232774005535,,1
28.8,0,0.05829256334113114,0.00020827429262471636,2.9999066966501213,-1.0718035796609364,-0.42368489024729916,2.9906593995740174,25.0,-0.34218427335216783,0.03837212891560712,2.2588724929744326,3.0004730051985646,3.205045310734044,2.284965521998876,0.20457230553547934,22.11536576126412,1.2070162467320125,1.2069808231168466,0.843503334807168,0.7157299588641268,9.778557372764762,8,7.0,1.4452598192501709,True,3.65232774005535,,1
28.900000000000002,0,0.05829018009945841,0.00021047475592881888,2.999907299694792,-1.1019602298999094,-0.43532933606466445,2.997247957351316,25.0,-0.34218427335216783,0.03837212891560712,2.2588724929744326,3.0004735619828,3.222937060658523,2.284965521998876,0.22246349867572324,22.609455102985226,1.2393074730731835,1.239304619822479,0.843503334807168,0.7157299588641268,9.778557372764762,8,7.0,1.4452598192501709,True,3.65232774005535,,1
29.000000000000004,0,0.058295421044664876,0.00021271528917768054,2.9999136579149663,-1.132014214676584,-0.4504325342696246,2.9980410131112927,25.0,-0.34218427335216783,0.03837212891560712,2.2588724929744326,3.000480020981197,3.2361389905960136,2.284965521998876,0.2356589696148168,23.15501990211356,1.2727614374419614,1.2727600598073334,0.843503334807168,0.7157299588641268,9.778557372764762,8,7.0,1.4452598192501709,True,3.65232774005535,,1
29.1,0,0.05830685015835045,0.00021467048175000057,2.999924462067408,-1.2402063420010119,-0.3014478569471659,3.0306341330042046,25.0,-0.34218427335216783,0.03837212891560712,2.2588724929744326,3.0004910453072897,3.2884230003647215,2.284965521998876,0.28793195505743174,23.9220814242572,1.3334466148128108,1.3330929414960901,0.843503334807168,0.7157299588641268,9.778557372764762,8,7.0,1.4452598192501709,True,3.65232774005535,,1
29.200000000000003,0,0.058322140661004496,0.00021608507713906665,2.999937786372375,-1.2724796944221728,-0.3098953299914577,3.0323888685597584,25.0,-0.34218427335216783,0.03837212891560712,2.2588724929744326,3.000504664367117,3.3031230583241054,2.284965521998876,0.3026183939569882,24.443644853641157,1.366841500230269,1.3664562246982521,0.843503334807168,0.7157299588641268,9.778557372764762,8,7.0,1.4452598192501709,True,3.65232774005535,,1
29.3,0,0.05833853245918573,0.00021680421849478592,2.9999511307304427,-1.3066070245048946,-0.32127481409833647,3.0250826436015967,25.0,-0.34218427335216783,0.03837212891560712,2.2588724929744326,3.000518324913951,3.3108253386850657,2.284965521998876,0.3103070137711148,25.063121970988863,1.4025208829329963,1.4022957013853956,0.843503334807168,0.7157299588641268,9.778557372764762,8,7.0,1.4452598192501709,True,3.65232774005535,,1
29.400000000000002,0,0.058353296937483035,0.0002167840370400406,2.999962434578895,-1.3405302857947048,-0.33144156099258953,3.027685414019249,25.0,-0.34218427335216783,0.03837212891560712,2.2588724929744326,3.000529913722462,3.327725036981113,2.284965521998876,0.32719512325865097,25.60127536963942,1.4379294487054939,1.4376621772396445,0.843503334807168,0.7157299588641268,9.778557372764762,8,7.0,1.4452598192501709,True,3.65232774005535,,1
29.500000000000004,0,0.05836417931425567,0.00021609329444550332,2.999969983164233,-1.3747196735853706,-0.3417956558257983,3.0260604126870607,25.0,-0.34218427335216783,0.03837212891560712,2.2588724929744326,3.000537672486341,3.3412153585957074,2.284965521998876,0.34067768610936655,26.16930608095061,1.4735610189234147,1.4733300261577265,0.843503334807168,0.7157299588641268,9.778557372764762,8,7.0,1.4452598192501709,True,3.65232774005535,,1
29.6,0,0.058369721338623934,0.00021489013653554315,2.999972925420591,-1.4097109104662722,-0.352813147389106,3.026234164900327,25.0,-0.34218427335216783,0.03837212891560712,2.2588724929744326,3.0005407219038864,3.357060498243699,2.284965521998876,0.35651977633981247,26.733739554959563,1.5101586636704372,1.5099303085771436,0.843503334807168,0.7157299588641268,9.778557372764762,8,7.0,1.4452598192501709,True,3.65232774005535,,1
29.700000000000003,0,0.058369443321616844,0.00021339142689946665,2.9999709974074613,-1.4442508659177076,-0.3646871916671732,3.0262421438404887,25.0,-0.34218427335216783,0.03837212891560712,2.2588724929744326,3.0005387887403647,3.3729807032692043,2.284965521998876,0.37244191452883957,27.29037711444388,1.54651556811297,1.5462924138987675,0.843503334807168,0.7157299588641268,9.778557372764762,8,7.0,1.4452598192501709,True,3.65232774005535,,1
29.8,0,0.05836383850070368,0.00021183911780287863,2.9999649192682343,-1.480732130959419,-0.37496968379427265,3.02771888078895,25.0,-0.34218427335216783,0.03837212891560712,2.2588724929744326,3.000532602615811,3.3912020772148463,2.284965521998876,0.39066947459903556,27.85339432492532,1.5844077318427578,1.5841646310731152,0.843503334807168,0.7157299588641268,9.778557372764762,8,7.0,1.4452598192501709,True,3.65232774005535,,1
29.900000000000002,0,0.058354216327951645,0.00021045893824733723,2.999956147707348,-1.5167732359342814,-0.3852715530162674,3.028344970337557,25.0,-0.34218427335216783,0.03837212891560712,2.2588724929744326,3.0005236454697917,3.408798685487146,2.284965521998876,0.4082750400173545,28.41052696740346,1.621859672616883,1.6216111964372388,0.843503334807168,0.7157299588641268,9.778557372764762,8,7.0,1.4452598192501709,True,3.65232774005535,,1
30.000000000000004,0,0.05834244302292238,0.00020943293041083956,2.9999460907749134,-1.5528612690663044,-0.3956576280420694,3.030372813591181,25.0,-0.34218427335216783,0.03837212891560712,2.2588724929744326,3.0005133614226285,3.4279851908878807,2.284965521998876,0.4274718294652522,28.95187674961983,1.6594016744822309,1.6591226994448283,0.843503334807168,0.7157299588641268,9.778557372764762,8,7.0,1.4452598192501709,True,3.65232774005535,,1
30.1,0,0.058330581840792775,0.00020887633465492742,2.999936614323748,-1.0964174433602563,-0.45510703161805605,3.0381616967703455,25.0,-0.34218427335216783,0.03837212891560712,2.2588724929744326,3.000503656116326,3.2618522523338336,2.284965521998876,0.2613485962175077,22.376542144773584,1.2418601912729845,1.2412717582143422,0.843503334807168,0.7157299588641268,9.778557372764762,8,7.0,1.4452598192501709,True,3.65232774005535,,1
30.200000000000003,0,0.058320554270306586,0.0002088241710569266,2.9999291400541055,-1.1233879532769317,-0.4694868814415221,3.041329296273863,25.0,-0.34218427335216783,0.03837212891560712,2.2588724929744326,3.000495988333211,3.275988753611204,2.284965521998876,0.2754927652779928,22.850789185991697,1.2723061839099268,1.2716324361545754,0.843503334807168,0.7157299588641268,9.778557372764762,8,7.0,1.4452598192501709,True,3.65232774005535,,1
30.3,0,0.058313839527260755,0.00020923977577476968,2.9999246406638354,-1.150859723549484,-0.480379352681428,3.0288133657780056,25.0,-0.34218427335216783,0.03837212891560712,2.2588724929744326,3.00049135931496,3.275508026319965,2.284965521998876,0.2750166670050054,23.41195654467642,1.3014993888905317,1.301178735164276,0.843503334807168,0.7157299588641268,9.778557372764762,8,7.0,1.4452598192501709,True,3.65232774005535,,1
30.400000000000002,0,0.058311257737580766,0.00021002324159183445,2.9999239108030924,-1.1782860136058668,-0.49236447703386854,3.029473505807298,25.0,-0.34218427335216783,0.03837212891560712,2.2588724929744326,3.000490579471434,3.287626869109754,2.284965521998876,0.28713628963831983,23.889573738539816,1.3314186525584628,1.3310906993198022,0.843503334807168,0.7157299588641268,9.778557372764762,8,7.0,1.4452598192501709,True,3.65232774005535,,1
30.500000000000004,0,0.05831291175795328,0.00021102969930857028,2.9999264958724217,-1.2075440303316456,-0.5041272145070937,3.026896369993353,25.0,-0.34218427335216783,0.03837212891560712,2.2588724929744326,3.0004931962676755,3.2976368005399284,2.284965521998876,0.29714360427225284,24.41188619086307,1.3628933327724975,1.3626264573996891,0.843503334807168,0.7157299588641268,9.778557372764762,8,7.0,1.4452598192501709,True,3.65232774005535,,1
30.6,0,0.05831821096260583,0.00021209718015346505,2.999931662353019,-1.2363165938020992,-0.5160133244409297,3.0279110872353776,25.0,-0.34218427335216783,0.03837212891560712,2.2588724929744326,3.0004984648393407,3.3110412294796228,2.284965521998876,0.3105427646402821,24.89945592313625,1.3940411801136863,1.3937603680819781,0.843503334807168,0.7157299588641268,9.778557372764762,8,7.0,1.4452598192501709,True,3.65232774005535,,1
30.700000000000003,0,0.058326012721192005,0.00021306977971507032,2.99993863241675,-1.265916113326472,-0.5297120053452324,3.029341113883153,25.0,-0.34218427335216783,0.03837212891560712,2.2588724929744326,3.0005055853014446,3.325664745407945,2.284965521998876,0.32515916010650026,25.40269252451359,1.4266402137756389,1.4263371949316257,0.843503334807168,0.7157299588641268,9.778557372764762,8,7.0,1.4452598192501709,True,3.65232774005535,,1
30.8,0,0.05833486877254862,0.00021381930068813926,2.9999459766442307,-1.2958551373078453,-0.5449095133408232,3.030592314212061,25.0,-0.34218427335216783,0.03837212891560712,2.2588724929744326,3.0005131003575554,3.3407569036937845,2.284965521998876,0.34024380333622917,25.916357371536797,1.4601127416622754,1.459791087915735,0.843503334807168,0.7157299588641268,9.778557372764762,8,7.0,1.4452598192501709,True,3.65232774005535,,1
30.900000000000002,0,0.0583432697610471,0.0002142606558808878,2.9999525478908327,-1.3258513953788476,-0.5610052498881862,3.0267173272702257,25.0,-0.34218427335216783,0.03837212891560712,2.2588724929744326,3.0005198337339376,3.351660273987798,2.284965521998876,0.3511404402538605,26.468999752210518,1.4938803711918485,1.4936405893042233,0.843503334807168,0.7157299588641268,9.778557372764762,8,7.0,1.4452598192501709,True,3.65232774005535,,1
31.000000000000004,0,0.05834989559699823,0.0002143604347479189,2.9999573415566068,-1.3560744731712993,-0.5773974966155522,3.0268304929250407,25.0,-0.34218427335216783,0.03837212891560712,2.2588724929744326,3.000524755342965,3.3666049187253275,2.284965521998876,0.3660801633823625,26.993292036076642,1.5280556006360384,1.527819280010137,0.843503334807168,0.7157299588641268,9.778557372764762,8,7.0,1.4452598192501709,True,3.65232774005535,,1
31.1,0,0.058353816184956005,0.00021413606915622965,2.9999596527297627,-1.3160430029993686,-0.29391423904760317,3.031008846740858,25.0,-0.34218427335216783,0.03837212891560712,2.2588724929744326,3.000527142307512,3.3174341583036537,2.284965521998876,0.3169070159961418,25.073296789236746,1.4058599397100526,1.4055170285815872,0.843503334807168,0.7157299588641268,9.778557372764762,8,7.0,1.4452598192501709,True,3.65232774005535,,1
31.200000000000003,0,0.0583546050363295,0.00021364919977764907,2.9999593948649097,-1.345678230950561,-0.3048755385572815,3.030026707902374,25.0,-0.34218427335216783,0.03837212891560712,2.2588724929744326,3.000526899798294,3.3293934651624646,2.284965521998876,0.3288665653641707,25.571879659396423,1.4371122643443501,1.4367976952290997,0.843503334807168,0.7157299588641268,9.778557372764762,8,7.0,1.4452598192501709,True,3.65232774005535,,1
31.3,0,0.05835237678419945,0.00021299318310547634,2.999956751194689,-1.375338941555877,-0.3160629809410118,3.0282231833663777,25.0,-0.34218427335216783,0.03837212891560712,2.2588724929744326,3.000524213246921,3.3408963857562175,2.284965521998876,0.3403721725092965,26.074095777160224,1.468434635685083,1.4681625550639363,0.843503334807168,0.7157299588641268,9.778557372764762,8,7.0,1.4452598192501709,True,3.65232774005535,,1
31.400000000000002,0,0.058347723033381635,0.00021227564087915549,2.999952334971812,-1.4061343931335974,-0.3260434257265649,3.0274501995368004,25.0,-0.34218427335216783,0.03837212891560712,2.2588724929744326,3.000519707308545,3.3539488603269008,2.284965521998876,0.353429153018356,26.57849019861293,1.500635459997967,1.5003835013914528,0.843503334807168,0.7157299588641268,9.778557372764762,8,7.0,1.4452598192501709,True,3.65232774005535,,1
31.500000000000004,0,0.05834158071049331,0.00021160237449814828,2.9999469959492338,-1.436089265499722,-0.33921790751780606,3.0275823295228403,25.0,-0.34218427335216783,0.03837212891560712,2.2588724929744326,3.000514249811221,3.368037400223346,2.284965521998876,0.36752315041212524,27.070375534936847,1.532742528264951,1.5324933756105799,0.843503334807168,0.7157299588641268,9.778557372764762,8,7.0,1.4452598192501709,True,3.65232774005535,,1
31.6,0,0.058335055665939814,0.00021106407387294442,2.9999416680673807,-1.466157707544414,-0.34953517066474,3.0294379618965417,25.0,-0.34218427335216783,0.03837212891560712,2.2588724929744326,3.0005087960335146,3.383679598292869,2.284965521998876,0.3831708022593543,27.53753930345576,1.564375480869038,1.5640973798950555,0.843503334807168,0.7157299588641268,9.778557372764762,8,7.0,1.4452598192501709,True,3.65232774005535,,1
31.700000000000003,0,0.05832922984210484,0.00021072257549944903,2.999937232356491,-1.4982204406446622,-0.3596461630896954,3.024334948879089,25.0,-0.34218427335216783,0.03837212891560712,2.2588724929744326,3.000504247878463,3.39420266548745,2.284965521998876,0.39369841760898705,28.082229813209416,1.5977919462259889,1.5976056631262658,0.843503334807168,0.7157299588641268,9.778557372764762,8,7.0,1.4452598192501709,True,3.65232774005535,,1
31.8,0,0.05832499097040564,0.00021060733219443575,2.9999342684706995,-1.5295721147201085,-0.37416705080663276,3.0229579270641764,25.0,-0.34218427335216783,0.03837212891560712,2.2588724929744326,3.0005012021447315,3.408499151362491,2.284965521998876,0.40799794921775945,28.59916418570866,1.6315961320219086,1.6314336790607897,0.843503334807168,0.7157299588641268,9.778557372764762,8,7.0,1.4452598192501709,True,3.65232774005535,,1
31.900000000000002,0,0.058322897975246694,0.00021071406145467666,2.999933256117882,-1.5621007619176495,-0.38573068710181363,3.018985052134713,25.0,-0.34218427335216783,0.03837212891560712,2.2588724929744326,3.0005001493068924,3.420996594322855,2.284965521998876,0.4204964450159627,29.139506800345448,1.6658591097700974,1.665750162140936,0.843503334807168,0.7157299588641268,9.778557372764762,8,7.0,1.4452598192501709,True,3.65232774005535,,1
32.0,0,0.058323123481965194,0.00021100698413440574,2.9999341551456578,-1.5948382141204485,-0.39903922539747905,3.0204598798894278,25.0,-0.34218427335216783,0.03837212891560712,2.2588724929744326,3.0005010525687426,3.438883411609992,2.284965521998876,0.43838235904124945,29.641485570006125,1.700812882587744,1.700689023954754,0.843503334807168,0.7157299588641268,9.778557372764762,8,7.0,1.4452598192501709,True,3.65232774005535,,1
32.1,0,0.058325455550959325,0.00021142860721240953,2.9999365609839614,-1.0369727185827444,-0.7358750411041719,3.032931135287178,25.0,-0.34218427335216783,0.03837212891560712,2.2588724929744326,3.000503503313329,3.2886921057769034,2.284965521998876,0.2881886024635745,23.66457949106132,1.3200719764794056,1.3196595701743665,0.843503334807168,0.7157299588641268,9.778557372764762,8,7.0,1.4452598192501709,True,3.65232774005535,,1
32.2,0,0.05832935216703511,0.0002119094417127117,2.9999401212755252,-1.0593384893113011,-0.7556474457227202,3.0342831349158983,25.0,-0.34218427335216783,0.03837212891560712,2.2588724929744326,3.0005071387131292,3.3015261985934132,2.284965521998876,0.301019059880284,24.129009227620863,1.3496978221995983,1.3492608230673697,0.843503334807168,0.7157299588641268,9.778557372764762,8,7.0,1.4452598192501709,True,3.65232774005535,,1
32.300000000000004,0,0.058334064774598356,0.00021237792992583247,2.9999441178014674,-1.0826741319631026,-0.7754741688032795,3.036188506670102,25.0,-0.34218427335216783,0.03837212891560712,2.2588724929744326,3.0005112261328293,3.315416129317528,2.284965521998876,0.3149049031846989,24.599375978618735,1.3801822269287365,1.379706245476009,0.843503334807168,0.7157299588641268,9.778557372764762,8,7.0,1.4452598192501709,True,3.65232774005535,,1
32.4,0,0.05833877171919236,0.00021277125220986646,2.9999478572463336,-1.1057072356413655,-0.7905895162413343,3.033627442598483,25.0,-0.34218427335216783,0.03837212891560712,2.2588724929744326,3.000515056411845,3.324231600629984,2.284965521998876,0.3237165442181391,25.052039471124818,1.4076596462307822,1.4072566806226496,0.843503334807168,0.7157299588641268,9.778557372764762,8,7.0,1.4452598192501709,True,3.65232774005535,,1
32.5,0,0.058342713184117455,0.00021304302949207957,2.999950809366319,-1.1299085051175792,-0.813890892523084,3.037295706680026,25.0,-0.34218427335216783,0.03837212891560712,2.2588724929744326,3.000518084629161,3.3412986733732715,2.284965521998876,0.34078058874411044,25.54431625910467,1.4408680775952498,1.4403840375669468,0.843503334807168,0.7157299588641268,9.778557372764762,8,7.0,1.4452598192501709,True,3.65232774005535,,1
32.6,0,0.058345314718025273,0.0002131675068457772,2.999952460950179,-1.15363475467711,-0.8327026898878116,3.040746170309989,25.0,-0.34218427335216783,0.03837212891560712,2.2588724929744326,3.0005197864954942,3.3571422652607645,2.284965521998876,0.3566224787652703,25.988314237169224,1.4711589447893951,1.4705932524360752,0.843503334807168,0.7157299588641268,9.778557372764762,8,7.0,1.4452598192501709,True,3.65232774005535,,1
32.7,0,0.05834625816917822,0.0002131418437730545,2.999952730206776,-1.1775593171481802,-0.8553488522051789,3.042407848403834,25.0,-0.34218427335216783,0.03837212891560712,2.2588724929744326,3.000520074044978,3.3726122102015306,2.284965521998876,0.37209213615655257,26.476872889661852,1.503745774332442,1.503146339103931,0.843503334807168,0.7157299588641268,9.778557372764762,8,7.0,1.4452598192501709,True,3.65232774005535,,1
32.800000000000004,0,0.05834535932758096,0.00021296234244366706,2.9999515036370727,-1.201145503209371,-0.881308680772822,3.041949569989019,25.0,-0.34218427335216783,0.03837212891560712,2.2588724929744326,3.0005188302162606,3.387168832084105,2.284965521998876,0.3866500018678445,27.001268730193292,1.5379081499465483,1.5373345895070183,0.843503334807168,0.7157299588641268,9.778557372764762,8,7.0,1.4452598192501709,True,3.65232774005535,,1
32.9,0,0.058343344851386765,0.00021272855783974838,2.99994953093204,-1.2285129557057344,-0.9034616717286856,3.0352581999567025,25.0,-0.34218427335216783,0.03837212891560712,2.2588724929744326,3.0005168186966147,3.3968042944838657,2.284965521998876,0.396287475787251,27.582794932787372,1.5728551306859333,1.5724587625806825,0.843503334807168,0.7157299588641268,9.778557372764762,8,7.0,1.4452598192501709,True,3.65232774005535,,1
33.0,0,0.05834019865339035,0.0002124187155528549,2.9999467299482365,-1.2533997721039405,-0.9259719099246239,3.0336195967316577,25.0,-0.34218427335216783,0.03837212891560712,2.2588724929744326,3.000513957045983,3.4104666578569582,2.284965521998876,0.4099527008109751,28.09479426690194,1.6061173753678502,1.6057643542877322,0.843503334807168,0.7157299588641268,9.778557372764762,8,7.0,1.4452598192501709,True,3.65232774005535,,1
33.1,1,0.058336661423607,0.0002121021239049445,2.999943790484486,-0.33818453785695873,-0.4680545504571374,3.101043980742048,33.0,-0.08739983262760656,-0.27465887733465816,3.3625815483949415,3.0005109493417597,3.154349000086332,3.3749119839261277,0.15383805074457246,11.239697964640525,0.6218713435015863,0.6135981742136728,0.4778059153272889,0.3743983281350176,5.346865409440249,8,7.0,2.06983286953847,True,6.007891623900695,,1
33.2,0,0.058333334288073066,0.00021182230657629234,2.999941196337716,-0.34485993413232613,-0.4797051743297198,3.1026962690955004,33.0,-0.08739983262760656,-0.27465887733465816,3.3625815483949415,3.0005082909803833,3.158444168686158,3.3749119839261277,0.15793587770577489,11.469564761737738,0.6351722131338747,0.6268055004225208,0.4778059153272889,0.3743983281350176,5.346865409440249,8,7.0,2.06983286953847,True,6.007891623900695,,1
33.300000000000004,0,0.058330737867301426,0.00021161380067167833,2.99993933520975,-0.35208744044070067,-0.4930119135294305,3.0979183625532825,33.0,-0.08739983262760656,-0.27465887733465816,3.3625815483949415,3.0005063797131415,3.1566001478874144,3.3749119839261277,0.1560937681742729,11.750145221584171,0.6490858331505871,0.6416482907306831,0.4778059153272889,0.3743983281350176,5.346865409440249,8,7.0,2.06983286953847,True,6.007891623900695,,1
33.4,0,0.05832923467492497,0.00021149847259936235,2.999938454150267,-0.36063262110104555,-0.5060527927313271,3.09858467259959,33.0,-0.08739983262760656,-0.27465887733465816,3.3625815483949415,3.0005054695898923,3.1602804131441395,3.3749119839261277,0.15977494355424726,12.023336729593204,0.6645025549671052,0.6571396876946781,0.4778059153272889,0.3743983281350176,5.346865409440249,8,7.0,2.06983286953847,True,6.007891623900695,,1
33.5,0,0.05832898245428033,0.00021148322480390408,2.9999386339285032,-0.36804307458226476,-0.520869473492903,3.1007820242952127,33.0,-0.08739983262760656,-0.27465887733465816,3.3625815483949415,3.0005056444299716,3.165692637537172,3.3749119839261277,0.1651869931072003,12.301808044063476,0.6807994446649235,0.6732893096399315,0.4778059153272889,0.3743983281350176,5.346865409440249,8,7.0,2.06983286953847,True,6.007891623900695,,1
33.6,0,0.05832992658542912,0.00021156127162623835,2.9999397172271247,-0.3748391229105549,-0.5332531671332079,3.1016712725409272,33.0,-0.08739983262760656,-0.27465887733465816,3.3625815483949415,3.0005067458831673,3.169420765885717,3.3749119839261277,0.16891402000254985,12.54437288104441,0.6946721177936127,0.68718268451213,0.4778059153272889,0.3743983281350176,5.346865409440249,8,7.0,2.06983286953847,True,6.007891623900695,,1
33.7,0,0.05833182196950461,0.0002117142665578963,2.9999414942755833,-0.3827593601644285,-0.5477477762069244,3.103189838356569,33.0,-0.08739983262760656,-0.27465887733465816,3.3625815483949415,3.0005085594534857,3.174321900345424,3.3749119839261277,0.17381334089193823,12.825582950856065,0.710972049177557,0.7034351669885923,0.4778059153272889,0.3743983281350176,5.346865409440249,8,7.0,2.06983286953847,True,6.007891623900695,,1
33.800000000000004,0,0.05833428913651068,0.00021191519689969674,2.999943632869118,-0.3909529813752792,-0.5610784364816318,3.1017157164307476,33.0,-0.08739983262760656,-0.27465887733465816,3.3625815483949415,3.0005107456213307,3.1762074288503888,3.3749119839261277,0.17569668322905807,13.104818144996287,0.7261290982489402,0.7189616890567562,0.4778059153272889,0.3743983281350176,5.346865409440249,8,7.0,2.06983286953847,True,6.007891623900695,,1
33.9,0,0.058336887140918066,0.00021213341140410844,2.9999457304255923,-0.39901433861424346,-0.5761544151010934,3.099240351511581,33.0,-0.08739983262760656,-0.27465887733465816,3.3625815483949415,3.0005128933068455,3.1774922673230654,3.3749119839261277,0.17697937401622,13.410250885224269,0.7424472800950704,0.7357775084520849,0.4778059153272889,0.3743983281350176,5.346865409440249,8,7.0,2.06983286953847,True,6.007891623900695,,1
34.0,0,0.05833918629249293,0.00021233890115246733,2.9999474932823453,-0.4074955802511424,-0.5928036803994645,3.100502089626208,33.0,-0.08739983262760656,-0.27465887733465816,3.3625815483949415,3.0005147005465753,3.182857530458416,3.3749119839261277,0.1823428299118408,13.726680639067334,0.7607767449875096,0.7541021342417172,0.4778059153272889,0.3743983281350176,5.346865409440249,8,7.0,2.06983286953847,True,6.007891623900695,,1
34.1,0,0.058340839879655965,0.0002125058541572104,2.9999486126479584,-0.3732770367650288,-0.44560128549783135,3.1243906412965927,33.0,-0.08739983262760656,-0.27465887733465816,3.3625815483949415,3.0005158518636446,3.1780045832621346,3.3749119839261277,0.17748873139849008,11.289626307855618,0.6328741948389808,0.6205190794801564,0.4778059153272889,0.3743983281350176,5.346865409440249,8,7.0,2.06983286953847,True,6.007891623900695,,1
34.2,0,0.05834163072890614,0.0002126159343209535,2.9999489776031476,-0.381380945533419,-0.45811667139304935,3.122902805257345,33.0,-0.08739983262760656,-0.27465887733465816,3.3625815483949415,3.0005162321346996,3.179283605045075,3.3749119839261277,0.17876737291037514,11.553581172559484,0.6469461518794355,0.6351548470229851,0.4778059153272889,0.3743983281350176,5.346865409440249,8,7.0,2.06983286953847,True,6.007891623900695,,1
34.300000000000004,0,0.05834149612371306,0.00021266007534970004,2.999948635942038,-0.3894879680267734,-0.4729477880404422,3.113251102020983,33.0,-0.08739983262760656,-0.27465887733465816,3.3625815483949415,3.0005158879240676,3.1729659487118416,3.3749119839261277,0.17245006078777392,11.875438313793815,0.6612635536924891,0.6514844883974206,0.4778059153272889,0.3743983281350176,5.346865409440249,8,7.0,2.06983286953847,True,6.007891623900695,,1
34.400000000000006,0,0.058340530504151965,0.0002126383947776504,2.9999476223708164,-0.39841084582851805,-0.48906153951424747,3.1145742243653016,33.0,-0.08739983262760656,-0.27465887733465816,3.3625815483949415,3.000514855767741,3.1778113522653544,3.3749119839261277,0.17729649649761337,12.186261072779343,0.6790804803814808,0.6693362689637703,0.4778059153272889,0.3743983281350176,5.346865409440249,8,7.0,2.06983286953847,True,6.007891623900695,,1
34.5,0,0.05833895329393639,0.00021255951819167324,2.9999461717132845,-0.40747187524628564,-0.5066521751802842,3.1043673686150512,33.0,-0.08739983262760656,-0.27465887733465816,3.3625815483949415,3.000513374712763,3.171722956856979,3.3749119839261277,0.1712095821442161,12.559809255119296,0.6962724851871442,0.688397840834996,0.4778059153272889,0.3743983281350176,5.346865409440249,8,7.0,2.06983286953847,True,6.007891623900695,,1
34.6,0,0.058337065013979915,0.00021243905536256547,2.9999445783303846,-0.4170921444956581,-0.5233017346399642,3.102743093989999,33.0,-0.08739983262760656,-0.27465887733465816,3.3625815483949415,3.000511744909302,3.174086525250976,3.3749119839261277,0.17357478034167384,12.89725702397237,0.7146100741919891,0.7071775048139328,0.4778059153272889,0.3743983281350176,5.346865409440249,8,7.0,2.06983286953847,True,6.007891623900695,,1
34.7,0,0.0583351948570932,0.00021229650230350362,2.999943086751139,-0.42653592487059266,-0.540081062561804,3.0926931544116827,33.0,-0.08739983262760656,-0.27465887733465816,3.3625815483949415,3.00051021724219,3.168338901804537,3.3749119839261277,0.16782868456234734,13.267157008203242,0.7318602951696395,0.7259593078091612,0.4778059153272889,0.3743983281350176,5.346865409440249,8,7.0,2.06983286953847,True,6.007891623900695,,1
34.800000000000004,0,0.05833364271586985,0.0002121525925210434,2.9999419476149187,-0.4351636791030004,-0.5541130843275306,3.0908904953500818,33.0,-0.08739983262760656,-0.27465887733465816,3.3625815483949415,3.0005090481351355,3.1701755143964667,3.3749119839261277,0.1696664662613312,13.559970874333084,0.7477216816864443,0.74216984237361,0.4778059153272889,0.3743983281350176,5.346865409440249,8,7.0,2.06983286953847,True,6.007891623900695,,1
34.900000000000006,0,0.05833263468551221,0.00021202658353967636,2.999941302928529,-0.4440944723713171,-0.5697470787579378,3.0920892973305243,33.0,-0.08739983262760656,-0.27465887733465816,3.3625815483949415,3.000508383964482,3.1753500368951353,3.3749119839261277,0.17484165293065335,13.864922415712316,0.7653611125079861,0.7597936428183327,0.4778059153272889,0.3743983281350176,5.346865409440249,8,7.0,2.06983286953847,True,6.007891623900695,,1
35.0,0,0.058332291544234034,0.00021193354151534939,2.9999412175784657,-0.45389774264649735,-0.58838521621263,3.0942725338785295,33.0,-0.08739983262760656,-0.27465887733465816,3.3625815483949415,3.000508291953014,3.182254364024382,3.3749119839261277,0.18174607207136795,14.214646458660726,0.7859545851133158,0.7802731653887257,0.4778059153272889,0.3743983281350176,5.346865409440249,8,7.0,2.06983286953847,True,6.007891623900695,,1
35.1,0,0.058332617099676166,0.00021188326028563715,2.999941673111821,-0.22258659436966982,-0.4284734944992051,3.1107040286662846,33.0,-0.08739983262760656,-0.27465887733465816,3.3625815483949415,3.0005087537258017,3.147953919840966,3.3749119839261277,0.14744516611516412,9.391652217775778,0.5243615698021068,0.5125297615527867,0.4778059153272889,0.3743983281350176,5.346865409440249,8,7.0,2.06983286953847,True,6.007891623900695,,1
35.2,0,0.058333507573815786,0.00021187934785590881,2.9999425435582805,-0.22882315710123688,-0.4422589317065871,3.111784687373121,33.0,-0.08739983262760656,-0.27465887733465816,3.3625815483949415,3.000509641319229,3.1513738179514443,3.3749119839261277,0.1508641766322154,9.65710715969773,0.5392105653968371,0.5274839985274219,0.4778059153272889,0.3743983281350176,5.346865409440249,8,7.0,2.06983286953847,True,6.007891623900695,,1
35.300000000000004,0,0.05833477568273398,0.00021191888996312401,2.9999436632738865,-0.23580100896118542,-0.45851764128035877,3.1063054481188392,33.0,-0.08739983262760656,-0.27465887733465816,3.3625815483949415,3.0005107854798183,3.1488051829551473,3.3749119839261277,0.14829439747532902,9.985965956174365,0.5552130207925199,0.544929967227121,0.4778059153272889,0.3743983281350176,5.346865409440249,8,7.0,2.06983286953847,True,6.007891623900695,,1
35.400000000000006,0,0.05833618804162227,0.00021199365443018195,2.9999448255530026,-0.242027657984308,-0.47337580959659975,3.107189344009283,33.0,-0.08739983262760656,-0.27465887733465816,3.3625815483949415,3.000511975003395,3.1523463743480735,3.3749119839261277,0.15183439934467868,10.267763753457762,0.5709686805128145,0.560806425950724,0.4778059153272889,0.3743983281350176,5.346865409440249,8,7.0,2.06983286953847,True,6.007891623900695,,1
35.5,0,0.05833750577114943,0.00021209173607718976,2.9999458520476834,-0.248608609854547,-0.4901554793187241,3.0982926013617003,33.0,-0.08739983262760656,-0.27465887733465816,3.3625815483949415,3.0005130269306624,3.1466610364722527,3.3749119839261277,0.14614800954159035,10.612429591135092,0.5868120276038341,0.578512119700088,0.4778059153272889,0.3743983281350176,5.346865409440249,8,7.0,2.06983286953847,True,6.007891623900695,,1
35.6,0,0.058338523906197454,0.00021219894203906503,2.9999465768245304,-0.25594771389711096,-0.50531391713036,3.0996131669050615,33.0,-0.08739983262760656,-0.27465887733465816,3.3625815483949415,3.0005137713733565,3.150944806172588,3.3749119839261277,0.1504310347992317,10.907935677463945,0.6035444660355052,0.5952583416499112,0.4778059153272889,0.3743983281350176,5.346865409440249,8,7.0,2.06983286953847,True,6.007891623900695,,1
35.7,0,0.05833910160427639,0.00021230100970004082,2.9999468993188283,-0.2641648615974993,-0.5218557670131828,3.0878427376733777,33.0,-0.08739983262760656,-0.27465887733465816,3.3625815483949415,3.0005141050460615,3.1427518655264475,3.3749119839261277,0.14223776048038594,11.276027407860777,0.6199109228994492,0.6136480049099791,0.4778059153272889,0.3743983281350176,5.346865409440249,8,7.0,2.06983286953847,True,6.007891623900695,,1
35.800000000000004,0,0.05833917876064074,0.00021238534615449886,2.999946829951134,-0.2716929525049724,-0.5396036382116214,3.0888947597723764,33.0,-0.08739983262760656,-0.27465887733465816,3.3625815483949415,3.000514037197603,3.147421164026406,3.3749119839261277,0.1469071268288027,11.613188999225914,0.6389321412927486,0.6327104764088012,0.4778059153272889,0.3743983281350176,5.346865409440249,8,7.0,2.06983286953847,True,6.007891623900695,,1
35.900000000000006,0,0.058338781894682494,0.00021244248199930348,2.9999463816581238,-0.27790058723003486,-0.5550213321670056,3.0879513979893174,33.0,-0.08739983262760656,-0.27465887733465816,3.3625815483949415,3.0005135812771173,3.1497176463752137,3.3749119839261277,0.14920406509809636,11.908981302373348,0.6550468233338922,0.6491082019666442,0.4778059153272889,0.3743983281350176,5.346865409440249,8,7.0,2.06983286953847,True,6.007891623900695,,1
36.0,0,0.058338011797516576,0.00021246710213912678,2.9999456472025723,-0.28446583448032936,-0.5698497340866802,3.0879162357807766,33.0,-0.08739983262760656,-0.27465887733465816,3.3625815483949415,3.0005128319892944,3.152915509433098,3.3749119839261277,0.15240267744380365,12.195556198277162,0.6709874922097451,0.6651957533291437,0.4778059153272889,0.3743983281350176,5.346865409440249,8,7.0,2.06983286953847,True,6.007891623900695,,1
36.1,0,0.0583370205917217,0.0002124585804070074,2.999944795380979,-0.39417010870885855,-0.6013559218026912,3.0812494240992985,33.0,-0.08739983262760656,-0.27465887733465816,3.3625815483949415,3.0005119610565782,3.1640317686140538,3.3749119839261277,0.16351980755747553,13.78016377804217,0.7571378084573637,0.7527597348055991,0.4778059153272889,0.3743983281350176,5.346865409440249,8,7.0,2.06983286953847,True,6.007891623900695,,1
36.2,0,0.0583359855138122,0.00021242052796027283,2.9999439541718114,-0.4032738983496791,-0.6200162648856197,3.0812678068803594,33.0,-0.08739983262760656,-0.27465887733465816,3.3625815483949415,3.000511099879544,3.168794929232588,3.3749119839261277,0.16828382935304376,14.138874629637435,0.777419369523094,0.7731541289357015,0.4778059153272889,0.3743983281350176,5.346865409440249,8,7.0,2.06983286953847,True,6.007891623900695,,1
36.300000000000004,0,0.05833507674811154,0.00021236015508727956,2.9999432686538956,-0.4128310926976745,-0.6393780732244957,3.0823618788337255,33.0,-0.08739983262760656,-0.27465887733465816,3.3625815483949415,3.000510396818825,3.1749312722806455,3.3749119839261277,0.1744208754618204,14.506797855489152,0.7986653297876857,0.7944013354098154,0.4778059153272889,0.3743983281350176,5.346865409440249,8,7.0,2.06983286953847,True,6.007891623900695,,1
36.400000000000006,0,0.05833443105465315,0.00021228718343440948,2.999942835529879,-0.42314490012653916,-0.6567014522200988,3.0810288240564767,33.0,-0.08739983262760656,-0.27465887733465816,3.3625815483949415,3.0005099512181874,3.1785290652309475,3.3749119839261277,0.17801911401276005,14.863572969635799,0.8184943157451717,0.8144679290013949,0.4778059153272889,0.3743983281350176,5.346865409440249,8,7.0,2.06983286953847,True,6.007891623900695,,1
36.5,0,0.058334132725916095,0.0002122122218518494,2.9999426893823467,-0.43205705524016225,-0.6756426810737783,3.0805347535809084,33.0,-0.08739983262760656,-0.27465887733465816,3.3625815483949415,3.0005097992930296,3.1832154654517426,3.3749119839261277,0.18270566615871298,15.224042867023734,0.8389031140949558,0.8350229661670565,0.4778059153272889,0.3743983281350176,5.346865409440249,8,7.0,2.06983286953847,True,6.007891623900695,,1
36.6,0,0.058334202616320684,0.00021214548150321326,2.9999428536203876,-0.44222400081621727,-0.6930373053604918,3.0782135069040946,33.0,-0.08739983262760656,-0.27465887733465816,3.3625815483949415,3.0005099648540785,3.1861043874308383,3.3749119839261277,0.18559442257675984,15.583356245605996,0.8586498770056372,0.8550750353719477,0.4778059153272889,0.3743983281350176,5.346865409440249,8,7.0,2.06983286953847,True,6.007891623900695,,1
36.7,0,0.05833460114599874,0.00021209562912549487,2.9999432706589095,-0.45174991221764393,-0.7107617021176112,3.0769409238654064,33.0,-0.08739983262760656,-0.27465887733465816,3.3625815483949415,3.0005103895582654,3.1901137329793547,3.3749119839261277,0.1896033434210893,15.935217145702536,0.8784068479099818,0.8750256863977434,0.4778059153272889,0.3743983281350176,5.346865409440249,8,7.0,2.06983286953847,True,6.007891623900695,,1
36.800000000000004,0,0.05833523899891276,0.00021206842269865114,2.999943844613667,-0.4633028554043507,-0.7289480687998096,3.0722347302541406,33.0,-0.08739983262760656,-0.27465887733465816,3.3625815483949415,3.000510975803539,3.191338443445403,3.3749119839261277,0.19082746764186398,16.329937577710268,0.8994480415197417,0.8965382352398669,0.4778059153272889,0.3743983281350176,5.346865409440249,8,7.0,2.06983286953847,True,6.007891623900695,,1
36.900000000000006,0,0.058336071697275886,0.00021206749485558812,2.999944541451957,-0.4736727616550784,-0.7495252218271856,3.0734667376158447,33.0,-0.08739983262760656,-0.27465887733465816,3.3625815483949415,3.0005116886992935,3.198804734665751,3.3749119839261277,0.19829304596645736,16.716414679122224,0.9222499200833018,0.919314636979579,0.4778059153272889,0.3743983281350176,5.346865409440249,8,7.0,2.06983286953847,True,6.007891623900695,,1
37.0,0,0.05833673748846456,0.0002120885180808423,2.9999450663560183,-0.4845554895531005,-0.7672006208603823,3.0706472987918376,33.0,-0.08739983262760656,-0.27465887733465816,3.3625815483949415,3.000512226450036,3.201915934043586,3.3749119839261277,0.20140370759354997,17.08642895600681,0.9426839567793399,0.9400288488646207,0.4778059153272889,0.3743983281350176,5.346865409440249,8,7.0,2.06983286953847,True,6.007891623900695,,1
37.1,0,0.05833734862177957,0.00021213092325848175,2.9999455161015622,-0.37023300120616204,-0.7048276195854246,3.106538886609293,33.0,-0.08739983262760656,-0.27465887733465816,3.3625815483949415,3.0005126879954394,3.206935967949514,3.3749119839261277,0.2064232799540746,14.927948327535464,0.8319349380721961,0.8250779324094121,0.4778059153272889,0.3743983281350176,5.346865409440249,8,7.0,2.06983286953847,True,6.007891623900695,,1
37.2,0,0.058337739813791124,0.00021218705907363638,2.9999457624472377,-0.37771032942119137,-0.7218522841558789,3.106903110438329,33.0,-0.08739983262760656,-0.27465887733465816,3.3625815483949415,3.000512941904278,3.211943765190152,3.3749119839261277,0.2114308232858737,15.244676913541122,0.8502675423440392,0.8435134967945,0.4778059153272889,0.3743983281350176,5.346865409440249,8,7.0,2.06983286953847,True,6.007891623900695,,1
37.300000000000004,0,0.05833786477859136,0.00021224897365753695,2.9999457874472593,-0.38584295978112537,-0.7424742696478545,3.095367508949155,33.0,-0.08739983262760656,-0.27465887733465816,3.3625815483949415,3.0005129693335952,3.2064689061582787,3.3749119839261277,0.2059559368246835,15.674429667035167,0.8706234402903914,0.865378454694067,0.4778059153272889,0.3743983281350176,5.346865409440249,8,7.0,2.06983286953847,True,6.007891623900695,,1
37.400000000000006,0,0.058337723809389556,0.00021230829182294407,2.9999456022995625,-0.3951174159384034,-0.7623899476917281,3.0948227263647246,33.0,-0.08739983262760656,-0.27465887733465816,3.3625815483949415,3.0005127814842845,3.211741569980814,3.3749119839261277,0.2112287884965296,16.053145427696435,0.8922922353499262,0.8872337711082079,0.4778059153272889,0.3743983281350176,5.346865409440249,8,7.0,2.06983286953847,True,6.007891623900695,,1
37.5,0,0.05833736033003616,0.00021235754510605764,2.9999452433066343,-0.4048567662689406,-0.7815480876899963,3.081012342933523,33.0,-0.08739983262760656,-0.27465887733465816,3.3625815483949415,3.000512415495744,3.2042726899991445,3.3749119839261277,0.2037602745034004,16.488453580414607,0.9122883684953406,0.9086793673513085,0.4778059153272889,0.3743983281350176,5.346865409440249,8,7.0,2.06983286953847,True,6.007891623900695,,1
37.6,0,0.05833684977108723,0.0002123909949303057,2.9999447934063803,-0.41386592016319823,-0.8000990014481355,3.0796621560419855,33.0,-0.08739983262760656,-0.27465887733465816,3.3625815483949415,3.000511955756417,3.2087010467396313,3.3749119839261277,0.20818909098321425,16.847824563127165,0.9326460414934206,0.9292328991204362,0.4778059153272889,0.3743983281350176,5.346865409440249,8,7.0,2.06983286953847,True,6.007891623900695,,1
37.7,0,0.05833623020324644,0.00021240559450939027,2.999944283963117,-0.4226819256060958,-0.819497917802911,3.0707193291677983,33.0,-0.08739983262760656,-0.27465887733465816,3.3625815483949415,3.000511434364722,3.206174363013047,3.3749119839261277,0.20566292864832514,17.25586793637181,0.9530543465753928,0.9504227903951611,0.4778059153272889,0.3743983281350176,5.346865409440249,8,7.0,2.06983286953847,True,6.007891623900695,,1
37.800000000000004,0,0.05833576355808516,0.00021239985868496598,2.999943923288555,-0.4320843966479381,-0.8364090463136657,3.0697909754246098,33.0,-0.08739983262760656,-0.27465887733465816,3.3625815483949415,3.000511064685403,3.2109023110926818,3.3749119839261277,0.21039124640727858,17.591213405939314,0.9722787606566924,0.9697666614871936,0.4778059153272889,0.3743983281350176,5.346865409440249,8,7.0,2.06983286953847,True,6.007891623900695,,1
37.900000000000006,0,0.058335363862531076,0.00021237686141496325,2.9999436444970846,-0.44279734431256157,-0.8571394233989683,3.0633444372207337,33.0,-0.08739983262760656,-0.27465887733465816,3.3625815483949415,3.000510778174169,3.21167193535177,3.3749119839261277,0.2111611571776013,18.022244666450792,0.9950908305931724,0.9930690311416537,0.4778059153272889,0.3743983281350176,5.346865409440249,8,7.0,2.06983286953847,True,6.007891623900695,,1
38.0,0,0.058335142010718155,0.00021234070184636322,2.9999435145228093,-0.45332639124262636,-0.8771035617404676,3.0623188847496534,33.0,-0.08739983262760656,-0.27465887733465816,3.3625815483949415,3.000510643908708,3.2175475795874777,3.3749119839261277,0.2170369356787698,18.410668759954714,1.0175320162531847,1.015618391567096,0.4778059153272889,0.3743983281350176,5.346865409440249,8,7.0,2.06983286953847,True,6.007891623900695,,1
38.1,0,0.05833511986741187,0.00021229725163385028,2.9999435533623204,-0.43971407253560213,-0.40676271061638086,3.068578029425598,33.0,-0.08739983262760656,-0.27465887733465816,3.3625815483949415,3.0005106823072993,3.1264957206123465,3.3749119839261277,0.12598503830504715,11.889659873426353,0.6468325489544768,0.6431808883062875,0.4778059153272889,0.3743983281350176,5.346865409440249,8,7.0,2.06983286953847,True,6.007891623900695,,1
38.2,0,0.058335285451041545,0.0002122531537585493,2.9999437449796758,-0.4503654659471327,-0.41569937028628523,3.0697074539341713,33.0,-0.08739983262760656,-0.27465887733465816,3.3625815483949415,3.0005108771045537,3.130293735755992,3.3749119839261277,0.12978285865143846,12.135471172749275,0.6607767460138768,0.6570836575243673,0.4778059153272889,0.3743983281350176,5.346865409440249,8,7.0,2.06983286953847,True,6.007891623900695,,1
38.300000000000004,0,0.05833559790156929,0.00021221477095869132,2.999944034099763,-0.46089816223926455,-0.42949471675010575,3.0637124902754564,33.0,-0.08739983262760656,-0.27465887733465816,3.3625815483949415,3.0005111722418905,3.1278150601884414,3.3749119839261277,0.1273038879465509,12.460249059313572,0.6769919945392775,0.6739820061895109,0.4778059153272889,0.3743983281350176,5.346865409440249,8,7.0,2.06983286953847,True,6.007891623900695,,1
38.400000000000006,0,0.05833599538734969,0.00021218730772391703,2.9999443739768124,-0.47118276781240315,-0.43795091959271504,3.0608136243259345,33.0,-0.08739983262760656,-0.27465887733465816,3.3625815483949415,3.000511519780655,3.127681929403104,3.3749119839261277,0.1271704096224493,12.709861882690655,0.6899870248543124,0.6872969000579309,0.4778059153272889,0.3743983281350176,5.346865409440249,8,7.0,2.06983286953847,True,6.007891623900695,,1
38.5,0,0.05833640729895099,0.0002121742966431924,2.999944705492086,-0.482231148769591,-0.45170514080484697,3.0539055027881488,33.0,-0.08739983262760656,-0.27465887733465816,3.3625815483949415,3.000511859240766,3.124567687702237,3.3749119839261277,0.12405582846147079,13.045937531745606,0.7066500619169878,0.7045867883819962,0.4778059153272889,0.3743983281350176,5.346865409440249,8,7.0,2.06983286953847,True,6.007891623900695,,1
38.6,0,0.05833676622196904,0.00021217708668777683,2.9999449752277343,-0.4919454756842517,-0.4631977684241028,3.0537537322745494,33.0,-0.08739983262760656,-0.27465887733465816,3.3625815483949415,3.0005121359038833,3.1276148070214806,3.3749119839261277,0.12710267111759732,13.311894632164968,0.7214254678693937,0.7194159598977843,0.4778059153272889,0.3743983281350176,5.346865409440249,8,7.0,2.06983286953847,True,6.007891623900695,,1
38.7,0,0.05833701830177421,0.00021219474847390308,2.9999451473412435,-0.5029241603743216,-0.47603674154746517,3.0454116297083877,33.0,-0.08739983262760656,-0.27465887733465816,3.3625815483949415,3.0005123128871225,3.1231515628855484,3.3749119839261277,0.1226392499984259,13.643406817977548,0.7374919396378076,0.7360890978759934,0.4778059153272889,0.3743983281350176,5.346865409440249,8,7.0,2.06983286953847,True,6.007891623900695,,1
38.800000000000004,0,0.05833713123326526,0.00021222442260647405,2.9999451969267232,-0.5131883448982126,-0.48817653806030803,3.042538827958783,33.0,-0.08739983262760656,-0.27465887733465816,3.3625815483949415,3.000512364660984,3.1238951853877426,3.3749119839261277,0.12338282072675844,13.935455083263575,0.7529801926952664,0.7517745361389312,0.4778059153272889,0.3743983281350176,5.346865409440249,8,7.0,2.06983286953847,True,6.007891623900695,,1
38.900000000000006,0,0.05833709747630704,0.00021226162296402414,2.999945127672717,-0.5239807442724245,-0.5033219043689282,3.0318863581469406,33.0,-0.08739983262760656,-0.27465887733465816,3.3625815483949415,3.000512294766384,3.1177273210631116,3.3749119839261277,0.11721502629672775,14.30272273122438,0.7704939761894695,0.7698316212913388,0.4778059153272889,0.3743983281350176,5.346865409440249,8,7.0,2.06983286953847,True,6.007891623900695,,1
39.0,0,0.05833693374311571,0.00021230111206747143,2.9999449595000915,-0.5349268906032484,-0.513553719277418,3.030337349643743,33.0,-0.08739983262760656,-0.27465887733465816,3.3625815483949415,3.0005121234449823,3.1197481714907687,3.3749119839261277,0.11923604804578636,14.576734486920246,0.7853923773271336,0.7848041086697513,0.4778059153272889,0.3743983281350176,5.346865409440249,8,7.0,2.06983286953847,True,6.007891623900695,,1
39.1,0,0.058336676433957235,0.0002123376400495876,2.999944726631436,-0.16357121572034497,-0.1442535441491223,3.0173498964413716,33.0,-0.08739983262760656,-0.27465887733465816,3.3625815483949415,3.0005118856202513,3.0252214836548035,3.3749119839261277,0.024709598034552194,5.026105812328592,0.2653609683762876,0.26478954586895687,0.4778059153272889,0.3743983281350176,5.346865409440249,8,7.0,2.06983286953847,True,6.007891623900695,,1
39.2,0,0.0583363741850785,0.0002123665475157342,2.999944472579835,0.5653278014064104,0.4305860859657678,3.0507829949208847,33.0,-0.08739983262760656,-0.27465887733465816,3.3625815483949415,3.0005116257423357,3.132455391951938,3.3749119839261277,0.13194376620960213,12.241794783025787,0.6669680659489214,0.6650277029130617,0.4778059153272889,0.3743983281350176,5.346865409440249,8,7.0,2.06983286953847,True,6.007891623900695,,1
39.300000000000004,0,0.05833607923123271,0.0002123845496237005,2.9999442390164304,0.5788322004162102,0.4393444840325649,3.043325132412016,33.0,-0.08739983262760656,-0.27465887733465816,3.3625815483949415,3.000511386489833,3.128881294242261,3.3749119839261277,0.12836990775242807,12.557371643926507,0.682374614765747,0.680994282622771,0.4778059153272889,0.3743983281350176,5.346865409440249,8,7.0,2.06983286953847,True,6.007891623900695,,1
39.400000000000006,0,0.05833583850614451,0.00021239004445945743,2.9999440643523347,0.5900584800668704,0.4444676761138862,3.0404551845243857,33.0,-0.08739983262760656,-0.27465887733465816,3.3625815483949415,3.000511207178962,3.1289116724685786,3.3749119839261277,0.12840046528961668,12.781170071138972,0.6940697930370827,0.6928865179442767,0.4778059153272889,0.3743983281350176,5.346865409440249,8,7.0,2.06983286953847,True,6.007891623900695,,1
39.5,0,0.05833568671226089,0.0002123832719891368,2.999943968245994,0.6027605817209051,0.4513105747365065,3.029362660415477,33.0,-0.08739983262760656,-0.27465887733465816,3.3625815483949415,3.00051110813914,3.121544438585659,3.3749119839261277,0.1210333304465192,13.081233598506898,0.7076393884576341,0.7070276123658337,0.4778059153272889,0.3743983281350176,5.346865409440249,8,7.0,2.06983286953847,True,6.007891623900695,,1
39.6,0,0.05833564145404807,0.00021236615043311659,2.999943961400196,0.612691301911031,0.4628779039854427,3.028559947229763,33.0,-0.08739983262760656,-0.27465887733465816,3.3625815483949415,3.0005111004135174,3.124391451050866,3.3749119839261277,0.1238803506373487,13.35247771473046,0.7226260947584543,0.7220592760853202,0.4778059153272889,0.3743983281350176,5.346865409440249,8,7.0,2.06983286953847,True,6.007891623900695,,1
39.7,0,0.05825529494180929,0.00021211474274036464,2.9954284048361575,0.6245238582238967,0.467130865497841,3.0197430304138653,33.0,-0.08739983262760656,-0.27465887733465816,3.3625815483949415,2.9959948352560133,3.1188281877533326,3.3749119839261277,0.1228333524973193,13.602398072645341,0.7343462443461173,0.7339435983563473,0.4778059153272889,0.3743983281350176,5.346865409440249,8,7.0,2.06983286953847,True,6.007891623900695,,1
39.800000000000004,0,0.0575805503867235,0.000210713756383781,2.9475959080162895,0.635474917515807,0.4719080556609446,2.9690175069249785,33.0,-0.08739983262760656,-0.27465887733465816,3.3625815483949415,2.9481582727420688,3.0727171266187896,3.3749119839261277,0.12455885387672083,14.042170421277772,0.7462701701255094,0.745962654507149,0.4778059153272889,0.3743983281350176,5.346865409440249,8,7.0,2.06983286953847,True,6.007891623900695,,1
39.900000000000006,0,0.05590422719687766,0.00020728585075033404,2.848420980845674,0.6440379673916533,0.4776088498109184,2.833284021185676,33.0,-0.08739983262760656,-0.27465887733465816,3.3625815483949415,2.848969534710355,2.9445531853858156,3.3749119839261277,0.0955836506754606,14.910198730529094,0.7576560414692531,0.7575048182203927,0.4778059153272889,0.3743983281350176,5.346865409440249,8,7.0,2.06983286953847,True,6.007891623900695,,1
40.0,0,0.03555874209806224,0.0001855251290056595,2.1254475095419187,0.6219696203451701,0.4718372916080686,2.1617371481393977,33.0,-0.08739983262760656,-0.27465887733465816,3.3625815483949415,2.1257449457489286,2.298387290260327,3.3749119839261277,0.17264234451139826,19.098370871571202,0.7534255403282402,0.752551066007726,0.4778059153272889,0.3743983281350176,5.346865409440249,8,7.0,2.06983286953847,True,6.007891623900695,,1
40.1,0,0.1714301988191226,0.0001321304253942571,2.2767897650214644,0.7632366219533796,0.49036707880099334,2.2485701079366898,33.0,-0.08739983262760656,-0.27465887733465816,3.3625815483949415,2.283234539996298,2.4246767915268714,3.3749119839261277,0.14144225153057333,18.486690344455983,0.769000322573256,0.7684823661423791,0.4778059153272889,0.3743983281350176,5.346865409440249,8,7.0,2.06983286953847,True,6.007891623900695,,1
40.2,0,0.35386746134550623,-2.731171054875072e-05,2.2146246663278295,0.9612440310940742,0.5063927069927046,2.181490168906856,33.0,-0.08739983262760656,-0.27465887733465816,3.3625815483949415,2.2427181262148603,2.437072632903387,3.3749119839261277,0.19435450668852683,18.889200928796384,0.7914956902866124,0.7908018290462792,0.4778059153272889,0.3743983281350176,5.346865409440249,8,7.0,2.06983286953847,True,6.007891623900695,,1
40.300000000000004,0,0.5524804766578953,-0.00019339469984762378,2.0812131625972614,1.1747342832995804,0.5260737401483527,2.0329278898789473,33.0,-0.08739983262760656,-0.27465887733465816,3.3625815483949415,2.1532958325919225,2.4061483790241875,3.3749119839261277,0.25285254643226507,19.635177090564458,0.8163873863937899,0.8149582180096114,0.4778059153272889,0.3743983281350176,5.346865409440249,8,7.0,2.06983286953847,True,6.007891623900695,,1
40.400000000000006,0,0.7556126335792105,-0.0002694396444835523,1.916821359510498,1.3880725027344039,0.5435270525698317,1.861251078189245,33.0,-0.08739983262760656,-0.27465887733465816,3.3625815483949415,2.0603773074118985,2.3846220886721707,3.3749119839261277,0.32424478126027223,20.01817375975841,0.8359474667719984,0.8340983821087283,0.4778059153272889,0.3743983281350176,5.346865409440249,8,7.0,2.06983286953847,True,6.007891623900695,,1
40.5,0,0.9579535549487446,-0.00018106753046487995,1.7350679171515146,1.6012832092644653,0.5612949460011699,1.6704513169754474,33.0,-0.08739983262760656,-0.27465887733465816,3.3625815483949415,1.9819525027994196,2.3810853691255525,3.3749119839261277,0.3991328663261329,20.08487458728951,0.8563315146084927,0.8538901322145381,0.4778059153272889,0.3743983281350176,5.346865409440249,8,7.0,2.06983286953847,True,6.007891623900695,,1
40.6,0,1.157802550685056,9.76421442753897e-05,1.5450330888109933,1.8104676641672153,0.5763872571663226,1.4736665349584575,33.0,-0.08739983262760656,-0.27465887733465816,3.3625815483949415,1.9307081606052348,2.4045183487499684,3.3749119839261277,0.47381018814473363,19.61270588055936,0.8735986811732983,0.8706787414074948,0.4778059153272889,0.3743983281350176,5.346865409440249,8,7.0,2.06983286953847,True,6.007891623900695,,1
40.7,0,1.3543969250965617,0.0005599607583221535,1.3511531442315374,2.016882066665533,0.5938316165540185,1.270310548299645,33.0,-0.08739983262760656,-0.27465887733465816,3.3625815483949415,1.9131142578094602,2.456448279279972,3.3749119839261277,0.5433340214705118,18.814020938749955,0.8929688380269685,0.8893018724652653,0.4778059153272889,0.3743983281350176,5.346865409440249,8,7.0,2.06983286953847,True,6.007891623900695,,1
40.800000000000004,0,1.5474236850157603,0.0011728995752340753,1.1557550042346132,2.2190284025540628,0.6110294799350143,1.0690547541804176,33.0,-0.08739983262760656,-0.27465887733465816,3.3625815483949415,1.931396144361513,2.5377789785808855,3.3749119839261277,0.6063828342193724,17.675749075019596,0.9113149173514543,0.9071813188265222,0.4778059153272889,0.3743983281350176,5.346865409440249,8,7.0,2.06983286953847,True,6.007891623900695,,1
40.900000000000006,0,1.7367667255185855,0.0018933810364605494,0.9600533485124843,2.4183649015464033,0.6271955295422885,0.8595506077976108,33.0,-0.08739983262760656,-0.27465887733465816,3.3625815483949415,1.984455763112479,2.6420995962822102,3.3749119839261277,0.6576438331697312,16.52609154550409,0.9304190729889696,0.9249750539827832,0.4778059153272889,0.3743983281350176,5.346865409440249,8,7.0,2.06983286953847,True,6.007891623900695,,1
41.0,0,1.9223994150729198,0.002678784516878077,0.7646678040851065,2.6133110677890072,0.6445566249150325,0.6582030531931936,33.0,-0.08739983262760656,-0.27465887733465816,3.3625815483949415,2.068899112466224,2.77093472297404,3.3749119839261277,0.7020356105078163,15.32795511602797,0.9490525891833134,0.9430620731707293,0.4778059153272889,0.3743983281350176,5.346865409440249,8,7.0,2.06983286953847,True,6.007891623900695,,1
41.1,1,2.1043405286374055,0.0034951267769522494,0.5699158221339311,2.8279187449829934,0.6650424754495871,0.3926629240827341,41.0,0.18980128388976525,-0.06901101087352196,1.2311475264294538,2.1801525911494672,2.931482576159631,1.2476022117731882,0.7513299850101638,14.871137214533142,0.996307643036629,0.9804133463522694,1.818567464998899,0.8312959323312106,60.28651558661489,8,7.0,1.8318513354769144,False,85.00164839138489,Mahalanobis gate,1
41.2,0,2.2826280056827577,0.004320337979081407,0.3759450953818692,3.016406107717165,0.6816501157113237,0.1946407196862301,41.0,0.18980128388976525,-0.06901101087352196,1.2311475264294538,2.313383667355932,3.0985864029719505,1.2476022117731882,0.7852027356160187,13.795010537904794,1.0149271931889554,0.99860198819551,1.818567464998899,0.8312959323312106,60.28651558661489,8,7.0,1.8318513354769144,False,85.00164839138489,Mahalanobis gate,1
41.300000000000004,0,2.4573160209637277,0.005144596920987999,0.18284182408834057,3.201669904219097,0.6999787103064422,-0.009921616180525283,41.0,0.18980128388976525,-0.06901101087352196,1.2311475264294538,2.4641143695856407,3.2773096907268657,1.2476022117731882,0.8131953211412251,12.980599551057754,1.0363468977836459,1.0182618271552253,1.818567464998899,0.8312959323312106,60.28651558661489,8,7.0,1.8318513354769144,False,85.00164839138489,Mahalanobis gate,1
41.400000000000006,0,2.6284550306000742,0.005967526412317951,-0.009383845792915098,3.3822496131098734,0.7173549937171279,-0.20933237540644123,41.0,0.18980128388976525,-0.06901101087352196,1.2311475264294538,2.628478555328193,3.4638173560085543,1.2476022117731882,0.8353388006803613,12.27762605212314,1.0555841111697757,1.0364740234368994,1.818567464998899,0.8312959323312106,60.28651558661489,8,7.0,1.8318513354769144,False,85.00164839138489,Mahalanobis gate,1
41.5,0,2.796107657378866,0.006795486281070746,-0.2007056717792519,3.558912781765127,0.7337345771807948,-0.3971916392853893,41.0,0.18980128388976525,-0.06901101087352196,1.2311475264294538,2.803310003722544,3.6554052875543213,1.2476022117731882,0.8520952838317775,11.659053348347294,1.0718763152038016,1.0537134808229685,1.818567464998899,0.8312959323312106,60.28651558661489,8,7.0,1.8318513354769144,False,85.00164839138489,Mahalanobis gate,1
41.6,0,2.9603273071175655,0.007638603229042643,-0.39114575224586484,3.7333092805576533,0.7480883341233551,-0.5929552364152822,41.0,0.18980128388976525,-0.06901101087352196,1.2311475264294538,2.986066160188888,3.853417996057742,1.2476022117731882,0.8673518358688539,11.147497133563713,1.089263055072336,1.0704050332676842,1.818567464998899,0.8312959323312106,60.28651558661489,8,7.0,1.8318513354769144,False,85.00164839138489,Mahalanobis gate,1
41.7,0,3.1211744154051138,0.008508267096637765,-0.5807048008651149,3.905474939599913,0.7641470899754904,-0.7921470355413525,41.0,0.18980128388976525,-0.06901101087352196,1.2311475264294538,3.174747263600086,4.057604244486876,1.2476022117731882,0.8828569808867894,10.740999243208332,1.1094255998032747,1.089090144521552,1.818567464998899,0.8312959323312106,60.28651558661489,8,7.0,1.8318513354769144,False,85.00164839138489,Mahalanobis gate,1
41.800000000000004,0,3.288452943328776,0.009465475586789063,-0.7300741249846096,4.0828866624495825,0.7804671658951969,-0.9416298505794148,41.0,0.18980128388976525,-0.06901101087352196,1.2311475264294538,3.3685338923169255,4.262130836911437,1.2476022117731882,0.8935969445945116,10.400837119737556,1.1270866717189425,1.1070539916980286,1.818567464998899,0.8312959323312106,60.28651558661489,8,7.0,1.8318513354769144,False,85.00164839138489,Mahalanobis gate,1
41.900000000000006,0,3.460816040062905,0.010609008199587773,-0.8203473923242204,4.26668128622759,0.800988319386518,-1.038325792994752,41.0,0.18980128388976525,-0.06901101087352196,1.2311475264294538,3.5567302481780665,4.463661270575596,1.2476022117731882,0.9069310223975293,10.17231423711174,1.1496229093434414,1.128768466306707,1.818567464998899,0.8312959323312106,60.28651558661489,8,7.0,1.8318513354769144,False,85.00164839138489,Mahalanobis gate,1
42.0,0,3.6278316553344645,0.01201104196973517,-0.8690900437728161,4.444663756535995,0.8211559367533764,-1.0924049731129453,41.0,0.18980128388976525,-0.06901101087352196,1.2311475264294538,3.730499201013322,4.650019527530167,1.2476022117731882,0.9195203265168446,9.992440829901927,1.1712385324834238,1.1497522090901748,1.818567464998899,0.8312959323312106,60.28651558661489,8,7.0,1.8318513354769144,False,85.00164839138489,Mahalanobis gate,1
42.1,0,3.7883001646028704,0.013706910867358566,-0.8764575095712651,4.573596505275184,0.7433455980333484,-1.0730322177742333,41.0,0.18980128388976525,-0.06901101087352196,1.2311475264294538,3.8883908988962936,4.7562323126149355,1.2476022117731882,0.8678414137186419,8.791339609773917,1.089818596091899,1.0719435416488292,1.818567464998899,0.8312959323312106,60.28651558661489,8,7.0,1.8318513354769144,False,85.00164839138489,Mahalanobis gate,1
42.2,0,3.9418249500187605,0.015660090051574437,-0.8504306674061108,4.774558242851961,0.5843896865492976,-1.0568850807699743,41.0,0.18980128388976525,-0.06901101087352196,1.2311475264294538,4.032550247061483,4.924928811067724,1.2476022117731882,0.8923785640062407,6.59934685804074,1.0293306153625783,1.0084136507035628,1.818567464998899,0.8312959323312106,60.28651558661489,8,7.0,1.8318513354769144,False,85.00164839138489,Mahalanobis gate,1
42.300000000000004,0,4.089066617406305,0.017782782686790996,-0.7993444882843562,4.9362076469483425,0.5930158603563751,-1.0115344302729854,41.0,0.18980128388976525,-0.06901101087352196,1.2311475264294538,4.166501366842126,5.0735604508129395,1.2476022117731882,0.9070590839708137,6.488501588228792,1.0457368641584286,1.0239829185971638,1.818567464998899,0.8312959323312106,60.28651558661489,8,7.0,1.8318513354769144,False,85.00164839138489,Mahalanobis gate,1
42.400000000000006,0,4.230645555620012,0.01996572891037868,-0.7328027933155434,5.092432941830333,0.6017217417127957,-0.9482280583255761,41.0,0.18980128388976525,-0.06901101087352196,1.2311475264294538,4.293688435542261,5.2147942214515535,1.2476022117731882,0.9211057859092922,6.400096508065085,1.0618500846483114,1.0397680306024912,1.818567464998899,0.8312959323312106,60.28651558661489,8,7.0,1.8318513354769144,False,85.00164839138489,Mahalanobis gate,1
42.5,0,4.367145035492279,0.022094354249725535,-0.6598097830076569,5.2424684412749345,0.608947824214106,-0.8757815867699351,41.0,0.18980128388976525,-0.06901101087352196,1.2311475264294538,4.416762713941874,5.349886559367778,1.2476022117731882,0.9331238454259037,6.312322869674074,1.0757471263919385,1.0538444192195455,1.818567464998899,0.8312959323312106,60.28651558661489,8,7.0,1.8318513354769144,False,85.00164839138489,Mahalanobis gate,1
42.6,0,4.499544688228132,0.024071204881727332,-0.585593277562923,5.388399082370605,0.6135807297730236,-0.8060306399134922,41.0,0.18980128388976525,-0.06901101087352196,1.2311475264294538,4.537554551847651,5.482792297298935,1.2476022117731882,0.9452377454512835,6.217798853821192,1.0891171859097724,1.0665756484769122,1.818567464998899,0.8312959323312106,60.28651558661489,8,7.0,1.8318513354769144,False,85.00164839138489,Mahalanobis gate,1
42.7,0,4.628497229768178,0.025829161618828644,-0.5146260841012962,5.53327582169051,0.6183661227609787,-0.744567953599196,41.0,0.18980128388976525,-0.06901101087352196,1.2311475264294538,4.6570906967761605,5.617285769676502,1.2476022117731882,0.9601950729003415,6.144991982662264,1.1057113611014044,1.0815379562089031,1.818567464998899,0.8312959323312106,60.28651558661489,8,7.0,1.8318513354769144,False,85.00164839138489,Mahalanobis gate,1
42.800000000000004,0,4.754653014361164,0.027333060376938775,-0.4491388416683583,5.6737870711469025,0.6263203355068153,-0.6823999952193407,41.0,0.18980128388976525,-0.06901101087352196,1.2311475264294538,4.775897620579661,5.748896124027505,1.2476022117731882,0.9729985034478439,6.1035481307793935,1.121607745990932,1.097083939409799,1.818567464998899,0.8312959323312106,60.28651558661489,8,7.0,1.8318513354769144,False,85.00164839138489,Mahalanobis gate,1
42.900000000000006,0,4.8783720878207335,0.02858136868819144,-0.39072009890404524,5.811430917570513,0.6329502569571257,-0.6233558008936527,41.0,0.18980128388976525,-0.06901101087352196,1.2311475264294538,4.894077371430912,5.878939342431109,1.2476022117731882,0.9848619710001971,6.045502189213199,1.1357728217921284,1.1116926431714191,1.818567464998899,0.8312959323312106,60.28651558661489,8,7.0,1.8318513354769144,False,85.00164839138489,Mahalanobis gate,1
43.0,0,5.000059635183723,0.029598288421634988,-0.3392887721062788,5.948092766373525,0.6391966615937489,-0.573631979790121,41.0,0.18980128388976525,-0.06901101087352196,1.2311475264294538,5.011645367037502,6.009778163777393,1.2476022117731882,0.998132796739891,5.991221060017909,1.1512140258853607,1.1271100187681893,1.818567464998899,0.8312959323312106,60.28651558661489,8,7.0,1.8318513354769144,False,85.00164839138489,Mahalanobis gate,1
43.1,0,5.119898584912027,0.030426946198995497,-0.2945907344673128,6.078589767929601,0.2972681057614399,-0.4486743375773165,41.0,0.18980128388976525,-0.06901101087352196,1.2311475264294538,5.128456982336224,6.10237089619124,1.2476022117731882,0.9739139138550161,2.6219604489204515,1.0069929223086058,0.9951346586428715,1.818567464998899,0.8312959323312106,60.28651558661489,8,7.0,1.8318513354769144,False,85.00164839138489,Mahalanobis gate,1
43.2,0,5.237898047395825,0.03112360883333753,-0.25673686211379004,6.212100213777071,0.2979005224687352,-0.41395708130753833,41.0,0.18980128388976525,-0.06901101087352196,1.2311475264294538,5.244278639651773,6.233000421342913,1.2476022117731882,0.9887217816911402,2.6017002097212747,1.0222318621301485,1.010069196951744,1.818567464998899,0.8312959323312106,60.28651558661489,8,7.0,1.8318513354769144,False,85.00164839138489,Mahalanobis gate,1
43.300000000000004,0,5.354255052675274,0.0317427983079251,-0.22444303407148072,6.343866464324496,0.2943927785410855,-0.3894832522333214,41.0,0.18980128388976525,-0.06901101087352196,1.2311475264294538,5.359051170672504,6.3626257181299275,1.2476022117731882,1.0035745474574238,2.566255853321071,1.0370892111066212,1.023872920914918,1.818567464998899,0.8312959323312106,60.28651558661489,8,7.0,1.8318513354769144,False,85.00164839138489,Mahalanobis gate,1
43.400000000000006,0,5.469002312042486,0.03233638735347426,-0.1967979766565954,6.574078836246778,-0.5364945661818555,-0.33845682769415,41.0,0.18980128388976525,-0.06901101087352196,1.2311475264294538,5.472637515374946,6.60461141846689,1.2476022117731882,1.1319739030919438,5.075659312671164,1.2509316560566495,1.2428848611385335,1.818567464998899,0.8312959323312106,60.28651558661489,8,7.0,1.8318513354769144,False,85.00164839138489,Mahalanobis gate,1
43.5,0,5.582084816499905,0.03294911063635666,-0.1732479339375117,6.705593905554209,-0.5627982869646858,-0.3167525662486433,41.0,0.18980128388976525,-0.06901101087352196,1.2311475264294538,5.584869863220102,6.736621091188166,1.2476022117731882,1.151751227968064,5.213144517362645,1.279758264060365,1.2716869248899456,1.818567464998899,0.8312959323312106,60.28651558661489,8,7.0,1.8318513354769144,False,85.00164839138489,Mahalanobis gate,1
43.6,0,5.693526384629093,0.033612833562780026,-0.1528989911699725,6.834140194668277,-0.5898379622259791,-0.30207593002239824,41.0,0.18980128388976525,-0.06901101087352196,1.2311475264294538,5.695678240258007,6.8661947896605975,1.2476022117731882,1.1705165494025902,5.358691367538773,1.3084129766656702,1.299881055489978,1.818567464998899,0.8312959323312106,60.28651558661489,8,7.0,1.8318513354769144,False,85.00164839138489,Mahalanobis gate,1
43.7,0,5.803276127333234,0.034346801407920326,-0.1352626707958487,6.961372074588359,-0.6164009350838646,-0.2869453932023998,41.0,0.18980128388976525,-0.06901101087352196,1.2311475264294538,5.804953876040154,6.994497046415202,1.2476022117731882,1.1895431703750488,5.491156787236323,1.3370364571972562,1.3284046219423988,1.818567464998899,0.8312959323312106,60.28651558661489,8,7.0,1.8318513354769144,False,85.00164839138489,Mahalanobis gate,1
43.800000000000004,0,5.911343966522257,0.03515721903201757,-0.11970720010240005,7.089029615756932,-0.6412337961354899,-0.2762932668981816,41.0,0.18980128388976525,-0.06901101087352196,1.2311475264294538,5.912660427789297,7.123332060469908,1.2476022117731882,1.2106716326806106,5.608486548616806,1.3671018579927394,1.358104669682211,1.818567464998899,0.8312959323312106,60.28651558661489,8,7.0,1.8318513354769144,False,85.00164839138489,Mahalanobis gate,1
43.900000000000006,0,6.017684633852002,0.03604079990460659,-0.10596745953531853,7.213905870839734,-0.6669097905044109,-0.26762240453810016,41.0,0.18980128388976525,-0.06901101087352196,1.2311475264294538,6.018725479222045,7.249608840028363,1.2476022117731882,1.2308833608063177,5.73071354113229,1.3968597286845585,1.3874742449418103,1.818567464998899,0.8312959323312106,60.28651558661489,8,7.0,1.8318513354769144,False,85.00164839138489,Mahalanobis gate,1
44.0,0,6.122315638640257,0.036986232523527916,-0.09362414943222835,7.3368704491456365,-0.6910487902603806,-0.26006287054329147,41.0,0.18980128388976525,-0.06901101087352196,1.2311475264294538,6.123143166862281,7.373930370887837,1.2476022117731882,1.2507872040255563,5.838316519230773,1.425791089187617,1.416043213366642,1.818567464998899,0.8312959323312106,60.28651558661489,8,7.0,1.8318513354769144,False,85.00164839138489,Mahalanobis gate,1
44.1,0,6.225217829451463,0.03797724935957992,-0.08252134269657849,7.342166457004922,-0.8147340023237867,-0.23541169841090515,41.0,0.18980128388976525,-0.06901101087352196,1.2311475264294538,6.2258805857155455,7.390982238150721,1.2476022117731882,1.1651016524351752,6.764229443223185,1.413529687064061,1.4052368894036937,1.818567464998899,0.8312959323312106,60.28651558661489,8,7.0,1.8318513354769144,False,85.00164839138489,Mahalanobis gate,1
44.2,0,6.3264010449716785,0.03899657324838603,-0.07247449945869017,7.460255910518836,-0.8436187758572977,-0.22914334281783383,41.0,0.18980128388976525,-0.06901101087352196,1.2311475264294538,6.326936341359509,7.511299325747039,1.2476022117731882,1.1843629843875298,6.890324335700497,1.445400234219368,1.4368843762119177,1.818567464998899,0.8312959323312106,60.28651558661489,8,7.0,1.8318513354769144,False,85.00164839138489,Mahalanobis gate,1
44.300000000000004,0,6.425882386858573,0.040026388152698586,-0.0633348962261802,7.575143467022601,-0.8692818826504731,-0.22284527806584883,41.0,0.18980128388976525,-0.06901101087352196,1.2311475264294538,6.4263191541167455,7.628113105836579,1.2476022117731882,1.201793951719834,6.9903636592623295,1.474139112718158,1.4654837296029055,1.818567464998899,0.8312959323312106,60.28651558661489,8,7.0,1.8318513354769144,False,85.00164839138489,Mahalanobis gate,1
44.400000000000006,0,6.5236771996353005,0.041051680471709685,-0.05501226769744801,7.688271913521666,-0.8975626245690598,-0.21794288974657394,41.0,0.18980128388976525,-0.06901101087352196,1.2311475264294538,6.524038304233677,7.743554919057556,1.2476022117731882,1.2195166148238785,7.108408292134807,1.5046009600025338,1.4957532086675367,1.818567464998899,0.8312959323312106,60.28651558661489,8,7.0,1.8318513354769144,False,85.00164839138489,Mahalanobis gate,1
44.5,0,6.619798320499741,0.04206121196880148,-0.04746156878977595,7.9482954248100075,-0.8445477639428292,-0.28774916504322884,41.0,0.18980128388976525,-0.06901101087352196,1.2311475264294538,6.620102080040418,7.998216092830926,1.2476022117731882,1.3781140127905083,6.636189855975936,1.6151526742822477,1.5971787728140623,1.818567464998899,0.8312959323312106,60.28651558661489,8,7.0,1.8318513354769144,False,85.00164839138489,Mahalanobis gate,1
44.6,0,6.714278690111318,0.04304711669883506,-0.0405741611587114,8.05977842868415,-0.865319900153584,-0.2837214339928831,41.0,0.18980128388976525,-0.06901101087352196,1.2311475264294538,6.714539272749305,8.111060639718527,1.2476022117731882,1.396521366969222,6.702110576904284,1.6415300119375267,1.6234223676557253,1.818567464998899,0.8312959323312106,60.28651558661489,8,7.0,1.8318513354769144,False,85.00164839138489,Mahalanobis gate,1
44.7,0,6.807133679059238,0.044005886245105805,-0.0343387781218456,8.171563926221365,-0.8877853170351636,-0.28555170762683363,41.0,0.18980128388976525,-0.06901101087352196,1.2311475264294538,6.807362528489993,8.22460695396407,1.2476022117731882,1.4172444254740775,6.7858901829535565,1.6712308882473048,1.6522423387267975,1.818567464998899,0.8312959323312106,60.28651558661489,8,7.0,1.8318513354769144,False,85.00164839138489,Mahalanobis gate,1
44.800000000000004,0,6.898390574370169,0.04493698487792283,-0.0287003842559648,8.279931564856751,-0.9121890265031242,-0.2866555693481882,41.0,0.18980128388976525,-0.06901101087352196,1.2311475264294538,6.8985966370868175,8.33495812552302,1.2476022117731882,1.4363614884362024,6.880287925266957,1.70037836600352,1.6806979829989794,1.818567464998899,0.8312959323312106,60.28651558661489,8,7.0,1.8318513354769144,False,85.00164839138489,Mahalanobis gate,1
44.900000000000006,0,6.988078594490385,0.04584165874555085,-0.023598271774464594,8.389609258084647,-0.9361227016206994,-0.2885807488569613,41.0,0.18980128388976525,-0.06901101087352196,1.2311475264294538,6.988268796982697,8.446605712618537,1.2476022117731882,1.4583369156358392,6.96827821879992,1.7316922126016645,1.7112983977157439,1.818567464998899,0.8312959323312106,60.28651558661489,8,7.0,1.8318513354769144,False,85.00164839138489,Mahalanobis gate,1
45.0,0,7.076217939925442,0.0467235369468222,-0.01901061967857579,8.495643397502024,-0.9602103730573334,-0.288789508699694,41.0,0.18980128388976525,-0.06901101087352196,1.2311475264294538,7.076397729486949,8.55461045743064,1.2476022117731882,1.4782127279436903,7.053780410887258,1.7610977195187705,1.7403116182835605,1.818567464998899,0.8312959323312106,60.28651558661489,8,7.0,1.8318513354769144,False,85.00164839138489,Mahalanobis gate,1
45.1,0,7.162834965217127,0.047587568347898235,-0.01489130061408962,8.172506637898866,-0.9637526894852662,-0.22749088925589975,41.0,0.18980128388976525,-0.06901101087352196,1.2311475264294538,7.163008520617038,8.232280127503289,1.2476022117731882,1.0692716068862511,7.25461919681217,1.4447991517234013,1.4290717279863854,1.818567464998899,0.8312959323312106,60.28651558661489,8,7.0,1.8318513354769144,False,85.00164839138489,Mahalanobis gate,1
45.2,0,7.2479560697947445,0.048437399815699465,-0.011193751572485585,8.266226444818882,-0.9859896258815637,-0.2295366106243688,41.0,0.18980128388976525,-0.06901101087352196,1.2311475264294538,7.248126562874689,8.327986685567287,1.2476022117731882,1.0798601226925983,7.337068206323857,1.4678512977286338,1.4515212117446592,1.818567464998899,0.8312959323312106,60.28651558661489,8,7.0,1.8318513354769144,False,85.00164839138489,Mahalanobis gate,1
45.300000000000004,0,7.331602476421856,0.04927698627758488,-0.007893397812531889,8.362704062481615,-1.007420556831197,-0.2300574079952981,41.0,0.18980128388976525,-0.06901101087352196,1.2311475264294538,7.331772323209493,8.426306535246988,1.2476022117731882,1.0945342120374955,7.407286033552933,1.4930294792158578,1.4764078631553976,1.818567464998899,0.8312959323312106,60.28651558661489,8,7.0,1.8318513354769144,False,85.00164839138489,Mahalanobis gate,1
45.400000000000006,0,7.413800291966977,0.050108012025700095,-0.004942192364869693,8.4542692088374,-1.028508972701007,-0.23124733040593334,41.0,0.18980128388976525,-0.06901101087352196,1.2311475264294538,7.413971271006125,8.519740247815218,1.2476022117731882,1.1057689768090926,7.4781005720613525,1.515653054698941,1.4986627928638405,1.818567464998899,0.8312959323312106,60.28651558661489,8,7.0,1.8318513354769144,False,85.00164839138489,Mahalanobis gate,1
45.5,0,7.502665592441954,0.05099361229029241,0.0421145121818823,8.554365709426362,-1.0478655839726347,-0.18744433503880173,41.0,0.18980128388976525,-0.06901101087352196,1.2311475264294538,7.502957081887321,8.620343981038229,1.2476022117731882,1.1173868991509073,7.537400275758595,1.5382658852142281,1.5210406533937952,1.818567464998899,0.8312959323312106,60.28651558661489,8,7.0,1.8318513354769144,False,85.00164839138489,Mahalanobis gate,1
45.6,0,7.581140829045642,0.05186917193964386,0.09238753425611587,8.680143299230267,-1.0373536126285252,-0.16672846335626187,41.0,0.18980128388976525,-0.06901101087352196,1.2311475264294538,7.581881174042922,8.743499790890299,1.2476022117731882,1.1616186168473766,7.425866052903368,1.5688702317632899,1.5473243693209067,1.818567464998899,0.8312959323312106,60.28651558661489,8,7.0,1.8318513354769144,False,85.00164839138489,Mahalanobis gate,1
45.7,0,7.639588146795537,0.05283331132414523,0.1402799388056842,8.744473246143306,-1.0540039852636478,-0.11896688238577413,41.0,0.18980128388976525,-0.06901101087352196,1.2311475264294538,7.6410586225127,8.808569116069435,1.2476022117731882,1.167510493556735,7.494618122786615,1.585266160042653,1.563924513484747,1.818567464998899,0.8312959323312106,60.28651558661489,8,7.0,1.8318513354769144,False,85.00164839138489,Mahalanobis gate,1
45.800000000000004,0,7.677667855393309,0.05396960957297778,0.19293932791497015,8.79263323029745,-1.068041802536174,-0.06920806936264175,41.0,0.18980128388976525,-0.06901101087352196,1.2311475264294538,7.680281375102961,8.857533639301666,1.2476022117731882,1.1772522641987049,7.567040892653855,1.6033647913178501,1.5817893020684857,1.818567464998899,0.8312959323312106,60.28651558661489,8,7.0,1.8318513354769144,False,85.00164839138489,Mahalanobis gate,1
45.900000000000006,0,7.6977247573744485,0.05527718409500752,0.25012838663325987,8.83164168311636,-1.0845870674310696,-0.019133150953595766,41.0,0.18980128388976525,-0.06901101087352196,1.2311475264294538,7.70198586191748,8.898010451964106,1.2476022117731882,1.1960245900466262,7.672496360915516,1.6302024052290953,1.6078115892078555,1.818567464998899,0.8312959323312106,60.28651558661489,8,7.0,1.8318513354769144,False,85.00164839138489,Mahalanobis gate,1
46.0,0,7.703638383094476,0.056675440572456715,0.3084030714303066,8.847408397217375,-1.0949345546700306,0.03614611702307984,41.0,0.18980128388976525,-0.06901101087352196,1.2311475264294538,7.710017438211032,8.91497748555423,1.2476022117731882,1.2049600473431985,7.752942447359942,1.6457640400653424,1.623088237388559,1.818567464998899,0.8312959323312106,60.28651558661489,8,7.0,1.8318513354769144,False,85.00164839138489,Mahalanobis gate,1
46.1,0,7.69972643719373,0.058020285653053616,0.3625115376621902,8.429478227930401,-0.6738174483371304,0.145029631970765,41.0,0.18980128388976525,-0.06901101087352196,1.2311475264294538,7.708473790323577,8.457609990002245,1.2476022117731882,0.7491361996786683,5.284557928252151,1.056135656191211,1.033500916775242,1.818567464998899,0.8312959323312106,60.28651558661489,8,7.0,1.8318513354769144,False,85.00164839138489,Mahalanobis gate,1
46.2,0,7.690114272400345,0.059154129137552455,0.40705879409906404,8.422813288528902,-0.6856445388062637,0.1904147609815022,41.0,0.18980128388976525,-0.06901101087352196,1.2311475264294538,7.70110729670889,8.452819050956524,1.2476022117731882,0.7517117542476344,5.379570977187909,1.0670086883864072,1.0447836637345733,1.818567464998899,0.8312959323312106,60.28651558661489,8,7.0,1.8318513354769144,False,85.00164839138489,Mahalanobis gate,1
46.300000000000004,0,7.677151985221085,0.05999224040036613,0.44103341079071884,8.405536711624752,-0.6951074185506666,0.23006317182691344,41.0,0.18980128388976525,-0.06901101087352196,1.2311475264294538,7.690043702250723,8.437366342457027,1.2476022117731882,0.7473226402063045,5.450550019911423,1.0701533751451493,1.0491519454331244,1.818567464998899,0.8312959323312106,60.28651558661489,8,7.0,1.8318513354769144,False,85.00164839138489,Mahalanobis gate,1
46.400000000000006,0,7.666999042707961,0.06027528786472039,0.4557114219169732,8.395550984532376,-0.7060047669740394,0.2457230693697813,41.0,0.18980128388976525,-0.06901101087352196,1.2311475264294538,7.680766910359769,8.428766154763881,1.2476022117731882,0.7479992444041121,5.529794131960608,1.077992654235316,1.0573424489633516,1.818567464998899,0.8312959323312106,60.28651558661489,8,7.0,1.8318513354769144,False,85.00164839138489,Mahalanobis gate,1
46.5,0,7.657652465569524,0.06014323859007882,0.45856027839522173,8.386543398252163,-0.7169131187367189,0.247982323504403,41.0,0.18980128388976525,-0.06901101087352196,1.2311475264294538,7.671605830692361,8.420782019703063,1.2476022117731882,0.7491761890107025,5.607030296047537,1.0860210169674247,1.0654100497972412,1.818567464998899,0.8312959323312106,60.28651558661489,8,7.0,1.8318513354769144,False,85.00164839138489,Mahalanobis gate,1
46.6,0,7.6509353501717845,0.05958085823230603,0.44912955799799115,8.381804543478015,-0.7298053080690727,0.2366982361341959,41.0,0.18980128388976525,-0.06901101087352196,1.2311475264294538,7.664338130004666,8.416845563971311,1.2476022117731882,0.7525074339666453,5.692098276286607,1.096552490207782,1.0757789258356423,1.818567464998899,0.8312959323312106,60.28651558661489,8,7.0,1.8318513354769144,False,85.00164839138489,Mahalanobis gate,1
46.7,0,7.646710877749628,0.05868612143689492,0.4299597582268601,8.378781312086119,-0.743569765662407,0.21731240057516715,41.0,0.18980128388976525,-0.06901101087352196,1.2311475264294538,7.65901408161901,8.414517036147386,1.2476022117731882,0.7555029545283753,5.774125795708845,1.1066889933180653,1.0860670463719566,1.818567464998899,0.8312959323312106,60.28651558661489,8,7.0,1.8318513354769144,False,85.00164839138489,Mahalanobis gate,1
46.800000000000004,0,7.6443600553612585,0.057592335469910785,0.40387840228499783,8.378921750551338,-0.7567056631564869,0.18947130243671403,41.0,0.18980128388976525,-0.06901101087352196,1.2311475264294538,7.65523842195264,8.415154932439597,1.2476022117731882,0.7599165104869572,5.850779979452247,1.1174222653378771,1.0966595253803622,1.818567464998899,0.8312959323312106,60.28651558661489,8,7.0,1.8318513354769144,False,85.00164839138489,Mahalanobis gate,1
46.900000000000006,0,7.643097837732897,0.05644088721311923,0.3737820445627335,8.377558467503473,-0.768391049218815,0.15452071592516886,41.0,0.18980128388976525,-0.06901101087352196,1.2311475264294538,7.652440339378295,8.414142103186085,1.2476022117731882,0.7617017638077908,5.923794573826821,1.1259909725557107,1.104436571307309,1.818567464998899,0.8312959323312106,60.28651558661489,8,7.0,1.8318513354769144,False,85.00164839138489,Mahalanobis gate,1
47.0,0,7.64217992518411,0.055357363806604436,0.34210759109487376,8.378879340759825,-0.7795315974876379,0.12087831080697482,41.0,0.18980128388976525,-0.06901101087352196,1.2311475264294538,7.650033728716454,8.415931326033798,1.2476022117731882,0.7658975973173439,5.9860402456575255,1.1352127558556064,1.113447621848724,1.818567464998899,0.8312959323312106,60.28651558661489,8,7.0,1.8318513354769144,False,85.00164839138489,Mahalanobis gate,1
47.1,0,7.641025513757075,0.054432596627869034,0.31041940436594,7.8366000933637086,-0.9352326089206238,0.15947356396235957,41.0,0.18980128388976525,-0.06901101087352196,1.2311475264294538,7.647522083398591,7.893819916472596,1.2476022117731882,0.24629783307400555,7.304381226068066,1.020034941556805,1.0088045575143145,1.818567464998899,0.8312959323312106,60.28651558661489,8,7.0,1.8318513354769144,False,85.00164839138489,Mahalanobis gate,1
47.2,0,7.639359671527952,0.05372130741714046,0.28050670911470116,7.828450541783232,-0.94867018140905,0.12877400453036372,41.0,0.18980128388976525,-0.06901101087352196,1.2311475264294538,7.644696605078361,7.886773468439653,1.2476022117731882,0.24207686336129175,7.402365379093956,1.0312937834223395,1.0200706123034256,1.818567464998899,0.8312959323312106,60.28651558661489,8,7.0,1.8318513354769144,False,85.00164839138489,Mahalanobis gate,1
47.300000000000004,0,7.637061554135064,0.05323353624261741,0.2525713106065717,7.816444060812911,-0.9586998348883433,0.09687429513523943,41.0,0.18980128388976525,-0.06901101087352196,1.2311475264294538,7.641422332129687,7.875613484566793,1.2476022117731882,0.23419115243710653,7.484928662404026,1.0394367666852944,1.0277097018664847,1.818567464998899,0.8312959323312106,60.28651558661489,8,7.0,1.8318513354769144,False,85.00164839138489,Mahalanobis gate,1
47.400000000000006,0,7.6342048847135295,0.05294646604020099,0.22686458636303788,7.8049550538295005,-0.9720119043393536,0.06843575134657356,41.0,0.18980128388976525,-0.06901101087352196,1.2311475264294538,7.63775851219425,7.86554600689224,1.2476022117731882,0.22778749469798942,7.5908092006068735,1.0510922780750123,1.0390838663285293,1.818567464998899,0.8312959323312106,60.28651558661489,8,7.0,1.8318513354769144,False,85.00164839138489,Mahalanobis gate,1
47.5,0,7.6309781492661815,0.05281783852904303,0.20352843843664023,7.7890801229614794,-0.9847684366800507,0.045524907613505194,41.0,0.18980128388976525,-0.06901101087352196,1.2311475264294538,7.63387457742772,7.8512171383173515,1.2476022117731882,0.2173425608896311,7.6945087606822105,1.0613890089600546,1.0495625339105001,1.818567464998899,0.8312959323312106,60.28651558661489,8,7.0,1.8318513354769144,False,85.00164839138489,Mahalanobis gate,1
47.6,0,7.6275775237103725,0.05279088869123398,0.18219473064509278,7.775548220787294,-0.9971914048408694,0.022817447144726468,41.0,0.18980128388976525,-0.06901101087352196,1.2311475264294538,7.629935823977506,7.8392640896688235,1.2476022117731882,0.20932826569131713,7.79696644368281,1.0722682791262281,1.0603575547542283,1.818567464998899,0.8312959323312106,60.28651558661489,8,7.0,1.8318513354769144,False,85.00164839138489,Mahalanobis gate,1
47.7,0,7.624194588392204,0.05280872164186089,0.16256978664020127,7.766088114218343,-1.0080803327965602,-0.002292052919414612,41.0,0.18980128388976525,-0.06901101087352196,1.2311475264294538,7.6261104645998055,7.831242290255182,1.2476022117731882,0.2051318256553767,7.889989781244422,1.0829583485257412,1.0703360960458264,1.818567464998899,0.8312959323312106,60.28651558661489,8,7.0,1.8318513354769144,False,85.00164839138489,Mahalanobis gate,1
47.800000000000004,0,7.62098333539051,0.05282264932906361,0.14446452755446754,7.752402055506563,-1.0193553960175905,-0.02407383708480357,41.0,0.18980128388976525,-0.06901101087352196,1.2311475264294538,7.622535485670338,7.819168920239832,1.2476022117731882,0.19663343456949445,7.987882660404212,1.0932711563356974,1.0802021296592195,1.818567464998899,0.8312959323312106,60.28651558661489,8,7.0,1.8318513354769144,False,85.00164839138489,Mahalanobis gate,1
47.900000000000006,0,7.618039584521278,0.05279584114834279,0.12766362536879988,7.737298871870772,-1.028113933797614,-0.04132935798380865,41.0,0.18980128388976525,-0.06901101087352196,1.2311475264294538,7.619292126793538,7.805416081757133,1.2476022117731882,0.18612395496359468,8.065343132492714,1.1005213980724062,1.087468950909785,1.818567464998899,0.8312959323312106,60.28651558661489,8,7.0,1.8318513354769144,False,85.00164839138489,Mahalanobis gate,1
48.0,0,7.615414114078959,0.05270626298194793,0.11211487291833439,7.722882092618856,-1.0361564550367899,-0.05989114376951708,41.0,0.18980128388976525,-0.06901101087352196,1.2311475264294538,7.616421720453775,7.792311272331812,1.2476022117731882,0.17588955187803723,8.139771972591701,1.1075908336924003,1.094153273130691,1.818567464998899,0.8312959323312106,60.28651558661489,8,7.0,1.8318513354769144,False,85.00164839138489,Mahalanobis gate,1
48.1,0,7.613112545886628,0.05254489975278773,0.09775197984381624,7.4063810846637015,-0.9485634471062998,-0.039388047693856745,41.0,0.18980128388976525,-0.06901101087352196,1.2311475264294538,7.6139213978336935,7.466980969759572,1.2476022117731882,0.14694042807412178,7.763326045639134,1.031388969479185,1.0222308052540294,1.818567464998899,0.8312959323312106,60.28651558661489,8,7.0,1.8318513354769144,False,85.00164839138489,Mahalanobis gate,1
48.2,0,7.611114126634228,0.052313931733976846,0.084565425468715,7.387648236003975,-0.9578351752750477,-0.055206653820321375,41.0,0.18980128388976525,-0.06901101087352196,1.2311475264294538,7.611763679154082,7.44968740663344,1.2476022117731882,0.16207627252064238,7.853103021879373,1.043970524878496,1.0345715164580465,1.818567464998899,0.8312959323312106,60.28651558661489,8,7.0,1.8318513354769144,False,85.00164839138489,Mahalanobis gate,1
48.305,0,7.609223781952409,0.051991867877772074,0.0714250428131989,7.3649564105515095,-0.9675598444132668,-0.06845671208841628,41.0,0.18980128388976525,-0.06901101087352196,1.2311475264294538,7.609736608772764,7.4285558019896945,1.2476022117731882,0.18118080678306914,7.9474406427206965,1.0576952056812254,1.0484046178678794,1.818567464998899,0.8312959323312106,60.28651558661489,8,7.0,1.8318513354769144,False,85.00164839138489,Mahalanobis gate,1
48.400000000000006,0,7.607880707966145,0.05168764097525837,0.06173567328006042,7.347738391788234,-0.9729345238800925,-0.07982050507961241,41.0,0.18980128388976525,-0.06901101087352196,1.2311475264294538,7.608306761180728,7.412302771402939,1.2476022117731882,0.19600398977778877,8.00539745750102,1.066565870919874,1.057130363474285,1.818567464998899,0.8312959323312106,60.28651558661489,8,7.0,1.8318513354769144,False,85.00164839138489,Mahalanobis gate,1
48.5,0,7.606563087935334,0.05132071900184805,0.05201540321204681,7.329887274188376,-0.9807833024575401,-0.09344150380009696,41.0,0.18980128388976525,-0.06901101087352196,1.2311475264294538,7.606914054273947,7.395803854438045,1.2476022117731882,0.21111019983590218,8.085007985301194,1.078399707354709,1.068544906414879,1.818567464998899,0.8312959323312106,60.28651558661489,8,7.0,1.8318513354769144,False,85.00164839138489,Mahalanobis gate,1
48.6,0,7.6054016137541876,0.050936695631578086,0.04339975862815489,7.310048882453901,-0.988031118785672,-0.1036782311589967,41.0,0.18980128388976525,-0.06901101087352196,1.2311475264294538,7.605696009735444,7.377246731075941,1.2476022117731882,0.22844927865950293,8.159943363559455,1.0901005872676732,1.0801330266599094,1.818567464998899,0.8312959323312106,60.28651558661489,8,7.0,1.8318513354769144,False,85.00164839138489,Mahalanobis gate,1
48.7,0,7.6043715593703185,0.05054635415708938,0.03583059172630889,7.289436216683541,-0.9951695218068427,-0.1127197155812749,41.0,0.18980128388976525,-0.06901101087352196,1.2311475264294538,7.604623960340327,7.357917400223492,1.2476022117731882,0.24670656011683523,8.235044959845219,1.1021674814280402,1.0921107834447255,1.818567464998899,0.8312959323312106,60.28651558661489,8,7.0,1.8318513354769144,False,85.00164839138489,Mahalanobis gate,1
48.800000000000004,0,7.6034563861395394,0.05015731143724389,0.029240559398389633,7.268745390181159,-1.0036370028859214,-0.12204473491450522,41.0,0.18980128388976525,-0.06901101087352196,1.2311475264294538,7.6036780430348765,7.338722075277278,1.2476022117731882,0.2649559677575981,8.322200742209448,1.11597542445639,1.1056735086431622,1.818567464998899,0.8312959323312106,60.28651558661489,8,7.0,1.8318513354769144,False,85.00164839138489,Mahalanobis gate,1
48.900000000000006,0,7.6026444271646625,0.04977371745796565,0.0235423071446581,7.248396858864824,-1.0139020921572393,-0.1295659825140967,41.0,0.18980128388976525,-0.06901101087352196,1.2311475264294538,7.602843806699778,7.320112145309464,1.2476022117731882,0.28273166139031414,8.42229136715311,1.1315209746041561,1.1211144310938603,1.818567464998899,0.8312959323312106,60.28651558661489,8,7.0,1.8318513354769144,False,85.00164839138489,Mahalanobis gate,1
49.0,0,7.601927534770777,0.04939678044990799,0.018645033950920858,7.227732087626918,-1.0224637243516705,-0.13827033857588314,41.0,0.18980128388976525,-0.06901101087352196,1.2311475264294538,7.602110886005015,7.301004169609598,1.2476022117731882,0.30110671639541664,8.512416677618509,1.1460931936591863,1.1353004775902666,1.818567464998899,0.8312959323312106,60.28651558661489,8,7.0,1.8318513354769144,False,85.00164839138489,Mahalanobis gate,1
49.1,1,7.601299827028941,0.04902560743467621,0.014463663321576545,7.0166326416337474,-0.2592892367213593,-0.15230041329290286,49.0,6.858022081519932,-0.001197296818944829,-0.5155897125211952,7.601471684360288,7.023073397865703,6.87737602983815,0.5783982864945845,2.8293856889037423,0.6816920258107604,0.6609793951439776,0.9169408432800327,0.7246668854888023,4.45297568009361,8,7.0,1.9083437400276488,True,5.554334243055487,,1
49.2,0,7.600756344372494,0.04865796258232942,0.01091822015451561,6.990613688353363,-0.25589974056562514,-0.15738183234378425,49.0,6.858022081519932,-0.001197296818944829,-0.5155897125211952,7.6009199319143415,6.997066060726228,6.87737602983815,0.6038538711881136,2.8189652595111307,0.7023918869917042,0.6819306821377349,0.9169408432800327,0.7246668854888023,4.45297568009361,8,7.0,1.9083437400276488,True,5.554334243055487,,1
49.300000000000004,0,7.600291408020483,0.04829092559821095,0.007928700323273957,6.96412562477387,-0.24835348720813416,-0.16506646585127158,49.0,6.858022081519932,-0.001197296818944829,-0.5155897125211952,7.600448958095431,6.970507306530071,6.87737602983815,0.6299416515653595,2.792311572749406,0.7229330113798621,0.701929349310169,0.9169408432800327,0.7246668854888023,4.45297568009361,8,7.0,1.9083437400276488,True,5.554334243055487,,1
49.400000000000006,0,7.599898855884544,0.0479216203247322,0.005425883143777995,6.938034971720087,-0.24465268169033044,-0.16844066293708113,49.0,6.858022081519932,-0.001197296818944829,-0.5155897125211952,7.600051877558314,6.9443902871598375,6.87737602983815,0.6556615903984762,2.777489166071998,0.7442399473334868,0.7236459931215425,0.9169408432800327,0.7246668854888023,4.45297568009361,8,7.0,1.9083437400276488,True,5.554334243055487,,1
49.5,0,7.599572157806953,0.04754754044828318,0.003347706742057851,6.91158670559564,-0.241844257193709,-0.16959170762500966,49.0,6.858022081519932,-0.001197296818944829,-0.5155897125211952,7.5997216368402425,6.917895690236962,6.87737602983815,0.6818259466032801,2.7613676078735225,0.7661459626197163,0.746372289810432,0.9169408432800327,0.7246668854888023,4.45297568009361,8,7.0,1.9083437400276488,True,5.554334243055487,,1
49.6,0,7.5993044758471795,0.04716683676126718,0.0016412778008532292,6.8844013828025625,-0.23702110787902333,-0.17201690836110747,49.0,6.858022081519932,-0.001197296818944829,-0.5155897125211952,7.599451027601524,6.890627781405418,6.87737602983815,0.7088232461961059,2.7382018045202217,0.7886738146690907,0.7693173729506133,0.9169408432800327,0.7246668854888023,4.45297568009361,8,7.0,1.9083437400276488,True,5.554334243055487,,1
49.7,0,7.599088339923237,0.046778359701045324,0.00025541628535120237,6.857263959542998,-0.23017991657067163,-0.17736894783939242,49.0,6.858022081519932,-0.001197296818944829,-0.5155897125211952,7.599232321631646,6.863418357385585,6.87737602983815,0.735813964246061,2.7155399865821996,0.8115169208665008,0.7918391870335334,0.9169408432800327,0.7246668854888023,4.45297568009361,8,7.0,1.9083437400276488,True,5.554334243055487,,1
49.800000000000004,0,7.598916873069841,0.046381628075574555,-0.000852085384167795,6.828582704029604,-0.22350981179834178,-0.17920194775604403,49.0,6.858022081519932,-0.001197296818944829,-0.5155897125211952,7.599058469659117,6.834589359999763,6.87737602983815,0.7644691096593546,2.6804903260426998,0.8355027197539189,0.8162451355494428,0.9169408432800327,0.7246668854888023,4.45297568009361,8,7.0,1.9083437400276488,True,5.554334243055487,,1
49.900000000000006,0,7.598783645259398,0.045976723079415284,-0.0017185031116442571,6.800096077244288,-0.21840974810032718,-0.18397378758261682,49.0,6.858022081519932,-0.001197296818944829,-0.5155897125211952,7.598922930243455,6.8060896138925395,6.87737602983815,0.7928333163509151,2.671693606636856,0.8608246198630488,0.841309715529761,0.9169408432800327,0.7246668854888023,4.45297568009361,8,7.0,1.9083437400276488,True,5.554334243055487,,1
50.0,0,7.598682553025978,0.04556410157195247,-0.002378970126958409,6.771321890836035,-0.2149039531432996,-0.1891106791935889,49.0,6.858022081519932,-0.001197296818944829,-0.5155897125211952,7.598819532566379,6.777370191112255,6.87737602983815,0.821449341454124,2.677660811643269,0.8872643371833864,0.8673922255050072,0.9169408432800327,0.7246668854888023,4.45297568009361,8,7.0,1.9083437400276488,True,5.554334243055487,,1
50.1,0,7.598608265427183,0.04514448297651455,-0.002864423922334974,6.554554314117105,-0.1695994915796013,-0.17085709308697328,49.0,6.858022081519932,-0.001197296818944829,-0.5155897125211952,7.5987429092374175,6.5589738824387265,6.87737602983815,1.039769026798691,2.342052803631224,1.079066802726969,1.0659097653433633,0.9169408432800327,0.7246668854888023,4.45297568009361,8,7.0,1.9083437400276488,True,5.554334243055487,,1
50.2,0,7.59855626900632,0.04471866585743796,-0.003201573654922265,6.5231169325585485,-0.16008259531399266,-0.17236515801866625,49.0,6.858022081519932,-0.001197296818944829,-0.5155897125211952,7.598688530424522,6.527357099228854,6.87737602983815,1.0713314311956683,2.292267632485994,1.1077588371263036,1.0947663325827255,0.9169408432800327,0.7246668854888023,4.45297568009361,8,7.0,1.9083437400276488,True,5.554334243055487,,1
50.300000000000004,0,7.598522641017838,0.044287441123069246,-0.003414826410692911,6.49103879254212,-0.15264543334549605,-0.17486192243337698,49.0,6.858022081519932,-0.001197296818944829,-0.5155897125211952,7.598652470309545,6.495187597485156,6.87737602983815,1.1034648728243885,2.2641648906098792,1.1378475901524119,1.1248568938674108,0.9169408432800327,0.7246668854888023,4.45297568009361,8,7.0,1.9083437400276488,True,5.554334243055487,,1
50.400000000000006,0,7.598504009800102,0.04385146857259485,-0.0035260143235948563,6.4582353125954075,-0.1449563101585417,-0.1772745426995965,49.0,6.858022081519932,-0.001197296818944829,-0.5155897125211952,7.5986313617006855,6.462293861176419,6.87737602983815,1.1363375005242666,2.2361523339794744,1.1687812585112338,1.1557945661467168,0.9169408432800327,0.7246668854888023,4.45297568009361,8,7.0,1.9083437400276488,True,5.554334243055487,,1
50.5,0,7.598497527455336,0.04341131895344635,-0.003554868827586613,6.425599247292006,-0.1380395833464767,-0.18156575196900482,49.0,6.858022081519932,-0.001197296818944829,-0.5155897125211952,7.598622365564071,6.429645926150065,6.87737602983815,1.1689764394140063,2.2269356585814033,1.2001261100702472,1.1868507932994592,0.9169408432800327,0.7246668854888023,4.45297568009361,8,7.0,1.9083437400276488,True,5.554334243055487,,1
50.6,0,7.598500903629926,0.04296733311869036,-0.0035169661309383503,6.392114615530994,-0.12911881887580468,-0.184323144936728,49.0,6.858022081519932,-0.001197296818944829,-0.5155897125211952,7.598623200503556,6.396075042495373,6.87737602983815,1.2025481580081827,2.198522131706532,1.2319384701013862,1.2185981781626758,0.9169408432800327,0.7246668854888023,4.45297568009361,8,7.0,1.9083437400276488,True,5.554334243055487,,1
50.7,0,7.598512144541498,0.042519787513716885,-0.0034267478727141097,6.3579757977460805,-0.1222473612583825,-0.1842014473495707,49.0,6.858022081519932,-0.001197296818944829,-0.5155897125211952,7.598631882495416,6.361818201997384,6.87737602983815,1.2368136804980328,2.1655696724976146,1.264420077745508,1.251430637724284,0.9169408432800327,0.7246668854888023,4.45297568009361,8,7.0,1.9083437400276488,True,5.554334243055487,,1
50.800000000000004,0,7.598529420567597,0.0420688207017537,-0.003297592818838836,6.3233823301115635,-0.11425277363121798,-0.18459671802104033,49.0,6.858022081519932,-0.001197296818944829,-0.5155897125211952,7.598646591007176,6.32710784935374,6.87737602983815,1.271538741653436,2.130943271506771,1.297422797684846,1.2846931708206786,0.9169408432800327,0.7246668854888023,4.45297568009361,8,7.0,1.9083437400276488,True,5.554334243055487,,1
50.900000000000006,0,7.598551350398211,0.04161443810996322,-0.0031389757661171146,6.288256611816795,-0.10649989711521983,-0.19118282941984122,49.0,6.858022081519932,-0.001197296818944829,-0.5155897125211952,7.598665951288196,6.292063597772051,6.87737602983815,1.306602353516145,2.1443393647556572,1.331979973254209,1.318639510348958,0.9169408432800327,0.7246668854888023,4.45297568009361,8,7.0,1.9083437400276488,True,5.554334243055487,,1
51.0,0,7.598576719111991,0.04115659939489538,-0.0029598214230389967,6.252921884728014,-0.09965745679190245,-0.19344762252781894,49.0,6.858022081519932,-0.001197296818944829,-0.5155897125211952,7.5986887541501105,6.256707256046621,6.87737602983815,1.3419814981034897,2.134686070005786,1.3663459057246377,1.353002413789697,0.9169408432800327,0.7246668854888023,4.45297568009361,8,7.0,1.9083437400276488,True,5.554334243055487,,1
51.1,0,7.598604373835547,0.040695227092212106,-0.0027677172830022846,6.430940149531469,-0.04090097014636087,-0.14981006837897068,49.0,6.858022081519932,-0.001197296818944829,-0.5155897125211952,7.598713851161903,6.432814870086225,6.87737602983815,1.165898981075678,1.4751216642697509,1.1797114618156728,1.1705117172089485,0.9169408432800327,0.7246668854888023,4.45297568009361,8,7.0,1.9083437400276488,True,5.554334243055487,,1
51.2,0,7.598633381951658,0.04023024902736305,-0.002569065904312739,6.398486016921196,-0.031900479101108284,-0.1532785644980058,49.0,6.858022081519932,-0.001197296818944829,-0.5155897125211952,7.598740313127336,6.400401180210309,6.87737602983815,1.1983391329170265,1.4755255739863176,1.2117218710150721,1.2023129957419179,0.9169408432800327,0.7246668854888023,4.45297568009361,8,7.0,1.9083437400276488,True,5.554334243055487,,1
51.300000000000004,0,7.598663127097231,0.03976159165262077,-0.0023678352132086786,6.365151109038425,-0.02167754298193675,-0.1510501722690631,49.0,6.858022081519932,-0.001197296818944829,-0.5155897125211952,7.598767525718984,6.366980030697862,6.87737602983815,1.2317874950211225,1.4299287270674992,1.243958642123017,1.2350411596218767,0.9169408432800327,0.7246668854888023,4.45297568009361,8,7.0,1.9083437400276488,True,5.554334243055487,,1
51.400000000000006,0,7.598692881677215,0.03928918788488327,-0.002168644540807793,6.331431625082224,-0.01399311296782786,-0.15302530110088924,49.0,6.858022081519932,-0.001197296818944829,-0.5155897125211952,7.598794763207898,6.33329605916847,6.87737602983815,1.2654987040394277,1.4320143243688634,1.2773205654335018,1.2683808954927043,0.9169408432800327,0.7246668854888023,4.45297568009361,8,7.0,1.9083437400276488,True,5.554334243055487,,1
51.5,0,7.598722104022228,0.03881298748656417,-0.0019745309534546537,6.297015344412546,-0.005705053539134487,-0.15943668075949682,49.0,6.858022081519932,-0.001197296818944829,-0.5155897125211952,7.598821485001875,6.299036025502199,6.87737602983815,1.2997854594996765,1.476261778225227,1.3119514749455654,1.3024677900010826,0.9169408432800327,0.7246668854888023,4.45297568009361,8,7.0,1.9083437400276488,True,5.554334243055487,,1
51.6,0,7.598750528407592,0.038332982700994486,-0.0017872679855908467,6.262820887625885,0.006062393049336305,-0.15686030117392571,49.0,6.858022081519932,-0.001197296818944829,-0.5155897125211952,7.598847426081423,6.2647878956255925,6.87737602983815,1.3340595304558303,1.4403296317684993,1.3452869737337967,1.3363193465918266,0.9169408432800327,0.7246668854888023,4.45297568009361,8,7.0,1.9083437400276488,True,5.554334243055487,,1
51.7,0,7.598777898410848,0.03784914031130292,-0.00160775687807228,6.228825827651731,0.016037963354622438,-0.16353719594467048,49.0,6.858022081519932,-0.001197296818944829,-0.5155897125211952,7.598872330265963,6.230992924241471,6.87737602983815,1.3678794060244917,1.4981767821821264,1.3796613884768438,1.3701256889852949,0.9169408432800327,0.7246668854888023,4.45297568009361,8,7.0,1.9083437400276488,True,5.554334243055487,,1
51.800000000000004,0,7.5988038061281316,0.03736148693161758,-0.0014391440147661966,6.193195529602436,0.02737824961622192,-0.16499174388606863,49.0,6.858022081519932,-0.001197296818944829,-0.5155897125211952,7.598895790565141,6.1954533903492655,6.87737602983815,1.4034424002158756,1.5154454093632854,1.4151267593362422,1.4056437287110954,0.9169408432800327,0.7246668854888023,4.45297568009361,8,7.0,1.9083437400276488,True,5.554334243055487,,1
51.900000000000006,0,7.598828267148974,0.036870002110175625,-0.0012809690798022547,6.156984406171161,0.03893435644710986,-0.16232547313806164,49.0,6.858022081519932,-0.001197296818944829,-0.5155897125211952,7.598917822398112,6.1592469037355775,6.87737602983815,1.439670918662535,1.5028990388803594,1.450811260393855,1.4418453387927,0.9169408432800327,0.7246668854888023,4.45297568009361,8,7.0,1.9083437400276488,True,5.554334243055487,,1
52.0,0,7.598851225214494,0.036374670520076785,-0.0011334789676766914,6.121511188324953,0.05254195043826066,-0.16336395316462196,49.0,6.858022081519932,-0.001197296818944829,-0.5155897125211952,7.598938369560173,6.123916040128,6.87737602983815,1.4750223294321732,1.5355575575285667,1.486308747298121,1.4774284976054657,0.9169408432800327,0.7246668854888023,4.45297568009361,8,7.0,1.9083437400276488,True,5.554334243055487,,1
52.1,0,7.598872487005667,0.03587547663945797,-0.0009979357135816377,6.105223010016048,0.24958792692742804,-0.11475317729051795,49.0,6.858022081519932,-0.001197296818944829,-0.5155897125211952,7.598957238955322,6.111400038206926,6.87737602983815,1.4875572007483955,2.3297901704710515,1.5131430951848797,1.508861084235209,0.9169408432800327,0.7246668854888023,4.45297568009361,8,7.0,1.9083437400276488,True,5.554334243055487,,1
52.2,0,7.598892119226278,0.03537239548267501,-0.0008737805566686375,6.068962428695461,0.2661976627122286,-0.1178782737195657,49.0,6.858022081519932,-0.001197296818944829,-0.5155897125211952,7.5989744972261795,6.075941198198487,6.87737602983815,1.5230332990276922,2.501931100619379,1.5516620809247166,1.5472443769357558,0.9169408432800327,0.7246668854888023,4.45297568009361,8,7.0,1.9083437400276488,True,5.554334243055487,,1
52.300000000000004,0,7.598910242466456,0.034865413624237056,-0.0007600209945886808,6.033861713378435,0.2829580361532703,-0.12376780699561446,49.0,6.858022081519932,-0.001197296818944829,-0.5155897125211952,7.598990265012893,6.041760579205897,6.87737602983815,1.5572296858069965,2.688836131689541,1.5893576574109378,1.584590435334604,0.9169408432800327,0.7246668854888023,4.45297568009361,8,7.0,1.9083437400276488,True,5.554334243055487,,1
52.400000000000006,0,7.59892676835921,0.03435448906330758,-0.0006573413363508186,5.997340617451359,0.29986359336204194,-0.12505507411124886,49.0,6.858022081519932,-0.001197296818944829,-0.5155897125211952,7.599004454130987,6.006134483002925,6.87737602983815,1.5928699711280618,2.86146517679655,1.628203942743315,1.6234448814928524,0.9169408432800327,0.7246668854888023,4.45297568009361,8,7.0,1.9083437400276488,True,5.554334243055487,,1
52.5,0,7.598941773918547,0.03383956184907727,-0.0005650730075315092,5.9597824117834035,0.3166248940819673,-0.12829150869457068,49.0,6.858022081519932,-0.001197296818944829,-0.5155897125211952,7.599017141621539,5.969565849419734,6.87737602983815,1.6294512922018054,3.0440479550797686,1.6682700623624076,1.6633733671672624,0.9169408432800327,0.7246668854888023,4.45297568009361,8,7.0,1.9083437400276488,True,5.554334243055487,,1
52.6,0,7.598955428016137,0.03332059088677383,-0.0004819841041809569,5.92118241747259,0.3300858496351861,-0.12986842711991797,49.0,6.858022081519932,-0.001197296818944829,-0.5155897125211952,7.5990284965291215,5.9317976784005815,6.87737602983815,1.66723081812854,3.1943733109305543,1.708722547795468,1.7038168603780075,0.9169408432800327,0.7246668854888023,4.45297568009361,8,7.0,1.9083437400276488,True,5.554334243055487,,1
52.7,0,7.598967753700313,0.032797505046576525,-0.00040789383372221046,5.88361021716478,0.34365883746398346,-0.13183810724641948,49.0,6.858022081519932,-0.001197296818944829,-0.5155897125211952,7.599038542111222,5.895112540962658,6.87737602983815,1.703926001148564,3.3488800041549047,1.7482448761942027,1.7432975208327397,0.9169408432800327,0.7246668854888023,4.45297568009361,8,7.0,1.9083437400276488,True,5.554334243055487,,1
52.800000000000004,0,7.598978779786857,0.03227027820343783,-0.00034268016998027,5.844971686747331,0.3623731818140215,-0.13433556965912338,49.0,6.858022081519932,-0.001197296818944829,-0.5155897125211952,7.599047307652189,5.8577345780644245,6.87737602983815,1.7413127295877642,3.5548193074111767,1.7898220313312596,1.7847993751133786,0.9169408432800327,0.7246668854888023,4.45297568009361,8,7.0,1.9083437400276488,True,5.554334243055487,,1
52.900000000000006,0,7.598988680691786,0.03173879622041972,-0.0002849835758595982,5.805151021286142,0.38039833127268385,-0.14116142210261615,49.0,6.858022081519932,-0.001197296818944829,-0.5155897125211952,7.599054967670852,5.819313345873773,6.87737602983815,1.7797416217970783,3.773900759598695,1.8328292857265136,1.8274071849713132,0.9169408432800327,0.7246668854888023,4.45297568009361,8,7.0,1.9083437400276488,True,5.554334243055487,,1
53.0,0,7.598997537206551,0.031203003031656434,-0.00023422896308619208,5.765353032175171,0.39889904182733804,-0.1449389375771636,49.0,6.858022081519932,-0.001197296818944829,-0.5155897125211952,7.59906160343056,5.7809534963367595,6.87737602983815,1.8181081070938,3.9892649251901484,1.8757377216639044,1.870147734211875,0.9169408432800327,0.7246668854888023,4.45297568009361,8,7.0,1.9083437400276488,True,5.554334243055487,,1
53.1,0,7.599005376348293,0.03066283284288107,-0.00019024326266152107,6.092396167599985,0.5031219486055872,-0.1600217452362876,49.0,6.858022081519932,-0.001197296818944829,-0.5155897125211952,7.599067242450268,6.11522932661598,6.87737602983815,1.4838379158342878,4.73252957733609,1.5870208042037839,1.5789518434558034,0.9169408432800327,0.7246668854888023,4.45297568009361,8,7.0,1.9083437400276488,True,5.554334243055487,,1
53.2,0,7.5990123158741465,0.030118207539074748,-0.00015216804297433164,6.060208911450664,0.5227546446473201,-0.16058703755897405,49.0,6.858022081519932,-0.001197296818944829,-0.5155897125211952,7.599072002974273,6.0848330022736326,6.87737602983815,1.5142390007006403,4.939343240242841,1.6236828273984494,1.6157371619889194,0.9169408432800327,0.7246668854888023,4.45297568009361,8,7.0,1.9083437400276488,True,5.554334243055487,,1
53.300000000000004,0,7.599018462827548,0.029569049668227636,-0.00011922069602745017,6.027622861078481,0.545246634617298,-0.16740256542732843,49.0,6.858022081519932,-0.001197296818944829,-0.5155897125211952,7.5990759925997455,6.054548279340836,6.87737602983815,1.5445277132589093,5.192548730314352,1.662284941350221,1.6538462772625564,0.9169408432800327,0.7246668854888023,4.45297568009361,8,7.0,1.9083437400276488,True,5.554334243055487,,1
53.400000000000006,0,7.59902386807852,0.029015278178153223,-9.107431294398651e-05,5.994337314745809,0.5663102186344994,-0.16687801865388832,49.0,6.858022081519932,-0.001197296818944829,-0.5155897125211952,7.599079262798179,6.023340881918746,6.87737602983815,1.5757383808794332,5.415255748342713,1.70044778581684,1.6922484414195231,0.9169408432800327,0.7246668854888023,4.45297568009361,8,7.0,1.9083437400276488,True,5.554334243055487,,1
53.5,0,7.599028588859702,0.028456814091056656,-6.731898459387714e-05,5.960859894287039,0.5884845254968405,-0.1624187677137767,49.0,6.858022081519932,-0.001197296818944829,-0.5155897125211952,7.599081871457047,5.992040101015228,6.87737602983815,1.6070417704418185,5.640928958648888,1.7388460835636852,1.7312503312404888,0.9169408432800327,0.7246668854888023,4.45297568009361,8,7.0,1.9083437400276488,True,5.554334243055487,,1
53.6,0,7.599032726805393,0.027893426533779134,-4.7157184129549785e-05,5.927297993550595,0.6094120054319173,-0.16413958176161186,49.0,6.858022081519932,-0.001197296818944829,-0.5155897125211952,7.599083920350334,5.960804165464114,6.87737602983815,1.63827975488622,5.874950821334837,1.7775790277166068,1.7699889479808062,0.9169408432800327,0.7246668854888023,4.45297568009361,8,7.0,1.9083437400276488,True,5.554334243055487,,1
53.7,0,7.599036333925656,0.02732536285054131,-3.0314599348986736e-05,5.89346736520112,0.6319084217784766,-0.16917999064916622,49.0,6.858022081519932,-0.001197296818944829,-0.5155897125211952,7.599085463442043,5.929661685749132,6.87737602983815,1.6694237776929102,6.134945401633866,1.8174426525000709,1.809554139068167,0.9169408432800327,0.7246668854888023,4.45297568009361,8,7.0,1.9083437400276488,True,5.554334243055487,,1
53.800000000000004,0,7.599039469142624,0.026752293804128854,-1.6394439322778466e-05,5.859654291773628,0.6584700856274955,-0.17250265495243078,49.0,6.858022081519932,-0.001197296818944829,-0.5155897125211952,7.5990865595201615,5.899058267107812,6.87737602983815,1.70002829241235,6.4311521505354365,1.8585692545135244,1.8505480711824704,0.9169408432800327,0.7246668854888023,4.45297568009361,8,7.0,1.9083437400276488,True,5.554334243055487,,1
53.900000000000006,0,7.599042157756916,0.026174163661815783,-5.212232440490522e-06,5.826534995710229,0.6823517508666643,-0.17319624050464616,49.0,6.858022081519932,-0.001197296818944829,-0.5155897125211952,7.599087234809023,5.868910538240615,6.87737602983815,1.7301766965684076,6.698230747414891,1.8979846674119265,1.8900663124495864,0.9169408432800327,0.7246668854888023,4.45297568009361,8,7.0,1.9083437400276488,True,5.554334243055487,,1
54.0,0,7.599044509270198,0.02559087929316998,4.016900923946876e-06,5.792950413792026,0.7061765780028704,-0.17409859813374132,49.0,6.858022081519932,-0.001197296818944829,-0.5155897125211952,7.599087599639096,5.838430454997746,6.87737602983815,1.7606571446413497,6.969015598405108,1.937907246379763,1.930070665807158,0.9169408432800327,0.7246668854888023,4.45297568009361,8,7.0,1.9083437400276488,True,5.554334243055487,,1
54.1,0,7.599046545742717,0.02500238131015669,1.1484075147814296e-05,5.894812069308509,0.6621973462151254,-0.1577414893388138,49.0,6.858022081519932,-0.001197296818944829,-0.5155897125211952,7.599087677054883,5.933986605584685,6.87737602983815,1.6651010714701986,6.404056670917483,1.8262854581330297,1.8194594180599972,0.9169408432800327,0.7246668854888023,4.45297568009361,8,7.0,1.9083437400276488,True,5.554334243055487,,1
54.2,0,7.599048239610869,0.024408568079298025,1.6977424608583954e-05,5.863389299688329,0.6857549602696213,-0.1596109422153954,49.0,6.858022081519932,-0.001197296818944829,-0.5155897125211952,7.599087440371834,5.905511798151696,6.87737602983815,1.6935756422201385,6.668293773987123,1.8642349848999151,1.8573882217232323,0.9169408432800327,0.7246668854888023,4.45297568009361,8,7.0,1.9083437400276488,True,5.554334243055487,,1
54.300000000000004,0,7.599049685054202,0.023809359729573917,2.1153093707929642e-05,5.831304276281629,0.7069624523165723,-0.16150927275852617,49.0,6.858022081519932,-0.001197296818944829,-0.5155897125211952,7.599086984762087,5.8762224870024165,6.87737602983815,1.7228644977596703,6.914007838113041,1.9020289315948102,1.8951575074773312,0.9169408432800327,0.7246668854888023,4.45297568009361,8,7.0,1.9083437400276488,True,5.554334243055487,,1
54.400000000000006,0,7.5990509612949815,0.023204643676949688,2.4616593217790506e-05,5.8008330167004205,0.7286149802582982,-0.16204713952598457,49.0,6.858022081519932,-0.001197296818944829,-0.5155897125211952,7.5990863903795915,5.848658201034409,6.87737602983815,1.7504281893451825,7.161553704971798,1.9384165634221302,1.9316292395844754,0.9169408432800327,0.7246668854888023,4.45297568009361,8,7.0,1.9083437400276488,True,5.554334243055487,,1
54.5,0,7.599051975288411,0.022594323058187545,2.670190031848762e-05,5.770913795466698,0.7517630099866589,-0.15388419713303725,49.0,6.858022081519932,-0.001197296818944829,-0.5155897125211952,7.5990855652033655,5.821707138290223,6.87737602983815,1.7773784269131427,7.407341712347517,1.9741997729105567,1.968191092988391,0.9169408432800327,0.7246668854888023,4.45297568009361,8,7.0,1.9083437400276488,True,5.554334243055487,,1
54.6,0,7.599052789705411,0.021978299944273343,2.779912728187331e-05,5.905758015192669,0.7475670985869223,-0.1483057841927105,49.0,6.858022081519932,-0.001197296818944829,-0.5155897125211952,7.599084572971327,5.954731640177174,6.87737602983815,1.6443529327941526,7.190927330274358,1.8481691345892532,1.8422069096895277,0.9169408432800327,0.7246668854888023,4.45297568009361,8,7.0,1.9083437400276488,True,5.554334243055487,,1
54.7,0,7.599053528655806,0.021356457213826313,2.883535312254287e-05,5.881858489363867,0.7682872901295993,-0.13878109394528243,49.0,6.858022081519932,-0.001197296818944829,-0.5155897125211952,7.5990835388533835,5.933446287033626,6.87737602983815,1.6656372518197573,7.402522345373507,1.8777466997976382,1.8726090014012786,0.9169408432800327,0.7246668854888023,4.45297568009361,8,7.0,1.9083437400276488,True,5.554334243055487,,1
54.800000000000004,0,7.599054093018723,0.020728620686255875,2.9136964447368146e-05,5.857331061216729,0.7911061902247702,-0.13897071893287952,49.0,6.858022081519932,-0.001197296818944829,-0.5155897125211952,7.599082364679904,5.912147581516125,6.87737602983815,1.686934783163779,7.654459474334644,1.909555361621411,1.9044896216985798,0.9169408432800327,0.7246668854888023,4.45297568009361,8,7.0,1.9083437400276488,True,5.554334243055487,,1
54.900000000000006,0,7.599054461109344,0.020094776879635436,2.8500978022157234e-05,5.831434549507312,0.8163395891942868,-0.1465700967709078,49.0,6.858022081519932,-0.001197296818944829,-0.5155897125211952,7.599081030215165,5.8901207138174065,6.87737602983815,1.708960316397758,7.945729200294847,1.9442163207554664,1.9386814986041336,0.9169408432800327,0.7246668854888023,4.45297568009361,8,7.0,1.9083437400276488,True,5.554334243055487,,1
55.0,0,7.599054804959606,0.0194547579180719,2.8169177923617914e-05,5.807725594745635,0.8392450044661967,-0.14505075183772664,49.0,6.858022081519932,-0.001197296818944829,-0.5155897125211952,7.599079708568587,5.869842287659329,6.87737602983815,1.729237420909258,8.198341013595055,1.975339029388198,1.9700041593106457,0.9169408432800327,0.7246668854888023,4.45297568009361,8,7.0,1.9083437400276488,True,5.554334243055487,,1
55.1,0,7.5990550457916255,0.01880842272891604,2.7651609517901425e-05,6.562000891183531,0.45392434210925187,-0.105534882559782,49.0,6.858022081519932,-0.001197296818944829,-0.5155897125211952,7.599078322171796,6.578528757685086,6.87737602983815,1.0205495644867106,3.9243573541772903,1.1295798473363226,1.1246364669919364,0.9169408432800327,0.7246668854888023,4.45297568009361,8,7.0,1.9083437400276488,True,5.554334243055487,,1
55.2,0,7.599055098418547,0.01815564060694593,2.6282340951063982e-05,6.550461035704286,0.4729912144667016,-0.1050327476161009,49.0,6.858022081519932,-0.001197296818944829,-0.5155897125211952,7.599076787135233,6.568355376143601,6.87737602983815,1.0307214109916316,4.096763940188334,1.1478076090458058,1.14298946084727,0.9169408432800327,0.7246668854888023,4.45297568009361,8,7.0,1.9083437400276488,True,5.554334243055487,,1
55.300000000000004,0,7.599055121937848,0.017496315488427512,2.5197568378085086e-05,6.539489511168149,0.49093766701641167,-0.10376868164854852,49.0,6.858022081519932,-0.001197296818944829,-0.5155897125211952,7.599075264000248,6.5587125869994365,6.87737602983815,1.0403626770008119,4.258850549096735,1.1651605752965157,1.1605283266092257,0.9169408432800327,0.7246668854888023,4.45297568009361,8,7.0,1.9083437400276488,True,5.554334243055487,,1
55.400000000000006,0,7.5990551098407515,0.01683031052589904,2.4436000616783345e-05,6.527621643831136,0.508843521201181,-0.10406158293842241,49.0,6.858022081519932,-0.001197296818944829,-0.5155897125211952,7.599073747658089,6.548251283138482,6.87737602983815,1.050822464519607,4.424984345850569,1.183588007248703,1.1790024052411334,0.9169408432800327,0.7246668854888023,4.45297568009361,8,7.0,1.9083437400276488,True,5.554334243055487,,1
55.5,0,7.5990549145182005,0.01615745718495396,2.2915373136436747e-05,6.515957938508803,0.526988441683811,-0.11010035776562277,49.0,6.858022081519932,-0.001197296818944829,-0.5155897125211952,7.599072091894576,6.538160808886881,6.87737602983815,1.0609112830076954,4.604064828216573,1.2025699519992865,1.1975171623675263,0.9169408432800327,0.7246668854888023,4.45297568009361,8,7.0,1.9083437400276488,True,5.554334243055487,,1
55.6,0,7.59905467263902,0.015477623629195638,2.1571528144289855e-05,6.504572297284388,0.5435679802199779,-0.10920720391558669,49.0,6.858022081519932,-0.001197296818944829,-0.5155897125211952,7.599070434931858,6.528158479472369,6.87737602983815,1.070911955459489,4.757615818720357,1.2201237724391054,1.2152247095439168,0.9169408432800327,0.7246668854888023,4.45297568009361,8,7.0,1.9083437400276488,True,5.554334243055487,,1
55.7,0,7.599054422092398,0.014790673436053498,2.0776188464008487e-05,6.4946143637103315,0.5628790981677776,-0.1001551775562392,49.0,6.858022081519932,-0.001197296818944829,-0.5155897125211952,7.599068816267844,6.519730030611547,6.87737602983815,1.0793387856562973,4.921044575499107,1.237022225181321,1.2329593520809539,0.9169408432800327,0.7246668854888023,4.45297568009361,8,7.0,1.9083437400276488,True,5.554334243055487,,1
55.800000000000004,0,7.599054014990035,0.014096441862234568,1.9498317081080917e-05,6.483012141173534,0.5803739075500585,-0.09845083047577469,49.0,6.858022081519932,-0.001197296818944829,-0.5155897125211952,7.599067089636039,6.509683007734689,6.87737602983815,1.0893840819013496,5.083563054791425,1.2553549449897603,1.2514869684729728,0.9169408432800327,0.7246668854888023,4.45297568009361,8,7.0,1.9083437400276488,True,5.554334243055487,,1
55.900000000000006,0,7.599053517047033,0.01339482861315322,1.814987136194334e-05,6.472206150242896,0.5963989695816132,-0.09791279781178319,49.0,6.858022081519932,-0.001197296818944829,-0.5155897125211952,7.599065322571446,6.500363920438248,6.87737602983815,1.098701402133198,5.23526925876388,1.2725051225727573,1.2687311836869894,0.9169408432800327,0.7246668854888023,4.45297568009361,8,7.0,1.9083437400276488,True,5.554334243055487,,1
56.0,0,7.599053020457316,0.012685598334405416,1.7447065364471066e-05,6.460523648131678,0.615028586827263,-0.09794696054408136,49.0,6.858022081519932,-0.001197296818944829,-0.5155897125211952,7.599063608921232,6.490471444953996,6.87737602983815,1.108592163967236,5.411747905491429,1.2917674839509576,1.2880474399006885,0.9169408432800327,0.7246668854888023,4.45297568009361,8,7.0,1.9083437400276488,True,5.554334243055487,,1
56.1,0,7.599052387094943,0.011968652345506786,1.6474616529819895e-05,6.940057487066865,1.0947067096051875,-0.08555584348906997,49.0,6.858022081519932,-0.001197296818944829,-0.5155897125211952,7.599061812534738,7.026386020295398,6.87737602983815,0.5726757922393402,8.900764968480061,1.2704009605346849,1.2675156720535978,0.9169408432800327,0.7246668854888023,4.45297568009361,8,7.0,1.9083437400276488,True,5.554334243055487,,1
56.2,0,7.599051643098908,0.011243776596563684,1.5365019361304084e-05,6.9364517004170825,1.1210931860777538,-0.08842373886410768,49.0,6.858022081519932,-0.001197296818944829,-0.5155897125211952,7.599059961418415,7.027021480092666,6.87737602983815,0.5720384813257491,9.124470912695042,1.2956179494215938,1.2925959909297664,0.9169408432800327,0.7246668854888023,4.45297568009361,8,7.0,1.9083437400276488,True,5.554334243055487,,1
56.300000000000004,0,7.599050872463692,0.010510785185588598,1.4748124934091098e-05,6.933559755424836,1.1467567685588564,-0.09216469152445722,49.0,6.858022081519932,-0.001197296818944829,-0.5155897125211952,7.599058141580041,7.028356585905859,6.87737602983815,0.5707015556741819,9.342015851518177,1.3200115191480655,1.3167890345797644,0.9169408432800327,0.7246668854888023,4.45297568009361,8,7.0,1.9083437400276488,True,5.554334243055487,,1
56.400000000000006,0,7.599049993974993,0.009769514472182248,1.4117796315527604e-05,6.93074594284292,1.1735258742703503,-0.09217740326972772,49.0,6.858022081519932,-0.001197296818944829,-0.5155897125211952,7.599056273942422,7.029999927132939,6.87737602983815,0.5690563468094822,9.565892125397507,1.3451611227978206,1.341998200345374,0.9169408432800327,0.7246668854888023,4.45297568009361,8,7.0,1.9083437400276488,True,5.554334243055487,,1
56.5,0,7.599048979854759,0.00901984583533753,1.3280367867979661e-05,6.929452226303826,1.1996336544937127,-0.08997331377125793,49.0,6.858022081519932,-0.001197296818944829,-0.5155897125211952,7.599054333009267,7.033102036712674,6.87737602983815,0.5659522962965928,9.78098917248695,1.3689480051699228,1.3659872084810865,0.9169408432800327,0.7246668854888023,4.45297568009361,8,7.0,1.9083437400276488,True,5.554334243055487,,1
56.6,0,7.599047924380353,0.008261443131053633,1.2886918443705705e-05,6.92676773188736,1.224761247728082,-0.09082798083011612,49.0,6.858022081519932,-0.001197296818944829,-0.5155897125211952,7.599052415179016,7.034799289784613,6.87737602983815,0.5642531253944032,9.992017539514173,1.392869159345678,1.389903749114673,0.9169408432800327,0.7246668854888023,4.45297568009361,8,7.0,1.9083437400276488,True,5.554334243055487,,1
56.7,0,7.599046747666316,0.007494154843610955,1.2445505704945893e-05,6.923151389031719,1.253916240808429,-0.0977942671465036,49.0,6.858022081519932,-0.001197296818944829,-0.5155897125211952,7.599050443031006,7.036468916516414,6.87737602983815,0.5625815265145917,10.240262827084088,1.4212560308559858,1.417886649984645,0.9169408432800327,0.7246668854888023,4.45297568009361,8,7.0,1.9083437400276488,True,5.554334243055487,,1
56.800000000000004,0,7.599045445145135,0.006717848215993243,1.198406623143013e-05,6.9213203009162,1.2830956819110964,-0.1000727330208579,49.0,6.858022081519932,-0.001197296818944829,-0.5155897125211952,7.599048414572004,7.0399590757836,6.87737602983815,0.5590893387884037,10.483130385359376,1.4486092282126115,1.445147655247842,0.9169408432800327,0.7246668854888023,4.45297568009361,8,7.0,1.9083437400276488,True,5.554334243055487,,1
56.900000000000006,0,7.599044058659021,0.005932311518898559,1.178738620464715e-05,6.919295018237528,1.3138362200850473,-0.10253148606976278,49.0,6.858022081519932,-0.001197296818944829,-0.5155897125211952,7.599046374243275,7.043672470256529,6.87737602983815,0.5553739039867462,10.738673001809822,1.4775610021002905,1.473998436904378,0.9169408432800327,0.7246668854888023,4.45297568009361,8,7.0,1.9083437400276488,True,5.554334243055487,,1
57.0,0,7.599042533128619,0.005137199489137045,1.1460444949784957e-05,6.917758542094143,1.3443345312860595,-0.09993459108791071,49.0,6.858022081519932,-0.001197296818944829,-0.5155897125211952,7.599044269593891,7.047879503880618,6.87737602983815,0.5511647657132732,10.988255255486422,1.5058507838258313,1.5025303224666917,0.9169408432800327,0.7246668854888023,4.45297568009361,8,7.0,1.9083437400276488,True,5.554334243055487,,1
57.1,1,7.599040882998236,0.00433234749940423,1.1207782318068367e-05,7.758973694642101,0.3770380395606832,0.022048863381990164,57.0,7.912984790520227,0.16178215533732315,0.11846586383964919,7.5990421179803365,7.768160440529038,7.91552499343444,0.16911832254870163,2.7541629242425114,0.4061695402162978,0.40557124791482574,0.3703430390385914,0.3164809260407271,1.420950116579571,8,7.0,2.334449841040683,True,4.623614947421792,,1
57.2,0,7.599039137097149,0.0035175278081469932,1.1308759702182624e-05,7.773741157505957,0.38921579633425385,0.024046654422674837,57.0,7.912984790520227,0.16178215533732315,0.11846586383964919,7.59903995122173,7.7835158355082115,7.91552499343444,0.18447588428648132,2.8452725009278783,0.42410098811497116,0.42341935510667944,0.3703430390385914,0.3164809260407271,1.420950116579571,8,7.0,2.334449841040683,True,4.623614947421792,,1
57.300000000000004,0,7.599037215028163,0.0026925012109622268,1.1131756940792593e-05,7.78652154550377,0.40089858507855425,0.020794845254258787,57.0,7.912984790520227,0.16178215533732315,0.11846586383964919,7.599037692041649,7.796862822937284,7.91552499343444,0.1978251308956347,2.9310181028694213,0.4406250357728085,0.44013459237266295,0.3703430390385914,0.3164809260407271,1.420950116579571,8,7.0,2.334449841040683,True,4.623614947421792,,1
57.400000000000006,0,7.59903515087337,0.0018569581213661694,1.096405497713833e-05,7.800824794548315,0.4129532743938278,0.02073208224995521,57.0,7.912984790520227,0.16178215533732315,0.11846586383964919,7.599035377771492,7.811774939237994,7.91552499343444,0.21273956146650175,3.0200672456921143,0.45841968357226914,0.4579511344535016,0.3703430390385914,0.3164809260407271,1.420950116579571,8,7.0,2.334449841040683,True,4.623614947421792,,1
57.50000000000001,0,7.599033000991074,0.0010106212909179076,1.1368006961059288e-05,7.815858611819445,0.42617735445512156,0.013018943558499875,57.0,7.912984790520227,0.16178215533732315,0.11846586383964919,7.599033068202562,7.827479956556512,7.91552499343444,0.22844688835394944,3.1149251273843808,0.477440355984228,0.47726313130244763,0.3703430390385914,0.3164809260407271,1.420950116579571,8,7.0,2.334449841040683,True,4.623614947421792,,1
57.6,0,7.59903063470285,0.00015331172075671792,1.1366275643771511e-05,7.830430992324311,0.43992838555824937,0.012661152145974833,57.0,7.912984790520227,0.16178215533732315,0.11846586383964919,7.599030636257895,7.842789479180647,7.91552499343444,0.24375884292275174,3.215775294026113,0.49709984727283657,0.4969388705626802,0.3703430390385914,0.3164809260407271,1.420950116579571,8,7.0,2.334449841040683,True,4.623614947421792,,1
57.7,0,7.599028093422214,-0.0007154053633061375,1.1215028667585607e-05,7.844770932568845,0.45355275987439164,0.0028016860109079215,57.0,7.912984790520227,0.16178215533732315,0.11846586383964919,7.599028127106167,7.857871781844703,7.91552499343444,0.258843654738536,3.3143818413027204,0.5164851359609238,0.5164775977138518,0.3703430390385914,0.3164809260407271,1.420950116579571,8,7.0,2.334449841040683,True,4.623614947421792,,1
57.800000000000004,0,7.599025465137543,-0.0015957444763857014,1.1771417972847174e-05,7.859133723682985,0.47055382600956286,0.0022191383591972634,57.0,7.912984790520227,0.16178215533732315,0.11846586383964919,7.599025632694486,7.873208285983451,7.91552499343444,0.27418265328896485,3.438477459889692,0.5390606603550487,0.5390561409293174,0.3703430390385914,0.3164809260407271,1.420950116579571,8,7.0,2.334449841040683,True,4.623614947421792,,1
57.900000000000006,0,7.599022610501706,-0.0024879811902371422,1.2053226795857632e-05,7.874495224369637,0.48561551672960374,0.0031463544331758802,57.0,7.912984790520227,0.16178215533732315,0.11846586383964919,7.599023017803791,7.889455454481951,7.91552499343444,0.29043243667815943,3.547760116002287,0.5604819439704252,0.5604731801547818,0.3703430390385914,0.3164809260407271,1.420950116579571,8,7.0,2.334449841040683,True,4.623614947421792,,1
58.00000000000001,0,7.599019521448654,-0.003392502282695966,1.1851698001612591e-05,7.888981003581225,0.5020973734909622,0.005332118222792087,57.0,7.912984790520227,0.16178215533732315,0.11846586383964919,7.599020278731327,7.904944748625173,7.91552499343444,0.3059244698938457,3.6674825891635914,0.5827743824723942,0.5827500970657883,0.3703430390385914,0.3164809260407271,1.420950116579571,8,7.0,2.334449841040683,True,4.623614947421792,,1
58.1,0,7.599016348337051,-0.004309684791398143,1.2463325481101034e-05,7.911390037642497,0.45349029295794124,0.02428019534963126,57.0,7.912984790520227,0.16178215533732315,0.11846586383964919,7.599017570438439,7.924413877467674,7.91552499343444,0.3253963070292354,3.317804415460597,0.5547495508922803,0.5542184960803732,0.3703430390385914,0.3164809260407271,1.420950116579571,8,7.0,2.334449841040683,True,4.623614947421792,,1
58.2,0,7.5990129534948005,-0.0052398636004401256,1.309569539505046e-05,7.927428917410274,0.46969672200620244,0.027168246279947156,57.0,7.912984790520227,0.16178215533732315,0.11846586383964919,7.599014760067506,7.941377863120602,7.91552499343444,0.3423631030530956,3.4358774964725103,0.5780650550807365,0.5774268834252742,0.3703430390385914,0.3164809260407271,1.420950116579571,8,7.0,2.334449841040683,True,4.623614947421792,,1
58.300000000000004,0,7.599009243164948,-0.006183352683019384,1.293279363584481e-05,7.94298070740215,0.48184610106162873,0.020563818605546007,57.0,7.912984790520227,0.16178215533732315,0.11846586383964919,7.599011758888387,7.957609003583092,7.91552499343444,0.358597244694705,3.5212154507068294,0.5974206682392551,0.5970670950000376,0.3703430390385914,0.3164809260407271,1.420950116579571,8,7.0,2.334449841040683,True,4.623614947421792,,1
58.400000000000006,0,7.599005403048601,-0.00714049282563772,1.3423362334462833e-05,7.959227275010081,0.49833106965452745,0.021276222658374085,57.0,7.912984790520227,0.16178215533732315,0.11846586383964919,7.599008757882821,7.974840772573333,7.91552499343444,0.37583201469051186,3.639681366314114,0.6210582936806142,0.6206942061237339,0.3703430390385914,0.3164809260407271,1.420950116579571,8,7.0,2.334449841040683,True,4.623614947421792,,1
58.50000000000001,0,7.599001363338007,-0.008111796651239754,1.4332960139458878e-05,7.974673475089987,0.5187076658404882,0.019061630627468885,57.0,7.912984790520227,0.16178215533732315,0.11846586383964919,7.599005692948468,7.991547911554286,7.91552499343444,0.3925422186058176,3.785148491985039,0.6473261010933308,0.647045811058433,0.3703430390385914,0.3164809260407271,1.420950116579571,8,7.0,2.334449841040683,True,4.623614947421792,,1
58.6,0,7.598996960841454,-0.009097669847246824,1.4346710663280557e-05,7.989823262184388,0.5369283330645748,0.017636047648777457,57.0,7.912984790520227,0.16178215533732315,0.11846586383964919,7.5990024068084185,8.007863561897578,7.91552499343444,0.4088611550891592,3.9152063779103545,0.6717143128006213,0.6714831298530579,0.3703430390385914,0.3164809260407271,1.420950116579571,8,7.0,2.334449841040683,True,4.623614947421792,,1
58.7,0,7.5989923880499815,-0.010098557613053002,1.4827393501108577e-05,8.006505054947676,0.5544677043814731,0.018384609750861574,57.0,7.912984790520227,0.16178215533732315,0.11846586383964919,7.598999098218612,8.025702188841823,7.91552499343444,0.426703090623211,4.039798826963264,0.6965192651810858,0.6962769835809186,0.3703430390385914,0.3164809260407271,1.420950116579571,8,7.0,2.334449841040683,True,4.623614947421792,,1
58.800000000000004,0,7.598987597182249,-0.011114931132273489,1.5835827526025555e-05,8.020902089506606,0.571585604551464,0.017574069018821446,57.0,7.912984790520227,0.16178215533732315,0.11846586383964919,7.598995726020281,8.041261672193224,7.91552499343444,0.44226594617294346,4.161804803324033,0.719624933331409,0.7194106985022081,0.3703430390385914,0.3164809260407271,1.420950116579571,8,7.0,2.334449841040683,True,4.623614947421792,,1
58.900000000000006,0,7.598982417889735,-0.012147232191010084,1.614240716700383e-05,8.036374474461018,0.5906171093235606,0.016489939318978776,57.0,7.912984790520227,0.16178215533732315,0.11846586383964919,7.5989921267828535,8.058065225703567,7.91552499343444,0.45907309892071346,4.296463849743821,0.7449215049505838,0.7447393252361199,0.3703430390385914,0.3164809260407271,1.420950116579571,8,7.0,2.334449841040683,True,4.623614947421792,,1
59.00000000000001,0,7.598976970821162,-0.013195922830906766,1.646340698605496e-05,8.051669691106515,0.606222950611601,0.015054066916746734,57.0,7.912984790520227,0.16178215533732315,0.11846586383964919,7.598988428450247,8.074473215353573,7.91552499343444,0.4754847869033254,4.4065516345099764,0.7673568721888501,0.7672095149150188,0.3703430390385914,0.3164809260407271,1.420950116579571,8,7.0,2.334449841040683,True,4.623614947421792,,1
59.1,0,7.598971321870786,-0.014261652906994559,1.7605084320927416e-05,7.9566169304607826,0.7923497561415049,0.05825171864060285,57.0,7.912984790520227,0.16178215533732315,0.11846586383964919,7.598984704923955,7.996184363612263,7.91552499343444,0.397199658688308,5.8094640997639795,0.8842644166382592,0.8823448002628649,0.3703430390385914,0.3164809260407271,1.420950116579571,8,7.0,2.334449841040683,True,4.623614947421792,,1
59.2,0,7.598965248483919,-0.015344874254507392,1.8169741392105238e-05,7.970620488172035,0.8150144509850864,0.057371385119825744,57.0,7.912984790520227,0.16178215533732315,0.11846586383964919,7.59898074172861,8.012386098885456,7.91552499343444,0.41340535715684545,5.968092076350098,0.911544632760365,0.9097385482653705,0.3703430390385914,0.3164809260407271,1.420950116579571,8,7.0,2.334449841040683,True,4.623614947421792,,1
59.300000000000004,0,7.598958871269611,-0.016446668161654396,1.8943947779392588e-05,7.984803060223514,0.8385754651962982,0.0576141932947742,57.0,7.912984790520227,0.16178215533732315,0.11846586383964919,7.59897666929565,8.028923222739957,7.91552499343444,0.42994655344430655,6.133049159387084,0.9398168967563959,0.9380504179848115,0.3703430390385914,0.3164809260407271,1.420950116579571,8,7.0,2.334449841040683,True,4.623614947421792,,1
59.400000000000006,0,7.598952113441545,-0.01756662721903557,1.957550700051063e-05,7.9982907948829265,0.8581365551855316,0.05772889940564047,57.0,7.912984790520227,0.16178215533732315,0.11846586383964919,7.598972417975523,8.04440094803095,7.91552499343444,0.44542853005542593,6.26972302162098,0.9641876436843951,0.9624590620742411,0.3703430390385914,0.3164809260407271,1.420950116579571,8,7.0,2.334449841040683,True,4.623614947421792,,1
59.50000000000001,0,7.598944985185801,-0.018706009318537237,2.047325175711104e-05,8.011921340384882,0.8805304561276139,0.0552076759862437,57.0,7.912984790520227,0.16178215533732315,0.11846586383964919,7.5989680090841425,8.06035143999136,7.91552499343444,0.4613834309072171,6.424760216602119,0.9910707936808864,0.989533067027881,0.3703430390385914,0.3164809260407271,1.420950116579571,8,7.0,2.334449841040683,True,4.623614947421792,,1
59.6,0,7.598937465898715,-0.01986597829499162,2.1383636935433807e-05,8.025127464038366,0.9039475720313894,0.056597507688686044,57.0,7.912984790520227,0.16178215533732315,0.11846586383964919,7.598963433797406,8.076075489055366,7.91552499343444,0.47711205525795997,6.5886597807322085,1.0189554691416243,1.017383600359721,0.3703430390385914,0.3164809260407271,1.420950116579571,8,7.0,2.334449841040683,True,4.623614947421792,,1
59.7,0,7.598929541172912,-0.02104616684623248,2.228403417867534e-05,8.03932965517916,0.9251865390910311,0.05575497591457611,57.0,7.912984790520227,0.16178215533732315,0.11846586383964919,7.598958686119162,8.092583027321842,7.91552499343444,0.49362434120267995,6.735066763776745,1.0451864556844903,1.043699475041581,0.3703430390385914,0.3164809260407271,1.420950116579571,8,7.0,2.334449841040683,True,4.623614947421792,,1
59.800000000000004,0,7.598921172007286,-0.022248029546163554,2.313051566254527e-05,8.051336034589212,0.9496181841691788,0.05540484471288948,57.0,7.912984790520227,0.16178215533732315,0.11846586383964919,7.598953740728672,8.107333491006594,7.91552499343444,0.5083797502779221,6.905493323165569,1.073438530850203,1.0720089296486384,0.3703430390385914,0.3164809260407271,1.420950116579571,8,7.0,2.334449841040683,True,4.623614947421792,,1
59.900000000000006,0,7.598912377673781,-0.02347242122401195,2.4217010393632365e-05,8.064167067921499,0.9746034166356936,0.044371538286281806,57.0,7.912984790520227,0.16178215533732315,0.11846586383964919,7.598948629824284,8.122968124551361,7.91552499343444,0.5240194947270771,7.074984759999922,1.1020816620474185,1.1011890414079017,0.3703430390385914,0.3164809260407271,1.420950116579571,8,7.0,2.334449841040683,True,4.623614947421792,,1
60.00000000000001,0,7.5989031473398185,-0.02471990073623381,2.55022193594608e-05,8.077860556187927,0.9965956342526306,0.04618466716384721,57.0,7.912984790520227,0.16178215533732315,0.11846586383964919,7.598943355282612,8.139236269264407,7.91552499343444,0.5402929139817942,7.226908895535173,1.1289890566380425,1.1280450440918062,0.3703430390385914,0.3164809260407271,1.420950116579571,8,7.0,2.334449841040683,True,4.623614947421792,,1
60.1,0,7.598893328949287,-0.025991348941738043,2.6330672654969455e-05,8.099091282835495,0.6477747016564382,0.052682344818181404,57.0,7.912984790520227,0.16178215533732315,0.11846586383964919,7.598937779430957,8.12512566679824,7.91552499343444,0.526187887367283,4.783222739027894,0.8407920907312981,0.8391416352503394,0.3703430390385914,0.3164809260407271,1.420950116579571,8,7.0,2.334449841040683,True,4.623614947421792,,1
60.2,0,7.5988830061300865,-0.02728768992179571,2.771696859710883e-05,8.11138576880412,0.667777900023905,0.053669057866298296,57.0,7.912984790520227,0.16178215533732315,0.11846586383964919,7.5989320012513675,8.139004041152122,7.91552499343444,0.5400720399007541,4.926524651977327,0.8652471609478903,0.8635828020954801,0.3703430390385914,0.3164809260407271,1.420950116579571,8,7.0,2.334449841040683,True,4.623614947421792,,1
60.300000000000004,0,7.598872153161377,-0.028609900096419724,2.9505443106400116e-05,8.12583539548385,0.685185591164213,0.06100252417941576,57.0,7.912984790520227,0.16178215533732315,0.11846586383964919,7.598926011440401,8.15490045781023,7.91552499343444,0.5559744463698291,5.0537454169295435,0.8893323175938453,0.887239686952191,0.3703430390385914,0.3164809260407271,1.420950116579571,8,7.0,2.334449841040683,True,4.623614947421792,,1
60.400000000000006,0,7.598860563100721,-0.029959089351552337,3.0441674655984177e-05,8.138021955252228,0.7054508359766332,0.06142549240227667,57.0,7.912984790520227,0.16178215533732315,0.11846586383964919,7.5989196209335494,8.16877195894611,7.91552499343444,0.5698523380125602,5.198054717863831,0.9139431696291653,0.9118787008467509,0.3703430390385914,0.3164809260407271,1.420950116579571,8,7.0,2.334449841040683,True,4.623614947421792,,1
60.50000000000001,0,7.598848347950161,-0.03133622602178028,3.188299326338653e-05,8.151190851372236,0.7277230579133719,0.0553748602927741,57.0,7.912984790520227,0.16178215533732315,0.11846586383964919,7.59891296010309,8.183798599651977,7.91552499343444,0.5848856395488875,5.352011676239456,0.9403808179408409,0.9387508922044819,0.3703430390385914,0.3164809260407271,1.420950116579571,8,7.0,2.334449841040683,True,4.623614947421792,,1
60.6,0,7.598835572614751,-0.03274287890497561,3.450884308488931e-05,8.163511349398805,0.7477206861678717,0.05505117926094207,57.0,7.912984790520227,0.16178215533732315,0.11846586383964919,7.598906115813328,8.197867674500758,7.91552499343444,0.5989615586874297,5.493604976867851,0.9648880470379761,0.963318280368899,0.3703430390385914,0.3164809260407271,1.420950116579571,8,7.0,2.334449841040683,True,4.623614947421792,,1
60.7,0,7.598821857710812,-0.03418003737871035,3.56584108170995e-05,8.177375693538982,0.7640184926954181,0.050137165640388025,57.0,7.912984790520227,0.16178215533732315,0.11846586383964919,7.598898729516687,8.213142591349621,7.91552499343444,0.614243861832934,5.606281535057834,0.9870945220143124,0.9858222123506799,0.3703430390385914,0.3164809260407271,1.420950116579571,8,7.0,2.334449841040683,True,4.623614947421792,,1
60.800000000000004,0,7.5988073702687045,-0.035649177021645544,3.707838009085007e-05,8.190287787776754,0.7843761648757047,0.051543285545693755,57.0,7.912984790520227,0.16178215533732315,0.11846586383964919,7.598890992483516,8.227922989729242,7.91552499343444,0.6290319972457263,5.750433127851278,1.012394950118751,1.011083896444485,0.3703430390385914,0.3164809260407271,1.420950116579571,8,7.0,2.334449841040683,True,4.623614947421792,,1
60.900000000000006,0,7.598792269523621,-0.0371518477690783,4.046859053293167e-05,8.203117883970906,0.8029355608640868,0.0470732980259706,57.0,7.912984790520227,0.16178215533732315,0.11846586383964919,7.598883090086484,8.242455000096177,7.91552499343444,0.643571910009693,5.879593890048576,1.0359384100735807,1.0348701862654444,0.3703430390385914,0.3164809260407271,1.420950116579571,8,7.0,2.334449841040683,True,4.623614947421792,,1
61.00000000000001,0,7.598776085267386,-0.038689489685770045,4.2410634696762285e-05,8.216790563764432,0.8235465054480426,0.04781530914619614,57.0,7.912984790520227,0.16178215533732315,0.11846586383964919,7.598874579333597,8.258096773421382,7.91552499343444,0.6592221940877856,6.024297228463637,1.061920456893341,1.0608453265845932,0.3703430390385914,0.3164809260407271,1.420950116579571,8,7.0,2.334449841040683,True,4.623614947421792,,1
61.1,0,7.59875884960413,-0.040263901003052625,4.363989036571117e-05,8.074848821118232,0.8462414385266522,0.06091494187818904,57.0,7.912984790520227,0.16178215533732315,0.11846586383964919,7.598865523093925,8.1192991499475,7.91552499343444,0.520433626853575,6.300931201568936,1.0080965694796649,1.0062571132622993,0.3703430390385914,0.3164809260407271,1.420950116579571,8,7.0,2.334449841040683,True,4.623614947421792,,1
61.2,0,7.5987409051398815,-0.04187678396014121,4.766960107418858e-05,8.085575134018566,0.867967559640189,0.06138635570024735,57.0,7.912984790520227,0.16178215533732315,0.11846586383964919,7.5988562962299335,8.132260523194843,7.91552499343444,0.5334042269649091,6.457274275642925,1.0337246879134654,1.0319032396447927,0.3703430390385914,0.3164809260407271,1.420950116579571,8,7.0,2.334449841040683,True,4.623614947421792,,1
61.300000000000004,0,7.598721713422809,-0.04353001056357006,5.085915966580038e-05,8.096127079747806,0.892131679914035,0.04316506401522292,57.0,7.912984790520227,0.16178215533732315,0.11846586383964919,7.598846395503043,8.1452462116552,7.91552499343444,0.5463998161521575,6.623325914440472,1.0605346444773225,1.0596579153086687,0.3703430390385914,0.3164809260407271,1.420950116579571,8,7.0,2.334449841040683,True,4.623614947421792,,1
61.400000000000006,0,7.598701105543253,-0.045225555233065574,5.22361322346152e-05,8.106943774806151,0.9153761726691286,0.044455369944623596,57.0,7.912984790520227,0.16178215533732315,0.11846586383964919,7.5988356900882525,8.15857997357846,7.91552499343444,0.5597442834902076,6.790266163704803,1.087675470349735,1.0867687382825089,0.3703430390385914,0.3164809260407271,1.420950116579571,8,7.0,2.334449841040683,True,4.623614947421792,,1
61.50000000000001,0,7.598679587304821,-0.04696562743417387,5.67370033756627e-05,8.116960777465843,0.9385463407289646,0.04161215548766139,57.0,7.912984790520227,0.16178215533732315,0.11846586383964919,7.5988247278051055,8.171147597987627,7.91552499343444,0.5723228701825214,6.9558963444351765,1.1142603305659375,1.1134851734385638,0.3703430390385914,0.3164809260407271,1.420950116579571,8,7.0,2.334449841040683,True,4.623614947421792,,1
61.6,0,7.598656675800183,-0.048752737099570946,6.16773967623377e-05,8.127741978840895,0.9634308801189948,0.04056131834060883,57.0,7.912984790520227,0.16178215533732315,0.11846586383964919,7.598813072438451,8.184743976198943,7.91552499343444,0.5859309037604925,7.1332833687414485,1.1428417011012164,1.14212386931512,0.3703430390385914,0.3164809260407271,1.420950116579571,8,7.0,2.334449841040683,True,4.623614947421792,,1
61.7,0,7.598631988477097,-0.050590423970173735,6.47559209485656e-05,8.137616596864882,0.986993354167177,0.035571013639054544,57.0,7.912984790520227,0.16178215533732315,0.11846586383964919,7.598800398187744,8.197330361511135,7.91552499343444,0.5985299633233909,7.301153559357635,1.1697628815575651,1.1692238899084784,0.3703430390385914,0.3164809260407271,1.420950116579571,8,7.0,2.334449841040683,True,4.623614947421792,,1
61.800000000000004,0,7.598605651089525,-0.052478831869840634,6.812755854094155e-05,8.147549290073709,1.0079217955146658,0.035155502273345914,57.0,7.912984790520227,0.16178215533732315,0.11846586383964919,7.598786868520886,8.209732132621271,7.91552499343444,0.6109452641003852,7.451850908109736,1.1945793122279618,1.1940639050480728,0.3703430390385914,0.3164809260407271,1.420950116579571,8,7.0,2.334449841040683,True,4.623614947421792,,1
61.900000000000006,0,7.598577940556206,-0.054422640741593406,7.53013423281585e-05,8.159453150486167,1.0304143854165768,0.0370631679508744,57.0,7.912984790520227,0.16178215533732315,0.11846586383964919,7.598772831727698,8.224342113450207,7.91552499343444,0.6255692817225098,7.612175290443003,1.2218103276343393,1.221250332420704,0.3703430390385914,0.3164809260407271,1.420950116579571,8,7.0,2.334449841040683,True,4.623614947421792,,1
62.00000000000001,0,7.598547928923568,-0.05642584279340823,7.946248039955124e-05,8.170670760087969,1.052600635342876,0.03767626221713479,57.0,7.912984790520227,0.16178215533732315,0.11846586383964919,7.59875743198833,8.238279448283809,7.91552499343444,0.6395220162954782,7.770630087700517,1.248470176855412,1.2479039478849883,0.3703430390385914,0.3164809260407271,1.420950116579571,8,7.0,2.334449841040683,True,4.623614947421792,,1
62.1,0,7.598512668185642,-0.05870059717494218,8.529644075220465e-05,8.064652012692626,0.8151240842754823,0.07312903625207125,57.0,7.912984790520227,0.16178215533732315,0.11846586383964919,7.5987394043987235,8.106071009714652,7.91552499343444,0.5073316053159287,6.235435828790033,0.9930714225749123,0.9903814731755317,0.3703430390385914,0.3164809260407271,1.420950116579571,8,7.0,2.334449841040683,True,4.623614947421792,,1
62.2,0,7.598482115368752,-0.06062301473340337,9.393156581051475e-05,8.073890420555442,0.832241344640169,0.07485546547462625,57.0,7.912984790520227,0.16178215533732315,0.11846586383964919,7.598723946579273,8.117015185373058,7.91552499343444,0.5182912387937844,6.3640936163996695,1.0143022763616671,1.0115432867060414,0.3703430390385914,0.3164809260407271,1.420950116579571,8,7.0,2.334449841040683,True,4.623614947421792,,1
62.300000000000004,0,7.598445312060279,-0.06282547583708081,0.00010080915795135175,8.082267063916026,0.8516067352391286,0.06230622312352428,57.0,7.912984790520227,0.16178215533732315,0.11846586383964919,7.598705035132465,8.127247811492298,7.91552499343444,0.5285427763598332,6.503366117146742,1.036406903561105,1.0345384266533986,0.3703430390385914,0.3164809260407271,1.420950116579571,8,7.0,2.334449841040683,True,4.623614947421792,,1
62.400000000000006,0,7.59840573178675,-0.06510285190817411,0.00010790251370693837,8.090926709794806,0.8675036833363748,0.05969556303618825,57.0,7.912984790520227,0.16178215533732315,0.11846586383964919,7.598684626816622,8.137519353225489,7.91552499343444,0.5388347264088669,6.623968695096329,1.0563534222244921,1.054671448062786,0.3703430390385914,0.3164809260407271,1.420950116579571,8,7.0,2.334449841040683,True,4.623614947421792,,1
62.50000000000001,0,7.598363417415155,-0.06746101776125069,0.000119156848538544,8.09908470359493,0.8888569666187038,0.059259766751713315,57.0,7.912984790520227,0.16178215533732315,0.11846586383964919,7.598662884101956,8.147929274549911,7.91552499343444,0.5492663904479551,6.784396633647168,1.0810936617249154,1.0794748230885547,0.3703430390385914,0.3164809260407271,1.420950116579571,8,7.0,2.334449841040683,True,4.623614947421792,,1
62.6,0,7.5983174736933385,-0.06990558833518681,0.0001305768040533843,8.107561876666647,0.9064016675295794,0.060140695790604784,57.0,7.912984790520227,0.16178215533732315,0.11846586383964919,7.598639038628188,8.158292742367669,7.91552499343444,0.5596537037394809,6.918907687467913,1.102772385487872,1.1011383745078689,0.3703430390385914,0.3164809260407271,1.420950116579571,8,7.0,2.334449841040683,True,4.623614947421792,,1
62.7,0,7.5982675130856485,-0.07244274899302469,0.0001409370960638785,8.116061426276184,0.9249290300137036,0.05982248538749952,57.0,7.912984790520227,0.16178215533732315,0.11846586383964919,7.598612845260488,8.16881420497542,7.91552499343444,0.5702013597149325,7.06013886423864,1.1253545615950011,1.1237708850545178,0.3703430390385914,0.3164809260407271,1.420950116579571,8,7.0,2.334449841040683,True,4.623614947421792,,1
62.800000000000004,0,7.598213756254823,-0.07508022380757282,0.00015606965486045875,8.125525243492461,0.9431784195316725,0.061216551485167026,57.0,7.912984790520227,0.16178215533732315,0.11846586383964919,7.598584693882457,8.180311331476279,7.91552499343444,0.5817266375938219,7.199813725320098,1.14831896777385,1.1466944097307925,0.3703430390385914,0.3164809260407271,1.420950116579571,8,7.0,2.334449841040683,True,4.623614947421792,,1
62.900000000000006,0,7.598354083598666,-0.07783365512607789,0.0018110618788477965,8.134025913568601,0.9620650502682854,0.06548323950208049,57.0,7.912984790520227,0.16178215533732315,0.11846586383964919,7.598752933051314,8.190984969966001,7.91552499343444,0.5922320369146874,7.345675438725614,1.1714895531363039,1.1697579351747147,0.3703430390385914,0.3164809260407271,1.420950116579571,8,7.0,2.334449841040683,True,4.623614947421792,,1
63.00000000000001,0,7.616923578438487,-0.08153056701548293,0.2262593788801738,8.162505270615169,0.9888359791815645,0.28045374910613335,57.0,7.912984790520227,0.16178215533732315,0.11846586383964919,7.62071947651016,8.226964397147473,7.91552499343444,0.6062449206373133,7.521019185380781,1.2026142173699577,1.2013924945895773,0.3703430390385914,0.3164809260407271,1.420950116579571,8,7.0,2.334449841040683,True,4.623614947421792,,1
63.1,0,7.5734187756415965,-0.08409561271801999,0.37703339734439395,8.207464907088601,0.5556388522719472,0.4642176363528016,57.0,7.912984790520227,0.16178215533732315,0.11846586383964919,7.5832643502671155,8.239339339361255,7.91552499343444,0.6560749890941393,4.518805502508991,0.9049175509572059,0.9007078785593653,0.3703430390385914,0.3164809260407271,1.420950116579571,8,7.0,2.334449841040683,True,4.623614947421792,,1
63.2,0,7.461041209854233,-0.08517802845744903,0.5241342588648784,8.105507260939929,0.5642845275485368,0.6149377516206205,57.0,7.912984790520227,0.16178215533732315,0.11846586383964919,7.479913632722697,8.148362622241896,7.91552499343444,0.6684489895191987,4.634512485378911,0.9194473214667931,0.9149525138802659,0.3703430390385914,0.3164809260407271,1.420950116579571,8,7.0,2.334449841040683,True,4.623614947421792,,1
63.300000000000004,0,7.284590255078492,-0.016950155860487107,0.767272866657533,7.934933263655197,0.6381333600312553,0.8616672429304623,57.0,7.912984790520227,0.16178215533732315,0.11846586383964919,7.324906152578141,8.007050051135304,7.91552499343444,0.6821438985571628,4.7073260906738925,0.9278958669320831,0.9230820340563924,0.3703430390385914,0.3164809260407271,1.420950116579571,8,7.0,2.334449841040683,True,4.623614947421792,,1
63.400000000000006,0,7.052527510034964,0.12887770591400383,0.7822259001215642,7.70315188982468,0.7697562939817743,0.863396183737452,57.0,7.912984790520227,0.16178215533732315,0.11846586383964919,7.096945195061226,7.789513897537284,7.91552499343444,0.6925687024760583,4.6311443066283475,0.9168566208316189,0.9132565073518454,0.3703430390385914,0.3164809260407271,1.420950116579571,8,7.0,2.334449841040683,True,4.623614947421792,,1
63.50000000000001,0,6.786692387634736,0.1951138655523135,0.7577294815830057,7.443049205189448,0.8330262371270591,0.8323433267172172,57.0,7.912984790520227,0.16178215533732315,0.11846586383964919,6.831648187090001,7.5356293430704255,7.91552499343444,0.7039811559804248,4.710138176807244,0.918315681911388,0.9152794468131935,0.3703430390385914,0.3164809260407271,1.420950116579571,8,7.0,2.334449841040683,True,4.623614947421792,,1
63.6,0,6.5031841837746,0.23239769359625573,0.7236501780268922,7.167171068796348,0.8647036975119522,0.8068736371137273,57.0,7.912984790520227,0.16178215533732315,0.11846586383964919,6.54744857148518,7.264096549478906,7.91552499343444,0.716647977993726,4.803043541307544,0.9206604206824027,0.9168911964179395,0.3703430390385914,0.3164809260407271,1.420950116579571,8,7.0,2.334449841040683,True,4.623614947421792,,1
63.7,0,6.209750705339725,0.2578149709755897,0.6925951252454902,6.8827399604148,0.8841018527173894,0.7861908951132902,57.0,7.912984790520227,0.16178215533732315,0.11846586383964919,6.253571810512787,6.983683954205551,7.91552499343444,0.7301121436927644,4.912445755477524,0.9240724884041932,0.9193202900449721,0.3703430390385914,0.3164809260407271,1.420950116579571,8,7.0,2.334449841040683,True,4.623614947421792,,1
63.800000000000004,0,5.913012136511293,0.2753480591620676,0.6571015726851849,6.595725226896203,0.8973420511536532,0.7552436611064915,57.0,7.912984790520227,0.16178215533732315,0.11846586383964919,5.9557796766703435,6.6991945047987045,7.91552499343444,0.743414828128361,5.051513028261813,0.9287656105693397,0.9235657474465707,0.3703430390385914,0.3164809260407271,1.420950116579571,8,7.0,2.334449841040683,True,4.623614947421792,,1
63.900000000000006,0,5.616268252170601,0.28666886318030604,0.6187363591491536,6.309177355975289,0.9025597538912012,0.7257349224364243,57.0,7.912984790520227,0.16178215533732315,0.11846586383964919,5.657515603123835,6.4145946244590775,7.91552499343444,0.7570790213352421,5.191359644864246,0.9332166457696823,0.9270623578789491,0.3703430390385914,0.3164809260407271,1.420950116579571,8,7.0,2.334449841040683,True,4.623614947421792,,1
64.0,0,5.3216962792467974,0.29326300450308396,0.5777555672336372,6.025844071008184,0.9050107214183195,0.6894621475353315,57.0,7.912984790520227,0.16178215533732315,0.11846586383964919,5.360993935253877,6.132307822253432,7.91552499343444,0.7713138869995557,5.361056888540317,0.9394347991617831,0.932769736748272,0.3703430390385914,0.3164809260407271,1.420950116579571,8,7.0,2.334449841040683,True,4.623614947421792,,1
64.10000000000001,0,5.030761632788114,0.29721006183922793,0.5343526003840766,5.591927526717548,0.7641559626263538,0.6709405788141787,57.0,7.912984790520227,0.16178215533732315,0.11846586383964919,5.0677834531803585,5.683638716489494,7.91552499343444,0.6158552633091352,4.432837785661984,0.742699071376249,0.730031256023686,0.3703430390385914,0.3164809260407271,1.420950116579571,8,7.0,2.334449841040683,True,4.623614947421792,,1
64.2,0,4.744035339278414,0.301218760983168,0.4907481410456941,5.315375268426107,0.7641787293635266,0.6323195162503539,57.0,7.912984790520227,0.16178215533732315,0.11846586383964919,4.77885318672069,5.40712597830295,7.91552499343444,0.6282727915822601,4.594610094468448,0.7488682802993942,0.7353647033691741,0.3703430390385914,0.3164809260407271,1.420950116579571,8,7.0,2.334449841040683,True,4.623614947421792,,1
64.3,0,4.462070382860061,0.3083709897440883,0.4480638566067596,5.0425753988221755,0.7700762240850997,0.5832625154539687,57.0,7.912984790520227,0.16178215533732315,0.11846586383964919,4.495100220074075,5.134274944492307,7.91552499343444,0.6391747244182318,4.770373612418407,0.7539472622996568,0.7417262277788641,0.3703430390385914,0.3164809260407271,1.420950116579571,8,7.0,2.334449841040683,True,4.623614947421792,,1
64.4,0,4.185312632310598,0.3221422859764045,0.40656799517053827,4.775661432938343,0.7806840985588817,0.545047152237176,57.0,7.912984790520227,0.16178215533732315,0.11846586383964919,4.217335061065194,4.86964949272114,7.91552499343444,0.6523144316559462,4.937771579735217,0.7602294240760005,0.7475107359021947,0.3703430390385914,0.3164809260407271,1.420950116579571,8,7.0,2.334449841040683,True,4.623614947421792,,1
64.5,0,3.913660720604544,0.3462953186448987,0.36832569579150454,4.514789600259924,0.8023850371789109,0.5056213588349842,57.0,7.912984790520227,0.16178215533732315,0.11846586383964919,3.946178468074974,4.6133284991439645,7.91552499343444,0.6671500310689904,5.082084931896651,0.7669575349383531,0.7545685928450551,0.3703430390385914,0.3164809260407271,1.420950116579571,8,7.0,2.334449841040683,True,4.623614947421792,,1
64.60000000000001,0,3.647560114213163,0.38435324089054523,0.3319024181231827,4.25607818822744,0.841809953529105,0.4719269978204558,57.0,7.912984790520227,0.16178215533732315,0.11846586383964919,3.6827410193682946,4.364121977378482,7.91552499343444,0.6813809580101875,5.250816824535297,0.7740592827810551,0.7612889663853821,0.3703430390385914,0.3164809260407271,1.420950116579571,8,7.0,2.334449841040683,True,4.623614947421792,,1
64.7,0,3.3870684529097885,0.4399633205209368,0.29695986959721526,4.001063432735458,0.8994222227292388,0.4366434028381646,57.0,7.912984790520227,0.16178215533732315,0.11846586383964919,3.4284086092896966,4.124090977264462,7.91552499343444,0.6956823679747655,5.359598406554914,0.7794894531218868,0.7668717742032124,0.3703430390385914,0.3164809260407271,1.420950116579571,8,7.0,2.334449841040683,True,4.623614947421792,,1
64.8,0,3.1319537505231176,0.5165825858291817,0.2639048094590094,3.7520096076628815,0.97723989710143,0.4040501312032552,57.0,7.912984790520227,0.16178215533732315,0.11846586383964919,3.18522175238293,3.898182964023976,7.91552499343444,0.712961211641046,5.345569695589055,0.7850574091164942,0.7724470366322239,0.3703430390385914,0.3164809260407271,1.420950116579571,8,7.0,2.334449841040683,True,4.623614947421792,,1
64.9,0,2.882129420865585,0.617082057229434,0.23086449355697014,3.506923972229812,1.0822751997938107,0.3642788261288505,57.0,7.912984790520227,0.16178215533732315,0.11846586383964919,2.9564774104259315,3.6881613872300476,7.91552499343444,0.7316839768041161,5.184266881070744,0.7902988519787602,0.7789562833069299,0.3703430390385914,0.3164809260407271,1.420950116579571,8,7.0,2.334449841040683,True,4.623614947421792,,1
65.0,0,2.6353143414478932,0.7455079729201312,0.2062190442283831,3.2617355905605048,1.2142142670785367,0.3366387324187013,57.0,7.912984790520227,0.16178215533732315,0.11846586383964919,2.7464868669139664,3.4966499660776202,7.91552499343444,0.7501630991636539,4.763934353486119,0.7931572773360718,0.7823612794122101,0.3703430390385914,0.3164809260407271,1.420950116579571,8,7.0,2.334449841040683,True,4.623614947421792,,1
65.10000000000001,1,2.3857791792894516,0.9068808879217957,0.21419804262933,2.633826656624355,1.2728049447889844,0.32639883015938465,65.0,7.270969989905868,0.09549744944771457,0.10364468808548555,2.561299677639286,2.9434013455445953,7.272335703082683,0.3821016679053093,5.198356730801219,0.4560887886461532,0.44207235426607594,4.708290461385499,4.545511409141675,15.841659526927732,8,7.0,1.5710442525571808,False,103.41161647563133,Mahalanobis gate,1
65.2,0,2.151073521061078,1.0718523393055577,0.15808777267910834,2.395047203183037,1.4386201483743197,0.2663766775415617,65.0,7.270969989905868,0.09549744944771457,0.10364468808548555,2.4085216366384468,2.8065700723697455,7.272335703082683,0.3980484357312988,4.79550961838136,0.45361687606785095,0.4405017404474658,4.708290461385499,4.545511409141675,15.841659526927732,8,7.0,1.5710442525571808,False,103.41161647563133,Mahalanobis gate,1
65.3,0,1.9524745185152192,1.2141093794994866,-0.032916330319096854,2.189907914846796,1.5852935646374633,0.07014290549111749,65.0,7.270969989905868,0.09549744944771457,0.10364468808548555,2.2994133633693488,2.704398711133462,7.272335703082683,0.40498534776411343,4.639985253894863,0.4525190858691782,0.4406271859407807,4.708290461385499,4.545511409141675,15.841659526927732,8,7.0,1.5710442525571808,False,103.41161647563133,Mahalanobis gate,1
65.4,0,1.7794856244029418,1.3777509098592569,-0.1385174583267885,2.0122029339373997,1.7558338844202661,-0.03643995862827893,65.0,7.270969989905868,0.09549744944771457,0.10364468808548555,2.254762458294898,2.6708128252667707,7.272335703082683,0.4160503669718727,4.33308518874421,0.45554790939544076,0.44396405463714905,4.708290461385499,4.545511409141675,15.841659526927732,8,7.0,1.5710442525571808,False,103.41161647563133,Mahalanobis gate,1
65.5,0,1.6642808339945039,1.5505237411302626,-0.2189813790823763,1.89259977260615,1.9412935400504299,-0.12658417210791975,65.0,7.270969989905868,0.09549744944771457,0.10364468808548555,2.2851493191025494,2.7141440751254584,7.272335703082683,0.42899475602290904,3.9409441942589782,0.461917543868532,0.45258211793757014,4.708290461385499,4.545511409141675,15.841659526927732,8,7.0,1.5710442525571808,False,103.41161647563133,Mahalanobis gate,1
65.60000000000001,0,1.6116061944430857,1.7273807730130957,-0.29857162256996306,1.8338400125695624,2.1356321719007423,-0.21026597079623144,65.0,7.270969989905868,0.09549744944771457,0.10364468808548555,2.381231587802141,2.822783332782291,7.272335703082683,0.44155174498015004,3.7567492295360916,0.473133134274039,0.46481939999616223,4.708290461385499,4.545511409141675,15.841659526927732,8,7.0,1.5710442525571808,False,103.41161647563133,Mahalanobis gate,1
65.7,0,1.6127485406073334,1.9060095007454974,-0.3870944794422494,1.826692586226649,2.3349648200829995,-0.31483190874193673,65.0,7.270969989905868,0.09549744944771457,0.10364468808548555,2.5265930040625557,2.981272487774764,7.272335703082683,0.4546794837122081,3.51020503015702,0.48476447865753935,0.47934822482606343,4.708290461385499,4.545511409141675,15.841659526927732,8,7.0,1.5710442525571808,False,103.41161647563133,Mahalanobis gate,1
65.8,0,1.6526165793146048,2.0853481261418,-0.4855670889896613,1.8584066049267565,2.5370502023457764,-0.4185285443289337,65.0,7.270969989905868,0.09549744944771457,0.10364468808548555,2.704735433150258,3.1726116971473575,7.272335703082683,0.46787626399709925,3.4977789413240767,0.5008776964076773,0.4963711316025873,4.708290461385499,4.545511409141675,15.841659526927732,8,7.0,1.5710442525571808,False,103.41161647563133,Mahalanobis gate,1
65.9,0,1.7128025325934066,2.2645441707346072,-0.5901141422328537,1.9105344635413273,2.7422405316804643,-0.5424463335444695,65.0,7.270969989905868,0.09549744944771457,0.10364468808548555,2.900015089224484,3.3858932491657416,7.272335703082683,0.4858781599412576,3.3464288615521793,0.5191954831876529,0.5170026400099983,4.708290461385499,4.545511409141675,15.841659526927732,8,7.0,1.5710442525571808,False,103.41161647563133,Mahalanobis gate,1
66.0,0,1.7809425196142956,2.4390748262308546,-0.6948449837462264,1.9696490769449153,2.9422730906847017,-0.6533483682981249,65.0,7.270969989905868,0.09549744944771457,0.10364468808548555,3.0989759304583964,3.600465597229765,7.272335703082683,0.5014896667713686,3.390010687753843,0.5390182067635433,0.5374185130128457,4.708290461385499,4.545511409141675,15.841659526927732,8,7.0,1.5710442525571808,False,103.41161647563133,Mahalanobis gate,1
66.10000000000001,0,1.845544975797079,2.6078971357871774,-0.7876359035718752,1.9570975947562308,2.653518481038329,-0.7196471234294449,65.0,7.270969989905868,0.09549744944771457,0.10364468808548555,3.290521849970349,3.374801224794264,7.272335703082683,0.08427937482391501,1.8870558803795066,0.13837546084630115,0.12052092739093284,4.708290461385499,4.545511409141675,15.841659526927732,8,7.0,1.5710442525571808,False,103.41161647563133,Mahalanobis gate,1
66.2,0,1.884963608078249,2.773403250441258,-0.8611907737661456,1.9853625640060353,2.837090890828139,-0.7967515608587349,65.0,7.270969989905868,0.09549744944771457,0.10364468808548555,3.46215293454195,3.5532467242097687,7.272335703082683,0.09109378966781856,1.6328374445222391,0.13523489952510362,0.11889518867236916,4.708290461385499,4.545511409141675,15.841659526927732,8,7.0,1.5710442525571808,False,103.41161647563133,Mahalanobis gate,1
66.3,0,1.8878102011360918,2.936287018547358,-0.9065453432811765,1.9747268821248707,3.0168739084875678,-0.8485157321812361,65.0,7.270969989905868,0.09549744944771457,0.10364468808548555,3.6065819372680292,3.704194026567551,7.272335703082683,0.09761208929952181,1.39227167184725,0.13197042103725734,0.11852744941295518,4.708290461385499,4.545511409141675,15.841659526927732,8,7.0,1.5710442525571808,False,103.41161647563133,Mahalanobis gate,1
66.4,0,1.8505254982336596,3.0957955362082448,-0.9226143279754898,1.9281080029981068,3.1904818947106555,-0.8656049473841492,65.0,7.270969989905868,0.09549744944771457,0.10364468808548555,3.7228499593464,3.827015431983226,7.272335703082683,0.10416547263682574,1.3044130580238606,0.13503562865918328,0.12241140278573932,4.708290461385499,4.545511409141675,15.841659526927732,8,7.0,1.5710442525571808,False,103.41161647563133,Mahalanobis gate,1
66.5,0,1.7749364925063278,3.2519284708088785,-0.910684637702156,1.8408498476685164,3.3600463488309016,-0.8675079698422138,65.0,7.270969989905868,0.09549744944771457,0.10364468808548555,3.81507337295559,3.9282578461313906,7.272335703082683,0.11318447317580071,1.0556780531087475,0.13378441831622118,0.12662561327283628,4.708290461385499,4.545511409141675,15.841659526927732,8,7.0,1.5710442525571808,False,103.41161647563133,Mahalanobis gate,1
66.60000000000001,0,1.666363253348983,3.40471650190436,-0.876241067103668,1.7229639056588724,3.523294315114185,-0.8344898270426333,65.0,7.270969989905868,0.09549744944771457,0.10364468808548555,3.8905859916124004,4.009810559435053,7.272335703082683,0.11922456782265245,1.004297714314948,0.13786768176103956,0.13139380361162062,4.708290461385499,4.545511409141675,15.841659526927732,8,7.0,1.5710442525571808,False,103.41161647563133,Mahalanobis gate,1
66.7,0,1.532884208197161,3.553606313175472,-0.8294645733981294,1.5811098519823505,3.680409521457903,-0.7857895276607264,65.0,7.270969989905868,0.09549744944771457,0.10364468808548555,3.95801254461167,4.08200781374251,7.272335703082683,0.12399526913083969,1.0016222971386237,0.14252114218381018,0.13566416752117558,4.708290461385499,4.545511409141675,15.841659526927732,8,7.0,1.5710442525571808,False,103.41161647563133,Mahalanobis gate,1
66.8,0,1.383796547466042,3.698777770550377,-0.7774529208810577,1.423780070371974,3.8326167589715716,-0.7360627425578495,65.0,7.270969989905868,0.09549744944771457,0.10364468808548555,4.024957505972336,4.1542615795012185,7.272335703082683,0.12930407352888285,0.940491913328699,0.14568700624010641,0.13968377473986676,4.708290461385499,4.545511409141675,15.841659526927732,8,7.0,1.5710442525571808,False,103.41161647563133,Mahalanobis gate,1
66.9,0,1.2279938904039525,3.840785021173119,-0.7245828767974267,1.2596516059452847,3.9826234606667787,-0.6895356150435094,65.0,7.270969989905868,0.09549744944771457,0.10364468808548555,4.096903576981678,4.2336120703516755,7.272335703082683,0.1367084933699978,0.832244803421555,0.14949469698868934,0.14532843448992508,4.708290461385499,4.545511409141675,15.841659526927732,8,7.0,1.5710442525571808,False,103.41161647563133,Mahalanobis gate,1
67.0,0,1.0738296289116447,3.979952112065866,-0.674099769955327,1.0974851902128149,4.129235916771875,-0.6417750953155902,65.0,7.270969989905868,0.09549744944771457,0.10364468808548555,4.17702518380245,4.320525231041089,7.272335703082683,0.14350004723863918,0.7745336495284965,0.15456430544773297,0.15114641883939975,4.708290461385499,4.545511409141675,15.841659526927732,8,7.0,1.5710442525571808,False,103.41161647563133,Mahalanobis gate,1
67.10000000000001,0,0.9279464663883312,4.116642078069592,-0.6273719504683959,1.157177386069704,4.235836947076885,-0.6084037816289114,65.0,7.270969989905868,0.09549744944771457,0.10364468808548555,4.266312483591684,4.433004546191341,7.272335703082683,0.1666920625996573,2.612970819360928,0.2590637426672381,0.25836840235530695,4.708290461385499,4.545511409141675,15.841659526927732,8,7.0,1.5710442525571808,False,103.41161647563133,Mahalanobis gate,1
67.2,0,0.7949718182770753,4.251291296415203,-0.5840172835723169,1.0218108592516428,4.379776847262258,-0.5680892555901645,65.0,7.270969989905868,0.09549744944771457,0.10364468808548555,4.364233502728927,4.533130051765126,7.272335703082683,0.16889654903619888,2.5665997683794655,0.2611861201559781,0.26069999479618866,4.708290461385499,4.545511409141675,15.841659526927732,8,7.0,1.5710442525571808,False,103.41161647563133,Mahalanobis gate,1
67.3,0,0.6777861607204398,4.384109409291598,-0.5435707978011624,0.8986356716864384,4.52551023805258,-0.5393817896366689,65.0,7.270969989905868,0.09549744944771457,0.10364468808548555,4.469371164327872,4.645290270815992,7.272335703082683,0.17591910648812004,2.446212477673004,0.2622713264114386,0.26223787077425176,4.708290461385499,4.545511409141675,15.841659526927732,8,7.0,1.5710442525571808,False,103.41161647563133,Mahalanobis gate,1
67.4,0,0.5776166688559891,4.515064422659082,-0.5060280217032008,0.7951192632686805,4.669059464502979,-0.5023270716951389,65.0,7.270969989905868,0.09549744944771457,0.10364468808548555,4.579903068368471,4.7628419470777725,7.272335703082683,0.1829388787093018,2.3779729078689553,0.26652494915057695,0.26649925232307026,4.708290461385499,4.545511409141675,15.841659526927732,8,7.0,1.5710442525571808,False,103.41161647563133,Mahalanobis gate,1
67.5,0,0.4942292580304352,4.644160000337903,-0.47080933494072047,0.7056363069346375,4.815937235948176,-0.48451141794055663,65.0,7.270969989905868,0.09549744944771457,0.10364468808548555,4.6940543348047425,4.891413432983485,7.272335703082683,0.1973590981787421,2.251079406491392,0.272741830452949,0.27239742840249204,4.708290461385499,4.545511409141675,15.841659526927732,8,7.0,1.5710442525571808,False,103.41161647563133,Mahalanobis gate,1
67.60000000000001,0,0.4262999882609906,4.771515206725095,-0.4367392591214514,0.6378446519495317,4.958940740279565,-0.4543254672196704,65.0,7.270969989905868,0.09549744944771457,0.10364468808548555,4.810387742007717,5.020393480175576,7.272335703082683,0.21000573816785906,2.2149410570233377,0.28317618204670675,0.2826295726976845,4.708290461385499,4.545511409141675,15.841659526927732,8,7.0,1.5710442525571808,False,103.41161647563133,Mahalanobis gate,1
67.7,0,0.37188522211999353,4.896980284908649,-0.4039179212177205,0.5819078253756248,5.101910177257004,-0.42686816919796994,65.0,7.270969989905868,0.09549744944771457,0.10364468808548555,4.927663159784369,5.152700321958032,7.272335703082683,0.22503716217366332,2.1572761897072397,0.2943339405140624,0.2934378207664798,4.708290461385499,4.545511409141675,15.841659526927732,8,7.0,1.5710442525571808,False,103.41161647563133,Mahalanobis gate,1
67.8,0,0.3286724867852194,5.020443893587702,-0.3724320772869478,0.5390734430808797,5.245346726341672,-0.3968145879122149,65.0,7.270969989905868,0.09549744944771457,0.10364468808548555,5.044956703919658,5.287884669105247,7.272335703082683,0.24292796518558912,2.117431416147623,0.3089406956282707,0.30797702282944506,4.708290461385499,4.545511409141675,15.841659526927732,8,7.0,1.5710442525571808,False,103.41161647563133,Mahalanobis gate,1
67.9,0,0.2942646556869498,5.141846769924311,-0.3422845696872295,0.5003308782812128,5.385775517585774,-0.37234573018212885,65.0,7.270969989905868,0.09549744944771457,0.10364468808548555,5.161621704427166,5.421766340997445,7.272335703082683,0.26014463657027953,2.031935070539649,0.32073072101103456,0.3193188407062101,4.708290461385499,4.545511409141675,15.841659526927732,8,7.0,1.5710442525571808,False,103.41161647563133,Mahalanobis gate,1
68.0,0,0.26642683800988193,5.2612540590221935,-0.31310346094036523,0.4724959092906929,5.525895356280216,-0.3471572029318828,65.0,7.270969989905868,0.09549744944771457,0.10364468808548555,5.277292043353512,5.556913711441197,7.272335703082683,0.2796216680876853,1.9927736924081005,0.33713370596333136,0.33540941899855037,4.708290461385499,4.545511409141675,15.841659526927732,8,7.0,1.5710442525571808,False,103.41161647563133,Mahalanobis gate,1
68.10000000000001,0,0.2432338229446822,5.378603921184393,-0.28524245293663747,0.21511635869647056,5.733625481572684,-0.3863494994370712,65.0,7.270969989905868,0.09549744944771457,0.10364468808548555,5.391651517908193,5.750652323557189,7.272335703082683,0.3590008056489955,0.9301884932625542,0.37020742157380826,0.3561332617662755,4.708290461385499,4.545511409141675,15.841659526927732,8,7.0,1.5710442525571808,False,103.41161647563133,Mahalanobis gate,1
68.2,0,0.2231684777694288,5.493945188970148,-0.2586252117586021,0.18972527617168955,5.871080115209504,-0.3636253958382957,65.0,7.270969989905868,0.09549744944771457,0.10364468808548555,5.504554923791327,5.885388757603479,7.272335703082683,0.38083383381215263,0.9728562042701138,0.39290487268477753,0.37861484429783215,4.708290461385499,4.545511409141675,15.841659526927732,8,7.0,1.5710442525571808,False,103.41161647563133,Mahalanobis gate,1
68.3,0,0.2050775032907508,5.607239719767751,-0.2336510490720746,0.1647942872125599,6.0083094698148205,-0.3482523797305813,65.0,7.270969989905868,0.09549744944771457,0.10364468808548555,5.615851393157548,6.020649430265173,7.272335703082683,0.40479803710762496,1.0681929900806129,0.41906222317111974,0.40308768512622783,4.708290461385499,4.545511409141675,15.841659526927732,8,7.0,1.5710442525571808,False,103.41161647563133,Mahalanobis gate,1
68.4,0,0.18825905938733378,5.718628363385572,-0.20988246644010025,0.1426764776580552,6.143639455422199,-0.32759885283387935,65.0,7.270969989905868,0.09549744944771457,0.10364468808548555,5.72557442373063,6.15402172110851,7.272335703082683,0.4284472973778799,1.1006511893055921,0.44336141886375485,0.4274484765574354,4.708290461385499,4.545511409141675,15.841659526927732,8,7.0,1.5710442525571808,False,103.41161647563133,Mahalanobis gate,1
68.5,0,0.17222517128655873,5.828018726115027,-0.18813790898669644,0.12391639508211283,6.274922718704503,-0.3101685643244855,65.0,7.270969989905868,0.09549744944771457,0.10364468808548555,5.83359748820314,6.283805768559303,7.272335703082683,0.4502082803561631,1.1301173896936492,0.4657771970512899,0.4495074153457158,4.708290461385499,4.545511409141675,15.841659526927732,8,7.0,1.5710442525571808,False,103.41161647563133,Mahalanobis gate,1
68.60000000000001,0,0.15690362966234872,5.935570046986218,-0.1679671996129971,0.10187395684145309,6.40687056302232,-0.29117500992372464,65.0,7.270969989905868,0.09549744944771457,0.10364468808548555,5.9400188140970585,6.41429275920647,7.272335703082683,0.47427394510941134,1.1518006381711914,0.4902372954276686,0.4745023090635819,4.708290461385499,4.545511409141675,15.841659526927732,8,7.0,1.5710442525571808,False,103.41161647563133,Mahalanobis gate,1
68.7,0,0.1423111947773508,6.041298358635585,-0.1494632124559728,0.0807998165933437,6.537660085954829,-0.2731033720271392,65.0,7.270969989905868,0.09549744944771457,0.10364468808548555,6.044822378373878,6.54386074589466,7.272335703082683,0.49903836752078234,1.1668780892635937,0.5152140361560651,0.5001585888430186,4.708290461385499,4.545511409141675,15.841659526927732,8,7.0,1.5710442525571808,False,103.41161647563133,Mahalanobis gate,1
68.80000000000001,0,0.12856277870226904,6.145255669977488,-0.13254357770424988,0.0589818848588895,6.6657049327430675,-0.2607619621159173,65.0,7.270969989905868,0.09549744944771457,0.10364468808548555,6.148029231993677,6.671064226495148,7.272335703082683,0.5230349945014714,1.219625643683219,0.5405079925425865,0.5250799328685858,4.708290461385499,4.545511409141675,15.841659526927732,8,7.0,1.5710442525571808,False,103.41161647563133,Mahalanobis gate,1
68.9,0,0.11581495080137076,6.247461337745102,-0.11722043821801797,0.04041043920429774,6.7916761596720345,-0.2516139080649504,65.0,7.270969989905868,0.09549744944771457,0.10364468808548555,6.249634141338593,6.796455518885257,7.272335703082683,0.5468213775466646,1.2710818871703127,0.5656122501428472,0.549413881126202,4.708290461385499,4.545511409141675,15.841659526927732,8,7.0,1.5710442525571808,False,103.41161647563133,Mahalanobis gate,1
69.0,0,0.10421319023800502,6.347958223137458,-0.10337776061229943,0.02635372252900575,6.915565432850141,-0.24528846587955355,65.0,7.270969989905868,0.09549744944771457,0.10364468808548555,6.3496551837959885,6.919964321166434,7.272335703082683,0.5703091373704456,1.314489387537747,0.5902361302895608,0.572922369287276,4.708290461385499,4.545511409141675,15.841659526927732,8,7.0,1.5710442525571808,False,103.41161647563133,Mahalanobis gate,1
69.10000000000001,0,0.09385922039777687,6.446774038495883,-0.0909270832632128,-0.4455041206616963,6.7647382834673495,-0.19689464000846577,65.0,7.270969989905868,0.09549744944771457,0.10364468808548555,6.448098385659834,6.782250766861941,7.272335703082683,0.33415238120210766,4.679758953811606,0.6350143288475233,0.6261102736412429,4.708290461385499,4.545511409141675,15.841659526927732,8,7.0,1.5710442525571808,False,103.41161647563133,Mahalanobis gate,1
69.2,0,0.08479141877182389,6.543958339751192,-0.07964942009700926,-0.4671800098776427,6.880737226433251,-0.19105952204340965,65.0,7.270969989905868,0.09549744944771457,0.10364468808548555,6.544992312235232,6.899225005884144,7.272335703082683,0.3542326936489122,4.710393009378378,0.6561285600976745,0.6466007087531999,4.708290461385499,4.545511409141675,15.841659526927732,8,7.0,1.5710442525571808,False,103.41161647563133,Mahalanobis gate,1
69.30000000000001,0,0.07698319967903758,6.639516839146219,-0.06950652714191087,-0.4861523978847847,6.99844637069844,-0.1830028154820031,65.0,7.270969989905868,0.09549744944771457,0.10364468808548555,6.64032690668572,7.0176980405248015,7.272335703082683,0.3773711338390813,4.7226808281200325,0.6773725100200315,0.6677964584091926,4.708290461385499,4.545511409141675,15.841659526927732,8,7.0,1.5710442525571808,False,103.41161647563133,Mahalanobis gate,1
69.4,0,0.07033684571722748,6.73345903109664,-0.06045648792130954,-0.5042513388270357,7.113086134074372,-0.17915327801114433,65.0,7.270969989905868,0.09549744944771457,0.10364468808548555,6.734097770470378,7.133187202120248,7.272335703082683,0.39908943164986965,4.7437208080665,0.6988256199587763,0.6886714159402421,4.708290461385499,4.545511409141675,15.841659526927732,8,7.0,1.5710442525571808,False,103.41161647563133,Mahalanobis gate,1
69.5,0,0.06472198710853869,6.825824539651183,-0.05231789773517952,-0.5222010914974422,7.227280000115021,-0.17346589131615714,65.0,7.270969989905868,0.09549744944771457,0.10364468808548555,6.826331865954291,7.248197058267236,7.272335703082683,0.4218651923129446,4.767333352123122,0.7213335035094732,0.7110873272225815,4.708290461385499,4.545511409141675,15.841659526927732,8,7.0,1.5710442525571808,False,103.41161647563133,Mahalanobis gate,1
69.60000000000001,0,0.05998975226438802,6.916646713628827,-0.04493846407283735,-0.5369939487615215,7.339337815766096,-0.17032047989243324,65.0,7.270969989905868,0.09549744944771457,0.10364468808548555,6.91705284041422,7.360927328863635,7.272335703082683,0.44387448844941524,4.777183613380172,0.7421441618766512,0.7314761152058292,4.708290461385499,4.545511409141675,15.841659526927732,8,7.0,1.5710442525571808,False,103.41161647563133,Mahalanobis gate,1
69.7,0,0.05559341535517758,7.014756531299771,-0.037759226362154404,-0.5531449664708302,7.449940200207622,-0.16483024675434246,65.0,7.270969989905868,0.09549744944771457,0.10364468808548555,7.015078444352501,7.472265208813636,7.272335703082683,0.4571867644611345,4.796055120650744,0.7590087531878381,0.7482962268996448,4.708290461385499,4.545511409141675,15.841659526927732,8,7.0,1.5710442525571808,False,103.41161647563133,Mahalanobis gate,1
69.80000000000001,0,0.05249101519465574,7.093665313958675,-0.032472964606317566,-0.567819994243606,7.559273950839879,-0.16143569238470534,65.0,7.270969989905868,0.09549744944771457,0.10364468808548555,7.093933844247979,7.582288816214065,7.272335703082683,0.48835497196608646,4.815454687593822,0.7862623838927632,0.7756140478154636,4.708290461385499,4.545511409141675,15.841659526927732,8,7.0,1.5710442525571808,False,103.41161647563133,Mahalanobis gate,1
69.9,0,0.049426693774474034,7.179923072871012,-0.027146953471776637,-0.5839145596211831,7.668497160726448,-0.1602585455476112,65.0,7.270969989905868,0.09549744944771457,0.10364468808548555,7.180144517172742,7.69236554763411,7.272335703082683,0.5122210304613679,4.847857782169513,0.8108911631788303,0.7998911066992512,4.708290461385499,4.545511409141675,15.841659526927732,8,7.0,1.5710442525571808,False,103.41161647563133,Mahalanobis gate,1
70.0,0,0.046655098300409426,7.264702272112613,-0.02236390337884606,-0.5973865839715803,7.775285545376593,-0.15863059797138807,65.0,7.270969989905868,0.09549744944771457,0.10364468808548555,7.2648865059827274,7.799814081724268,7.272335703082683,0.5349275757415404,4.862689305089496,0.8330987813554114,0.8218789250496051,4.708290461385499,4.545511409141675,15.841659526927732,8,7.0,1.5710442525571808,False,103.41161647563133,Mahalanobis gate,1
70.10000000000001,0,0.0440883508922223,7.348022891836889,-0.018077297315469004,-0.6395123373622044,7.590713275634502,-0.09312450922642967,65.0,7.270969989905868,0.09549744944771457,0.10364468808548555,7.348177392409738,7.61817407498352,7.272335703082683,0.2699966825737814,5.189612453541017,0.7292740276366402,0.7254023182825917,4.708290461385499,4.545511409141675,15.841659526927732,8,7.0,1.5710442525571808,False,103.41161647563133,Mahalanobis gate,1
70.2,0,0.04166941172664183,7.430021408248961,-0.013653638556417911,-0.649963797794517,7.689470661550324,-0.09232335994046932,65.0,7.270969989905868,0.09549744944771457,0.10364468808548555,7.43015079852067,7.717443592024327,7.272335703082683,0.28729279350365644,5.185263691656189,0.7428723555321051,0.7386950734580365,4.708290461385499,4.545511409141675,15.841659526927732,8,7.0,1.5710442525571808,False,103.41161647563133,Mahalanobis gate,1
70.30000000000001,0,0.0392848341301133,7.519876904347522,0.04578638313974157,-0.6660739588726416,7.797867192061653,-0.041768401317164035,65.0,7.270969989905868,0.09549744944771457,0.10364468808548555,7.52011890515123,7.826374119799561,7.272335703082683,0.3062552146483313,5.222687619061047,0.7632008039900009,0.7581620057281218,4.708290461385499,4.545511409141675,15.841659526927732,8,7.0,1.5710442525571808,False,103.41161647563133,Mahalanobis gate,1
70.4,0,0.03700721422341846,7.5941001513575195,0.0945165916193027,-0.6787694441370798,7.891224270266495,0.0005929049173067896,65.0,7.270969989905868,0.09549744944771457,0.10364468808548555,7.594778471347548,7.920362920565785,7.272335703082683,0.3255844492182369,5.243435980170486,0.7806667827023583,0.7749961075329066,4.708290461385499,4.545511409141675,15.841659526927732,8,7.0,1.5710442525571808,False,103.41161647563133,Mahalanobis gate,1
70.5,0,0.034697216164534195,7.6480048426849825,0.1431847592613647,-0.6894972757159966,7.964675002473328,0.043826889174159236,65.0,7.270969989905868,0.09549744944771457,0.10364468808548555,7.649423759070173,7.994584115791013,7.272335703082683,0.34516035672084033,5.262187884416705,0.7966239002934461,0.7904034742904894,4.708290461385499,4.545511409141675,15.841659526927732,8,7.0,1.5710442525571808,False,103.41161647563133,Mahalanobis gate,1
70.60000000000001,0,0.03229138663278051,7.682014696003464,0.19739719536810216,-0.697051497892278,8.017877871870086,0.09706176509746187,65.0,7.270969989905868,0.09549744944771457,0.10364468808548555,7.684618284339376,8.04870594227306,7.272335703082683,0.36408765793368314,5.26673691092325,0.8092047421253417,0.8029602207522775,4.708290461385499,4.545511409141675,15.841659526927732,8,7.0,1.5710442525571808,False,103.41161647563133,Mahalanobis gate,1
70.7,0,0.029831358356166,7.698898878973854,0.25621070914203875,-0.7017977516902991,8.05515102212668,0.1554482432199009,65.0,7.270969989905868,0.09549744944771457,0.10364468808548555,7.703218664044615,8.087159095125198,7.272335703082683,0.38394043108058273,5.261332848438652,0.8199694010797437,0.8137547199054292,4.708290461385499,4.545511409141675,15.841659526927732,8,7.0,1.5710442525571808,False,103.41161647563133,Mahalanobis gate,1
70.80000000000001,0,0.027445596378970993,7.702526667458895,0.3145229359729282,-0.7071317333626256,8.080004277104795,0.21401670511105575,65.0,7.270969989905868,0.09549744944771457,0.10364468808548555,7.708994422162275,8.113711084111067,7.272335703082683,0.4047166619487923,5.268027447327577,0.8319823925999495,0.8258893383221972,4.708290461385499,4.545511409141675,15.841659526927732,8,7.0,1.5710442525571808,False,103.41161647563133,Mahalanobis gate,1
70.9,0,0.025314773695556077,7.69723228734961,0.36718404517683306,-0.7074817969521037,8.0947466794512,0.26982117211256174,65.0,7.270969989905868,0.09549744944771457,0.10364468808548555,7.706026852160392,8.130083502795342,7.272335703082683,0.42405665063495057,5.245080487448021,0.8393378550573043,0.8336717014993773,4.708290461385499,4.545511409141675,15.841659526927732,8,7.0,1.5710442525571808,False,103.41161647563133,Mahalanobis gate,1
71.0,0,0.023603815303265694,7.687088422456043,0.40963664138685696,-0.7121183037648136,8.104421345226303,0.30987165287571383,65.0,7.270969989905868,0.09549744944771457,0.10364468808548555,7.698031419312428,8.141546429319956,7.272335703082683,0.4435150100075278,5.264259572969468,0.8517081999409314,0.8458450241704996,4.708290461385499,4.545511409141675,15.841659526927732,8,7.0,1.5710442525571808,False,103.41161647563133,Mahalanobis gate,1
71.10000000000001,0,0.022435301958508774,7.675394953780908,0.43858106296671484,-0.4664600022691509,7.949786872668701,0.390465693676712,65.0,7.270969989905868,0.09549744944771457,0.10364468808548555,7.687947995927939,7.9730270106472725,7.272335703082683,0.28507901471933383,3.5508852285768677,0.5626940842133445,0.5606331631706968,4.708290461385499,4.545511409141675,15.841659526927732,8,7.0,1.5710442525571808,False,103.41161647563133,Mahalanobis gate,1
71.2,0,0.02186595239939812,7.664519330278682,0.4529882526569686,-0.46402956685380137,7.957132784804525,0.4050826319049035,65.0,7.270969989905868,0.09549744944771457,0.10364468808548555,7.677925047897714,7.980938386718478,7.272335703082683,0.3030133388207634,3.5275136363060184,0.5692205529489642,0.5672011013740047,4.708290461385499,4.545511409141675,15.841659526927732,8,7.0,1.5710442525571808,False,103.41161647563133,Mahalanobis gate,1
71.30000000000001,0,0.02187750447830571,7.655823815939748,0.4536304671263967,-0.46641925334971357,7.969804418143618,0.391604116930276,65.0,7.270969989905868,0.09549744944771457,0.10364468808548555,7.669282725693306,7.993039670097577,7.272335703082683,0.3237569444042707,3.5559654431199896,0.5838362873137576,0.5805321199259009,4.708290461385499,4.545511409141675,15.841659526927732,8,7.0,1.5710442525571808,False,103.41161647563133,Mahalanobis gate,1
71.4,0,0.022379015683640764,7.649728421312893,0.4423407518253014,-0.4629001802097943,7.98128452614411,0.3764825830781521,65.0,7.270969989905868,0.09549744944771457,0.10364468808548555,7.662539466841954,8.003556609374789,7.272335703082683,0.3410171425328343,3.5357306455928685,0.5914073443985594,0.5877289754791983,4.708290461385499,4.545511409141675,15.841659526927732,8,7.0,1.5710442525571808,False,103.41161647563133,Mahalanobis gate,1
71.5,0,0.023231653847686502,7.6459882464195665,0.42181672447092744,-0.46135064313513274,7.994589228128545,0.3614981990079365,65.0,7.270969989905868,0.09549744944771457,0.10364468808548555,7.657650117573278,8.016045302411666,7.272335703082683,0.35839518483838795,3.5194137656656492,0.5999841427168207,0.5969444253844814,4.708290461385499,4.545511409141675,15.841659526927732,8,7.0,1.5710442525571808,False,103.41161647563133,Mahalanobis gate,1
71.60000000000001,0,0.024270098089199266,7.643955419282656,0.3951177978314109,-0.45912466162864873,8.01158041996598,0.33437152846946516,65.0,7.270969989905868,0.09549744944771457,0.10364468808548555,7.6541989498447895,8.031688527299158,7.272335703082683,0.3774895774543685,3.5051835035790795,0.6103349441835071,0.6073044004863546,4.708290461385499,4.545511409141675,15.841659526927732,8,7.0,1.5710442525571808,False,103.41161647563133,Mahalanobis gate,1
71.7,0,0.025333773055523624,7.642824873192278,0.3649226361757472,-0.4587348571114633,8.029809917479495,0.3008117077583232,65.0,7.270969989905868,0.09549744944771457,0.10364468808548555,7.651573849394466,8.04852611746434,7.272335703082683,0.3969522680698736,3.5067464763108287,0.6230490144091931,0.6197417713965413,4.708290461385499,4.545511409141675,15.841659526927732,8,7.0,1.5710442525571808,False,103.41161647563133,Mahalanobis gate,1
71.80000000000001,0,0.026294656463404786,7.641899921232806,0.33352360274166193,-0.45673994273412855,8.046666955508368,0.2679704295172366,65.0,7.270969989905868,0.09549744944771457,0.10364468808548555,7.649219816993251,8.064072706719275,7.272335703082683,0.4148528897260233,3.494269789411754,0.6336055512524703,0.6302053443586109,4.708290461385499,4.545511409141675,15.841659526927732,8,7.0,1.5710442525571808,False,103.41161647563133,Mahalanobis gate,1
71.9,0,0.027066260572066504,7.6406723753224215,0.30260122692294994,-0.4552574100597247,8.066541028626903,0.23190743695932364,65.0,7.270969989905868,0.09549744944771457,0.10364468808548555,7.646710039749893,8.082705273313662,7.272335703082683,0.43599523356376935,3.487406568330903,0.6473004287489066,0.64342849883969,4.708290461385499,4.545511409141675,15.841659526927732,8,7.0,1.5710442525571808,False,103.41161647563133,Mahalanobis gate,1
72.0,0,0.027609609156366528,7.638885825611491,0.2733012736902799,-0.45356037328191867,8.083682280453313,0.20397439463215924,65.0,7.270969989905868,0.09549744944771457,0.10364468808548555,7.64382316209936,8.098965475737755,7.272335703082683,0.45514231363839475,3.470172842663371,0.6589193079576984,0.6552621141493783,4.708290461385499,4.545511409141675,15.841659526927732,8,7.0,1.5710442525571808,False,103.41161647563133,Mahalanobis gate,1
72.10000000000001,0,0.027928444837537272,7.636480883122639,0.24608046002094874,-0.5131268058227948,8.537605243312894,0.15868191719534186,65.0,7.270969989905868,0.09549744944771457,0.10364468808548555,7.64049578686702,8.554483173187176,7.272335703082683,0.913987386320156,3.7308367619172063,1.0547058367542355,1.051078444644077,4.708290461385499,4.545511409141675,15.841659526927732,8,7.0,1.5710442525571808,False,103.41161647563133,Mahalanobis gate,1
72.2,0,0.028057924299581535,7.633554786526505,0.22107937388153973,-0.5142514206326587,8.561883178218373,0.13501652860954977,65.0,7.270969989905868,0.09549744944771457,0.10364468808548555,7.6368070563275054,8.578375577233679,7.272335703082683,0.9415685209061735,3.7246318691215325,1.0785637865969524,1.075124657154716,4.708290461385499,4.545511409141675,15.841659526927732,8,7.0,1.5710442525571808,False,103.41161647563133,Mahalanobis gate,1
72.30000000000001,0,0.02805448475700794,7.630293968300942,0.19825242634999965,-0.5152993183320821,8.589261219348296,0.1030571349984485,65.0,7.270969989905868,0.09549744944771457,0.10364468808548555,7.632920615423586,8.60532175195955,7.272335703082683,0.9724011365359644,3.7304893899765488,1.106306326208164,1.1022030411465475,4.708290461385499,4.545511409141675,15.841659526927732,8,7.0,1.5710442525571808,False,103.41161647563133,Mahalanobis gate,1
72.4,0,0.02798018093732876,7.626901889771232,0.1773741903424301,-0.5173293511135262,8.61360548371094,0.08352709397061597,65.0,7.270969989905868,0.09549744944771457,0.10364468808548555,7.629015462700342,8.6295310337217,7.272335703082683,1.0005155710213574,3.7286989093231866,1.1312620145379577,1.127362616037563,4.708290461385499,4.545511409141675,15.841659526927732,8,7.0,1.5710442525571808,False,103.41161647563133,Mahalanobis gate,1
72.5,0,0.027893691501247146,7.623561285246429,0.1581626193675844,-0.518677297997019,8.63988717359111,0.05863270361905375,65.0,7.270969989905868,0.09549744944771457,0.10364468808548555,7.625252792012797,8.655640606319983,7.272335703082683,1.0303878143071854,3.7316181798967336,1.1582591946579261,1.1539749381510493,4.708290461385499,4.545511409141675,15.841659526927732,8,7.0,1.5710442525571808,False,103.41161647563133,Mahalanobis gate,1
72.60000000000001,0,0.027842654179132894,7.620412661440067,0.14039992750205205,-0.5219026499713566,8.664032294509859,0.04050559938754093,65.0,7.270969989905868,0.09549744944771457,0.10364468808548555,7.621756784604873,8.679831719563383,7.272335703082683,1.0580749349585101,3.740253432618098,1.1837823764331392,1.1795600188054192,4.708290461385499,4.545511409141675,15.841659526927732,8,7.0,1.5710442525571808,False,103.41161647563133,Mahalanobis gate,1
72.7,0,0.027859771563940254,7.617543649249786,0.1239495439947771,-0.522640531503047,8.689603487215141,0.021695533659965467,65.0,7.270969989905868,0.09549744944771457,0.10364468808548555,7.618602949659068,8.705333571229314,7.272335703082683,1.0867306215702461,3.7356560978305837,1.209470447131595,1.2051401909550392,4.708290461385499,4.545511409141675,15.841659526927732,8,7.0,1.5710442525571808,False,103.41161647563133,Mahalanobis gate,1
72.80000000000001,0,0.027962402412209077,7.614993996847996,0.1087231308714576,-0.5240257818620506,8.715365906730408,0.0033017418555422715,65.0,7.270969989905868,0.09549744944771457,0.10364468808548555,7.615821438765892,8.731106276397863,7.272335703082683,1.1152848376319717,3.7369531703722174,1.235565848062622,1.2310602323349826,4.708290461385499,4.545511409141675,15.841659526927732,8,7.0,1.5710442525571808,False,103.41161647563133,Mahalanobis gate,1
72.9,0,0.028153814746220463,7.6127616487858445,0.09465480365799252,-0.5261809393025094,8.741917389697543,-0.010376641422897615,65.0,7.270969989905868,0.09549744944771457,0.10364468808548555,7.613402136388493,8.757744784125007,7.272335703082683,1.1443426477365142,3.7386398349274614,1.2622643586966606,1.2578870007994007,4.708290461385499,4.545511409141675,15.841659526927732,8,7.0,1.5710442525571808,False,103.41161647563133,Mahalanobis gate,1
73.0,0,0.02842647014886871,7.610823701411076,0.08176005200212141,-0.5266878354484313,8.768594644546397,-0.025166223544565904,65.0,7.270969989905868,0.09549744944771457,0.10364468808548555,7.611315929868442,8.784434270639435,7.272335703082683,1.1731183407709933,3.7336027337401787,1.2884171209082522,1.2839725265936275,4.708290461385499,4.545511409141675,15.841659526927732,8,7.0,1.5710442525571808,False,103.41161647563133,Mahalanobis gate,1
73.10000000000001,1,0.02876681826978281,7.609142704584455,0.07002627512761576,-0.13929423955476625,8.518398006397316,0.04983583498013848,73.0,-0.017295327026054963,6.630208716271899,0.662739684785941,7.60951929544649,8.519682569850538,6.66327176689162,0.9101632744040478,1.1692927786896536,0.9248769523051442,0.9246565432807488,1.1411862274074478,0.9478526408092893,5.114763848898439,8,7.0,2.0529340271046306,False,16.817962997031703,Mahalanobis gate,1
73.2,0,0.029157867097314327,7.607678528370471,0.05945375248908226,-0.1346334353898467,8.542851708834988,0.038389071174504706,73.0,-0.017295327026054963,6.630208716271899,0.662739684785941,7.607966713973438,8.543998782880026,6.66327176689162,0.936032068906588,1.1384877739777377,0.9496421373493519,0.9494084833361036,1.1411862274074478,0.9478526408092893,5.114763848898439,8,7.0,2.0529340271046306,False,16.817962997031703,Mahalanobis gate,1
73.30000000000001,0,0.029582788105941858,7.606394315229043,0.05001273708005185,-0.13096477668091627,8.569786761205224,0.02310696643008646,73.0,-0.017295327026054963,6.630208716271899,0.662739684785941,7.606616257835744,8.570818562842,6.66327176689162,0.964202305006256,1.1206154457214201,0.977048845256586,0.9766783122005728,1.1411862274074478,0.9478526408092893,5.114763848898439,8,7.0,2.0529340271046306,False,16.817962997031703,Mahalanobis gate,1
73.4,0,0.030027256002594087,7.605260148625099,0.04166018733645223,-0.1267981029141309,8.594946141684666,0.016636948960213265,73.0,-0.017295327026054963,6.630208716271899,0.662739684785941,7.605433527128945,8.5958974938882,6.66327176689162,0.9904639667592559,1.09046333819404,1.0023466069760971,1.0020342100236201,1.1411862274074478,0.9478526408092893,5.114763848898439,8,7.0,2.0529340271046306,False,16.817962997031703,Mahalanobis gate,1
73.5,0,0.030480203519933753,7.604254070634122,0.03434236923795454,-0.12441798706085959,8.62023633110123,0.008895336591052077,73.0,-0.017295327026054963,6.630208716271899,0.662739684785941,7.604392705001965,8.621138751148536,6.66327176689162,1.0167460461465705,1.075255421817849,1.0280374285499492,1.0277224348183995,1.1411862274074478,0.9478526408092893,5.114763848898439,8,7.0,2.0529340271046306,False,16.817962997031703,Mahalanobis gate,1
73.60000000000001,0,0.030934539361696455,7.603359305071098,0.027967283947683788,-0.12039276592324283,8.645454844950647,0.0031283481989723837,73.0,-0.017295327026054963,6.630208716271899,0.662739684785941,7.603473669100734,8.64629363835914,6.66327176689162,1.0428199692584057,1.0482953943342317,1.0533185844229551,1.053025672793237,1.1411862274074478,0.9478526408092893,5.114763848898439,8,7.0,2.0529340271046306,False,16.817962997031703,Mahalanobis gate,1
73.7,0,0.031386704193976975,7.602565447509622,0.02245736789732609,-0.11700284294604293,8.674650492209507,-0.007745187556498852,73.0,-0.017295327026054963,6.630208716271899,0.662739684785941,7.602663404507673,8.6754429751557,6.66327176689162,1.0727795706480272,1.0330761314078032,1.082727110183132,1.082305779698868,1.1411862274074478,0.9478526408092893,5.114763848898439,8,7.0,2.0529340271046306,False,16.817962997031703,Mahalanobis gate,1
73.80000000000001,0,0.03183598933119819,7.601865301861609,0.017729935345920687,-0.1140010618066351,8.701916306451299,-0.013146160167051796,73.0,-0.017295327026054963,6.630208716271899,0.662739684785941,7.601952640504382,8.70267294962319,6.66327176689162,1.1007203091188087,1.0146956788337562,1.1101053965536298,1.1096759248462433,1.1411862274074478,0.9478526408092893,5.114763848898439,8,7.0,2.0529340271046306,False,16.817962997031703,Mahalanobis gate,1
73.9,0,0.03228372385661488,7.601253118395352,0.013700383275291161,-0.11234276872610165,8.734050230730569,-0.028249271159726242,73.0,-0.017295327026054963,6.630208716271899,0.662739684785941,7.601334021686128,8.734818392613025,6.66327176689162,1.1334843709268974,1.0218660732131446,1.1427623959419568,1.1419921716333192,1.1411862274074478,0.9478526408092893,5.114763848898439,8,7.0,2.0529340271046306,False,16.817962997031703,Mahalanobis gate,1
74.0,0,0.03273248247234492,7.6007234264975025,0.010284981653824883,-0.11125619970233187,8.762238592308274,-0.031008233509449146,73.0,-0.017295327026054963,6.630208716271899,0.662739684785941,7.600800865853832,8.762999749004564,6.66327176689162,1.1621988831507322,1.0137151688942734,1.1711342154600997,1.1704060069065019,1.1411862274074478,0.9478526408092893,5.114763848898439,8,7.0,2.0529340271046306,False,16.817962997031703,Mahalanobis gate,1
74.10000000000001,0,0.03318531834002095,7.600270459157167,0.007406216774312642,0.3828681256692144,8.25818100043696,-0.05046942794676784,73.0,-0.017295327026054963,6.630208716271899,0.662739684785941,7.600346516425243,8.267205610167725,6.66327176689162,0.6668590937424819,2.43825275582626,0.7473111375595687,0.7450666722305432,1.1411862274074478,0.9478526408092893,5.114763848898439,8,7.0,2.0529340271046306,False,16.817962997031703,Mahalanobis gate,1
74.2,0,0.033644831446029186,7.599888065787676,0.0049982810475661015,0.39102326079099586,8.279298712376566,-0.04875455841831943,73.0,-0.017295327026054963,6.630208716271899,0.662739684785941,7.599964182152334,8.288670784040495,6.66327176689162,0.6887066018881605,2.478838062129548,0.7695502168215236,0.767670611955029,1.1411862274074478,0.9478526408092893,5.114763848898439,8,7.0,2.0529340271046306,False,16.817962997031703,Mahalanobis gate,1
74.30000000000001,0,0.03411335703372741,7.59957001327959,0.003007656704409389,0.3998513426713564,8.301561968690303,-0.057785735125782056,73.0,-0.017295327026054963,6.630208716271899,0.662739684785941,7.599647172985421,8.311386852230218,6.66327176689162,0.711739679244797,2.5355569647723435,0.7938846365120349,0.7915535228900359,1.1411862274074478,0.9478526408092893,5.114763848898439,8,7.0,2.0529340271046306,False,16.817962997031703,Mahalanobis gate,1
74.4,0,0.03459251419548663,7.5993088441030965,0.0013741868256751636,0.4095177026636135,8.322358499663776,-0.05913893372436736,73.0,-0.017295327026054963,6.630208716271899,0.662739684785941,7.599387701551444,8.33263782719511,6.66327176689162,0.733250125643667,2.5900346141025214,0.8167199881923929,0.8144751078788587,1.1411862274074478,0.9478526408092893,5.114763848898439,8,7.0,2.0529340271046306,False,16.817962997031703,Mahalanobis gate,1
74.5,0,0.03508308826419105,7.599097681463933,5.231275146732735e-05,0.42171912971363384,8.342925731950396,-0.05868047419537207,73.0,-0.017295327026054963,6.630208716271899,0.662739684785941,7.599178666030251,8.353783585373654,6.66327176689162,0.7546049193434028,2.659877110277906,0.8403672634632617,0.8383123506415662,1.1411862274074478,0.9478526408092893,5.114763848898439,8,7.0,2.0529340271046306,False,16.817962997031703,Mahalanobis gate,1
74.60000000000001,0,0.03558520924992137,7.598929537980697,-0.001000667477448773,0.4313110138765732,8.364654753463597,-0.06016371542663391,73.0,-0.017295327026054963,6.630208716271899,0.662739684785941,7.599012924824401,8.375983405426872,6.66327176689162,0.7769704806024711,2.7136669621898126,0.8639642841671071,0.8619362030183814,1.1411862274074478,0.9478526408092893,5.114763848898439,8,7.0,2.0529340271046306,False,16.817962997031703,Mahalanobis gate,1
74.7,0,0.03609847845521476,7.598797895211061,-0.0018228068823249578,0.4425493369304383,8.388216486843671,-0.06333144626436937,73.0,-0.017295327026054963,6.630208716271899,0.662739684785941,7.598883857188223,8.40012122637879,6.66327176689162,0.8012373691905665,2.7794717792174355,0.8900378227295118,0.8879099127560518,1.1411862274074478,0.9478526408092893,5.114763848898439,8,7.0,2.0529340271046306,False,16.817962997031703,Mahalanobis gate,1
74.80000000000001,0,0.036622213901413445,7.598697141550855,-0.002445563817809433,0.45265867190161696,8.412008672226094,-0.06391428691136009,73.0,-0.017295327026054963,6.630208716271899,0.662739684785941,7.598785785659874,8.424421333891493,6.66327176689162,0.8256355482316184,2.834735984509629,0.9156092967163485,0.9135436389766253,1.1411862274074478,0.9478526408092893,5.114763848898439,8,7.0,2.0529340271046306,False,16.817962997031703,Mahalanobis gate,1
74.9,0,0.037155471939700764,7.598622102652402,-0.002899153214936792,0.46413215781286193,8.434194716355432,-0.06310816357807097,73.0,-0.017295327026054963,6.630208716271899,0.662739684785941,7.598713495921664,8.447191356517507,6.66327176689162,0.8484778605958434,2.8982163437626673,0.9402743259169893,0.9383446504615138,1.1411862274074478,0.9478526408092893,5.114763848898439,8,7.0,2.0529340271046306,False,16.817962997031703,Mahalanobis gate,1
75.0,0,0.03769730526092599,7.59856823915567,-0.003211192309711201,0.4766421842279554,8.458568845481311,-0.063269357864833,73.0,-0.017295327026054963,6.630208716271899,0.662739684785941,7.598662427275295,8.472223893239441,6.66327176689162,0.873561465964146,2.9685156379172564,0.9674092375523906,0.9655431889107039,1.1411862274074478,0.9478526408092893,5.114763848898439,8,7.0,2.0529340271046306,False,16.817962997031703,Mahalanobis gate,1
75.10000000000001,0,0.038246886968817936,7.598531870316202,-0.0034044400221602887,0.316231794467571,8.1356017700184,0.015103245786707305,73.0,-0.017295327026054963,6.630208716271899,0.662739684785941,7.598628889397461,8.141759442294521,6.66327176689162,0.5431305528970602,1.9420668602195208,0.6050307598769007,0.6047476217094369,1.1411862274074478,0.9478526408092893,5.114763848898439,8,7.0,2.0529340271046306,False,16.817962997031703,Mahalanobis gate,1
75.2,0,0.03880349941295855,7.598509814184146,-0.0034995704873506967,0.3234344134114281,8.152929838028479,0.016180596910136156,73.0,-0.017295327026054963,6.630208716271899,0.662739684785941,7.59860969880761,8.15935883359166,6.66327176689162,0.560749134784051,1.9841400236879285,0.6235251631104779,0.6232145056424433,1.1411862274074478,0.9478526408092893,5.114763848898439,8,7.0,2.0529340271046306,False,16.817962997031703,Mahalanobis gate,1
75.30000000000001,0,0.03936655680357212,7.59849928498278,-0.003516092622812252,0.33142558153709206,8.173520597804222,0.012139916933950478,73.0,-0.017295327026054963,6.630208716271899,0.662739684785941,7.598602073578121,8.180246283359091,6.66327176689162,0.5816442097809702,2.028228611791236,0.6451302928575212,0.6449402950096929,1.1411862274074478,0.9478526408092893,5.114763848898439,8,7.0,2.0529340271046306,False,16.817962997031703,Mahalanobis gate,1
75.4,0,0.03993576690827133,7.5984980849428165,-0.003469034749326145,0.3403447473316573,8.191503173288918,0.01106199902600206,73.0,-0.017295327026054963,6.630208716271899,0.662739684785941,7.598603822187356,8.19857799577836,6.66327176689162,0.5999741735910034,2.0806302117696625,0.6649148376040093,0.6647560382000199,1.1411862274074478,0.9478526408092893,5.114763848898439,8,7.0,2.0529340271046306,False,16.817962997031703,Mahalanobis gate,1
75.5,0,0.040510827350019124,7.59850425742966,-0.0033726004472819926,0.35015938066970603,8.209601579610235,0.01511757501142778,73.0,-0.017295327026054963,6.630208716271899,0.662739684785941,7.598612995260584,8.217079665482384,6.66327176689162,0.6184666702217996,2.140859369513616,0.6853203997676838,0.6850709187735559,1.1411862274074478,0.9478526408092893,5.114763848898439,8,7.0,2.0529340271046306,False,16.817962997031703,Mahalanobis gate,1
75.60000000000001,0,0.04109161095279314,7.59851605239762,-0.003240073622186906,0.35657470347223597,8.228635804572834,0.014643743499933443,73.0,-0.017295327026054963,6.630208716271899,0.662739684785941,7.598627850942042,8.236370994720795,6.66327176689162,0.6377431437787537,2.1750934160098767,0.7049115651355439,0.7046846697261014,1.1411862274074478,0.9478526408092893,5.114763848898439,8,7.0,2.0529340271046306,False,16.817962997031703,Mahalanobis gate,1
75.7,0,0.0416782610862991,7.598532246907545,-0.0030788308120710058,0.3655944887929388,8.249319944903037,0.010816301224303815,73.0,-0.017295327026054963,6.630208716271899,0.662739684785941,7.5986471732763174,8.25742428823801,6.66327176689162,0.6587771149616923,2.2254851859291347,0.7270759417889445,0.7269431548848729,1.1411862274074478,0.9478526408092893,5.114763848898439,8,7.0,2.0529340271046306,False,16.817962997031703,Mahalanobis gate,1
75.80000000000001,0,0.042270753303419034,7.5985515178384375,-0.0028988419976141272,0.3725964216666691,8.268141661764725,0.011681146162858504,73.0,-0.017295327026054963,6.630208716271899,0.662739684785941,7.598669646004792,8.276541009481198,6.66327176689162,0.677871363476406,2.2638353944011764,0.7467788053216384,0.7466364630948946,1.1411862274074478,0.9478526408092893,5.114763848898439,8,7.0,2.0529340271046306,False,16.817962997031703,Mahalanobis gate,1
75.9,0,0.042869320705269554,7.598572859031343,-0.002706483117781142,0.380784554063027,8.286011069005237,0.014894312072444857,73.0,-0.017295327026054963,6.630208716271899,0.662739684785941,7.5986942692620785,8.29476932487109,6.66327176689162,0.6960750556090121,2.3112267536935693,0.7662034882840643,0.7660013038287466,1.1411862274074478,0.9478526408092893,5.114763848898439,8,7.0,2.0529340271046306,False,16.817962997031703,Mahalanobis gate,1
76.0,0,0.04347383604255092,7.5985955149474735,-0.0025070019194047377,0.3910104469324297,8.306009707705158,0.016536343475987866,73.0,-0.017295327026054963,6.630208716271899,0.662739684785941,7.598720290894957,8.315224584144326,6.66327176689162,0.7165042932493693,2.3711640690505154,0.7884029331678551,0.7881729099784065,1.1411862274074478,0.9478526408092893,5.114763848898439,8,7.0,2.0529340271046306,False,16.817962997031703,Mahalanobis gate,1
76.10000000000001,0,0.0440845274349411,7.598618504738809,-0.0023082106950373022,0.3745225618677013,7.9461126530867325,0.028866627330342207,73.0,-0.017295327026054963,6.630208716271899,0.662739684785941,7.5987467357423375,7.95498628075916,6.66327176689162,0.3562395450168223,2.37680636280578,0.48053444024517455,0.4795221347715188,1.1411862274074478,0.9478526408092893,5.114763848898439,8,7.0,2.0529340271046306,False,16.817962997031703,Mahalanobis gate,1
76.2,0,0.044701558754530024,7.598641294571303,-0.002112123394290135,0.37963611495553057,7.959334808071587,0.027193033317047515,73.0,-0.017295327026054963,6.630208716271899,0.662739684785941,7.598773072936484,7.96842980943043,6.66327176689162,0.3696567364939458,2.403024621551292,0.4930920399160956,0.49222044616080346,1.1411862274074478,0.9478526408092893,5.114763848898439,8,7.0,2.0529340271046306,False,16.817962997031703,Mahalanobis gate,1
76.30000000000001,0,0.045325019086247184,7.598663557508651,-0.0019202297249726436,0.38767813159820774,7.975120565184217,0.012273425920558774,73.0,-0.017295327026054963,6.630208716271899,0.662739684785941,7.5987989777890155,7.984547138061591,6.66327176689162,0.3857481602725752,2.4434056555942063,0.5090451769099207,0.5088472582953243,1.1411862274074478,0.9478526408092893,5.114763848898439,8,7.0,2.0529340271046306,False,16.817962997031703,Mahalanobis gate,1
76.4,0,0.0459548629708577,7.598684848737982,-0.001735576498403009,0.3985826145718676,7.989471042411635,0.01261054114379702,73.0,-0.017295327026054963,6.630208716271899,0.662739684785941,7.598824007180099,7.999417145262582,6.66327176689162,0.400593138082483,2.5116549140642834,0.5265605297176474,0.5263650637771524,1.1411862274074478,0.9478526408092893,5.114763848898439,8,7.0,2.0529340271046306,False,16.817962997031703,Mahalanobis gate,1
76.5,0,0.04659118415573811,7.598704783720283,-0.0015604704381451874,0.40869103823194924,8.005528074607664,0.010140829438441593,73.0,-0.017295327026054963,6.630208716271899,0.662739684785941,7.598847778686091,8.015959765024043,6.66327176689162,0.417111986337952,2.572552381015848,0.544755371473521,0.5446296855024082,1.1411862274074478,0.9478526408092893,5.114763848898439,8,7.0,2.0529340271046306,False,16.817962997031703,Mahalanobis gate,1
76.60000000000001,0,0.047234019553099735,7.5987232931098605,-0.0013951001168101581,0.4161803120490127,8.020382230544671,0.008774687431921063,73.0,-0.017295327026054963,6.630208716271899,0.662739684785941,7.598870224195031,8.031177632907484,6.66327176689162,0.432307408712453,2.615306206572938,0.5603758121510238,0.5602835231069473,1.1411862274074478,0.9478526408092893,5.114763848898439,8,7.0,2.0529340271046306,False,16.817962997031703,Mahalanobis gate,1
76.7,0,0.047883583159224884,7.598740296938603,-0.001239461680844548,0.42749238464826717,8.037082981216729,0.0016195148713338396,73.0,-0.017295327026054963,6.630208716271899,0.662739684785941,7.598891266107181,8.048444272573692,6.66327176689162,0.44955300646651075,2.683728611022943,0.5798752665660314,0.5798682186739502,1.1411862274074478,0.9478526408092893,5.114763848898439,8,7.0,2.0529340271046306,False,16.817962997031703,Mahalanobis gate,1
76.80000000000001,0,0.04853957227110671,7.598755555239377,-0.0010954386233877555,0.4380872244183682,8.052506568588047,0.0032831415978193624,73.0,-0.017295327026054963,6.630208716271899,0.662739684785941,7.59891066392699,8.06441524429211,6.66327176689162,0.46550458036512055,2.7482307971830227,0.5980439175956416,0.5980278884871415,1.1411862274074478,0.9478526408092893,5.114763848898439,8,7.0,2.0529340271046306,False,16.817962997031703,Mahalanobis gate,1
76.9,0,0.04920233189095618,7.598769079586268,-0.0009632830927319432,0.44879994855056804,8.068871798872589,-0.0035834175711754674,73.0,-0.017295327026054963,6.630208716271899,0.662739684785941,7.598928432499819,8.081344339980934,6.66327176689162,0.48241590748111474,2.8126480918229504,0.6169940737358186,0.6169885103633905,1.1411862274074478,0.9478526408092893,5.114763848898439,8,7.0,2.0529340271046306,False,16.817962997031703,Mahalanobis gate,1
77.0,0,0.04987193995599805,7.59878096326346,-0.0008418704815860257,0.4592908164013182,8.084374288486355,-0.0036771214646392028,73.0,-0.017295327026054963,6.630208716271899,0.662739684785941,7.598944666649181,8.097411266052388,6.66327176689162,0.4984665994032076,2.8756337956876727,0.6351635478669364,0.6351572198210275,1.1411862274074478,0.9478526408092893,5.114763848898439,8,7.0,2.0529340271046306,False,16.817962997031703,Mahalanobis gate,1
77.10000000000001,0,0.050548507168798024,7.5987911184325565,-0.0007315705767743983,0.14305780961265296,7.9787459925340425,0.011500647172819619,73.0,-0.017295327026054963,6.630208716271899,0.662739684785941,7.598959280608233,7.980036680063232,6.66327176689162,0.3810773994549983,0.652036826716663,0.39124583645477706,0.3910545708620789,1.1411862274074478,0.9478526408092893,5.114763848898439,8,7.0,2.0529340271046306,False,16.817962997031703,Mahalanobis gate,1
77.2,0,0.051232117747127194,7.598799621475027,-0.0006318524326829563,0.149563617490307,7.993226641761702,0.014440954117054877,73.0,-0.017295327026054963,6.630208716271899,0.662739684785941,7.598972352657652,7.994638826326157,6.66327176689162,0.3956664736685047,0.6941567554239059,0.406778745353361,0.40649939504748184,1.1411862274074478,0.9478526408092893,5.114763848898439,8,7.0,2.0529340271046306,False,16.817962997031703,Mahalanobis gate,1
77.30000000000001,0,0.05192287900213934,7.598806617757342,-0.000541600306891124,0.15455093898906033,8.00753174304061,0.013229346458848455,73.0,-0.017295327026054963,6.630208716271899,0.662739684785941,7.598984030300862,8.009034000686546,6.66327176689162,0.4100499703856837,0.7210041668328953,0.4216377422733021,0.42141279849395025,1.1411862274074478,0.9478526408092893,5.114763848898439,8,7.0,2.0529340271046306,False,16.817962997031703,Mahalanobis gate,1
77.4,0,0.0526209362798495,7.59881208916929,-0.0004609545371699869,0.1602800985365296,8.021717129557711,0.012975618765412686,73.0,-0.017295327026054963,6.630208716271899,0.662739684785941,7.598994298058093,8.023328722127047,6.66327176689162,0.42433442406895416,0.754054100949206,0.4366001716741046,0.4363933642984754,1.1411862274074478,0.9478526408092893,5.114763848898439,8,7.0,2.0529340271046306,False,16.817962997031703,Mahalanobis gate,1
77.5,0,0.053326609627781664,7.598816122904274,-0.0003891356748530473,0.16455758113707494,8.036061237239702,0.011925920071828593,73.0,-0.017295327026054963,6.630208716271899,0.662739684785941,7.599003247033844,8.03775476322497,6.66327176689162,0.43875151619112707,0.7760224855184864,0.45133942840299995,0.45117138543252366,1.1411862274074478,0.9478526408092893,5.114763848898439,8,7.0,2.0529340271046306,False,16.817962997031703,Mahalanobis gate,1
77.60000000000001,0,0.0540396710666291,7.598818830287972,-0.0003253993755131603,0.16682087392014036,8.051277832756133,0.012888172691241803,73.0,-0.017295327026054963,6.630208716271899,0.662739684785941,7.599010988771684,8.05301620817946,6.66327176689162,0.4540052194077768,0.7851949583251321,0.46649045769268577,0.4663032796706111,1.1411862274074478,0.9478526408092893,5.114763848898439,8,7.0,2.0529340271046306,False,16.817962997031703,Mahalanobis gate,1
77.7,0,0.05476055404726852,7.59882028904413,-0.00026934537870112996,0.1717775606219378,8.067388720652628,0.010603632808303478,73.0,-0.017295327026054963,6.630208716271899,0.662739684785941,7.599017605981395,8.06922429589581,6.66327176689162,0.4702066899144146,0.8106088543282092,0.48308133536952086,0.4829589578087815,1.1411862274074478,0.9478526408092893,5.114763848898439,8,7.0,2.0529340271046306,False,16.817962997031703,Mahalanobis gate,1
77.80000000000001,0,0.05548949151629905,7.598820548860112,-0.00022045977515003246,0.17724291226156536,8.083927766286791,0.011042349771577259,73.0,-0.017295327026054963,6.630208716271899,0.662739684785941,7.599023152093297,8.085878128810624,6.66327176689162,0.4868549767173267,0.841442825520736,0.500279680520322,0.5001528844889626,1.1411862274074478,0.9478526408092893,5.114763848898439,8,7.0,2.0529340271046306,False,16.817962997031703,Mahalanobis gate,1
77.9,0,0.05622659554126394,7.598819734608631,-0.00017777834511379636,0.18162739957044455,8.101913926501334,-0.0019889129911990766,73.0,-0.017295327026054963,6.630208716271899,0.662739684785941,7.599027754965031,8.10394976172026,6.66327176689162,0.5049220067552289,0.8603806658227705,0.518490508858208,0.5184873456192901,1.1411862274074478,0.9478526408092893,5.114763848898439,8,7.0,2.0529340271046306,False,16.817962997031703,Mahalanobis gate,1
78.0,0,0.05697211141185979,7.598817907618588,-0.00014080589278343868,0.1836340447143586,8.118994826909475,-0.001340446796257157,73.0,-0.017295327026054963,6.630208716271899,0.662739684785941,7.599031480027567,8.121071373812608,6.66327176689162,0.522039893785041,0.8661591085284412,0.5353771678444852,0.5353758238012666,1.1411862274074478,0.9478526408092893,5.114763848898439,8,7.0,2.0529340271046306,False,16.817962997031703,Mahalanobis gate,1
78.10000000000001,0,0.05772611796553912,7.598815133556176,-0.00010907354276873977,0.6284058285288707,8.137353306658676,0.01741439691805881,73.0,-0.017295327026054963,6.630208716271899,0.662739684785941,7.599034395931812,8.161600087233996,6.66327176689162,0.5625656913021837,3.9825403460481743,0.7848603493324262,0.7846647028745631,1.1411862274074478,0.9478526408092893,5.114763848898439,8,7.0,2.0529340271046306,False,16.817962997031703,Mahalanobis gate,1
78.2,0,0.0584888482473294,7.598811522515987,-8.174615495050295e-05,0.6410073256638343,8.155922861964461,0.01963071999030663,73.0,-0.017295327026054963,6.630208716271899,0.662739684785941,7.599036617017546,8.18109732780613,6.66327176689162,0.5820607107885838,4.055217203360342,0.8062812179353079,0.8060402105811568,1.1411862274074478,0.9478526408092893,5.114763848898439,8,7.0,2.0529340271046306,False,16.817962997031703,Mahalanobis gate,1
78.30000000000001,0,0.05926053198772775,7.598807079448737,-5.876379402594231e-05,0.6551349236851046,8.17466319211515,0.008736369795989726,73.0,-0.017295327026054963,6.630208716271899,0.662739684785941,7.599038152607532,8.200877782098166,6.66327176689162,0.6018396294906339,4.135647691549423,0.8287061647839098,0.828659491694864,1.1411862274074478,0.9478526408092893,5.114763848898439,8,7.0,2.0529340271046306,False,16.817962997031703,Mahalanobis gate,1
78.4,0,0.060041394630707484,7.5988019224683185,-3.927698595516251e-05,0.6706790871070227,8.193940041947071,0.010335576664522375,73.0,-0.017295327026054963,6.630208716271899,0.662739684785941,7.599039125278939,8.221348470479235,6.66327176689162,0.6223093452002963,4.227172730217392,0.8527458063911976,0.852682691702784,1.1411862274074478,0.9478526408092893,5.114763848898439,8,7.0,2.0529340271046306,False,16.817962997031703,Mahalanobis gate,1
78.5,0,0.060831595415841815,7.598796111155515,-2.274206991376633e-05,0.6842337339138913,8.212607457933983,0.0008629934737334719,73.0,-0.017295327026054963,6.630208716271899,0.662739684785941,7.599039598688127,8.241061691644855,6.66327176689162,0.6420220929567284,4.30393801732261,0.8748687788722321,0.8748683305034748,1.1411862274074478,0.9478526408092893,5.114763848898439,8,7.0,2.0529340271046306,False,16.817962997031703,Mahalanobis gate,1
78.60000000000001,0,0.06163140956684027,7.598789611587098,-9.388083011629733e-06,0.6974295743332661,8.230963587124162,0.0008236459308465572,73.0,-0.017295327026054963,6.630208716271899,0.662739684785941,7.599039544040901,8.260458235601167,6.66327176689162,0.6614186915602662,4.378547936449122,0.8965957481565252,0.8965953611672832,1.1411862274074478,0.9478526408092893,5.114763848898439,8,7.0,2.0529340271046306,False,16.817962997031703,Mahalanobis gate,1
78.7,0,0.06244103029525178,7.598782530402106,1.4869375428643092e-06,0.7112770378644692,8.249736248071674,0.006937362613218662,73.0,-0.017295327026054963,6.630208716271899,0.662739684785941,7.599039072580873,8.280344878949244,6.66327176689162,0.6813058063683703,4.457205446779172,0.9191175189482469,0.9190913487059883,1.1411862274074478,0.9478526408092893,5.114763848898439,8,7.0,2.0529340271046306,False,16.817962997031703,Mahalanobis gate,1
78.80000000000001,0,0.06326078726003201,7.598774991787627,1.0892359442239826e-05,0.7259182568978615,8.269402597516482,0.007111140299650304,73.0,-0.017295327026054963,6.630208716271899,0.662739684785941,7.599038314361921,8.301206370391375,6.66327176689162,0.7021680560294543,4.540052166712854,0.9428184985209189,0.9427917626031889,1.1411862274074478,0.9478526408092893,5.114763848898439,8,7.0,2.0529340271046306,False,16.817962997031703,Mahalanobis gate,1
78.9,0,0.06409086142530092,7.5987668546263665,1.7902741895423844e-05,0.7387214452000455,8.289737373527798,-7.770537619832088e-05,73.0,-0.017295327026054963,6.630208716271899,0.662739684785941,7.599037133071994,8.322587043804354,6.66327176689162,0.72354991073236,4.609091717125928,0.9656949268252775,0.9656949220924618,1.1411862274074478,0.9478526408092893,5.114763848898439,8,7.0,2.0529340271046306,False,16.817962997031703,Mahalanobis gate,1
79.0,0,0.06493158009234602,7.598758215081202,2.3121789085737955e-05,0.7524231287786579,8.311727641408641,-0.000625164253547884,73.0,-0.017295327026054963,6.630208716271899,0.662739684785941,7.599035631045032,8.345714908892338,6.66327176689162,0.7466792778473064,4.683049152710934,0.9904395249926038,0.9904393128267787,1.1411862274074478,0.9478526408092893,5.114763848898439,8,7.0,2.0529340271046306,False,16.817962997031703,Mahalanobis gate,1
79.10000000000001,0,0.06578314671705901,7.598749234231217,2.7816193021496243e-05,0.5533527634668026,8.217485096156047,0.0036839678661888526,73.0,-0.017295327026054963,6.630208716271899,0.662739684785941,7.599033974650675,8.23609580796644,6.66327176689162,0.637061833315764,3.356486655979532,0.7877636482184301,0.7877551637465496,1.1411862274074478,0.9478526408092893,5.114763848898439,8,7.0,2.0529340271046306,False,16.817962997031703,Mahalanobis gate,1
79.2,0,0.06664589178644682,7.598739777740837,3.113253220031493e-05,0.563114198543876,8.236962484534455,0.0042998875312592905,73.0,-0.017295327026054963,6.630208716271899,0.662739684785941,7.599032036100526,8.256189621203145,6.66327176689162,0.6571575851026186,3.4085208776308416,0.8085958356007057,0.8085845676746258,1.1411862274074478,0.9478526408092893,5.114763848898439,8,7.0,2.0529340271046306,False,16.817962997031703,Mahalanobis gate,1
79.30000000000001,0,0.06752012690725641,7.59872981780752,3.278736537676878e-05,0.5739848307244837,8.257763534478409,-0.003572881917015385,73.0,-0.017295327026054963,6.630208716271899,0.662739684785941,7.599029794167785,8.277688683608991,6.66327176689162,0.6786588894412064,3.467138387002543,0.8311708228593513,0.8311630020168831,1.1411862274074478,0.9478526408092893,5.114763848898439,8,7.0,2.0529340271046306,False,16.817962997031703,Mahalanobis gate,1
79.4,0,0.0684062082522067,7.598719596627128,3.462131065165306e-05,0.586014371552484,8.278535962323717,-0.003884745328822561,73.0,-0.017295327026054963,6.630208716271899,0.662739684785941,7.599027498219178,8.299252111750757,6.66327176689162,0.7002246135315788,3.533375578501816,0.8544494503590366,0.8544404612282855,1.1411862274074478,0.9478526408092893,5.114763848898439,8,7.0,2.0529340271046306,False,16.817962997031703,Mahalanobis gate,1
79.5,0,0.06930432298691003,7.598708978172148,3.586566113377594e-05,0.5956352414152848,8.299265660121984,-0.007806161609355472,73.0,-0.017295327026054963,6.630208716271899,0.662739684785941,7.599025018081269,8.32061612948554,6.66327176689162,0.7215911114042708,3.5829113142791873,0.8762792920695611,0.8762442013036206,1.1411862274074478,0.9478526408092893,5.114763848898439,8,7.0,2.0529340271046306,False,16.817962997031703,Mahalanobis gate,1
79.60000000000001,0,0.07021488013134451,7.598697847384809,3.56170808223035e-05,0.6056303180327981,8.319225907853612,-0.008939526018122427,73.0,-0.017295327026054963,6.630208716271899,0.662739684785941,7.599022246744048,8.341246172074571,6.66327176689162,0.7422239253305234,3.634826086979685,0.897725420303885,0.8976805540202709,1.1411862274074478,0.9478526408092893,5.114763848898439,8,7.0,2.0529340271046306,False,16.817962997031703,Mahalanobis gate,1
79.7,0,0.07113823494552358,7.598686446412292,3.564509591092375e-05,0.6177806625365544,8.342418148219233,-0.0193000259444823,73.0,-0.017295327026054963,6.630208716271899,0.662739684785941,7.599019434152778,8.365283378209202,6.66327176689162,0.7662639440564245,3.701176356946286,0.9232164730386077,0.9230139695125225,1.1411862274074478,0.9478526408092893,5.114763848898439,8,7.0,2.0529340271046306,False,16.817962997031703,Mahalanobis gate,1
79.80000000000001,0,0.07207479409728149,7.598674747894121,3.600386742744422e-05,0.6293126430423064,8.364436228838008,-0.01861294797533486,73.0,-0.017295327026054963,6.630208716271899,0.662739684785941,7.599016561471901,8.388097178193814,6.66327176689162,0.7890806167219129,3.761350544807153,0.9472341048542788,0.9470505086816928,1.1411862274074478,0.9478526408092893,5.114763848898439,8,7.0,2.0529340271046306,False,16.817962997031703,Mahalanobis gate,1
79.9,0,0.07302481455163858,7.598662513936483,3.499159219050055e-05,0.6413814972965104,8.387239551838887,-0.022067958437449835,73.0,-0.017295327026054963,6.630208716271899,0.662739684785941,7.599013398163489,8.411756327889822,6.66327176689162,0.8127429297263333,3.8253131854903617,0.9723022184113832,0.9720509572690541,1.1411862274074478,0.9478526408092893,5.114763848898439,8,7.0,2.0529340271046306,False,16.817962997031703,Mahalanobis gate,1
80.0,0,0.07398882106358869,7.598649952869648,3.40861275862569e-05,0.6543478065710088,8.410745036221616,-0.023031307155432237,73.0,-0.017295327026054963,6.630208716271899,0.662739684785941,7.599010162715283,8.436191887184652,6.66327176689162,0.8371817244693691,3.8938666332117187,0.9984222497675732,0.9981557876722661,1.1411862274074478,0.9478526408092893,5.114763848898439,8,7.0,2.0529340271046306,False,16.817962997031703,Mahalanobis gate,1
80.10000000000001,0,0.07496714078714772,7.5986371272056425,3.399267500563186e-05,0.31780314153665234,8.67501976331101,-0.01492427372974459,73.0,-0.017295327026054963,6.630208716271899,0.662739684785941,7.599006926191167,8.680851885878111,6.66327176689162,1.0818449596869444,1.5359750429193357,1.103536429984524,1.1034350468283818,1.1411862274074478,0.9478526408092893,5.114763848898439,8,7.0,2.0529340271046306,False,16.817962997031703,Mahalanobis gate,1
80.2,0,0.07596024079584138,7.598623790474271,3.3020101559665705e-05,0.3238848195466728,8.703511381673833,-0.01671252957010281,73.0,-0.017295327026054963,6.630208716271899,0.662739684785941,7.599003452324105,8.709551713831393,6.66327176689162,1.1105482615072884,1.5623185682273835,1.132485584618786,1.1323617734344213,1.1411862274074478,0.9478526408092893,5.114763848898439,8,7.0,2.0529340271046306,False,16.817962997031703,Mahalanobis gate,1
80.30000000000001,0,0.07696858201367265,7.598610023689408,3.1730922478627525e-05,0.32823729043605715,8.73248009867693,-0.021236271595659908,73.0,-0.017295327026054963,6.630208716271899,0.662739684785941,7.598999832592259,8.738672632148017,6.66327176689162,1.1396727995557576,1.5784524468501706,1.1615720548961115,1.161377333507273,1.1411862274074478,0.9478526408092893,5.114763848898439,8,7.0,2.0529340271046306,False,16.817962997031703,Mahalanobis gate,1
80.4,0,0.07799256319563502,7.59859596688109,3.136903884888535e-05,0.3356043188202419,8.761975382359008,-0.02013201287283678,73.0,-0.017295327026054963,6.630208716271899,0.662739684785941,7.5989962171854915,8.768423356443186,6.66327176689162,1.169427139257695,1.6108221838572774,1.1917306922974882,1.1915601038108543,1.1411862274074478,0.9478526408092893,5.114763848898439,8,7.0,2.0529340271046306,False,16.817962997031703,Mahalanobis gate,1
80.5,0,0.07903278203573358,7.59858144588339,3.083487003288276e-05,0.3446382067476413,8.792172834737691,-0.034351802571581574,73.0,-0.017295327026054963,6.630208716271899,0.662739684785941,7.598992444483046,8.798991913610873,6.66327176689162,1.1999994691278273,1.6639673631121983,1.2232697212556902,1.2227864266434807,1.1411862274074478,0.9478526408092893,5.114763848898439,8,7.0,2.0529340271046306,False,16.817962997031703,Mahalanobis gate,1
80.60000000000001,0,0.08008971719012503,7.598566402431959,2.971008860123088e-05,0.35299770146193127,8.82086880285643,-0.03526974428164249,73.0,-0.017295327026054963,6.630208716271899,0.662739684785941,7.5989884679376924,8.827999647106072,6.66327176689162,1.2290111791683795,1.7032634999550769,1.2528958366287117,1.2523984693230517,1.1411862274074478,0.9478526408092893,5.114763848898439,8,7.0,2.0529340271046306,False,16.817962997031703,Mahalanobis gate,1
80.7,0,0.08116387602931102,7.598550986912575,2.9284433636194663e-05,0.35980212156946706,8.850972110750842,-0.02803316592577831,73.0,-0.017295327026054963,6.630208716271899,0.662739684785941,7.598984450328856,8.85832663263028,6.66327176689162,1.2593421823014248,1.7254498128177753,1.2833493072558921,1.2830424557722178,1.1411862274074478,0.9478526408092893,5.114763848898439,8,7.0,2.0529340271046306,False,16.817962997031703,Mahalanobis gate,1
80.80000000000001,0,0.08236620464007095,7.598533431195468,2.87629183647167e-05,0.3660850606112166,8.881833633113818,-0.02952801421260126,73.0,-0.017295327026054963,6.630208716271899,0.662739684785941,7.598979832680785,8.889423989299749,6.66327176689162,1.290444156618964,1.749595623813441,1.3146213905728226,1.3142890844396646,1.1411862274074478,0.9478526408092893,5.114763848898439,8,7.0,2.0529340271046306,False,16.817962997031703,Mahalanobis gate,1
80.9,0,0.08336638002183915,7.598518615612093,2.8506207345954762e-05,0.3728335965518417,8.912808560776364,-0.027057235858179166,73.0,-0.017295327026054963,6.630208716271899,0.662739684785941,7.598975924816058,8.920644227059977,6.66327176689162,1.3216683022439195,1.775310569687695,1.3460620219101234,1.3457894818304716,1.1411862274074478,0.9478526408092893,5.114763848898439,8,7.0,2.0529340271046306,False,16.817962997031703,Mahalanobis gate,1
81.0,0,0.08449581517830007,7.598501665480068,2.8155532318925292e-05,0.3795970614616514,8.943011242179661,-0.03013853300049771,73.0,-0.017295327026054963,6.630208716271899,0.662739684785941,7.598971450392398,8.951114586351443,6.66327176689162,1.3521431359590448,1.803789491999919,1.3768444997500418,1.3765139837266118,1.1411862274074478,0.9478526408092893,5.114763848898439,8,7.0,2.0529340271046306,False,16.817962997031703,Mahalanobis gate,1
81.10000000000001,1,0.08564502162458582,7.598484203642781,2.813303663888512e-05,-0.007505246613354486,7.74967165462401,0.09635973246418453,81.0,-0.08632030949846836,7.691703182952176,0.5328504493183779,7.598966855009265,7.750274335870321,7.710621158623171,0.15130748086105594,0.9994628900620481,0.2020257282013135,0.1775798913362712,0.5672772558243298,0.11165015716980609,4.16401784812029,8,7.0,1.9459948966648717,True,1.6624896111124878,,1
81.2,0,0.08681513117954937,7.598466230680465,2.8707715345320578e-05,-0.007696733669941877,7.758644945142386,0.09833577490098017,81.0,-0.08632030949846836,7.691703182952176,0.5328504493183779,7.598962161151827,7.75927190844077,7.710621158623171,0.16030974728894254,1.0164091744477173,0.21036632958399737,0.18598309913538402,0.5672772558243298,0.11165015716980609,4.16401784812029,8,7.0,1.9459948966648717,True,1.6624896111124878,,1
81.30000000000001,0,0.088005839857456,7.598447495642466,2.8179285701870543e-05,-0.008161450309109992,7.769132044296681,0.09354326806542773,81.0,-0.08632030949846836,7.691703182952176,0.5328504493183779,7.59895712401895,7.769699458408223,7.710621158623171,0.17074233438927244,0.9996897527601522,0.21708623787968134,0.19591161999042728,0.5672772558243298,0.11165015716980609,4.16401784812029,8,7.0,1.9459948966648717,True,1.6624896111124878,,1
81.4,0,0.08921839897310713,7.5984282000913295,2.832592012044697e-05,-0.00813013338041802,7.778783176165129,0.09404254817931011,81.0,-0.08632030949846836,7.691703182952176,0.5328504493183779,7.598951969545593,7.779355873189406,7.710621158623171,0.1804039036438132,1.0080417603292107,0.22548465165719503,0.20495036995811028,0.5672772558243298,0.11165015716980609,4.16401784812029,8,7.0,1.9459948966648717,True,1.6624896111124878,,1
81.5,0,0.09045382613612138,7.59840832150939,2.9120308058731247e-05,-0.009596160461558777,7.789972702051138,0.08509635012939723,81.0,-0.08632030949846836,7.691703182952176,0.5328504493183779,7.598946697792648,7.790443387497457,7.710621158623171,0.1914966897048087,0.9786919252718412,0.23225706727679146,0.21611781904910016,0.5672772558243298,0.11165015716980609,4.16401784812029,8,7.0,1.9459948966648717,True,1.6624896111124878,,1
81.60000000000001,0,0.09171278708578844,7.598387723374171,2.9803689029812626e-05,-0.010640124289805883,7.79967078311967,0.08319793209239068,81.0,-0.08632030949846836,7.691703182952176,0.5328504493183779,7.598941191437569,7.800121757588144,7.710621158623171,0.20118056615057522,0.9826594940338327,0.24064065780679797,0.22581184337312893,0.5672772558243298,0.11165015716980609,4.16401784812029,8,7.0,1.9459948966648717,True,1.6624896111124878,,1
81.7,0,0.09299627360064167,7.598366299954677,2.9887208612249833e-05,-0.011466022179683349,7.811376175564682,0.07754437355156826,81.0,-0.08632030949846836,7.691703182952176,0.5328504493183779,7.598935368594983,7.8117694766111505,7.710621158623171,0.21283410801616753,0.9694969933766228,0.24958780807583208,0.2372458183974716,0.5672772558243298,0.11165015716980609,4.16401784812029,8,7.0,1.9459948966648717,True,1.6624896111124878,,1
81.80000000000001,0,0.09430521298677536,7.5983442096489195,3.09364663229434e-05,-0.014030816105632225,7.821554590646263,0.07531553956440323,81.0,-0.08632030949846836,7.691703182952176,0.5328504493183779,7.598929411598637,7.821929781630624,7.710621158623171,0.22300037003198714,0.9830852635491321,0.25928235737922056,0.24811200975464764,0.5672772558243298,0.11165015716980609,4.16401784812029,8,7.0,1.9459948966648717,True,1.6624896111124878,,1
81.9,0,0.09564045519153902,7.598321361331578,3.263175836871779e-05,-0.015262471978341996,7.8320126024771755,0.0713732096432622,81.0,-0.08632030949846836,7.691703182952176,0.5328504493183779,7.598923253185404,7.832352678695398,7.710621158623171,0.23342942550999357,0.9827979016721096,0.2683291514091753,0.2586717136507538,0.5672772558243298,0.11165015716980609,4.16401784812029,8,7.0,1.9459948966648717,True,1.6624896111124878,,1
82.0,0,0.09700316721558153,7.598297439960948,3.2901913852389516e-05,-0.013740413019322783,7.843188782189291,0.07061075705142554,81.0,-0.08632030949846836,7.691703182952176,0.5328504493183779,7.598916607099296,7.84351865880494,7.710621158623171,0.24460205170564375,0.9786078211510081,0.27787972883509177,0.26876739024971735,0.5672772558243298,0.11165015716980609,4.16401784812029,8,7.0,1.9459948966648717,True,1.6624896111124878,,1
82.10000000000001,0,0.09839465011499436,7.598272676961849,3.384380879911382e-05,-0.09285501931396584,7.764321874966269,0.09882472081957683,81.0,-0.08632030949846836,7.691703182952176,0.5328504493183779,7.598909736388611,7.765505943474423,7.710621158623171,0.1665962070858118,1.6024388739520234,0.27186101153927217,0.253276079041424,0.5672772558243298,0.11165015716980609,4.16401784812029,8,7.0,1.9459948966648717,True,1.6624896111124878,,1
82.2,0,0.09981614426593027,7.598247181597027,3.679518906858132e-05,-0.09477193031615726,7.775214302220636,0.09823463341449881,81.0,-0.08632030949846836,7.691703182952176,0.5328504493183779,7.598902782419128,7.776412360943461,7.710621158623171,0.17750957852433302,1.6213309329338137,0.280757361405757,0.2630244866003451,0.5672772558243298,0.11165015716980609,4.16401784812029,8,7.0,1.9459948966648717,True,1.6624896111124878,,1
82.30000000000001,0,0.10126940679439952,7.598220413665081,3.837350402368691e-05,-0.09525307375216359,7.7846851602161085,0.09048079807948997,81.0,-0.08632030949846836,7.691703182952176,0.5328504493183779,7.598895245288079,7.785793663241355,7.710621158623171,0.18689841795327578,1.608736229146384,0.2856046554760654,0.27090623297833716,0.5672772558243298,0.11165015716980609,4.16401784812029,8,7.0,1.9459948966648717,True,1.6624896111124878,,1
82.4,0,0.1027543944261237,7.598192295192874,3.815493767455173e-05,-0.09794681356341957,7.796029733480128,0.09195201805420065,81.0,-0.08632030949846836,7.691703182952176,0.5328504493183779,7.598887064679803,7.797187208039686,7.710621158623171,0.19830014335988277,1.6400968194996834,0.2964266943268244,0.28181665471814304,0.5672772558243298,0.11165015716980609,4.16401784812029,8,7.0,1.9459948966648717,True,1.6624896111124878,,1
82.5,0,0.10427373522479058,7.598163545103669,4.205682227968489e-05,-0.09966109432585615,7.808110558858316,0.08965469426888491,81.0,-0.08632030949846836,7.691703182952176,0.5328504493183779,7.598879014155237,7.809261219685342,7.710621158623171,0.210382205530105,1.6538025323276146,0.3061006175728529,0.2926895339576481,0.5672772558243298,0.11165015716980609,4.16401784812029,8,7.0,1.9459948966648717,True,1.6624896111124878,,1
82.60000000000001,0,0.10582914528752907,7.598133343169025,4.443996710034646e-05,-0.0993901823183929,7.820003831852086,0.08891683033590833,81.0,-0.08632030949846836,7.691703182952176,0.5328504493183779,7.598870318050183,7.82114087210041,7.710621158623171,0.222270554050227,1.6591973038996821,0.31502347204827913,0.30222754039214744,0.5672772558243298,0.11165015716980609,4.16401784812029,8,7.0,1.9459948966648717,True,1.6624896111124878,,1
82.7,0,0.10742202971337969,7.598101561837903,4.475950584124609e-05,-0.09810117352777262,7.832190766814357,0.08481162092134999,81.0,-0.08632030949846836,7.691703182952176,0.5328504493183779,7.598860890849018,7.8332642658768314,7.710621158623171,0.2344033750278136,1.648612580446425,0.3228358154716545,0.3115084958023009,0.5672772558243298,0.11165015716980609,4.16401784812029,8,7.0,1.9459948966648717,True,1.6624896111124878,,1
82.80000000000001,0,0.1090544023615885,7.598068854918483,4.871768673672434e-05,-0.09967505974260718,7.843907169987613,0.0865449918342301,81.0,-0.08632030949846836,7.691703182952176,0.5328504493183779,7.598851438811666,7.845017835832457,7.710621158623171,0.24616639702079102,1.6740775721198737,0.33389529937951207,0.32249723333128866,0.5672772558243298,0.11165015716980609,4.16401784812029,8,7.0,1.9459948966648717,True,1.6624896111124878,,1
82.9,0,0.11072794624769419,7.598034623085732,5.284515387864229e-05,-0.09790922922322194,7.8563014885898035,0.08213375436398203,81.0,-0.08632030949846836,7.691703182952176,0.5328504493183779,7.598841412641955,7.857340851101686,7.710621158623171,0.2584994384597312,1.6605307455021503,0.3420066087995047,0.3320109106727973,0.5672772558243298,0.11165015716980609,4.16401784812029,8,7.0,1.9459948966648717,True,1.6624896111124878,,1
83.0,0,0.11244498284390753,7.597998337838812,5.378523592674976e-05,-0.09655548833765254,7.868499213835047,0.08126016117861497,81.0,-0.08632030949846836,7.691703182952176,0.5328504493183779,7.598830345445342,7.8695111699676525,7.710621158623171,0.27068082452231046,1.659772190761589,0.35134939357083034,0.3418361023485451,0.5672772558243298,0.11165015716980609,4.16401784812029,8,7.0,1.9459948966648717,True,1.6624896111124878,,1
83.10000000000001,0,0.11420762034023564,7.597960706856465,5.778302724700963e-05,0.008541709166470696,8.03207620708888,0.07270866192138453,81.0,-0.08632030949846836,7.691703182952176,0.5328504493183779,7.598819006057287,8.032409831849789,7.710621158623171,0.43359082579250163,0.9533629918446995,0.45265848332966396,0.4467902777883836,0.5672772558243298,0.11165015716980609,4.16401784812029,8,7.0,1.9459948966648717,True,1.6624896111124878,,1
83.2,0,0.11601830201036012,7.597921430632745,6.40077078703076e-05,0.011877924086113018,8.048006529906852,0.07317992323641688,81.0,-0.08632030949846836,7.691703182952176,0.5328504493183779,7.59880716405981,8.048347997674355,7.710621158623171,0.4495408336145452,0.9462585194845199,0.46772615065480905,0.4619759895306114,0.5672772558243298,0.11165015716980609,4.16401784812029,8,7.0,1.9459948966648717,True,1.6624896111124878,,1
83.30000000000001,0,0.11806805810956811,7.597875460408697,6.788232863541052e-05,0.014908469621723413,8.062609684791115,0.06771906909885121,81.0,-0.08632030949846836,7.691703182952176,0.5328504493183779,7.598792771410104,8.062907854122702,7.710621158623171,0.46411508271259816,0.9199213970177955,0.48082895407902304,0.47604600618985204,0.5672772558243298,0.11165015716980609,4.16401784812029,8,7.0,1.9459948966648717,True,1.6624896111124878,,1
83.4,0,0.11979464382007038,7.597835732302932,7.007071601767729e-05,0.017489525801594664,8.079473233129047,0.06599908995964417,81.0,-0.08632030949846836,7.691703182952176,0.5328504493183779,7.598780071607357,8.079761722243857,7.710621158623171,0.4809816506365001,0.9087411179046126,0.4967772689578565,0.49238300069640917,0.5672772558243298,0.11165015716980609,4.16401784812029,8,7.0,1.9459948966648717,True,1.6624896111124878,,1
83.5,0,0.12176659856264985,7.597789991164564,7.788013535166906e-05,0.02040932204836306,8.096084328075785,0.05820931289557871,81.0,-0.08632030949846836,7.691703182952176,0.5328504493183779,7.598765680058259,8.096319306440956,7.710621158623171,0.49755362638269673,0.8762839965614947,0.5118103234352968,0.5084983222196375,0.5672772558243298,0.11165015716980609,4.16401784812029,8,7.0,1.9459948966648717,True,1.6624896111124878,,1
83.60000000000001,0,0.1237988487561373,7.597741307998944,8.311077887763313e-05,0.023974363542442572,8.113226632428393,0.05934408586719366,81.0,-0.08632030949846836,7.691703182952176,0.5328504493183779,7.598749840936615,8.113479086050573,7.710621158623171,0.5147292451139576,0.8712578093879773,0.5283956005860874,0.5250619463932936,0.5672772558243298,0.11165015716980609,4.16401784812029,8,7.0,1.9459948966648717,True,1.6624896111124878,,1
83.7,0,0.125895431623089,7.5976896839900565,8.720004666112684e-05,0.028701075020530663,8.131251645369655,0.05284060580128328,81.0,-0.08632030949846836,7.691703182952176,0.5328504493183779,7.598732670749533,8.131473987024462,7.710621158623171,0.5327413162749286,0.8344208435869783,0.5449018548374942,0.5423422439628226,0.5672772558243298,0.11165015716980609,4.16401784812029,8,7.0,1.9459948966648717,True,1.6624896111124878,,1
83.80000000000001,0,0.12806060562629512,7.597635684893594,9.693015786692803e-05,0.02844633423025231,8.148553236717284,0.052664483027880474,81.0,-0.08632030949846836,7.691703182952176,0.5328504493183779,7.598714860321933,8.148773072881552,7.710621158623171,0.5500582125596187,0.8501539648357479,0.5623135242797511,0.5598510087274762,0.5672772558243298,0.11165015716980609,4.16401784812029,8,7.0,1.9459948966648717,True,1.6624896111124878,,1
83.9,0,0.1302981716342888,7.597578163590408,0.00010580861186750836,0.03244098927120996,8.16616406992174,0.03870659898507188,81.0,-0.08632030949846836,7.691703182952176,0.5328504493183779,7.598695386485268,8.166320238361381,7.710621158623171,0.5676248518761131,0.8020006080201064,0.5782352307116011,0.5769453709136269,0.5672772558243298,0.11165015716980609,4.16401784812029,8,7.0,1.9459948966648717,True,1.6624896111124878,,1
84.0,0,0.1326141950179393,7.597516669879122,0.00011246001714219395,0.03795936649575938,8.18466363834142,0.04016622234982186,81.0,-0.08632030949846836,7.691703182952176,0.5328504493183779,7.598673968953968,8.18485021925941,7.710621158623171,0.5861762503054413,0.7859533649125025,0.5960749978098665,0.5947277521160667,0.5672772558243298,0.11165015716980609,4.16401784812029,8,7.0,1.9459948966648717,True,1.6624896111124878,,1
84.10000000000001,0,0.1352570643637203,7.59744468578625,0.00012280646435222146,-0.05157847628971162,7.926300643603453,0.0250536943315949,81.0,-0.08632030949846836,7.691703182952176,0.5328504493183779,7.598648579986014,7.926508053336257,7.710621158623171,0.32785947335024357,1.4043634208698326,0.3790452603752998,0.3782244839286978,0.5672772558243298,0.11165015716980609,4.16401784812029,8,7.0,1.9459948966648717,True,1.6624896111124878,,1
84.2,0,0.13750241070248448,7.597382415416278,0.0001374487250596397,-0.05191297271935273,7.940366298107091,0.026147059153416915,81.0,-0.08632030949846836,7.691703182952176,0.5328504493183779,7.598626619193604,7.940579045230508,7.710621158623171,0.34195242603690357,1.423863670786151,0.3926736954484499,0.3918113465208825,0.5672772558243298,0.11165015716980609,4.16401784812029,8,7.0,1.9459948966648717,True,1.6624896111124878,,1
84.30000000000001,0,0.14008817264143056,7.5973078440002775,0.00014891998808761803,-0.04421878747874024,7.95460435332669,0.01987183463062883,81.0,-0.08632030949846836,7.691703182952176,0.5328504493183779,7.598599291632592,7.954752077151218,7.710621158623171,0.35615278551862595,1.3821786512894687,0.40251564502212167,0.4020321518555173,0.5672772558243298,0.11165015716980609,4.16401784812029,8,7.0,1.9459948966648717,True,1.6624896111124878,,1
84.4,0,0.14277803308633774,7.597227957536394,0.00016290690456819518,-0.03812562957463489,7.969546040708066,0.019569079167514734,81.0,-0.08632030949846836,7.691703182952176,0.5328504493183779,7.598569485899518,7.9696612605213994,7.710621158623171,0.37109177462188114,1.357932725097423,0.41439533026167374,0.4139406844232426,0.5672772558243298,0.11165015716980609,4.16401784812029,8,7.0,1.9459948966648717,True,1.6624896111124878,,1
84.5,0,0.14607801730738496,7.608219549550732,0.0937918375718228,-0.03528270439521296,7.998383644963295,0.11550847672563559,81.0,-0.08632030949846836,7.691703182952176,0.5328504493183779,7.610199761510962,7.9992954695673815,7.710621158623171,0.3890957080564199,1.3579874650913881,0.4308031396609447,0.4302554273052119,0.5672772558243298,0.11165015716980609,4.16401784812029,8,7.0,1.9459948966648717,True,1.6624896111124878,,1
84.60000000000001,0,0.1493886075712043,7.603625575871189,0.30264546975447815,-0.02879212200209688,8.011343723648045,0.3081460259720171,81.0,-0.08632030949846836,7.691703182952176,0.5328504493183779,7.611112476798477,8.017319453411261,7.710621158623171,0.4062069766127845,1.332623191168371,0.44498619814165713,0.444952200149481,0.5672772558243298,0.11165015716980609,4.16401784812029,8,7.0,1.9459948966648717,True,1.6624896111124878,,1
84.7,0,0.15055310125374394,7.526205512042247,0.44770426532239166,-0.02393543758743811,7.95057346559964,0.4477899136143499,81.0,-0.08632030949846836,7.691703182952176,0.5328504493183779,7.541012846758722,7.963209600644976,7.710621158623171,0.42219675388625433,1.328523556468808,0.4588402963222067,0.45884028832854307,0.5672772558243298,0.11165015716980609,4.16401784812029,8,7.0,1.9459948966648717,True,1.6624896111124878,,1
84.80000000000001,0,0.14963354898847478,7.382956423197114,0.578482703019863,-0.016529172341279902,7.8247523254256315,0.5835039259782493,81.0,-0.08632030949846836,7.691703182952176,0.5328504493183779,7.40709646106378,7.846495969502829,7.710621158623171,0.43939950843904896,1.2962574522789752,0.4720369496825619,0.4720102426702408,0.5672772558243298,0.11165015716980609,4.16401784812029,8,7.0,1.9459948966648717,True,1.6624896111124878,,1
84.9,0,-0.011443652152073727,7.172449510515514,0.8465453974146957,-0.1545822790007071,7.625717376675377,0.8292838109979713,81.0,-0.08632030949846836,7.691703182952176,0.5328504493183779,7.222243560553245,7.672233887799118,7.710621158623171,0.44999032724587273,1.186147314510455,0.47564523266280095,0.47533191034184524,0.5672772558243298,0.11165015716980609,4.16401784812029,8,7.0,1.9459948966648717,True,1.6624896111124878,,1
85.0,0,-0.11704640793161203,6.927514907887128,0.7649556251208576,-0.23591582778578807,7.3865941232621255,0.7693271670777235,81.0,-0.08632030949846836,7.691703182952176,0.5328504493183779,6.970603974478261,7.430295640794804,7.710621158623171,0.4596916663165427,0.9279839884650494,0.47423915416683243,0.47421900527687844,0.5672772558243298,0.11165015716980609,4.16401784812029,8,7.0,1.9459948966648717,True,1.6624896111124878,,1
85.10000000000001,0,-0.1776220973703459,6.651654998103466,0.7382921581180507,-0.2873712736466567,7.191959310935518,0.7895232195749006,81.0,-0.08632030949846836,7.691703182952176,0.5328504493183779,6.694859157144956,7.240870658513195,7.710621158623171,0.5460115013682394,0.7573446146011547,0.5537131512039785,0.5513380380113858,0.5672772558243298,0.11165015716980609,4.16401784812029,8,7.0,1.9459948966648717,True,1.6624896111124878,,1
85.2,0,-0.22050622077378135,6.36228155516362,0.7081900484140922,-0.307224751574987,6.918987529732312,0.7683808212008969,81.0,-0.08632030949846836,7.691703182952176,0.5328504493183779,6.405371396355399,6.9682985420374255,7.710621158623171,0.5629271456820266,0.5543096025982972,0.5666256037574273,0.5634196000360622,0.5672772558243298,0.11165015716980609,4.16401784812029,8,7.0,1.9459948966648717,True,1.6624896111124878,,1
85.30000000000001,0,-0.2528981921035597,6.066517332493594,0.676319138736754,-0.31862617400507026,6.641629679883772,0.7352971678635509,81.0,-0.08632030949846836,7.691703182952176,0.5328504493183779,6.109336921339014,6.689800398258702,7.710621158623171,0.5804634769196886,0.3601619857780927,0.5818528917562997,0.5788560958696789,0.5672772558243298,0.11165015716980609,4.16401784812029,8,7.0,1.9459948966648717,True,1.6624896111124878,,1
85.4,0,-0.276338893921679,5.769086906197281,0.6409835021351079,-0.31816717722776794,6.363605790495708,0.707004734565445,81.0,-0.08632030949846836,7.691703182952176,0.5328504493183779,5.8111605351736895,6.410660239335223,7.710621158623171,0.5994997041615333,0.11919147532231619,0.5996341486301465,0.5959885142112893,0.5672772558243298,0.11165015716980609,4.16401784812029,8,7.0,1.9459948966648717,True,1.6624896111124878,,1
85.5,0,-0.2919539033882328,5.472872624537904,0.6019988540647858,-0.3104908055017577,6.088351633018723,0.6647564871548041,81.0,-0.08632030949846836,7.691703182952176,0.5328504493183779,5.5136171853344464,6.132400128399751,7.710621158623171,0.6187829430653045,0.14081036119035678,0.6189479357196049,0.6157580909906899,0.5672772558243298,0.11165015716980609,4.16401784812029,8,7.0,1.9459948966648717,True,1.6624896111124878,,1
85.60000000000001,0,-0.3016999982220252,5.1795818382214796,0.5604925948121576,-0.29977931356534276,5.816069074568523,0.6289810506020255,81.0,-0.08632030949846836,7.691703182952176,0.5328504493183779,5.218547964386285,5.857656893247546,7.710621158623171,0.639108928861261,0.3807811985522009,0.6401643223725669,0.6364901343007974,0.5672772558243298,0.11165015716980609,4.16401784812029,8,7.0,1.9459948966648717,True,1.6624896111124878,,1
85.7,0,-0.3084439507254544,4.890367778366038,0.5172719475690912,-0.28463178241107534,5.5497901108331975,0.5914009039210367,81.0,-0.08632030949846836,7.691703182952176,0.5328504493183779,4.927312142148275,5.588464955157103,7.710621158623171,0.6611528130088278,0.6710286922084451,0.6640029624076164,0.6598521288260437,0.5672772558243298,0.11165015716980609,4.16401784812029,8,7.0,1.9459948966648717,True,1.6624896111124878,,1
85.80000000000001,0,-0.3156890176157412,4.605840528413391,0.4739616191333237,-0.2692801257679726,5.288744730485815,0.5551650352832123,81.0,-0.08632030949846836,7.691703182952176,0.5328504493183779,4.640912210485135,5.324616495746534,7.710621158623171,0.683704285261399,1.0084105752633739,0.6892792824720066,0.6844793163059878,0.5672772558243298,0.11165015716980609,4.16401784812029,8,7.0,1.9459948966648717,True,1.6624896111124878,,1
85.9,0,-0.3274061173707896,4.326268408572349,0.43233217862791207,-0.26123167789907575,5.032659460842261,0.516277364454278,81.0,-0.08632030949846836,7.691703182952176,0.5328504493183779,4.3601266290533465,5.065811440962932,7.710621158623171,0.7056848119095855,1.3588578044499966,0.7144327605798968,0.7094838794267203,0.5672772558243298,0.11165015716980609,4.16401784812029,8,7.0,1.9459948966648717,True,1.6624896111124878,,1
86.0,0,-0.3475293970393454,4.052112953680281,0.39216214862640597,-0.2570719156630041,4.7844240865749805,0.48241687019107693,81.0,-0.08632030949846836,7.691703182952176,0.5328504493183779,4.085852080289415,4.815550419906995,7.710621158623171,0.7296983396175802,1.833568549874637,0.7433761269123365,0.7378767859869761,0.5672772558243298,0.11165015716980609,4.16401784812029,8,7.0,1.9459948966648717,True,1.6624896111124878,,1
86.10000000000001,0,-0.38016369957405893,3.7832088148065357,0.3553071153401318,-0.0054434797839672654,4.628363974393494,0.4353027442356623,81.0,-0.08632030949846836,7.691703182952176,0.5328504493183779,3.8188265895579803,4.648792444288603,7.710621158623171,0.8299658547306223,5.646165638656413,0.9279557034354513,0.9245012097861158,0.5672772558243298,0.11165015716980609,4.16401784812029,8,7.0,1.9459948966648717,True,1.6624896111124878,,1
86.2,0,-0.428927929500992,3.519973976645746,0.3199316415824913,-0.031127176558632275,4.39073482116592,0.4065791925607411,81.0,-0.08632030949846836,7.691703182952176,0.5328504493183779,3.560414613532382,4.409628987879001,7.710621158623171,0.8492143743466194,6.515576597056715,0.9612375801442243,0.9573243376155208,0.5672772558243298,0.11165015716980609,4.16401784812029,8,7.0,1.9459948966648717,True,1.6624896111124878,,1
86.30000000000001,0,-0.49765733424152336,3.26186443399974,0.28802371305204494,-0.0760516551181609,4.156468248266804,0.3795620191759739,81.0,-0.08632030949846836,7.691703182952176,0.5328504493183779,3.3121564074477385,4.174455590792321,7.710621158623171,0.8622991833445823,7.599544553000876,0.9932001785432226,0.9889728677624332,0.5672772558243298,0.11165015716980609,4.16401784812029,8,7.0,1.9459948966648717,True,1.6624896111124878,,1
86.4,0,-0.5888024556740632,3.00961607244969,0.25428241580286565,-0.14423154427963242,3.926928935290988,0.35222796752719426,81.0,-0.08632030949846836,7.691703182952176,0.5328504493183779,3.0771962534654573,3.945331182841212,7.710621158623171,0.8681349293757545,8.940986170917006,1.0240603081336352,1.0193655789716332,0.5672772558243298,0.11165015716980609,4.16401784812029,8,7.0,1.9459948966648717,True,1.6624896111124878,,1
86.5,0,-0.7054051935080031,2.762239101271507,0.22081230057438495,-0.2393983705600558,3.7017390977605156,0.3225387317173083,81.0,-0.08632030949846836,7.691703182952176,0.5328504493183779,2.8594264130601856,3.723468163040132,7.710621158623171,0.8640417499799464,10.603343581545131,1.0536464631127287,1.0487242737902498,0.5672772558243298,0.11165015716980609,4.16401784812029,8,7.0,1.9459948966648717,True,1.6624896111124878,,1
86.60000000000001,0,-0.854612038540243,2.513170992039132,0.2172032358237988,-0.36721844619030125,3.474153374398103,0.3270253379864359,81.0,-0.08632030949846836,7.691703182952176,0.5328504493183779,2.6633751927389415,3.508779934357424,7.710621158623171,0.8454047416184824,12.715640298754455,1.0830976628132505,1.0775155001521348,0.5672772558243298,0.11165015716980609,4.16401784812029,8,7.0,1.9459948966648717,True,1.6624896111124878,,1
86.7,0,-1.02466286451386,2.267438366423807,0.20975328858000664,-0.5161207143474792,3.2495362563592494,0.3228834388443157,81.0,-0.08632030949846836,7.691703182952176,0.5328504493183779,2.4970396820063834,3.306073227902215,7.710621158623171,0.8090335458958315,15.250070734259994,1.1117238032939292,1.1059527041928572,0.5672772558243298,0.11165015716980609,4.16401784812029,8,7.0,1.9459948966648717,True,1.6624896111124878,,1
86.80000000000001,0,-1.1658967593406209,2.061112436480986,0.02120420555802638,-0.6344780720232522,3.0649059113493413,0.13939843179339612,81.0,-0.08632030949846836,7.691703182952176,0.5328504493183779,2.368110923835895,3.132992593685618,7.710621158623171,0.7648816698497232,17.908343724763597,1.141918139156122,1.135784821794341,0.5672772558243298,0.11165015716980609,4.16401784812029,8,7.0,1.9459948966648717,True,1.6624896111124878,,1
86.9,0,-1.3237851487103538,1.8727367582025087,-0.10354558659094756,-0.7753966075754225,2.896731755408101,0.014310039729286234,81.0,-0.08632030949846836,7.691703182952176,0.5328504493183779,2.2957072491873607,2.9987496626204435,7.710621158623171,0.7030424134330828,20.46417887188196,1.1675554355170952,1.1615919018098306,0.5672772558243298,0.11165015716980609,4.16401784812029,8,7.0,1.9459948966648717,True,1.6624896111124878,,1
87.0,0,-1.4936922375124222,1.7360741158521358,-0.19062607401622533,-0.9314641796555884,2.7816147149842134,-0.067731555200883,81.0,-0.08632030949846836,7.691703182952176,0.5328504493183779,2.298131444506924,2.9342108827022124,7.710621158623171,0.6360794381952886,22.424055687652594,1.1934649539177034,1.1871206903575269,0.5672772558243298,0.11165015716980609,4.16401784812029,8,7.0,1.9459948966648717,True,1.6624896111124878,,1
87.10000000000001,0,-1.6698748616880883,1.6626590220480877,-0.26755141843711805,-1.1251541867521793,2.427998508888751,-0.11672177054051339,81.0,-0.08632030949846836,7.691703182952176,0.5328504493183779,2.3716030103715564,2.6785766135860416,7.710621158623171,0.3069736032144852,20.58224998442981,0.9514277305737812,0.9393961591470139,0.5672772558243298,0.11165015716980609,4.16401784812029,8,7.0,1.9459948966648717,True,1.6624896111124878,,1
87.2,0,-1.8475624415233356,1.6472326856649293,-0.35534331703731303,-1.2968658266656676,2.431619128281749,-0.20348650548524255,81.0,-0.08632030949846836,7.691703182952176,0.5328504493183779,2.5006261953785986,2.7633384366221803,7.710621158623171,0.2627122412435816,20.468861822779136,0.9703552669983945,0.9583991094407196,0.5672772558243298,0.11165015716980609,4.16401784812029,8,7.0,1.9459948966648717,True,1.6624896111124878,,1
87.30000000000001,0,-2.0273326940918315,1.6770030211911253,-0.449613291105411,-1.474170297621238,2.4791987266583195,-0.29875443859741013,81.0,-0.08632030949846836,7.691703182952176,0.5328504493183779,2.6691888462895323,2.899803201466365,7.710621158623171,0.2306143551768325,19.84258942838589,0.986034979155978,0.974426285944247,0.5672772558243298,0.11165015716980609,4.16401784812029,8,7.0,1.9459948966648717,True,1.6624896111124878,,1
87.4,0,-2.206541024899449,1.7340063805768686,-0.5550823123949141,-1.6531262689823059,2.5529282421626087,-0.40689800247634694,81.0,-0.08632030949846836,7.691703182952176,0.5328504493183779,2.8607198038219837,3.0685232694653086,7.710621158623171,0.20780346564332497,18.991789954235813,0.9994295858918361,0.9883829761028288,0.5672772558243298,0.11165015716980609,4.16401784812029,8,7.0,1.9459948966648717,True,1.6624896111124878,,1
87.5,0,-2.3843577483953453,1.8022738887839083,-0.6601740942855442,-1.8318392071127074,2.634671085491671,-0.5264348627709681,81.0,-0.08632030949846836,7.691703182952176,0.5328504493183779,3.0609120989160945,3.2518087696206646,7.710621158623171,0.19089667070457006,18.04919157828491,1.007992070204,0.9990804930274817,0.5672772558243298,0.11165015716980609,4.16401784812029,8,7.0,1.9459948966648717,True,1.6624896111124878,,1
87.60000000000001,0,-2.5551298289170243,1.873671694268761,-0.7588224827942075,-2.006630416037,2.7190980824184163,-0.6289848334852709,81.0,-0.08632030949846836,7.691703182952176,0.5328504493183779,3.2580892592007786,3.43739464262264,7.710621158623171,0.1793053834218612,17.18787879158126,1.0160980262197017,1.007768516927128,0.5672772558243298,0.11165015716980609,4.16401784812029,8,7.0,1.9459948966648717,True,1.6624896111124878,,1
87.7,0,-2.722130810394629,1.927818918655527,-0.8391779868478748,-2.176080650576635,2.7887839309422047,-0.7249261202967524,81.0,-0.08632030949846836,7.691703182952176,0.5328504493183779,3.439578698857745,3.61083933333844,7.710621158623171,0.17126063448069484,16.502081380971127,1.0259069248374686,1.0195251489880257,0.5672772558243298,0.11165015716980609,4.16401784812029,8,7.0,1.9459948966648717,True,1.6624896111124878,,1
87.80000000000001,0,-2.885617461408442,1.9490988432947884,-0.8961372027044046,-2.339684840802667,2.8255097499849757,-0.7813826962524973,81.0,-0.08632030949846836,7.691703182952176,0.5328504493183779,3.595669106103794,3.750758512560464,7.710621158623171,0.1550894064566699,16.07970085249293,1.038897059557888,1.0325398314869045,0.5672772558243298,0.11165015716980609,4.16401784812029,8,7.0,1.9459948966648717,True,1.6624896111124878,,1
87.9,0,-3.04610032206453,1.9315525547322832,-0.9221966798825552,-2.499591609809903,2.82733602920948,-0.8070377960795866,81.0,-0.08632030949846836,7.691703182952176,0.5328504493183779,3.7229113822599715,3.859157581934053,7.710621158623171,0.13624619967408158,15.874141832796084,1.055633162720552,1.0493330289839589,0.5672772558243298,0.11165015716980609,4.16401784812029,8,7.0,1.9459948966648717,True,1.6624896111124878,,1
88.0,0,-3.2035901917486505,1.874204667059228,-0.9174354038249464,-2.6530704001253027,2.7912959558539328,-0.7996277350532616,81.0,-0.08632030949846836,7.691703182952176,0.5328504493183779,3.823260515696804,3.933131090601223,7.710621158623171,0.1098705749044191,15.867382902076422,1.0761073923050457,1.0696394125835802,0.5672772558243298,0.11165015716980609,4.16401784812029,8,7.0,1.9459948966648717,True,1.6624896111124878,,1
88.10000000000001,0,-3.35716499460746,1.781256185060333,-0.889431449849134,-2.47570435814354,2.741123422767681,-0.7146794157218206,81.0,-0.08632030949846836,7.691703182952176,0.5328504493183779,3.9031421575205445,3.762131889638242,7.710621158623171,0.14101026788230264,19.642411207085253,1.3148597800111412,1.3031952914507146,0.5672772558243298,0.11165015716980609,4.16401784812029,8,7.0,1.9459948966648717,True,1.6624896111124878,,1
88.2,0,-3.5070772030288895,1.6597466005684745,-0.8444362744778673,-2.6125086857650697,2.6448037266612077,-0.6650637752624945,81.0,-0.08632030949846836,7.691703182952176,0.5328504493183779,3.9708213140051525,3.7765722832914697,7.710621158623171,0.19424903071368282,19.754365073137965,1.3426707962938766,1.330635327107192,0.5672772558243298,0.11165015716980609,4.16401784812029,8,7.0,1.9459948966648717,True,1.6624896111124878,,1
88.30000000000001,0,-3.653275499451678,1.518155272348939,-0.791322774224877,-2.7458975444481166,2.525695531797849,-0.6142678227968118,81.0,-0.08632030949846836,7.691703182952176,0.5328504493183779,4.034527114651945,3.7810601955104275,7.710621158623171,0.2534669191415171,19.81037690331452,1.3674138303608079,1.3559026984399811,0.5672772558243298,0.11165015716980609,4.16401784812029,8,7.0,1.9459948966648717,True,1.6624896111124878,,1
88.4,0,-3.796022120126511,1.3656471373448325,-0.7365046048145569,-2.8751607017397376,2.3985478628336536,-0.5550153962051555,81.0,-0.08632030949846836,7.691703182952176,0.5328504493183779,4.100879792573901,3.7851846720017757,7.710621158623171,0.315695120572125,19.869500435021386,1.395638919430918,1.3837881559648622,0.5672772558243298,0.11165015716980609,4.16401784812029,8,7.0,1.9459948966648717,True,1.6624896111124878,,1
88.5,0,-3.935708341237961,1.2107881737733164,-0.6839989665806686,-3.0016842923678846,2.2703450430045895,-0.5017141615389973,81.0,-0.08632030949846836,7.691703182952176,0.5328504493183779,4.1741661125694085,3.7968792850487594,7.710621158623171,0.3772868275206491,19.863966065689674,1.4241802670841597,1.412466524560079,0.5672772558243298,0.11165015716980609,4.16401784812029,8,7.0,1.9459948966648717,True,1.6624896111124878,,1
88.60000000000001,0,-4.0729418182519685,1.0608448650962585,-0.6348964286664025,-3.1276001451582425,2.1496616383544915,-0.4488617574766648,81.0,-0.08632030949846836,7.691703182952176,0.5328504493183779,4.256446917065935,3.8215709733997896,7.710621158623171,0.4348759436661451,19.807177376578103,1.4538919297873516,1.44194065225172,0.5672772558243298,0.11165015716980609,4.16401784812029,8,7.0,1.9459948966648717,True,1.6624896111124878,,1
88.7,0,-4.207992427083676,0.9214918951180351,-0.5900537425969692,-3.2515058601078533,2.0376933115217857,-0.40387783068683947,81.0,-0.08632030949846836,7.691703182952176,0.5328504493183779,4.347931806999103,3.858445502045693,7.710621158623171,0.48948630495340995,19.65956732297415,1.481699573112749,1.4699565145904603,0.5672772558243298,0.11165015716980609,4.16401784812029,8,7.0,1.9459948966648717,True,1.6624896111124878,,1
88.80000000000001,0,-4.340979947313651,0.796128105848538,-0.5499329239010111,-3.3751259293051543,1.94280799728556,-0.35925955907410084,81.0,-0.08632030949846836,7.691703182952176,0.5328504493183779,4.447510886405061,3.910888055642967,7.710621158623171,0.5366228307620937,19.503876132345443,1.5113256067385332,1.4992493980419601,0.5672772558243298,0.11165015716980609,4.16401784812029,8,7.0,1.9459948966648717,True,1.6624896111124878,,1
88.9,0,-4.472395551582501,0.6867533655279507,-0.5124391977591684,-3.499375889501296,1.861169335536858,-0.322236694131336,81.0,-0.08632030949846836,7.691703182952176,0.5328504493183779,4.553739791235218,3.976609032657144,7.710621158623171,0.577130758578074,19.270122741281455,1.5369440867497037,1.5251295464348547,0.5672772558243298,0.11165015716980609,4.16401784812029,8,7.0,1.9459948966648717,True,1.6624896111124878,,1
89.0,0,-4.602043772080125,0.5940330027427752,-0.4778473500768282,-3.623802685965651,1.7983840622117535,-0.2847193036860369,81.0,-0.08632030949846836,7.691703182952176,0.5328504493183779,4.664763678737061,4.055514298325254,7.710621158623171,0.6092493804118071,19.05652469812793,1.5635586139666147,1.5515853495720038,0.5672772558243298,0.11165015716980609,4.16401784812029,8,7.0,1.9459948966648717,True,1.6624896111124878,,1
89.10000000000001,1,-4.729928637293608,0.5171532276644305,-0.44525974834089055,-4.112620298080172,1.6125443641650508,-0.2621370660613041,89.0,0.13165595177369482,6.140651360543723,0.5745527021813803,4.778904541656644,4.4252300374087605,6.168876982803988,0.35367450424788327,15.250317807909074,1.2706239586722117,1.2573588698484501,7.381664348117769,1.4928210763386494,84.59773140758037,7,6.0,2.1119036438814973,False,158.57315306659532,Mahalanobis gate,1
89.2,0,-4.8559939963326695,0.45444062635407806,-0.41410505448262563,-4.241994878694917,1.5768065906432462,-0.22902946553087294,89.0,0.13165595177369482,6.140651360543723,0.5745527021813803,4.894760154639661,4.531367792538058,6.168876982803988,0.3633923621016031,15.135993733489865,1.2926535683935318,1.2793358723395092,7.381664348117769,1.4928210763386494,84.59773140758037,7,6.0,2.1119036438814973,False,158.57315306659532,Mahalanobis gate,1
89.30000000000001,0,-4.98021307263894,0.4038360609171471,-0.3837851656332494,-4.3707391831726055,1.5511255937085817,-0.20817333885368952,89.0,0.13165595177369482,6.140651360543723,0.5745527021813803,5.011276969629699,4.642487237870195,6.168876982803988,0.36878973175950414,14.986236421064724,1.31094286973112,1.299127281675668,7.381664348117769,1.4928210763386494,84.59773140758037,7,6.0,2.1119036438814973,False,158.57315306659532,Mahalanobis gate,1
89.4,0,-5.102438750872301,0.36303371878381946,-0.3545227453108415,-4.498739262636369,1.5367647050294304,-0.17767495441427122,89.0,0.13165595177369482,6.140651360543723,0.5745527021813803,5.127607733077876,4.757296406703741,6.168876982803988,0.3703113263741349,14.880935984661818,1.3316803825672348,1.3198854117571797,7.381664348117769,1.4928210763386494,84.59773140758037,7,6.0,2.1119036438814973,False,158.57315306659532,Mahalanobis gate,1
89.5,0,-5.22260030400006,0.3297976435530316,-0.32637479206048403,-4.6254236752047015,1.5313665231358753,-0.14398760192544566,89.0,0.13165595177369482,6.140651360543723,0.5745527021813803,5.243170884677246,4.874459973456923,6.168876982803988,0.3687109112203233,14.80822169657726,1.3541243611599023,1.3417852653690006,7.381664348117769,1.4928210763386494,84.59773140758037,7,6.0,2.1119036438814973,False,158.57315306659532,Mahalanobis gate,1
89.60000000000001,0,-5.3407638444782375,0.3021640726146706,-0.2989220256416594,-4.749881452226727,1.5326729343021714,-0.11781858916082358,89.0,0.13165595177369482,6.140651360543723,0.5745527021813803,5.357650226235263,4.992428402461248,6.168876982803988,0.36522182377401524,14.749225238995715,1.376986751885981,1.3650252965290923,7.381664348117769,1.4928210763386494,84.59773140758037,7,6.0,2.1119036438814973,False,158.57315306659532,Mahalanobis gate,1
89.7,0,-5.4568456655935025,0.278447403783623,-0.2726298169903304,-4.875446998443334,1.5339967145983058,-0.10355877722826409,89.0,0.13165595177369482,6.140651360543723,0.5745527021813803,5.470742599674437,5.112128106314388,6.168876982803988,0.358614493360049,14.633468060270577,1.3939201908780299,1.383628737071913,7.381664348117769,1.4928210763386494,84.59773140758037,7,6.0,2.1119036438814973,False,158.57315306659532,Mahalanobis gate,1
89.80000000000001,0,-5.570920050923779,0.25738227274864833,-0.24738032114787276,-4.997867376005862,1.5421012012937116,-0.07982997141001068,89.0,0.13165595177369482,6.140651360543723,0.5745527021813803,5.582346538096778,5.230977656950042,6.168876982803988,0.3513688811467359,14.590842039046185,1.4166739968284288,1.4067309954616607,7.381664348117769,1.4928210763386494,84.59773140758037,7,6.0,2.1119036438814973,False,158.57315306659532,Mahalanobis gate,1
89.9,0,-5.6829681507527985,0.23806231236921252,-0.2235740039659736,-5.122355882578787,1.5469911786172172,-0.06437894575090174,89.0,0.13165595177369482,6.140651360543723,0.5745527021813803,5.692344508398155,5.351248092096365,6.168876982803988,0.3410964163017898,14.485186969781456,1.4328028331506737,1.4239314913732672,7.381664348117769,1.4928210763386494,84.59773140758037,7,6.0,2.1119036438814973,False,158.57315306659532,Mahalanobis gate,1
90.001,0,-5.80397136284138,0.2181934180114862,-0.19900888598443428,-5.2426670257204915,1.5573295340983038,-0.04209024054519824,89.0,0.13165595177369482,6.140651360543723,0.5745527021813803,5.811479715618659,5.469241666693924,6.168876982803988,0.34223804892473453,14.467671677955174,1.4604696359614229,1.4520151845896125,7.381664348117769,1.4928210763386494,84.59773140758037,7,6.0,2.1119036438814973,False,158.57315306659532,Mahalanobis gate,1
90.10000000000001,0,-5.901271301748541,0.20280510604748847,-0.1802185086765864,-5.495712568304174,0.537810175325393,-0.09364759443324805,89.0,0.13165595177369482,6.140651360543723,0.5745527021813803,5.90750468461511,5.522758938252069,6.168876982803988,0.3847457463630404,3.7022116575124913,0.5331048732733744,0.5260287850630355,7.381664348117769,1.4928210763386494,84.59773140758037,7,6.0,2.1119036438814973,False,158.57315306659532,Mahalanobis gate,1
90.2,0,-6.007618468737772,0.18653025958441807,-0.1608372699840042,-5.61340901044769,0.5340288815211485,-0.07198093032722253,89.0,0.13165595177369482,6.140651360543723,0.5745527021813803,6.012665118820083,5.6392134929620115,6.168876982803988,0.37345162585807135,3.742137604142923,0.5329651380254512,0.5255058413122417,7.381664348117769,1.4928210763386494,84.59773140758037,7,6.0,2.1119036438814973,False,158.57315306659532,Mahalanobis gate,1
90.30000000000001,0,-6.112139729559857,0.17119238598138212,-0.14309882102716953,-5.73010682213296,0.5256864709218801,-0.07189335797174205,89.0,0.13165595177369482,6.140651360543723,0.5745527021813803,6.116210933189061,5.754618937313351,6.168876982803988,0.36159199587570967,3.690033916669368,0.5260089510491118,0.5211671503604665,7.381664348117769,1.4928210763386494,84.59773140758037,7,6.0,2.1119036438814973,False,158.57315306659532,Mahalanobis gate,1
90.4,0,-6.214909502388986,0.15692253291949537,-0.12684333125873873,-5.844990640863654,0.5200880664808951,-0.05664105963035951,89.0,0.13165595177369482,6.140651360543723,0.5745527021813803,6.218184142891524,5.868357129411569,6.168876982803988,0.34982701347995526,3.689745011346082,0.5231228611147851,0.5183909421268219,7.381664348117769,1.4928210763386494,84.59773140758037,7,6.0,2.1119036438814973,False,158.57315306659532,Mahalanobis gate,1
90.5,0,-6.315949429746152,0.14385000689738903,-0.11210058234979357,-5.958681374659098,0.5177910113538978,-0.04713057148324513,89.0,0.13165595177369482,6.140651360543723,0.5745527021813803,6.31858184754762,5.9813219731859,6.168876982803988,0.33725987436171945,3.7046623261675884,0.5212422088737909,0.5171772790829362,7.381664348117769,1.4928210763386494,84.59773140758037,7,6.0,2.1119036438814973,False,158.57315306659532,Mahalanobis gate,1
90.60000000000001,0,-6.415291974521352,0.1320763953111514,-0.09881069370710911,-6.070954640273113,0.5205648669512818,-0.03454219929224987,89.0,0.13165595177369482,6.140651360543723,0.5745527021813803,6.4174121611244,6.093330057406179,6.168876982803988,0.32408210371822044,3.7628142030820033,0.52308883732003,0.5191256999556736,7.381664348117769,1.4928210763386494,84.59773140758037,7,6.0,2.1119036438814973,False,158.57315306659532,Mahalanobis gate,1
90.7,0,-6.5129798771162815,0.12165669078972807,-0.08682550430094957,-6.18374559261788,0.5237492381744872,-0.024171838448109394,89.0,0.13165595177369482,6.140651360543723,0.5745527021813803,6.5146946128220495,6.20593321721104,6.168876982803988,0.30876139561100935,3.8095389447546864,0.5234492454826335,0.5196860886646274,7.381664348117769,1.4928210763386494,84.59773140758037,7,6.0,2.1119036438814973,False,158.57315306659532,Mahalanobis gate,1
90.80000000000001,0,-6.609046698149032,0.11257915702129101,-0.07600474416576532,-6.2938418065685084,0.527596233816457,-0.014347953800982277,89.0,0.13165595177369482,6.140651360543723,0.5745527021813803,6.610442424380228,6.31593289513316,6.168876982803988,0.2945095292470681,3.8522030879771867,0.5247807708996026,0.521146138533036,7.381664348117769,1.4928210763386494,84.59773140758037,7,6.0,2.1119036438814973,False,158.57315306659532,Mahalanobis gate,1
90.9,0,-6.703501468425507,0.10476767647429443,-0.06630844121432859,-6.405943810423881,0.5290959555111653,-0.016049422527467605,89.0,0.13165595177369482,6.140651360543723,0.5745527021813803,6.704648015563012,6.427776926466083,6.168876982803988,0.2768710890969288,3.849504986323882,0.5206928242113309,0.5182615635234834,7.381664348117769,1.4928210763386494,84.59773140758037,7,6.0,2.1119036438814973,False,158.57315306659532,Mahalanobis gate,1
91.0,0,-6.796366365972582,0.09810275744441026,-0.05763428280881017,-6.512774713640251,0.5357305422937488,-0.008739692228349204,89.0,0.13165595177369482,6.140651360543723,0.5745527021813803,6.79731870976317,6.534777583575316,6.168876982803988,0.26254112618785364,3.8969764364939037,0.5237680634906556,0.5214808753393748,7.381664348117769,1.4928210763386494,84.59773140758037,7,6.0,2.1119036438814973,False,158.57315306659532,Mahalanobis gate,1
91.10000000000001,0,-6.887676786069126,0.09243748258687448,-0.049814788856771305,-6.544093072379427,0.16389093390497803,0.021046399725167215,89.0,0.13165595177369482,6.140651360543723,0.5745527021813803,6.8884771692102875,6.546178834184264,6.168876982803988,0.34229833502602336,0.8952328524004685,0.3580176979777938,0.3509349854575256,7.381664348117769,1.4928210763386494,84.59773140758037,7,6.0,2.1119036438814973,False,158.57315306659532,Mahalanobis gate,1
91.2,0,-6.977447439798849,0.0876069517020051,-0.04277874337537109,-6.636474041117291,0.17382327408509407,0.030944290469358128,89.0,0.13165595177369482,6.140651360543723,0.5745527021813803,6.978128529486026,6.638822167986576,6.168876982803988,0.3393063614994496,0.9961258536139802,0.3593482970225245,0.3517045817923295,7.381664348117769,1.4928210763386494,84.59773140758037,7,6.0,2.1119036438814973,False,158.57315306659532,Mahalanobis gate,1
91.30000000000001,0,-7.065688104354119,0.08344288289834184,-0.03648921991377413,-6.738380427603062,0.17179841174492047,0.028452584548779775,89.0,0.13165595177369482,6.140651360543723,0.5745527021813803,7.0662750134627235,6.740630165715191,6.168876982803988,0.3256448477475322,0.9505644110851351,0.3451875616310439,0.3390236197345742,7.381664348117769,1.4928210763386494,84.59773140758037,7,6.0,2.1119036438814973,False,158.57315306659532,Mahalanobis gate,1
91.4,0,-7.152431865963596,0.07979926445979624,-0.03080906314175757,-6.837487974092706,0.17463782559941846,0.031202787330698457,89.0,0.13165595177369482,6.140651360543723,0.5745527021813803,7.15294336047976,6.839789015746734,6.168876982803988,0.31315434473302606,0.9679800022670823,0.33470804786385805,0.32891337416684113,7.381664348117769,1.4928210763386494,84.59773140758037,7,6.0,2.1119036438814973,False,158.57315306659532,Mahalanobis gate,1
91.5,0,-7.237691433162824,0.0765455347593653,-0.02570814288461877,-6.938022272498983,0.1765057309502454,0.030252365151306547,89.0,0.13165595177369482,6.140651360543723,0.5745527021813803,7.238141847821215,6.94033302748128,6.168876982803988,0.2978088203399345,0.96450571296606,0.3208196146359027,0.31590132426992173,7.381664348117769,1.4928210763386494,84.59773140758037,7,6.0,2.1119036438814973,False,158.57315306659532,Mahalanobis gate,1
91.60000000000001,0,-7.321490512993564,0.07358507541692136,-0.02111393324363778,-7.034662053397203,0.18126906089704695,0.032578692515599375,89.0,0.13165595177369482,6.140651360543723,0.5745527021813803,7.32189073213715,7.037072548237021,6.168876982803988,0.2848181839001285,0.9978629144663638,0.3110455015335001,0.3063762490195757,7.381664348117769,1.4928210763386494,84.59773140758037,7,6.0,2.1119036438814973,False,158.57315306659532,Mahalanobis gate,1
91.7,0,-7.403846808759012,0.07084392080098076,-0.01699089829938786,-7.132731421725952,0.18340416522952158,0.027751801779359823,89.0,0.13165595177369482,6.140651360543723,0.5745527021813803,7.404205232117117,7.135142940740728,6.168876982803988,0.2690622913763887,0.9902648267759966,0.2969432116116412,0.29355299642807114,7.381664348117769,1.4928210763386494,84.59773140758037,7,6.0,2.1119036438814973,False,158.57315306659532,Mahalanobis gate,1
91.80000000000001,0,-7.491870004349039,0.06822327526191843,0.02466939654909169,-7.235813690488147,0.188686386771141,0.06793098963623881,89.0,0.13165595177369482,6.140651360543723,0.5745527021813803,7.492221243161365,7.23859219291717,6.168876982803988,0.2536290502441947,1.032761269683375,0.28626519617122326,0.28297737913570237,7.381664348117769,1.4928210763386494,84.59773140758037,7,6.0,2.1119036438814973,False,158.57315306659532,Mahalanobis gate,1
91.9,0,-7.572395296224618,0.06575288821248054,0.07806949835652177,-7.334109236159011,0.1935853293734327,0.10757401538975575,89.0,0.13165595177369482,6.140651360543723,0.5745527021813803,7.573083177356938,7.337452264679383,6.168876982803988,0.23563091267755443,1.0446064960148636,0.27201451424532996,0.2704096511494337,7.381664348117769,1.4928210763386494,84.59773140758037,7,6.0,2.1119036438814973,False,158.57315306659532,Mahalanobis gate,1
92.0,0,-7.632913109688181,0.06332200867512745,0.12644652205076382,-7.409694701985664,0.1998867787455647,0.15402894499192593,89.0,0.13165595177369482,6.140651360543723,0.5745527021813803,7.634223008255069,7.413990505581123,6.168876982803988,0.22023250267394623,1.0966576049117887,0.2631295954790022,0.26167994566194447,7.381664348117769,1.4928210763386494,84.59773140758037,7,6.0,2.1119036438814973,False,158.57315306659532,Mahalanobis gate,1
92.10000000000001,0,-7.672946044433473,0.060835713160208166,0.17865704288786224,-8.07478143855676,-0.2756527321711317,0.21137000618232415,89.0,0.13165595177369482,6.140651360543723,0.5745527021813803,7.675266791698933,8.08224950052445,6.168876982803988,0.4069827088255167,2.4143343805601667,0.5251345501671209,0.524114641859698,7.381664348117769,1.4928210763386494,84.59773140758037,7,6.0,2.1119036438814973,False,158.57315306659532,Mahalanobis gate,1
92.2,0,-7.694818205883373,0.05830461229525137,0.23622785248896558,-8.122872075928486,-0.2709842327825126,0.2702891399051146,89.0,0.13165595177369482,6.140651360543723,0.5745527021813803,7.698664185928664,8.131884125801728,6.168876982803988,0.4332199398730632,2.3482140846634243,0.5411297722854392,0.540056718459502,7.381664348117769,1.4928210763386494,84.59773140758037,7,6.0,2.1119036438814973,False,158.57315306659532,Mahalanobis gate,1
92.30000000000001,0,-7.702208915238154,0.05583324915345304,0.2955688710986501,-8.110183078731124,-0.9957092339261021,0.270872336208469,89.0,0.13165595177369482,6.140651360543723,0.5745527021813803,7.708080207369904,8.175565929743664,6.168876982803988,0.46748572237375985,7.415935110071728,1.1281819138040137,1.1279115709127667,7.381664348117769,1.4928210763386494,84.59773140758037,7,6.0,2.1119036438814973,False,158.57315306659532,Mahalanobis gate,1
92.4,0,-7.6993019288367925,0.05359692844273899,0.3507436404308098,-8.127642811348734,-1.0065521583036483,0.32988497878038303,89.0,0.13165595177369482,6.140651360543723,0.5745527021813803,7.7074732515546955,8.196374138329668,6.168876982803988,0.4889008867749727,7.45780790685871,1.1436026764248823,1.1434124355455941,7.381664348117769,1.4928210763386494,84.59773140758037,7,6.0,2.1119036438814973,False,158.57315306659532,Mahalanobis gate,1
92.5,0,-7.690307066543335,0.051766931279451006,0.39687170983806974,-8.139116941050087,-1.0205241130742602,0.3754079479680639,89.0,0.13165595177369482,6.140651360543723,0.5745527021813803,7.7007148854486385,8.211432589557813,6.168876982803988,0.5107177041091742,7.530886731009494,1.1626259417067693,1.1624277987281357,7.381664348117769,1.4928210763386494,84.59773140758037,7,6.0,2.1119036438814973,False,158.57315306659532,Mahalanobis gate,1
92.60000000000001,0,-7.678825926401611,0.05048129732481671,0.4303629346317125,-8.146946978251625,-1.0281577208461585,0.4064278353032197,89.0,0.13165595177369482,6.140651360543723,0.5745527021813803,7.691042076653981,8.221620092821615,6.168876982803988,0.5305780161676337,7.5681679579080505,1.1760834747949969,1.1758398916119528,7.381664348117769,1.4928210763386494,84.59773140758037,7,6.0,2.1119036438814973,False,158.57315306659532,Mahalanobis gate,1
92.7,0,-7.667517908727165,0.049816156235417325,0.44934355346569743,-8.156595417794037,-1.0368707085341016,0.42230623547465307,89.0,0.13165595177369482,6.140651360543723,0.5745527021813803,7.680834730621084,8.23307307342255,6.168876982803988,0.5522383428014672,7.616579373302964,1.1919799362832464,1.1916732572050375,7.381664348117769,1.4928210763386494,84.59773140758037,7,6.0,2.1119036438814973,False,158.57315306659532,Mahalanobis gate,1
92.80000000000001,0,-7.658050088897186,0.04977101318662923,0.45407658324615574,-8.168346314846415,-1.0472090770067426,0.42680257352381357,89.0,0.13165595177369482,6.140651360543723,0.5745527021813803,7.671661740539942,8.246253016188437,6.168876982803988,0.574591275648495,7.678021612163211,1.2101699996715418,1.2098626188533494,7.381664348117769,1.4928210763386494,84.59773140758037,7,6.0,2.1119036438814973,False,158.57315306659532,Mahalanobis gate,1
92.9,0,-7.651155964511311,0.05027101842839365,0.4464605543223999,-8.180414134870993,-1.055416733265606,0.4169271127090597,89.0,0.13165595177369482,6.140651360543723,0.5745527021813803,7.664335704752024,8.25874736967817,6.168876982803988,0.5944116649261462,7.729396438057355,1.2261858910100616,1.2258301738571336,7.381664348117769,1.4928210763386494,84.59773140758037,7,6.0,2.1119036438814973,False,158.57315306659532,Mahalanobis gate,1
93.0,0,-7.646733931932499,0.051184935531361796,0.42861261036069587,-8.197359197622513,-1.06329186338859,0.39987881386687807,89.0,0.13165595177369482,6.140651360543723,0.5745527021813803,7.658907787220931,8.275698790275923,6.168876982803988,0.6167910030549919,7.77593586826821,1.2434115769157084,1.2430795302582454,7.381664348117769,1.4928210763386494,84.59773140758037,7,6.0,2.1119036438814973,False,158.57315306659532,Mahalanobis gate,1
93.10000000000001,0,-7.644235103822032,0.052348204223796144,0.40353148833120045,-7.874940563067827,-0.7184994473227461,0.4593384749054848,89.0,0.13165595177369482,6.140651360543723,0.5745527021813803,7.655057695345299,7.920979873865519,6.168876982803988,0.2659221785202197,5.605093001384138,0.8065640275707409,0.8046310401796791,7.381664348117769,1.4928210763386494,84.59773140758037,7,6.0,2.1119036438814973,False,158.57315306659532,Mahalanobis gate,1
93.2,0,-7.6429012403602,0.053592975063446166,0.3742334437454689,-7.888863601319025,-0.7231162297390245,0.42770418921157005,89.0,0.13165595177369482,6.140651360543723,0.5745527021813803,7.652245568935515,7.933473191194213,6.168876982803988,0.28122762225869735,5.638872691906968,0.8164764494178789,0.8147236782083394,7.381664348117769,1.4928210763386494,84.59773140758037,7,6.0,2.1119036438814973,False,158.57315306659532,Mahalanobis gate,1
93.30000000000001,0,-7.64196758686627,0.05477898829106853,0.34304571357430597,-7.904479855506345,-0.7285559367208071,0.3914226353187277,89.0,0.13165595177369482,6.140651360543723,0.5745527021813803,7.649859456086405,7.947629031256843,6.168876982803988,0.2977695751704381,5.67610825491597,0.8275666876375495,0.8261514969604059,7.381664348117769,1.4928210763386494,84.59773140758037,7,6.0,2.1119036438814973,False,158.57315306659532,Mahalanobis gate,1
93.4,0,-7.64087180477045,0.05580548682818865,0.3119050304716234,-7.918636140697982,-0.7329701237319879,0.3615936356836947,89.0,0.13165595177369482,6.140651360543723,0.5745527021813803,7.647438848224265,7.960703077518899,6.168876982803988,0.31326422929463416,5.707720742602082,0.8377284450320184,0.8362535441645926,7.381664348117769,1.4928210763386494,84.59773140758037,7,6.0,2.1119036438814973,False,158.57315306659532,Mahalanobis gate,1
93.5,0,-7.639267723733447,0.05661912964867681,0.2820167660341584,-8.042004701731312,-0.6731842880685478,0.24281356401642568,89.0,0.13165595177369482,6.140651360543723,0.5745527021813803,7.6446811926359715,8.073783198429423,6.168876982803988,0.42910200579345137,5.22134394652603,0.8344740816868057,0.833552698969054,7.381664348117769,1.4928210763386494,84.59773140758037,7,6.0,2.1119036438814973,False,158.57315306659532,Mahalanobis gate,1
93.60000000000001,0,-7.637053367619181,0.0572122119928934,0.2541942241507045,-8.057301596262482,-0.6724287524698447,0.2126048529413852,89.0,0.13165595177369482,6.140651360543723,0.5745527021813803,7.641496717309782,8.088106716888467,6.168876982803988,0.4466099995786843,5.212883401947119,0.8430386625164549,0.8420121796624718,7.381664348117769,1.4928210763386494,84.59773140758037,7,6.0,2.1119036438814973,False,158.57315306659532,Mahalanobis gate,1
93.7,0,-7.63427796955706,0.05761360896887163,0.2285788852819574,-8.078539902187122,-0.6754979025281758,0.17341070713976428,89.0,0.13165595177369482,6.140651360543723,0.5745527021813803,7.637916453536229,8.108586537794377,6.168876982803988,0.47067008425814816,5.233341696530638,0.8589905010843905,0.8572170979825842,7.381664348117769,1.4928210763386494,84.59773140758037,7,6.0,2.1119036438814973,False,158.57315306659532,Mahalanobis gate,1
93.80000000000001,0,-7.63110138015075,0.057874499291502235,0.205118806759113,-8.09391122310266,-0.6785946488950417,0.15065200397818188,89.0,0.13165595177369482,6.140651360543723,0.5745527021813803,7.634076987867833,8.123705165211181,6.168876982803988,0.48962817734334774,5.247369648523462,0.8715195864517115,0.8698159328063526,7.381664348117769,1.4928210763386494,84.59773140758037,7,6.0,2.1119036438814973,False,158.57315306659532,Mahalanobis gate,1
93.9,0,-7.627731766096867,0.0580572672466719,0.18368915440518713,-8.107946824950238,-0.6836714514629687,0.12754861662532346,89.0,0.13165595177369482,6.140651360543723,0.5745527021813803,7.6301641035596,8.137719399154113,6.168876982803988,0.5075552955945133,5.276884254621797,0.8853924298809,0.883610771158994,7.381664348117769,1.4928210763386494,84.59773140758037,7,6.0,2.1119036438814973,False,158.57315306659532,Mahalanobis gate,1
94.0,0,-7.624360280445375,0.05822274392644096,0.1640088439545365,-8.122044413499465,-0.6854305180512575,0.10958484585116689,89.0,0.13165595177369482,6.140651360543723,0.5745527021813803,7.626346338505661,8.151651936164479,6.168876982803988,0.5253055976588179,5.280796068524111,0.8964773515897813,0.8948238208406573,7.381664348117769,1.4928210763386494,84.59773140758037,7,6.0,2.1119036438814973,False,158.57315306659532,Mahalanobis gate,1
94.10000000000001,0,-7.620833542491036,0.05844563017940978,0.1441250306333117,-8.136138195071608,-0.543860767794135,0.0947035220382529,89.0,0.13165595177369482,6.140651360543723,0.5745527021813803,7.622420337300915,8.15484506420172,6.168876982803988,0.5324247269008042,4.2835938602213215,0.7942004580223188,0.7926612656179495,7.381664348117769,1.4928210763386494,84.59773140758037,7,6.0,2.1119036438814973,False,158.57315306659532,Mahalanobis gate,1
94.2,0,-7.6181794846565944,0.058693899189966224,0.12901907682268673,-8.149925834332247,-0.5437489258194966,0.07508835627844809,89.0,0.13165595177369482,6.140651360543723,0.5745527021813803,7.619497985853721,8.168389820564066,6.168876982803988,0.5488918347103446,4.2811040882088,0.8053571011775986,0.8035493375012912,7.381664348117769,1.4928210763386494,84.59773140758037,7,6.0,2.1119036438814973,False,158.57315306659532,Mahalanobis gate,1
94.30000000000001,0,-7.615524891442771,0.059058130157347934,0.11340927286982856,-8.166032929587278,-0.544055505915115,0.0580303654285545,89.0,0.13165595177369482,6.140651360543723,0.5745527021813803,7.616598249750014,8.184342229155138,6.168876982803988,0.5677439794051242,4.279103351525698,0.8184570736866108,0.8165813848467653,7.381664348117769,1.4928210763386494,84.59773140758037,7,6.0,2.1119036438814973,False,158.57315306659532,Mahalanobis gate,1
94.4,0,-7.613191333202621,0.059522374739318006,0.09898312331648293,-8.182650904416294,-0.545044312522132,0.04356697168882139,89.0,0.13165595177369482,6.140651360543723,0.5745527021813803,7.614067431258249,8.200899170650718,6.168876982803988,0.5868317393924691,4.281306674791714,0.832379740535751,0.8305330111399211,7.381664348117769,1.4928210763386494,84.59773140758037,7,6.0,2.1119036438814973,False,158.57315306659532,Mahalanobis gate,1
94.5,0,-7.611159979208888,0.060081768148876114,0.08572375863270722,-8.201557685071146,-0.5464492885456075,0.027142102817181213,89.0,0.13165595177369482,6.140651360543723,0.5745527021813803,7.61187983423077,8.219786614033659,6.168876982803988,0.6079067798028888,4.288315853660814,0.8484581216656675,0.8464333250896635,7.381664348117769,1.4928210763386494,84.59773140758037,7,6.0,2.1119036438814973,False,158.57315306659532,Mahalanobis gate,1
94.60000000000001,0,-7.609397092792642,0.060723634121639766,0.07363895066812373,-8.218966038985586,-0.5455119701696315,0.01306671204989868,89.0,0.13165595177369482,6.140651360543723,0.5745527021813803,7.609995674808071,8.237059960845286,6.168876982803988,0.6270642860372151,4.279600321634725,0.8618380962596177,0.8597068733429895,7.381664348117769,1.4928210763386494,84.59773140758037,7,6.0,2.1119036438814973,False,158.57315306659532,Mahalanobis gate,1
94.7,0,-7.607862444038415,0.06143202033166523,0.06270610750225344,-8.238788517476337,-0.5439785845087358,-0.002528389098869108,89.0,0.13165595177369482,6.140651360543723,0.5745527021813803,7.608368873579296,8.256727882693937,6.168876982803988,0.6483590091146416,4.268346202567543,0.8768382120686897,0.8744082059295959,7.381664348117769,1.4928210763386494,84.59773140758037,7,6.0,2.1119036438814973,False,158.57315306659532,Mahalanobis gate,1
94.80000000000001,0,-7.606518792533517,0.0621897685371684,0.0529214811804035,-8.236132160177,-0.6171021057360161,-0.034209198963232185,89.0,0.13165595177369482,6.140651360543723,0.5745527021813803,7.6069571046277495,8.259289209011838,6.168876982803988,0.6523321043840884,4.795700522595152,0.9302914589478051,0.926202161069031,7.381664348117769,1.4928210763386494,84.59773140758037,7,6.0,2.1119036438814973,False,158.57315306659532,Mahalanobis gate,1
94.9,0,-7.6053326099546785,0.06298179554144684,0.044229877385726195,-8.25734454707053,-0.6193528910878118,-0.049062198207039893,89.0,0.13165595177369482,6.140651360543723,0.5745527021813803,7.605721997066631,8.280685000169198,6.168876982803988,0.6749630031025671,4.811212024725344,0.9483689166602935,0.9437691405841857,7.381664348117769,1.4928210763386494,84.59773140758037,7,6.0,2.1119036438814973,False,158.57315306659532,Mahalanobis gate,1
95.0,0,-7.604280246571995,0.06379612678796587,0.03658962410540663,-8.273405353219282,-0.6206857711299723,-0.05524942839784328,89.0,0.13165595177369482,6.140651360543723,0.5745527021813803,7.6046358765420425,8.296839124901663,6.168876982803988,0.6922032483596201,4.816092982880748,0.9616019386876152,0.9572062875488676,7.381664348117769,1.4928210763386494,84.59773140758037,7,6.0,2.1119036438814973,False,158.57315306659532,Mahalanobis gate,1
95.10000000000001,0,-7.603343919515929,0.06462469437924367,0.02992551957610709,-8.117025227781687,-0.14280350479931883,-0.059581762629946855,89.0,0.13165595177369482,6.140651360543723,0.5745527021813803,7.603677442283132,8.118499946164032,6.168876982803988,0.5148225038809002,1.6284795913554906,0.5611653034926484,0.5539809963131244,7.381664348117769,1.4928210763386494,84.59773140758037,7,6.0,2.1119036438814973,False,158.57315306659532,Mahalanobis gate,1
95.2,0,-7.60251126054336,0.06546309438379483,0.024152496873369324,-8.131169343683062,-0.13994723229165837,-0.06656949070870369,89.0,0.13165595177369482,6.140651360543723,0.5745527021813803,7.60283146114131,8.13264604053137,6.168876982803988,0.5298145793900595,1.616273732379256,0.5743720485928112,0.567162032556712,7.381664348117769,1.4928210763386494,84.59773140758037,7,6.0,2.1119036438814973,False,158.57315306659532,Mahalanobis gate,1
95.30000000000001,0,-7.601773787356497,0.06631001336575489,0.019183807671435488,-8.146233491344937,-0.13611552412288172,-0.07324841847761754,89.0,0.13165595177369482,6.140651360543723,0.5745527021813803,7.602087196980161,8.147699851014803,6.168876982803988,0.5456126540346418,1.5994108088307084,0.5881804008343126,0.5808721610601966,7.381664348117769,1.4928210763386494,84.59773140758037,7,6.0,2.1119036438814973,False,158.57315306659532,Mahalanobis gate,1
95.4,0,-7.60112596663239,0.06716635330218826,0.01494093627033213,-8.160036383773889,-0.1332645657681861,-0.07999506870602104,89.0,0.13165595177369482,6.140651360543723,0.5745527021813803,7.601437397703524,8.161516552701485,6.168876982803988,0.5600791549979611,1.591730204962637,0.6013037940588348,0.5937620800528437,7.381664348117769,1.4928210763386494,84.59773140758037,7,6.0,2.1119036438814973,False,158.57315306659532,Mahalanobis gate,1
95.5,0,-7.600562238757314,0.0680345737777307,0.011338280024253418,-8.17459997730742,-0.12726059962909853,-0.08752693948633063,89.0,0.13165595177369482,6.140651360543723,0.5745527021813803,7.600875186782547,8.176059014852344,6.168876982803988,0.5751838280697967,1.568965356061877,0.6143564614005442,0.6063493465286512,7.381664348117769,1.4928210763386494,84.59773140758037,7,6.0,2.1119036438814973,False,158.57315306659532,Mahalanobis gate,1
95.60000000000001,0,-7.60007690268079,0.06891770303248444,0.00829777847839818,-8.188232800683252,-0.12324485748358185,-0.0935394366736605,89.0,0.13165595177369482,6.140651360543723,0.5745527021813803,7.600393899633162,8.189694458238016,6.168876982803988,0.5893005586048536,1.5567697789028347,0.6270762540625344,0.6187518161744444,7.381664348117769,1.4928210763386494,84.59773140758037,7,6.0,2.1119036438814973,False,158.57315306659532,Mahalanobis gate,1
95.7,0,-7.599663914395453,0.06981883210622829,0.005748413748650329,-8.203981358734907,-0.11919067093457623,-0.10150686162494539,89.0,0.13165595177369482,6.140651360543723,0.5745527021813803,7.599986797708383,8.205475013274041,6.168876982803988,0.605488215565658,1.5529830101581374,0.6422054654611459,0.6331857277076776,7.381664348117769,1.4928210763386494,84.59773140758037,7,6.0,2.1119036438814973,False,158.57315306659532,Mahalanobis gate,1
95.80000000000001,0,-7.599317099074758,0.0707405654899986,0.0036311321528914595,-8.194903703053166,-0.16124034644510507,-0.10557760972651445,89.0,0.13165595177369482,6.140651360543723,0.5745527021813803,7.599647214510457,8.197169742253225,6.168876982803988,0.5975225277427674,1.8283794164972653,0.6484327996359049,0.6391702013867472,7.381664348117769,1.4928210763386494,84.59773140758037,7,6.0,2.1119036438814973,False,158.57315306659532,Mahalanobis gate,1
95.9,0,-7.599029007464136,0.07168489589621632,0.0018869432750338504,-8.206529213628622,-0.1581112927654938,-0.1071689079110525,89.0,0.13165595177369482,6.140651360543723,0.5745527021813803,7.599367351374451,8.208751798529594,6.168876982803988,0.6093844471551426,1.812293730326891,0.6586015240578049,0.6495096525944334,7.381664348117769,1.4928210763386494,84.59773140758037,7,6.0,2.1119036438814973,False,158.57315306659532,Mahalanobis gate,1
96.0,0,-7.598792427654815,0.07265312029706611,0.00046645892666747073,-8.219917675802096,-0.1544947392908514,-0.10945725003320085,89.0,0.13165595177369482,6.140651360543723,0.5745527021813803,7.599139757371026,8.222098035843231,6.168876982803988,0.622958278472205,1.796169316169663,0.6704296725182195,0.661356729761929,7.381664348117769,1.4928210763386494,84.59773140758037,7,6.0,2.1119036438814973,False,158.57315306659532,Mahalanobis gate,1
96.10000000000001,0,-7.598600888098145,0.07364612203169257,-0.0006696350564067387,-8.093489226759457,-0.046673671043411934,-0.0958180765124551,89.0,0.13165595177369482,6.140651360543723,0.5745527021813803,7.598957800666308,8.094190966305812,6.168876982803988,0.4952331656395037,1.1125089718275574,0.5181163443282842,0.5093047421226217,7.381664348117769,1.4928210763386494,84.59773140758037,7,6.0,2.1119036438814973,False,158.57315306659532,Mahalanobis gate,1
96.2,0,-7.598447585967864,0.07466318524614787,-0.0015615399185829049,-8.105738353217241,-0.043664619580115346,-0.09932242233017699,89.0,0.13165595177369482,6.140651360543723,0.5745527021813803,7.598814561912857,8.106464444713094,6.168876982803988,0.5076498828002372,1.1118092425168615,0.5300024359013433,0.5209082375346583,7.381664348117769,1.4928210763386494,84.59773140758037,7,6.0,2.1119036438814973,False,158.57315306659532,Mahalanobis gate,1
96.30000000000001,0,-7.598326209444804,0.07570480366280027,-0.0022465862893686905,-8.11636866730005,-0.03938855597123965,-0.09980897477147296,89.0,0.13165595177369482,6.140651360543723,0.5745527021813803,7.598703669020356,8.117077899916719,6.168876982803988,0.518374230896363,1.0924146957532535,0.5395673166703923,0.5306735998450972,7.381664348117769,1.4928210763386494,84.59773140758037,7,6.0,2.1119036438814973,False,158.57315306659532,Mahalanobis gate,1
96.4,0,-7.598231953953136,0.07677082695681728,-0.0027502867830443618,-8.1274369966809,-0.03556228739080922,-0.10024255688623669,89.0,0.13165595177369482,6.140651360543723,0.5745527021813803,7.598620279368058,8.128132957913092,6.168876982803988,0.5295126785450339,1.0763965555435029,0.5497103314996052,0.5409960312493356,7.381664348117769,1.4928210763386494,84.59773140758037,7,6.0,2.1119036438814973,False,158.57315306659532,Mahalanobis gate,1
96.5,0,-7.598159900272758,0.07785971454730653,-0.0031043895903392236,-8.139713107161285,-0.02820364235567173,-0.10282436088123564,89.0,0.13165595177369482,6.140651360543723,0.5745527021813803,7.598559445217036,8.140411400016953,6.168876982803988,0.5418519547999168,1.0524452751547502,0.5607792651685988,0.5518417450399856,7.381664348117769,1.4928210763386494,84.59773140758037,7,6.0,2.1119036438814973,False,158.57315306659532,Mahalanobis gate,1
96.60000000000001,0,-7.598105827199624,0.07897177757044446,-0.003334373657582415,-8.152501392864565,-0.023920321835273546,-0.1031019204563978,89.0,0.13165595177369482,6.140651360543723,0.5745527021813803,7.598516948788441,8.153188403836696,6.168876982803988,0.554671455048255,1.0354883196118483,0.5726209834989633,0.5638627735088265,7.381664348117769,1.4928210763386494,84.59773140758037,7,6.0,2.1119036438814973,False,158.57315306659532,Mahalanobis gate,1
96.7,0,-7.598066602986544,0.08010672981726435,-0.0034596220872868404,-8.165862225780018,-0.019508081772239214,-0.10621318033164136,89.0,0.13165595177369482,6.140651360543723,0.5745527021813803,7.598489663121644,8.166576252956412,6.168876982803988,0.5680865898347687,1.0325048133128067,0.5855538179222446,0.5764676746804119,7.381664348117769,1.4928210763386494,84.59773140758037,7,6.0,2.1119036438814973,False,158.57315306659532,Mahalanobis gate,1
96.80000000000001,0,-7.598039458770064,0.08126436935725198,-0.003498762091837805,-8.104484366684948,-0.02986175173290877,-0.10511205047292117,89.0,0.13165595177369482,6.140651360543723,0.5745527021813803,7.598474830917721,8.105220978925368,6.168876982803988,0.5067461480076476,1.0919617888632567,0.5283566219108816,0.5184934517826248,7.381664348117769,1.4928210763386494,84.59773140758037,7,6.0,2.1119036438814973,False,158.57315306659532,Mahalanobis gate,1
96.9,0,-7.598021848214655,0.08244533228897996,-0.003467597866950864,-8.115244170513423,-0.024487032024781297,-0.10784533722784584,89.0,0.13165595177369482,6.140651360543723,0.5745527021813803,7.598469929071145,8.115997669944912,6.168876982803988,0.5175277408737671,1.0825220716230968,0.5383754950737932,0.5281604502628544,7.381664348117769,1.4928210763386494,84.59773140758037,7,6.0,2.1119036438814973,False,158.57315306659532,Mahalanobis gate,1
97.0,0,-7.5980114244575825,0.08364884096005604,-0.003386697043319614,-8.124249042945667,-0.019525002026168328,-0.10909617211379523,89.0,0.13165595177369482,6.140651360543723,0.5745527021813803,7.598472623132807,8.125004966907872,6.168876982803988,0.5265323437750649,1.0694602662492418,0.5465760387249268,0.5362563500682832,7.381664348117769,1.4928210763386494,84.59773140758037,7,6.0,2.1119036438814973,False,158.57315306659532,Mahalanobis gate,1
97.10000000000001,1,-7.59800678731228,0.08487637732771952,-0.0032636583723295986,-7.6424548576510745,0.43848303472715217,-0.08234357725136354,97.0,-7.533345073687393,0.5605829452781492,-0.34285728111198477,7.598481545081078,7.655466288064535,7.5619503008812705,0.05698474298345779,2.7090585376033847,0.3650574375135463,0.35638925224260365,0.5888798337407857,0.03652297789275227,4.443663792068149,8,7.0,1.8591925529320525,True,1.9173074926202152,,1
97.2,0,-7.59800634266894,0.08612914570502872,-0.0031090419438212467,-7.643841420961044,0.45165472569001097,-0.08308470183430722,97.0,-7.533345073687393,0.5605829452781492,-0.34285728111198477,7.598495132532436,7.657624091565005,7.5619503008812705,0.05912895903256832,2.79673750801863,0.3769693756796692,0.36838811602086313,0.5888798337407857,0.03652297789275227,4.443663792068149,8,7.0,1.8591925529320525,True,1.9173074926202152,,1
97.30000000000001,0,-7.5980086249138035,0.08740654756591891,-0.002933483190767295,-7.644662925016528,0.4668065974381595,-0.08422157314435504,97.0,-7.533345073687393,0.5605829452781492,-0.34285728111198477,7.5985119315656515,7.6593650461325415,7.5619503008812705,0.06085311456689002,2.899605175585476,0.39080529055968044,0.3822577946375112,0.5888798337407857,0.03652297789275227,4.443663792068149,8,7.0,1.8591925529320525,True,1.9173074926202152,,1
97.4,0,-7.598012625102061,0.088710580220482,-0.002744539607759602,-7.645350155155058,0.4805842914189887,-0.08615541526971048,97.0,-7.533345073687393,0.5605829452781492,-0.34285728111198477,7.598530973204691,7.660924422787922,7.5619503008812705,0.06239344958323034,2.9935598947536888,0.40343924134707376,0.39472249401321047,0.5888798337407857,0.03652297789275227,4.443663792068149,8,7.0,1.8591925529320525,True,1.9173074926202152,,1
97.5,0,-7.598017345654148,0.09004186532127585,-0.0025482711351433505,-7.647146200590006,0.48991541941943306,-0.09068267174885038,97.0,-7.533345073687393,0.5605829452781492,-0.34285728111198477,7.598551284031557,7.663359934019711,7.5619503008812705,0.06480864998815417,3.058413599417872,0.4124077790560428,0.40288025969809,0.5888798337407857,0.03652297789275227,4.443663792068149,8,7.0,1.8591925529320525,True,1.9173074926202152,,1
97.60000000000001,0,-7.598022015725025,0.09140200031611061,-0.0023486298079189124,-7.648580634620623,0.5019301495938372,-0.09371150906597148,97.0,-7.533345073687393,0.5605829452781492,-0.34285728111198477,7.598572128575601,7.665605093291482,7.5619503008812705,0.0670329647158816,3.140410554780915,0.4235997060909593,0.41362970794422593,0.5888798337407857,0.03652297789275227,4.443663792068149,8,7.0,1.8591925529320525,True,1.9173074926202152,,1
97.7,0,-7.598025953215387,0.09279150566666071,-0.0021496358247138337,-7.649048502894115,0.5168025951740061,-0.09618646599726306,97.0,-7.533345073687393,0.5605829452781492,-0.34285728111198477,7.598592848033948,7.66709069714493,7.5619503008812705,0.06849784911098222,3.2425322899843985,0.4373003887830711,0.4270699059883806,0.5888798337407857,0.03652297789275227,4.443663792068149,8,7.0,1.8591925529320525,True,1.9173074926202152,,1
97.80000000000001,0,-7.598028563182015,0.09421165130770974,-0.0019547682499109834,-7.651173401194248,0.5323918191900091,-0.09814947446293212,97.0,-7.533345073687393,0.5605829452781492,-0.34285728111198477,7.598612880209834,7.670301740063434,7.5619503008812705,0.07168885985359985,3.3479000641832393,0.45175176240510223,0.44139124745820063,0.5888798337407857,0.03652297789275227,4.443663792068149,8,7.0,1.8591925529320525,True,1.9173074926202152,,1
97.9,0,-7.598029482661474,0.09566363101410653,-0.0017658437008374053,-7.626828753543072,0.5938486519538126,-0.12728820832227258,97.0,-7.533345073687393,0.5605829452781492,-0.34285728111198477,7.598631894485728,7.650972183015478,7.5619503008812705,0.05234028852974948,3.8473092278348315,0.5145615387027713,0.49901674630417675,0.5888798337407857,0.03652297789275227,4.443663792068149,8,7.0,1.8591925529320525,True,1.9173074926202152,,1
98.0,0,-7.598028295384531,0.09714879127914403,-0.0015851056033977114,-7.627306414172489,0.6087642465876224,-0.12979729087275993,97.0,-7.533345073687393,0.5605829452781492,-0.34285728111198477,7.598649510121567,7.652662568042452,7.5619503008812705,0.0540130579208844,3.9490238332518572,0.5282479974423081,0.5124525171664819,0.5888798337407857,0.03652297789275227,4.443663792068149,8,7.0,1.8591925529320525,True,1.9173074926202152,,1
98.10000000000001,0,-7.598024681669408,0.09866914639766698,-0.0014136033026878297,-7.6930103306005115,0.6550997927183138,-0.13454170091694656,97.0,-7.533345073687393,0.5605829452781492,-0.34285728111198477,7.5986654526951405,7.722024679734674,7.5619503008812705,0.12335922703953361,4.239714844832499,0.5799658852398709,0.5644797052752876,0.5888798337407857,0.03652297789275227,4.443663792068149,8,7.0,1.8591925529320525,True,1.9173074926202152,,1
98.2,0,-7.598018360611832,0.10022469596100396,-0.0012527306648948766,-7.692621551814424,0.6699361960219946,-0.13743429145335107,97.0,-7.533345073687393,0.5605829452781492,-0.34285728111198477,7.598679462065043,7.722961156878071,7.5619503008812705,0.12428169481302831,4.340459780510765,0.5933518135021064,0.5775127332686775,0.5888798337407857,0.03652297789275227,4.443663792068149,8,7.0,1.8591925529320525,True,1.9173074926202152,,1
98.30000000000001,0,-7.598009404763782,0.10181796073317578,-0.0011021875492663934,-7.693091606545948,0.688206833356371,-0.13817995167869082,97.0,-7.533345073687393,0.5605829452781492,-0.34285728111198477,7.59869166546611,7.725048919665949,7.5619503008812705,0.12635725419983856,4.4613309701369435,0.6096579766153876,0.5940475865046893,0.5888798337407857,0.03652297789275227,4.443663792068149,8,7.0,1.8591925529320525,True,1.9173074926202152,,1
98.4,0,-7.597997378819955,0.10345112605758411,-0.0009637450581931904,-7.693818257284972,0.7066472047420485,-0.14229108034459004,97.0,-7.533345073687393,0.5605829452781492,-0.34285728111198477,7.598701680737443,7.727511656390234,7.5619503008812705,0.12880997565279184,4.5885863718734035,0.6268975720078007,0.61075948628746,0.5888798337407857,0.03652297789275227,4.443663792068149,8,7.0,1.8591925529320525,True,1.9173074926202152,,1
98.5,0,-7.597982375240406,0.10512565834908394,-0.0008356976565008607,-7.693783389161394,0.7228609243785127,-0.14398531714250956,97.0,-7.533345073687393,0.5605829452781492,-0.34285728111198477,7.598709645518622,7.729007861742784,7.5619503008812705,0.13029821622416193,4.695908850112978,0.6413006367716529,0.6251197430610702,0.5888798337407857,0.03652297789275227,4.443663792068149,8,7.0,1.8591925529320525,True,1.9173074926202152,,1
98.60000000000001,0,-7.597964377367497,0.10684389161238839,-0.0007174037341910851,-7.694100475825113,0.739922379614037,-0.1469979814606255,97.0,-7.533345073687393,0.5605829452781492,-0.34285728111198477,7.59871560275738,7.730994481080647,7.5619503008812705,0.1322788783232669,4.810899982257155,0.6568321922813203,0.6403362565067715,0.5888798337407857,0.03652297789275227,4.443663792068149,8,7.0,1.8591925529320525,True,1.9173074926202152,,1
98.7,0,-7.5979430269076165,0.10860888279123097,-0.000610099464934302,-7.694488237526043,0.7585211827986929,-0.14720365882033548,97.0,-7.533345073687393,0.5605829452781492,-0.34285728111198477,7.598719267203953,7.733186441522735,7.5619503008812705,0.13446717431878152,4.931844959761008,0.6731988168727208,0.6570441198232776,0.5888798337407857,0.03652297789275227,4.443663792068149,8,7.0,1.8591925529320525,True,1.9173074926202152,,1
98.80000000000001,0,-7.5979181809514245,0.11042070168592741,-0.0005138928601415979,-7.694811867252435,0.7759403784308024,-0.1497529695436385,97.0,-7.533345073687393,0.5605829452781492,-0.34285728111198477,7.598720529133763,7.735285327327969,7.5619503008812705,0.13656479819420664,5.047803423717267,0.6888955861296719,0.6725361154463019,0.5888798337407857,0.03652297789275227,4.443663792068149,8,7.0,1.8591925529320525,True,1.9173074926202152,,1
98.9,0,-7.597890316293182,0.11228319177874,-0.00042471640051943636,-7.694326414366104,0.7918563680366695,-0.15029782202660197,97.0,-7.533345073687393,0.5605829452781492,-0.34285728111198477,7.598719954963583,7.736425848783023,7.5619503008812705,0.1377058938194402,5.149924192716074,0.7025536069872732,0.6863815432402164,0.5888798337407857,0.03652297789275227,4.443663792068149,8,7.0,1.8591925529320525,True,1.9173074926202152,,1
99.0,0,-7.597858855333451,0.11420053224232421,-0.00034586621623605197,-7.731783818934645,0.6473578545269719,-0.1028491720130212,97.0,-7.533345073687393,0.5605829452781492,-0.34285728111198477,7.598717067160535,7.759518745820589,7.5619503008812705,0.16080167866005457,3.997098287362054,0.5591954523067816,0.5497204982364372,0.5888798337407857,0.03652297789275227,4.443663792068149,8,7.0,1.8591925529320525,True,1.9173074926202152,,1
99.10000000000001,0,-7.597823888795574,0.11617490410482278,-0.0002750280371148244,-7.753912215049905,0.6169024796248446,-0.10152132457725158,97.0,-7.533345073687393,0.5605829452781492,-0.34285728111198477,7.5987120309389855,7.779076416092807,7.5619503008812705,0.1803643851538217,3.7476944393342353,0.5341745810520478,0.5244918211745894,0.5888798337407857,0.03652297789275227,4.443663792068149,8,7.0,1.8591925529320525,True,1.9173074926202152,,1
99.2,0,-7.597785584957685,0.11820968850754329,-0.00020912157195295518,-7.756083109401686,0.6302488746973725,-0.10032320922923041,97.0,-7.533345073687393,0.5605829452781492,-0.34285728111198477,7.5987051113449375,7.7822942369402535,7.5619503008812705,0.18358912559531593,3.825775898688422,0.5452201986229882,0.5359498432120693,0.5888798337407857,0.03652297789275227,4.443663792068149,8,7.0,1.8591925529320525,True,1.9173074926202152,,1
99.30000000000001,0,-7.597738864825114,0.12052144313013935,-0.00014637187877300918,-7.759203045374577,0.6432714095423635,-0.1040664625937357,97.0,-7.533345073687393,0.5605829452781492,-0.34285728111198477,7.5986947101296884,7.786517824696833,7.5619503008812705,0.18782311456714496,3.905902691044843,0.5568999858490725,0.5471180941848762,0.5888798337407857,0.03652297789275227,4.443663792068149,8,7.0,1.8591925529320525,True,1.9173074926202152,,1
99.4,0,-7.597696933557028,0.12247585121719756,-0.00010170828924507542,-7.761748136182848,0.6570622955662807,-0.10563794229729266,97.0,-7.533345073687393,0.5605829452781492,-0.34285728111198477,7.598684033348,7.790226207540161,7.5619503008812705,0.19154217419216035,3.991322477271123,0.5690635819074829,0.5591917949726847,0.5888798337407857,0.03652297789275227,4.443663792068149,8,7.0,1.8591925529320525,True,1.9173074926202152,,1
99.5,0,-7.59764695367904,0.12471654042990492,-5.269666459965394e-05,-7.764347913633901,0.6733450630994727,-0.10745062049425706,97.0,-7.533345073687393,0.5605829452781492,-0.34285728111198477,7.598670505488584,7.794231054683722,7.5619503008812705,0.19556054919513866,4.092751467091327,0.5833667628339702,0.5733955580020347,0.5888798337407857,0.03652297789275227,4.443663792068149,8,7.0,1.8591925529320525,True,1.9173074926202152,,1
99.60000000000001,0,-7.597592279981532,0.12703455175332518,-1.0500898593530983e-05,-7.766522129241141,0.6884946440160679,-0.11085955141653124,97.0,-7.533345073687393,0.5605829452781492,-0.34285728111198477,7.598654238105877,7.797767674082848,7.5619503008812705,0.19911343597697062,4.187888386486211,0.59670951155088,0.5863230587095835,0.5888798337407857,0.03652297789275227,4.443663792068149,8,7.0,1.8591925529320525,True,1.9173074926202152,,1
99.7,0,-7.597532811934497,0.12943643345837158,2.6206672677465717e-05,-7.771011491918154,0.7038563859494917,-0.11879220816913089,97.0,-7.533345073687393,0.5605829452781492,-0.34285728111198477,7.598635312963408,7.803726354011114,7.5619503008812705,0.20509104104770604,4.288893739461584,0.6116951446057857,0.600044276890275,0.5888798337407857,0.03652297789275227,4.443663792068149,8,7.0,1.8591925529320525,True,1.9173074926202152,,1
99.80000000000001,0,-7.597468968076113,0.1319284643715699,6.457753997158702e-05,-7.7740010814952365,0.7194183044787816,-0.11887953442197398,97.0,-7.533345073687393,0.5605829452781492,-0.34285728111198477,7.598614337151295,7.808123196749179,7.5619503008812705,0.209508859597884,4.380040264674347,0.6248644661587307,0.613439401487563,0.5888798337407857,0.03652297789275227,4.443663792068149,8,7.0,1.8591925529320525,True,1.9173074926202152,,1
99.9,0,-7.597399453091826,0.13451714866899606,9.90866985659454e-05,-7.775010487356213,0.7332394614549578,-0.11858454650653212,97.0,-7.533345073687393,0.5605829452781492,-0.34285728111198477,7.598590219438352,7.810409110987978,7.5619503008812705,0.2118188915496262,4.458786961451817,0.6356885181525609,0.6245110786208973,0.5888798337407857,0.03652297789275227,4.443663792068149,8,7.0,1.8591925529320525,True,1.9173074926202152,,1
100.0,0,-7.597323708363917,0.1372097602050396,0.00012837460265582797,-7.777564852794452,0.7479207715593621,-0.12197839388448249,97.0,-7.533345073687393,0.5605829452781492,-0.34285728111198477,7.59856263147472,7.814395641924472,7.5619503008812705,0.21583301044975212,4.547071554834017,0.6483555139315312,0.6367533349225964,0.5888798337407857,0.03652297789275227,4.443663792068149,8,7.0,1.8591925529320525,True,1.9173074926202152,,1
100.10000000000001,0,-7.609126998212969,0.14055016213998883,0.10450219065648657,-7.829471239998566,0.590421478373143,-0.01819896391027207,97.0,-7.533345073687393,0.5605829452781492,-0.34285728111198477,7.611142406423827,7.851722653174678,7.5619503008812705,0.24058024675085132,3.3816398896769395,0.5157435015484303,0.500934911996978,0.5888798337407857,0.03652297789275227,4.443663792068149,8,7.0,1.8591925529320525,True,1.9173074926202152,,1
100.2,0,-7.601505015646593,0.1437857706160573,0.3106102902227851,-7.920334802564601,0.5678676987770718,0.22604281700973972,97.0,-7.533345073687393,0.5605829452781492,-0.34285728111198477,7.6092070285361695,7.943882707036408,7.5619503008812705,0.33467567850023894,3.097676848679125,0.5372611770308603,0.5305637707372661,0.5888798337407857,0.03652297789275227,4.443663792068149,8,7.0,1.8591925529320525,True,1.9173074926202152,,1
100.30000000000001,0,-7.520660909620845,0.14488175955106908,0.4510248863370369,-7.847023213363827,0.575213697027966,0.365591283365877,97.0,-7.533345073687393,0.5605829452781492,-0.34285728111198477,7.535565983378089,7.876566580356726,7.5619503008812705,0.3410005969786365,3.179358817906998,0.5468060261497494,0.5400906680521768,0.5888798337407857,0.03652297789275227,4.443663792068149,8,7.0,1.8591925529320525,True,1.9173074926202152,,1
100.4,0,-7.375258857457438,0.14400955634449694,0.5902322546594263,-7.710573409598813,0.5810260650678493,0.511577028895187,97.0,-7.533345073687393,0.5605829452781492,-0.34285728111198477,7.400240271860318,7.749338336244826,7.5619503008812705,0.3490980643845072,3.278694744973941,0.5564224315342993,0.550835073115827,0.5888798337407857,0.03652297789275227,4.443663792068149,8,7.0,1.8591925529320525,True,1.9173074926202152,,1
100.5,0,-7.163167930380008,-0.01666688812414649,0.8495669356107117,-7.509802053123278,0.43647934931630283,0.7560190259158047,97.0,-7.533345073687393,0.5605829452781492,-0.34285728111198477,7.213391474339053,7.560370749309908,7.5619503008812705,0.3469792749708551,3.5884782580485437,0.5781417983200304,0.570523205098997,0.5888798337407857,0.03652297789275227,4.443663792068149,8,7.0,1.8591925529320525,True,1.9173074926202152,,1
100.60000000000001,0,-6.917690250391274,-0.12124841984425677,0.767278344788551,-7.27209745531871,0.3451700310008224,0.6918010972233265,97.0,-7.533345073687393,0.5605829452781492,-0.34285728111198477,6.961167692137194,7.313079550235549,7.5619503008812705,0.35191185809835446,3.8098511908162322,0.5906330951557179,0.5857906095126493,0.5888798337407857,0.03652297789275227,4.443663792068149,8,7.0,1.8591925529320525,True,1.9173074926202152,,1
100.7,0,-6.641434176382881,-0.18070778627307998,0.7401274765554445,-7.006849027761504,0.2938341935487373,0.6680690809402293,97.0,-7.533345073687393,0.5605829452781492,-0.34285728111198477,6.684990045228086,7.0447560729984895,7.5619503008812705,0.35976602777040334,4.043722199832496,0.6032499619559956,0.5989308008620623,0.5888798337407857,0.03652297789275227,4.443663792068149,8,7.0,1.8591925529320525,True,1.9173074926202152,,1
100.80000000000001,0,-6.351951341148666,-0.22242222909930176,0.7089206404895266,-6.727367922530389,0.2563182578159659,0.6405739552438918,97.0,-7.533345073687393,0.5605829452781492,-0.34285728111198477,6.395258084145621,6.762655780573003,7.5619503008812705,0.36739769642738196,4.267546740413924,0.612210203093899,0.6083831550825575,0.5888798337407857,0.03652297789275227,4.443663792068149,8,7.0,1.8591925529320525,True,1.9173074926202152,,1
100.9,0,-6.0562934108346465,-0.2536229293972856,0.6754538034752106,-6.442324029968232,0.22809795219846568,0.6087641468937139,97.0,-7.533345073687393,0.5605829452781492,-0.34285728111198477,6.099118978103669,6.475041418357606,7.5619503008812705,0.3759224402539374,4.506678469000825,0.6209043058064623,0.6173124384572588,0.5888798337407857,0.03652297789275227,4.443663792068149,8,7.0,1.8591925529320525,True,1.9173074926202152,,1
101.0,0,-5.7589128214939285,-0.27578092459411474,0.6391172873017158,-6.155943960287198,0.2097928391353501,0.5742202027878164,97.0,-7.533345073687393,0.5605829452781492,-0.34285728111198477,5.800827778073147,6.186225660193668,7.5619503008812705,0.38539788212052084,4.775002250867172,0.6305769078964776,0.6272285111455621,0.5888798337407857,0.03652297789275227,4.443663792068149,8,7.0,1.8591925529320525,True,1.9173074926202152,,1
101.10000000000001,0,-5.462704697203944,-0.28976079006787114,0.5993841772122114,-5.660375391212317,0.13251284158341584,0.5504243395990844,97.0,-7.533345073687393,0.5605829452781492,-0.34285728111198477,5.503123232874869,5.688618125366617,7.5619503008812705,0.18549489249174744,4.41011860514623,0.46881317063071337,0.4662496362011649,0.5888798337407857,0.03652297789275227,4.443663792068149,8,7.0,1.8591925529320525,True,1.9173074926202152,,1
101.2,0,-5.16944421439606,-0.29717119426051064,0.5566334781804104,-5.3744339719068925,0.13228904955811102,0.5105643199101118,97.0,-7.533345073687393,0.5605829452781492,-0.34285728111198477,5.207811923781651,5.400251553009837,7.5619503008812705,0.19243962922818625,4.729858538040326,0.4780996434309835,0.47587488030479164,0.5888798337407857,0.03652297789275227,4.443663792068149,8,7.0,1.8591925529320525,True,1.9173074926202152,,1
101.30000000000001,0,-4.88014195152703,-0.3004411727624896,0.5123242408731377,-5.093002208013056,0.13311659118092578,0.46829285634960316,97.0,-7.533345073687393,0.5605829452781492,-0.34285728111198477,4.916149559678915,5.116218302318771,7.5619503008812705,0.2000687426398562,5.04903405841539,0.48499544976212977,0.4829925708195843,0.5888798337407857,0.03652297789275227,4.443663792068149,8,7.0,1.8591925529320525,True,1.9173074926202152,,1
101.4,0,-4.595481562256616,-0.30270693141667326,0.46753984093573353,-4.8168247920282115,0.1381156885031066,0.4265241952245488,97.0,-7.533345073687393,0.5605829452781492,-0.34285728111198477,4.6291117699004,4.837644045361364,7.5619503008812705,0.2085322754609633,5.437163645433567,0.4949744344829998,0.4932721435461971,0.5888798337407857,0.03652297789275227,4.443663792068149,8,7.0,1.8591925529320525,True,1.9173074926202152,,1
101.5,0,-4.28805925708916,-0.3083159354089038,0.41979360842735014,-4.545401867219083,0.13934362868453587,0.38599564640111556,97.0,-7.533345073687393,0.5605829452781492,-0.34285728111198477,4.3195760882303675,4.563889505719252,7.5619503008812705,0.24431341748888435,5.888956027581115,0.5174616957320964,0.5163567606924595,0.5888798337407857,0.03652297789275227,4.443663792068149,8,7.0,1.8591925529320525,True,1.9173074926202152,,1
101.60000000000001,0,-4.041368876971546,-0.3187193244927,0.38198643273245003,-4.280223357757896,0.13267686473490145,0.34608825421327216,97.0,-7.533345073687393,0.5605829452781492,-0.34285728111198477,4.071874020933237,4.29624163920473,7.5619503008812705,0.22436761827149354,6.306960996285881,0.5119557225599806,0.5106955870583935,0.5888798337407857,0.03652297789275227,4.443663792068149,8,7.0,1.8591925529320525,True,1.9173074926202152,,1
101.7,0,-3.7722922704280633,-0.34026549844637777,0.3429247837944093,-4.0226966434703755,0.1154599050502301,0.3056456609823966,97.0,-7.533345073687393,0.5605829452781492,-0.34285728111198477,3.8030996555842074,4.035943327790839,7.5619503008812705,0.23284367220663205,6.825416340710936,0.5213230538049249,0.5199884550938217,0.5888798337407857,0.03652297789275227,4.443663792068149,8,7.0,1.8591925529320525,True,1.9173074926202152,,1
101.80000000000001,0,-3.508731782573633,-0.3760180869333307,0.30658670226506934,-3.770527376790251,0.0839725689326738,0.2699841236494759,97.0,-7.533345073687393,0.5605829452781492,-0.34285728111198477,3.5421157137718016,3.7811135289066233,7.5619503008812705,0.23899781513482177,7.420722880569808,0.5305356589302738,0.529271515042392,0.5888798337407857,0.03652297789275227,4.443663792068149,8,7.0,1.8591925529320525,True,1.9173074926202152,,1
101.9,0,-3.250656484413647,-0.4298204498348459,0.2728945625100547,-3.5268303300642465,0.03488875903805488,0.23394268142443345,97.0,-7.533345073687393,0.5605829452781492,-0.34285728111198477,3.2902864071390923,3.534752973088834,7.5619503008812705,0.2444665659497418,8.133553472227883,0.5419814488271962,0.5405799125316426,0.5888798337407857,0.03652297789275227,4.443663792068149,8,7.0,1.8591925529320525,True,1.9173074926202152,,1
102.0,0,-2.9992500129062414,-0.5044385068117327,0.23479948773218787,-3.2856740147320633,-0.03507574123901644,0.19955419647742684,97.0,-7.533345073687393,0.5605829452781492,-0.34285728111198477,3.0504245026736587,3.2919152352453933,7.5619503008812705,0.2414907325717346,8.963519102962769,0.5509830715036715,0.5498546303596862,0.5888798337407857,0.03652297789275227,4.443663792068149,8,7.0,1.8591925529320525,True,1.9173074926202152,,1
102.10000000000001,0,-2.7500552889554593,-0.6066448015265449,0.21286243420919268,-2.858599547990881,-0.1311624913691129,0.1880307168084863,97.0,-7.533345073687393,0.5605829452781492,-0.34285728111198477,2.824204741768652,2.867777977002288,7.5619503008812705,0.04357323523363599,9.804462809054048,0.488346083870103,0.48771434615171727,0.5888798337407857,0.03652297789275227,4.443663792068149,8,7.0,1.8591925529320525,True,1.9173074926202152,,1
102.2,0,-2.506051302122061,-0.735983875642523,0.18841185801168897,-2.6245517271683148,-0.25697301616022766,0.1663683338456988,97.0,-7.533345073687393,0.5605829452781492,-0.34285728111198477,2.6186760819759445,2.6423446637642227,7.5619503008812705,0.023668581788278242,10.762255878430178,0.49394298374991286,0.4934508630432316,0.5888798337407857,0.03652297789275227,4.443663792068149,8,7.0,1.8591925529320525,True,1.9173074926202152,,1
102.30000000000001,0,-2.2589911253708785,-0.898474409651918,0.19740905310571877,-2.338435752145469,-0.4530947534830408,0.1637787751029299,97.0,-7.533345073687393,0.5605829452781492,-0.34285728111198477,2.439112031775467,2.3875510695522766,7.5619503008812705,0.05156096222319029,10.716891916414932,0.4536578914237095,0.4524096449595889,0.5888798337407857,0.03652297789275227,4.443663792068149,8,7.0,1.8591925529320525,True,1.9173074926202152,,1
102.4,0,-2.0322354550049058,-1.0580384660488182,0.11381184698053134,-2.123780108170303,-0.6071344620235114,0.0729220798271761,97.0,-7.533345073687393,0.5605829452781492,-0.34285728111198477,2.293987680161132,2.2100614997241057,7.5619503008812705,0.08392618043702615,11.578122550153632,0.4619164615242483,0.46010308015620455,0.5888798337407857,0.03652297789275227,4.443663792068149,8,7.0,1.8591925529320525,True,1.9173074926202152,,1
102.5,0,-1.8373250247907307,-1.2031515286823773,-0.06316997394726645,-1.9382950634844915,-0.751410706479847,-0.0973575004016193,97.0,-7.533345073687393,0.5605829452781492,-0.34285728111198477,2.197117951613317,2.08112572561711,7.5619503008812705,0.11599222599620695,12.06431920355848,0.4641481510499689,0.4628873720010491,0.5888798337407857,0.03652297789275227,4.443663792068149,8,7.0,1.8591925529320525,True,1.9173074926202152,,1
102.60000000000001,0,-1.6749131437583513,-1.3702459100048157,-0.15541224029756534,-1.7872498274044937,-0.9151442123131993,-0.18823518637224962,97.0,-7.533345073687393,0.5605829452781492,-0.34285728111198477,2.169576193051011,2.0167259011269563,7.5619503008812705,0.15285029192405464,12.194434181878362,0.4699089608886241,0.46876122464897285,0.5888798337407857,0.03652297789275227,4.443663792068149,8,7.0,1.8591925529320525,True,1.9173074926202152,,1
102.7,0,-1.5735941501917377,-1.544616392223848,-0.2315453244998447,-1.697783201827998,-1.0855919797532187,-0.2658095577017072,97.0,-7.533345073687393,0.5605829452781492,-0.34285728111198477,2.2171268763744694,2.0326417460731783,7.5619503008812705,0.1844851303012911,11.886481536153793,0.4767602851195051,0.4755274248561487,0.5888798337407857,0.03652297789275227,4.443663792068149,8,7.0,1.8591925529320525,True,1.9173074926202152,,1
102.80000000000001,0,-1.5340654419836792,-1.7224555320838872,-0.30969070246932023,-1.6680323341574825,-1.2596714350628395,-0.3448921636818601,97.0,-7.533345073687393,0.5605829452781492,-0.34285728111198477,2.3272555019788674,2.1185029140119886,7.5619503008812705,0.2087525879668788,11.259204861020347,0.48306872339843315,0.4817844421048629,0.5888798337407857,0.03652297789275227,4.443663792068149,8,7.0,1.8591925529320525,True,1.9173074926202152,,1
102.9,0,-1.5459085754154325,-1.9014738491187604,-0.3987622993594243,-1.6921879776590398,-1.4316045366237051,-0.438995370369274,97.0,-7.533345073687393,0.5605829452781492,-0.34285728111198477,2.482830540696626,2.259581517941103,7.5619503008812705,0.22324902275552283,10.668697072970103,0.49375452843311385,0.49211262363947034,0.5888798337407857,0.03652297789275227,4.443663792068149,8,7.0,1.8591925529320525,True,1.9173074926202152,,1
103.0,0,-1.5934495191512417,-2.0814164636504544,-0.4958113363543103,-1.7523433616313804,-1.6021965006490615,-0.539298378520504,97.0,-7.533345073687393,0.5605829452781492,-0.34285728111198477,2.6678089786369514,2.4348682972227698,7.5619503008812705,0.23294068141418167,10.130169839637377,0.5067446585347731,0.504875257976819,0.5888798337407857,0.03652297789275227,4.443663792068149,8,7.0,1.8591925529320525,True,1.9173074926202152,,1
103.10000000000001,0,-1.6567564424264565,-2.258998603096102,-0.6058695228882978,-1.9640697043566406,-1.8300340944081739,-0.6603823161173619,97.0,-7.533345073687393,0.5605829452781492,-0.34285728111198477,2.866181166129699,2.764543252276668,7.5619503008812705,0.10163791385303078,10.613035665354692,0.530493765559672,0.5276855035644294,0.5888798337407857,0.03652297789275227,4.443663792068149,8,7.0,1.8591925529320525,True,1.9173074926202152,,1
103.2,0,-1.7285073466182657,-2.434735230924194,-0.7023885689888583,-2.044854158717353,-1.998219860451234,-0.7597013984932469,97.0,-7.533345073687393,0.5605829452781492,-0.34285728111198477,3.0674130784527573,2.9582862194179245,7.5619503008812705,0.10912685903483288,10.113527376297515,0.5421307357180551,0.5390927324537038,0.5888798337407857,0.03652297789275227,4.443663792068149,8,7.0,1.8591925529320525,True,1.9173074926202152,,1
103.30000000000001,0,-1.791487051948104,-2.6026412783057427,-0.795724922738605,-2.1169678663795843,-2.16000949705008,-0.8540560514278374,97.0,-7.533345073687393,0.5605829452781492,-0.34285728111198477,3.25827341294527,3.142706749541035,7.5619503008812705,0.11556666340423494,9.685382817646488,0.55250626685559,0.5494184692386493,0.5888798337407857,0.03652297789275227,4.443663792068149,8,7.0,1.8591925529320525,True,1.9173074926202152,,1
103.4,0,-1.8263240780523025,-2.768013848751738,-0.866333550265831,-2.1602207948487715,-2.319844336444457,-0.9268149917242441,97.0,-7.533345073687393,0.5605829452781492,-0.34285728111198477,3.4275201130367132,3.302607705543499,7.5619503008812705,0.12491240749321442,9.344023184405497,0.5621396036662912,0.5588764883668015,0.5888798337407857,0.03652297789275227,4.443663792068149,8,7.0,1.8591925529320525,True,1.9173074926202152,,1
103.5,0,-1.8228623830465216,-2.9304021023285136,-0.9098945014150523,-2.167387406609182,-2.477598657239212,-0.9747949477832132,97.0,-7.533345073687393,0.5605829452781492,-0.34285728111198477,3.569032327194973,3.4331164365493487,7.5619503008812705,0.13591589064562415,9.115251748000622,0.5726609116085876,0.5689713980030912,0.5888798337407857,0.03652297789275227,4.443663792068149,8,7.0,1.8591925529320525,True,1.9173074926202152,,1
103.60000000000001,0,-1.7784309747350258,-3.0899474379643808,-0.9227701625206681,-2.1318126136280906,-2.6329382456767223,-0.985180163710321,97.0,-7.533345073687393,0.5605829452781492,-0.34285728111198477,3.6826752061671195,3.528111219921977,7.5619503008812705,0.15456398624514245,8.912372552807744,0.5810602316375291,0.5776988701236713,0.5888798337407857,0.03652297789275227,4.443663792068149,8,7.0,1.8591925529320525,True,1.9173074926202152,,1
103.7,0,-1.6955119471088977,-3.2463722738393144,-0.9079056207443817,-2.0581301220016575,-2.786080396931845,-0.9747090221208156,97.0,-7.533345073687393,0.5605829452781492,-0.34285728111198477,3.7733256312331283,3.5983609122852283,7.5619503008812705,0.1749647189479,8.766084189304557,0.5897654170473359,0.5859697540910769,0.5888798337407857,0.03652297789275227,4.443663792068149,8,7.0,1.8591925529320525,True,1.9173074926202152,,1
103.80000000000001,0,-1.5803114156587559,-3.3990967897724764,-0.8736168266234685,-1.9531912638985625,-2.935154461331643,-0.93802068233392,97.0,-7.533345073687393,0.5605829452781492,-0.34285728111198477,3.84895434065703,3.6482832436271866,7.5619503008812705,0.20067109702984354,8.632591584252102,0.598690004904722,0.5952158140896825,0.5888798337407857,0.03652297789275227,4.443663792068149,8,7.0,1.8591925529320525,True,1.9173074926202152,,1
103.9,0,-1.441418653257065,-3.5480443926164305,-0.827848440023235,-1.825793191018129,-3.0814618158824234,-0.8920200863081491,97.0,-7.533345073687393,0.5605829452781492,-0.34285728111198477,3.918116867269685,3.691155311482675,7.5619503008812705,0.22696155578700994,8.504502617732621,0.6079153611956959,0.6045188882001763,0.5888798337407857,0.03652297789275227,4.443663792068149,8,7.0,1.8591925529320525,True,1.9173074926202152,,1
104.0,0,-1.2883038642556897,-3.6935265047313317,-0.7767611795363605,-1.6815429855109922,-3.2248159208969067,-0.8385937245989175,97.0,-7.533345073687393,0.5605829452781492,-0.34285728111198477,3.9881352557108327,3.7323268842275956,7.5619503008812705,0.2558083714832371,8.311913154695105,0.6149389250266755,0.6118223744552418,0.5888798337407857,0.03652297789275227,4.443663792068149,8,7.0,1.8591925529320525,True,1.9173074926202152,,1
104.10000000000001,0,-1.1302123321842563,-3.8357405539660157,-0.7257951728999574,-1.2508176646805584,-3.315807872135942,-0.787782520662312,97.0,-7.533345073687393,0.5605829452781492,-0.34285728111198477,4.06411911072569,3.6303895073472043,7.5619503008812705,0.43372960337848543,4.732363913389205,0.5373249213875783,0.533737425951709,0.5888798337407857,0.03652297789275227,4.443663792068149,8,7.0,1.8591925529320525,True,1.9173074926202152,,1
104.2,0,-0.9754526388797107,-3.9752996202296718,-0.6763157058748336,-1.1039703159053162,-3.451620545630941,-0.7369966198637462,97.0,-7.533345073687393,0.5605829452781492,-0.34285728111198477,4.148724846902785,3.698053388894258,7.5619503008812705,0.4506714580085269,4.421836657406189,0.5426220966779465,0.5392184775029885,0.5888798337407857,0.03652297789275227,4.443663792068149,8,7.0,1.8591925529320525,True,1.9173074926202152,,1
104.30000000000001,0,-0.8304439810272493,-4.112366934771069,-0.6302511907119173,-0.9679067338530785,-3.5833760382806186,-0.7028316999370914,97.0,-7.533345073687393,0.5605829452781492,-0.34285728111198477,4.2424539567585855,3.7777506105615677,7.5619503008812705,0.4647033461970178,4.247681666636348,0.5513576945174623,0.5465595822819554,0.5888798337407857,0.03652297789275227,4.443663792068149,8,7.0,1.8591925529320525,True,1.9173074926202152,,1
104.4,0,-0.6996709468175506,-4.247334705517625,-0.587124469917696,-0.8431618810695104,-3.713743688271424,-0.6603753998216819,97.0,-7.533345073687393,0.5605829452781492,-0.34285728111198477,4.3444339881843295,3.8650885900007728,7.5619503008812705,0.4793453981835567,3.97781941357395,0.5573820239567605,0.552547755310196,0.5888798337407857,0.03652297789275227,4.443663792068149,8,7.0,1.8591925529320525,True,1.9173074926202152,,1
104.5,0,-0.5856849559514291,-4.3803772711107705,-0.5464878456130127,-0.8038538220344814,-3.7076604172888943,-0.667807833731845,97.0,-7.533345073687393,0.5605829452781492,-0.34285728111198477,4.453019298217157,3.8521285077115377,7.5619503008812705,0.6008907905056193,5.427222403241713,0.7175403536116431,0.7072097422575344,0.5888798337407857,0.03652297789275227,4.443663792068149,8,7.0,1.8591925529320525,True,1.9173074926202152,,1
104.60000000000001,0,-0.4893105210890325,-4.51162020150442,-0.5076220372550924,-0.7151609407505543,-3.8309776136612106,-0.6281712229726031,97.0,-7.533345073687393,0.5605829452781492,-0.34285728111198477,4.566379502557602,3.9474604156241333,7.5619503008812705,0.6189190869334689,5.153881522949839,0.7271965694530892,0.7171350949766624,0.5888798337407857,0.03652297789275227,4.443663792068149,8,7.0,1.8591925529320525,True,1.9173074926202152,,1
104.7,0,-0.41011428322870647,-4.640924164777078,-0.47074118171000556,-0.6409579267743987,-3.950376391658215,-0.5906047614717569,97.0,-7.533345073687393,0.5605829452781492,-0.34285728111198477,4.682730836667612,4.0453818959325245,7.5619503008812705,0.6373489407350874,4.89704835689185,0.7379107618663474,0.7281105786382117,0.5888798337407857,0.03652297789275227,4.443663792068149,8,7.0,1.8591925529320525,True,1.9173074926202152,,1
104.80000000000001,0,-0.3465681105622691,-4.768306556354372,-0.43533500286605487,-0.5832935407033818,-4.067989301743132,-0.5544759980147504,97.0,-7.533345073687393,0.5605829452781492,-0.34285728111198477,4.80066385360933,4.14683155506675,7.5619503008812705,0.6538322985425804,4.687661031745994,0.7487841899417625,0.7392450110631251,0.5888798337407857,0.03652297789275227,4.443663792068149,8,7.0,1.8591925529320525,True,1.9173074926202152,,1
104.9,0,-0.2964676273156177,-4.89375951462027,-0.40108690824420584,-0.5424747591213432,-4.188073702869803,-0.522426964390038,97.0,-7.533345073687393,0.5605829452781492,-0.34285728111198477,4.919110280218108,4.255252065163136,7.5619503008812705,0.6638582150549723,4.56020742142833,0.7571230963526793,0.7473365866898226,0.5888798337407857,0.03652297789275227,4.443663792068149,8,7.0,1.8591925529320525,True,1.9173074926202152,,1
105.0,0,-0.2573313992515811,-5.017215005540606,-0.368098990354661,-0.5096727087299139,-4.302759949987213,-0.4915265353746655,97.0,-7.533345073687393,0.5605829452781492,-0.34285728111198477,5.037277312950193,4.360631581802741,7.5619503008812705,0.6766457311474525,4.43438056386985,0.7676955918492088,0.7577084946567787,0.5888798337407857,0.03652297789275227,4.443663792068149,8,7.0,1.8591925529320525,True,1.9173074926202152,,1
105.10000000000001,1,-0.2266765848921409,-5.138573828188029,-0.3367458409069281,-0.5703042795224605,-4.614820109443003,-0.4950115349373481,105.0,-4.355308606573983,-0.9328599219634128,0.04700036891516657,5.154582526572395,4.676200170382165,4.454340549080319,0.47838235619023006,5.069762451318256,0.6461005961327716,0.6264167545781262,5.8114652516785155,0.5946960234944001,75.1067320142189,8,7.0,2.1468179922027293,False,382.75813871341234,Mahalanobis gate,1
105.2,0,-0.2022056460435457,-5.257891565664408,-0.3068244296296574,-0.5521348180808607,-4.728397368983788,-0.467512482241888,105.0,-4.355308606573983,-0.9328599219634128,0.04700036891516657,5.270716466496217,4.783425807661488,4.454340549080319,0.4872906588347288,4.9909156199845475,0.6547023598655245,0.6346767127925648,5.8114652516785155,0.5946960234944001,75.1067320142189,8,7.0,2.1468179922027293,False,382.75813871341234,Mahalanobis gate,1
105.30000000000001,0,-0.18197594246430632,-5.375194439513703,-0.2783021132493562,-0.5406229683983221,-4.846303714758546,-0.44853276090656863,105.0,-4.355308606573983,-0.9328599219634128,0.04700036891516657,5.385469577711294,4.896949512425952,4.454340549080319,0.48852006528534275,4.974634828695087,0.6613104878535828,0.6390251074436354,5.8114652516785155,0.5946960234944001,75.1067320142189,8,7.0,2.1468179922027293,False,382.75813871341234,Mahalanobis gate,1
105.4,0,-0.16443413265391113,-5.49046575023253,-0.2514350232781887,-0.5264616390738457,-4.955633105655475,-0.422394916992279,105.0,-4.355308606573983,-0.9328599219634128,0.04700036891516657,5.498679142247618,5.001387687550903,4.454340549080319,0.49729145469671554,4.875819691285151,0.6680846940086674,0.6458404393578353,5.8114652516785155,0.5946960234944001,75.1067320142189,8,7.0,2.1468179922027293,False,382.75813871341234,Mahalanobis gate,1
105.5,0,-0.14847982558183223,-5.603737792638231,-0.2263347593739359,-0.5162697860423436,-5.06480581001267,-0.3978696416931259,105.0,-4.355308606573983,-0.9328599219634128,0.04700036891516657,5.6102719123539515,5.106573473171547,4.454340549080319,0.5036984391824042,4.805675547803204,0.674641647665278,0.6524700275968719,5.8114652516785155,0.5946960234944001,75.1067320142189,8,7.0,2.1468179922027293,False,382.75813871341234,Mahalanobis gate,1
105.60000000000001,0,-0.13344205649481694,-5.715085555222742,-0.20290139053485712,-0.5176428975170021,-5.14615902318446,-0.3689572150610686,105.0,-4.355308606573983,-0.9328599219634128,0.04700036891516657,5.72024288472423,5.185271091061512,4.454340549080319,0.5349717936627174,4.852996260305934,0.7063017924077079,0.686503958545951,5.8114652516785155,0.5946960234944001,75.1067320142189,8,7.0,2.1468179922027293,False,382.75813871341234,Mahalanobis gate,1
105.7,0,-0.11896100916024188,-5.824525365425943,-0.1812961520384206,-0.5036367902289357,-5.246187650489109,-0.3468977152668889,105.0,-4.355308606573983,-0.9328599219634128,0.04700036891516657,5.828560349600455,5.281711172098861,4.454340549080319,0.5468491775015938,4.742907865337005,0.7140545124868838,0.6945861854796487,5.8114652516785155,0.5946960234944001,75.1067320142189,8,7.0,2.1468179922027293,False,382.75813871341234,Mahalanobis gate,1
105.80000000000001,0,-0.10495358804166527,-5.932110594190072,-0.1614563270881729,-0.49289371740039245,-5.345333273875859,-0.3285181760665571,105.0,-4.355308606573983,-0.9328599219634128,0.04700036891516657,5.935235421017579,5.378053199575408,4.454340549080319,0.5571822214421704,4.673566882656736,0.7229901997856341,0.703423888990127,5.8114652516785155,0.5946960234944001,75.1067320142189,8,7.0,2.1468179922027293,False,382.75813871341234,Mahalanobis gate,1
105.9,0,-0.09149431267735146,-6.037884566636722,-0.14333764575788302,-0.4815666834130964,-5.440878609815997,-0.3113477546713448,105.0,-4.355308606573983,-0.9328599219634128,0.04700036891516657,6.0402787129381394,5.4710148913767025,4.454340549080319,0.569263821561437,4.598328249923682,0.732666338511567,0.7131427394924755,5.8114652516785155,0.5946960234944001,75.1067320142189,8,7.0,2.1468179922027293,False,382.75813871341234,Mahalanobis gate,1
106.0,0,-0.07875722398516041,-6.141884428224126,-0.12688374620213497,-0.47239862923778525,-5.538240938148781,-0.2954630452413856,105.0,-4.355308606573983,-0.9328599219634128,0.04700036891516657,6.143699741608645,5.566199023121266,4.454340549080319,0.5775007184873795,4.536313496850924,0.7401067484519844,0.7206518015238732,5.8114652516785155,0.5946960234944001,75.1067320142189,8,7.0,2.1468179922027293,False,382.75813871341234,Mahalanobis gate,1
106.10000000000001,0,-0.06694003786602115,-6.244147994165949,-0.11199287589718379,-0.6146124346899166,-6.011661439775418,-0.3388198906725927,105.0,-4.355308606573983,-0.9328599219634128,0.04700036891516657,6.245510991581703,6.052488796327797,4.454340549080319,0.1930221952539064,5.656956792197419,0.6367460615089309,0.5949748332620561,5.8114652516785155,0.5946960234944001,75.1067320142189,8,7.0,2.1468179922027293,False,382.75813871341234,Mahalanobis gate,1
106.2,0,-0.056212851169535276,-6.344709428510627,-0.0985521844017782,-0.6064782375282456,-6.1113124282298354,-0.32670145252736643,105.0,-4.355308606573983,-0.9328599219634128,0.04700036891516657,6.345723768800421,6.1500153891771125,4.454340549080319,0.19570837962330856,5.588724847603302,0.6397798400315644,0.5977174542913839,5.8114652516785155,0.5946960234944001,75.1067320142189,8,7.0,2.1468179922027293,False,382.75813871341234,Mahalanobis gate,1
106.30000000000001,0,-0.04669164653014622,-6.4435875690570095,-0.08648361170596944,-0.5998832011284867,-6.207598687796964,-0.3150089860873223,105.0,-4.355308606573983,-0.9328599219634128,0.04700036891516657,6.444337071030303,6.2444673099513075,4.454340549080319,0.1998697610789959,5.525641602281913,0.6433781896314437,0.6014246820320034,5.8114652516785155,0.5946960234944001,75.1067320142189,8,7.0,2.1468179922027293,False,382.75813871341234,Mahalanobis gate,1
106.4,0,-0.03841827781096763,-6.540820881928189,-0.07561191036123582,-0.5966927464995718,-6.3047506527561765,-0.3031455690612585,105.0,-4.355308606573983,-0.9328599219634128,0.04700036891516657,6.541370722908639,6.34017509720324,4.454340549080319,0.20119562570539973,5.477037657050035,0.6474342447942403,0.6061349152547392,5.8114652516785155,0.5946960234944001,75.1067320142189,8,7.0,2.1468179922027293,False,382.75813871341234,Mahalanobis gate,1
106.5,0,-0.03135925419644598,-6.63642456234984,-0.0658536764047094,-0.590381185205112,-6.396178540633628,-0.2907744062417574,105.0,-4.355308606573983,-0.9328599219634128,0.04700036891516657,6.63682537673548,6.429945538092182,4.454340549080319,0.20687983864329773,5.394522437852364,0.6487010135721656,0.6084600811056751,5.8114652516785155,0.5946960234944001,75.1067320142189,8,7.0,2.1468179922027293,False,382.75813871341234,Mahalanobis gate,1
106.60000000000001,0,-0.025420798262468097,-6.730430267003647,-0.057057802384989705,-0.5873294178267406,-6.489383741776878,-0.2818123791170173,105.0,-4.355308606573983,-0.9328599219634128,0.04700036891516657,6.730720124087473,6.521999341467796,4.454340549080319,0.20872078261967708,5.3383149710186615,0.6514286943530492,0.6114284292249793,5.8114652516785155,0.5946960234944001,75.1067320142189,8,7.0,2.1468179922027293,False,382.75813871341234,Mahalanobis gate,1
106.7,0,-0.020463442359153112,-6.822841811799222,-0.04919985822584641,-0.5888098798318743,-6.5860777796465175,-0.27963659535868457,105.0,-4.355308606573983,-0.9328599219634128,0.04700036891516657,6.823049887503266,6.618256131308687,4.454340549080319,0.2047937561945785,5.3282115155900645,0.6574009200857338,0.6156905715610241,5.8114652516785155,0.5946960234944001,75.1067320142189,8,7.0,2.1468179922027293,False,382.75813871341234,Mahalanobis gate,1
106.80000000000001,0,-0.015939375346502516,-6.9226931111668355,-0.04146681847249256,-0.3043375626571387,-6.536661503328226,-0.23499774997473474,105.0,-4.355308606573983,-0.9328599219634128,0.04700036891516657,6.922835652542781,6.547960667538444,4.454340549080319,0.3748749850043369,3.058233663640664,0.5192765526601875,0.48186503991732266,5.8114652516785155,0.5946960234944001,75.1067320142189,8,7.0,2.1468179922027293,False,382.75813871341234,Mahalanobis gate,1
106.9,0,-0.012491619382966647,-7.011849384992546,-0.03518514036366601,-0.29785889579709557,-6.617963527537282,-0.2288015619926575,105.0,-4.355308606573983,-0.9328599219634128,0.04700036891516657,7.011948789921213,6.628613077287695,4.454340549080319,0.3833357126335182,2.996754121613352,0.5235149184843751,0.48639546785644144,5.8114652516785155,0.5946960234944001,75.1067320142189,8,7.0,2.1468179922027293,False,382.75813871341234,Mahalanobis gate,1
107.0,0,-0.00979184722793602,-7.090792988583434,-0.03006875012051856,-0.2905675879188744,-6.7010368143448975,-0.22671753376448683,105.0,-4.355308606573983,-0.9328599219634128,0.04700036891516657,7.090863502913446,6.711164187417177,4.454340549080319,0.3796993154962687,2.939681998706955,0.5190526331946096,0.4803591280673301,5.8114652516785155,0.5946960234944001,75.1067320142189,8,7.0,2.1468179922027293,False,382.75813871341234,Mahalanobis gate,1
107.10000000000001,0,-0.007112101068520938,-7.177085323372495,-0.02491158456074987,-0.3443384960075656,-6.988216435980739,-0.25514688573126826,105.0,-4.355308606573983,-0.9328599219634128,0.04700036891516657,7.177132080991391,7.001345434217802,4.454340549080319,0.1757866467735889,3.3477330309500073,0.44989042218440656,0.3865140334686236,5.8114652516785155,0.5946960234944001,75.1067320142189,8,7.0,2.1468179922027293,False,382.75813871341234,Mahalanobis gate,1
107.2,0,-0.004644241013219912,-7.261885484957929,-0.020340164554004333,-0.3386184920016243,-7.071599090623855,-0.24932608046296384,105.0,-4.355308606573983,-0.9328599219634128,0.04700036891516657,7.261915455849877,7.084090603319287,4.454340549080319,0.17782485253059033,3.2801394495123586,0.4474173240684737,0.3843796459126426,5.8114652516785155,0.5946960234944001,75.1067320142189,8,7.0,2.1468179922027293,False,382.75813871341234,Mahalanobis gate,1
107.30000000000001,0,-0.0023255638198086855,-7.34523590007207,-0.01621183455449591,-0.32848056800423975,-7.152913908279508,-0.24382901652245462,105.0,-4.355308606573983,-0.9328599219634128,0.04700036891516657,7.345254158947412,7.164602532737816,4.454340549080319,0.1806516262095963,3.1846257929624087,0.441785487322342,0.3786354913126929,5.8114652516785155,0.5946960234944001,75.1067320142189,8,7.0,2.1468179922027293,False,382.75813871341234,Mahalanobis gate,1
107.4,0,-0.00010124352690244615,-7.427191493918505,-0.012298585466699945,-0.31868603370049636,-7.234199599670037,-0.23972010133671906,105.0,-4.355308606573983,-0.9328599219634128,0.04700036891516657,7.427201677131848,7.245182562429104,4.454340549080319,0.18201911470274368,3.098463856294648,0.43642030848275404,0.3724810596199018,5.8114652516785155,0.5946960234944001,75.1067320142189,8,7.0,2.1468179922027293,False,382.75813871341234,Mahalanobis gate,1
107.5,0,0.0021668888071157896,-7.516955940873067,0.0452702972996361,-0.30772947160448993,-7.318904874391625,-0.18293325311048148,105.0,-4.355308606573983,-0.9328599219634128,0.04700036891516657,7.517092570419204,7.327655188611228,4.454340549080319,0.1894373818079762,3.0046924932691867,0.4328242594293664,0.3677770780388528,5.8114652516785155,0.5946960234944001,75.1067320142189,8,7.0,2.1468179922027293,False,382.75813871341234,Mahalanobis gate,1
107.60000000000001,0,0.004348616920873374,-7.591929882303903,0.09416201390469947,-0.29765182083874464,-7.391266439046854,-0.13862242819314746,105.0,-4.355308606573983,-0.9328599219634128,0.04700036891516657,7.592515046619972,7.398556099471514,4.454340549080319,0.19395894714845774,2.9416534537989127,0.4308812810387355,0.36258803326471756,5.8114652516785155,0.5946960234944001,75.1067320142189,8,7.0,2.1468179922027293,False,382.75813871341234,Mahalanobis gate,1
107.7,0,0.006592694696240062,-7.646634729382547,0.14263153226204595,-0.2883136458560909,-7.44036585981583,-0.08820716936588607,105.0,-4.355308606573983,-0.9328599219634128,0.04700036891516657,7.647967697514031,7.446472278268907,4.454340549080319,0.20149541924512437,2.863343390595509,0.42755479463990126,0.35988414281584946,5.8114652516785155,0.5946960234944001,75.1067320142189,8,7.0,2.1468179922027293,False,382.75813871341234,Mahalanobis gate,1
107.80000000000001,0,0.008950923646875688,-7.6813553834821064,0.1965144618163867,-0.27786027042519673,-7.472404870611833,-0.0352234976426722,105.0,-4.355308606573983,-0.9328599219634128,0.04700036891516657,7.683873930517513,7.477652143220517,4.454340549080319,0.2062217872969958,2.7990168982460397,0.42382007942999417,0.3548534597179491,5.8114652516785155,0.5946960234944001,75.1067320142189,8,7.0,2.1468179922027293,False,382.75813871341234,Mahalanobis gate,1
107.9,0,0.011388000631977915,-7.698787580518821,0.25498660093059017,-0.26483710002574035,-7.484536334828887,0.022456539574908063,105.0,-4.355308606573983,-0.9328599219634128,0.04700036891516657,7.703017464809707,7.489254110596966,4.454340549080319,0.21376335421274106,2.7261587600468205,0.41985013034073526,0.34957674767217445,5.8114652516785155,0.5946960234944001,75.1067320142189,8,7.0,2.1468179922027293,False,382.75813871341234,Mahalanobis gate,1
108.0,0,0.013781530055382046,-7.7028077873305785,0.31329345941037007,-0.31031714862849036,-7.436433160301261,0.013930441481420409,105.0,-4.355308606573983,-0.9328599219634128,0.04700036891516657,7.709188707694253,7.442918039153796,4.454340549080319,0.26627066854045633,3.338152564725775,0.5153771550555656,0.4195180513990308,5.8114652516785155,0.5946960234944001,75.1067320142189,8,7.0,2.1468179922027293,False,382.75813871341234,Mahalanobis gate,1
108.10000000000001,0,0.015960331425098232,-7.697753987682661,0.3662753376977993,-0.309156550987764,-7.440196296032679,0.07478499001874256,105.0,-4.355308606573983,-0.9328599219634128,0.04700036891516657,7.7064796638977215,7.446992110325426,4.454340549080319,0.2594875535722956,3.294299381903747,0.5069551997444977,0.41477337397418135,5.8114652516785155,0.5946960234944001,75.1067320142189,8,7.0,2.1468179922027293,False,382.75813871341234,Mahalanobis gate,1
108.2,0,0.017763664829359177,-7.687696163769316,0.4091508787530199,-0.3006787326713123,-7.424709326691325,0.1186477378902159,105.0,-4.355308606573983,-0.9328599219634128,0.04700036891516657,7.698596774465201,7.4317422971901035,4.454340549080319,0.26685447727509715,3.2474422799313163,0.5049353541329978,0.4129983498783763,5.8114652516785155,0.5946960234944001,75.1067320142189,8,7.0,2.1468179922027293,False,382.75813871341234,Mahalanobis gate,1
108.30000000000001,0,0.01906021786572068,-7.67598297250064,0.4385675280930521,-0.2948242511435181,-7.40873738981776,0.1495852640889375,105.0,-4.355308606573983,-0.9328599219634128,0.04700036891516657,7.688525174747268,7.416109950747667,4.454340549080319,0.2724152239996007,3.2128664865475853,0.5034425590448904,0.4122422362503922,5.8114652516785155,0.5946960234944001,75.1067320142189,8,7.0,2.1468179922027293,False,382.75813871341234,Mahalanobis gate,1
108.4,0,0.01978474923902265,-7.665020749385357,0.4534102283187532,-0.2908076218991691,-7.391801027019303,0.16135402840673096,105.0,-4.355308606573983,-0.9328599219634128,0.04700036891516657,7.678444852960433,7.399278790428251,4.454340549080319,0.2791660625321821,3.211756891510296,0.5063728484092316,0.4136624683229401,5.8114652516785155,0.5946960234944001,75.1067320142189,8,7.0,2.1468179922027293,False,382.75813871341234,Mahalanobis gate,1
108.5,0,0.0199461217468287,-7.656203267664422,0.4543940759113853,-0.28474538368953883,-7.373709386733024,0.16253380293572928,105.0,-4.355308606573983,-0.9328599219634128,0.04700036891516657,7.669701447891663,7.38099500681473,4.454340549080319,0.28870644107693355,3.1812148782823098,0.5077618784333726,0.4154993456658659,5.8114652516785155,0.5946960234944001,75.1067320142189,8,7.0,2.1468179922027293,False,382.75813871341234,Mahalanobis gate,1
108.60000000000001,0,0.019623760062904387,-7.650004321832075,0.443473811748528,-0.2798646334721966,-7.362003247088242,0.14675511757064083,105.0,-4.355308606573983,-0.9328599219634128,0.04700036891516657,7.662872844939761,7.368782334126821,4.454340549080319,0.29409051081294013,3.1827112875829378,0.5105682132589815,0.4154971924283464,5.8114652516785155,0.5946960234944001,75.1067320142189,8,7.0,2.1468179922027293,False,382.75813871341234,Mahalanobis gate,1
108.7,0,0.01894918992429484,-7.646187754356204,0.42324758358095155,-0.2734055043960374,-7.347376836187736,0.12544800757526717,105.0,-4.355308606573983,-0.9328599219634128,0.04700036891516657,7.657916476671228,7.353532086377726,4.454340549080319,0.30438439029350217,3.1558073227052597,0.5132677854463332,0.41804214154534436,5.8114652516785155,0.5946960234944001,75.1067320142189,8,7.0,2.1468179922027293,False,382.75813871341234,Mahalanobis gate,1
108.80000000000001,0,0.018082211783979382,-7.644099405483256,0.3966154707231538,-0.2685034552840086,-7.339405689642923,0.09595112520966982,105.0,-4.355308606573983,-0.9328599219634128,0.04700036891516657,7.654403080509244,7.3449422462733756,4.454340549080319,0.30946083423586845,3.1473402169702784,0.5151394507358609,0.41829368276534223,5.8114652516785155,0.5946960234944001,75.1067320142189,8,7.0,2.1468179922027293,False,382.75813871341234,Mahalanobis gate,1
108.9,0,0.017180646386354047,-7.642950128298334,0.3663914612452522,-0.26143224999872405,-7.32916513181491,0.0653300141259132,105.0,-4.355308606573983,-0.9328599219634128,0.04700036891516657,7.651746502671086,7.334117285774516,4.454340549080319,0.3176292168965702,3.115021965546198,0.5164534490075317,0.41962622659955917,5.8114652516785155,0.5946960234944001,75.1067320142189,8,7.0,2.1468179922027293,False,382.75813871341234,Mahalanobis gate,1
109.0,0,0.016375351433063005,-7.642028496205556,0.3349169801371036,-0.280022346961967,-7.36941794123198,0.027889973709281687,105.0,-4.355308606573983,-0.9328599219634128,0.04700036891516657,7.649381483004784,7.374788889045122,4.454340549080319,0.27459259395966207,3.2461692397586788,0.5063928247644333,0.4027010184949526,5.8114652516785155,0.5946960234944001,75.1067320142189,8,7.0,2.1468179922027293,False,382.75813871341234,Mahalanobis gate,1
109.10000000000001,0,0.015755862576984636,-7.640821703884388,0.3039096935345336,-0.23717434702709067,-7.442216919643902,-0.0025405706399477196,105.0,-4.355308606573983,-0.9328599219634128,0.04700036891516657,7.646879472018669,7.445995622105944,4.454340549080319,0.20088384991272523,3.0087372338640663,0.44421764447867335,0.3215859935593769,5.8114652516785155,0.5946960234944001,75.1067320142189,8,7.0,2.1468179922027293,False,382.75813871341234,Mahalanobis gate,1
109.2,0,0.015366161859488147,-7.6390568843208095,0.27447776548803343,-0.23347041654147144,-7.437194558572703,-0.03134713758327702,105.0,-4.355308606573983,-0.9328599219634128,0.04700036891516657,7.6440018474989095,7.440924269235518,4.454340549080319,0.20307757826339135,2.990906815087178,0.4429412067592133,0.32041854082860394,5.8114652516785155,0.5946960234944001,75.1067320142189,8,7.0,2.1468179922027293,False,382.75813871341234,Mahalanobis gate,1
109.30000000000001,0,0.015206591007658343,-7.6366747153022665,0.24717668537907053,-0.2266630098125234,-7.4320845658461305,-0.060145359818071654,105.0,-4.355308606573983,-0.9328599219634128,0.04700036891516657,7.640688991284883,7.435783386988434,4.454340549080319,0.20490560429644944,2.971869612771147,0.44136704965317974,0.3167933601819933,5.8114652516785155,0.5946960234944001,75.1067320142189,8,7.0,2.1468179922027293,False,382.75813871341234,Mahalanobis gate,1
109.4,0,0.015244787668242209,-7.633757633946648,0.22197792221046694,-0.2164742157504582,-7.426683676324109,-0.08759719492964992,105.0,-4.355308606573983,-0.9328599219634128,0.04700036891516657,7.636999555803225,7.430354283802577,4.454340549080319,0.20664527200064775,2.9432453220958945,0.4386457267808884,0.31076248240548077,5.8114652516785155,0.5946960234944001,75.1067320142189,8,7.0,2.1468179922027293,False,382.75813871341234,Mahalanobis gate,1
109.5,0,0.015428394515991222,-7.630503545364141,0.19908411819967378,-0.20724704092924442,-7.417576418205314,-0.10804664287324073,105.0,-4.355308606573983,-0.9328599219634128,0.04700036891516657,7.633115804001104,7.421257665175471,4.454340549080319,0.2118581388256331,2.892771734178427,0.4350305913703821,0.30809464622228777,5.8114652516785155,0.5946960234944001,75.1067320142189,8,7.0,2.1468179922027293,False,382.75813871341234,Mahalanobis gate,1
109.60000000000001,0,0.015695641465855583,-7.62711006781558,0.17813178669292376,-0.1991227725862896,-7.41191575913334,-0.13089520101616944,105.0,-4.355308606573983,-0.9328599219634128,0.04700036891516657,7.629206070959495,7.415745320107795,4.454340549080319,0.21346075085170035,2.874665982138987,0.43353572014040803,0.30406502841515026,5.8114652516785155,0.5946960234944001,75.1067320142189,8,7.0,2.1468179922027293,False,382.75813871341234,Mahalanobis gate,1
109.7,0,0.015987452859321318,-7.623761108328932,0.15882778298859063,-0.1903245063970029,-7.406893270263501,-0.1517469715956044,105.0,-4.355308606573983,-0.9328599219634128,0.04700036891516657,7.625432138585116,7.410891881426853,4.454340549080319,0.21454025715826308,2.852354397810125,0.4313385699243579,0.29932638326642236,5.8114652516785155,0.5946960234944001,75.1067320142189,8,7.0,2.1468179922027293,False,382.75813871341234,Mahalanobis gate,1
109.80000000000001,0,0.016254893350085644,-7.620596414897505,0.14094441679896355,-0.17977223983705948,-7.400712791902384,-0.17267618425998488,105.0,-4.355308606573983,-0.9328599219634128,0.04700036891516657,7.621917033721459,7.404909516736461,4.454340549080319,0.21700751698499854,2.8338643820787395,0.43027122378286836,0.29457672108812516,5.8114652516785155,0.5946960234944001,75.1067320142189,8,7.0,2.1468179922027293,False,382.75813871341234,Mahalanobis gate,1
109.9,0,0.0164647942094987,-7.617717195275955,0.12448914564412508,-0.16970193461556654,-7.394785167615242,-0.18684727260846606,105.0,-4.355308606573983,-0.9328599219634128,0.04700036891516657,7.618752122495818,7.3990917229803195,4.454340549080319,0.2196603995154982,2.7836811239268546,0.4257782347756807,0.2904423176438693,5.8114652516785155,0.5946960234944001,75.1067320142189,8,7.0,2.1468179922027293,False,382.75813871341234,Mahalanobis gate,1
110.0,0,0.01659805112850043,-7.615156060655482,0.10923261868596103,-0.16109973983417475,-7.388842792885477,-0.2036330238543338,105.0,-4.355308606573983,-0.9328599219634128,0.04700036891516657,7.615957529321194,7.393403637875749,4.454340549080319,0.22255389144544502,2.7654296154209694,0.4250636544847187,0.2877398131676477,5.8114652516785155,0.5946960234944001,75.1067320142189,8,7.0,2.1468179922027293,False,382.75813871341234,Mahalanobis gate,1
110.10000000000001,0,0.01664958106358664,-7.612915726445742,0.09515000203914332,0.047329309426485916,-7.509182907218509,-0.20648436921648305,105.0,-4.355308606573983,-0.9328599219634128,0.04700036891516657,7.613528524239109,7.512170378281109,4.454340549080319,0.10135814595799975,2.3032407199517806,0.3204450615004514,0.1081745973750354,5.8114652516785155,0.5946960234944001,75.1067320142189,8,7.0,2.1468179922027293,False,382.75813871341234,Mahalanobis gate,1
110.2,0,0.016625355877459898,-7.610971175446364,0.08222373140633012,-0.0038838624350286273,-7.557782555040813,-0.08640686095994135,105.0,-4.355308606573983,-0.9328599219634128,0.04700036891516657,7.611433464068371,7.558277474351389,4.454340549080319,0.05315598971698243,1.2833291258013864,0.17800543266494642,0.05700576616830224,5.8114652516785155,0.5946960234944001,75.1067320142189,8,7.0,2.1468179922027293,False,382.75813871341234,Mahalanobis gate,1
110.30000000000001,0,0.016538580720383333,-7.60928608219946,0.07046434074708519,0.007290799450588473,-7.555607059217683,-0.09722025141050865,105.0,-4.355308606573983,-0.9328599219634128,0.04700036891516657,7.609630308281971,7.556236031672187,4.454340549080319,0.05339427660978391,1.2696505545300576,0.176309618040964,0.0544697986657931,5.8114652516785155,0.5946960234944001,75.1067320142189,8,7.0,2.1468179922027293,False,382.75813871341234,Mahalanobis gate,1
110.4,0,0.016405529962964363,-7.6078197336483,0.059856162631868125,0.016343941254820707,-7.5555526370438715,-0.1118070070059152,105.0,-4.355308606573983,-0.9328599219634128,0.04700036891516657,7.608072883543301,7.556397526756514,4.454340549080319,0.05167535678678625,1.2985752315267645,0.17944385470312452,0.05226713289081084,5.8114652516785155,0.5946960234944001,75.1067320142189,8,7.0,2.1468179922027293,False,382.75813871341234,Mahalanobis gate,1
110.5,0,0.0162427156487001,-7.606534222323429,0.05037561662636856,0.02542215770939902,-7.5547030582543995,-0.12167589061441689,105.0,-4.355308606573983,-0.9328599219634128,0.04700036891516657,7.606718372855644,7.555725617494178,4.454340549080319,0.05099275536146575,1.3040692444349389,0.1799234639204193,0.05263774050333445,5.8114652516785155,0.5946960234944001,75.1067320142189,8,7.0,2.1468179922027293,False,382.75813871341234,Mahalanobis gate,1
110.60000000000001,0,0.016064808649046122,-7.605399760705062,0.04198887488260522,0.034942944469047346,-7.553906239448092,-0.1306274272044006,105.0,-4.355308606573983,-0.9328599219634128,0.04700036891516657,7.605532635116587,7.555116412635813,4.454340549080319,0.050416222480774486,1.3149207852022147,0.1811197241872703,0.054844933617248695,5.8114652516785155,0.5946960234944001,75.1067320142189,8,7.0,2.1468179922027293,False,382.75813871341234,Mahalanobis gate,1
110.7,0,0.015882942481322097,-7.604393276443469,0.03463076736798498,0.04086607774615366,-7.55154003620196,-0.13263180049950693,105.0,-4.355308606573983,-0.9328599219634128,0.04700036891516657,7.604488717903986,7.5528152465934975,4.454340549080319,0.051673471310488495,1.281346311885997,0.17718461745116276,0.05846043150445911,5.8114652516785155,0.5946960234944001,75.1067320142189,8,7.0,2.1468179922027293,False,382.75813871341234,Mahalanobis gate,1
110.80000000000001,0,0.01570454997126232,-7.603498546026585,0.02822393200366523,0.050612408158193116,-7.5504580396288175,-0.13889663857565504,105.0,-4.355308606573983,-0.9328599219634128,0.04700036891516657,7.603567147244505,7.551905090787531,4.454340549080319,0.051662056456974526,1.2941084983767939,0.17877678538582142,0.06349688088505201,5.8114652516785155,0.5946960234944001,75.1067320142189,8,7.0,2.1468179922027293,False,382.75813871341234,Mahalanobis gate,1
110.9,0,0.015533449705738132,-7.602704689725479,0.022686578506022386,0.06160830107642348,-7.548142897450788,-0.14327304952862593,105.0,-4.355308606573983,-0.9328599219634128,0.04700036891516657,7.602754406665906,7.549753899950616,4.454340549080319,0.05300050671529011,1.3062662952042834,0.18067229793871578,0.07141345184947481,5.8114652516785155,0.5946960234944001,75.1067320142189,8,7.0,2.1468179922027293,False,382.75813871341234,Mahalanobis gate,1
111.0,0,0.01537050738549179,-7.602004734739528,0.01793674756050157,0.07182694221228332,-7.547517581200146,-0.14745647918475094,105.0,-4.355308606573983,-0.9328599219634128,0.04700036891516657,7.602041434142051,7.549299580848969,4.454340549080319,0.052741853293081675,1.3258392848073908,0.1830603681504614,0.07846132126198203,5.8114652516785155,0.5946960234944001,75.1067320142189,8,7.0,2.1468179922027293,False,382.75813871341234,Mahalanobis gate,1
111.10000000000001,0,0.015214417474993441,-7.601392734282985,0.01388603818071317,0.15234484206369664,-7.59955795637673,-0.14404687584960263,105.0,-4.355308606573983,-0.9328599219634128,0.04700036891516657,7.6014206436274545,7.60244957797645,4.454340549080319,0.001028934348995314,1.576523834833176,0.20916721801455987,0.13714269852180722,5.8114652516785155,0.5946960234944001,75.1067320142189,8,7.0,2.1468179922027293,False,382.75813871341234,Mahalanobis gate,1
111.2,0,0.015062627399145902,-7.6008629669538434,0.010447060196963323,0.3131235755974408,-7.6428512319281925,-0.10303063123467572,105.0,-4.355308606573983,-0.9328599219634128,0.04700036891516657,7.600885071241461,7.649956642880653,4.454340549080319,0.04907157163919251,2.3889609388120046,0.3216838971553862,0.30100389239413966,5.8114652516785155,0.5946960234944001,75.1067320142189,8,7.0,2.1468179922027293,False,382.75813871341234,Mahalanobis gate,1
111.30000000000001,0,0.014912106745259305,-7.600410401439258,0.007551349550314432,0.32715719957661493,-7.646967598287245,-0.10681162326422602,105.0,-4.355308606573983,-0.9328599219634128,0.04700036891516657,7.600428781596054,7.654707963427092,4.454340549080319,0.054279181831038414,2.4892534724579165,0.33577292941299397,0.3156969600354177,5.8114652516785155,0.5946960234944001,75.1067320142189,8,7.0,2.1468179922027293,False,382.75813871341234,Mahalanobis gate,1
111.4,0,0.014759922180920908,-7.600028878717767,0.005130333294199324,0.3415089611694513,-7.649015672178854,-0.10568394748557815,105.0,-4.355308606573983,-0.9328599219634128,0.04700036891516657,7.6000449428254395,7.657364965871282,4.454340549080319,0.05732002304584238,2.5819318351895366,0.34848880217055284,0.33040072701725,5.8114652516785155,0.5946960234944001,75.1067320142189,8,7.0,2.1468179922027293,False,382.75813871341234,Mahalanobis gate,1
111.5,0,0.014603656148117252,-7.599711437762647,0.003120557891538533,0.3589537963259555,-7.6475966657295515,-0.10425184516799217,105.0,-4.355308606573983,-0.9328599219634128,0.04700036891516657,7.599726109664403,7.656725869246952,4.454340549080319,0.0569997595825491,2.699536961201634,0.36386652365492156,0.3476636508148922,5.8114652516785155,0.5946960234944001,75.1067320142189,8,7.0,2.1468179922027293,False,382.75813871341234,Mahalanobis gate,1
111.60000000000001,0,0.014441608466286712,-7.599451332247721,0.001470936577485261,0.37607444822892033,-7.648564478502447,-0.10371429317996493,105.0,-4.355308606573983,-0.9328599219634128,0.04700036891516657,7.599465196637929,7.658506853625576,4.454340549080319,0.059041656987646185,2.8180939713701147,0.3798082996578041,0.36495261600627654,5.8114652516785155,0.5946960234944001,75.1067320142189,8,7.0,2.1468179922027293,False,382.75813871341234,Mahalanobis gate,1
111.7,0,0.014272852611128846,-7.5992415183475615,0.00013475129284362425,0.3896086231961899,-7.647660219564298,-0.10085521890779706,105.0,-4.355308606573983,-0.9328599219634128,0.04700036891516657,7.599254923126143,7.658242193111682,4.454340549080319,0.05898726998553894,2.9085672115067243,0.3916890161714054,0.37844591596184146,5.8114652516785155,0.5946960234944001,75.1067320142189,8,7.0,2.1468179922027293,False,382.75813871341234,Mahalanobis gate,1
111.80000000000001,0,0.01409713523011456,-7.599074946674881,-0.0009315361241903294,0.4059955366987282,-7.647957325491284,-0.09954088037672511,105.0,-4.355308606573983,-0.9328599219634128,0.04700036891516657,7.599088079642391,7.659372821270763,4.454340549080319,0.060284741628371386,3.0236962075787837,0.40705975827428564,0.3949352403020082,5.8114652516785155,0.5946960234944001,75.1067320142189,8,7.0,2.1468179922027293,False,382.75813871341234,Mahalanobis gate,1
111.9,0,0.013914769243385337,-7.598945300581488,-0.0017644945253364021,0.42184500069211195,-7.6478312472899574,-0.09899298280850813,105.0,-4.355308606573983,-0.9328599219634128,0.04700036891516657,7.598958245409269,7.660096318081054,4.454340549080319,0.061138072671785615,3.1375881099846223,0.4221969782568627,0.41084901060534995,5.8114652516785155,0.5946960234944001,75.1067320142189,8,7.0,2.1468179922027293,False,382.75813871341234,Mahalanobis gate,1
112.0,0,0.013726429181712551,-7.598846820986584,-0.0023969015112814728,0.44007276582176774,-7.648851713832986,-0.10041209896881272,105.0,-4.355308606573983,-0.9328599219634128,0.04700036891516657,7.598859596598219,7.662158910453577,4.454340549080319,0.06329931385535836,3.2723683271744495,0.44031655318374563,0.42926878301942184,5.8114652516785155,0.5946960234944001,75.1067320142189,8,7.0,2.1468179922027293,False,382.75813871341234,Mahalanobis gate,1
112.10000000000001,0,0.01353298981894992,-7.5987743177770435,-0.0028586420856524684,0.590788648601708,-7.683812165096538,-0.07971143256170245,105.0,-4.355308606573983,-0.9328599219634128,0.04700036891516657,7.598786906221018,7.706903043913503,4.454340549080319,0.10811613769248485,4.3323567878353275,0.5885251757379673,0.5834856734089104,5.8114652516785155,0.5946960234944001,75.1067320142189,8,7.0,2.1468179922027293,False,382.75813871341234,Mahalanobis gate,1
112.2,0,0.013335467982238511,-7.598723352192392,-0.0031771816702009514,0.6103034377907096,-7.684595789631276,-0.07736048170430238,105.0,-4.355308606573983,-0.9328599219634128,0.04700036891516657,7.598735718022022,7.709180720435046,4.454340549080319,0.11044500241302391,4.474274864672122,0.6076577939045069,0.6031126200710301,5.8114652516785155,0.5946960234944001,75.1067320142189,8,7.0,2.1468179922027293,False,382.75813871341234,Mahalanobis gate,1
112.30000000000001,0,0.013134689615807363,-7.598690021550544,-0.0033774444605634705,0.6305883356693636,-7.684022821529648,-0.07367137993263823,105.0,-4.355308606573983,-0.9328599219634128,0.04700036891516657,7.598702124100812,7.710205953351175,4.454340549080319,0.1115038292503634,4.621918755276235,0.6272734086036617,0.6233223016843727,5.8114652516785155,0.5946960234944001,75.1067320142189,8,7.0,2.1468179922027293,False,382.75813871341234,Mahalanobis gate,1
112.4,0,0.012931426872327838,-7.59867117964627,-0.003479106922036561,0.6428488478293334,-7.704066115196475,-0.04966659893735807,105.0,-4.355308606573983,-0.9328599219634128,0.04700036891516657,7.598682979462478,7.73099968435674,4.454340549080319,0.1323167048942615,4.6848193341420306,0.6403415761009296,0.6386736644521654,5.8114652516785155,0.5946960234944001,75.1067320142189,8,7.0,2.1468179922027293,False,382.75813871341234,Mahalanobis gate,1
112.5,0,0.01272629626560286,-7.598664123301064,-0.003500463697177478,0.6608591018010799,-7.707756292637485,-0.050679268386520385,105.0,-4.355308606573983,-0.9328599219634128,0.04700036891516657,7.598675586614122,7.736201277589038,4.454340549080319,0.13752569097491651,4.817185070257004,0.6589408733974013,0.657249750872387,5.8114652516785155,0.5946960234944001,75.1067320142189,8,7.0,2.1468179922027293,False,382.75813871341234,Mahalanobis gate,1
112.60000000000001,0,0.012519734920090403,-7.5986665403600675,-0.0034580090583260655,0.6815482889998304,-7.707847854214727,-0.04900973449288245,105.0,-4.355308606573983,-0.9328599219634128,0.04700036891516657,7.598677641088399,7.738076541882758,4.454340549080319,0.13939890079435902,4.970090763880953,0.6794076281284472,0.6778788722692699,5.8114652516785155,0.5946960234944001,75.1067320142189,8,7.0,2.1468179922027293,False,382.75813871341234,Mahalanobis gate,1
112.7,0,0.01231203632154142,-7.598676501987964,-0.003365706417452934,0.7026287931764936,-7.70671385917553,-0.0488031632511958,105.0,-4.355308606573983,-0.9328599219634128,0.04700036891516657,7.598687221887878,7.73883114410388,4.454340549080319,0.14014392221600236,5.127457039175562,0.7001955854090564,0.6987197545102134,5.8114652516785155,0.5946960234944001,75.1067320142189,8,7.0,2.1468179922027293,False,382.75813871341234,Mahalanobis gate,1
112.80000000000001,0,0.012103341455288316,-7.598692364230385,-0.0032350666246831554,0.7231127822122583,-7.7061845542715375,-0.046521635348530176,105.0,-4.355308606573983,-0.9328599219634128,0.04700036891516657,7.5987026920878815,7.7401767901545675,4.454340549080319,0.14147409806668598,5.279084977955051,0.7203906737300718,0.7190890040637407,5.8114652516785155,0.5946960234944001,75.1067320142189,8,7.0,2.1468179922027293,False,382.75813871341234,Mahalanobis gate,1
112.9,0,0.011893715326210141,-7.598712660597289,-0.003076913924196084,0.7433760451803492,-7.705993765447834,-0.04573870192215498,105.0,-4.355308606573983,-0.9328599219634128,0.04700036891516657,7.598722591737712,7.741901567865765,4.454340549080319,0.14317897612805375,5.429564357308434,0.7405374146536934,0.7393075370553133,5.8114652516785155,0.5946960234944001,75.1067320142189,8,7.0,2.1468179922027293,False,382.75813871341234,Mahalanobis gate,1
113.0,0,0.011683139937776973,-7.598736198681102,-0.0028994616893807416,0.7656794725990124,-7.70576454413179,-0.044630650028445844,105.0,-4.355308606573983,-0.9328599219634128,0.04700036891516657,7.598745733328851,7.743840401201465,4.454340549080319,0.14509466787261438,5.594917986478261,0.7626972062861478,0.761554683786072,5.8114652516785155,0.5946960234944001,75.1067320142189,8,7.0,2.1468179922027293,False,382.75813871341234,Mahalanobis gate,1
113.10000000000001,1,0.011471575639832959,-7.5987619528828425,-0.0027096959621068827,0.8726475760034362,-7.497755888964689,-0.01486948607309147,113.0,0.9077692487434925,-7.369524818907367,0.11971146984961933,7.598771095123194,7.548382493224984,7.4261882484535455,0.05038860189821026,6.552812735970775,0.8671644532878605,0.8670791939324175,0.9330466609568597,0.1725599258946513,6.998174249635418,8,7.0,1.1660290157344042,True,1.1271553613307148,,1
113.2,0,0.01125898638209865,-7.59878902568136,-0.002513542707843269,0.8959145198457393,-7.491631273689452,-0.013568658281615338,113.0,0.9077692487434925,-7.369524818907367,0.11971146984961933,7.598797782510518,7.545023928144949,7.4261882484535455,0.05377385436556903,6.735168066578603,0.8911904466948394,0.8911218753345683,0.9330466609568597,0.1725599258946513,6.998174249635418,8,7.0,1.1660290157344042,True,1.1271553613307148,,1
113.30000000000001,0,0.011045329079971123,-7.598816700892013,-0.002315568045389929,0.9189227724765494,-7.4860779807622135,-0.011852598916954022,113.0,0.9077692487434925,-7.369524818907367,0.11971146984961933,7.598825081215203,7.542275722878999,7.4261882484535455,0.05654935833620378,6.915194379266229,0.9149002274579768,0.9148505185246454,0.9330466609568597,0.1725599258946513,6.998174249635418,8,7.0,1.1660290157344042,True,1.1271553613307148,,1
113.4,0,0.010830593912872735,-7.598844400994075,-0.0021195712960528435,0.7742568081077481,-7.532141313845371,0.03324157485846029,113.0,0.9077692487434925,-7.369524818907367,0.11971146984961933,7.598852414994385,7.571904078825652,7.4261882484535455,0.026948336168732823,5.793531140912918,0.7671501137407516,0.7663347090893686,0.9330466609568597,0.1725599258946513,6.998174249635418,8,7.0,1.1660290157344042,True,1.1271553613307148,,1
113.501,0,0.010593147740072719,-7.598874281626972,-0.0019100523652156305,0.7939845388725922,-7.528765397272056,0.035830938621591236,113.0,0.9077692487434925,-7.369524818907367,0.11971146984961933,7.598881905323369,7.570601278055284,7.4261882484535455,0.028280627268085112,5.947134317954276,0.7874272726840883,0.7865222993444212,0.9330466609568597,0.1725599258946513,6.998174249635418,8,7.0,1.1660290157344042,True,1.1271553613307148,,1
113.60000000000001,0,0.010397907114709452,-7.598897938484893,-0.0017451271324311834,0.8107591387318323,-7.525634626881442,0.0365095676108515,113.0,0.9077692487434925,-7.369524818907367,0.11971146984961933,7.59890525282761,7.569269440763837,7.4261882484535455,0.029635812063772526,6.077407285765088,0.8046173224413479,0.8037074180961515,0.9330466609568597,0.1725599258946513,6.998174249635418,8,7.0,1.1660290157344042,True,1.1271553613307148,,1
113.7,0,0.010180010751601548,-7.598923194966915,-0.0015697939394631274,0.8288556006576179,-7.521858705326299,0.04009128586334041,113.0,0.9077692487434925,-7.369524818907367,0.11971146984961933,7.59893017601018,7.567494122946955,7.4261882484535455,0.03143605306322517,6.219436178849432,0.8233494413928195,0.8222947507259988,0.9330466609568597,0.1725599258946513,6.998174249635418,8,7.0,1.1660290157344042,True,1.1271553613307148,,1
113.80000000000001,0,0.009961140514198077,-7.5989471245204765,-0.0014043330308713587,0.8480439451708173,-7.518454377991166,0.044984036438067386,113.0,0.9077692487434925,-7.369524818907367,0.11971146984961933,7.59895378310262,7.566264489852947,7.4261882484535455,0.03268929324967296,6.370023980586884,0.843216313010442,0.8419393503720661,0.9330466609568597,0.1725599258946513,6.998174249635418,8,7.0,1.1660290157344042,True,1.1271553613307148,,1
113.9,0,0.009741341560634127,-7.598969575018602,-0.0012496488087127499,0.865117360711102,-7.51431384763579,0.04997886497083235,113.0,0.9077692487434925,-7.369524818907367,0.11971146984961933,7.598975921623645,7.5641151852360435,7.4261882484535455,0.034860736387601676,6.505590806837532,0.8610801861269807,0.8595549582873772,0.9330466609568597,0.1725599258946513,6.998174249635418,8,7.0,1.1660290157344042,True,1.1271553613307148,,1
114.0,0,0.00952065848110499,-7.598990516601742,-0.0011057713606793256,0.8826039974714941,-7.510382181108108,0.05394155707993783,113.0,0.9077692487434925,-7.369524818907367,0.11971146984961933,7.598996561196184,7.562257600362411,7.4261882484535455,0.03673896083377315,6.643796221207128,0.8792929900266511,0.8775682047234615,0.9330466609568597,0.1725599258946513,6.998174249635418,8,7.0,1.1660290157344042,True,1.1271553613307148,,1
114.10000000000001,0,0.009299135834626025,-7.599009895446493,-0.0009730169397637347,0.8588896272402109,-7.527686928041136,0.06151129895556693,113.0,0.9077692487434925,-7.369524818907367,0.11971146984961933,7.5990156475548165,7.576776723533658,7.4261882484535455,0.0222389240211589,6.45628015526924,0.854865637687699,0.8525790102778092,0.9330466609568597,0.1725599258946513,6.998174249635418,8,7.0,1.1660290157344042,True,1.1271553613307148,,1
114.2,0,0.009076804252443456,-7.599027668342078,-0.0008516785216499684,0.8777837971625883,-7.523520273010929,0.06312136297800403,113.0,0.9077692487434925,-7.369524818907367,0.11971146984961933,7.599033137048435,7.5748165653982555,7.4261882484535455,0.024216571650179652,6.603961310766278,0.8743258867947336,0.8719823428720794,0.9330466609568597,0.1725599258946513,6.998174249635418,8,7.0,1.1660290157344042,True,1.1271553613307148,,1
114.30000000000001,0,0.00885368889171087,-7.599043906548216,-0.0007411265607286112,0.8964934221312741,-7.519904725117117,0.06309769782695628,113.0,0.9077692487434925,-7.369524818907367,0.11971146984961933,7.599049100428497,7.57341725050419,7.4261882484535455,0.02563184992430667,6.748959932503146,0.8934442912472994,0.8911606510967522,0.9330466609568597,0.1725599258946513,6.998174249635418,8,7.0,1.1660290157344042,True,1.1271553613307148,,1
114.4,0,0.008629807675785185,-7.599058662688771,-0.0006409223228325412,0.9149338775759897,-7.516204851774998,0.06653149687830524,113.0,0.9077692487434925,-7.369524818907367,0.11971146984961933,7.599063589900219,7.571978989290655,7.4261882484535455,0.027084600609563303,6.893971688906209,0.9125590145310841,0.9100834143640956,0.9330466609568597,0.1725599258946513,6.998174249635418,8,7.0,1.1660290157344042,True,1.1271553613307148,,1
114.50000000000001,0,0.008405171374980692,-7.599071964182999,-0.0005508301430727603,0.934261093109629,-7.510797867458385,0.06854694270529896,113.0,0.9077692487434925,-7.369524818907367,0.11971146984961933,7.599076632535807,7.568991153335435,7.4261882484535455,0.03008547920037241,7.046518168058684,0.9326178242861687,0.9300545704224359,0.9330466609568597,0.1725599258946513,6.998174249635418,8,7.0,1.1660290157344042,True,1.1271553613307148,,1
114.60000000000001,0,0.00817978559367634,-7.599083897910947,-0.00047026303815983684,0.7315068591424865,-7.614745520680878,0.12780761442477032,113.0,0.9077692487434925,-7.369524818907367,0.11971146984961933,7.599088314892064,7.6508683439206395,7.4261882484535455,0.051780029028575925,5.509732530824999,0.7347806173293276,0.723496607978554,0.9330466609568597,0.1725599258946513,6.998174249635418,8,7.0,1.1660290157344042,True,1.1271553613307148,,1
114.7,0,0.00795364838297162,-7.599094577060435,-0.0003983130041072052,0.742690969355292,-7.617519876974718,0.1314294548051287,113.0,0.9077692487434925,-7.369524818907367,0.11971146984961933,7.599098749870616,7.654767968636097,7.4261882484535455,0.055669218765481254,5.59606181780684,0.7466973837319103,0.7349683139472842,0.9330466609568597,0.1725599258946513,6.998174249635418,8,7.0,1.1660290157344042,True,1.1271553613307148,,1
114.80000000000001,0,0.007726753438064456,-7.599104053347519,-0.0003346359179383459,0.752054228112783,-7.6181502546097954,0.1324834513547965,113.0,0.9077692487434925,-7.369524818907367,0.11971146984961933,7.599107988988088,7.656327496177034,7.4261882484535455,0.05721950718894586,5.66721735389982,0.7563245279937407,0.7445711163738269,0.9330466609568597,0.1725599258946513,6.998174249635418,8,7.0,1.1660290157344042,True,1.1271553613307148,,1
114.9,0,0.007499099986868669,-7.5991124146003335,-0.00027862833960780824,0.76317003675347,-7.619152434792405,0.13195020036675145,113.0,0.9077692487434925,-7.369524818907367,0.11971146984961933,7.599116119909425,7.658415187555331,7.4261882484535455,0.05929906764590598,5.748880094170452,0.7674142494273005,0.7559366157840294,0.9330466609568597,0.1725599258946513,6.998174249635418,8,7.0,1.1660290157344042,True,1.1271553613307148,,1
115.00000000000001,0,0.007270681934619574,-7.59911976864091,-0.0002295335996060692,0.7765232331770519,-7.620427816868739,0.13768049199558358,113.0,0.9077692487434925,-7.369524818907367,0.11971146984961933,7.599123250326352,7.6611268336744525,7.4261882484535455,0.0620035833481003,5.85481463911352,0.7818073264378739,0.7695476076970614,0.9330466609568597,0.1725599258946513,6.998174249635418,8,7.0,1.1660290157344042,True,1.1271553613307148,,1
115.10000000000001,0,0.0070414823044928805,-7.599126197249045,-0.00018673101130716098,0.7222165023454931,-7.759815042096817,0.15360243675624224,113.0,0.9077692487434925,-7.369524818907367,0.11971146984961933,7.59912946192248,7.7948649681947435,7.4261882484535455,0.19573550627226322,5.383880610175574,0.7489641662134391,0.7330049209583497,0.9330466609568597,0.1725599258946513,6.998174249635418,8,7.0,1.1660290157344042,True,1.1271553613307148,,1
115.2,0,0.006811497343546486,-7.599131767419707,-0.00014977633786833358,0.7330025240445343,-7.762697637134975,0.15919879425654057,113.0,0.9077692487434925,-7.369524818907367,0.11971146984961933,7.59913482164492,7.798853220950457,7.4261882484535455,0.19971839930553692,5.469287777650703,0.7612484272215136,0.7443837726581275,0.9330466609568597,0.1725599258946513,6.998174249635418,8,7.0,1.1660290157344042,True,1.1271553613307148,,1
115.30000000000001,0,0.006580720483705331,-7.59913657645932,-0.0001179579445385964,0.7444783023799456,-7.765453432626688,0.16050883696830145,113.0,0.9077692487434925,-7.369524818907367,0.11971146984961933,7.599139426769194,7.802709660352169,7.4261882484535455,0.20357023358297432,5.552976545892727,0.7732755687707245,0.7564087109583785,0.9330466609568597,0.1725599258946513,6.998174249635418,8,7.0,1.1660290157344042,True,1.1271553613307148,,1
115.4,0,0.006349145564038209,-7.59914070759126,-9.07009180795319e-05,0.7540171205187091,-7.76773356905057,0.1636590351272273,113.0,0.9077692487434925,-7.369524818907367,0.11971146984961933,7.599143360514173,7.805959960028568,7.4261882484535455,0.20681659951439535,5.625991236307611,0.7837377940119796,0.7664404436796486,0.9330466609568597,0.1725599258946513,6.998174249635418,8,7.0,1.1660290157344042,True,1.1271553613307148,,1
115.50000000000001,0,0.006116764874352323,-7.599144216812253,-6.762781466910877e-05,0.7666816850292859,-7.769691489693241,0.16287267245603812,113.0,0.9077692487434925,-7.369524818907367,0.11971146984961933,7.599146678890806,7.809125057175349,7.4261882484535455,0.2099783782845428,5.715399354550066,0.7963007669905454,0.7794519677680098,0.9330466609568597,0.1725599258946513,6.998174249635418,8,7.0,1.1660290157344042,True,1.1271553613307148,,1
115.60000000000001,0,0.005883572698633124,-7.5991471690766605,-4.829123452516755e-05,0.5590061401498811,-7.78640064935595,0.15300179949313394,113.0,0.9077692487434925,-7.369524818907367,0.11971146984961933,7.599149446881905,7.807940348623584,7.4261882484535455,0.20879090174167825,4.214183666099212,0.6036826739043545,0.5839592798308514,0.9330466609568597,0.1725599258946513,6.998174249635418,8,7.0,1.1660290157344042,True,1.1271553613307148,,1
115.7,0,0.005649557418994686,-7.599149645046359,-3.21078422644625e-05,0.5689869233258845,-7.789912352934119,0.15196361661116178,113.0,0.9077692487434925,-7.369524818907367,0.11971146984961933,7.5991517451843364,7.812142697498874,7.4261882484535455,0.2129909523145379,4.282355825801434,0.6138746604965104,0.5947599503560945,0.9330466609568597,0.1725599258946513,6.998174249635418,8,7.0,1.1660290157344042,True,1.1271553613307148,,1
115.80000000000001,0,0.0054147158024127374,-7.59915169926417,-1.870579937514317e-05,0.5738684199102726,-7.791438134924865,0.15520509725137213,113.0,0.9077692487434925,-7.369524818907367,0.11971146984961933,7.599153628393537,7.814084834191691,7.4261882484535455,0.2149312057981545,4.323849046599844,0.6198452355923841,0.6000947317324499,0.9330466609568597,0.1725599258946513,6.998174249635418,8,7.0,1.1660290157344042,True,1.1271553613307148,,1
115.9,0,0.005179043224099126,-7.5991533651925645,-7.874039524005731e-06,0.5783370073075312,-7.795820201637239,0.1584499911322004,113.0,0.9077692487434925,-7.369524818907367,0.11971146984961933,7.599155130030455,7.818848553973054,7.4261882484535455,0.21969342394259872,4.360864278391959,0.6263360051794896,0.6059603092195242,0.9330466609568597,0.1725599258946513,6.998174249635418,8,7.0,1.1660290157344042,True,1.1271553613307148,,1
116.00000000000001,0,0.004942526376701017,-7.5991547035934985,8.146306510689317e-07,0.5830716851627255,-7.79748408138352,0.16153561097833907,113.0,0.9077692487434925,-7.369524818907367,0.11971146984961933,7.599156310914709,7.820922218196652,7.4261882484535455,0.22176590728194334,4.40098732719366,0.632187754361236,0.6112019848897854,0.9330466609568597,0.1725599258946513,6.998174249635418,8,7.0,1.1660290157344042,True,1.1271553613307148,,1
116.10000000000001,0,0.004705164281486592,-7.599155775733882,7.798296095325681e-06,0.48376839648702624,-7.640824478214116,0.2060464063543199,113.0,0.9077692487434925,-7.369524818907367,0.11971146984961933,7.59915723238448,7.658895853181917,7.4261882484535455,0.05973862079743775,3.9040923606611644,0.5231536764930317,0.4808719800712088,0.9330466609568597,0.1725599258946513,6.998174249635418,8,7.0,1.1660290157344042,True,1.1271553613307148,,1
116.2,0,0.004466950153561244,-7.599156595409863,1.3148649776213294e-05,0.4870143977924301,-7.640420152650098,0.21000197207725654,113.0,0.9077692487434925,-7.369524818907367,0.11971146984961933,7.5991579083065375,7.6588056484647264,7.4261882484535455,0.05964774015818897,3.9398896582666927,0.5278731157611292,0.4843084971161511,0.9330466609568597,0.1725599258946513,6.998174249635418,8,7.0,1.1660290157344042,True,1.1271553613307148,,1
116.30000000000001,0,0.004227872842307169,-7.599157189605165,1.7037233072858112e-05,0.4906277355970509,-7.644015502073491,0.20385186499829655,113.0,0.9077692487434925,-7.369524818907367,0.11971146984961933,7.599158365735439,7.662456796207089,7.4261882484535455,0.06329843047164996,3.9464410887174366,0.5292879478085798,0.48846401575278753,0.9330466609568597,0.1725599258946513,6.998174249635418,8,7.0,1.1660290157344042,True,1.1271553613307148,,1
116.4,0,0.003987925190061203,-7.599157627415065,1.996862467842652e-05,0.4953404926732528,-7.642145233123842,0.20669925930815528,113.0,0.9077692487434925,-7.369524818907367,0.11971146984961933,7.599158673843219,7.6609706011469445,7.4261882484535455,0.061811927303725867,3.9897146185364996,0.5347818331004923,0.4932294393250444,0.9330466609568597,0.1725599258946513,6.998174249635418,8,7.0,1.1660290157344042,True,1.1271553613307148,,1
116.50000000000001,0,0.0037471051951201186,-7.599157919317765,2.200674338895268e-05,0.4993296381786019,-7.643770899477404,0.20960213985482684,113.0,0.9077692487434925,-7.369524818907367,0.11971146984961933,7.599158843188603,7.662930034150964,7.4261882484535455,0.0637711909623615,4.026359364761965,0.5399223992316453,0.49758654020888476,0.9330466609568597,0.1725599258946513,6.998174249635418,8,7.0,1.1660290157344042,True,1.1271553613307148,,1
116.60000000000001,0,0.003505410781682542,-7.599158057063978,2.3055948360385213e-05,0.5043314503285548,-7.642699682658862,0.21244308774199638,113.0,0.9077692487434925,-7.369524818907367,0.11971146984961933,7.599158865603265,7.662267335236597,7.4261882484535455,0.06310846963333194,4.071218777637001,0.5457516513533053,0.5027152226138077,0.9330466609568597,0.1725599258946513,6.998174249635418,8,7.0,1.1660290157344042,True,1.1271553613307148,,1
116.7,0,0.003262822654931701,-7.599158105755161,2.3584753356636385e-05,0.4106640434843961,-7.639357913402413,0.1880905832182537,113.0,0.9077692487434925,-7.369524818907367,0.11971146984961933,7.599158806264827,7.652699677445234,7.4261882484535455,0.053540871180406846,3.3613383666443557,0.4505119034829264,0.409379749460344,0.9330466609568597,0.1725599258946513,6.998174249635418,8,7.0,1.1660290157344042,True,1.1271553613307148,,1
116.80000000000001,0,0.003019333775417056,-7.5991580901664015,2.3789994844722964e-05,0.41083855257116336,-7.63798997072353,0.1890727161925627,113.0,0.9077692487434925,-7.369524818907367,0.11971146984961933,7.599158690031673,7.6513676948085845,7.4261882484535455,0.052209004776911705,3.367875015775837,0.45118059207293715,0.4096638013869128,0.9330466609568597,0.1725599258946513,6.998174249635418,8,7.0,1.1660290157344042,True,1.1271553613307148,,1
116.9,0,0.0027749422991348964,-7.59915796977242,2.334113538829275e-05,0.4154569952465371,-7.636569111688933,0.18776334601512337,113.0,0.9077692487434925,-7.369524818907367,0.11971146984961933,7.599158476463381,7.650166494044923,7.4261882484535455,0.05100801758154194,3.3974727718925135,0.4549201905792081,0.4143743119021497,0.9330466609568597,0.1725599258946513,6.998174249635418,8,7.0,1.1660290157344042,True,1.1271553613307148,,1
117.00000000000001,0,0.0025296445039427636,-7.59915779048059,2.255980348708853e-05,0.41669386078134,-7.635027506176454,0.1921716662779432,113.0,0.9077692487434925,-7.369524818907367,0.11971146984961933,7.599158211554232,7.648804399578011,7.4261882484535455,0.04964618802377885,3.4220102212986325,0.4579737041225234,0.41571460709093777,0.9330466609568597,0.1725599258946513,6.998174249635418,8,7.0,1.1660290157344042,True,1.1271553613307148,,1
117.10000000000001,0,0.002283424768837451,-7.59915760086463,2.1827686645890208e-05,0.33642055654844916,-7.633628575528473,0.17368189669022932,113.0,0.9077692487434925,-7.369524818907367,0.11971146984961933,7.599157943962199,7.643011803028381,7.4261882484535455,0.04385385906618211,2.8240328343461654,0.378145065410763,0.3359105102972827,0.9330466609568597,0.1725599258946513,6.998174249635418,8,7.0,1.1660290157344042,True,1.1271553613307148,,1
117.2,0,0.0020362766619792597,-7.599157351971872,2.0762893791254145e-05,0.3392245861308414,-7.63165917774816,0.17294280352037664,113.0,0.9077692487434925,-7.369524818907367,0.11971146984961933,7.599157624821444,7.641152029532775,7.4261882484535455,0.04199440471133098,2.842544029425357,0.38033453282041557,0.338751125047964,0.9330466609568597,0.1725599258946513,6.998174249635418,8,7.0,1.1660290157344042,True,1.1271553613307148,,1
117.30000000000001,0,0.0017881998796680405,-7.599157051137263,1.938896428509386e-05,0.336286928445333,-7.630714434853856,0.17276720113048238,113.0,0.9077692487434925,-7.369524818907367,0.11971146984961933,7.599157261557622,7.64007461942072,7.4261882484535455,0.04091735786309858,2.824398768640576,0.3777923695461443,0.3359840292024052,0.9330466609568597,0.1725599258946513,6.998174249635418,8,7.0,1.1660290157344042,True,1.1271553613307148,,1
117.4,0,0.0015391744361706768,-7.599156768813878,1.8250610115832157e-05,0.3356962437599373,-7.628557042516773,0.17259740812318428,113.0,0.9077692487434925,-7.369524818907367,0.11971146984961933,7.599156924712163,7.637890047931931,7.4261882484535455,0.038733123219768295,2.822355896426377,0.37723850370922396,0.33544794390911636,0.9330466609568597,0.1725599258946513,6.998174249635418,8,7.0,1.1660290157344042,True,1.1271553613307148,,1
117.50000000000001,0,0.0012891997671061473,-7.59915646530777,1.705917311456461e-05,0.3360987309751752,-7.628062212853629,0.17326421775358056,113.0,0.9077692487434925,-7.369524818907367,0.11971146984961933,7.599156574683532,7.637428622860072,7.4261882484535455,0.038272048176540174,2.8291911323683565,0.3780840414314746,0.3360550020888721,0.9330466609568597,0.1725599258946513,6.998174249635418,8,7.0,1.1660290157344042,True,1.1271553613307148,,1
117.60000000000001,0,0.0010382729296160194,-7.599156112900643,1.5567771086899886e-05,0.33740994294396764,-7.626608352699268,0.174772427547308,113.0,0.9077692487434925,-7.369524818907367,0.11971146984961933,7.599156183846221,7.636068742258052,7.4261882484535455,0.0369125584118315,2.8453421370844345,0.38005195157642707,0.33749003816143236,0.9330466609568597,0.1725599258946513,6.998174249635418,8,7.0,1.1660290157344042,True,1.1271553613307148,,1
117.7,0,0.0007863852187021472,-7.599155779830136,1.430155537788789e-05,0.33812638303746134,-7.626699184824207,0.17181790747198344,113.0,0.9077692487434925,-7.369524818907367,0.11971146984961933,7.599155820532437,7.636124101927121,7.4261882484535455,0.036968281394683444,2.841647612194575,0.3795700097386201,0.3384625729486613,0.9330466609568597,0.1725599258946513,6.998174249635418,8,7.0,1.1660290157344042,True,1.1271553613307148,,1
117.80000000000001,0,0.0005335146272539976,-7.5991554587442405,1.3225798167783204e-05,0.3340481541878885,-7.558875870322987,0.0621703811145822,113.0,0.9077692487434925,-7.369524818907367,0.11971146984961933,7.599155477484006,7.566508953840955,7.4261882484535455,0.03264652364305043,2.569836546364394,0.34164012059720744,0.33593817890297256,0.9330466609568597,0.1725599258946513,6.998174249635418,8,7.0,1.1660290157344042,True,1.1271553613307148,,1
117.9,0,0.0002796686547031045,-7.599155094990709,1.1894644179996792e-05,0.3343638149586174,-7.554198265192801,0.06181331939877106,113.0,0.9077692487434925,-7.369524818907367,0.11971146984961933,7.599155100146285,7.561847094265441,7.4261882484535455,0.03730800588084371,2.57516750507309,0.3427138010918013,0.3370954365711487,0.9330466609568597,0.1725599258946513,6.998174249635418,8,7.0,1.1660290157344042,True,1.1271553613307148,,1
118.00000000000001,0,2.483463378369355e-05,-7.59915473898967,1.068163434772266e-05,0.33268714244956293,-7.549708507118088,0.061935711575486795,113.0,0.9077692487434925,-7.369524818907367,0.11971146984961933,7.599154739037758,7.557288886205876,7.4261882484535455,0.041865852831882044,2.5662723406758468,0.34197053998967436,0.3363170243797041,0.9330466609568597,0.1725599258946513,6.998174249635418,8,7.0,1.1660290157344042,True,1.1271553613307148,,1
118.10000000000001,0,-0.000230999089231472,-7.599154410503302,9.77639251834912e-06,0.32609586653173206,-7.767376448193409,0.0457427037977042,113.0,0.9077692487434925,-7.369524818907367,0.11971146984961933,7.599154414020545,7.774353207635312,7.4261882484535455,0.17519879361476676,2.429245961043011,0.36997213116620314,0.36713468535486293,0.9330466609568597,0.1725599258946513,6.998174249635418,8,7.0,1.1660290157344042,True,1.1271553613307148,,1
118.2,0,-0.0004878388144688092,-7.599154055272434,8.743708605341777e-06,0.32543539200115973,-7.765836016286531,0.04643451795748625,113.0,0.9077692487434925,-7.369524818907367,0.11971146984961933,7.599154070936228,7.7727905793658145,7.4261882484535455,0.17363650842958656,2.4275418892536034,0.36900431031007014,0.36607216298539075,0.9330466609568597,0.1725599258946513,6.998174249635418,8,7.0,1.1660290157344042,True,1.1271553613307148,,1
118.30000000000001,0,-0.0007456854964441248,-7.599153689799428,7.684193617463208e-06,0.32313535832778856,-7.768592503899578,0.04219865411023664,113.0,0.9077692487434925,-7.369524818907367,0.11971146984961933,7.599153726389416,7.7754245336094066,7.4261882484535455,0.1762708072199901,2.407618738951666,0.36795179061236394,0.3655248859822541,0.9330466609568597,0.1725599258946513,6.998174249635418,8,7.0,1.1660290157344042,True,1.1271553613307148,,1
118.4,0,-0.0010045541179551018,-7.599153353228437,6.9355495363280415e-06,0.327532769632774,-7.766596259212399,0.044469261579088815,113.0,0.9077692487434925,-7.369524818907367,0.11971146984961933,7.599153419629062,7.77362673943255,7.4261882484535455,0.17447331980348757,2.444473136705305,0.3714172832510672,0.36874638962523454,0.9330466609568597,0.1725599258946513,6.998174249635418,8,7.0,1.1660290157344042,True,1.1271553613307148,,1
118.50000000000001,0,-0.0012644493068273352,-7.599153008609319,6.213284392324848e-06,0.3301389035290279,-7.766260452263697,0.04282234223407788,113.0,0.9077692487434925,-7.369524818907367,0.11971146984961933,7.599153113809901,7.773392236405731,7.4261882484535455,0.17423912259582952,2.463957826297899,0.37361250098703,0.3711510204694949,0.9330466609568597,0.1725599258946513,6.998174249635418,8,7.0,1.1660290157344042,True,1.1271553613307148,,1
118.60000000000001,0,-0.0015253846001230947,-7.599152643661108,5.3849682048914085e-06,0.33031393861248054,-7.765027784339742,0.044263326622259534,113.0,0.9077692487434925,-7.369524818907367,0.11971146984961933,7.599152796758911,7.772176209511306,7.4261882484535455,0.17302341275239463,2.4689579879408172,0.37361834018796425,0.37098773392843554,0.9330466609568597,0.1725599258946513,6.998174249635418,8,7.0,1.1660290157344042,True,1.1271553613307148,,1
118.7,0,-0.0017873581346872155,-7.59915229440132,4.758249750355377e-06,0.33100494079824894,-7.7650609910417465,0.04292431477216513,113.0,0.9077692487434925,-7.369524818907367,0.11971146984961933,7.599152504600536,7.7722312730791625,7.4261882484535455,0.1730787684786268,2.474670193304267,0.3743240550406485,0.3718553614646341,0.9330466609568597,0.1725599258946513,6.998174249635418,8,7.0,1.1660290157344042,True,1.1271553613307148,,1
118.80000000000001,0,-0.002050391992955973,-7.599151952050515,4.28201855951388e-06,0.21131309090864564,-7.784614151213808,0.0491733991125889,113.0,0.9077692487434925,-7.369524818907367,0.11971146984961933,7.599152228668591,7.787636915576376,7.4261882484535455,0.18848468690778475,1.6114877498387752,0.28694564856466015,0.282701615054437,0.9330466609568597,0.1725599258946513,6.998174249635418,8,7.0,1.1660290157344042,True,1.1271553613307148,,1
118.9,0,-0.002314477845200894,-7.599151589211764,3.7104809530281165e-06,0.2069785793240033,-7.785363836224506,0.0498931298697325,113.0,0.9077692487434925,-7.369524818907367,0.11971146984961933,7.599151941673567,7.78827448919846,7.4261882484535455,0.18912254752489321,1.5834466923225068,0.284547955332165,0.28014029470386126,0.9330466609568597,0.1725599258946513,6.998174249635418,8,7.0,1.1660290157344042,True,1.1271553613307148,,1
119.00000000000001,0,-0.0025796349469115396,-7.5991512242143155,3.1968095003228e-06,0.2042581105608361,-7.785813851637125,0.05200039662425422,113.0,0.9077692487434925,-7.369524818907367,0.11971146984961933,7.59915166206101,7.788666301063585,7.4261882484535455,0.18951463900257526,1.5695519486978404,0.2834228258833257,0.2786122564481227,0.9330466609568597,0.1725599258946513,6.998174249635418,8,7.0,1.1660290157344042,True,1.1271553613307148,,1
119.10000000000001,0,-0.0028458726083730006,-7.599150869634756,2.866936545218109e-06,0.1714102204197198,-7.662512903045411,0.05966803615629979,113.0,0.9077692487434925,-7.369524818907367,0.11971146984961933,7.599151402523165,7.664662140469109,7.4261882484535455,0.06551073794594409,1.3771619211123831,0.19478158448213287,0.18541826564647917,0.9330466609568597,0.1725599258946513,6.998174249635418,8,7.0,1.1660290157344042,True,1.1271553613307148,,1
119.2,0,-0.0031131985543412337,-7.599150507385415,2.5509689707596857e-06,0.16688374104042172,-7.659912280213948,0.0579118307463542,113.0,0.9077692487434925,-7.369524818907367,0.11971146984961933,7.59915114508902,7.661948845022165,7.4261882484535455,0.06279769993314499,1.3432641217862764,0.18959018221729468,0.18052964440460112,0.9330466609568597,0.1725599258946513,6.998174249635418,8,7.0,1.1660290157344042,True,1.1271553613307148,,1
119.30000000000001,0,-0.003381614202572436,-7.5991501254015805,2.1562855705785455e-06,0.1633251030791577,-7.658459708454821,0.05676729757303618,113.0,0.9077692487434925,-7.369524818907367,0.11971146984961933,7.5991508778093175,7.660411393743515,7.4261882484535455,0.06126051593419746,1.3174833477739103,0.18582528755308259,0.17694280496476794,0.9330466609568597,0.1725599258946513,6.998174249635418,8,7.0,1.1660290157344042,True,1.1271553613307148,,1
119.4,0,-0.0036511400620278557,-7.599149746620614,1.8864800477937925e-06,0.16170170601155448,-7.65503018454939,0.05809007466648259,113.0,0.9077692487434925,-7.369524818907367,0.11971146984961933,7.599150623746805,7.656958209685102,7.4261882484535455,0.05780758593829649,1.311740509354956,0.18395223470925345,0.17453992966580914,0.9330466609568597,0.1725599258946513,6.998174249635418,8,7.0,1.1660290157344042,True,1.1271553613307148,,1
119.50000000000001,0,-0.00392178259957018,-7.599149375108893,1.7579610263857767e-06,0.15569801712208273,-7.652560928269438,0.05659034489997952,113.0,0.9077692487434925,-7.369524818907367,0.11971146984961933,7.599150387089318,7.6543538656471615,7.4261882484535455,0.05520347855784369,1.2679769133707557,0.17757686405033096,0.168318966472,0.9330466609568597,0.1725599258946513,6.998174249635418,8,7.0,1.1660290157344042,True,1.1271553613307148,,1
119.60000000000001,0,-0.004193544648222077,-7.59914898107964,1.5289055550033126e-06,0.15293211390060762,-7.64861214766022,0.05585692618524353,113.0,0.9077692487434925,-7.369524818907367,0.11971146984961933,7.599150138170899,7.650344829679278,7.4261882484535455,0.051194691508379186,1.2491947291195638,0.17393936537728727,0.16472728196197983,0.9330466609568597,0.1725599258946513,6.998174249635418,8,7.0,1.1660290157344042,True,1.1271553613307148,,1
119.7,0,-0.004466437764694135,-7.599148568537692,1.2588309342533767e-06,0.14937777630560117,-7.64333884890023,0.05834204857319425,113.0,0.9077692487434925,-7.369524818907367,0.11971146984961933,7.599149881123305,7.64502101199161,7.4261882484535455,0.04587113086830552,1.233386529158457,0.170365697337161,0.16006505890239306,0.9330466609568597,0.1725599258946513,6.998174249635418,8,7.0,1.1660290157344042,True,1.1271553613307148,,1
119.80000000000001,0,-0.0047404764298562795,-7.599148174918728,1.2301105814149399e-06,0.1444232325468221,-7.6395440389653135,0.06116068804039314,113.0,0.9077692487434925,-7.369524818907367,0.11971146984961933,7.599149653513144,7.641153827999493,7.4261882484535455,0.0420041744863493,1.2091055811201645,0.1661990288840998,0.1545368496758926,0.9330466609568597,0.1725599258946513,6.998174249635418,8,7.0,1.1660290157344042,True,1.1271553613307148,,1
119.9,0,-0.005015661891016869,-7.599147765736326,1.1683089696345777e-06,0.13845530198684872,-7.634481520628488,0.06451998518411128,113.0,0.9077692487434925,-7.369524818907367,0.11971146984961933,7.599149420978704,7.636009480609246,7.4261882484535455,0.036860059630542175,1.1806013224849328,0.16122986522909222,0.14775788205988596,0.9330466609568597,0.1725599258946513,6.998174249635418,8,7.0,1.1660290157344042,True,1.1271553613307148,,1
120.00000000000001,0,-0.00529202495532911,-7.5991473209360665,9.3498257214724e-07,0.16643037960797133,-7.623275510743737,0.04628536409711164,113.0,0.9077692487434925,-7.369524818907367,0.11971146984961933,7.599149163611595,7.625232515726404,7.4261882484535455,0.026083352114809166,1.336607088787919,0.17947980986967757,0.1734092090184278,0.9330466609568597,0.1725599258946513,6.998174249635418,8,7.0,1.1660290157344042,True,1.1271553613307148,,1
120.10000000000001,0,-0.005569526400571831,-7.599146884866727,8.719843152666877e-07,0.1804112570946801,-7.9399964708552115,0.038617576565932524,113.0,0.9077692487434925,-7.369524818907367,0.11971146984961933,7.599148925860367,7.942139730330833,7.4261882484535455,0.3429908044704666,1.3722058684103942,0.3902032059975586,0.3882876409287698,0.9330466609568597,0.1725599258946513,6.998174249635418,8,7.0,1.1660290157344042,True,1.1271553613307148,,1
120.2,0,-0.005848222953795553,-7.599146459824944,9.830737385708369e-07,0.17884873078070626,-7.940167195474501,0.038632114381927846,113.0,0.9077692487434925,-7.369524818907367,0.11971146984961933,7.599148710190021,7.9422751400875615,7.4261882484535455,0.3431264298975405,1.3632229867549843,0.3897441098566093,0.3878248404393021,0.9330466609568597,0.1725599258946513,6.998174249635418,8,7.0,1.1660290157344042,True,1.1271553613307148,,1
120.30000000000001,0,-0.006128107948987157,-7.599145981398416,7.817204092348275e-07,0.17531296442535726,-7.94309367235401,0.04092272829522142,113.0,0.9077692487434925,-7.369524818907367,0.11971146984961933,7.599148452314334,7.945133503785637,7.4261882484535455,0.34598505147130343,1.3433896840168402,0.3910185194712761,0.3888712857206571,0.9330466609568597,0.1725599258946513,6.998174249635418,8,7.0,1.1660290157344042,True,1.1271553613307148,,1
120.4,0,-0.006409201546938383,-7.599145503578209,6.807003903059721e-07,0.1722726561761151,-7.9441653626734405,0.04119645936229086,113.0,0.9077692487434925,-7.369524818907367,0.11971146984961933,7.599148206372727,7.9461398380490635,7.4261882484535455,0.3469916316763362,1.3243495804745116,0.3907211302566256,0.3885433173398491,0.9330466609568597,0.1725599258946513,6.998174249635418,8,7.0,1.1660290157344042,True,1.1271553613307148,,1
120.50000000000001,0,-0.00669151046416485,-7.5991450507299785,8.732458793800811e-07,0.1698996256623158,-7.944066450858741,0.04257620472919557,113.0,0.9077692487434925,-7.369524818907367,0.11971146984961933,7.599147996870898,7.945997130107004,7.4261882484535455,0.34684913323610544,1.3120645365419792,0.38983055354364066,0.38749864725599625,0.9330466609568597,0.1725599258946513,6.998174249635418,8,7.0,1.1660290157344042,True,1.1271553613307148,,1
120.60000000000001,0,-0.006975035040466808,-7.599144546772011,7.8266422788384e-07,0.16421535663453415,-7.943880654667223,0.04065344024024404,113.0,0.9077692487434925,-7.369524818907367,0.11971146984961933,7.599147747862863,7.94568179838295,7.4261882484535455,0.3465340505200878,1.2710953627888057,0.3870423398758492,0.3849014604916166,0.9330466609568597,0.1725599258946513,6.998174249635418,8,7.0,1.1660290157344042,True,1.1271553613307148,,1
120.7,0,-0.007259785220931247,-7.599144016849341,5.934022753944963e-07,0.16000712795129443,-7.947097440508478,0.0412427421023039,113.0,0.9077692487434925,-7.369524818907367,0.11971146984961933,7.599147484639245,7.948815067273093,7.4261882484535455,0.349667582633848,1.2442071648523396,0.38826630050478855,0.3860696896653239,0.9330466609568597,0.1725599258946513,6.998174249635418,8,7.0,1.1660290157344042,True,1.1271553613307148,,1
120.80000000000001,0,-0.007545781246920402,-7.599143523882072,7.927053677229034e-07,0.15543728361747017,-7.9467939115455595,0.041142931035869815,113.0,0.9077692487434925,-7.369524818907367,0.11971146984961933,7.599147270278033,7.948420406753167,7.4261882484535455,0.3492731364751336,1.2142121481795851,0.3861566353457747,0.38395868459401133,0.9330466609568597,0.1725599258946513,6.998174249635418,8,7.0,1.1660290157344042,True,1.1271553613307148,,1
120.9,0,-0.007833031153583647,-7.599142996294489,8.451518664764464e-07,0.15072212143798266,-7.946961597861168,0.04272722866151544,113.0,0.9077692487434925,-7.369524818907367,0.11971146984961933,7.599147033352451,7.948505608719162,7.4261882484535455,0.3493585753667112,1.1862741060570647,0.3846336696870781,0.3822532092855921,0.9330466609568597,0.1725599258946513,6.998174249635418,8,7.0,1.1660290157344042,True,1.1271553613307148,,1
121.00000000000001,0,-0.008121544229811074,-7.599142418365009,6.15761083528804e-07,0.14477950745190213,-7.9472198930609705,0.046342761562378924,113.0,0.9077692487434925,-7.369524818907367,0.11971146984961933,7.599146758293029,7.94867364948337,7.4261882484535455,0.3495268911903402,1.154298173463386,0.3829938047456646,0.38017977326008773,0.9330466609568597,0.1725599258946513,6.998174249635418,8,7.0,1.1660290157344042,True,1.1271553613307148,,1
121.10000000000001,1,-0.008411332867995478,-7.599141872342907,7.393422520636361e-07,0.20757137564683523,-7.886184084850995,0.01458960630469245,121.0,0.3289797992884189,-7.873532574782374,-0.7114130285387343,7.599146527506653,7.888928834306795,7.912449141174536,0.2897823068001424,1.5747150391906177,0.35951995379698815,0.3592238329216767,0.8337003872699053,0.31330239178407915,5.711032017073537,8,7.0,2.2440633884852814,True,3.0051227133726015,,1
121.2,0,-0.008702406497756308,-7.599141315817315,9.128125043125776e-07,0.2290797535428339,-7.877551064816587,-0.00037557389605259056,121.0,0.3289797992884189,-7.873532574782374,-0.7114130285387343,7.599146298739181,7.880881197767922,7.912449141174536,0.2817348990287405,1.7313122574581559,0.36613178735756935,0.36613159379027466,0.8337003872699053,0.31330239178407915,5.711032017073537,8,7.0,2.2440633884852814,True,3.0051227133726015,,1
121.30000000000001,0,-0.00899477631266122,-7.599140695774762,7.072375184633496e-07,0.22584289252751422,-7.877948812579047,-0.004441570241331417,121.0,0.3289797992884189,-7.873532574782374,-0.7114130285387343,7.5991460191380416,7.881186600586679,7.912449141174536,0.2820405814486371,1.7102134538359701,0.3645578562196114,0.3645307897863221,0.8337003872699053,0.31330239178407915,5.711032017073537,8,7.0,2.2440633884852814,True,3.0051227133726015,,1
121.4,0,-0.009288460298101126,-7.599140090926302,7.18199106060967e-07,0.22112718201716597,-7.876973772200247,-0.006062265819008832,121.0,0.3289797992884189,-7.873532574782374,-0.7114130285387343,7.599145767585896,7.880079300973075,7.912449141174536,0.28093353338717897,1.6786311571753432,0.36099817513249716,0.36094725746816414,0.8337003872699053,0.31330239178407915,5.711032017073537,8,7.0,2.2440633884852814,True,3.0051227133726015,,1
121.50000000000001,0,-0.009583470592498481,-7.599139497389794,9.509264514752211e-07,0.2178521106125431,-7.876095415331902,-0.003706423783156334,121.0,0.3289797992884189,-7.873532574782374,-0.7114130285387343,7.59914554036828,7.879108596223801,7.912449141174536,0.2799630558555215,1.6568687141043688,0.35839261809985395,0.3583734422097016,0.8337003872699053,0.31330239178407915,5.711032017073537,8,7.0,2.2440633884852814,True,3.0051227133726015,,1
121.60000000000001,0,-0.009879816836319458,-7.5991388430615485,8.374418766451313e-07,0.2147200854533392,-7.875747833300554,-0.0026432676686386474,121.0,0.3289797992884189,-7.873532574782374,-0.7114130285387343,7.599145265548503,7.878674738539435,7.912449141174536,0.2795294729909319,1.6362984557494538,0.3563209801308395,0.35631116961101106,0.8337003872699053,0.31330239178407915,5.711032017073537,8,7.0,2.2440633884852814,True,3.0051227133726015,,1
121.7,0,-0.010177501582218761,-7.599138176779959,7.349207632020474e-07,0.21237257397514434,-7.873729613807277,-0.002825727438586836,121.0,0.3289797992884189,-7.873532574782374,-0.7114130285387343,7.599144992124682,7.876593688026447,7.912449141174536,0.27744869590176524,1.6218904860404397,0.35346425888452226,0.3534529578590562,0.8337003872699053,0.31330239178407915,5.711032017073537,8,7.0,2.2440633884852814,True,3.0051227133726015,,1
121.80000000000001,0,-0.010476556469423342,-7.5991375348119075,9.536993188888426e-07,0.20950897669319676,-7.872609963653793,-0.0021008721739639337,121.0,0.3289797992884189,-7.873532574782374,-0.7114130285387343,7.599144756564621,7.875397517890757,7.912449141174536,0.27625276132613674,1.603481611633563,0.350977523225525,0.35097122978603584,0.8337003872699053,0.31330239178407915,5.711032017073537,8,7.0,2.2440633884852814,True,3.0051227133726015,,1
121.9,0,-0.010776980860085956,-7.599136847177937,9.561757490190357e-07,0.20514603241435236,-7.871404292927966,-0.0010518536368305435,121.0,0.3289797992884189,-7.873532574782374,-0.7114130285387343,7.599144489049726,7.874077186803304,7.912449141174536,0.2749326977535782,1.574190114896384,0.34749592527864237,0.3474943304239054,0.8337003872699053,0.31330239178407915,5.711032017073537,8,7.0,2.2440633884852814,True,3.0051227133726015,,1
122.00000000000001,0,-0.01107877793843114,-7.599136126296692,8.081583916707202e-07,0.20095227937587073,-7.869497612492735,-0.0020128388055181074,121.0,0.3289797992884189,-7.873532574782374,-0.7114130285387343,7.599144202165712,7.8720631694070695,7.912449141174536,0.2729189672413579,1.5463646359799197,0.3435935931562885,0.34358769256763816,0.8337003872699053,0.31330239178407915,5.711032017073537,8,7.0,2.2440633884852814,True,3.0051227133726015,,1
122.10000000000001,0,-0.011381985502705652,-7.599135424546778,9.400310092436741e-07,0.14478501763271814,-7.740057987519395,0.03975152047445493,121.0,0.3289797992884189,-7.873532574782374,-0.7114130285387343,7.599143948511346,7.741514098344957,7.912449141174536,0.14237014983361096,1.1942628351542235,0.2140733758986897,0.21035042577344798,0.8337003872699053,0.31330239178407915,5.711032017073537,8,7.0,2.2440633884852814,True,3.0051227133726015,,1
122.2,0,-0.011686596332975991,-7.599134699109045,1.0354827288843724e-06,0.16747117734805578,-7.7773865273384395,0.10693863149250174,121.0,0.3289797992884189,-7.873532574782374,-0.7114130285387343,7.599143685425222,7.77992439948958,7.912449141174536,0.18078071406435825,1.5385049707306104,0.2744209751054297,0.25272756505269756,0.8337003872699053,0.31330239178407915,5.711032017073537,8,7.0,2.2440633884852814,True,3.0051227133726015,,1
122.30000000000001,0,-0.011992618416066855,-7.599133929384567,9.038030950435752e-07,0.16208495019627805,-7.778941603049377,0.10716401918569841,121.0,0.3289797992884189,-7.873532574782374,-0.7114130285387343,7.599143392489776,7.781368010943871,7.912449141174536,0.18222461845409477,1.5071267995359285,0.2722457211807777,0.25026745574032716,0.8337003872699053,0.31330239178407915,5.711032017073537,8,7.0,2.2440633884852814,True,3.0051227133726015,,1
122.4,0,-0.012300095658903557,-7.599133165847684,9.458139357328577e-07,0.15714042123333052,-7.7786572516374,0.11181874890686087,121.0,0.3289797992884189,-7.873532574782374,-0.7114130285387343,7.599143120420904,7.781047820380208,7.912449141174536,0.18190469995930414,1.4968246822753974,0.2710022273559182,0.24685823086002343,0.8337003872699053,0.31330239178407915,5.711032017073537,8,7.0,2.2440633884852814,True,3.0051227133726015,,1
122.50000000000001,0,-0.012609020384846136,-7.599132392210153,1.067563278639795e-06,0.14966528092467746,-7.780317279089083,0.10955307547380994,121.0,0.3289797992884189,-7.873532574782374,-0.7114130285387343,7.599142853094276,7.782527772899508,7.912449141174536,0.1833849198052322,1.4434288078154205,0.2667631056500385,0.2432301628063931,0.8337003872699053,0.31330239178407915,5.711032017073537,8,7.0,2.2440633884852814,True,3.0051227133726015,,1
122.60000000000001,0,-0.012919393654267617,-7.599131581453269,1.0314715178621204e-06,0.1447998011250905,-7.78022244941813,0.1104243532340228,121.0,0.3289797992884189,-7.873532574782374,-0.7114130285387343,7.59914256366953,7.782353235533765,7.912449141174536,0.18321067186423434,1.4194751334213846,0.2643152603448791,0.24014422096339424,0.8337003872699053,0.31330239178407915,5.711032017073537,8,7.0,2.2440633884852814,True,3.0051227133726015,,1
122.7,0,-0.013231250544285391,-7.599130751412526,9.83173952562892e-07,0.14065814440078533,-7.781776604483449,0.1108422705200048,121.0,0.3289797992884189,-7.873532574782374,-0.7114130285387343,7.599142270220727,7.783836961589461,7.912449141174536,0.18469469136873418,1.3980374703551406,0.26330067318769873,0.2388335267933822,0.8337003872699053,0.31330239178407915,5.711032017073537,8,7.0,2.2440633884852814,True,3.0051227133726015,,1
122.80000000000001,0,-0.013544597075050326,-7.599129917555494,1.06321264402989e-06,0.13663049123201537,-7.779721506525443,0.1114829741624614,121.0,0.3289797992884189,-7.873532574782374,-0.7114130285387343,7.5991419884088245,7.781719801159441,7.912449141174536,0.18257781275061635,1.3791235010905005,0.25998864518234055,0.23487417728376606,0.8337003872699053,0.31330239178407915,5.711032017073537,8,7.0,2.2440633884852814,True,3.0051227133726015,,1
122.9,0,-0.013859451990876345,-7.599129063999211,1.1257926934071153e-06,0.13284270677534782,-7.7823631764467045,0.10752943001648384,121.0,0.3289797992884189,-7.873532574782374,-0.7114130285387343,7.599141702569328,7.784239614321794,7.912449141174536,0.18509791175246537,1.340901889091034,0.2581832673903079,0.23472593242139053,0.8337003872699053,0.31330239178407915,5.711032017073537,8,7.0,2.2440633884852814,True,3.0051227133726015,,1
123.00000000000001,0,-0.01417582496811269,-7.59912817676596,1.067791551663634e-06,0.13119916894514472,-7.781375067667592,0.10872101415126724,121.0,0.3289797992884189,-7.873532574782374,-0.7114130285387343,7.5991413989300804,7.783240419296374,7.912449141174536,0.18409902036629333,1.3384612687648636,0.25723111171677954,0.23312618492694226,0.8337003872699053,0.31330239178407915,5.711032017073537,8,7.0,2.2440633884852814,True,3.0051227133726015,,1
123.10000000000001,0,-0.014493738229913296,-7.599127274484353,1.0527818556491206e-06,0.0976875532768889,-7.67002827968635,0.12043829922517786,121.0,0.3289797992884189,-7.873532574782374,-0.7114130285387343,7.599141096351677,7.671595795737274,7.912449141174536,0.07245469938559701,1.2300302314201268,0.1792113976108587,0.1327086835997847,0.8337003872699053,0.31330239178407915,5.711032017073537,8,7.0,2.2440633884852814,True,3.0051227133726015,,1
123.2,0,-0.014813204672595656,-7.599126370785647,1.1689638361094475e-06,0.09510288313981667,-7.668080313201901,0.12288564375684657,121.0,0.3289797992884189,-7.873532574782374,-0.7114130285387343,7.599140808683826,7.669654563899054,7.912449141174536,0.07051375521522818,1.2324174069192495,0.17870866425521745,0.12975435458869966,0.8337003872699053,0.31330239178407915,5.711032017073537,8,7.0,2.2440633884852814,True,3.0051227133726015,,1
123.30000000000001,0,-0.015134230261991354,-7.599125433120758,1.170296962052003e-06,0.08760021544047804,-7.666344985704463,0.12358264044927668,121.0,0.3289797992884189,-7.873532574782374,-0.7114130285387343,7.59914050358524,7.667841411153572,7.912449141174536,0.06870090756833136,1.2015645759511484,0.1741987782630941,0.12277147300308486,0.8337003872699053,0.31330239178407915,5.711032017073537,8,7.0,2.2440633884852814,True,3.0051227133726015,,1
123.4,0,-0.01545683643741869,-7.599124461192222,1.0689524945798424e-06,0.05061875185216433,-7.680883210734796,0.1417508223841299,121.0,0.3289797992884189,-7.873532574782374,-0.7114130285387343,7.599140180999675,7.682357870513019,7.912449141174536,0.08321768951334363,1.1670039860877242,0.1764751231548212,0.10512124663729924,0.8337003872699053,0.31330239178407915,5.711032017073537,8,7.0,2.2440633884852814,True,3.0051227133726015,,1
123.50000000000001,0,-0.015781052953103485,-7.599123496219745,1.1679087150457616e-06,0.04339138720683478,-7.680018381896905,0.14219362097868596,121.0,0.3289797992884189,-7.873532574782374,-0.7114130285387343,7.5991398824098955,7.681457165447524,7.912449141174536,0.08231728303762864,1.149339034298991,0.1739656687776589,0.10022654440417587,0.8337003872699053,0.31330239178407915,5.711032017073537,8,7.0,2.2440633884852814,True,3.0051227133726015,,1
123.60000000000001,0,-0.01610687695528476,-7.599122512023786,1.2744700169212058e-06,0.03601249714272269,-7.677457693574854,0.14408559349986186,121.0,0.3289797992884189,-7.873532574782374,-0.7114130285387343,7.599139581836458,7.67889407368251,7.912449141174536,0.07975449184605221,1.1437514131672595,0.1720846327110614,0.09408947775924131,0.8337003872699053,0.31330239178407915,5.711032017073537,8,7.0,2.2440633884852814,True,3.0051227133726015,,1
123.7,0,-0.016434314771741287,-7.599121472280485,1.12684520304603e-06,0.028839956057333034,-7.678465582496056,0.14375063697264887,121.0,0.3289797992884189,-7.873532574782374,-0.7114130285387343,7.599139243176007,7.679865213027631,7.912449141174536,0.08072596985162317,1.124836355383352,0.17032078289770058,0.09135232577775461,0.8337003872699053,0.31330239178407915,5.711032017073537,8,7.0,2.2440633884852814,True,3.0051227133726015,,1
123.80000000000001,0,-0.016763403085800852,-7.599120434389387,1.1414952715492605e-06,0.024032971216544553,-7.676438392589657,0.1447596803227338,121.0,0.3289797992884189,-7.873532574782374,-0.7114130285387343,7.599138924117565,7.677840799598355,7.912449141174536,0.07870187548079066,1.1227560071282001,0.16910779219166006,0.08742088318288589,0.8337003872699053,0.31330239178407915,5.711032017073537,8,7.0,2.2440633884852814,True,3.0051227133726015,,1
123.9,0,-0.01709416227165654,-7.599119399716613,1.3390251609603397e-06,0.0195108564439771,-7.679566702278348,0.13877557735456508,121.0,0.3289797992884189,-7.873532574782374,-0.7114130285387343,7.599138626287517,7.680845270484988,7.912449141174536,0.08170664419747098,1.0710101116745194,0.1645295873347329,0.08838379876782423,0.8337003872699053,0.31330239178407915,5.711032017073537,8,7.0,2.2440633884852814,True,3.0051227133726015,,1
124.00000000000001,0,-0.017426591768417158,-7.599118301451343,1.2317541257424686e-06,0.014691100708206846,-7.677891360858332,0.1400684919338163,121.0,0.3289797992884189,-7.873532574782374,-0.7114130285387343,7.599138283092032,7.679182948726749,7.912449141174536,0.08004466563471624,1.0725542707463762,0.16387671717667893,0.08506903701324056,0.8337003872699053,0.31330239178407915,5.711032017073537,8,7.0,2.2440633884852814,True,3.0051227133726015,,1
124.10000000000001,0,-0.01776074372414947,-7.599117184843433,1.1516569723948932e-06,0.008479574716670334,-7.766026435479865,0.13522609359806392,121.0,0.3289797992884189,-7.873532574782374,-0.7114130285387343,7.599137940122007,7.767208288448898,7.912449141174536,0.16807034832689105,1.0167158427345007,0.2164094202729227,0.16895932131696942,0.8337003872699053,0.31330239178407915,5.711032017073537,8,7.0,2.2440633884852814,True,3.0051227133726015,,1
124.2,0,-0.01809656406408375,-7.599116082534645,1.3493277655510269e-06,0.005096073172585753,-7.764680264687068,0.13826797313232186,121.0,0.3289797992884189,-7.873532574782374,-0.7114130285387343,7.599137630117607,7.76591292863735,7.912449141174536,0.1667752985197435,1.0349037447938818,0.21694943210827508,0.16718073104814551,0.8337003872699053,0.31330239178407915,5.711032017073537,8,7.0,2.2440633884852814,True,3.0051227133726015,,1
124.30000000000001,0,-0.018434143239447837,-7.599114932373256,1.3758134268144643e-06,0.0013620186840013746,-7.766834094772891,0.1333761233228036,121.0,0.3289797992884189,-7.873532574782374,-0.7114130285387343,7.59913729136782,7.767979331917288,7.912449141174536,0.1688420405494675,0.9950295950868944,0.2151985797725547,0.16888340789708908,0.8337003872699053,0.31330239178407915,5.711032017073537,8,7.0,2.2440633884852814,True,3.0051227133726015,,1
124.4,0,-0.018807458322716065,-7.599113618898829,1.229835308211291e-06,-0.1300714833247919,-7.738488775312145,0.0694581825718072,121.0,0.3289797992884189,-7.873532574782374,-0.7114130285387343,7.5991368926624645,7.7398935106067555,7.912449141174536,0.14075661794429095,0.9688397051662806,0.19138805022346406,0.1783398931391935,0.8337003872699053,0.31330239178407915,5.711032017073537,8,7.0,2.2440633884852814,True,3.0051227133726015,,1
124.50000000000001,0,-0.01911453138796768,-7.599112556902201,1.3419242367512573e-06,-0.1389633104741928,-7.734462451335225,0.07110635107939137,121.0,0.3289797992884189,-7.873532574782374,-0.7114130285387343,7.599136596862875,7.736037508048695,7.912449141174536,0.13690091118581993,1.0299923565642468,0.19426591594627252,0.18078529744282193,0.8337003872699053,0.31330239178407915,5.711032017073537,8,7.0,2.2440633884852814,True,3.0051227133726015,,1
124.60000000000001,0,-0.01945741710855135,-7.599111351442273,1.4539509447175927e-06,-0.14928707420479467,-7.732144958123289,0.06891212745912006,121.0,0.3289797992884189,-7.873532574782374,-0.7114130285387343,7.599136261622203,7.733893014857845,7.912449141174536,0.13475675323564218,1.0867534640096446,0.19824823149687285,0.18588620273782383,0.8337003872699053,0.31330239178407915,5.711032017073537,8,7.0,2.2440633884852814,True,3.0051227133726015,,1
124.7,0,-0.019802101055464493,-7.599110077853063,1.2254074409599044e-06,-0.1591836817852751,-7.729598215672656,0.06717867368685256,121.0,0.3289797992884189,-7.873532574782374,-0.7114130285387343,7.59913587840984,7.7315290204768,7.912449141174536,0.1323931420669595,1.144423738345968,0.20240352940524228,0.19093029921509513,0.8337003872699053,0.31330239178407915,5.711032017073537,8,7.0,2.2440633884852814,True,3.0051227133726015,,1
124.80000000000001,0,-0.02014860988622924,-7.599108825637426,1.3218499641451545e-06,-0.16658654595832087,-7.727791114774421,0.07130271648291085,121.0,0.3289797992884189,-7.873532574782374,-0.7114130285387343,7.59913553704385,7.729915307961573,7.912449141174536,0.13077977091772297,1.205069275817907,0.20757429883103137,0.19494409623938633,0.8337003872699053,0.31330239178407915,5.711032017073537,8,7.0,2.2440633884852814,True,3.0051227133726015,,1
124.9,0,-0.020496951178795752,-7.59910755873252,1.5138806152375094e-06,-0.17845260293701182,-7.727204820079062,0.07214893167636363,121.0,0.3289797992884189,-7.873532574782374,-0.7114130285387343,7.599135201731553,7.729601874048243,7.912449141174536,0.1304666723166905,1.2849771226727273,0.215787270665907,0.20336886754576555,0.8337003872699053,0.31330239178407915,5.711032017073537,8,7.0,2.2440633884852814,True,3.0051227133726015,,1
125.00000000000001,0,-0.02084714535235011,-7.599106216045635,1.3313556267332657e-06,-0.1870848381190164,-7.724710082085002,0.0734126816766346,121.0,0.3289797992884189,-7.873532574782374,-0.7114130285387343,7.599134811688401,7.727323987691382,7.912449141174536,0.12818917600298096,1.3452231382989988,0.2209084154494201,0.20835378964736842,0.8337003872699053,0.31330239178407915,5.711032017073537,8,7.0,2.2440633884852814,True,3.0051227133726015,,1
125.10000000000001,0,-0.021199217241779134,-7.599104871126577,1.307936645233707e-06,-0.19534435209740733,-7.777581216721809,0.07085717467909658,121.0,0.3289797992884189,-7.873532574782374,-0.7114130285387343,7.599134440789493,7.780356658778809,7.912449141174536,0.18122221798931548,1.3812557194187645,0.25923134027878986,0.24935984827336122,0.8337003872699053,0.31330239178407915,5.711032017073537,8,7.0,2.2440633884852814,True,3.0051227133726015,,1
125.2,0,-0.021553189232498767,-7.599103532558884,1.541174443577595e-06,-0.20564080584695205,-7.775392828241984,0.0701523714675425,121.0,0.3289797992884189,-7.873532574782374,-0.7114130285387343,7.599134097942828,7.778428062901192,7.912449141174536,0.17929396495836336,1.4478140826595505,0.2643620724575385,0.25488461382208555,0.8337003872699053,0.31330239178407915,5.711032017073537,8,7.0,2.2440633884852814,True,3.0051227133726015,,1
125.30000000000001,0,-0.02190907225582606,-7.599102122173596,1.4477952084908102e-06,-0.21340694075037947,-7.776908085196413,0.06699655289104614,121.0,0.3289797992884189,-7.873532574782374,-0.7114130285387343,7.599133705276704,7.78012406238185,7.912449141174536,0.18099035710514588,1.4906753937362465,0.2697679340307722,0.26131665489292627,0.8337003872699053,0.31330239178407915,5.711032017073537,8,7.0,2.2440633884852814,True,3.0051227133726015,,1
125.4,0,-0.022266931273212852,-7.599100689858236,1.3775911472656472e-06,-0.222660978634937,-7.77582889374243,0.0709517262989074,121.0,0.3289797992884189,-7.873532574782374,-0.7114130285387343,7.5991333131373695,7.779339756279518,7.912449141174536,0.18020644314214884,1.5622956451835093,0.2764499669884206,0.2671902548113349,0.8337003872699053,0.31330239178407915,5.711032017073537,8,7.0,2.2440633884852814,True,3.0051227133726015,,1
125.50000000000001,0,-0.022662782384080902,-7.599099099266796,1.4281431431547583e-06,-0.3321054023719985,-7.714217992673426,-0.003687859126420799,121.0,0.3289797992884189,-7.873532574782374,-0.7114130285387343,7.599132892783548,7.721364311899551,7.912449141174536,0.12223141911600255,2.2944135158677663,0.33018283650836705,0.33016222479889135,0.8337003872699053,0.31330239178407915,5.711032017073537,8,7.0,2.2440633884852814,True,3.0051227133726015,,1
125.60000000000001,0,-0.02298847672452079,-7.599097780200199,1.5471440815875996e-06,-0.3453811637989864,-7.710127348538036,-0.007203736588148162,121.0,0.3289797992884189,-7.873532574782374,-0.7114130285387343,7.599132552015928,7.717862642778901,7.912449141174536,0.11873009076297336,2.392163868990948,0.3410520866935761,0.34097596649086664,0.8337003872699053,0.31330239178407915,5.711032017073537,8,7.0,2.2440633884852814,True,3.0051227133726015,,1
125.7,0,-0.023352272845829306,-7.599096259241079,1.4302021446251535e-06,-0.3568223711199324,-7.711513838124579,-0.01190794851345385,121.0,0.3289797992884189,-7.873532574782374,-0.7114130285387343,7.599132140307923,7.719773939653694,7.912449141174536,0.1206417993457718,2.4747718027769627,0.3521105675584865,0.35190910543060394,0.8337003872699053,0.31330239178407915,5.711032017073537,8,7.0,2.2440633884852814,True,3.0051227133726015,,1
125.80000000000001,0,-0.023718113779507156,-7.599094742593053,1.546514327755165e-06,-0.37043888450342755,-7.707475654225564,-0.012156949996283872,121.0,0.3289797992884189,-7.873532574782374,-0.7114130285387343,7.599131756709383,7.716382165177224,7.912449141174536,0.11725040846784118,2.574401333184535,0.36346876605161293,0.36326535047769637,0.8337003872699053,0.31330239178407915,5.711032017073537,8,7.0,2.2440633884852814,True,3.0051227133726015,,1
125.9,0,-0.024086008714743267,-7.599093188108344,1.6069544709224572e-06,-0.3808585052956203,-7.706188935756562,-0.016921042645495776,121.0,0.3289797992884189,-7.873532574782374,-0.7114130285387343,7.59913135939714,7.7156132249042315,7.912449141174536,0.11648186550709116,2.650768740317104,0.37288401621732997,0.3724998167528177,0.8337003872699053,0.31330239178407915,5.711032017073537,8,7.0,2.2440633884852814,True,3.0051227133726015,,1
126.00000000000001,0,-0.024455978448441884,-7.599091587436808,1.5323735444961475e-06,-0.39334468564857034,-7.70130593738942,-0.019580389463927768,121.0,0.3289797992884189,-7.873532574782374,-0.7114130285387343,7.599130940386347,7.711369306073277,7.912449141174536,0.11223836568693013,2.743309862326484,0.3832885379174102,0.38278799829150484,0.8337003872699053,0.31330239178407915,5.711032017073537,8,7.0,2.2440633884852814,True,3.0051227133726015,,1
126.10000000000001,0,-0.024828046617990294,-7.599089972301396,1.568006398877739e-06,-0.4688416663217939,-7.734602748932414,-0.01871003366604793,121.0,0.3289797992884189,-7.873532574782374,-0.7114130285387343,7.59913053178013,7.7488219915824645,7.912449141174536,0.14969145980233467,3.2845177234476064,0.4646094393680248,0.46423249252149723,0.8337003872699053,0.31330239178407915,5.711032017073537,8,7.0,2.2440633884852814,True,3.0051227133726015,,1
126.2,0,-0.0252022397004222,-7.599088330507195,1.6387265509034365e-06,-0.4813342119789379,-7.730985710241054,-0.01757839746536921,121.0,0.3289797992884189,-7.873532574782374,-0.7114130285387343,7.5991301217796785,7.745975192035552,7.912449141174536,0.1468450702558739,3.3751424838017385,0.4751445596740592,0.4748192234054413,0.8337003872699053,0.31330239178407915,5.711032017073537,8,7.0,2.2440633884852814,True,3.0051227133726015,,1
126.30000000000001,0,-0.025578574992751114,-7.59908664805702,1.634969003039378e-06,-0.4951934758504927,-7.727713899542155,-0.02011904561526841,121.0,0.3289797992884189,-7.873532574782374,-0.7114130285387343,7.599129696760006,7.743589830801886,7.912449141174536,0.1444601340418803,3.476839797297688,0.48732737119868497,0.48691182459686333,0.8337003872699053,0.31330239178407915,5.711032017073537,8,7.0,2.2440633884852814,True,3.0051227133726015,,1
126.4,0,-0.025957072807207944,-7.599084935498416,1.639863503909929e-06,-0.5076364535718907,-7.72374699503781,-0.022074005383097985,121.0,0.3289797992884189,-7.873532574782374,-0.7114130285387343,7.599129267656287,7.740442472757245,7.912449141174536,0.1413132051009578,3.5683339318997143,0.49803914409964345,0.49754965073091106,0.8337003872699053,0.31330239178407915,5.711032017073537,8,7.0,2.2440633884852814,True,3.0051227133726015,,1
126.50000000000001,0,-0.026337780651196414,-7.599083192590725,1.6582112749814216e-06,-0.5221805824711901,-7.720971713618656,-0.02631930831156297,121.0,0.3289797992884189,-7.873532574782374,-0.7114130285387343,7.599128834715676,7.738654241481484,7.912449141174536,0.1395254067658085,3.6756862256552774,0.5112823964833665,0.5106044414956435,0.8337003872699053,0.31330239178407915,5.711032017073537,8,7.0,2.2440633884852814,True,3.0051227133726015,,1
126.60000000000001,0,-0.026720693092763058,-7.599081421950081,1.705799950874979e-06,-0.5165911881693267,-7.718357081345764,-0.026425619092212454,121.0,0.3289797992884189,-7.873532574782374,-0.7114130285387343,7.599128400867374,7.735670675784932,7.912449141174536,0.13654227491755755,3.632908473093691,0.5048744283203384,0.5041822932936385,0.8337003872699053,0.31330239178407915,5.711032017073537,8,7.0,2.2440633884852814,True,3.0051227133726015,,1
126.7,0,-0.02710586558200594,-7.599079616989498,1.7450673674916043e-06,-0.5290897278793651,-7.717192160006254,-0.024517030903324487,121.0,0.3289797992884189,-7.873532574782374,-0.7114130285387343,7.5991279600555,7.735346912673909,7.912449141174536,0.13621895261840855,3.722108269520277,0.5162746761172391,0.5156921279454042,0.8337003872699053,0.31330239178407915,5.711032017073537,8,7.0,2.2440633884852814,True,3.0051227133726015,,1
126.80000000000001,0,-0.02749331957758698,-7.599077767410314,1.7011580947414746e-06,-0.5414037406185985,-7.713410042565057,-0.024807237665680604,121.0,0.3289797992884189,-7.873532574782374,-0.7114130285387343,7.5991275024027605,7.732427037750818,7.912449141174536,0.1332995353480575,3.812136396399582,0.5270590796506321,0.5264748711919778,0.8337003872699053,0.31330239178407915,5.711032017073537,8,7.0,2.2440633884852814,True,3.0051227133726015,,1
126.9,0,-0.027883054350513872,-7.599075895686278,1.733742847442156e-06,-0.552550237197809,-7.7133069536902035,-0.02776405543053737,121.0,0.3289797992884189,-7.873532574782374,-0.7114130285387343,7.599127050729125,7.733122704913388,7.912449141174536,0.13399565418426285,3.8926382532028057,0.5376758562721913,0.5369584596312952,0.8337003872699053,0.31330239178407915,5.711032017073537,8,7.0,2.2440633884852814,True,3.0051227133726015,,1
127.00000000000001,0,-0.028275152033570127,-7.599074001726823,1.862744979036673e-06,-0.5639475568018678,-7.709364109645041,-0.027624783167514575,121.0,0.3289797992884189,-7.873532574782374,-0.7114130285387343,7.599126605600574,7.730012609986541,7.912449141174536,0.13088600438596654,3.975869872758764,0.5476057566344947,0.5469084321299711,0.8337003872699053,0.31330239178407915,5.711032017073537,8,7.0,2.2440633884852814,True,3.0051227133726015,,1
127.10000000000001,0,-0.028669598201491626,-7.5990720427326375,1.7791639732319866e-06,-0.41230343171865513,-7.708622867176456,-0.019450013700314392,121.0,0.3289797992884189,-7.873532574782374,-0.7114130285387343,7.599126124529384,7.7196657266487705,7.912449141174536,0.1205396021193863,2.8490991198154507,0.3994429541261558,0.39896904811701256,0.8337003872699053,0.31330239178407915,5.711032017073537,8,7.0,2.2440633884852814,True,3.0051227133726015,,1
127.2,0,-0.02906642297759025,-7.599070060882691,1.7718255450237042e-06,-0.420461997611219,-7.705058974643396,-0.020713115664822725,121.0,0.3289797992884189,-7.873532574782374,-0.7114130285387343,7.599125650175257,7.7165504681385,7.912449141174536,0.11742481796324356,2.9084211406260665,0.40602124605333306,0.40549247302873903,0.8337003872699053,0.31330239178407915,5.711032017073537,8,7.0,2.2440633884852814,True,3.0051227133726015,,1
127.30000000000001,0,-0.029465682573935854,-7.5990680664690995,1.953189945007182e-06,-0.425699108310871,-7.7031227761651575,-0.026077484974732047,121.0,0.3289797992884189,-7.873532574782374,-0.7114130285387343,7.59912519342087,7.714920626339177,7.912449141174536,0.11579543291830685,2.9473295343659616,0.4104978043499666,0.4096685370896308,0.8337003872699053,0.31330239178407915,5.711032017073537,8,7.0,2.2440633884852814,True,3.0051227133726015,,1
127.4,0,-0.029867384619108945,-7.5990659999633365,1.8926950415299206e-06,-0.4337837574310717,-7.699856741476933,-0.02611868028442681,121.0,0.3289797992884189,-7.873532574782374,-0.7114130285387343,7.599124695151827,7.712110241233497,7.912449141174536,0.11298554608166977,3.0055125762202977,0.41712047915825085,0.41630182536284066,0.8337003872699053,0.31330239178407915,5.711032017073537,8,7.0,2.2440633884852814,True,3.0051227133726015,,1
127.50000000000001,0,-0.03027155783155835,-7.599063896256892,1.8039326092175081e-06,-0.4427982392423801,-7.699042972381261,-0.029284144043874874,121.0,0.3289797992884189,-7.873532574782374,-0.7114130285387343,7.599124190761182,7.711821479543067,7.912449141174536,0.11269728878188534,3.0711180201024186,0.42547825477618645,0.4244691726598153,0.8337003872699053,0.31330239178407915,5.711032017073537,8,7.0,2.2440633884852814,True,3.0051227133726015,,1
127.60000000000001,0,-0.030678257454741488,-7.599061795196326,2.016784127857216e-06,-0.45107258479854156,-7.694944300074156,-0.03199091766008465,121.0,0.3289797992884189,-7.873532574782374,-0.7114130285387343,7.599123720712602,7.708220136763955,7.912449141174536,0.10909641605135256,3.132524381733916,0.43237529191530455,0.4311900337490341,0.8337003872699053,0.31330239178407915,5.711032017073537,8,7.0,2.2440633884852814,True,3.0051227133726015,,1
127.7,0,-0.031087489873488503,-7.599059624006271,2.0272457652694197e-06,-0.45810260828921984,-7.693535812026002,-0.03328801328791277,121.0,0.3289797992884189,-7.873532574782374,-0.7114130285387343,7.599123212662963,7.707234223927324,7.912449141174536,0.10811101126436107,3.1828193157877775,0.43860675810693395,0.4373415844146776,0.8337003872699053,0.31330239178407915,5.711032017073537,8,7.0,2.2440633884852814,True,3.0051227133726015,,1
127.80000000000001,0,-0.03149930063069212,-7.599057396111772,1.8780158425877394e-06,-0.17051714304836973,-7.7632003802223295,-0.009064006595321108,121.0,0.3289797992884189,-7.873532574782374,-0.7114130285387343,7.59912268063523,7.765078131981227,7.912449141174536,0.16595545134599643,1.0229785289785382,0.21529298643236827,0.21510202170873471,0.8337003872699053,0.31330239178407915,5.711032017073537,8,7.0,2.2440633884852814,True,3.0051227133726015,,1
127.9,0,-0.03191372218233081,-7.59905517365561,2.052440394425823e-06,-0.17176982427492912,-7.763681026797749,-0.011489702668757623,121.0,0.3289797992884189,-7.873532574782374,-0.7114130285387343,7.599122187327286,7.76558947998529,7.912449141174536,0.16646729265800442,1.0303212555062458,0.2163179633104962,0.21601250152551923,0.8337003872699053,0.31330239178407915,5.711032017073537,8,7.0,2.2440633884852814,True,3.0051227133726015,,1
128.0,0,-0.03233077345076574,-7.599052895788186,2.1569369431809194e-06,-0.17271041162256442,-7.762183746908728,-0.011766278867842123,121.0,0.3289797992884189,-7.873532574782374,-0.7114130285387343,7.599121672397633,7.764113848493932,7.912449141174536,0.16499217609629913,1.0345176294807972,0.21553796297137273,0.21521644314633,0.8337003872699053,0.31330239178407915,5.711032017073537,8,7.0,2.2440633884852814,True,3.0051227133726015,,1
128.1,0,-0.03275049803838163,-7.599050540704939,1.980332518479284e-06,-0.19286211475398515,-7.398174265627046,0.005579207878836591,121.0,0.3289797992884189,-7.873532574782374,-0.7114130285387343,7.599121114662781,7.400689791327171,7.912449141174536,0.1984313233356101,1.247113520542254,0.2569399018516919,0.256879364092279,0.8337003872699053,0.31330239178407915,5.711032017073537,8,7.0,2.2440633884852814,True,3.0051227133726015,,1
128.20000000000002,0,-0.03317292005942982,-7.599048186230747,2.0863760426515303e-06,-0.1955522689233129,-7.391445360830302,0.0030413817849709217,121.0,0.3289797992884189,-7.873532574782374,-0.7114130285387343,7.5991205924953205,7.394032354677927,7.912449141174536,0.20508823781739327,1.2655975512846809,0.2635815307799262,0.26356400750426157,0.8337003872699053,0.31330239178407915,5.711032017073537,8,7.0,2.2440633884852814,True,3.0051227133726015,,1
128.3,0,-0.033598088824937075,-7.59904579208979,2.2555511671313787e-06,-0.1961906953844359,-7.38679600753844,-0.0018348870749988497,121.0,0.3289797992884189,-7.873532574782374,-0.7114130285387343,7.59912006628763,7.389401153865707,7.912449141174536,0.20971891242192253,1.2681545982996647,0.2673755819870905,0.2673692703919178,0.8337003872699053,0.31330239178407915,5.711032017073537,8,7.0,2.2440633884852814,True,3.0051227133726015,,1
128.4,0,-0.03402602798031813,-7.599043311311625,2.114225432447059e-06,-0.19686031688277503,-7.379478695199674,-0.003551603750289149,121.0,0.3289797992884189,-7.873532574782374,-0.7114130285387343,7.599119489636581,7.3821048767379525,7.912449141174536,0.21701461289862856,1.271850306012549,0.2733793247526384,0.2733562259959658,0.8337003872699053,0.31330239178407915,5.711032017073537,8,7.0,2.2440633884852814,True,3.0051227133726015,,1
128.5,0,-0.034456768942277574,-7.599040812525863,2.1261927325092247e-06,-0.19891958413190053,-7.374207467897273,-0.005039188309861648,121.0,0.3289797992884189,-7.873532574782374,-0.7114130285387343,7.599118931781775,7.3768916336057115,7.912449141174536,0.22222729817606357,1.2859799144384065,0.2786098800991961,0.27856426626000397,0.8337003872699053,0.31330239178407915,5.711032017073537,8,7.0,2.2440633884852814,True,3.0051227133726015,,1
128.6,0,-0.03489036540586278,-7.599038291125968,2.3271334400352547e-06,-0.19837908922627073,-7.367290304740626,-0.0029362255310597025,121.0,0.3289797992884189,-7.873532574782374,-0.7114130285387343,7.599118388839737,7.369961283398159,7.912449141174536,0.22915710544157797,1.2795680809773502,0.2836270916218128,0.28361186859877036,0.8337003872699053,0.31330239178407915,5.711032017073537,8,7.0,2.2440633884852814,True,3.0051227133726015,,1
128.70000000000002,0,-0.03532685749322913,-7.599035683426723,2.2577087707472942e-06,-0.20042443599393645,-7.361183585347715,-0.004660255763448141,121.0,0.3289797992884189,-7.873532574782374,-0.7114130285387343,7.599117797801142,7.3639130528354215,7.912449141174536,0.23520474496572064,1.293768906094986,0.2895730823458251,0.2895355435648331,0.8337003872699053,0.31330239178407915,5.711032017073537,8,7.0,2.2440633884852814,True,3.0051227133726015,,1
128.8,0,-0.03581033888052188,-7.599032778618717,2.267438362704793e-06,-0.20077712624047947,-7.35447101904072,-0.007305159235902036,121.0,0.3289797992884189,-7.873532574782374,-0.7114130285387343,7.59911715601869,7.357214744023903,7.912449141174536,0.24190241199478724,1.295034036777903,0.29508963666037347,0.29499914437121927,0.8337003872699053,0.31330239178407915,5.711032017073537,8,7.0,2.2440633884852814,True,3.0051227133726015,,1
128.9,0,-0.036208689982084194,-7.599030373107285,2.4015262298855145e-06,-0.2008763310592523,-7.350628231253222,-0.01417987195511103,121.0,0.3289797992884189,-7.873532574782374,-0.7114130285387343,7.599116638178613,7.353386142672324,7.912449141174536,0.24573049550628845,1.2970845173795915,0.29836251938992653,0.2980252608347231,0.8337003872699053,0.31330239178407915,5.711032017073537,8,7.0,2.2440633884852814,True,3.0051227133726015,,1
129.0,0,-0.03665402187657536,-7.599027627010665,2.3864080020089673e-06,-0.19787460742849486,-7.34382475272838,-0.016521459207347294,121.0,0.3289797992884189,-7.873532574782374,-0.7114130285387343,7.599116027104518,7.346508648171958,7.912449141174536,0.25260737893256024,1.2735949898603174,0.302313780237626,0.3018618628572409,0.8337003872699053,0.31330239178407915,5.711032017073537,8,7.0,2.2440633884852814,True,3.0051227133726015,,1
129.1,1,-0.03710244519605013,-7.599024833150156,2.348869663615916e-06,-0.06635295757177105,-7.757929166711776,-0.02705162174070897,129.0,0.10626980098506689,-7.871001484022107,-0.27996549637896795,7.599115409459038,7.7582600794852565,7.876695900645292,0.1591446700262189,0.2900693542823438,0.16382337142389555,0.16157406877003727,0.41568249264208784,0.2775799347854555,2.291646883321383,8,7.0,1.9105651943305184,True,1.969358490398756,,1
129.20000000000002,0,-0.037553972575057326,-7.5990220150942065,2.4762122871041824e-06,-0.06251159168130528,-7.757586443147036,-0.029352390963508744,129.0,0.10626980098506689,-7.871001484022107,-0.27996549637896795,7.599114809420155,7.757893830470258,7.876695900645292,0.158779021050103,0.28085140670220604,0.16317864082680122,0.160516543057635,0.41568249264208784,0.2775799347854555,2.291646883321383,8,7.0,1.9105651943305184,True,1.969358490398756,,1
129.3,0,-0.03800862733072642,-7.59901912552826,2.485700904789953e-06,-0.059319144377380506,-7.7577732195621065,-0.030894966658466375,129.0,0.10626980098506689,-7.871001484022107,-0.27996549637896795,7.599114180343787,7.7580615224429295,7.876695900645292,0.1589473420991423,0.27391290849073635,0.1631307851743586,0.16017802754842228,0.41568249264208784,0.2775799347854555,2.291646883321383,8,7.0,1.9105651943305184,True,1.969358490398756,,1
129.4,0,-0.03846646005194716,-7.599016184817031,2.503621300177637e-06,-0.056674689166286,-7.758205577287646,-0.03495549937444028,129.0,0.10626980098506689,-7.871001484022107,-0.27996549637896795,7.599113543411915,7.758491328008671,7.876695900645292,0.15937778459675656,0.28838197140285987,0.16399653732958552,0.16022734561442356,0.41568249264208784,0.2775799347854555,2.291646883321383,8,7.0,1.9105651943305184,True,1.969358490398756,,1
129.5,0,-0.038927498990391746,-7.59901320077075,2.5741483445614453e-06,-0.05218888311108422,-7.758790671336896,-0.03765063411176004,129.0,0.10626980098506689,-7.871001484022107,-0.27996549637896795,7.59911290715386,7.759057541441089,7.876695900645292,0.15994463428722838,0.29283518506861644,0.16468900540591971,0.16032686739692834,0.41568249264208784,0.2775799347854555,2.291646883321383,8,7.0,1.9105651943305184,True,1.969358490398756,,1
129.6,0,-0.03939180475876411,-7.599010150715689,2.57555541821639e-06,-0.049027689222977656,-7.7598192148737315,-0.03663725387089972,129.0,0.10626980098506689,-7.871001484022107,-0.27996549637896795,7.599112249793976,7.760060582895298,7.876695900645292,0.16094833310132284,0.27822564350744483,0.16521162938843892,0.16109750272674378,0.41568249264208784,0.2775799347854555,2.291646883321383,8,7.0,1.9105651943305184,True,1.969358490398756,,1
129.70000000000002,0,-0.039859398841075755,-7.5990070500506555,2.6330469856077158e-06,-0.043485864457084474,-7.761201926313856,-0.04002991576949212,129.0,0.10626980098506689,-7.871001484022107,-0.27996549637896795,7.599111587442474,7.761426979337111,7.876695900645292,0.16231539189463717,0.29623627783005246,0.16710156822616173,0.16223541271528516,0.41568249264208784,0.2775799347854555,2.291646883321383,8,7.0,1.9105651943305184,True,1.969358490398756,,1
129.8,0,-0.04037762147052507,-7.599003582836737,2.7396006670345225e-06,-0.039863822281425744,-7.7613321884216235,-0.044603871515405305,129.0,0.10626980098506689,-7.871001484022107,-0.27996549637896795,7.599110856165258,7.76156272722901,7.876695900645292,0.1624518710637517,0.32944451425104937,0.168346636247954,0.16232941871620324,0.41568249264208784,0.2775799347854555,2.291646883321383,8,7.0,1.9105651943305184,True,1.969358490398756,,1
129.9,0,-0.04080472584610807,-7.599000671932522,2.6690287501768347e-06,-0.03606931509492813,-7.762817251577199,-0.05000781589544854,129.0,0.10626980098506689,-7.871001484022107,-0.27996549637896795,7.599110226710061,7.763062118682719,7.876695900645292,0.16395189197265836,0.3714277991882452,0.17134568708846062,0.16388500810465598,0.41568249264208784,0.2775799347854555,2.291646883321383,8,7.0,1.9105651943305184,True,1.969358490398756,,1
130.0,0,-0.04128254312405567,-7.5989974003148015,2.7425309292923673e-06,-0.03511591143354525,-7.76350055645582,-0.050784174437036304,129.0,0.10626980098506689,-7.871001484022107,-0.27996549637896795,7.599109535884151,7.7637460706606625,7.876695900645292,0.16463653477651174,0.37841057935639744,0.17227485789247846,0.16461869798647605,0.41568249264208784,0.2775799347854555,2.291646883321383,8,7.0,1.9105651943305184,True,1.969358490398756,,1
130.1,0,-0.041763877638005,-7.598994082677867,2.922709072501694e-06,-0.13967047218701178,-7.6660973159626655,-0.03174616124590615,129.0,0.10626980098506689,-7.871001484022107,-0.27996549637896795,7.5991088484148674,7.667435276372718,7.876695900645292,0.06832642795785038,0.7665156132534884,0.12286801660903474,0.11869517754929117,0.41568249264208784,0.2775799347854555,2.291646883321383,8,7.0,1.9105651943305184,True,1.969358490398756,,1
130.20000000000002,0,-0.04224876442794852,-7.598990668955611,2.8200541788269912e-06,-0.137376808530064,-7.665646843991548,-0.03282108620509206,129.0,0.10626980098506689,-7.871001484022107,-0.27996549637896795,7.599108115099961,7.66694796826085,7.876695900645292,0.06783985316088881,0.7494237432077951,0.12070542352037464,0.11615674946001033,0.41568249264208784,0.2775799347854555,2.291646883321383,8,7.0,1.9105651943305184,True,1.969358490398756,,1
130.3,0,-0.04273726975075436,-7.598987207775743,2.8373842238103223e-06,-0.13589456996469426,-7.6661484743584944,-0.03439685318867833,129.0,0.10626980098506689,-7.871001484022107,-0.27996549637896795,7.59910738561926,7.667430006760038,7.876695900645292,0.06832262114077814,0.7394367406031839,0.11988434853499803,0.11484301594850892,0.41568249264208784,0.2775799347854555,2.291646883321383,8,7.0,1.9105651943305184,True,1.969358490398756,,1
130.4,0,-0.04322944476634365,-7.598983710979959,3.0969849661556152e-06,-0.13125397557773746,-7.665812217640372,-0.03441372978034431,129.0,0.10626980098506689,-7.871001484022107,-0.27996549637896795,7.599106672803267,7.667013034228307,7.876695900645292,0.06790636142503992,0.7036657479001027,0.11575355412090081,0.11051862886874286,0.41568249264208784,0.2775799347854555,2.291646883321383,8,7.0,1.9105651943305184,True,1.969358490398756,,1
130.5,0,-0.04372540583407247,-7.598980109979203,3.0601184648650394e-06,-0.12773076345565784,-7.666711467037655,-0.04421673710099613,129.0,0.10626980098506689,-7.871001484022107,-0.27996549637896795,7.59910590944647,7.6679029067000775,7.876695900645292,0.06879699725360755,0.7067882203106833,0.1166182974675941,0.10790939179751692,0.41568249264208784,0.2775799347854555,2.291646883321383,8,7.0,1.9105651943305184,True,1.969358490398756,,1
130.6,0,-0.0442250503946164,-7.598976430112665,2.908754365893636e-06,-0.1262054447896044,-7.667293320967534,-0.04415692116661341,129.0,0.10626980098506689,-7.871001484022107,-0.27996549637896795,7.599105121032258,7.668459070617435,7.876695900645292,0.06935394958517715,0.6931324292224137,0.11549057632501329,0.10671449124291368,0.41568249264208784,0.2775799347854555,2.291646883321383,8,7.0,1.9105651943305184,True,1.969358490398756,,1
130.70000000000002,0,-0.044728623764060726,-7.598972742893063,3.2629699533647892e-06,-0.12410774446124444,-7.667449349362145,-0.051245615374552154,129.0,0.10626980098506689,-7.871001484022107,-0.27996549637896795,7.599104381242976,7.668624933478254,7.876695900645292,0.06952055223527775,0.7034245119138013,0.11668992230586776,0.10483363218061047,0.41568249264208784,0.2775799347854555,2.291646883321383,8,7.0,1.9105651943305184,True,1.969358490398756,,1
130.8,0,-0.045236074095973924,-7.598968937808422,3.266782633991794e-06,-0.12116486147120986,-7.666961956367617,-0.05069540418212243,129.0,0.10626980098506689,-7.871001484022107,-0.27996549637896795,7.599103580040711,7.6680868923121155,7.876695900645292,0.06898331227140453,0.6796799766162003,0.11383578770605228,0.10192267326294364,0.41568249264208784,0.2775799347854555,2.291646883321383,8,7.0,1.9105651943305184,True,1.969358490398756,,1
130.9,0,-0.045747433992011144,-7.59896504205788,3.0515896651127416e-06,-0.11393159665371329,-7.668412629125099,-0.05419659605230257,129.0,0.10626980098506689,-7.871001484022107,-0.27996549637896795,7.599102745597264,7.6694504320886665,7.876695900645292,0.07034768649140233,0.6482699436535889,0.11139860498161495,0.0973244439354083,0.41568249264208784,0.2775799347854555,2.291646883321383,8,7.0,1.9105651943305184,True,1.969358490398756,,1
131.0,0,-0.046262872357714105,-7.598961144973419,3.3554673626527374e-06,-0.10937461268340329,-7.667794021071553,-0.05503691181553838,129.0,0.10626980098506689,-7.871001484022107,-0.27996549637896795,7.599101969060936,7.668771545504696,7.876695900645292,0.06966957644376048,0.6233033268722051,0.10839966615009236,0.09338659753346995,0.41568249264208784,0.2775799347854555,2.291646883321383,8,7.0,1.9105651943305184,True,1.969358490398756,,1
131.1,0,-0.04678241417057705,-7.598957148425669,3.4826492015002043e-06,-0.17037021586308226,-7.449684975086227,-0.06554751857381068,129.0,0.10626980098506689,-7.871001484022107,-0.27996549637896795,7.599101153287626,7.451921142609462,7.876695900645292,0.14718001067816466,1.0819168556597731,0.20458020486353404,0.19379403102434867,0.41568249264208784,0.2775799347854555,2.291646883321383,8,7.0,1.9105651943305184,True,1.969358490398756,,1
131.20000000000002,0,-0.04730610360803281,-7.59895303611478,3.238112426917559e-06,-0.1667954610062556,-7.446850990459912,-0.06406885034059585,129.0,0.10626980098506689,-7.871001484022107,-0.27996549637896795,7.599100283094512,7.448994242010798,7.876695900645292,0.15010604108371428,1.049342404373843,0.20375959202591643,0.19342372869902993,0.41568249264208784,0.2775799347854555,2.291646883321383,8,7.0,1.9105651943305184,True,1.969358490398756,,1
131.3,0,-0.0478339710426395,-7.598948903840493,3.4268304707490966e-06,-0.16306518816208987,-7.44522862140826,-0.07017099709950582,129.0,0.10626980098506689,-7.871001484022107,-0.27996549637896795,7.599099455328644,7.447344724763385,7.876695900645292,0.15175473056525934,1.0443875769985178,0.20453021391417814,0.19211496201461092,0.41568249264208784,0.2775799347854555,2.291646883321383,8,7.0,1.9105651943305184,True,1.969358490398756,,1
131.4,0,-0.0483661116305936,-7.59894469508358,3.7058595669453663e-06,-0.1600164231253964,-7.44219570230758,-0.07304512805876559,129.0,0.10626980098506689,-7.871001484022107,-0.27996549637896795,7.59909861494815,7.444274156547996,7.876695900645292,0.1548244584001539,1.0333884347250215,0.20584501677234077,0.19244749619877397,0.41568249264208784,0.2775799347854555,2.291646883321383,8,7.0,1.9105651943305184,True,1.969358490398756,,1
131.5,0,-0.048902565475596,-7.598940342471482,3.4737208337020886e-06,-0.15621780941983598,-7.439112658242856,-0.08139059736410054,129.0,0.10626980098506689,-7.871001484022107,-0.27996549637896795,7.599097695737486,7.441197858903385,7.876695900645292,0.15789983683410114,1.0434560275277025,0.2090130259971286,0.1925135066136842,0.41568249264208784,0.2775799347854555,2.291646883321383,8,7.0,1.9105651943305184,True,1.969358490398756,,1
131.6,0,-0.049443424710352527,-7.598935955119626,3.5614311952198153e-06,-0.15197085537200522,-7.436684097554423,-0.08274640333691917,129.0,0.10626980098506689,-7.871001484022107,-0.27996549637896795,7.599096808323315,7.438696960823618,7.876695900645292,0.16039984749969705,1.0212114320476664,0.20900979879078196,0.191931079613071,0.41568249264208784,0.2775799347854555,2.291646883321383,8,7.0,1.9105651943305184,True,1.969358490398756,,1
131.70000000000002,0,-0.04998877654575747,-7.598931503313147,3.890626908336349e-06,-0.1486900701507858,-7.433528847876986,-0.08409405995100028,129.0,0.10626980098506689,-7.871001484022107,-0.27996549637896795,7.599095924505801,7.435491354315452,7.876695900645292,0.16360457019034857,1.0056383296296507,0.2101724270118316,0.19261356074959862,0.41568249264208784,0.2775799347854555,2.291646883321383,8,7.0,1.9105651943305184,True,1.969358490398756,,1
131.8,0,-0.05053867656211675,-7.598926908914108,3.791762576651157e-06,-0.14574484655381226,-7.429301880878792,-0.08414444937208831,129.0,0.10626980098506689,-7.871001484022107,-0.27996549637896795,7.5990949674854,7.431207727273292,7.876695900645292,0.16788724021210832,0.9862498511013992,0.21193817831275033,0.19451700424505164,0.41568249264208784,0.2775799347854555,2.291646883321383,8,7.0,1.9105651943305184,True,1.969358490398756,,1
131.9,0,-0.051093214114309574,-7.598922240488708,3.728619156037894e-06,-0.1415638153682437,-7.42547649756713,-0.08716249568656936,129.0,0.10626980098506689,-7.871001484022107,-0.27996549637896795,7.599094007415381,7.427337263811153,7.876695900645292,0.1717567436042282,0.9756649530443428,0.21416420356488708,0.19562299309862927,0.41568249264208784,0.2775799347854555,2.291646883321383,8,7.0,1.9105651943305184,True,1.969358490398756,,1
132.0,0,-0.051652589985712524,-7.598917525872137,4.07408046541292e-06,-0.139413049731053,-7.422512347518113,-0.08773786400761505,129.0,0.10626980098506689,-7.871001484022107,-0.27996549637896795,7.599093074510638,7.4243399356626165,7.876695900645292,0.1747531388480219,0.9643073789121716,0.21568340906124667,0.19702965574965745,0.41568249264208784,0.2775799347854555,2.291646883321383,8,7.0,1.9105651943305184,True,1.969358490398756,,1
132.1,0,-0.052216641021210757,-7.598912670879894,4.0987295874655514e-06,-0.21832322773021332,-7.304994076100169,-0.06034722086045015,129.0,0.10626980098506689,-7.871001484022107,-0.27996549637896795,7.5990920745359665,7.308504995598668,7.876695900645292,0.29058707893729885,1.4004991662116482,0.3429603771307449,0.33760855810450646,0.41568249264208784,0.2775799347854555,2.291646883321383,8,7.0,1.9105651943305184,True,1.969358490398756,,1
132.20000000000002,0,-0.05278563746286069,-7.598907721560821,4.014735167409106e-06,-0.21669302711793326,-7.2988684334161125,-0.062163592466398535,129.0,0.10626980098506689,-7.871001484022107,-0.27996549637896795,7.599091056457683,7.302348977455682,7.876695900645292,0.29674207900200056,1.390858071904062,0.34749678876083395,0.341890635750562,0.41568249264208784,0.2775799347854555,2.291646883321383,8,7.0,1.9105651943305184,True,1.969358490398756,,1
132.3,0,-0.05335963571196613,-7.598902710645887,4.204300262784827e-06,-0.21356328388346088,-7.293655271220162,-0.06288842606584122,129.0,0.10626980098506689,-7.871001484022107,-0.27996549637896795,7.599090054513264,7.297052243594928,7.876695900645292,0.3020378109183355,1.3671453325196667,0.3504235881298303,0.34473353211345364,0.41568249264208784,0.2775799347854555,2.291646883321383,8,7.0,1.9105651943305184,True,1.969358490398756,,1
132.4,0,-0.053938740890978,-7.598897590213305,4.3657444312969455e-06,-0.21033168320332501,-7.287029723470106,-0.06296741596387535,129.0,0.10626980098506689,-7.871001484022107,-0.27996549637896795,7.5990890226616985,7.290336515084136,7.876695900645292,0.30875250757756234,1.3412572784338015,0.3545218808530521,0.3488843916142811,0.41568249264208784,0.2775799347854555,2.291646883321383,8,7.0,1.9105651943305184,True,1.969358490398756,,1
132.5,0,-0.05452300367743527,-7.59889235565756,4.351720829111845e-06,-0.207808769857092,-7.280382621727851,-0.06978366868180534,129.0,0.10626980098506689,-7.871001484022107,-0.27996549637896795,7.599087957828877,7.283682129527695,7.876695900645292,0.3154058283011816,1.3413582974209184,0.36029896546198514,0.35347556736110947,0.41568249264208784,0.2775799347854555,2.291646883321383,8,7.0,1.9105651943305184,True,1.969358490398756,,1
132.6,0,-0.055112513619156964,-7.5988870306001015,4.417513011083001e-06,-0.20664772618191482,-7.273254660760964,-0.06988182453283749,129.0,0.10626980098506689,-7.871001484022107,-0.27996549637896795,7.599086885475081,7.276525277384617,7.876695900645292,0.32256160809046364,1.330977066423657,0.3659008714949776,0.3591648102661133,0.41568249264208784,0.2775799347854555,2.291646883321383,8,7.0,1.9105651943305184,True,1.969358490398756,,1
132.70000000000002,0,-0.05570734318258222,-7.598881599765384,4.568733090955338e-06,-0.2026327807106743,-7.2674006811976435,-0.0730220358087974,129.0,0.10626980098506689,-7.871001484022107,-0.27996549637896795,7.599085792077772,7.270591786271883,7.876695900645292,0.32849400580588917,1.310236691952457,0.3698642569081952,0.36258334706289813,0.41568249264208784,0.2775799347854555,2.291646883321383,8,7.0,1.9105651943305184,True,1.969358490398756,,1
132.8,0,-0.05630760859333112,-7.598876061053792,4.690441066430378e-06,-0.19806670078015984,-7.260760174632111,-0.07453465180598653,129.0,0.10626980098506689,-7.871001484022107,-0.27996549637896795,7.599084677647952,7.263843620687432,7.876695900645292,0.33524105696052064,1.2809267075713313,0.37413113531351044,0.36663059456127356,0.41568249264208784,0.2775799347854555,2.291646883321383,8,7.0,1.9105651943305184,True,1.969358490398756,,1
132.9,0,-0.056913415048431004,-7.598870403791273,4.702143384486721e-06,-0.19551349845830412,-7.254042374106372,-0.07920280999844095,129.0,0.10626980098506689,-7.871001484022107,-0.27996549637896795,7.599083533588082,7.257108885673541,7.876695900645292,0.34197464791454113,1.2781715386427037,0.37998708288215854,0.37164008553652417,0.41568249264208784,0.2775799347854555,2.291646883321383,8,7.0,1.9105651943305184,True,1.969358490398756,,1
133.0,0,-0.05752486963161979,-7.598864631484992,4.770020633276582e-06,-0.1898963698638045,-7.247094967929058,-0.08019035612492538,129.0,0.10626980098506689,-7.871001484022107,-0.27996549637896795,7.59908236554141,7.250025972276622,7.876695900645292,0.3490563932647879,1.2412322837563408,0.38431155138699147,0.37585118101713355,0.41568249264208784,0.2775799347854555,2.291646883321383,8,7.0,1.9105651943305184,True,1.969358490398756,,1
133.1,0,-0.05814204900786411,-7.598858764824587,5.029037689691675e-06,-0.08613859939032897,-7.254261026682253,-0.07684288122372547,129.0,0.10626980098506689,-7.871001484022107,-0.27996549637896795,7.5990811961473055,7.255179372692363,7.876695900645292,0.34390182345494225,0.6533349281133525,0.3541708758179821,0.34573314559950713,0.41568249264208784,0.2775799347854555,2.291646883321383,8,7.0,1.9105651943305184,True,1.969358490398756,,1
133.20000000000002,0,-0.058765076290623816,-7.598852763368211,5.107390625098469e-06,-0.0817719295345012,-7.2467005916053235,-0.07613657553522463,129.0,0.10626980098506689,-7.871001484022107,-0.27996549637896795,7.599079987312031,7.247561858374647,7.876695900645292,0.3515181289373839,0.6353892004779951,0.36102357714183203,0.3529029149405027,0.41568249264208784,0.2775799347854555,2.291646883321383,8,7.0,1.9105651943305184,True,1.969358490398756,,1
133.3,0,-0.05939421311580289,-7.598846622100475,5.104337988991641e-06,-0.07498476873692748,-7.239895926798437,-0.07675243590375208,129.0,0.10626980098506689,-7.871001484022107,-0.27996549637896795,7.599078737504008,7.2406910362777035,7.876695900645292,0.35838770122630415,0.6245944268596104,0.36739677062591963,0.3592891135038635,0.41568249264208784,0.2775799347854555,2.291646883321383,8,7.0,1.9105651943305184,True,1.969358490398756,,1
133.4,0,-0.0600292771153879,-7.598840371912437,5.292522713795397e-06,-0.06755664054336886,-7.233458661734638,-0.07541370841349365,129.0,0.10626980098506689,-7.871001484022107,-0.27996549637896795,7.5990774776906544,7.2341672180094125,7.876695900645292,0.3649102596812419,0.6030069594010892,0.3731601278738731,0.36545923894824395,0.41568249264208784,0.2775799347854555,2.291646883321383,8,7.0,1.9105651943305184,True,1.969358490398756,,1
133.5,0,-0.060670549073978515,-7.598834009603163,5.569833048735508e-06,-0.06114337823533372,-7.226294981929684,-0.07749814129341627,129.0,0.10626980098506689,-7.871001484022107,-0.27996549637896795,7.599076208399127,7.226969187734793,7.876695900645292,0.372107020664334,0.6150704770442279,0.3805159338919879,0.37253932773241155,0.41568249264208784,0.2775799347854555,2.291646883321383,8,7.0,1.9105651943305184,True,1.969358490398756,,1
133.6,0,-0.06131820238368053,-7.5988274537476155,5.332014573593631e-06,-0.055786938548467196,-7.219260562045504,-0.08021417810059148,129.0,0.10626980098506689,-7.871001484022107,-0.27996549637896795,7.599074851177639,7.219921714228384,7.876695900645292,0.3791531369492551,0.6369174381900491,0.3879907085989746,0.3796071919181951,0.41568249264208784,0.2775799347854555,2.291646883321383,8,7.0,1.9105651943305184,True,1.969358490398756,,1
133.70000000000002,0,-0.06197234762406583,-7.598820820958596,5.559634296452358e-06,-0.04697616896607476,-7.212845679769737,-0.08348012379247204,129.0,0.10626980098506689,-7.871001484022107,-0.27996549637896795,7.599073525169684,7.2134817177069275,7.876695900645292,0.3855918074627569,0.6697736786222713,0.39518546826437917,0.38626635239184637,0.41568249264208784,0.2775799347854555,2.291646883321383,8,7.0,1.9105651943305184,True,1.969358490398756,,1
133.8,0,-0.0626331035363827,-7.598814087370115,6.07704606311648e-06,-0.04062900260904918,-7.204990983776011,-0.08474063131019127,129.0,0.10626980098506689,-7.871001484022107,-0.27996549637896795,7.599072209165408,7.2056038446990325,7.876695900645292,0.3934683644663757,0.6901913731622757,0.4034387462296255,0.3944373427835049,0.41568249264208784,0.2775799347854555,2.291646883321383,8,7.0,1.9105651943305184,True,1.969358490398756,,1
133.9,0,-0.06330067920100405,-7.598807110979006,5.842856507731752e-06,-0.03207221154842146,-7.1959479985512615,-0.07994899718048071,129.0,0.10626980098506689,-7.871001484022107,-0.27996549637896795,7.599070764632118,7.196463580589961,7.876695900645292,0.40260718404215723,0.674154547369209,0.41190224338226067,0.4040676696520011,0.41568249264208784,0.2775799347854555,2.291646883321383,8,7.0,1.9105651943305184,True,1.969358490398756,,1
134.0,0,-0.06397489720796798,-7.598800009376811,5.8050365933261e-06,-0.021514468074869265,-7.188239420491676,-0.08136348793239098,129.0,0.10626980098506689,-7.871001484022107,-0.27996549637896795,7.599069309462278,7.188732075673399,7.876695900645292,0.4103372337888791,0.7192007297013125,0.4206944818109074,0.41275039089972465,0.41568249264208784,0.2775799347854555,2.291646883321383,8,7.0,1.9105651943305184,True,1.969358490398756,,1
134.1,0,-0.06465617893015882,-7.598792851295257,6.503473527758332e-06,0.04319104537500075,-7.289570257705888,-0.01773065218303078,129.0,0.10626980098506689,-7.871001484022107,-0.27996549637896795,7.599067917739125,7.289719774069352,7.876695900645292,0.3093481436697738,0.8386468666556671,0.32796988103673236,0.32748990240381975,0.41568249264208784,0.2775799347854555,2.291646883321383,8,7.0,1.9105651943305184,True,1.969358490398756,,1
134.20000000000002,0,-0.06534461734078723,-7.598785436198217,6.386729522668522e-06,0.05023404820866598,-7.2829338761259885,-0.018905162827905414,129.0,0.10626980098506689,-7.871001484022107,-0.27996549637896795,7.59906639163222,7.283131655325509,7.876695900645292,0.3159347363067102,0.9002627453471244,0.33686537761680957,0.336334113539279,0.41568249264208784,0.2775799347854555,2.291646883321383,8,7.0,1.9105651943305184,True,1.969358490398756,,1
134.3,0,-0.06604035695083468,-7.5987778531844326,6.1477253713159935e-06,0.057419310352271075,-7.275925822700195,-0.018707837953164556,129.0,0.10626980098506689,-7.871001484022107,-0.27996549637896795,7.599064823439145,7.276176436689653,7.876695900645292,0.32288838674949183,0.9614501342862597,0.3461588310275574,0.3456526045589539,0.41568249264208784,0.2775799347854555,2.291646883321383,8,7.0,1.9105651943305184,True,1.969358490398756,,1
134.4,0,-0.06674355119748446,-7.59877022525623,6.8755141761155804e-06,0.06720050856221232,-7.2700186004358365,-0.016544052738094256,129.0,0.10626980098506689,-7.871001484022107,-0.27996549637896795,7.599063339511939,7.270348001623791,7.876695900645292,0.32871533788814755,1.0410440993208552,0.3553766666411423,0.35499104491093547,0.41568249264208784,0.2775799347854555,2.291646883321383,8,7.0,1.9105651943305184,True,1.969358490398756,,1
134.5,0,-0.06745432652968605,-7.598762352657282,7.059331897252173e-06,0.075588018316017,-7.262070114675282,-0.012969481940291015,129.0,0.10626980098506689,-7.871001484022107,-0.27996549637896795,7.599061743292986,7.26247506752585,7.876695900645292,0.3365866757671361,1.1096814336656775,0.3660480380492065,0.3658179540923115,0.41568249264208784,0.2775799347854555,2.291646883321383,8,7.0,1.9105651943305184,True,1.969358490398756,,1
134.6,0,-0.06817283284016452,-7.598754232861184,6.6066785071177976e-06,0.08477044237832472,-7.2551243723097185,-0.01464256793784724,129.0,0.10626980098506689,-7.871001484022107,-0.27996549637896795,7.599060035728555,7.2556343685703535,7.876695900645292,0.34342566715820144,1.189085071024918,0.3764142994283276,0.37612913540056725,0.41568249264208784,0.2775799347854555,2.291646883321383,8,7.0,1.9105651943305184,True,1.969358490398756,,1
134.70000000000002,0,-0.06889930810857524,-7.598746064306465,7.188783795957146e-06,0.09685686907346318,-7.246488252120147,-0.012819065767037419,129.0,0.10626980098506689,-7.871001484022107,-0.27996549637896795,7.599058419601899,7.247146857187949,7.876695900645292,0.3519115624139504,1.2892631223033626,0.389519177096709,0.38930794561669896,0.41568249264208784,0.2775799347854555,2.291646883321383,8,7.0,1.9105651943305184,True,1.969358490398756,,1
134.8,0,-0.06963390078671981,-7.598737696224293,7.746870357616992e-06,0.1070563134397868,-7.2393508602330865,-0.012468646439200811,129.0,0.10626980098506689,-7.871001484022107,-0.27996549637896795,7.599056747795667,7.240153133667055,7.876695900645292,0.3589036141286126,1.375817721499152,0.40066693159929495,0.40047263288167306,0.41568249264208784,0.2775799347854555,2.291646883321383,8,7.0,1.9105651943305184,True,1.969358490398756,,1
134.9,0,-0.07037675857436958,-7.5987290146751,7.281284531172998e-06,0.11711581593394522,-7.232844973856236,-0.014923780194868463,129.0,0.10626980098506689,-7.871001484022107,-0.27996549637896795,7.5990549100967595,7.233808488576027,7.876695900645292,0.36524642152073206,1.4630891820335123,0.41139705081417133,0.4111260108795067,0.41568249264208784,0.2775799347854555,2.291646883321383,8,7.0,1.9105651943305184,True,1.969358490398756,,1
135.0,0,-0.07112816084371242,-7.598720241173715,7.5944443640605e-06,0.1268047884608524,-7.224874438646888,-0.01609175240423136,129.0,0.10626980098506689,-7.871001484022107,-0.27996549637896795,7.599053133051894,7.2260050548754275,7.876695900645292,0.373048078176466,1.5470810861419044,0.4233170507507131,0.4230107994925548,0.41568249264208784,0.2775799347854555,2.291646883321383,8,7.0,1.9105651943305184,True,1.969358490398756,,1
135.1,0,-0.07188825373874148,-7.598711311316357,8.389578996654461e-06,0.29530410299864496,-7.698005215977547,0.007539485286442195,129.0,0.10626980098506689,-7.871001484022107,-0.27996549637896795,7.599051356177503,7.703670921210468,7.876695900645292,0.10461956503296488,2.73946074097382,0.3804552848256628,0.380380738667485,0.41568249264208784,0.2775799347854555,2.291646883321383,8,7.0,1.9105651943305184,True,1.969358490398756,,1
135.20000000000002,0,-0.07265723210324114,-7.598702042201904,8.134744655173153e-06,0.30732700122348733,-7.697967645423122,0.006453160019486163,129.0,0.10626980098506689,-7.871001484022107,-0.27996549637896795,7.599049401050532,7.704102634242126,7.876695900645292,0.10505323319159388,2.8344517909792257,0.3927890221360155,0.3927361424159662,0.41568249264208784,0.2775799347854555,2.291646883321383,8,7.0,1.9105651943305184,True,1.969358490398756,,1
135.3,0,-0.0734353224443901,-7.598692600791886,8.120416515474656e-06,0.32328941222512253,-7.697890523765649,-0.005634458513786047,129.0,0.10626980098506689,-7.871001484022107,-0.27996549637896795,7.5990474395135745,7.704678209183079,7.876695900645292,0.10563076966950469,2.9588440923549606,0.4089774831428845,0.4089385565349686,0.41568249264208784,0.2775799347854555,2.291646883321383,8,7.0,1.9105651943305184,True,1.969358490398756,,1
135.4,0,-0.07422274926674859,-7.598683032782745,8.946641364556156e-06,0.33823742540528223,-7.698726680727166,-0.007085655892049877,129.0,0.10626980098506689,-7.871001484022107,-0.27996549637896795,7.599045522254038,7.706156452279212,7.876695900645292,0.10711093002517469,3.075717077675971,0.4244790460901652,0.4244197535276951,0.41568249264208784,0.2775799347854555,2.291646883321383,8,7.0,1.9105651943305184,True,1.969358490398756,,1
135.5,0,-0.07501976460554614,-7.598673140242235,9.032701057799714e-06,0.3560851693116901,-7.700505514480571,-0.010912897429899376,129.0,0.10626980098506689,-7.871001484022107,-0.27996549637896795,7.599043456738609,7.708741850501918,7.876695900645292,0.10969839376330892,3.214245932474767,0.44310335707212434,0.44296873082735877,0.41568249264208784,0.2775799347854555,2.291646883321383,8,7.0,1.9105651943305184,True,1.969358490398756,,1
135.6,0,-0.07582659233082575,-7.598662996451046,8.863601908633952e-06,0.37046872578288564,-7.701949823857113,-0.011715750049272158,129.0,0.10626980098506689,-7.871001484022107,-0.27996549637896795,7.599041321496907,7.710863468172357,7.876695900645292,0.11182214667544965,3.3267130085101755,0.4582413624402526,0.4580913442598861,0.41568249264208784,0.2775799347854555,2.291646883321383,8,7.0,1.9105651943305184,True,1.969358490398756,,1
135.70000000000002,0,-0.07664360901442968,-7.598652705116487,9.564571067234684e-06,0.38420558019373513,-7.7025964782560745,-0.012869725787559466,129.0,0.10626980098506689,-7.871001484022107,-0.27996549637896795,7.599039227156835,7.7121833526269805,7.876695900645292,0.11314412547014552,3.434771544729702,0.4726014804128936,0.4724259552229501,0.41568249264208784,0.2775799347854555,2.291646883321383,8,7.0,1.9105651943305184,True,1.969358490398756,,1
135.8,0,-0.07747065186483779,-7.598642110401786,9.961894548184305e-06,0.39791959126852566,-7.703934357623901,-0.015212834464684905,129.0,0.10626980098506689,-7.871001484022107,-0.27996549637896795,7.599037019515756,7.714219080245631,7.876695900645292,0.11518206072987525,3.5427155356972753,0.4871489239652245,0.48691101917237545,0.41568249264208784,0.2775799347854555,2.291646883321383,8,7.0,1.9105651943305184,True,1.969358490398756,,1
135.9,0,-0.07830829026118451,-7.598631203864568,9.783291476029493e-06,0.4118202248487529,-7.703862755819813,-0.016415947138139403,129.0,0.10626980098506689,-7.871001484022107,-0.27996549637896795,7.599034699273562,7.714879567525508,7.876695900645292,0.11584486825194595,3.652389918400577,0.5015669900132265,0.5012979561605868,0.41568249264208784,0.2775799347854555,2.291646883321383,8,7.0,1.9105651943305184,True,1.969358490398756,,1
136.0,0,-0.0791570441463174,-7.598620123664842,1.0371353642722751e-05,0.4245303715246565,-7.703935834991749,-0.018030310252011253,129.0,0.10626980098506689,-7.871001484022107,-0.27996549637896795,7.599032413505673,7.715645046145181,7.876695900645292,0.11661263263950872,3.7533644958764207,0.5148959875065967,0.5145798400225147,0.41568249264208784,0.2775799347854555,2.291646883321383,8,7.0,1.9105651943305184,True,1.969358490398756,,1
136.1,0,-0.08001663494525475,-7.598608719197905,1.0751065800768611e-05,0.08991182382098169,-7.514418711243405,0.009297624526817856,129.0,0.10626980098506689,-7.871001484022107,-0.27996549637896795,7.59903001240645,7.514962351853111,7.876695900645292,0.08406766055333925,1.2907952301512509,0.18986807145154325,0.1896408145364478,0.41568249264208784,0.2775799347854555,2.291646883321383,8,7.0,1.9105651943305184,True,1.969358490398756,,1
136.20000000000002,0,-0.08088758904090494,-7.598597023553461,1.0973491728338835e-05,0.098951215013281,-7.511313173669829,0.008969499683586478,129.0,0.10626980098506689,-7.871001484022107,-0.27996549637896795,7.599027538345731,7.511970273358588,7.876695900645292,0.08705726498714306,1.3663531834188538,0.20010177681789468,0.1999011403022712,0.41568249264208784,0.2775799347854555,2.291646883321383,8,7.0,1.9105651943305184,True,1.969358490398756,,1
136.3,0,-0.08177033535031542,-7.598585025752978,1.108453733401645e-05,0.10537279184677065,-7.508683714956198,0.0011867887085238635,129.0,0.10626980098506689,-7.871001484022107,-0.27996549637896795,7.59902498886953,7.5094231446215245,7.876695900645292,0.08960184424800577,1.420584295542621,0.2076202736256318,0.20761694473256284,0.41568249264208784,0.2775799347854555,2.291646883321383,8,7.0,1.9105651943305184,True,1.969358490398756,,1
136.4,0,-0.0826650786829004,-7.59857276389942,1.1649116115003722e-05,0.11362971297334004,-7.505508897949883,0.000163566651907689,129.0,0.10626980098506689,-7.871001484022107,-0.27996549637896795,7.599022408418297,7.506368999431704,7.876695900645292,0.09265340898659336,1.4906618540457974,0.21723846679577236,0.2172384136768638,0.41568249264208784,0.2775799347854555,2.291646883321383,8,7.0,1.9105651943305184,True,1.969358490398756,,1
136.5,0,-0.08357217260394637,-7.59856018552774,1.2193861193666313e-05,0.12161912036490181,-7.5027138965514535,-0.010116464265101247,129.0,0.10626980098506689,-7.871001484022107,-0.27996549637896795,7.599019752656904,7.503706375305064,7.876695900645292,0.09531337735184042,1.5607388239800453,0.22669928878625278,0.2264729074762663,0.41568249264208784,0.2775799347854555,2.291646883321383,8,7.0,1.9105651943305184,True,1.969358490398756,,1
136.6,0,-0.08449191422705124,-7.598547233191865,1.232162962300469e-05,0.13102469418613405,-7.4975498232110995,-0.013686681117051422,129.0,0.10626980098506689,-7.871001484022107,-0.27996549637896795,7.599016971870067,7.4987070983776505,7.876695900645292,0.10030987349241638,1.6415927053714912,0.23840207214073966,0.23800816230697855,0.41568249264208784,0.2775799347854555,2.291646883321383,8,7.0,1.9105651943305184,True,1.969358490398756,,1
136.70000000000002,0,-0.0854246311124209,-7.598533937516982,1.258018671744287e-05,0.1387871214747608,-7.493332078909186,-0.0186427751937943,129.0,0.10626980098506689,-7.871001484022107,-0.27996549637896795,7.599014104958371,7.494640422526197,7.876695900645292,0.1043736824321746,1.7111360120942223,0.24836739588183349,0.24766578498603758,0.41568249264208784,0.2775799347854555,2.291646883321383,8,7.0,1.9105651943305184,True,1.969358490398756,,1
136.8,0,-0.0863707856053751,-7.598520364761102,1.3511260880120103e-05,0.14246671534207395,-7.491153702329163,-0.02283441872774641,129.0,0.10626980098506689,-7.871001484022107,-0.27996549637896795,7.599011228211064,7.492543090805613,7.876695900645292,0.10646813740545102,1.7495039436418822,0.25380352626867253,0.2527730247507585,0.41568249264208784,0.2775799347854555,2.291646883321383,8,7.0,1.9105651943305184,True,1.969358490398756,,1
136.9,0,-0.08733064957595829,-7.598506354607186,1.3873738852885606e-05,0.14628696237562872,-7.487777673819826,-0.03003130325701087,129.0,0.10626980098506689,-7.871001484022107,-0.27996549637896795,7.5990081894648345,7.489266736276059,7.876695900645292,0.10974145318877504,1.7925047102409908,0.2602705170079471,0.2585305192097662,0.41568249264208784,0.2775799347854555,2.291646883321383,8,7.0,1.9105651943305184,True,1.969358490398756,,1
137.0,0,-0.08830472515080508,-7.598491894452489,1.380693505868981e-05,0.15308611632363345,-7.485156308625264,-0.029951276964008393,129.0,0.10626980098506689,-7.871001484022107,-0.27996549637896795,7.599004987150276,7.486781511608004,7.876695900645292,0.11222347554227241,1.8517214940342888,0.268351261624789,0.26667300831268587,0.41568249264208784,0.2775799347854555,2.291646883321383,8,7.0,1.9105651943305184,True,1.969358490398756,,1
137.10000000000002,1,-0.08929377359065303,-7.598477189342289,1.5097478638990048e-05,0.4444936269117525,-7.77069505513019,0.039837154183971595,137.0,0.422319356157022,-7.890716890563924,0.49296999702611544,7.5990018407146795,7.783499420122252,7.91737242420638,0.18449757940757205,3.9579590948090644,0.5622933206360339,0.5608814333097993,0.7676190587263428,0.3183677379167227,5.161281452933008,8,7.0,1.6965190873095737,True,2.051608986620405,,1
137.20000000000002,0,-0.09029744774847975,-7.598461959694412,1.5587450931035118e-05,0.4542927570302324,-7.774271411199958,0.03907182329723918,137.0,0.422319356157022,-7.890716890563924,0.49296999702611544,7.5989984723143555,7.78763150717,7.91737242420638,0.18863303485564487,4.035376798278908,0.5735964120686975,0.5722651958485686,0.7676190587263428,0.3183677379167227,5.161281452933008,8,7.0,1.6965190873095737,True,2.051608986620405,,1
137.3,0,-0.09131663411243082,-7.5984462156227455,1.5391071295712886e-05,0.4666928130493832,-7.778026009004951,0.03435299029994521,137.0,0.422319356157022,-7.890716890563924,0.49296999702611544,7.598994908513503,7.792090278381789,7.91737242420638,0.1930953698682858,4.129960904001021,0.5871988726435161,0.5861940338429154,0.7676190587263428,0.3183677379167227,5.161281452933008,8,7.0,1.6965190873095737,True,2.051608986620405,,1
137.4,0,-0.09235214053712468,-7.598430162689007,1.621951841925364e-05,0.4811311738031007,-7.782379316686425,0.033918306806007714,137.0,0.422319356157022,-7.890716890563924,0.49296999702611544,7.598991370924627,7.7973114268143995,7.91737242420638,0.19832005588977264,4.2413564023013555,0.6032161756828732,0.6022627359242939,0.7676190587263428,0.3183677379167227,5.161281452933008,8,7.0,1.6965190873095737,True,2.051608986620405,,1
137.5,0,-0.09340422438157062,-7.598413725559222,1.7675218045360036e-05,0.4945388479255248,-7.785649942874079,0.03028232396201818,137.0,0.422319356157022,-7.890716890563924,0.49296999702611544,7.598987794055963,7.801399279887371,7.91737242420638,0.20241148583140767,4.344460650351183,0.617778606227084,0.6170368362977064,0.7676190587263428,0.3183677379167227,5.161281452933008,8,7.0,1.6965190873095737,True,2.051608986620405,,1
137.60000000000002,0,-0.09447344340526365,-7.598396597002144,1.754196335932813e-05,0.50711355031628,-7.789921425478062,0.02925078824473659,137.0,0.422319356157022,-7.890716890563924,0.49296999702611544,7.598983884517082,7.806464985936303,7.91737242420638,0.20748110141922105,4.442139023577904,0.6320152321153362,0.6313387925176581,0.7676190587263428,0.3183677379167227,5.161281452933008,8,7.0,1.6965190873095737,True,2.051608986620405,,1
137.70000000000002,0,-0.0955602814970079,-7.598379003562212,1.78094084450696e-05,0.5184292179068883,-7.793611026110506,0.027297240889018245,137.0,0.422319356157022,-7.890716890563924,0.49296999702611544,7.5989798821612915,7.810882589032494,7.91737242420638,0.21190270687120272,4.53064414420416,0.6448587561539719,0.644281497488904,0.7676190587263428,0.3183677379167227,5.161281452933008,8,7.0,1.6965190873095737,True,2.051608986620405,,1
137.8,0,-0.09666528663381231,-7.5983610840384905,1.9780662381711103e-05,0.530531103577279,-7.797130295814621,0.026591778059402518,137.0,0.422319356157022,-7.890716890563924,0.49296999702611544,7.598975940313395,7.815203850472071,7.91737242420638,0.21622791015867548,4.6254753018443395,0.6584759543746416,0.6579395955890842,0.7676190587263428,0.3183677379167227,5.161281452933008,8,7.0,1.6965190873095737,True,2.051608986620405,,1
137.9,0,-0.0977890382326686,-7.598342381893282,2.0081247047184948e-05,0.5458424571597666,-7.801930757916287,0.013074747372983402,137.0,0.422319356157022,-7.890716890563924,0.49296999702611544,7.59897161784918,7.821012625509391,7.91737242420638,0.22204100766021018,4.740340157618439,0.6751889757841477,0.6750627590919134,0.7676190587263428,0.3183677379167227,5.161281452933008,8,7.0,1.6965190873095737,True,2.051608986620405,,1
138.0,0,-0.09893236666181841,-7.598323037396299,1.991145446237451e-05,0.558276839213226,-7.806321920332917,0.014374322008934551,137.0,0.422319356157022,-7.890716890563924,0.49296999702611544,7.598967074161928,7.82627252107958,7.91737242420638,0.22730544691765164,4.837704236326538,0.6894878713162065,0.6893384332748229,0.7676190587263428,0.3183677379167227,5.161281452933008,8,7.0,1.6965190873095737,True,2.051608986620405,,1
138.10000000000002,0,-0.10009575670391904,-7.598303359778502,2.1972434961856554e-05,0.5722271183646961,-7.809715715309575,0.005574627621985537,137.0,0.422319356157022,-7.890716890563924,0.49296999702611544,7.5989626336898235,7.83065351713498,7.91737242420638,0.23169088344515654,4.945545937562248,0.7048007267244775,0.7047788535503356,0.7676190587263428,0.3183677379167227,5.161281452933008,8,7.0,1.6965190873095737,True,2.051608986620405,,1
138.20000000000002,0,-0.10128009106602277,-7.598282916331484,2.3173459237002674e-05,0.5883739693007265,-7.814017170790379,0.004932776480862395,137.0,0.422319356157022,-7.890716890563924,0.49296999702611544,7.598957884736447,7.836138883751447,7.91737242420638,0.237180999015,5.0698849788921425,0.7226258338373387,0.7226091554410856,0.7676190587263428,0.3183677379167227,5.161281452933008,8,7.0,1.6965190873095737,True,2.051608986620405,,1
138.3,0,-0.10248609640393394,-7.598261588347903,2.2680893655257223e-05,0.6006643191232743,-7.819067635634636,-0.0006485124091875139,137.0,0.422319356157022,-7.890716890563924,0.49296999702611544,7.598952728201021,7.842105376457599,7.91737242420638,0.24315264825657845,5.16562654049259,0.7370049306991959,0.7370046250699359,0.7676190587263428,0.3183677379167227,5.161281452933008,8,7.0,1.6965190873095737,True,2.051608986620405,,1
138.4,0,-0.10371460543770253,-7.5982398666195605,2.460078103078864e-05,0.6147235591724112,-7.823992944597369,0.0006591163043104412,137.0,0.422319356157022,-7.890716890563924,0.49296999702611544,7.598947676532135,7.848104935953986,7.91737242420638,0.24915725942185052,5.274475586488546,0.7530725404599165,0.7530722731483368,0.7676190587263428,0.3183677379167227,5.161281452933008,8,7.0,1.6965190873095737,True,2.051608986620405,,1
138.5,0,-0.10496644237481566,-7.598217397969575,2.669767609795215e-05,0.628605406733536,-7.828936926777357,-0.0008798204428315125,137.0,0.422319356157022,-7.890716890563924,0.49296999702611544,7.598942398883223,7.85413260232578,7.91737242420638,0.25519020344255683,5.382049670554545,0.7689993371600727,0.7689988028453174,0.7676190587263428,0.3183677379167227,5.161281452933008,8,7.0,1.6965190873095737,True,2.051608986620405,,1
138.60000000000002,0,-0.10624238435370828,-7.598193842773775,2.6375482543379692e-05,0.6397522394263758,-7.833503864824874,-0.0014430393614453516,137.0,0.422319356157022,-7.890716890563924,0.49296999702611544,7.5989365780544675,7.859584455328405,7.91737242420638,0.26064787727393757,5.47001253175797,0.782228192004393,0.7822268118560485,0.7676190587263428,0.3183677379167227,5.161281452933008,8,7.0,1.6965190873095737,True,2.051608986620405,,1
138.70000000000002,0,-0.10754418358965022,-7.598169732219539,2.8178214909601356e-05,0.6538084540504144,-7.838604471385922,-0.009881532329832108,137.0,0.422319356157022,-7.890716890563924,0.49296999702611544,7.598930782145283,7.865830102290562,7.91737242420638,0.26689932014527873,5.579308326972745,0.7984766151883042,0.7984151192453025,0.7676190587263428,0.3183677379167227,5.161281452933008,8,7.0,1.6965190873095737,True,2.051608986620405,,1
138.8,0,-0.10887140637907601,-7.598144756501562,3.0309035812213743e-05,0.6656168892977556,-7.843477709668487,-0.011494139238724338,137.0,0.422319356157022,-7.890716890563924,0.49296999702611544,7.598924708456965,7.871678381426777,7.91737242420638,0.27275367296981123,5.67217471638717,0.8124981175104594,0.8124163821895812,0.7676190587263428,0.3183677379167227,5.161281452933008,8,7.0,1.6965190873095737,True,2.051608986620405,,1
138.9,0,-0.1102259009991096,-7.598118687086099,3.096549615209968e-05,0.6758728748743631,-7.849583183855621,-0.02035716932544997,137.0,0.422319356157022,-7.890716890563924,0.49296999702611544,7.598918168611695,7.878653103012141,7.91737242420638,0.2797349344004463,5.754238383856104,0.8255915180080433,0.8253397352395688,0.7676190587263428,0.3183677379167227,5.161281452933008,8,7.0,1.6965190873095737,True,2.051608986620405,,1
139.0,0,-0.11160915824784484,-7.59809173525623,3.192615066767809e-05,0.6885235238661628,-7.854555458008121,-0.020761194476645893,137.0,0.422319356157022,-7.890716890563924,0.49296999702611544,7.598911410366165,7.884702728260486,7.91737242420638,0.28579131789432033,5.8532000414704575,0.840486944538781,0.8402297007811103,0.7676190587263428,0.3183677379167227,5.161281452933008,8,7.0,1.6965190873095737,True,2.051608986620405,,1
139.10000000000002,0,-0.1130220849434133,-7.598064008396415,3.493177487134284e-05,0.6900787010998753,-7.658777112139679,0.03243460092706677,137.0,0.422319356157022,-7.890716890563924,0.49296999702611544,7.598904570304472,7.6898717460360535,7.91737242420638,0.0909671757315813,6.005672155167057,0.8060438524488975,0.8053924220586437,0.7676190587263428,0.3183677379167227,5.161281452933008,8,7.0,1.6965190873095737,True,2.051608986620405,,1
139.20000000000002,0,-0.11446595897543971,-7.598035018746863,3.661107334395055e-05,0.7056990855762558,-7.661231470547139,0.03169269343116484,137.0,0.422319356157022,-7.890716890563924,0.49296999702611544,7.598897196515306,7.693730127285591,7.91737242420638,0.0948329307702851,6.13045985848187,0.8232050773500332,0.822596190013441,0.7676190587263428,0.3183677379167227,5.161281452933008,8,7.0,1.6965190873095737,True,2.051608986620405,,1
139.3,0,-0.11594188456690802,-7.598004782648824,3.7293579096971395e-05,0.7206721544306677,-7.662591583596645,0.023180774897700537,137.0,0.422319356157022,-7.890716890563924,0.49296999702611544,7.598889339840537,7.696441741447974,7.91737242420638,0.09755240160743739,6.24950756753386,0.8394224954288841,0.8391033935722763,0.7676190587263428,0.3183677379167227,5.161281452933008,8,7.0,1.6965190873095737,True,2.051608986620405,,1
139.4,0,-0.1174516482475334,-7.5979736350066505,4.0439610218823805e-05,0.7311857751085443,-7.6652972908095,0.022270886037810966,137.0,0.422319356157022,-7.890716890563924,0.49296999702611544,7.598881381464485,7.700124102024424,7.91737242420638,0.10124272055993888,6.336680238958,0.8515938842543864,0.8513036772803835,0.7676190587263428,0.3183677379167227,5.161281452933008,8,7.0,1.6965190873095737,True,2.051608986620405,,1
139.5,0,-0.1189966521660008,-7.597941095386453,4.3178528002472194e-05,0.7414824097088238,-7.669601420474157,0.016663019590260356,137.0,0.422319356157022,-7.890716890563924,0.49296999702611544,7.5988728831355905,7.705378625938422,7.91737242420638,0.1065057428028311,6.4205449529148195,0.8636177610688587,0.8634578264841043,0.7676190587263428,0.3183677379167227,5.161281452933008,8,7.0,1.6965190873095737,True,2.051608986620405,,1
139.60000000000002,0,-0.120578266291545,-7.597907017636659,4.4520966187143524e-05,0.7552538757770714,-7.671609003816063,0.015842230971609427,137.0,0.422319356157022,-7.890716890563924,0.49296999702611544,7.598863741964084,7.7087122206364755,7.91737242420638,0.10984847867239189,6.532786359451147,0.87906967385339,0.8789277125266275,0.7676190587263428,0.3183677379167227,5.161281452933008,8,7.0,1.6965190873095737,True,2.051608986620405,,1
139.70000000000002,0,-0.12219888848949081,-7.597871669318621,4.7455219901926264e-05,0.7687612423328196,-7.673679020821317,0.0041779398654922684,137.0,0.422319356157022,-7.890716890563924,0.49296999702611544,7.598854286932641,7.712091870399874,7.91737242420638,0.11323758346723256,6.642389962023726,0.8941888895307127,0.8941793496031777,0.7676190587263428,0.3183677379167227,5.161281452933008,8,7.0,1.6965190873095737,True,2.051608986620405,,1
139.8,0,-0.12386012759485143,-7.5978348097591795,5.1216644359003985e-05,0.780531200187428,-7.675487921585889,0.003176443365513166,137.0,0.422319356157022,-7.890716890563924,0.49296999702611544,7.598844328594926,7.715073160940818,7.91737242420638,0.11622883234589221,6.740522712541748,0.9077243230112458,0.9077189430347733,0.7676190587263428,0.3183677379167227,5.161281452933008,8,7.0,1.6965190873095737,True,2.051608986620405,,1
139.9,0,-0.12556409373589705,-7.5977961534585665,5.402000180604938e-05,0.7923975471600335,-7.677843790146965,-0.001726076497984855,137.0,0.422319356157022,-7.890716890563924,0.49296999702611544,7.598833643004936,7.7186256625116645,7.91737242420638,0.11979201950672813,6.83921016906969,0.9214468878016225,0.9214451683609542,0.7676190587263428,0.3183677379167227,5.161281452933008,8,7.0,1.6965190873095737,True,2.051608986620405,,1
140.0,0,-0.12731284273617371,-7.597755724794547,5.689753672847918e-05,0.8045952922740068,-7.680011227135622,0.0003396485061646703,137.0,0.422319356157022,-7.890716890563924,0.49296999702611544,7.598822317754983,7.722042874048279,7.91737242420638,0.12322055629329576,6.940762052696168,0.9355313034375953,0.9355312607088742,0.7676190587263428,0.3183677379167227,5.161281452933008,8,7.0,1.6965190873095737,True,2.051608986620405,,1
140.10000000000002,0,-0.1291092382599052,-7.597713538863229,6.127799231188331e-05,0.6099131291077233,-7.806044678173042,0.025996278033817318,137.0,0.422319356157022,-7.890716890563924,0.49296999702611544,7.598810447549318,7.829878884705897,7.91737242420638,0.231068437156579,5.444481145228548,0.7682633320046789,0.7678254509169247,0.7676190587263428,0.3183677379167227,5.161281452933008,8,7.0,1.6965190873095737,True,2.051608986620405,,1
140.20000000000002,0,-0.1309557660268294,-7.59766931639738,6.596702594285695e-05,0.6170741955867501,-7.809414826855689,0.02751708536271103,137.0,0.422319356157022,-7.890716890563924,0.49296999702611544,7.598797829810552,7.833804802952354,7.91737242420638,0.23500697314180208,5.509054104919485,0.7779065166000361,0.7774220119541657,0.7676190587263428,0.3183677379167227,5.161281452933008,8,7.0,1.6965190873095737,True,2.051608986620405,,1
140.3,0,-0.13285523265848614,-7.597622747944983,6.986027720400592e-05,0.6254396801995976,-7.813815970032052,0.025197832772602798,137.0,0.422319356157022,-7.890716890563924,0.49296999702611544,7.598784240772748,7.83884747509942,7.91737242420638,0.24006323432667198,5.581166451332294,0.7889119717335814,0.78851168928738,0.7676190587263428,0.3183677379167227,5.161281452933008,8,7.0,1.6965190873095737,True,2.051608986620405,,1
140.4,0,-0.13481059264159856,-7.597573818329351,7.455359499349156e-05,0.6336986603145439,-7.818417350826682,0.02363913032165776,137.0,0.422319356157022,-7.890716890563924,0.49296999702611544,7.598769757428517,7.844092214671786,7.91737242420638,0.24532245724326884,5.652966096692891,0.7999585158002974,0.7996113666807819,0.7676190587263428,0.3183677379167227,5.161281452933008,8,7.0,1.6965190873095737,True,2.051608986620405,,1
140.5,0,-0.13682551639474846,-7.597522535495608,8.159049603353942e-05,0.6361036427564044,-7.8226010277712446,0.013689378484158755,137.0,0.422319356157022,-7.890716890563924,0.49296999702611544,7.598754497018398,7.8484330973194245,7.91737242420638,0.24967860030102695,5.681449077382191,0.8051490449880143,0.8050340444671776,0.7676190587263428,0.3183677379167227,5.161281452933008,8,7.0,1.6965190873095737,True,2.051608986620405,,1
140.60000000000002,0,-0.13890321171718106,-7.597468299265068,8.79398574774049e-05,0.6401159127331145,-7.827231255066015,0.015058421835932331,137.0,0.422319356157022,-7.890716890563924,0.49296999702611544,7.598737965497718,7.853376615067218,7.91737242420638,0.25463864956950033,5.723731119709239,0.8123336306274412,0.8121956735403686,0.7676190587263428,0.3183677379167227,5.161281452933008,8,7.0,1.6965190873095737,True,2.051608986620405,,1
140.70000000000002,0,-0.14104791291351543,-7.597410757334305,9.303898986674867e-05,0.6481067394342763,-7.830808000573868,-0.002360426585143076,137.0,0.422319356157022,-7.890716890563924,0.49296999702611544,7.598719940756635,7.857582443676013,7.91737242420638,0.25886250291937785,5.794844874347947,0.8229491831014354,0.8229455258241533,0.7676190587263428,0.3183677379167227,5.161281452933008,8,7.0,1.6965190873095737,True,2.051608986620405,,1
140.8,0,-0.14326454258901014,-7.597350336810683,0.00010232105874901249,0.653507851425542,-7.835869329435553,-0.002575358979284387,137.0,0.422319356157022,-7.890716890563924,0.49296999702611544,7.59870099950447,7.863073654261258,7.91737242420638,0.2643726547567873,5.847749408625421,0.8317119258955289,0.8317076155154909,0.7676190587263428,0.3183677379167227,5.161281452933008,8,7.0,1.6965190873095737,True,2.051608986620405,,1
140.9,0,-0.1455571084385305,-7.597286274527153,0.00011236038174872493,0.6562701925402289,-7.8394029222997625,-0.00937353515010868,137.0,0.422319356157022,-7.890716890563924,0.49296999702611544,7.598680518455853,7.866830149872314,7.91737242420638,0.26814963141646064,5.883324183892907,0.8376380327668802,0.8375843191724208,0.7676190587263428,0.3183677379167227,5.161281452933008,8,7.0,1.6965190873095737,True,2.051608986620405,,1
141.0,0,-0.14793191737621514,-7.597217793846577,0.00012009962122812518,0.6604271910142209,-7.844404405178704,-0.008112206726508782,137.0,0.422319356157022,-7.890716890563924,0.49296999702611544,7.598657912667313,7.872160462955259,7.91737242420638,0.27350255028794646,5.928248485128287,0.8453481175275921,0.8453080319857612,0.7676190587263428,0.3183677379167227,5.161281452933008,8,7.0,1.6965190873095737,True,2.051608986620405,,1
141.10000000000002,0,-0.1503941452794075,-7.597145192328386,0.0001310958813549829,0.41283637348542607,-7.962434716595467,-0.0054259986882131805,137.0,0.422319356157022,-7.890716890563924,0.49296999702611544,7.598633659378426,7.973131751625525,7.91737242420638,0.37449809224709885,4.102295970757144,0.6713389122547784,0.6713159120767017,0.7676190587263428,0.3183677379167227,5.161281452933008,8,7.0,1.6965190873095737,True,2.051608986620405,,1
141.20000000000002,0,-0.1529513427028199,-7.597068227051094,0.0001474813128793734,0.4135371248440246,-7.969716737256056,-0.003392042212383949,137.0,0.422319356157022,-7.890716890563924,0.49296999702611544,7.598607752835685,7.980439169098023,7.91737242420638,0.3818314162623384,4.123786968917565,0.6780771521356078,0.6780679140186109,0.7676190587263428,0.3183677379167227,5.161281452933008,8,7.0,1.6965190873095737,True,2.051608986620405,,1
141.3,0,-0.1556097724171236,-7.596984988154754,0.00015922444294981324,0.41276117351193176,-7.976020429136553,-0.006761567459885431,137.0,0.422319356157022,-7.890716890563924,0.49296999702611544,7.598578507646862,7.98669640033707,7.91737242420638,0.38811789269020824,4.136158202991043,0.6831993084430912,0.6831642538193547,0.7676190587263428,0.3183677379167227,5.161281452933008,8,7.0,1.6965190873095737,True,2.051608986620405,,1
141.4,0,-0.15859895816129377,-7.601688077981897,0.0400529731995657,0.41423261498575004,-7.988110700737351,0.037030644668161194,137.0,0.422319356157022,-7.890716890563924,0.49296999702611544,7.603447869560498,7.998929459321231,7.91737242420638,0.3954815897607329,4.163814478071674,0.6909902959094814,0.6909836861831984,0.7676190587263428,0.3183677379167227,5.161281452933008,8,7.0,1.6965190873095737,True,2.051608986620405,,1
141.5,0,-0.16224680630466545,-7.610419227798522,0.25358390910475354,0.41470381466431805,-8.003516741853627,0.235458152256492,137.0,0.422319356157022,-7.890716890563924,0.49296999702611544,7.616371160070808,8.017711645631342,7.91737242420638,0.40134048556053425,4.191436512730753,0.6983739812264784,0.6981387215967894,0.7676190587263428,0.3183677379167227,5.161281452933008,8,7.0,1.6965190873095737,True,2.051608986620405,,1
141.60000000000002,0,-0.1638876233872072,-7.553157339459282,0.408155196110811,0.4170186651343854,-7.9510300394319655,0.3803356116832006,137.0,0.422319356157022,-7.890716890563924,0.49296999702611544,7.565952392913887,7.9710374752935635,7.91737242420638,0.4050850823796761,4.254871485298952,0.7046479480600294,0.7040985736581811,0.7676190587263428,0.3183677379167227,5.161281452933008,8,7.0,1.6965190873095737,True,2.051608986620405,,1
141.70000000000002,0,-0.16328962579661477,-7.427832709126987,0.5334674836830265,0.41857791820269535,-7.830023476939445,0.49877275349434247,137.0,0.422319356157022,-7.890716890563924,0.49296999702611544,7.448754916952004,7.8570509342028645,7.91737242420638,0.4082960172508603,4.334746895902845,0.7081885178229236,0.7073381457784981,0.7676190587263428,0.3183677379167227,5.161281452933008,8,7.0,1.6965190873095737,True,2.051608986620405,,1
141.8,0,-0.29726249283266865,-7.218884850200409,0.8538338963041915,0.2961302517961162,-7.628461454856611,0.7975436513071651,137.0,0.422319356157022,-7.890716890563924,0.49296999702611544,7.275279774178864,7.675753589713667,7.91737242420638,0.4004738155348022,4.618522298242169,0.7232126493235652,0.7210186852362322,0.7676190587263428,0.3183677379167227,5.161281452933008,8,7.0,1.6965190873095737,True,2.051608986620405,,1
141.9,0,-0.34563695746032086,-6.973353348127775,0.7541991970586761,0.2559807023144483,-7.386920869661864,0.7077533670778211,137.0,0.422319356157022,-7.890716890563924,0.49296999702611544,7.0225307584268535,7.425162683956048,7.91737242420638,0.40263192552919413,4.847549914716663,0.7315320352133116,0.7300560960780474,0.7676190587263428,0.3183677379167227,5.161281452933008,8,7.0,1.6965190873095737,True,2.051608986620405,,1
142.0,0,-0.3383735380658034,-6.697532675747784,0.7352181829265729,0.26288611995466826,-7.116141555327051,0.6946987210811426,137.0,0.422319356157022,-7.890716890563924,0.49296999702611544,6.746257212001206,7.154801608751224,7.91737242420638,0.40854439675001775,5.02804778286566,0.73374954665318,0.7326299000351432,0.7676190587263428,0.3183677379167227,5.161281452933008,8,7.0,1.6965190873095737,True,2.051608986620405,,1
142.10000000000002,0,-0.31245936199120583,-6.410076244694962,0.7055721601323204,-0.07797840410487691,-6.674244451989909,0.7095067799922851,137.0,0.422319356157022,-7.890716890563924,0.49296999702611544,6.456356587801855,6.712303591709768,7.91737242420638,0.25594700390791303,2.1190707701287486,0.3532444516056253,0.35322253800786346,0.7676190587263428,0.3183677379167227,5.161281452933008,8,7.0,1.6965190873095737,True,2.051608986620405,,1
142.20000000000002,0,-0.2833428391496634,-6.117549204270691,0.6709908440638903,-0.05800037584060352,-6.3845754020343275,0.678157379973913,137.0,0.422319356157022,-7.890716890563924,0.49296999702611544,6.160756458746599,6.420752645903168,7.91737242420638,0.2599961871565686,2.127538724239849,0.34947614410607364,0.3494026560607396,0.7676190587263428,0.3183677379167227,5.161281452933008,8,7.0,1.6965190873095737,True,2.051608986620405,,1
142.3,0,-0.2580962732942531,-5.824122800438308,0.6321091644646212,-0.04417259983071266,-6.093985696108564,0.6428855224951903,137.0,0.422319356157022,-7.890716890563924,0.49296999702611544,5.864007339411668,6.127961706635045,7.91737242420638,0.26395436722337706,2.1165994968916264,0.3445365734143096,0.3443680016024587,0.7676190587263428,0.3183677379167227,5.161281452933008,8,7.0,1.6965190873095737,True,2.051608986620405,,1
142.4,0,-0.23990989976610066,-5.531846683472837,0.5925075783144732,-0.03516310755227113,-5.804360897562901,0.6062029923292888,137.0,0.422319356157022,-7.890716890563924,0.49296999702611544,5.568657802362728,5.83603666379838,7.91737242420638,0.2673788614356516,2.1293464732999374,0.3411345924529137,0.34085956903537024,0.7676190587263428,0.3183677379167227,5.161281452933008,8,7.0,1.6965190873095737,True,2.051608986620405,,1
142.5,0,-0.23052818943433162,-5.2421564015188435,0.5530100099548368,-0.035767099445475056,-5.517770626176403,0.5648410546897855,137.0,0.422319356157022,-7.890716890563924,0.49296999702611544,5.276283450992669,5.546721318541336,7.91737242420638,0.27043786754866694,2.1419973909480086,0.33769077071598413,0.33748345590152273,0.7676190587263428,0.3183677379167227,5.161281452933008,8,7.0,1.6965190873095737,True,2.051608986620405,,1
142.60000000000002,0,-0.23071444081738335,-4.955982025731858,0.5143383576583772,-0.04810268080232593,-5.234126539949019,0.5289632100621989,137.0,0.422319356157022,-7.890716890563924,0.49296999702611544,4.987938546006521,5.2610071832015555,7.91737242420638,0.2730686371950348,2.1328370253327216,0.33305451804881847,0.3327332650711335,0.7676190587263428,0.3183677379167227,5.161281452933008,8,7.0,1.6965190873095737,True,2.051608986620405,,1
142.70000000000002,0,-0.24146362686477763,-4.67395746481287,0.4764820458945448,-0.07044236087060256,-4.954781807956321,0.48179561979501206,137.0,0.422319356157022,-7.890716890563924,0.49296999702611544,4.704382871965088,4.978649607063505,7.91737242420638,0.2742667350984167,2.1480693127670336,0.32884467335171635,0.328801741364308,0.7676190587263428,0.3183677379167227,5.161281452933008,8,7.0,1.6965190873095737,True,2.051608986620405,,1
142.8,0,-0.2639164562665146,-4.396751145838298,0.4384113373854322,-0.10575297888777083,-4.681905922746938,0.4412002301607389,137.0,0.422319356157022,-7.890716890563924,0.49296999702611544,4.426429377621058,4.703837200104865,7.91737242420638,0.27740782248380746,2.152449928234824,0.3260931006526584,0.3260811745108151,0.7676190587263428,0.3183677379167227,5.161281452933008,8,7.0,1.6965190873095737,True,2.051608986620405,,1
142.9,0,-0.29991771840102444,-4.123878695533905,0.40408890992519714,-0.15241659564626742,-4.411721877154395,0.3882696095302198,137.0,0.422319356157022,-7.890716890563924,0.49296999702611544,4.154469157475336,4.43139639726304,7.91737242420638,0.27692723978770406,2.2414538750073385,0.3238217544951346,0.3234351224269261,0.7676190587263428,0.3183677379167227,5.161281452933008,8,7.0,1.6965190873095737,True,2.051608986620405,,1
143.0,0,-0.3507323810523564,-3.8565751759753897,0.36804402960026855,-0.21420626978600193,-4.149441346934573,0.3528821979375354,137.0,0.422319356157022,-7.890716890563924,0.49296999702611544,3.8899410919437667,4.169924898998429,7.91737242420638,0.27998380705466275,2.30500582619961,0.32348084068330174,0.323125321121398,0.7676190587263428,0.3183677379167227,5.161281452933008,8,7.0,1.6965190873095737,True,2.051608986620405,,1
143.10000000000002,0,-0.4190561054164974,-3.5944470725004605,0.33276940905289126,-0.5161179134636859,-3.9167314044038704,0.3487896439424497,137.0,0.422319356157022,-7.890716890563924,0.49296999702611544,3.6340601613203085,3.9659572376115104,7.91737242420638,0.3318970762912019,0.8786240774882397,0.3369641421542256,0.33658310292083365,0.7676190587263428,0.3183677379167227,5.161281452933008,8,7.0,1.6965190873095737,True,2.051608986620405,,1
143.20000000000002,0,-0.5075693939651205,-3.337520140205868,0.2978682965491313,-0.6216632852476299,-3.6636289344518893,0.3135013808847206,137.0,0.422319356157022,-7.890716890563924,0.49296999702611544,3.3890106075459543,3.7291990192794198,7.91737242420638,0.3401884117334655,1.0039991824583574,0.3458449870077962,0.3454914784948813,0.7676190587263428,0.3183677379167227,5.161281452933008,8,7.0,1.6965190873095737,True,2.051608986620405,,1
143.3,0,-0.618861814052577,-3.0856819022726016,0.2624380414488715,-0.749865817703881,-3.4150765879009386,0.26945708650997297,137.0,0.422319356157022,-7.890716890563924,0.49296999702611544,3.158052639286532,3.506801101753601,7.91737242420638,0.34874846246706914,1.100651000225491,0.3545591274899457,0.35448964426744795,0.7676190587263428,0.3183677379167227,5.161281452933008,8,7.0,1.6965190873095737,True,2.051608986620405,,1
143.4,0,-0.7585371212187888,-2.8346706953188265,0.24551266436110875,-0.9080001101657763,-3.165511973725876,0.2527669411882375,137.0,0.422319356157022,-7.890716890563924,0.49296999702611544,2.9446583814642913,3.302850493501123,7.91737242420638,0.35819211203683166,1.0940752915213776,0.3631084701508114,0.36303599899042804,0.7676190587263428,0.3183677379167227,5.161281452933008,8,7.0,1.6965190873095737,True,2.051608986620405,,1
143.5,0,-0.9234632604513812,-2.58427215483413,0.2432637969907802,-1.0903805076003061,-2.918877406622049,0.2424619239711171,137.0,0.422319356157022,-7.890716890563924,0.49296999702611544,2.7550724561399296,3.1253100247526064,7.91737242420638,0.37023756861267687,1.0233661557386318,0.3739287163620518,0.3739278565710666,0.7676190587263428,0.3183677379167227,5.161281452933008,8,7.0,1.6965190873095737,True,2.051608986620405,,1
143.60000000000002,0,-1.0944469725604882,-2.341554112609832,0.21111702874014024,-1.278464007106662,-2.681235708039183,0.21005026215219771,137.0,0.422319356157022,-7.890716890563924,0.49296999702611544,2.593310671294687,2.9778543033805076,7.91737242420638,0.38454363208582043,0.7640326174794606,0.38632498400640625,0.3863235111620789,0.7676190587263428,0.3183677379167227,5.161281452933008,8,7.0,1.6965190873095737,True,2.051608986620405,,1
143.70000000000002,0,-1.2387331120511567,-2.132002149779162,0.03164861675277261,-1.4392233225010125,-2.4729733172637696,0.011267926298152452,137.0,0.422319356157022,-7.890716890563924,0.49296999702611544,2.465946983310322,2.861308750570705,7.91737242420638,0.3953617672603831,0.5113984064144949,0.39607200618757554,0.3955472936856525,0.7676190587263428,0.3183677379167227,5.161281452933008,8,7.0,1.6965190873095737,True,2.051608986620405,,1
143.8,0,-1.3928715375764498,-1.942882673777917,-0.10567892919395172,-1.6127736242558373,-2.288120280862471,-0.122101274638379,137.0,0.422319356157022,-7.890716890563924,0.49296999702611544,2.392917098508135,2.802042452222625,7.91737242420638,0.40912535371448966,0.45993917457039113,0.4096530562577484,0.40932375092513,0.7676190587263428,0.3183677379167227,5.161281452933008,8,7.0,1.6965190873095737,True,2.051608986620405,,1
143.9,0,-1.559487178034449,-1.802375237203876,-0.19721055863152748,-1.7949561526553253,-2.151588005191496,-0.2254339040849819,137.0,0.422319356157022,-7.890716890563924,0.49296999702611544,2.3915369030343934,2.8110530018393685,7.91737242420638,0.4195160988049751,1.036021763675681,0.4221276496075177,0.421183090038741,0.7676190587263428,0.3183677379167227,5.161281452933008,8,7.0,1.6965190873095737,True,2.051608986620405,,1
144.0,0,-1.731731299252993,-1.7235621246318944,-0.27900054381953465,-1.9803406386979274,-2.0779114670163557,-0.3118266180223403,137.0,0.422319356157022,-7.890716890563924,0.49296999702611544,2.4591463953432426,2.8873345753036364,7.91737242420638,0.4281881799603937,1.5359820217459548,0.43410553009045494,0.4328626342242384,0.7676190587263428,0.3183677379167227,5.161281452933008,8,7.0,1.6965190873095737,True,2.051608986620405,,1
144.10000000000002,0,-1.9213596650355738,-1.7009360641053282,-0.3869300676657645,-2.253867197947746,-2.5177721732890115,-0.3694554270275968,137.0,0.422319356157022,-7.890716890563924,0.49296999702611544,2.5950956309669153,3.3993516109889894,7.91737242420638,0.8042559800220741,6.993329731868006,0.8820928816032416,0.8819197745314918,0.7676190587263428,0.3183677379167227,5.161281452933008,8,7.0,1.6965190873095737,True,2.051608986620405,,1
144.20000000000002,0,-2.0826815359655066,-1.722440823035304,-0.4634640393370882,-2.4447969443832602,-2.5507477615412,-0.46259980760320907,137.0,0.422319356157022,-7.890716890563924,0.49296999702611544,2.7421093495462263,3.5633333866293926,7.91737242420638,0.8212240370831663,6.931047481238204,0.9040025997125544,0.9040021866071823,0.7676190587263428,0.3183677379167227,5.161281452933008,8,7.0,1.6965190873095737,True,2.051608986620405,,1
144.3,0,-2.2581344022588445,-1.7668511745698252,-0.5710663252924435,-2.634443945107177,-2.6033828861652992,-0.582211285979412,137.0,0.422319356157022,-7.890716890563924,0.49296999702611544,2.9235339573240284,3.749248902568624,7.91737242420638,0.8257149452445955,6.9203948648063855,0.9173431128494335,0.9172754093202184,0.7676190587263428,0.3183677379167227,5.161281452933008,8,7.0,1.6965190873095737,True,2.051608986620405,,1
144.4,0,-2.429566009747156,-1.8248566459412605,-0.6748382810345569,-2.818842177297699,-2.668527223513322,-0.6941646940916828,137.0,0.422319356157022,-7.890716890563924,0.49296999702611544,3.112603328325725,3.9431932980349256,7.91737242420638,0.8305899697092007,6.822293802492693,0.9293489593932244,0.929147985029088,0.7676190587263428,0.3183677379167227,5.161281452933008,8,7.0,1.6965190873095737,True,2.051608986620405,,1
144.5,0,-2.59591267411691,-1.880181954005583,-0.7686911068047374,-2.9992772565110837,-2.7313571407910913,-0.796985138079709,137.0,0.422319356157022,-7.890716890563924,0.49296999702611544,3.296169414561356,4.134145764519567,7.91737242420638,0.8379763499582111,6.694111924162788,0.9423389714615225,0.9419141069807644,0.7676190587263428,0.3183677379167227,5.161281452933008,8,7.0,1.6965190873095737,True,2.051608986620405,,1
144.60000000000002,0,-2.7595387286393294,-1.911680194935843,-0.842753000311223,-3.1778792490364665,-2.7653364714045043,-0.8760868145678312,137.0,0.422319356157022,-7.890716890563924,0.49296999702611544,3.4611858924512964,4.302735226364283,7.91737242420638,0.8415493339129867,6.587446399948177,0.9512354979359112,0.9506512659016907,0.7676190587263428,0.3183677379167227,5.161281452933008,8,7.0,1.6965190873095737,True,2.051608986620405,,1
144.70000000000002,0,-2.9199755376730563,-1.908762255122065,-0.8909792298155077,-3.3561452039201827,-2.7657056844307593,-0.9249218526303058,137.0,0.422319356157022,-7.890716890563924,0.49296999702611544,3.6004825336543935,4.446157779044974,7.91737242420638,0.8456752453905803,6.575038142924998,0.9621580537692453,0.961559160316969,0.7676190587263428,0.3183677379167227,5.161281452933008,8,7.0,1.6965190873095737,True,2.051608986620405,,1
144.8,0,-3.0772482671601393,-1.8681290266285595,-0.9089867298448046,-3.53003457748953,-2.7314651437035278,-0.9483208409913947,137.0,0.422319356157022,-7.890716890563924,0.49296999702611544,3.712899114291446,4.563042665480748,7.91737242420638,0.8501435511893023,6.6674639099938595,0.975659708180818,0.974866500536246,0.7676190587263428,0.3183677379167227,5.161281452933008,8,7.0,1.6965190873095737,True,2.051608986620405,,1
144.9,0,-3.231311303161372,-1.791544767306566,-0.898150358560968,-3.70466296089265,-2.656282579671827,-0.9477252736582499,137.0,0.422319356157022,-7.890716890563924,0.49296999702611544,3.8023255328529113,4.656022765323266,7.91737242420638,0.8536972324703549,6.750879251315387,0.9870617752795966,0.9858160457261822,0.7676190587263428,0.3183677379167227,5.161281452933008,8,7.0,1.6965190873095737,True,2.051608986620405,,1
145.0,0,-3.3817694587067977,-1.6844307986727514,-0.8658409621629259,-3.8745180748519354,-2.5544484150083777,-0.9157322676497716,137.0,0.422319356157022,-7.890716890563924,0.49296999702611544,3.8759969503494984,4.730292020933607,7.91737242420638,0.8542950705841088,6.9881215411047615,1.0011098809873247,0.9998659167344757,0.7676190587263428,0.3183677379167227,5.161281452933008,8,7.0,1.6965190873095737,True,2.051608986620405,,1
145.10000000000002,1,-3.528440901766819,-1.5543537014832556,-0.8210852591734178,-4.000951521810933,-1.7917006409569853,-0.8953479417627446,145.0,-0.3074305491611584,-7.252005860329911,-1.0838389495693015,3.942092290828262,4.474310248910515,7.338992397422168,0.5322179580822533,0.5881930700333727,0.5339614234730656,0.5287720262381695,6.381712434882348,3.4561936211846436,60.3304697850824,7,6.0,1.7030407562353322,False,180.43821297810607,Mahalanobis gate,1
145.20000000000002,0,-3.6716517497767147,-1.41014523581645,-0.7704604137010036,-4.163235989304486,-1.6395145548951895,-0.8455562449718892,145.0,-0.3074305491611584,-7.252005860329911,-1.0838389495693015,4.007885403403466,4.553625724822389,7.338992397422168,0.5457403214189229,0.6105311505651903,0.5476355840894627,0.5424623019959466,6.381712434882348,3.4561936211846436,60.3304697850824,7,6.0,1.7030407562353322,False,180.43821297810607,Mahalanobis gate,1
145.3,0,-3.8119059369201143,-1.2602147332893114,-0.7187568260761594,-4.323061601345981,-1.4807685719663461,-0.8029566797758101,145.0,-0.3074305491611584,-7.252005860329911,-1.0838389495693015,4.078649215237483,4.639641861431971,7.338992397422168,0.5609926461944879,0.631801139890447,0.5630397183084577,0.5567082800083225,6.381712434882348,3.4561936211846436,60.3304697850824,7,6.0,1.7030407562353322,False,180.43821297810607,Mahalanobis gate,1
145.4,0,-3.9495475698568225,-1.11232322186782,-0.6694198721220985,-4.47919555491647,-1.3258538611573598,-0.7560467245370961,145.0,-0.3074305491611584,-7.252005860329911,-1.0838389495693015,4.1574405493837565,4.732091285046455,7.338992397422168,0.5746507356626989,0.75356607650059,0.5776041322155459,0.5710712057118131,6.381712434882348,3.4561936211846436,60.3304697850824,7,6.0,1.7030407562353322,False,180.43821297810607,Mahalanobis gate,1
145.5,0,-4.084945276633719,-0.9726567534989988,-0.6239375043542923,-4.633604628924047,-1.1770594994825871,-0.7171528893250951,145.0,-0.3074305491611584,-7.252005860329911,-1.0838389495693015,4.245248765686082,4.834259942243062,7.338992397422168,0.5890111765569799,0.8543030668128915,0.5928715505204553,0.5854977091511749,6.381712434882348,3.4561936211846436,60.3304697850824,7,6.0,1.7030407562353322,False,180.43821297810607,Mahalanobis gate,1
145.60000000000002,0,-4.218597282187198,-0.845534244676056,-0.5815938393976162,-4.785053065014962,-1.04110075050557,-0.6800484497856866,145.0,-0.3074305491611584,-7.252005860329911,-1.0838389495693015,4.341629024021096,4.94399529750669,7.338992397422168,0.6023662734855932,0.9552687288016891,0.6072987093745935,0.599264893099354,6.381712434882348,3.4561936211846436,60.3304697850824,7,6.0,1.7030407562353322,False,180.43821297810607,Mahalanobis gate,1
145.70000000000002,0,-4.350654961151021,-0.7336166283604243,-0.5421494618548909,-4.935148461894466,-0.9203121838465558,-0.6443492801986437,145.0,-0.3074305491611584,-7.252005860329911,-1.0838389495693015,4.445257921356696,5.061407991020704,7.338992397422168,0.6161500696640081,1.0314805472343131,0.6220391351989832,0.6135860843024414,6.381712434882348,3.4561936211846436,60.3304697850824,7,6.0,1.7030407562353322,False,180.43821297810607,Mahalanobis gate,1
145.8,0,-4.48085922518587,-0.637881795092295,-0.5064823951312913,-5.081850642371894,-0.8159817117117826,-0.6120000933214145,145.0,-0.3074305491611584,-7.252005860329911,-1.0838389495693015,4.5542855638421935,5.18320134853443,7.338992397422168,0.6289157846922366,1.0878373092641265,0.6356447502044487,0.6268255449733474,6.381712434882348,3.4561936211846436,60.3304697850824,7,6.0,1.7030407562353322,False,180.43821297810607,Mahalanobis gate,1
145.9,0,-4.609547065457449,-0.5580573169813426,-0.47256629345243245,-5.2275985764151605,-0.7244815021825413,-0.5882515609041555,145.0,-0.3074305491611584,-7.252005860329911,-1.0838389495693015,4.6671909131094225,5.310244836356292,7.338992397422168,0.6430539232468693,1.12469011092682,0.6504365923918867,0.6400661525319025,6.381712434882348,3.4561936211846436,60.3304697850824,7,6.0,1.7030407562353322,False,180.43821297810607,Mahalanobis gate,1
146.0,0,-4.736622814531836,-0.493022491072183,-0.43997571101600913,-5.371108025911005,-0.6463638762761675,-0.5587914779731615,145.0,-0.3074305491611584,-7.252005860329911,-1.0838389495693015,4.782493647683242,5.438642808864708,7.338992397422168,0.6561491611814665,1.1047957598745852,0.6634773924956011,0.6527519160256411,6.381712434882348,3.4561936211846436,60.3304697850824,7,6.0,1.7030407562353322,False,180.43821297810607,Mahalanobis gate,1
146.10000000000002,0,-4.861894691028815,-0.4409073760554567,-0.40881291775800666,-5.25411480097985,-0.42009147511137895,-0.5419117119309436,145.0,-0.3074305491611584,-7.252005860329911,-1.0838389495693015,4.8989332821176585,5.298666576872403,7.338992397422168,0.3997332947547445,1.2420819935809593,0.41471099019968766,0.3927720921630196,6.381712434882348,3.4561936211846436,60.3304697850824,7,6.0,1.7030407562353322,False,180.43821297810607,Mahalanobis gate,1
146.20000000000002,0,-4.985267157703113,-0.39955010864728535,-0.37887088692879645,-5.389864088171167,-0.3631318966227895,-0.5127041920286894,145.0,-0.3074305491611584,-7.252005860329911,-1.0838389495693015,5.015582924442138,5.426358378491588,7.338992397422168,0.4107754540494497,1.308756613626653,0.42771055150088716,0.40623264555083705,6.381712434882348,3.4561936211846436,60.3304697850824,7,6.0,1.7030407562353322,False,180.43821297810607,Mahalanobis gate,1
146.3,0,-5.106708729963817,-0.3666728757104494,-0.34986246838330753,-5.521964879175173,-0.31493393226175853,-0.49119263416945536,145.0,-0.3074305491611584,-7.252005860329911,-1.0838389495693015,5.131795669865831,5.552706521363818,7.338992397422168,0.4209108514979869,1.436979642747483,0.4416885820215089,0.4184669493843345,6.381712434882348,3.4561936211846436,60.3304697850824,7,6.0,1.7030407562353322,False,180.43821297810607,Mahalanobis gate,1
146.4,0,-5.226226525293767,-0.34019667579466184,-0.32152508400255175,-5.586296453207763,-0.7907990108430984,-0.3419149998045721,145.0,-0.3074305491611584,-7.252005860329911,-1.0838389495693015,5.247147401355211,5.652342612206325,7.338992397422168,0.40519521085111343,4.3251121001165505,0.5771555821487885,0.5767952993385899,6.381712434882348,3.4561936211846436,60.3304697850824,7,6.0,1.7030407562353322,False,180.43821297810607,Mahalanobis gate,1
146.5,0,-5.343685802632279,-0.31831188877197736,-0.2944075594847502,-5.720230836245835,-0.7689818351982334,-0.31825124474826233,145.0,-0.3074305491611584,-7.252005860329911,-1.0838389495693015,5.361247637152115,5.78045480369723,7.338992397422168,0.4192071665451156,4.241102354295845,0.5877568241014512,0.5872729884396855,6.381712434882348,3.4561936211846436,60.3304697850824,7,6.0,1.7030407562353322,False,180.43821297810607,Mahalanobis gate,1
146.60000000000002,0,-5.459213826768071,-0.29961268392239115,-0.26798185885416065,-5.849754075442848,-0.7490466813105021,-0.29165984248140076,145.0,-0.3074305491611584,-7.252005860329911,-1.0838389495693015,5.473992842835821,5.90472345988013,7.338992397422168,0.4307306170443095,4.15056682295859,0.5958802318854564,0.5954096101367641,6.381712434882348,3.4561936211846436,60.3304697850824,7,6.0,1.7030407562353322,False,180.43821297810607,Mahalanobis gate,1
146.70000000000002,0,-5.583855329229681,-0.2813365386136085,-0.24092421105480358,-5.975126360410769,-0.7332673761110694,-0.2664720628741478,145.0,-0.3074305491611584,-7.252005860329911,-1.0838389495693015,5.596126791022356,6.025846283140391,7.338992397422168,0.42971949211803473,4.108636265324661,0.598320310916529,0.5977746245222096,6.381712434882348,3.4561936211846436,60.3304697850824,7,6.0,1.7030407562353322,False,180.43821297810607,Mahalanobis gate,1
146.8,0,-5.684155669011515,-0.2676152800172651,-0.21972288110295568,-6.100414466298954,-0.7168848284202651,-0.24270496007401315,145.0,-0.3074305491611584,-7.252005860329911,-1.0838389495693015,5.694692419449416,6.147185227036292,7.338992397422168,0.45249280758687593,4.00405280507356,0.6128969647463206,0.6124659283922826,6.381712434882348,3.4561936211846436,60.3304697850824,7,6.0,1.7030407562353322,False,180.43821297810607,Mahalanobis gate,1
146.9,0,-5.7937668467307715,-0.25328319388352927,-0.19769978932174187,-6.226724541356034,-0.6994685672527535,-0.2260847209468551,145.0,-0.3074305491611584,-7.252005860329911,-1.0838389495693015,5.80266937342447,6.269965637190187,7.338992397422168,0.467296263765717,3.905437766351435,0.6223660153697487,0.6217183870080214,6.381712434882348,3.4561936211846436,60.3304697850824,7,6.0,1.7030407562353322,False,180.43821297810607,Mahalanobis gate,1
147.0,0,-5.901526073118835,-0.23975368472110195,-0.17716897545387775,-6.348011492846479,-0.6841904542169851,-0.20885523636016534,145.0,-0.3074305491611584,-7.252005860329911,-1.0838389495693015,5.909050741608345,6.388191215102103,7.338992397422168,0.4791404734937581,3.8264829347439453,0.6307751510954822,0.6299787870312039,6.381712434882348,3.4561936211846436,60.3304697850824,7,6.0,1.7030407562353322,False,180.43821297810607,Mahalanobis gate,1
147.10000000000002,0,-6.007453687943314,-0.22700660046073826,-0.1582934567701526,-6.41306557246592,-0.5380080677493296,-0.18615570657208003,145.0,-0.3074305491611584,-7.252005860329911,-1.0838389495693015,6.0138247919184264,6.438285227046124,7.338992397422168,0.42446043512769727,2.6346111733228565,0.511878128547862,0.5111192752397785,6.381712434882348,3.4561936211846436,60.3304697850824,7,6.0,1.7030407562353322,False,180.43821297810607,Mahalanobis gate,1
147.20000000000002,0,-6.111623239531798,-0.21514298655837388,-0.14092329658149175,-6.528981360017103,-0.5253869189568108,-0.1703666310657496,145.0,-0.3074305491611584,-7.252005860329911,-1.0838389495693015,6.117032328030464,6.552301412713124,7.338992397422168,0.4352690846826599,2.5893646076005794,0.5208704332851161,0.5200375931844472,6.381712434882348,3.4561936211846436,60.3304697850824,7,6.0,1.7030407562353322,False,180.43821297810607,Mahalanobis gate,1
147.3,0,-6.214044771032096,-0.20428414381041826,-0.12515144678167428,-6.64926691647583,-0.5117672591080391,-0.15945400791059894,145.0,-0.3074305491611584,-7.252005860329911,-1.0838389495693015,6.2186612154414105,6.670838165828467,7.338992397422168,0.45217695038705674,2.52693258045925,0.533985812337538,0.5328828971526265,6.381712434882348,3.4561936211846436,60.3304697850824,7,6.0,1.7030407562353322,False,180.43821297810607,Mahalanobis gate,1
147.4,0,-6.314781079680886,-0.19455109694242517,-0.11079934110572862,-6.70826358883575,-0.1889539390621297,-0.18233297696104075,145.0,-0.3074305491611584,-7.252005860329911,-1.0838389495693015,6.318748824538498,6.713400724139299,7.338992397422168,0.3946518996008006,0.5719275367838003,0.3999710917626732,0.3935223159963668,6.381712434882348,3.4561936211846436,60.3304697850824,7,6.0,1.7030407562353322,False,180.43821297810607,Mahalanobis gate,1
147.5,0,-6.413846525813612,-0.18602549197983576,-0.0978495804811038,-6.819825730656941,-0.17018915094395437,-0.17511528356922273,145.0,-0.3074305491611584,-7.252005860329911,-1.0838389495693015,6.417289714572501,6.824196121607954,7.338992397422168,0.40690640703545267,0.6401777946066111,0.4135696958631374,0.4062879575653537,6.381712434882348,3.4561936211846436,60.3304697850824,7,6.0,1.7030407562353322,False,180.43821297810607,Mahalanobis gate,1
147.60000000000002,0,-6.511277020777908,-0.1787314762704948,-0.08616699153693538,-6.927934623541289,-0.15177589258722446,-0.16835518256109525,145.0,-0.3074305491611584,-7.252005860329911,-1.0838389495693015,6.51429951202359,6.931641763473356,7.338992397422168,0.41734225144976556,0.708807638111354,0.42554090305875086,0.4175286354637648,6.381712434882348,3.4561936211846436,60.3304697850824,7,6.0,1.7030407562353322,False,180.43821297810607,Mahalanobis gate,1
147.70000000000002,0,-6.607089335250737,-0.17263748416732713,-0.07568741873700442,-7.039955046959826,-0.13552413121603787,-0.16317672993595425,145.0,-0.3074305491611584,-7.252005860329911,-1.0838389495693015,6.6097777398547,7.043149898912389,7.338992397422168,0.4333721590576882,0.7784369136574025,0.4431754786930006,0.43445382417548534,6.381712434882348,3.4561936211846436,60.3304697850824,7,6.0,1.7030407562353322,False,180.43821297810607,Mahalanobis gate,1
147.8,0,-6.701328714697424,-0.167668468658397,-0.06616419139285136,-7.144483502863446,-0.11999335133080692,-0.1550136399345673,145.0,-0.3074305491611584,-7.252005860329911,-1.0838389495693015,6.703752453516848,7.147172318869701,7.338992397422168,0.44341986535285294,0.8249383305667902,0.45448136110608367,0.44571188349276863,6.381712434882348,3.4561936211846436,60.3304697850824,7,6.0,1.7030407562353322,False,180.43821297810607,Mahalanobis gate,1
147.9,0,-6.793970380191006,-0.16367957844918948,-0.05772942580313924,-7.256176095151374,-0.10731868326640134,-0.15239965066936087,145.0,-0.3074305491611584,-7.252005860329911,-1.0838389495693015,6.7961869616659,7.258569726685032,7.338992397422168,0.46238276501913145,0.8927135054554959,0.4751558953901881,0.4656293305278678,6.381712434882348,3.4561936211846436,60.3304697850824,7,6.0,1.7030407562353322,False,180.43821297810607,Mahalanobis gate,1
148.0,0,-6.885076523203532,-0.1605391769398573,-0.05009235949770954,-7.358217059002622,-0.0935347706915378,-0.14644059718220623,145.0,-0.3074305491611584,-7.252005860329911,-1.0838389495693015,6.8871300845984464,7.360268465839313,7.338992397422168,0.47313838124086693,0.9444984923669922,0.4874777328020721,0.47786144129123886,6.381712434882348,3.4561936211846436,60.3304697850824,7,6.0,1.7030407562353322,False,180.43821297810607,Mahalanobis gate,1
148.10000000000002,0,-6.974644425309443,-0.15808469452851537,-0.04324603961770502,-7.6962700159531865,0.05284245554408498,-0.17438402308875994,145.0,-0.3074305491611584,-7.252005860329911,-1.0838389495693015,6.97656977676615,7.698426739995426,7.338992397422168,0.7218569632292766,1.9366040790906898,0.7631716231743257,0.7518202948242888,6.381712434882348,3.4561936211846436,60.3304697850824,7,6.0,1.7030407562353322,False,180.43821297810607,Mahalanobis gate,1
148.20000000000002,0,-7.06270340464342,-0.15616444104506377,-0.03704994003719445,-7.800108336410609,0.06700497036880618,-0.16998543154370743,145.0,-0.3074305491611584,-7.252005860329911,-1.0838389495693015,7.064526835724062,7.802248058907991,7.338992397422168,0.7377212231839287,1.9978486169275886,0.7818199693583329,0.7704353441953363,6.381712434882348,3.4561936211846436,60.3304697850824,7,6.0,1.7030407562353322,False,180.43821297810607,Mahalanobis gate,1
148.3,0,-7.149264440068142,-0.15464123065449278,-0.03146046270509654,-7.908802272565755,0.08024682646074126,-0.17258946280200047,145.0,-0.3074305491611584,-7.252005860329911,-1.0838389495693015,7.151005922592625,7.911092216778197,7.338992397422168,0.7600862941855722,2.0759235718453195,0.8074574372924516,0.7950283758272666,6.381712434882348,3.4561936211846436,60.3304697850824,7,6.0,1.7030407562353322,False,180.43821297810607,Mahalanobis gate,1
148.4,0,-7.234345984373281,-0.15340176358506105,-0.026421159882400968,-8.009970458199941,0.09080847730079772,-0.16996190325865604,145.0,-0.3074305491611584,-7.252005860329911,-1.0838389495693015,7.236020453286347,8.012288060806648,7.338992397422168,0.7762676075203014,2.118379662020828,0.8257335594254486,0.8131617097185607,6.381712434882348,3.4561936211846436,60.3304697850824,7,6.0,1.7030407562353322,False,180.43821297810607,Mahalanobis gate,1
148.5,0,-7.317972840299841,-0.1523620214952197,-0.021856560578141053,-8.11409632034993,0.10385439685172124,-0.16993500859665606,145.0,-0.3074305491611584,-7.252005860329911,-1.0838389495693015,7.319591408418953,8.11654007190308,7.338992397422168,0.7969486634841267,2.1833506896467765,0.8493448506261576,0.8363369228472446,6.381712434882348,3.4561936211846436,60.3304697850824,7,6.0,1.7030407562353322,False,180.43821297810607,Mahalanobis gate,1
148.60000000000002,0,-7.400160971217634,-0.15146296007495677,-0.01773949501720833,-8.2209912943061,-0.04182199065409368,-0.15008369085659476,145.0,-0.3074305491611584,-7.252005860329911,-1.0838389495693015,7.401732102548082,8.222467516154751,7.338992397422168,0.8207354136066689,1.265560466191893,0.8386289690020461,0.8281204993701465,6.381712434882348,3.4561936211846436,60.3304697850824,7,6.0,1.7030407562353322,False,180.43821297810607,Mahalanobis gate,1
148.70000000000002,0,-7.487665897128312,-0.1507069730688693,0.021853058189592045,-8.326486775542989,-0.03321109854724432,-0.10973281750317022,145.0,-0.3074305491611584,-7.252005860329911,-1.0838389495693015,7.489214293562586,8.32727604271626,7.338992397422168,0.8380617491536739,1.305836000107659,0.8571701052158801,0.8470098857711,6.381712434882348,3.4561936211846436,60.3304697850824,7,6.0,1.7030407562353322,False,180.43821297810607,Mahalanobis gate,1
148.8,0,-7.568599103087873,-0.15005694106431772,0.07599517168041765,-8.422894829513593,-0.026886603540614302,-0.059983062812579785,145.0,-0.3074305491611584,-7.252005860329911,-1.0838389495693015,7.570467933684343,8.423151320397915,7.338992397422168,0.8526833867135721,1.3691908223747162,0.8737746851968099,0.8631292604442,6.381712434882348,3.4561936211846436,60.3304697850824,7,6.0,1.7030407562353322,False,180.43821297810607,Mahalanobis gate,1
148.9,0,-7.629505961639043,-0.1495437569881475,0.12391022127200228,-8.502111999731612,-0.018480423158359884,-0.017753360325591314,145.0,-0.3074305491611584,-7.252005860329911,-1.0838389495693015,7.631977351700901,8.50215061992101,7.338992397422168,0.8701732682201095,1.4487777993037014,0.8936931607331718,0.8823938435813052,6.381712434882348,3.4561936211846436,60.3304697850824,7,6.0,1.7030407562353322,False,180.43821297810607,Mahalanobis gate,1
149.0,0,-7.670001462121308,-0.1492646618168277,0.17569288269041733,-8.55879144080825,-0.009788898743952796,0.036502610132265675,145.0,-0.3074305491611584,-7.252005860329911,-1.0838389495693015,7.6734653421539845,8.55887487876401,7.338992397422168,0.8854095366100259,1.496893911709849,0.910370829208574,0.8996672244219494,6.381712434882348,3.4561936211846436,60.3304697850824,7,6.0,1.7030407562353322,False,180.43821297810607,Mahalanobis gate,1
149.10000000000002,0,-7.692362793397609,-0.14926020459618292,0.23324113695451093,-8.35673978324346,0.05067627854084854,0.12112666408373889,145.0,-0.3074305491611584,-7.252005860329911,-1.0838389495693015,7.697345346409487,8.357771207612874,7.338992397422168,0.6604258612033869,1.7171455729749994,0.7028093887768788,0.6938093267792232,6.381712434882348,3.4561936211846436,60.3304697850824,7,6.0,1.7030407562353322,False,180.43821297810607,Mahalanobis gate,1
149.20000000000002,0,-7.700109645914096,-0.14949093476822178,0.29225834531185413,-8.376480558648556,0.05555433399853303,0.18051202366168626,145.0,-0.3074305491611584,-7.252005860329911,-1.0838389495693015,7.707103933325514,8.378609516150618,7.338992397422168,0.6715055828251044,1.762335103292172,0.7155476324041746,0.7067681188599816,6.381712434882348,3.4561936211846436,60.3304697850824,7,6.0,1.7030407562353322,False,180.43821297810607,Mahalanobis gate,1
149.3,0,-7.697483055383818,-0.1498493876370479,0.3474230305455643,-8.387706621555978,0.06573993876127203,0.235031244652477,145.0,-0.3074305491611584,-7.252005860329911,-1.0838389495693015,7.706776433052256,8.391256389528639,7.338992397422168,0.684479956476383,1.8443772359935464,0.7317918026956393,0.7231094861473578,6.381712434882348,3.4561936211846436,60.3304697850824,7,6.0,1.7030407562353322,False,180.43821297810607,Mahalanobis gate,1
149.4,0,-7.688693350184531,-0.15018569940633217,0.39381096358006834,-8.390972726598132,0.07239369088901802,0.28058372035978557,145.0,-0.3074305491611584,-7.252005860329911,-1.0838389495693015,7.700236895869753,8.395974712272851,7.338992397422168,0.6957378164030983,1.9055921384916477,0.7453578443455143,0.7367074775785345,6.381712434882348,3.4561936211846436,60.3304697850824,7,6.0,1.7030407562353322,False,180.43821297810607,Mahalanobis gate,1
149.5,0,-7.677335064084441,-0.150354209246763,0.42767316309451536,-8.395209080169248,0.07904277945742906,0.3111379221478178,145.0,-0.3074305491611584,-7.252005860329911,-1.0838389495693015,7.690707666326288,8.401344539259119,7.338992397422168,0.710636872932831,1.9721311673899349,0.7625919903715134,0.7536352442636168,6.381712434882348,3.4561936211846436,60.3304697850824,7,6.0,1.7030407562353322,False,180.43821297810607,Mahalanobis gate,1
149.60000000000002,0,-7.6660921408832685,-0.1502407229652552,0.44712653257435564,-8.395589851251454,0.08419063057692223,0.33146527738755655,145.0,-0.3074305491611584,-7.252005860329911,-1.0838389495693015,7.680590024437009,8.402552364777442,7.338992397422168,0.7219623403404327,2.0081874959442465,0.7749209604259191,0.7662408035050359,6.381712434882348,3.4561936211846436,60.3304697850824,7,6.0,1.7030407562353322,False,180.43821297810607,Mahalanobis gate,1
149.70000000000002,0,-7.656652747583966,-0.14977942377230707,0.45235543501356934,-8.402531082589354,-0.0757979238621103,0.27246254298316613,145.0,-0.3074305491611584,-7.252005860329911,-1.0838389495693015,7.671466001518678,8.407289084863853,7.338992397422168,0.7358230833451751,1.638377398468784,0.7708237188634213,0.749538359898526,6.381712434882348,3.4561936211846436,60.3304697850824,7,6.0,1.7030407562353322,False,180.43821297810607,Mahalanobis gate,1
149.8,0,-7.64975781591599,-0.14896938926895334,0.4450986357143161,-8.407416286644008,-0.07271735325931028,0.26250672853846624,145.0,-0.3074305491611584,-7.252005860329911,-1.0838389495693015,7.664143743212394,8.411827756969346,7.338992397422168,0.7476840137569525,1.660874616282476,0.7830712201502801,0.7614858706906742,6.381712434882348,3.4561936211846436,60.3304697850824,7,6.0,1.7030407562353322,False,180.43821297810607,Mahalanobis gate,1
149.9,0,-7.645343874318662,-0.147864254847448,0.42765760328530755,-8.412188890102199,-0.07184816235715213,0.2457339516822623,145.0,-0.3074305491611584,-7.252005860329911,-1.0838389495693015,7.658722988859906,8.41608396204567,7.338992397422168,0.7573609731857642,1.648129722249636,0.7917865492429961,0.7706034807535879,6.381712434882348,3.4561936211846436,60.3304697850824,7,6.0,1.7030407562353322,False,180.43821297810607,Mahalanobis gate,1
150.0,0,-7.642858238386956,-0.146560158953972,0.40281113673856217,-8.420145657225428,-0.06653014096032601,0.21910555731198117,145.0,-0.3074305491611584,-7.252005860329911,-1.0838389495693015,7.654868956693679,8.4232586564698,7.338992397422168,0.7683896997761206,1.656706329726349,0.8027006136643305,0.7813965288281214,6.381712434882348,3.4561936211846436,60.3304697850824,7,6.0,1.7030407562353322,False,180.43821297810607,Mahalanobis gate,1
150.10000000000002,0,-7.641529516816634,-0.14517353854538,0.37344968881005014,-7.973858311318222,-0.012027054847198184,0.2654224606346805,145.0,-0.3074305491611584,-7.252005860329911,-1.0838389495693015,7.652026750001987,7.978283656378504,7.338992397422168,0.32625690637651683,1.3401132706118746,0.37395226407032495,0.35800895767573837,6.381712434882348,3.4561936211846436,60.3304697850824,7,6.0,1.7030407562353322,False,180.43821297810607,Mahalanobis gate,1
150.20000000000002,0,-7.6406228842486525,-0.14382251087702336,0.3422585724000159,-7.977045920491182,-0.010089687983108506,0.23200749816525656,145.0,-0.3074305491611584,-7.252005860329911,-1.0838389495693015,7.64963684787196,7.980425483558725,7.338992397422168,0.33078863568676464,1.3481922301392026,0.37844448285545945,0.36202890386517167,6.381712434882348,3.4561936211846436,60.3304697850824,7,6.0,1.7030407562353322,False,180.43821297810607,Mahalanobis gate,1
150.3,0,-7.639576144067045,-0.14259657239013826,0.31137116208877164,-7.988421725352483,-0.005596492293756715,0.19342081327578803,145.0,-0.3074305491611584,-7.252005860329911,-1.0838389495693015,7.647248488445777,7.990764956737108,7.338992397422168,0.3435164682913303,1.3978614867420194,0.392905263790006,0.3747829525589307,6.381712434882348,3.4561936211846436,60.3304697850824,7,6.0,1.7030407562353322,False,180.43821297810607,Mahalanobis gate,1
150.4,0,-7.638030618297369,-0.1415574728405622,0.28172440544840627,-7.991013137593528,-0.005561307008713219,0.16209846549059226,145.0,-0.3074305491611584,-7.252005860329911,-1.0838389495693015,7.644535230135992,7.9926589947177415,7.338992397422168,0.3481237645817492,1.394881727631711,0.3967391858140779,0.3782745247166758,6.381712434882348,3.4561936211846436,60.3304697850824,7,6.0,1.7030407562353322,False,180.43821297810607,Mahalanobis gate,1
150.5,0,-7.63586715014089,-0.14072743389898834,0.25400028590424506,-7.991434370425197,-0.005868960632130972,0.13182785495226235,145.0,-0.3074305491611584,-7.252005860329911,-1.0838389495693015,7.6413864900613415,7.992523776933878,7.338992397422168,0.35113728687253687,1.3957922168834245,0.3994257863950368,0.38028260011809184,6.381712434882348,3.4561936211846436,60.3304697850824,7,6.0,1.7030407562353322,False,180.43821297810607,Mahalanobis gate,1
150.60000000000002,0,-7.633142413932279,-0.14009827657696244,0.22848001437825166,-7.991932519991795,-0.006776222138178916,0.10324585423526038,145.0,-0.3074305491611584,-7.252005860329911,-1.0838389495693015,7.63784614635841,7.992602268829948,7.338992397422168,0.35475612247153787,1.3979034686973546,0.40272658873322104,0.38275985997225015,6.381712434882348,3.4561936211846436,60.3304697850824,7,6.0,1.7030407562353322,False,180.43821297810607,Mahalanobis gate,1
150.70100000000002,0,-7.629685602077988,-0.13959820484378,0.20291558309152338,-7.988061067944571,-0.008116849884252089,0.08175916880847586,145.0,-0.3074305491611584,-7.252005860329911,-1.0838389495693015,7.633659985826794,7.988483590153268,7.338992397422168,0.35482360432647386,1.3628250589535678,0.4004986865883699,0.3817333116680858,6.381712434882348,3.4561936211846436,60.3304697850824,7,6.0,1.7030407562353322,False,180.43821297810607,Mahalanobis gate,1
150.8,0,-7.626680140105536,-0.13929636776834012,0.18375730724372713,-7.954459020009419,-0.08393732261127068,-0.010830049329799817,145.0,-0.3074305491611584,-7.252005860329911,-1.0838389495693015,7.630165147984617,7.954909243046387,7.338992397422168,0.32474409506176993,1.5234412015757737,0.3851854843189437,0.33242084470103,6.381712434882348,3.4561936211846436,60.3304697850824,7,6.0,1.7030407562353322,False,180.43821297810607,Mahalanobis gate,1
150.9,0,-7.623339887032838,-0.1390261990696941,0.16412667918331436,-7.957772422765469,-0.08636125834011817,-0.03308771445313172,145.0,-0.3074305491611584,-7.252005860329911,-1.0838389495693015,7.6263737702838394,7.958309807761722,7.338992397422168,0.3319360374778828,1.5309603596646555,0.3918063730926266,0.338553861207648,6.381712434882348,3.4561936211846436,60.3304697850824,7,6.0,1.7030407562353322,False,180.43821297810607,Mahalanobis gate,1
