timestamp_sim_s,gt_x,gt_y,gt_z,gt_vx,gt_vy,gt_vz,gt_roll,gt_pitch,gt_yaw,est_x,est_y,est_z,est_vx,est_vy,est_vz,est_roll,est_pitch,est_yaw,gps_x_lat_deg,gps_y_lon_deg,gps_z_alt_m,gnss_available,barometer_pa,imu_ax,imu_ay,imu_az,imu_gx,imu_gy,imu_gz
0.1,2.6509683337394563e-11,5.070964041218754e-20,0.029641980835759918,2.933648448787333e-10,-4.9191872785971817e-20,0.0009997873051000726,-2.538913990698178e-18,8.836660292388387e-10,-2.649720825074589e-20,nan,nan,nan,nan,nan,nan,nan,nan,nan,25.032989126441606,121.5654145277815,9.856227706488735,1,101318.78668421414,-0.06622614874675856,0.22783653983940627,9.819616032690062,0.0003075086219327146,0.0063468301920569375,-0.008645005870403153
0.2,5.593059348996121e-11,5.552543831284542e-20,0.029741959566269936,2.923843141875241e-10,8.132447501125765e-20,0.0009997873051000726,-2.5794068572787273e-18,1.864405074769593e-09,-1.746320504743475e-20,nan,nan,nan,nan,nan,nan,nan,nan,nan,25.032989126441606,121.5654145277815,9.856227706488735,1,101335.94685100208,-0.0621222427890429,0.19545952020396493,9.857373540118441,-0.0017912562325554625,0.006739188344236731,-0.00014337534534618833
0.30000000000000004,8.535150364252786e-11,5.158394593007932e-20,0.02984193829677995,2.914037834907194e-10,-8.392955364256394e-20,0.000999787305100073,-2.378964704519157e-18,2.8451445643895568e-09,-2.266845765295962e-20,nan,nan,nan,nan,nan,nan,nan,nan,nan,25.032989126441606,121.5654145277815,9.856227706488735,1,101325.46053831013,-0.07572256561266408,0.17329229109251532,9.795751516804858,-0.0016344680228053358,0.00813460303646239,-0.005375570793756262
0.4,7.794981327080563e-11,2.999380293925812e-20,0.029934377724887797,-5.151835186450871e-10,1.1386730231027314e-19,0.0006935822437131853,-1.1207105009883118e-18,2.5984476792473288e-09,-1.3904063157866584e-20,nan,nan,nan,nan,nan,nan,nan,nan,nan,25.032989126441606,121.5654145277815,9.856227706488735,1,101331.59054204776,-0.10139893813722511,0.2223606097976431,9.833595592887056,-0.005019391742040019,0.008280430935911562,-0.00996824763127709
0.5,4.7175319206615995e-11,3.492999452722926e-20,0.02997596664614939,-2.484712707597894e-10,-7.281793435966053e-19,0.0003351459557432431,-8.117172329481845e-20,1.5726278057570653e-09,2.123558373527639e-20,nan,nan,nan,nan,nan,nan,nan,nan,nan,25.032989126441606,121.5654145277815,9.856227706488735,1,101336.49384423035,-0.08481980202640646,0.20405517258141,9.802302839854677,0.0012401281464290799,0.006697332018089592,-0.0029801939811265965
0.6000000000000001,3.604755383079805e-11,2.129793430650951e-20,0.02999101107664806,-7.765284619756517e-11,8.349271643237427e-20,0.00010482859660633495,1.299453752701653e-18,1.2016987405161217e-09,3.8547536454254907e-20,nan,nan,nan,nan,nan,nan,nan,nan,nan,25.032989126441606,121.5654145277815,9.856227706488735,1,101323.33625190103,-0.10558230383835006,0.1853148548701277,9.804036933507318,-0.0038303284582003366,0.006377548020995078,-0.003357004654372004
0.7000000000000001,3.226752198770555e-11,2.787237769832545e-20,0.029996123635354675,0.0,0.0,0.0,1.1932687841893128e-18,1.0756942003808945e-09,5.13698411612138e-20,nan,nan,nan,nan,nan,nan,nan,nan,nan,25.032989126441606,121.5654145277815,9.856227706488735,1,101327.68584237453,-0.05887125086774726,0.2211316387711322,9.825973470436299,0.000481370211895491,0.005247839659817246,-0.006748155243643491
0.8,3.078642896170436e-11,3.7784260604285445e-20,0.02999812773980606,0.0,0.0,0.0,7.217639002754439e-19,1.0263172534052956e-09,4.8807298302669824e-20,nan,nan,nan,nan,nan,nan,nan,nan,nan,25.032989126441606,121.5654145277815,9.856227706488735,1,101330.42571363936,-0.06721066962232329,0.1976018506679678,9.843186174841051,0.0023990460291336466,0.004920293711841152,-0.002635401837374157
0.9,3.0042968113264124e-11,4.1062264043350927e-20,0.0299991335502575,0.0,0.0,0.0,6.008798259710597e-19,1.0015439588784147e-09,4.8545740576734306e-20,nan,nan,nan,nan,nan,nan,nan,nan,nan,25.032989126441606,121.5654145277815,9.856227706488735,1,101328.42871761588,-0.05363510858815193,0.20932865570262305,9.782809888949817,-0.0006020238427119723,0.006647009997994493,0.0015810352918800925
1.0,3.0042968113264124e-11,4.1062264043350927e-20,0.0299991335502575,0.0,0.0,0.0,6.008798259710597e-19,1.0015439588784147e-09,4.8545740576734306e-20,nan,nan,nan,nan,nan,nan,nan,nan,nan,25.032989126441606,121.5654145277815,9.856227706488735,1,101313.29966941132,-0.053665146673873454,0.21564434036932903,9.828453567554233,0.0022380445293840785,0.004412177899344075,0.00233688160119745
1.1,3.0042968113264124e-11,4.1062264043350927e-20,0.0299991335502575,0.0,0.0,0.0,6.008798259710597e-19,1.0015439588784147e-09,4.8545740576734306e-20,nan,nan,nan,nan,nan,nan,nan,nan,nan,25.03299349693364,121.56539993637709,13.06638894857556,1,101319.2316201203,-0.08597244253166941,0.19100123163784735,9.82900553136869,0.0037324522955625027,0.006098647684045996,0.0019871780465270093
1.2000000000000002,3.0042968113264124e-11,4.1062264043350927e-20,0.0299991335502575,0.0,0.0,0.0,6.008798259710597e-19,1.0015439588784147e-09,4.8545740576734306e-20,nan,nan,nan,nan,nan,nan,nan,nan,nan,25.03299349693364,121.56539993637709,13.06638894857556,1,101321.44574613581,-0.058760541471835875,0.19522345463559546,9.845038234249,0.000661291749840463,0.005861913011698857,-0.005257636561789545
1.3,3.0042968113264124e-11,4.1062264043350927e-20,0.0299991335502575,0.0,0.0,0.0,6.008798259710597e-19,1.0015439588784147e-09,4.8545740576734306e-20,nan,nan,nan,nan,nan,nan,nan,nan,nan,25.03299349693364,121.56539993637709,13.06638894857556,1,101314.68862543761,-0.09711613136169661,0.17981151631801268,9.796273317424127,-0.003816336784423783,0.007898576078606723,-0.0050001429445953
1.4000000000000001,3.0042968113264124e-11,4.1062264043350927e-20,0.0299991335502575,0.0,0.0,0.0,6.008798259710597e-19,1.0015439588784147e-09,4.8545740576734306e-20,nan,nan,nan,nan,nan,nan,nan,nan,nan,25.03299349693364,121.56539993637709,13.06638894857556,1,101315.4388812737,-0.053617556168418484,0.195566871353601,9.873877992097635,0.005540995183871926,0.0070867656154988135,-0.002309642940925915
1.5,3.0042968113264124e-11,4.1062264043350927e-20,0.0299991335502575,0.0,0.0,0.0,6.008798259710597e-19,1.0015439588784147e-09,4.8545740576734306e-20,nan,nan,nan,nan,nan,nan,nan,nan,nan,25.03299349693364,121.56539993637709,13.06638894857556,1,101319.12554716204,-0.05458205773448875,0.22931894694399502,9.840689020082241,-0.007907976672045123,0.003695719204925456,-0.004749707324648235
1.6,3.0042968113264124e-11,4.1062264043350927e-20,0.0299991335502575,0.0,0.0,0.0,6.008798259710597e-19,1.0015439588784147e-09,4.8545740576734306e-20,nan,nan,nan,nan,nan,nan,nan,nan,nan,25.03299349693364,121.56539993637709,13.06638894857556,1,101325.58253658078,-0.07582414308039236,0.20674388715189548,9.836285005373194,-0.0009382200515690158,0.008101163490413836,0.0016256779452126524
1.7000000000000002,3.0042968113264124e-11,4.1062264043350927e-20,0.0299991335502575,0.0,0.0,0.0,6.008798259710597e-19,1.0015439588784147e-09,4.8545740576734306e-20,nan,nan,nan,nan,nan,nan,nan,nan,nan,25.03299349693364,121.56539993637709,13.06638894857556,1,101315.2651455142,-0.07089943430139589,0.2326777453588328,9.79807047403601,0.000535691891272261,0.006823106880976749,0.008468891233066952
1.8,3.0042968113264124e-11,4.1062264043350927e-20,0.0299991335502575,0.0,0.0,0.0,6.008798259710597e-19,1.0015439588784147e-09,4.8545740576734306e-20,nan,nan,nan,nan,nan,nan,nan,nan,nan,25.03299349693364,121.56539993637709,13.06638894857556,1,101326.74068143473,-0.07421352436679379,0.18618554988179187,9.817054880710302,-0.00033555588611918613,0.007197645512891024,-0.00021683739692738072
1.9000000000000001,3.0042968113264124e-11,4.1062264043350927e-20,0.0299991335502575,0.0,0.0,0.0,6.008798259710597e-19,1.0015439588784147e-09,4.8545740576734306e-20,nan,nan,nan,nan,nan,nan,nan,nan,nan,25.03299349693364,121.56539993637709,13.06638894857556,1,101296.87519074268,-0.055627193261579444,0.16770117751255495,9.83212056798867,0.0004707140647100277,0.0031772160847171544,0.002259629185487254
2.0,3.0042968113264124e-11,4.1062264043350927e-20,0.0299991335502575,0.0,0.0,0.0,6.008798259710597e-19,1.0015439588784147e-09,4.8545740576734306e-20,nan,nan,nan,nan,nan,nan,nan,nan,nan,25.03299349693364,121.56539993637709,13.06638894857556,1,101328.17483841548,-0.09554625061724631,0.19677778477136035,9.80984949582673,0.0034535078990626153,0.005590478238205665,0.0041221998620584325
2.1,3.0042968113264124e-11,4.1062264043350927e-20,0.0299991335502575,0.0,0.0,0.0,6.008798259710597e-19,1.0015439588784147e-09,4.8545740576734306e-20,0.8838749030721879,-1.5137476556792744,-4.869969541094843,-0.0012211095744273114,-0.0011187398537951788,0.0013633777024903617,0.01956134012987542,0.006213461304214629,0.0001309907195800094,25.03298633512903,121.56540875843672,5.129940101816001,1,101310.03155694807,-0.0780346235067906,0.19419755062244773,9.808892887569655,0.00780131410378269,0.007783710625635215,0.000885608838503158
2.2,3.0042968113264124e-11,4.1062264043350927e-20,0.0299991335502575,0.0,0.0,0.0,6.008798259710597e-19,1.0015439588784147e-09,4.8545740576734306e-20,0.8837351236819202,-1.5138913180435798,-4.869792697550294,-0.001785990728231904,-0.00153748447185699,0.0022854693485059654,0.019577385031027475,0.006216491998244145,1.7008099408365868e-05,25.03298633512903,121.56540875843672,5.129940101816001,1,101302.1525557409,-0.06325089756407974,0.21082745969963324,9.82085841978761,0.002066936964603695,0.0045942518132276455,0.0032646910983720324
2.3000000000000003,3.0042968113264124e-11,4.1062264043350927e-20,0.0299991335502575,0.0,0.0,0.0,6.008798259710597e-19,1.0015439588784147e-09,4.8545740576734306e-20,0.8835631392956944,-1.514044533682463,-4.869559429331373,-0.0019105578679071001,-0.0015378545414553124,0.0023174008774122434,0.01969082404191763,0.00625193635555954,-0.00010006797323840015,25.03298633512903,121.56540875843672,5.129940101816001,1,101323.61978180984,-0.05532559391337852,0.17538148603059228,9.786655097755638,0.0020344127738092348,0.005032485255949747,0.002655299268374794
2.4000000000000004,3.0042968113264124e-11,4.1062264043350927e-20,0.0299991335502575,0.0,0.0,0.0,6.008798259710597e-19,1.0015439588784147e-09,4.8545740576734306e-20,0.883429868842333,-1.5142543086785105,-4.869349433241972,-0.00012155001024476749,-0.0022806101101575473,0.0022061891027439053,0.019772252610635373,0.006248012658826019,-0.00015654904732894173,25.03298633512903,121.56540875843672,5.129940101816001,1,101329.1291120994,-0.04859280038989532,0.19131842102230376,9.831261283250857,-0.0017335206359141559,0.004895676380513303,-0.0003535691909316297
2.5,3.0042968113264124e-11,4.1062264043350927e-20,0.0299991335502575,0.0,0.0,0.0,6.008798259710597e-19,1.0015439588784147e-09,4.8545740576734306e-20,0.8833944984686626,-1.5145187897447432,-5.0070993173280245,-0.0003494065583895274,-0.0029690412524509976,0.0012364283898174367,0.019642989570599803,0.006276643208726673,1.1383254659089181e-06,25.03298633512903,121.56540875843672,5.129940101816001,1,101313.30163968285,-0.018107896767265284,0.14874853493319468,9.810804614381173,-0.0027270971693855147,0.006148301286355675,-0.0014394922935582596
2.6,3.0042968113264124e-11,4.1062264043350927e-20,0.0299991335502575,0.0,0.0,0.0,6.008798259710597e-19,1.0015439588784147e-09,4.8545740576734306e-20,0.8833670170257593,-1.5148497406760428,-5.007007966667385,-5.977506935413371e-05,-0.0034911275649393042,0.0007654303729994358,0.01956117077988982,0.006304194863663515,0.00013388193575772367,25.03298633512903,121.56540875843672,5.129940101816001,1,101322.36413327101,-0.051776433781591115,0.21516985135397845,9.819400249200283,0.0021216707343629316,0.007007010768838914,0.0017750461071551454
2.7,3.0042968113264124e-11,4.1062264043350927e-20,0.0299991335502575,0.0,0.0,0.0,6.008798259710597e-19,1.0015439588784147e-09,4.8545740576734306e-20,0.8834447358614748,-1.5152503418453804,-5.260805814056248,0.000937052998957814,-0.004626115489391753,-0.0069832257212232305,0.01964264282584758,0.0063640994326426,6.044308025976615e-05,25.03298633512903,121.56540875843672,5.129940101816001,1,101328.74948638408,-0.08906142506525115,0.1676332432835775,9.802674549419908,-0.0012324177948192148,0.004676470056825434,-0.009600525499550823
2.8000000000000003,3.0042968113264124e-11,4.1062264043350927e-20,0.0299991335502575,0.0,0.0,0.0,6.008798259710597e-19,1.0015439588784147e-09,4.8545740576734306e-20,0.8834231139912857,-1.515767691061179,-5.261467263835163,-0.0004243560806157167,-0.005277178900644177,-0.006130298951409423,0.019529523356268036,0.006428743095904688,-0.00019412482204147867,25.03298633512903,121.56540875843672,5.129940101816001,1,101331.56306094762,-0.08242552876674046,0.16578254612421395,9.841322929086097,0.011243042617559795,0.0074415973988898685,0.004843138363560526
2.9000000000000004,3.0042968113264124e-11,4.1062264043350927e-20,0.0299991335502575,0.0,0.0,0.0,6.008798259710597e-19,1.0015439588784147e-09,4.8545740576734306e-20,0.883320064848341,-1.5163596040055671,-5.294130494509778,-0.0013309835083347814,-0.005971030435748836,-0.008648957178633305,0.019573300039636546,0.0064843941771088875,-5.9415296284859656e-05,25.03298633512903,121.56540875843672,5.129940101816001,1,101308.20535497427,-0.06556152364908868,0.2237085515057012,9.773219896906529,0.0039532730421972875,0.007507267315846332,0.003768248707283861
3.0,3.0042968113264124e-11,4.1062264043350927e-20,0.0299991335502575,0.0,0.0,0.0,6.008798259710597e-19,1.0015439588784147e-09,4.8545740576734306e-20,0.8832450223097861,-1.5169181043384368,-5.2950691427130065,-0.000589582237020348,-0.004260857187967391,-0.009755297144655275,0.01936192720661925,0.00643905299725267,0.00012557901797962713,25.03298633512903,121.56540875843672,5.129940101816001,1,101310.41854720809,-0.09211583028553255,0.22516012726766968,9.827773299583514,0.00031168514366477406,0.005643831153498569,-0.007776306921140304
3.1,3.0042968113264124e-11,4.1062264043350927e-20,0.0299991335502575,0.0,0.0,0.0,6.008798259710597e-19,1.0015439588784147e-09,4.8545740576734306e-20,0.6951888355508733,-1.5866165529565515,-5.287643097982905,-0.005928664589769514,-0.004553406966720812,-0.0092619122021694,0.01949368550441169,0.006456053333365741,0.00015046022388865744,25.03298014210865,121.56539041204337,7.927013014220061,1,101326.42214783574,-0.024810813317771845,0.19092513494445065,9.830185092170792,0.0027282706628276583,0.006352070610501453,0.0016009782985130347
3.2,3.0042968113264124e-11,4.1062264043350927e-20,0.0299991335502575,0.0,0.0,0.0,6.008798259710597e-19,1.0015439588784147e-09,4.8545740576734306e-20,0.6946605064263917,-1.5870736519874897,-5.288570176129033,-0.004553229774375157,-0.004847414324905458,-0.009315368902435587,0.019622237804484032,0.006471849891519499,0.00012915634582885693,25.03298014210865,121.56539041204337,7.927013014220061,1,101325.4073882874,-0.032325459585569025,0.18789071952747327,9.810785932574111,-0.0008400841714980227,0.006836359285668935,-0.0029631595593232387
3.3000000000000003,3.0042968113264124e-11,4.1062264043350927e-20,0.0299991335502575,0.0,0.0,0.0,6.008798259710597e-19,1.0015439588784147e-09,4.8545740576734306e-20,0.6941949057627564,-1.5875560266300903,-5.2894974431539294,-0.004824663408710413,-0.004910971500797858,-0.009010287471526945,0.019344856722935323,0.00655889090204731,-0.00015008761137754421,25.03298014210865,121.56539041204337,7.927013014220061,1,101334.72656947382,-0.047075214306478035,0.16526914874226978,9.81298490152864,0.0017153709200425568,0.005044531365079927,-0.005570365893649466
3.4000000000000004,3.0042968113264124e-11,4.1062264043350927e-20,0.0299991335502575,0.0,0.0,0.0,6.008798259710597e-19,1.0015439588784147e-09,4.8545740576734306e-20,0.6937404981085212,-1.5880654439022162,-5.290330339146413,-0.004704611234894593,-0.005280005314921484,-0.008345611461708098,0.01944670637619022,0.0066173875875736865,-2.6372147853580274e-05,25.03298014210865,121.56539041204337,7.927013014220061,1,101306.96467417141,-0.07455271214917776,0.2160383362032867,9.841530189436353,-0.005146101370458747,0.007476855434737312,0.0023097239320683813
3.5,3.0042968113264124e-11,4.1062264043350927e-20,0.0299991335502575,0.0,0.0,0.0,6.008798259710597e-19,1.0015439588784147e-09,4.8545740576734306e-20,0.6932969547392127,-1.5885427980947249,-5.291176207435445,-0.003652262083019153,-0.00442418834947048,-0.008563200458324607,0.019350706637502567,0.006635337529198537,0.00010589441893706607,25.03298014210865,121.56539041204337,7.927013014220061,1,101315.35522677924,-0.025690908336427586,0.20541666019627697,9.85525382279136,0.005473361008238016,0.008087922952348378,0.008248220107810055
3.6,3.0042968113264124e-11,4.1062264043350927e-20,0.0299991335502575,0.0,0.0,0.0,6.008798259710597e-19,1.0015439588784147e-09,4.8545740576734306e-20,0.6930054791434004,-1.5889593410160432,-5.291980378371367,-0.0028814007019339334,-0.0038724786397953343,-0.007993657168787973,0.019307021172669987,0.006665600286433815,0.00027575382607523263,25.03298014210865,121.56539041204337,7.927013014220061,1,101334.33126679162,-0.04946471025637334,0.1774500546287181,9.804673354728681,-0.00042396457788550386,0.00540771354396789,0.0033622912529014137
3.7,3.0042968113264124e-11,4.1062264043350927e-20,0.0299991335502575,0.0,0.0,0.0,6.008798259710597e-19,1.0015439588784147e-09,4.8545740576734306e-20,0.6928041264898387,-1.5893865045045816,-5.114245334280583,-0.0012964926982626105,-0.004395129965828605,0.04819330232537698,0.019311910087735737,0.006675950937365505,0.000403774434557351,25.03298014210865,121.56539041204337,7.927013014220061,1,101324.27812243639,-0.050248881832260624,0.17004193437880757,9.837089016788026,0.004952064063195585,0.0070154500772305305,0.003616558892688632
3.8000000000000003,3.0042968113264124e-11,4.1062264043350927e-20,0.0299991335502575,0.0,0.0,0.0,6.008798259710597e-19,1.0015439588784147e-09,4.8545740576734306e-20,0.6928139208550362,-1.589871702264907,-5.109270145994982,0.0014182106115306512,-0.00539021858317323,0.05096872144042856,0.019304902811502177,0.006679298416744972,0.0004917806625822484,25.03298014210865,121.56539041204337,7.927013014220061,1,101330.96676506402,0.009623242895324312,0.18887652648504547,9.82032689530276,-0.0054283842965199775,0.006835135305918056,-0.0027261232991603523
3.9000000000000004,3.0042968113264124e-11,4.1062264043350927e-20,0.0299991335502575,0.0,0.0,0.0,6.008798259710597e-19,1.0015439588784147e-09,4.8545740576734306e-20,0.6930617570846346,-1.5904059118102167,-5.104097539254299,0.003344591015117673,-0.0055791843999739065,0.05279921662569676,0.019394988186016468,0.006666274047441245,0.00026980560130347546,25.03298014210865,121.56539041204337,7.927013014220061,1,101335.25164946252,-0.05523778240979522,0.1598605189352247,9.848439605491473,-0.0028091559146985624,0.005571172586973429,-0.0012681322483015997
4.0,3.0042968113264124e-11,4.1062264043350927e-20,0.0299991335502575,0.0,0.0,0.0,6.008798259710597e-19,1.0015439588784147e-09,4.8545740576734306e-20,0.6934544418645624,-1.59097443482617,-5.0986895742748155,0.00398311868155787,-0.005870527485140093,0.054853995996585116,0.019255468998972597,0.006711436372399904,0.0004924399785161977,25.03298014210865,121.56539041204337,7.927013014220061,1,101325.86593805994,-0.07454527875488551,0.19753187449279744,9.821441095565477,-0.007664125968599927,0.007844026497478432,-0.002311272609088655
4.1000000000000005,3.0042968113264124e-11,4.1062264043350927e-20,0.0299991335502575,0.0,0.0,0.0,6.008798259710597e-19,1.0015439588784147e-09,4.8545740576734306e-20,0.7305654749404095,-1.543358834745063,-5.0393204912629805,0.00825610231367203,-0.0006404138499845957,0.08094864627249176,0.018996304010959003,0.006876935734088763,0.0005021702883142281,25.032989885844856,121.56541042012756,10.269577920369493,1,101317.29196200462,-0.09471369892624021,0.1609751393000254,9.850625334241395,0.005190868750458815,0.004092476101072003,-0.0007669899548419417
4.2,3.0042968113264124e-11,4.1062264043350927e-20,0.0299991335502575,0.0,0.0,0.0,6.008798259710597e-19,1.0015439588784147e-09,4.8545740576734306e-20,0.7314503966749465,-1.5434485296187703,-5.0310521039710006,0.008841665775476857,-0.0013703771874437535,0.08417140940252674,0.01907487922836072,0.007005397254446599,0.0003592466953609222,25.032989885844856,121.56541042012756,10.269577920369493,1,101324.32193365559,-0.03386956801838622,0.161332333676147,9.869313277797152,0.0006296622798478834,0.0050347000537141464,-0.004989923682114184
4.300000000000001,3.0042968113264124e-11,4.1062264043350927e-20,0.0299991335502575,0.0,0.0,0.0,6.008798259710597e-19,1.0015439588784147e-09,4.8545740576734306e-20,0.7324653536119922,-1.5435536408900246,-4.973112944299162,0.011766337612553487,-0.0009101795417678007,0.11346430680618085,0.019237129046136336,0.007102678632865622,0.0004166828004855787,25.032989885844856,121.56541042012756,10.269577920369493,1,101312.9685415288,-0.04609392460477002,0.19065548029583584,9.815492531620531,0.009633774185926371,0.005693198552125947,0.0018902159996868734
4.4,3.0042968113264124e-11,4.1062264043350927e-20,0.0299991335502575,0.0,0.0,0.0,6.008798259710597e-19,1.0015439588784147e-09,4.8545740576734306e-20,0.7337091811763528,-1.5437087106677045,-4.961628875036339,0.01366243437785933,-0.001796330024818903,0.117185692838953,0.019272949530082926,0.007166111013897414,0.0006133208315500047,25.032989885844856,121.56541042012756,10.269577920369493,1,101312.39572366017,-0.01829355990581314,0.2151284529755561,9.841350555102387,-0.0013333219675805037,0.007401223268937085,-0.0028742327203875023
4.5,3.0042968113264124e-11,4.1062264043350927e-20,0.0299991335502575,0.0,0.0,0.0,6.008798259710597e-19,1.0015439588784147e-09,4.8545740576734306e-20,0.7351546271922547,-1.5438597806349705,-4.949722239358855,0.014881097348152475,-0.0012158570550383386,0.12156451138674516,0.019255344474159435,0.007224705166575696,0.0006002900486794874,25.032989885844856,121.56541042012756,10.269577920369493,1,101326.00878648603,-0.06937402779512236,0.19991015658443528,9.80222492016141,0.0020239669777034433,0.004844552190852473,-0.009985471753606446
4.6000000000000005,3.0042968113264124e-11,4.1062264043350927e-20,0.0299991335502575,0.0,0.0,0.0,6.008798259710597e-19,1.0015439588784147e-09,4.8545740576734306e-20,0.736749836255404,-1.5439915131236939,-4.937432780853147,0.016634288345186446,-0.0015845157504825761,0.12438746508762594,0.019344077910695166,0.0072410327275356234,0.0005473797974922482,25.032989885844856,121.56541042012756,10.269577920369493,1,101327.82356754375,-0.07957669600003604,0.166820937522116,9.811764542396897,0.005520225851062323,0.005830184304321816,-0.0007561512575132903
4.7,3.0042968113264124e-11,4.1062264043350927e-20,0.0299991335502575,0.0,0.0,0.0,6.008798259710597e-19,1.0015439588784147e-09,4.8545740576734306e-20,0.7385766562948219,-1.5441437787857133,-4.963547843366482,0.019676207896449107,-0.001738896502728698,0.10587651960987189,0.01928446158419448,0.007254253801163513,0.0006553813973589704,25.032989885844856,121.56541042012756,10.269577920369493,1,101319.19655542668,-0.02986617907405136,0.19943652552282162,9.853538032451642,-0.0003649276964802562,0.004936901290024769,0.004844673544442
4.800000000000001,3.0042968113264124e-11,4.1062264043350927e-20,0.0299991335502575,0.0,0.0,0.0,6.008798259710597e-19,1.0015439588784147e-09,4.8545740576734306e-20,0.7406558375400494,-1.544288733599676,-4.952831457690686,0.021972795957583904,-0.0015518872620269132,0.10892009261295106,0.019357134835612078,0.007342029829257468,0.0006048854493695514,25.032989885844856,121.56541042012756,10.269577920369493,1,101327.31929907341,-0.07984319485251615,0.15721633260738288,9.824181707435182,-0.0032402175864518715,0.006640837892872086,0.0032236246957060987
4.9,3.0042968113264124e-11,4.1062264043350927e-20,0.0299991335502575,0.0,0.0,0.0,6.008798259710597e-19,1.0015439588784147e-09,4.8545740576734306e-20,0.7429940461073661,-1.544449159094509,-4.965371671507578,0.024573834838024618,-0.0014656843691978941,0.09879208206978544,0.01947591706739948,0.00739860733892006,0.0006074094863927695,25.032989885844856,121.56541042012756,10.269577920369493,1,101313.72965544755,-0.04816083825588779,0.2161981582633699,9.847898009592056,0.0020379864898662707,0.008320469940931425,0.004722683799720038
5.0,3.0042968113264124e-11,4.1062264043350927e-20,0.0299991335502575,0.0,0.0,0.0,6.008798259710597e-19,1.0015439588784147e-09,4.8545740576734306e-20,0.7455653031057412,-1.5445834089714323,-4.9553081014246425,0.026839050062360037,-0.0016659106210531926,0.10277393687702259,0.01960485193351641,0.007477047213228616,0.0007057251900902638,25.032989885844856,121.56541042012756,10.269577920369493,1,101309.15903964864,-0.004034949850079017,0.1874153231688842,9.839316202966389,0.00313657534987498,0.004816954807456036,-0.0049092800358334
5.1000000000000005,3.0042968113264124e-11,4.1062264043350927e-20,0.0299991335502575,0.0,0.0,0.0,6.008798259710597e-19,1.0015439588784147e-09,4.8545740576734306e-20,0.4887824175831446,-1.6838647448030646,-5.057107521236149,-0.042097261360318536,-0.04079168534016787,0.038315649665806424,0.020366714095440434,0.006121742427875221,0.0005934482648728388,25.032976474566066,121.56538775158332,6.404770448369275,1,101330.24292537283,-0.06849052734933596,0.19259456203063846,9.851902467431906,0.00451548391576831,0.005447209889587924,-0.005042005729822025
5.2,3.0042968113264124e-11,4.1062264043350927e-20,0.0299991335502575,0.0,0.0,0.0,6.008798259710597e-19,1.0015439588784147e-09,4.8545740576734306e-20,0.4845890932481427,-1.6880569159302439,-5.05324405709761,-0.04214566100163879,-0.0432396056294367,0.038933114395456575,0.020159462469229623,0.006191916774621831,0.000636106831645231,25.032976474566066,121.56538775158332,6.404770448369275,1,101324.64636416217,-0.08685014291735926,0.18553225120878133,9.781498653615914,-0.004672526341467715,0.00851974621161747,-0.002273669719502223
5.300000000000001,3.0042968113264124e-11,4.1062264043350927e-20,0.0299991335502575,0.0,0.0,0.0,6.008798259710597e-19,1.0015439588784147e-09,4.8545740576734306e-20,0.4803296176874224,-1.6924615186935033,-4.997962291623076,-0.04222368940426438,-0.045076817214330246,0.07051929887274286,0.020276155755911116,0.006268527696784432,0.0007368802354524428,25.032976474566066,121.56538775158332,6.404770448369275,1,101314.21641362333,-0.058813810539855564,0.19189880838242598,9.83758574054535,-0.001917033399773802,0.008040813942261558,-0.006687165637900816
5.4,3.0042968113264124e-11,4.1062264043350927e-20,0.0299991335502575,0.0,0.0,0.0,6.008798259710597e-19,1.0015439588784147e-09,4.8545740576734306e-20,0.47609233498757847,-1.6970804128345849,-4.9908283317222,-0.042041562742325414,-0.047288792567679504,0.07204336193879234,0.020203941814880406,0.006295739191033878,0.0006114347381955022,25.032976474566066,121.56538775158332,6.404770448369275,1,101325.66109951238,-0.05800810377122059,0.18248821359809292,9.85292348829284,0.006005642561703831,0.007715829706219908,-0.005273103121395031
5.5,3.0042968113264124e-11,4.1062264043350927e-20,0.0299991335502575,0.0,0.0,0.0,6.008798259710597e-19,1.0015439588784147e-09,4.8545740576734306e-20,0.4718240043582063,-1.70184956496156,-4.966067610541858,-0.04282839669769079,-0.04805713940679979,0.08468160599579848,0.020458509777050618,0.006413831696669758,0.0005696731669291525,25.032976474566066,121.56538775158332,6.404770448369275,1,101323.34686830218,-0.0709770542109866,0.18536389570714454,9.873283978241455,0.004185326413645886,0.007278534960953492,-0.001017868108477872
5.6000000000000005,3.0042968113264124e-11,4.1062264043350927e-20,0.0299991335502575,0.0,0.0,0.0,6.008798259710597e-19,1.0015439588784147e-09,4.8545740576734306e-20,0.46759413569972735,-1.706768078949639,-4.957426336941741,-0.04134124285272918,-0.05030938076941391,0.08723433619574869,0.02058010305271417,0.0065005793050691985,0.0005732304471028626,25.032976474566066,121.56538775158332,6.404770448369275,1,101337.79965889906,-0.049202769559631335,0.19035104120477386,9.822555531587241,0.0068901042810876915,0.0063272480958900534,-0.004156302600553761
5.7,3.0042968113264124e-11,4.1062264043350927e-20,0.0299991335502575,0.0,0.0,0.0,6.008798259710597e-19,1.0015439588784147e-09,4.8545740576734306e-20,0.4635492242985923,-1.7119527719312622,-4.948543277998605,-0.03964315938708963,-0.05290825046555961,0.09002413085368023,0.02064375141089529,0.006585483317432583,0.00025862685266687946,25.032976474566066,121.56538775158332,6.404770448369275,1,101315.35724014425,-0.05797565040301908,0.17997795539554284,9.850372969485344,0.0011705203590895925,0.00700944103756921,0.002386066936821098
5.800000000000001,3.0042968113264124e-11,4.1062264043350927e-20,0.0299991335502575,0.0,0.0,0.0,6.008798259710597e-19,1.0015439588784147e-09,4.8545740576734306e-20,0.45960060614426335,-1.7173406468745953,-4.939479879419876,-0.03931359247984982,-0.05494292957039451,0.09157967289429401,0.02053479289372954,0.006595419686268089,0.0002272432014372855,25.032976474566066,121.56538775158332,6.404770448369275,1,101327.7685641476,-0.05624762828309736,0.157533163880603,9.81937503254839,0.004211945074381652,0.006933714474934555,-0.003974376163085699
5.9,3.0042968113264124e-11,4.1062264043350927e-20,0.0299991335502575,0.0,0.0,0.0,6.008798259710597e-19,1.0015439588784147e-09,4.8545740576734306e-20,0.45569453106441465,-1.723004139808165,-4.969553528262481,-0.0395229211086144,-0.05759638661877362,0.07144808524142682,0.020728148393373225,0.0067421611256763825,1.1251230671872545e-05,25.032976474566066,121.56538775158332,6.404770448369275,1,101311.81143788602,-0.06109796952635079,0.1954450123062352,9.847184965569868,-0.010534172462294798,0.008539342563633031,-0.00395890845873085
6.0,3.0042968113264124e-11,4.1062264043350927e-20,0.0299991335502575,0.0,0.0,0.0,6.008798259710597e-19,1.0015439588784147e-09,4.8545740576734306e-20,0.45173032903962407,-1.7289048870423824,-4.96226710395422,-0.03969188493118197,-0.06060484257380234,0.07350213835384024,0.02054203765827082,0.006743403532522008,-9.60617374302225e-06,25.032976474566066,121.56538775158332,6.404770448369275,1,101320.12559320801,-0.026856549063103835,0.22751641940639153,9.79442501910737,6.503190186740455e-05,0.005982846527450553,-0.002790355948852629
6.1000000000000005,3.0042968113264124e-11,4.1062264043350927e-20,0.0299991335502575,0.0,0.0,0.0,6.008798259710597e-19,1.0015439588784147e-09,4.8545740576734306e-20,0.1459216794194468,-1.0485991525792,-4.80970302234145,-0.15551432414426042,0.20303202927326894,0.15665283449087333,0.014934498150145773,0.0042718678963800105,0.0001728063994659943,25.033014095724756,121.5653901445684,9.979259576726848,1,101326.00401012618,-0.04703772628082763,0.23206562856783575,9.87761208891306,0.0042695551195207826,0.00510894832039578,0.00041665695279925275
6.2,3.0042968113264124e-11,4.1062264043350927e-20,0.0299991335502575,0.0,0.0,0.0,6.008798259710597e-19,1.0015439588784147e-09,4.8545740576734306e-20,0.13020524468448794,-1.0279459449797919,-4.793825555918766,-0.15865098877055303,0.20970818061050261,0.1606744464865539,0.014815164299849285,0.004194786232033065,0.00024843460547675604,25.033014095724756,121.5653901445684,9.979259576726848,1,101327.22495592797,-0.05535773670839561,0.14986336288647625,9.833001155775325,0.008264767418988527,0.0063680742469425285,-0.004217006257340646
6.300000000000001,3.0042968113264124e-11,4.1062264043350927e-20,0.0299991335502575,0.0,0.0,0.0,6.008798259710597e-19,1.0015439588784147e-09,4.8545740576734306e-20,0.11420857869360619,-1.0067367231243642,-4.836791575570526,-0.16288120639850476,0.21571077949864934,0.13248236371421465,0.01457817651015902,0.004234929962580791,-2.732195569994829e-05,25.033014095724756,121.5653901445684,9.979259576726848,1,101329.00372622289,-0.07884680683991065,0.1897277837904504,9.849289704564077,0.0002651129187100543,0.0073813568691975945,0.002461370488520279
6.4,3.0042968113264124e-11,4.1062264043350927e-20,0.0299991335502575,0.0,0.0,0.0,6.008798259710597e-19,1.0015439588784147e-09,4.8545740576734306e-20,0.0977400590871891,-0.9848002827473546,-4.823379755533627,-0.16657622430618066,0.2233011960235924,0.1352556368192822,0.014460973634193516,0.0043099827067580865,5.0592850701574633e-05,25.033014095724756,121.5653901445684,9.979259576726848,1,101334.61008620789,-0.05383699285376327,0.1684821151158475,9.79726088570896,0.0037453713602851046,0.006646943158602915,-0.0022561985523570738
6.5,3.0042968113264124e-11,4.1062264043350927e-20,0.0299991335502575,0.0,0.0,0.0,6.008798259710597e-19,1.0015439588784147e-09,4.8545740576734306e-20,0.08112433671938757,-0.9623124331778375,-4.997469370612235,-0.16935515592093786,0.229500930089441,0.039344287859364016,0.014341424133808761,0.004347161776728337,0.0003597106354479374,25.033014095724756,121.5653901445684,9.979259576726848,1,101307.2029793225,-0.062171896718821874,0.18689936399354112,9.80730574426979,0.00369054628208791,0.007062077909211326,0.004415416543847566
6.6000000000000005,3.0042968113264124e-11,4.1062264043350927e-20,0.0299991335502575,0.0,0.0,0.0,6.008798259710597e-19,1.0015439588784147e-09,4.8545740576734306e-20,0.06391333756609392,-0.9390418825072692,-4.9935388306480615,-0.1747796576101872,0.23619482418376758,0.03957457334186564,0.014320251089756812,0.004326174014238182,0.0004902903344656982,25.033014095724756,121.5653901445684,9.979259576726848,1,101304.5681061108,-0.0657390965826709,0.18798081264948865,9.796815064256426,-0.004504807188359192,0.0070795717619992,-0.004943529608738745
6.7,3.0042968113264124e-11,4.1062264043350927e-20,0.0299991335502575,0.0,0.0,0.0,6.008798259710597e-19,1.0015439588784147e-09,4.8545740576734306e-20,0.04624146119651121,-0.9150723296683527,-4.989542450062556,-0.17903701184805643,0.24319341115804968,0.04036186742023336,0.014160729829416569,0.004357782082772044,0.0003830628591617539,25.033014095724756,121.5653901445684,9.979259576726848,1,101326.55241007064,-0.06907556766967987,0.19317864823942338,9.846698751700893,-0.0008524933749067861,0.005817757712551739,0.0019351107399833611
6.800000000000001,3.0042968113264124e-11,4.1062264043350927e-20,0.0299991335502575,0.0,0.0,0.0,6.008798259710597e-19,1.0015439588784147e-09,4.8545740576734306e-20,0.028164489487241876,-0.8903891996523452,-4.985471636705106,-0.18195394492100123,0.25046103158801303,0.04081572537511394,0.014131067007022264,0.0043875205719376975,0.00016192694322821402,25.033014095724756,121.5653901445684,9.979259576726848,1,101311.80893122609,-0.023644594002019816,0.1902288343399408,9.808098830107925,0.0025639717466785453,0.006422447335607993,-0.0003008367015928168
6.9,3.0042968113264124e-11,4.1062264043350927e-20,0.0299991335502575,0.0,0.0,0.0,6.008798259710597e-19,1.0015439588784147e-09,4.8545740576734306e-20,0.009782083941432498,-0.8649991682167925,-4.981408955417756,-0.18567192242980063,0.2573028537569854,0.040632747028507915,0.013939859420420562,0.004389742280863418,0.00022364317451929999,25.033014095724756,121.5653901445684,9.979259576726848,1,101315.49708575611,-0.03070885268132423,0.17212863217460855,9.795483835757699,-0.003015341192295925,0.0053664358954782325,-0.0022880996770259067
7.0,3.0042968113264124e-11,4.1062264043350927e-20,0.0299991335502575,0.0,0.0,0.0,6.008798259710597e-19,1.0015439588784147e-09,4.8545740576734306e-20,-0.008906528126728014,-0.8388779301207058,-4.977407651357309,-0.1881629472621153,0.2652144038598667,0.0402017065403883,0.013375181440230798,0.004368269358617782,0.00013204737879411906,25.033014095724756,121.5653901445684,9.979259576726848,1,101309.01925066451,-0.03810669185908864,0.1742242119891059,9.831887861599965,0.003424054882242343,0.00629881716409469,0.0016458859760819736
7.1000000000000005,3.0042968113264124e-11,4.1062264043350927e-20,0.0299991335502575,0.0,0.0,0.0,6.008798259710597e-19,1.0015439588784147e-09,4.8545740576734306e-20,0.5579287878248195,-0.14013951976935032,-4.991787171320653,0.06769892816935656,0.5533151556940836,0.03040171330335429,0.0073231190833104864,0.010156771388424968,0.00019231259678060197,25.033010749077338,121.56541465284738,3.954517621150859,1,101321.16088565189,-0.06837919265620836,0.20698825723635642,9.825620164981622,0.002940803854999531,0.0052739070041587476,0.003294240701197322
7.2,3.0042968113264124e-11,4.1062264043350927e-20,0.0299991335502575,0.0,0.0,0.0,6.008798259710597e-19,1.0015439588784147e-09,4.8545740576734306e-20,0.5649307920636063,-0.08395956588305484,-4.988744018043827,0.07295222501483654,0.5700737850981322,0.030621034609090544,0.007168176248923061,0.010179395567078364,0.00013043565974110802,25.033010749077338,121.56541465284738,3.954517621150859,1,101322.38425979952,-0.02515732094013506,0.22064846720345951,9.782081516235568,0.006352930207372145,0.005847373999317455,-0.013003239250434524
7.300000000000001,3.0042968113264124e-11,4.1062264043350927e-20,0.0299991335502575,0.0,0.0,0.0,6.008798259710597e-19,1.0015439588784147e-09,4.8545740576734306e-20,0.5725029202127104,-0.026369061788893824,-4.873562818033585,0.07744327637025494,0.5857675475459437,0.08225162646260169,0.007218905627912345,0.010266009503241635,0.0001536061977520254,25.033010749077338,121.56541465284738,3.954517621150859,1,101339.89320541835,-0.03615884094466243,0.19031135889698048,9.810743201797015,-0.0035283465770163907,0.00699927771486326,0.0008392270103556599
7.4,3.0042968113264124e-11,4.1062264043350927e-20,0.0299991335502575,0.0,0.0,0.0,6.008798259710597e-19,1.0015439588784147e-09,4.8545740576734306e-20,0.5804745951443464,0.03307209681848226,-4.865307481778496,0.0822924549642293,0.6022590446987003,0.0831587117013478,0.007314803100354195,0.010357450158312353,3.1195423244934246e-05,25.033010749077338,121.56541465284738,3.954517621150859,1,101314.52621967658,-0.03134540008801723,0.20046212849475123,9.817056378116098,0.006093597043335886,0.006743383319041114,0.0073947897144733855
7.500000000000001,3.0042968113264124e-11,4.1062264043350927e-20,0.0299991335502575,0.0,0.0,0.0,6.008798259710597e-19,1.0015439588784147e-09,4.8545740576734306e-20,0.5892576222835025,0.09331007033148873,-4.624406383389971,0.08883199552630991,0.6169643081510836,0.1885136981475481,0.00709193548839304,0.010487975904779567,0.00015227821375586635,25.033010749077338,121.56541465284738,3.954517621150859,1,101324.84888507164,-0.08340631996472828,0.18876402199169728,9.82249798822194,0.0034819850970932323,0.006036148325140753,0.0007390989606330996
7.6000000000000005,3.0042968113264124e-11,4.1062264043350927e-20,0.0299991335502575,0.0,0.0,0.0,6.008798259710597e-19,1.0015439588784147e-09,4.8545740576734306e-20,0.598405113123203,0.15583064522710774,-4.605372373412754,0.09455867039440598,0.6332504136839697,0.19204703502716852,0.006783635249176896,0.010617492501303616,0.00016884746248206324,25.033010749077338,121.56541465284738,3.954517621150859,1,101331.09473730266,-0.020892309538797914,0.17879044071420422,9.814420838410722,-0.0032316799606554878,0.006497320506914881,-0.0060670247859729715
7.7,3.0042968113264124e-11,4.1062264043350927e-20,0.0299991335502575,0.0,0.0,0.0,6.008798259710597e-19,1.0015439588784147e-09,4.8545740576734306e-20,0.6079180761521807,0.22107427895104326,-4.776003680984839,0.09849958019838596,0.6505759473439491,0.11145362653303717,0.006546828284263974,0.01075703182071952,0.0003997054663028004,25.033010749077338,121.56541465284738,3.954517621150859,1,101329.92498110037,-0.07862857641092744,0.1879722706174001,9.824158355297666,-0.006240373578596283,0.007849971850001414,0.004032754366208767
7.800000000000001,3.0042968113264124e-11,4.1062264043350927e-20,0.0299991335502575,0.0,0.0,0.0,6.008798259710597e-19,1.0015439588784147e-09,4.8545740576734306e-20,0.6180126241161911,0.28698828938777465,-4.764826859458704,0.10343118499324848,0.6674090173435928,0.1125940799135869,0.006348406614280905,0.010922357378368774,0.00025247775855044346,25.033010749077338,121.56541465284738,3.954517621150859,1,101319.94439158212,-0.031246092354964887,0.1786516756349968,9.847940047454514,0.003110494165283313,0.007847502748939538,-0.004219876917572259
7.9,3.0042968113264124e-11,4.1062264043350927e-20,0.0299991335502575,0.0,0.0,0.0,6.008798259710597e-19,1.0015439588784147e-09,4.8545740576734306e-20,0.6286707710254461,0.35388525397021997,-4.678773592391952,0.10850983117522646,0.6842116517711162,0.1465500926360057,0.006114420816862853,0.01101969244079326,0.00019785886695836835,25.033010749077338,121.56541465284738,3.954517621150859,1,101317.34574814145,-0.08735762951115753,0.16916416371369286,9.846896113916344,-0.002167578261039197,0.005633331212003673,0.007234620609581657
8.0,3.0042968113264124e-11,4.1062264043350927e-20,0.0299991335502575,0.0,0.0,0.0,6.008798259710597e-19,1.0015439588784147e-09,4.8545740576734306e-20,0.6398122730110634,0.4231543036089354,-4.663987556645496,0.11456498638276746,0.7008811163106435,0.14820854310299858,0.0058102412270050795,0.01122932099621976,0.0003038455470752103,25.033010749077338,121.56541465284738,3.954517621150859,1,101326.79979587889,-0.04092188447173309,0.19011440482125638,9.809355812400565,0.002475882259337951,0.00907419478393199,0.004285744819542658
8.1,3.0042968113264124e-11,4.1062264043350927e-20,0.0299991335502575,0.0,0.0,0.0,6.008798259710597e-19,1.0015439588784147e-09,4.8545740576734306e-20,0.3228685188377606,0.8492155316511696,-4.711047778217562,0.004110040108311361,0.8459129234239494,0.12277944792346734,0.003335665566132784,0.009172141843033499,0.00026381266082695825,25.033014446900538,121.56539551976923,8.260771603733488,1,101335.40363379502,-0.05355026769109337,0.25694350628282103,9.83340378580923,-0.0010240054643154402,0.00949227821528226,-0.0047106244714271404
8.200000000000001,3.0042968113264124e-11,4.1062264043350927e-20,0.0299991335502575,0.0,0.0,0.0,6.008798259710597e-19,1.0015439588784147e-09,4.8545740576734306e-20,0.32348706273006633,0.934990972113885,-4.69869625826472,0.007726579933732336,0.8690398810736917,0.12361307632561737,0.003229934678997081,0.009322758407739107,0.00020338387589838997,25.033014446900538,121.56539551976923,8.260771603733488,1,101330.43325591556,-0.061972758792093796,0.18138807868585968,9.793126634515604,0.0015487404350473914,0.0077604698135312665,0.007489449710249385
8.3,3.0042968113264124e-11,4.1062264043350927e-20,0.0299991335502575,0.0,0.0,0.0,6.008798259710597e-19,1.0015439588784147e-09,4.8545740576734306e-20,0.32457109179066407,1.0249076241515107,-4.807909009713374,0.011683413362986677,0.8902920701663664,0.07549040402182931,0.002991299177947295,0.009499829830658113,-9.401329223431378e-05,25.033014446900538,121.56539551976923,8.260771603733488,1,101332.27219136842,-0.020233345699165694,0.17996533831258585,9.8451439881778,-0.004849380886766507,0.007543301768972222,0.0029658377501542055
8.4,3.0042968113264124e-11,4.1062264043350927e-20,0.0299991335502575,0.0,0.0,0.0,6.008798259710597e-19,1.0015439588784147e-09,4.8545740576734306e-20,0.32596882440374586,1.1149708434061747,-4.800351602074342,0.015589349212660293,0.911396374160088,0.0756789514706367,0.002820971427145773,0.009597011517875398,-0.00014869764840782325,25.033014446900538,121.56539551976923,8.260771603733488,1,101303.37565873745,-0.03104598576843369,0.20630145355649346,9.845715542656812,0.0014833265728916298,0.007259325928912934,-0.006325908745431479
8.5,3.0042968113264124e-11,4.1062264043350927e-20,0.0299991335502575,0.0,0.0,0.0,6.008798259710597e-19,1.0015439588784147e-09,4.8545740576734306e-20,0.3277711796219379,1.2068623355577779,-4.780242714294176,0.021248162320069895,0.9329793563405043,0.08008979010803435,0.002750135654470525,0.009732661884535032,-8.19544662336684e-05,25.033014446900538,121.56539551976923,8.260771603733488,1,101326.89793148621,-0.01588621654967811,0.22362083788912526,9.84422941487576,0.0022209625342661217,0.011091430411368553,-0.003024410403972446
8.600000000000001,3.0042968113264124e-11,4.1062264043350927e-20,0.0299991335502575,0.0,0.0,0.0,6.008798259710597e-19,1.0015439588784147e-09,4.8545740576734306e-20,0.3300689163265619,1.30127645656054,-4.772153125825567,0.02478228119477239,0.9549457690297729,0.08185018351604226,0.002701402576036841,0.009897227385132767,-0.00033430796307037654,25.033014446900538,121.56539551976923,8.260771603733488,1,101318.36733444803,-0.04880077577482293,0.22032008830763877,9.841442300467143,0.01548633936612029,0.005629601138876547,0.004746969369687045
8.700000000000001,3.0042968113264124e-11,4.1062264043350927e-20,0.0299991335502575,0.0,0.0,0.0,6.008798259710597e-19,1.0015439588784147e-09,4.8545740576734306e-20,0.33236492804498635,1.394829816561431,-4.680283353045509,0.028541712939907527,0.9740323546599817,0.11495041269262433,0.002655677064312625,0.010064439489183119,-0.00036280387040993865,25.033014446900538,121.56539551976923,8.260771603733488,1,101323.1786267824,-0.020320298497511678,0.18981802100415518,9.855425066304665,-0.00100931686260141,0.009412462353390352,-0.013445150732429021
8.8,3.0042968113264124e-11,4.1062264043350927e-20,0.0299991335502575,0.0,0.0,0.0,6.008798259710597e-19,1.0015439588784147e-09,4.8545740576734306e-20,0.33546957509821446,1.493365235416476,-4.668686110559238,0.03339072104343351,0.9962997636802565,0.11699759357179262,0.0023298409677729773,0.010229179955961953,-0.00047045352720128525,25.033014446900538,121.56539551976923,8.260771603733488,1,101309.94903957918,-0.030241326419935134,0.20657484497709844,9.813995241072748,0.0013620495693649785,0.006248975285495021,0.00034853375023390456
8.9,3.0042968113264124e-11,4.1062264043350927e-20,0.0299991335502575,0.0,0.0,0.0,6.008798259710597e-19,1.0015439588784147e-09,4.8545740576734306e-20,0.3377483592686979,1.5850562226750353,-4.476547772094249,0.037528665973731085,1.013542311835553,0.186825808095998,0.0023354356902726718,0.01041450644173425,-0.0004616407599761041,25.033014446900538,121.56539551976923,8.260771603733488,1,101308.51183632058,-0.06245685704683162,0.19017780821875926,9.815458250221427,0.0013312686849360172,0.008165407332241971,-0.0004335734204992934
9.0,3.0042968113264124e-11,4.1062264043350927e-20,0.0299991335502575,0.0,0.0,0.0,6.008798259710597e-19,1.0015439588784147e-09,4.8545740576734306e-20,0.34166224412763874,1.6874966587563334,-4.457723184512837,0.041400409185575096,1.0353589083037247,0.1901474264007993,0.00224204316343245,0.010602305930071498,-0.0005306520127440746,25.033014446900538,121.56539551976923,8.260771603733488,1,101321.85246804949,-0.02544229456180598,0.18789904373865066,9.797748498447683,0.002483422878156749,0.007246248956951153,-0.008847291774735696
9.100000000000001,3.0042968113264124e-11,4.1062264043350927e-20,0.0299991335502575,0.0,0.0,0.0,6.008798259710597e-19,1.0015439588784147e-09,4.8545740576734306e-20,0.644863857565446,0.9093413139640538,-4.443906473914785,0.15489558860157587,0.7367831688609126,0.19175902204715392,0.008773872388569115,0.013040913162213563,-0.0007620634052833367,25.03299485315178,121.5654109534845,10.611607230413377,1,101317.22402691451,-0.01658298876633558,0.16804292846881072,9.864628919575376,-0.007248531443146825,0.008269456671274874,-0.0032434919832520196
9.200000000000001,3.0042968113264124e-11,4.1062264043350927e-20,0.0299991335502575,0.0,0.0,0.0,6.008798259710597e-19,1.0015439588784147e-09,4.8545740576734306e-20,0.6608433148060706,0.9837486233220039,-4.42459682614714,0.16430359432068029,0.7510796140254484,0.193963815182332,0.008683545224190955,0.013270653104436203,-0.0007744869026640065,25.03299485315178,121.5654109534845,10.611607230413377,1,101311.4260373481,-0.058505031204075575,0.16823893924285033,9.806091612272086,-0.003279272742368237,0.007643698792369375,0.0007257534278771625
9.3,3.0042968113264124e-11,4.1062264043350927e-20,0.0299991335502575,0.0,0.0,0.0,6.008798259710597e-19,1.0015439588784147e-09,4.8545740576734306e-20,0.6765478550172351,1.0531872172273569,-4.29448091575489,0.17034070190078604,0.7615980796325312,0.23759313370571292,0.008599605213623362,0.013393446702851586,-0.00082650901865785,25.03299485315178,121.5654109534845,10.611607230413377,1,101331.52137838703,0.009281160022296842,0.17072759761435766,9.821892219231355,-0.0064116294946606435,0.0076759094487003025,-0.0012589674621189062
9.4,3.0042968113264124e-11,4.1062264043350927e-20,0.0299991335502575,0.0,0.0,0.0,6.008798259710597e-19,1.0015439588784147e-09,4.8545740576734306e-20,0.694051677608673,1.1301007690208833,-4.270563436389668,0.1791664345492098,0.7768408742602172,0.24070550722899986,0.008459539601896401,0.013606623687821395,-0.0007942516455966622,25.03299485315178,121.5654109534845,10.611607230413377,1,101334.60081150995,-0.06193850434955808,0.2173572761395382,9.840965115802991,-0.002172226682280775,0.0076086308709741686,0.0012986950892752533
9.5,3.0042968113264124e-11,4.1062264043350927e-20,0.0299991335502575,0.0,0.0,0.0,6.008798259710597e-19,1.0015439588784147e-09,4.8545740576734306e-20,0.7123511223896901,1.2085760606165656,-4.246312876781354,0.18647417140350758,0.792592277027209,0.2434184471828465,0.008348988422064281,0.013773227170408076,-0.0008931204887189419,25.03299485315178,121.5654109534845,10.611607230413377,1,101324.13730075961,-0.07352632156820581,0.2069230530573817,9.807656135729994,0.00044072276641508466,0.0066356975155446385,0.0017956690931805134
9.600000000000001,3.0042968113264124e-11,4.1062264043350927e-20,0.0299991335502575,0.0,0.0,0.0,6.008798259710597e-19,1.0015439588784147e-09,4.8545740576734306e-20,0.7313661692372296,1.288625160673982,-4.221777306941292,0.1940087527655448,0.8084904738933464,0.2468769912973279,0.008080470355885376,0.014013557049073366,-0.0010729592268585624,25.03299485315178,121.5654109534845,10.611607230413377,1,101320.14749735878,-0.09651842802668231,0.1988906386487468,9.778509942628652,-0.007569900483947394,0.00892621219867629,0.0029187635096229957
9.700000000000001,3.0042968113264124e-11,4.1062264043350927e-20,0.0299991335502575,0.0,0.0,0.0,6.008798259710597e-19,1.0015439588784147e-09,4.8545740576734306e-20,0.7511467746449699,1.370218352855395,-4.196998680061439,0.2019486802481281,0.8235236461262762,0.24940901136919794,0.007828676201499858,0.014248824703571916,-0.001060155743220094,25.03299485315178,121.5654109534845,10.611607230413377,1,101294.6468246533,-0.07112646060391922,0.20298537174784392,9.789664697241589,0.0044730789808583886,0.008233993536349701,0.0015182328578185536
9.8,3.0042968113264124e-11,4.1062264043350927e-20,0.0299991335502575,0.0,0.0,0.0,6.008798259710597e-19,1.0015439588784147e-09,4.8545740576734306e-20,0.7717363695080584,1.4533697451463536,-4.1719258531918495,0.21028813953380956,0.8396185310769636,0.2525206162834352,0.007774467777316191,0.014482227936764458,-0.001144603257582628,25.03299485315178,121.5654109534845,10.611607230413377,1,101329.04479735029,-0.05273036884112595,0.19837534821446784,9.841578357033878,0.0012750410152899438,0.008694254114787294,-0.004283151678138912
9.9,3.0042968113264124e-11,4.1062264043350927e-20,0.0299991335502575,0.0,0.0,0.0,6.008798259710597e-19,1.0015439588784147e-09,4.8545740576734306e-20,0.7932289187753981,1.5382139789407185,-4.146517551023751,0.2193542305339044,0.8572774795055248,0.2561990626309989,0.007619979259064158,0.014710329651118847,-0.0011134651823555435,25.03299485315178,121.5654109534845,10.611607230413377,1,101326.78211636699,-0.030070159345048284,0.20010897494778335,9.837656182858067,-0.0003298879105191345,0.008791694633756727,-0.002220784678230674
10.0,3.0042968113264124e-11,4.1062264043350927e-20,0.0299991335502575,0.0,0.0,0.0,6.008798259710597e-19,1.0015439588784147e-09,4.8545740576734306e-20,0.8156365339973162,1.6247318538519797,-4.120783451948107,0.22885579547071458,0.8734310462852296,0.2587370081351056,0.007504540416226098,0.014913911667047808,-0.0010385789036403735,25.03299485315178,121.5654109534845,10.611607230413377,1,101321.18627131503,-0.04990242572975617,0.22426680870765017,9.860899895497957,0.009888028576943791,0.008098291521544196,-0.00593467796441508
10.100000000000001,3.0042968113264124e-11,4.1062264043350927e-20,0.0299991335502575,0.0,0.0,0.0,6.008798259710597e-19,1.0015439588784147e-09,4.8545740576734306e-20,1.302946982436378,0.7034578267659386,-4.122741007973525,0.4055691631939482,0.5259761748012542,0.25326654593274955,0.015672151080405497,0.018928575540368753,-0.00117590188588515,25.03299478178897,121.5654181406572,12.290246132673705,1,101315.59927398825,-0.040296027206173035,0.23008203936853278,9.807952803812407,0.0028828778049833394,0.009670641166947299,-0.002329171656332715
10.200000000000001,3.0042968113264124e-11,4.1062264043350927e-20,0.0299991335502575,0.0,0.0,0.0,6.008798259710597e-19,1.0015439588784147e-09,4.8545740576734306e-20,1.344160550347822,0.7564335507217216,-4.097292035553541,0.4184532897976785,0.5335963027462629,0.2552996140834655,0.015619343217889837,0.0192280429998426,-0.0011711428239629586,25.03299478178897,121.5654181406572,12.290246132673705,1,101325.06348569886,-0.06474740088876382,0.2015189393334635,9.803642574054193,0.0031167792495755487,0.008124199989724672,-0.0028944030301396714
10.3,3.0042968113264124e-11,4.1062264043350927e-20,0.0299991335502575,0.0,0.0,0.0,6.008798259710597e-19,1.0015439588784147e-09,4.8545740576734306e-20,1.3866961775509001,0.8101392248283666,-4.071613155228372,0.4323042231972034,0.5411392462275761,0.25836052614003685,0.015687658113158497,0.019526938827759688,-0.0011032402762608884,25.03299478178897,121.5654181406572,12.290246132673705,1,101328.86060021471,-0.07806216943180591,0.18576711042941313,9.827090734028832,-0.00031828235759615676,0.008458699675008096,0.007750777443157393
10.4,3.0042968113264124e-11,4.1062264043350927e-20,0.0299991335502575,0.0,0.0,0.0,6.008798259710597e-19,1.0015439588784147e-09,4.8545740576734306e-20,1.4305927533920433,0.8646225609318186,-4.045763267368485,0.44666516636710635,0.5487481234741729,0.2594361420303655,0.015558249563364535,0.01976854061750455,-0.0012335487858599363,25.03299478178897,121.5654181406572,12.290246132673705,1,101320.80153204752,-0.02333265398440467,0.18983540479727143,9.85057828996792,0.001831062919257601,0.007336087417576038,0.0018469160134815435
10.5,3.0042968113264124e-11,4.1062264043350927e-20,0.0299991335502575,0.0,0.0,0.0,6.008798259710597e-19,1.0015439588784147e-09,4.8545740576734306e-20,1.4788375528003457,0.9301023298024127,-4.120862604380281,0.4626631828807173,0.5618406112438261,0.22879076034210277,0.015269211853229839,0.02002409419630391,-0.0010087647280924601,25.03299478178897,121.5654181406572,12.290246132673705,1,101336.13529886543,-0.04901335847330794,0.17926915007746433,9.811558797557637,0.0011608656129180389,0.006162997527824314,0.0020066819595563248
10.600000000000001,3.0042968113264124e-11,4.1062264043350927e-20,0.0299991335502575,0.0,0.0,0.0,6.008798259710597e-19,1.0015439588784147e-09,4.8545740576734306e-20,1.5258572677960354,0.9867218201982616,-4.097880997308603,0.47838370050111606,0.5705588005387305,0.23070684609371955,0.015090493037872806,0.02030657088945098,-0.00102938091039316,25.03299478178897,121.5654181406572,12.290246132673705,1,101312.73403057503,0.0012076603446044831,0.2049653264858357,9.836745790020487,-0.006183125720426416,0.00991646452915204,-0.0047561703530256925
10.700000000000001,3.0042968113264124e-11,4.1062264043350927e-20,0.0299991335502575,0.0,0.0,0.0,6.008798259710597e-19,1.0015439588784147e-09,4.8545740576734306e-20,1.572599031033763,1.0381791679526886,-4.023885309868937,0.49289466115426683,0.5751886282497841,0.24966181763970127,0.015107073618910408,0.020532615000574905,-0.0010764437787885552,25.03299478178897,121.5654181406572,12.290246132673705,1,101326.03902893825,-0.0806018821620518,0.2286187507603271,9.823746485868107,-0.002539291845599041,0.007417765697567301,-0.005847324216356322
10.8,3.0042968113264124e-11,4.1062264043350927e-20,0.0299991335502575,0.0,0.0,0.0,6.008798259710597e-19,1.0015439588784147e-09,4.8545740576734306e-20,1.6226478424395325,1.0960719094756353,-3.9988289136313173,0.5080983925429392,0.5820906991581075,0.2514515161747005,0.015053560689212007,0.020835574385905664,-0.0012299571516371718,25.03299478178897,121.5654181406572,12.290246132673705,1,101320.70909290921,-0.04193261750829115,0.19840069581453126,9.807601616796548,0.00274264415539703,0.007865578964798916,-0.0038838405963629737
10.9,3.0042968113264124e-11,4.1062264043350927e-20,0.0299991335502575,0.0,0.0,0.0,6.008798259710597e-19,1.0015439588784147e-09,4.8545740576734306e-20,1.6787746361029439,1.1672206433108683,-4.0661155803976525,0.526918888083966,0.5960480780209934,0.22391950186746565,0.01479200893123489,0.02122575191678311,-0.0013192861206783113,25.03299478178897,121.5654181406572,12.290246132673705,1,101311.83621128311,0.011098550678519871,0.20444935189465366,9.8040620049063,0.002794721093339503,0.008450134159862375,-0.005049240770499548
11.0,3.0042968113264124e-11,4.1062264043350927e-20,0.0299991335502575,0.0,0.0,0.0,6.008798259710597e-19,1.0015439588784147e-09,4.8545740576734306e-20,1.7323444319890817,1.2272867489544863,-4.043594087545513,0.5448956793729486,0.6045936106760178,0.22679497780566094,0.014815684645982461,0.021577256675243017,-0.0012868187012246768,25.03299478178897,121.5654181406572,12.290246132673705,1,101313.20085300592,-0.03704378942301172,0.14935880351230246,9.830942987603033,0.009347253031463878,0.008724260048467427,-0.0034532331155133493
11.100000000000001,3.0042968113264124e-11,4.1062264043350927e-20,0.0299991335502575,0.0,0.0,0.0,6.008798259710597e-19,1.0015439588784147e-09,4.8545740576734306e-20,1.2337242449750894,0.24217507472069533,-3.968010694944702,0.3635937989264906,0.23860412929874622,0.24694009606207237,0.02369436345141351,0.01732904134257307,-0.00113565756305627,25.032992063779542,121.5654061045793,11.475076910533382,1,101312.65018299593,0.0018774926049546989,0.17756098024288786,9.83818726171738,-0.007205638866204261,0.008614997381402157,-0.0016611131532165628
11.200000000000001,3.0042968113264124e-11,4.1062264043350927e-20,0.0299991335502575,0.0,0.0,0.0,6.008798259710597e-19,1.0015439588784147e-09,4.8545740576734306e-20,1.2707392100849797,0.26601874835358613,-3.943143000622497,0.37643118545656057,0.23867395719618414,0.24997907995332758,0.023774775650592828,0.017465291140297934,-0.0011907802725322023,25.032992063779542,121.5654061045793,11.475076910533382,1,101304.54866924734,-0.043090837121320495,0.2133294173980144,9.807407716119007,-0.001961806792629278,0.007803437628147612,0.0038041021017514937
11.3,3.0042968113264124e-11,4.1062264043350927e-20,0.0299991335502575,0.0,0.0,0.0,6.008798259710597e-19,1.0015439588784147e-09,4.8545740576734306e-20,1.317513644516446,0.30763264693505243,-4.101336851181548,0.39433166884413523,0.24811629501720178,0.19555403033485871,0.02314795474935296,0.01792143790561207,-0.0011483919558024497,25.032992063779542,121.5654061045793,11.475076910533382,1,101325.45962411609,-0.03478821725912076,0.17092265141392576,9.854378299843736,-0.0021427820700002974,0.008974247154225639,-0.0050455554437432515
11.4,3.0042968113264124e-11,4.1062264043350927e-20,0.0299991335502575,0.0,0.0,0.0,6.008798259710597e-19,1.0015439588784147e-09,4.8545740576734306e-20,1.3576340079263018,0.3324002793604859,-4.081720227564003,0.4089565802482505,0.24754346228853524,0.19647231535618884,0.02304692709590577,0.018162855479855855,-0.001249826943634928,25.032992063779542,121.5654061045793,11.475076910533382,1,101319.92923521016,-0.0006426397314203205,0.1584894974547333,9.822476795342617,0.009208053913643112,0.007775639236025822,0.0038467002151225125
11.5,3.0042968113264124e-11,4.1062264043350927e-20,0.0299991335502575,0.0,0.0,0.0,6.008798259710597e-19,1.0015439588784147e-09,4.8545740576734306e-20,1.402542935987726,0.3632364013974899,-4.116769243336299,0.4246377761494969,0.25051314943115416,0.18021391909330978,0.02307704250223845,0.01844403989673138,-0.0011503517456119255,25.032992063779542,121.5654061045793,11.475076910533382,1,101321.11193332885,-0.045984889810121346,0.17827335173431513,9.839983303440627,0.007289277459594521,0.008430773479892729,0.0022005818669482446
11.600000000000001,3.0042968113264124e-11,4.1062264043350927e-20,0.0299991335502575,0.0,0.0,0.0,6.008798259710597e-19,1.0015439588784147e-09,4.8545740576734306e-20,1.445654660189673,0.3882437296197717,-4.098678990536293,0.43779565605735005,0.2505744050964484,0.18144670023697765,0.0230871124514481,0.018710757223715513,-0.0011405822371462985,25.032992063779542,121.5654061045793,11.475076910533382,1,101303.66854733396,-0.0040012975767374295,0.18763486443416597,9.8770748080983,-0.00019451024108695314,0.0073316306837376225,0.007717740578378566
11.700000000000001,3.0042968113264124e-11,4.1062264043350927e-20,0.0299991335502575,0.0,0.0,0.0,6.008798259710597e-19,1.0015439588784147e-09,4.8545740576734306e-20,1.4787354578834873,0.39503004067770076,-3.9355715305073087,0.44662547462892244,0.2411945814450657,0.22686387215604203,0.023529724543664872,0.018721982825828265,-0.0009374451472363952,25.032992063779542,121.5654061045793,11.475076910533382,1,101323.69205307252,-0.06218977237495728,0.19188711271957265,9.826481221974584,0.006062328161793993,0.0081360277851851,0.0022496616432597476
11.8,3.0042968113264124e-11,4.1062264043350927e-20,0.0299991335502575,0.0,0.0,0.0,6.008798259710597e-19,1.0015439588784147e-09,4.8545740576734306e-20,1.5241075055760127,0.4191095413084574,-3.9127737178921707,0.4611648446297957,0.2404958894320342,0.22874015835746261,0.023493085933133682,0.01895627376839082,-0.0010150708820387232,25.032992063779542,121.5654061045793,11.475076910533382,1,101329.99983403929,-0.013554369429921564,0.16702410432411255,9.841459010235852,-0.003248426628713171,0.009190091252968404,-0.002432476178574249
11.9,3.0042968113264124e-11,4.1062264043350927e-20,0.0299991335502575,0.0,0.0,0.0,6.008798259710597e-19,1.0015439588784147e-09,4.8545740576734306e-20,1.5710373375279918,0.44319318165342436,-3.889800874216033,0.4769974621710116,0.24119648082636624,0.23062890829513827,0.023514236999133013,0.019220671494770247,-0.0010560784277931449,25.032992063779542,121.5654061045793,11.475076910533382,1,101310.04111853597,-0.03959297695823327,0.17114477781450793,9.839552285716628,-0.0045081730282375,0.007464902411322588,0.015636049345142126
12.0,3.0042968113264124e-11,4.1062264043350927e-20,0.0299991335502575,0.0,0.0,0.0,6.008798259710597e-19,1.0015439588784147e-09,4.8545740576734306e-20,1.6194311674517965,0.4672815850493153,-3.866626944982914,0.49093372589219825,0.24041768141709774,0.23280661673168207,0.023635500271317986,0.019418018612435972,-0.0007440501645889722,25.032992063779542,121.5654061045793,11.475076910533382,1,101331.53217690573,-0.03192408580415376,0.18815606387182274,9.81892139914039,-0.0003627206667535889,0.007684768827121944,0.005091356003167344
12.100000000000001,3.0042968113264124e-11,4.1062264043350927e-20,0.0299991335502575,0.0,0.0,0.0,6.008798259710597e-19,1.0015439588784147e-09,4.8545740576734306e-20,-0.6165643054839505,0.872007837618215,-3.8298130279381786,-0.39894114788117374,0.30949143578977406,0.24628728755856244,0.0236221460333556,-0.004467667147662668,-0.0006111991798255396,25.03301752028902,121.56538308805887,12.964240707796954,1,101330.1495428332,0.007761914104842303,0.18541953752866663,9.845166507174914,-0.0006901117302568501,0.008677865917117262,-0.004434419579563768
12.200000000000001,3.0042968113264124e-11,4.1062264043350927e-20,0.0299991335502575,0.0,0.0,0.0,6.008798259710597e-19,1.0015439588784147e-09,4.8545740576734306e-20,-0.6568193774793669,0.9029859290493002,-3.8051407739445486,-0.4064240553333766,0.3098522824017329,0.2473955004320831,0.02370373455621931,-0.004583337517751307,-0.0005867914715557716,25.03301752028902,121.56538308805887,12.964240707796954,1,101324.50906381173,-0.04061079269632602,0.19642351166511948,9.811374792214218,0.008823589385919412,0.008085013117849546,0.0030160093002596644
12.3,3.0042968113264124e-11,4.1062264043350927e-20,0.0299991335502575,0.0,0.0,0.0,6.008798259710597e-19,1.0015439588784147e-09,4.8545740576734306e-20,-0.695449901600115,0.936618952716481,-3.8629809946525513,-0.41110023494447306,0.31274521592395627,0.22363090030925437,0.023572736384722237,-0.004561744868798012,-0.00038460398265148694,25.03301752028902,121.56538308805887,12.964240707796954,1,101323.8698693559,-0.014975445956948656,0.18531813747958295,9.803931401891559,-0.0023510093641723067,0.00752084007401172,6.074833193311089e-05
12.4,3.0042968113264124e-11,4.1062264043350927e-20,0.0299991335502575,0.0,0.0,0.0,6.008798259710597e-19,1.0015439588784147e-09,4.8545740576734306e-20,-0.7368933325569804,0.9679304517417471,-3.840521813073027,-0.4174355149426648,0.3130980219738239,0.22581785056978557,0.023514133723172292,-0.004635659906937484,-0.0004157536604995505,25.03301752028902,121.56538308805887,12.964240707796954,1,101323.86042038717,-0.03874177943432235,0.20150462014397033,9.854400179268909,0.003757607436068809,0.00852725198267043,-0.00813571957963269
12.5,3.0042968113264124e-11,4.1062264043350927e-20,0.0299991335502575,0.0,0.0,0.0,6.008798259710597e-19,1.0015439588784147e-09,4.8545740576734306e-20,-0.7744016969415581,1.0038523371696515,-3.949502092085953,-0.42130180704197934,0.3157479535502458,0.18903302914350126,0.023562204346346073,-0.004577940911207001,-0.00056676167019825,25.03301752028902,121.56538308805887,12.964240707796954,1,101316.50097722386,-0.030259370413880327,0.18966416266307767,9.795988898725906,0.0044188213699165365,0.007500661272438091,-0.002681483918334261
12.600000000000001,3.0042968113264124e-11,4.1062264043350927e-20,0.0299991335502575,0.0,0.0,0.0,6.008798259710597e-19,1.0015439588784147e-09,4.8545740576734306e-20,-0.8168847118610931,1.0354610565053801,-3.93054990810969,-0.4278842293519608,0.31581944277583385,0.1903836938972777,0.0237231322276043,-0.004658900481605777,-0.00044255874426039205,25.03301752028902,121.56538308805887,12.964240707796954,1,101314.34064140425,-0.008607000731989434,0.17367115667886793,9.838740440713893,-0.004725347941635063,0.006638172791070915,0.009492003142600925
12.700000000000001,3.0042968113264124e-11,4.1062264043350927e-20,0.0299991335502575,0.0,0.0,0.0,6.008798259710597e-19,1.0015439588784147e-09,4.8545740576734306e-20,-0.8605843219865373,1.0664105067544452,-3.8964310871649874,-0.43415763768774396,0.3144639795979198,0.19459110022057427,0.02354120633492582,-0.004720176042781299,-0.00038302424380212523,25.03301752028902,121.56538308805887,12.964240707796954,1,101315.95400611527,-0.01954891297404565,0.17552897518815813,9.819738868780542,0.004648726953174624,0.007211257570569076,-0.0037727001929056874
12.8,3.0042968113264124e-11,4.1062264043350927e-20,0.0299991335502575,0.0,0.0,0.0,6.008798259710597e-19,1.0015439588784147e-09,4.8545740576734306e-20,-0.9043391761538397,1.0978505009938577,-3.8769210482998155,-0.4406801329001683,0.31411224640706525,0.1957770627428439,0.023641355995084063,-0.004804856159242421,-0.0001618677741520129,25.03301752028902,121.56538308805887,12.964240707796954,1,101317.7103220306,-0.0042531758569657255,0.15579698970129172,9.84958408095623,0.0035731642986418883,0.0060636747572501235,0.008489155239438356
12.9,3.0042968113264124e-11,4.1062264043350927e-20,0.0299991335502575,0.0,0.0,0.0,6.008798259710597e-19,1.0015439588784147e-09,4.8545740576734306e-20,-0.9463855331343077,1.1313243651809268,-3.90713348821748,-0.4464562400810191,0.3145974654679015,0.18168120796055323,0.02360591327204454,-0.0047857911674900055,-5.5352986251994835e-05,25.03301752028902,121.56538308805887,12.964240707796954,1,101299.65394593727,0.011717673233785662,0.18178451342522148,9.791950476164724,0.0021256791414595274,0.0054483925752589315,0.002065418218267289
13.0,3.0042968113264124e-11,4.1062264043350927e-20,0.0299991335502575,0.0,0.0,0.0,6.008798259710597e-19,1.0015439588784147e-09,4.8545740576734306e-20,-0.9913695460616447,1.1627459773294286,-3.8889901811509704,-0.45307233422640086,0.3140938796624264,0.18197419300202458,0.023521715571591315,-0.004872743724970929,0.00016030898862873406,25.03301752028902,121.56538308805887,12.964240707796954,1,101322.39018947736,-0.051074233135357874,0.22632579252670593,9.866310938636566,-0.003568161541364813,0.008381191651096012,-0.011008489939350765
13.100000000000001,3.0042968113264124e-11,4.1062264043350927e-20,0.0299991335502575,0.0,0.0,0.0,6.008798259710597e-19,1.0015439588784147e-09,4.8545740576734306e-20,-0.4078408206892745,0.5090632171451416,-3.9497756927508423,-0.27707259165965425,0.11763221831075531,0.16029931504453224,0.027335585764733137,-0.0014052280061442879,-1.7252733020819977e-05,25.032993524219812,121.56540713289965,11.631331913234547,1,101339.34833901256,-0.06270787613662346,0.1706220768615854,9.802383640133245,0.0010969301180064064,0.007996751982681391,-0.0017030866962662356
13.200000000000001,3.0042968113264124e-11,4.1062264043350927e-20,0.0299991335502575,0.0,0.0,0.0,6.008798259710597e-19,1.0015439588784147e-09,4.8545740576734306e-20,-0.4357829765328971,0.5206363687278358,-3.93376389048887,-0.28203928582267784,0.11345636752586075,0.16031098215858966,0.027198698453214494,-0.0014354459534793307,-6.121974180153984e-05,25.032993524219812,121.56540713289965,11.631331913234547,1,101326.94843993455,-0.03027535411615412,0.16834699983449167,9.80998567082156,0.0032594840107154715,0.007871351135665018,-4.5453328436620226e-05
13.3,3.0042968113264124e-11,4.1062264043350927e-20,0.0299991335502575,0.0,0.0,0.0,6.008798259710597e-19,1.0015439588784147e-09,4.8545740576734306e-20,-0.46093969574889015,0.5343013352609713,-3.9970042458669925,-0.28248764913064744,0.11104076113744443,0.1377340334665757,0.027219532335763408,-0.0013235239813067512,-1.561826966145312e-05,25.032993524219812,121.56540713289965,11.631331913234547,1,101345.14053338535,-0.031134167094477992,0.20491731721332612,9.79425952652879,0.0018128189630610215,0.008890759025972944,-0.0004020872362493802
13.4,2.4210970653859576e-06,-1.356647395458373e-10,0.029963452512994294,0.00024234987875673838,-1.3566121870078567e-08,-0.0035680900020578915,-3.463469007064472e-10,0.0001143622780976905,-4.2385356134201036e-10,-0.48941166775308154,0.5452094844534309,-3.9832408772280714,-0.28700820433703944,0.10760594982322214,0.13126611767751276,0.027214631524273586,-0.0012591827129506683,2.6774726638085014e-05,25.032993524219812,121.56540713289965,11.631331913234547,1,101318.73272723619,-0.040180605849177445,0.16788728869886416,8.376056154607607,0.001846733092868478,0.034384607534556154,0.0007913216563604437
13.5,0.0001999494832323756,2.8434735493839122e-08,0.03423719219571117,0.003907132029004114,6.426149340254893e-07,0.1367963363203168,-2.606044050910316e-06,0.010541674562405623,-8.324948081605761e-09,-0.5162278814327985,0.5570643135227014,-4.008535100305455,-0.28488811677043635,0.09994042429465287,0.2714877861652249,0.02717417879357665,0.009142297303963876,0.00018379799720803953,25.032993524219812,121.56540713289965,11.631331913234547,1,101299.63419290536,-0.04697386834772897,0.16135536756663987,12.036316503275701,-0.0020646478438155007,0.09825433480682365,0.0033799067188004317
13.600000000000001,0.0015585264586192027,3.747340116691684e-07,0.05982580373699008,0.015470843950539334,3.7017380031278977e-06,0.35350324232888414,-8.61219874587185e-06,0.018034267893377365,-3.270538131447417e-08,-0.5441052669384795,0.5665860958438018,-3.9705696116149567,-0.27071326192357514,0.0907357376249041,0.4883907862595943,0.027266313223542102,0.016670825276039025,0.0005288011955134359,25.032993524219812,121.56540713289965,11.631331913234547,1,101335.81358166193,-0.026218215682674975,0.18823580016853633,12.013638328432174,0.0018633735857125201,0.06603940393006831,0.0015106723644447559
13.700000000000001,0.004990640070257846,1.7789515023782666e-06,0.10719365665973954,0.032821599142073415,1.0571578210288804e-05,0.5730655968863416,-2.0761478576624734e-05,0.021906933043903454,-5.923781473685382e-08,-0.5669798543174775,0.5773694098936007,-3.9757470598242803,-0.24797855309901795,0.08170551589714849,0.6885911771932262,0.027217207257117994,0.020676742605709286,0.0005725800172813947,25.032993524219812,121.56540713289965,11.631331913234547,1,101323.82438694732,-0.0031421978664963462,0.17892532251745952,11.981969090833646,-0.003089321660161936,0.02605909441374877,0.0007758702124836343
13.8,0.010944073492050121,5.635116454067469e-06,0.17637881035658023,0.05369925589997804,2.51997338760384e-05,0.7907261009588307,-3.9032814969582204e-05,0.022030210709855558,-1.3114906372090984e-07,-0.5906780836437462,0.5850631616105344,-3.895973792150326,-0.22638451932565662,0.07246872805335754,0.9065455821201684,0.027212156785923015,0.02081960223902568,0.0008350474728790556,25.032993524219812,121.56540713289965,11.631331913234547,1,101328.3159646955,-0.016840018085122227,0.19024043824773962,11.964878302553164,-0.0003777669958596583,-0.008808320007320342,0.003176797520319771
13.9,0.019396266681773522,1.411989538951731e-05,0.26708776220232083,0.07561208977610505,5.2199971870371154e-05,1.0043098721200807,-6.162016508978922e-05,0.018970904748999207,-1.0779691373689513e-07,-0.6041567475252073,0.5967225138787299,-3.941900927367385,-0.20167133758456574,0.06585308121752213,1.0776181385259804,0.027108269707095654,0.017951861078364884,0.0007068003227439605,25.032993524219812,121.56540713289965,11.631331913234547,1,101323.19732701853,-0.0886392744753589,0.19431090969873788,11.916024975894981,-0.00516125304472882,-0.03343445130172716,0.001081218647858801
14.0,0.029934986417403386,2.9866849572160592e-05,0.3788441798467987,0.09609019207775539,9.60307723832665e-05,1.2122015519903322,-8.504969983761596e-05,0.013689693347438858,1.2443892740071974e-07,-0.623607451364027,0.6027855004412692,-3.823742282822855,-0.18822428025036889,0.055283129013851275,1.284480842023495,0.02718189821253867,0.012696551585823501,0.0006663400728030774,25.032993524219812,121.56540713289965,11.631331913234547,1,101332.13289273172,-0.04703921157143055,0.1755932274378449,11.823436634084201,-0.0036431237523299655,-0.05309863743411086,0.003347268849141235
14.100000000000001,0.04188950234937705,5.552226239952732e-05,0.5110893873563676,0.11292803836135923,0.00016050314797340934,1.413993953298102,-0.0001049274156409679,0.007337278919086643,5.812704667771079e-07,-0.14506101704531202,0.20433165217696628,-3.6618470561174563,-0.020850953908188138,-0.08506732832332833,1.4911362053669515,0.030030634387092487,0.0097624987884386,0.0007163013413001192,25.03299656644745,121.56540585378642,12.947172107139968,1,101313.25518881703,-0.04162332387244476,0.20330472250004475,11.805620435583114,-0.0020297601128792717,-0.056845641532558826,0.0014335538618648312
14.200000000000001,0.054479721529460956,9.322417480683042e-05,0.6632786157842527,0.12442108595580983,0.0002476938115433351,1.6104226335545675,-0.00011680805238193059,0.0010512290634825394,1.1724389173294581e-06,-0.14693974657669331,0.19521481385260087,-3.5028454653633387,-0.017887343812473814,-0.09762597148217425,1.6882015210665016,0.030001311189306042,0.003533176046003117,0.0005878402672511301,25.03299656644745,121.56540585378642,12.947172107139968,1,101332.54365714519,-0.06536565908015614,0.16124729226112622,11.781134764712721,-0.005879006384343148,-0.05097716279940246,-0.006759454690068452
14.3,0.06695426372123281,0.00014410779935640123,0.8349583765034123,0.12955692614884812,0.0003568313081417004,1.802987479995173,-0.00011711398678329517,-0.00421350869512116,1.7505465369669777e-06,-0.1489321097096632,0.1848412468581684,-3.324415010636983,-0.022435843625953716,-0.1099002565200235,1.8798733573378494,0.030274580562527825,-0.001682071380323169,0.0005761709284589408,25.03299656644745,121.56540585378642,12.947172107139968,1,101302.67616688463,-0.02529379598192203,0.1914746561370669,11.740856449883355,0.0007048964167182536,-0.03726460487517893,0.0028101657754578922
14.4,0.07869861804591527,0.00020793205432189036,1.0258192492312002,0.12812974738725819,0.00048344815068577146,1.993474765688444,-0.00010390711432074916,-0.007802402661279073,2.1934545460537547e-06,-0.1516652864251179,0.1732508286152769,-3.126966940014792,-0.033080786375580463,-0.12246003130986526,2.0687089237257563,0.030365013971342253,-0.005250490487018755,0.00023742147493474412,25.03299656644745,121.56540585378642,12.947172107139968,1,101318.30722273953,-0.07311714434105372,0.18663999094453124,11.686618364691727,0.002747131320969227,-0.01813815721363568,-0.0030863114165388906
14.500000000000002,0.08930435415355259,0.000282882580224329,1.2357217566114787,0.12075738132992911,0.0006184624931916849,2.1836382366632416,-7.751568086807975e-05,-0.009418401244850605,2.4425550458644484e-06,-0.14751328289005314,0.16190131703390245,-3.059806329650574,-0.040685835559774654,-0.13359847739551597,2.2167141543094813,0.030565428376660618,-0.006704525431912467,0.00032552647074150266,25.03299656644745,121.56540585378642,12.947172107139968,1,101312.23098367297,-0.05998914659986329,0.21721512537894372,11.746505071393994,0.004659439027290553,0.002321728372855281,0.005150541077618365
14.600000000000001,0.09859829683786991,0.0003656218669717511,1.464638819107063,0.10894028907367266,0.000751845191745293,2.3723936642588925,-3.940145412076622e-05,-0.009198481721450324,2.525934281160866e-06,-0.15223549601855874,0.1478765911029609,-2.82868816047736,-0.05359067187977977,-0.1466460584005637,2.4039677461746622,0.03080651689696961,-0.006420248396666883,0.00023057287156258606,25.03299656644745,121.56540585378642,12.947172107139968,1,101305.75780107049,-0.039360929275306836,0.16243988731265593,11.615558316080316,7.420216452911018e-05,0.01602406692251568,0.0038862277671203507
14.700000000000001,0.106630397655191,0.00045146193352499326,1.7109460550581912,0.09623063675184314,0.0008742663182548336,2.5286182789149594,9.464466402583241e-06,-0.008314682735233392,2.642804010634656e-06,-0.16147486126503127,0.1324192660524531,-2.526042660968622,-0.06644827707636007,-0.1594655144085739,2.5726167281445163,0.030950202813172744,-0.005562972690931867,0.0005138455269150279,25.03299656644745,121.56540585378642,12.947172107139968,1,101300.28839287782,-0.012641034674095414,0.17668895058456477,11.113281910206334,-0.0033891014009633977,0.018778840894308688,0.002435278451502554
14.8,0.11356471782187938,0.0005347165773750698,1.9704977178980518,0.08330888883023405,0.0009602397949454944,2.6441318988049494,6.128116991511487e-05,-0.006860026202667235,2.8503438869723835e-06,-0.16870925359145678,0.1159431463743062,-2.2628841835357205,-0.07728652579572125,-0.16998963915230525,2.6849160867315987,0.031171215188154362,-0.004043600089297161,0.0006550845914352621,25.03299656644745,121.56540585378642,12.947172107139968,1,101296.60653291676,-0.05534549813889557,0.1973135109666361,10.800682371433487,-0.001869063934266771,0.025587438587129353,0.007892555649007114
14.9,0.11961015629208127,0.0006097654914350931,2.2398919010381673,0.07075494385002874,0.0009897962053276354,2.7302417058365096,0.00010854433483572699,-0.004891914418057031,3.188478110858742e-06,-0.17485351656805767,0.09817445303103599,-2.0194832008740944,-0.08252546288874094,-0.180481025678838,2.760824834070444,0.031102069022216298,-0.002042482454290395,0.0008092309854933651,25.03299656644745,121.56540585378642,12.947172107139968,1,101294.69882543509,-0.03698060936730617,0.16545040064705246,10.541681310482312,3.8308828334287975e-05,0.029211275516327698,0.001437120520795402
15.000000000000002,0.12501259529287195,0.0006717929490582861,2.51665188160795,0.059429114282744014,0.0009505464425887261,2.795019631727078,0.00014444489802720986,-0.0025926657221988503,3.660351428334325e-06,-0.18339199837891998,0.07964171383031837,-1.7401670941991512,-0.08757394281828393,-0.19028086545293815,2.822970612618519,0.03143596279208673,0.0003454807408107552,0.0007781723978419509,25.03299656644745,121.56540585378642,12.947172107139968,1,101297.55049687061,-0.04116470348876969,0.1801769327794328,10.372694671994713,0.0033992804595134396,0.03404700239947309,-0.00021592864751011044
15.100000000000001,0.13003732629898346,0.0007173774730275473,2.7989947336107015,0.05025298258989236,0.0008398724551687284,2.8445388326151986,0.00016369789445622705,-0.00022931837023887347,4.210090894626815e-06,-0.17212569358931254,0.2726185169261067,-1.4308599726918376,-0.08394150957254515,-0.1251302069300218,2.877229638840922,0.0299236075210023,0.0029463735180865758,0.0008383822274075029,25.03300489816937,121.56539864106374,10.876144204115487,1,101293.42209146556,-0.026022116440358154,0.18326510072320687,10.234483819210753,-0.0017920764263117022,0.033866372190048497,0.004549239002801337
15.200000000000001,0.13494427282604,0.0007449314479877545,3.085633328898029,0.043964702891672224,0.0006657592346607076,2.8829596033795952,0.00016322839271982006,0.00191227911452585,4.743002102921263e-06,-0.18046244051151633,0.25974983555604214,-1.14129821953283,-0.08308077049156694,-0.1323540000171245,2.9127132314462774,0.030212778063101194,0.005164591303760124,0.0007465680390970446,25.03300489816937,121.56539864106374,10.876144204115487,1,101304.4377580514,-0.06604383706257891,0.1974796217738459,10.160214113953709,0.0010115227932116907,0.029507391955603892,0.0022322449943958655
15.3,0.13996092660346388,0.0007549330536932475,3.3756300845087877,0.040971254022421175,0.0004460970129423465,2.9130939554568878,0.00014273340632330956,0.003573405435511212,5.167414725038165e-06,-0.18864940630359986,0.24616754631575927,-0.8485600558029025,-0.08028829897355479,-0.1392122153573419,2.9407020294681763,0.030248348482112965,0.0069560148531055965,0.0007684759378596279,25.03300489816937,121.56539864106374,10.876144204115487,1,101278.1690121079,-0.008695196777646134,0.193471546941675,10.11012407258043,-0.004259051972966982,0.02115276889822877,-0.0004977617043653116
15.4,0.1452582821504545,0.0007499036587962649,3.668281005478148,0.041240407325008714,0.00020576905284166183,2.9369831324389297,0.0001045457293635629,0.004570935733645642,5.437264012612982e-06,-0.19647200103118723,0.23184915669773104,-0.5533487041822563,-0.07598158165852872,-0.14717751151134773,2.9616229177081985,0.030231078587756907,0.008004986852504725,0.0009341956110696017,25.03300489816937,121.56539864106374,10.876144204115487,1,101266.07115877354,-0.02069494614558349,0.19202699124439426,9.97996952252046,-1.8265682042437707e-05,0.014598258800777492,0.004539390149268993
15.500000000000002,0.15093441537637659,0.0007341146599314901,3.963030591304443,0.0442922181808259,-2.6141019202316013e-05,2.9558236037062815,5.351434737373054e-05,0.004830971026213549,5.569880837753607e-06,-0.20637764259440192,0.2188849828589106,-0.19611994619885834,-0.0723988567842865,-0.1525770634806229,2.994356674509527,0.02996257991343783,0.008259270258242468,0.00101928514132389,25.03300489816937,121.56539864106374,10.876144204115487,1,101275.79724685222,-0.07188445163584714,0.20999829347322532,9.954553980333648,-0.007328719379625992,0.007179337768421419,0.004719852316406602
15.600000000000001,0.15700889340586793,0.0007130476329665207,4.2594196337035095,0.04929720879808173,-0.000220608867200109,2.9703347627199657,-3.561513532301761e-06,0.004391112610187431,5.628823877645793e-06,-0.21342164431476074,0.20327948293031942,0.10400503945833779,-0.06829625392462749,-0.15942520770093735,3.007613803974599,0.02997897190130254,0.007897584697578175,0.0010784974851886387,25.03300489816937,121.56539864106374,10.876144204115487,1,101274.84742690547,-0.04456336541129817,0.1965497818753972,9.92119453020828,-0.003060333005495112,0.0012033153763605087,0.004101064827277462
15.700000000000001,0.16342887321614802,0.0006926783315947252,4.557051135958624,0.05520602160117564,-0.0003535953855458726,2.9810938385614465,-5.920207595908992e-05,0.003391875939015465,5.685796045179204e-06,-0.21603776841156266,0.18270842668700918,0.31556477493579027,-0.06174930362551745,-0.1688542202171952,2.993562701957898,0.029824242647706934,0.007041170555927012,0.0010994001340210863,25.03300489816937,121.56539864106374,10.876144204115487,1,101271.65329804193,-0.03632363674989454,0.1901110041493909,9.907677685037047,-0.005050435683271537,-0.003953020793216156,0.0005560657421196125
15.8,0.1700855361005949,0.0006786877090216261,4.855574923902202,0.06092602656578511,-0.00040852601692916953,2.9884916409962465,-0.00010598453777968205,0.0020493086272679317,5.782209565431604e-06,-0.2220660714235422,0.16550313854276721,0.6152482940809633,-0.05886764337073582,-0.17522325274757103,2.9993043885076807,0.029876955934355513,0.005779428582341373,0.0011175767586952164,25.03300489816937,121.56539864106374,10.876144204115487,1,101254.14113863607,-0.03207006652330033,0.17477240263274324,9.868394052426154,0.0008702187256951142,-0.004747626745708644,0.0002312370891275489
15.9,0.1768375978088323,0.0006757149530009862,5.15468654217275,0.06549911259032956,-0.0003792260430129053,2.9930236960707055,-0.00013760220053428938,0.0006129889759494134,5.9126870243926376e-06,-0.22859058364855048,0.1486056301722266,0.9308468217285458,-0.057654534031448025,-0.1820553291789389,3.0064629225341664,0.02978246233388508,0.004403977210860166,0.0011053163871872565,25.03300489816937,121.56539864106374,10.876144204115487,1,101260.97413320925,-0.05283002050692508,0.14384676465504811,9.855927341545309,0.0006638043380463488,-0.004198879771807721,-0.004926843688717649
16.0,0.18353757188631353,0.0006867602097833296,5.454129698853447,0.06823174557727849,-0.00027142450148186497,2.9952641603374097,-0.00015004303767389023,-0.0006721509368654566,6.036973313294986e-06,-0.2343513930864984,0.13008118654463696,1.2315039419343479,-0.05796232296091461,-0.18881817873523388,3.006710086801461,0.02986811718024993,0.0032312746052451935,0.000977715197536498,25.03300489816937,121.56539864106374,10.876144204115487,1,101255.99338941195,-0.050980046624705955,0.17732014830508427,9.817842587928128,0.006492309404847378,-0.0041828215278114315,-0.0065237506056480404
16.1,0.19005645722669567,0.0007128204100050568,5.75370393125678,0.06879136607161254,-0.00010121749369128557,2.9957825627647936,-0.00014190144258190244,-0.0016059081892640936,6.111600364003855e-06,0.27771760688933794,0.9697279346004,1.5233677956151732,0.12216391929513824,0.1053358283056163,3.0035755780310853,0.023263371477765575,0.006378997168446254,0.0012636100045408157,25.03301692048509,121.56540809013615,18.175495700678386,1,101250.71403343322,-0.028888409499030862,0.15473654605383907,9.780135742512746,0.002116514844006331,0.0013677174238099447,-0.00571824173537732
16.2,0.19630317512234147,0.0007528026223100359,6.053270118108673,0.0672296365017261,0.00010669800213587356,2.9952263775641015,-0.00011467696524150185,-0.00206179363478709,6.1209116989996564e-06,0.29000982419481797,0.9801857939187374,1.8236141981770377,0.12397007237620794,0.10370276518064259,3.001614879699656,0.023133943605355388,0.006002744135075622,0.0012061369543459426,25.03301692048509,121.56540809013615,18.175495700678386,1,101229.80272145891,-0.01162077341154057,0.17010858006106183,9.84109163529714,-0.0014285333176048752,0.006314372891731887,0.00732908234490561
16.3,0.20223628303984065,0.0008037225965694962,6.352750799049737,0.06394133316397717,0.00032264097489056786,2.9941996997092284,-7.257918281131984e-05,-0.002000443398738172,6.08927349226457e-06,0.29983207440542015,0.9957328053349747,2.2217450456517027,0.12382372493768633,0.10582453924555295,3.0249509249783246,0.022816224184992094,0.006154486160301564,0.0012708095874734652,25.03301692048509,121.56540809013615,18.175495700678386,1,101242.2260551373,-0.042815216883068725,0.186049607953467,9.767183402256117,-0.009966884446339983,0.011272525166765149,-0.006188488038306954
16.400000000000002,0.2078668997517895,0.0008611567679860543,6.652125740083412,0.05957472510492329,0.0005162500787205601,2.993238033893293,-2.1846679683104274e-05,-0.001469803282041049,6.0687079415433e-06,0.31233272620725094,1.0063389513306724,2.524081957614195,0.12623769681390584,0.10627570142317494,3.0219179557190237,0.022846943551599292,0.00673730886538304,0.0015613160318409848,25.03301692048509,121.56540809013615,18.175495700678386,1,101248.18485029135,-0.07055503404592559,0.1673852361921268,9.782409486164656,0.001332938495748957,0.016566210773489982,-0.0020904124724300996
16.5,0.2132531150186266,0.000919884931796641,6.951420982045903,0.05490494184433562,0.0006607054377590129,2.9927102624002555,3.008566617856838e-05,-0.0005896920646781822,6.1105462523157915e-06,0.3272631380471644,1.0119131379477122,2.748832687005966,0.13001964251195863,0.10290578661516407,2.9993310425298905,0.02285919371435202,0.007784220277798681,0.0015957843332751222,25.03301692048509,121.56540809013615,18.175495700678386,1,101231.14751087232,-0.032200663683088694,0.16429186934616333,9.795313382901709,0.0015999008710545915,0.01718712022933782,0.0037899577190388632
16.6,0.2184873704041626,0.0009746362125114811,7.2506949578136775,0.050703125442625695,0.0007369858083337076,2.992851263704512,7.58722255426956e-05,0.00047120358901309167,6.237880821360695e-06,0.34044055604908163,1.0221979385989963,3.048677241889785,0.13362175343103871,0.10270890154680871,2.997917225576244,0.022847923726099076,0.008998005199860382,0.0017141129136271985,25.03301692048509,121.56540809013615,18.175495700678386,1,101249.68528687426,-0.08940926396962832,0.19898409540918732,9.801040501979525,-0.004828564644172884,0.019846811739255593,0.006166195660812239
16.7,0.22367923060645567,0.001020832297909965,7.5500202107724315,0.04760401464415492,0.000735648679996988,2.9937733658155117,0.00010905844223473981,0.001528440738787662,6.42884202767116e-06,0.3569666126068601,1.0250413457255456,3.2525014116201554,0.14154769423491978,0.09866789100292059,2.9725803353154565,0.02309429022841162,0.010167242696748291,0.0017694781888467868,25.03301692048509,121.56540809013615,18.175495700678386,1,101237.08842245661,-0.0478286394859893,0.19129357333485014,9.858971515463384,-0.0011936915180085698,0.01856310329844584,-0.0014846173636538951
16.8,0.22893653872451009,0.0010552373849270034,7.849466327168188,0.046016020754970854,0.0006591256478550541,2.995307477910181,0.0001252606192440226,0.0024133800531651595,6.644353709291761e-06,0.3714769878136263,1.0348902702474128,3.5497328872629277,0.14900658713711573,0.09806917680774108,2.971669374214775,0.023109417805573247,0.011186339589776884,0.001952098816015756,25.03301692048509,121.56540809013615,18.175495700678386,1,101222.6391750609,-0.06895777495372545,0.17643663912922783,9.84293079121392,-0.0006379277252205191,0.016711496095384193,0.0006288600370396301
16.900000000000002,0.23434815048340696,0.001076383442117075,8.149087485190138,0.046078439547312375,0.0005204169789236238,2.997242341446413,0.00012266439007900203,0.002995997457145849,6.8420050564997135e-06,0.3865411891600336,1.0452526289367146,3.8538526556974353,0.1574300825238215,0.09688860561854021,2.973137793736526,0.023159252437275957,0.011865668837733878,0.0020548936400525825,25.03301692048509,121.56540809013615,18.175495700678386,1,101216.96724036132,-0.062096208311400725,0.18146316938300167,9.825662548855089,-0.00473601821120107,0.013441978248721773,0.0014425869797483842
17.0,0.2399709618336226,0.0010847353262232007,8.448911191358464,0.04764954112564619,0.00034076666021610216,2.999332895128293,0.0001020943469590813,0.0032061342082521094,6.989839752400236e-06,0.4027471382166114,1.054872700615882,4.151198077132234,0.16655447608939555,0.09543954613085649,2.9735516948338474,0.02295781147189778,0.01213306641316847,0.0021262045365062245,25.03301692048509,121.56540809013615,18.175495700678386,1,101212.8358808667,-0.035462288257926,0.1108347438863401,9.83037006198893,0.005399538663301133,0.007539825438680194,0.0023833014688825066
17.1,0.24582309337120417,0.0010825741360224802,8.748934811173967,0.05035657207328934,0.00014748210827856843,3.001228477518624,6.720713364984296e-05,0.003039468382094457,7.075359883926837e-06,0.371843948737193,1.0100260880414622,4.456771770845755,0.1564083223986598,0.07543921581367297,2.9759810353826266,0.023310539237600937,0.011703223326353429,0.0023312796422513635,25.03300854975028,121.56540306022707,10.791706820686425,1,101210.59297743319,-0.043689642195111345,0.2173151329122245,9.8291885064998,0.009678115720688007,0.005177193946845793,-0.005699768978483193
17.200000000000003,0.2518839874190816,0.0010736063268728768,9.049127649044612,0.05367259847353053,-3.142775110249114e-05,3.002704256652053,2.3468608346654244e-05,0.002552387839370507,7.108247871194751e-06,0.3878260016245625,1.017501980335759,4.754327778070451,0.16328670465478504,0.07369433478277637,2.975464940645731,0.02326632587742427,0.011323743809807274,0.002658173135863374,25.03300854975028,121.56540306022707,10.791706820686425,1,101213.8709245849,-0.030635377448913027,0.1777280169780095,9.812902621028789,-0.00693771232481468,0.0023686515734528592,-0.0030758551068768
17.3,0.25810087269474746,0.001062388590697279,9.34943658942963,0.057013020812905525,-0.00017119150590614365,3.0035582090334,-2.2687537490430234e-05,0.0018491387059216269,7.122062241543205e-06,0.40509712302139,1.023009550539316,5.022153620665486,0.17080686393960418,0.07143549737458353,2.965925826500334,0.022943313021008476,0.010709897092019416,0.0026229843228644974,25.03300854975028,121.56540306022707,10.791706820686425,1,101198.41918993446,-0.0703061511350428,0.20591407897465938,9.795773650581447,-0.006226418333303881,0.0010115911413951448,-0.009363271203153375
17.400000000000002,0.26439990727133933,0.001053634189715739,9.649796643541249,0.059839976641599735,-0.00025262881370501637,3.0036914143183724,-6.440837487326973e-05,0.001059140308022899,7.137985547075837e-06,0.4224287645215962,1.0301558158490558,5.3186276297226085,0.17580907281564712,0.07151861057081739,2.9632959003550736,0.02290232959604578,0.010066200704228923,0.002692549955740746,25.03300854975028,121.56540306022707,10.791706820686425,1,101207.60240952446,-0.030965820995240374,0.19637788085056945,9.809575243471768,-0.006099284993170724,0.0021731316576030424,0.000680961736973318
17.5,0.2706997970870827,0.0010515240742473145,9.950140945787838,0.06173726272354959,-0.000266117290710904,3.0032096951519747,-9.579787911316247e-05,0.00031590206901044304,7.156772846018204e-06,0.44096663352406557,1.0351026593019341,5.5828535728802535,0.18121845889091734,0.07000284318453386,2.95279911874629,0.022792162140174058,0.009452900597917147,0.0024621211371079216,25.03300854975028,121.56540306022707,10.791706820686425,1,101198.01826110503,-0.0495796329530143,0.21644757883591723,9.819045731281768,0.0018169572782057656,-0.001022573812542447,0.0034856027801691367
17.6,0.276925480683433,0.0010591240182001487,10.250410584257033,0.06246787138927788,-0.0002122731360915751,3.0022200341306595,-0.0001127526678624985,-0.000263368639031647,7.167218985996858e-06,0.45929567902077323,1.042123593073902,5.8779786843370605,0.1852383437639533,0.07007495392898823,2.949676951124327,0.022831401449750866,0.008933155655877378,0.002604614425552477,25.03300854975028,121.56540306022707,10.791706820686425,1,101199.95989558498,-0.01269531683033396,0.20175511132765026,9.79087435220615,-0.00035232402171021446,0.0017959451880625562,0.000502870670656765
17.700000000000003,0.28301968611714723,0.0010779853679869552,10.550564674807013,0.06200563754075983,-0.00010106169941072636,3.0009120746670983,-0.00011326205328578411,-0.0005983691415507586,7.159112442188268e-06,0.47870085797165396,1.0471717641829346,6.147524086502213,0.18995843042231392,0.06920346100273767,2.9403336593209324,0.02284216253585964,0.008672016431827245,0.002590819080670983,25.03300854975028,121.56540306022707,10.791706820686425,1,101206.91920657981,-0.026008810905295648,0.16543303159549178,9.818482795684337,-0.005185807479764072,0.007316829282687241,0.0030393036534363087
17.8,0.28895069879847246,0.0011079730641331946,10.850584420236338,0.06051576809153324,4.918109599635319e-05,2.99954969054433,-9.786121259576936e-05,-0.0006537353503577314,7.124334213326232e-06,0.4978944646257221,1.0540615889343732,6.441342874352861,0.1936142476726509,0.06879139565936597,2.9362684198156535,0.02287764510386165,0.008659216335354714,0.0024224623707658714,25.03300854975028,121.56540306022707,10.791706820686425,1,101194.59996815254,-0.0430934019640363,0.21614011325309118,9.795364992461906,-0.0007644031675934947,0.010166631618352599,-0.010502075083976797
17.900000000000002,0.294715469659822,0.0011473508030493864,11.150474812297368,0.05831751517440868,0.00021506913437378196,2.9983553557003537,-6.947774741223154e-05,-0.000441964865647293,7.064747171011597e-06,0.5184442026597881,1.0581775161224947,6.7016992714402255,0.1986686674031603,0.06831568374012367,2.9248449008577193,0.023003481168980877,0.00894392770652197,0.0022089171138322365,25.03300854975028,121.56540306022707,10.791706820686425,1,101210.10041879625,-0.018289906601400927,0.15393641885619236,9.773044956640657,0.0027592431040846504,0.010033933652456268,-0.004098459451269636
18.0,0.30033789834664215,0.0011931092354678693,11.450261971394657,0.05582053139643313,0.0003721818181767418,2.997512680568227,-3.2681268414986995e-05,-1.8056637690611055e-05,7.010942189187142e-06,0.5384978293200943,1.0649437040933634,6.993970597627252,0.20278940608636695,0.06693755515899154,2.9209470478461177,0.02310874954403986,0.009414840209900577,0.0022518163114333602,25.03300854975028,121.56540306022707,10.791706820686425,1,101187.27579400354,-0.06097268436150587,0.19012018731934763,9.772532347392106,0.003435221055563179,0.012620457011308777,-0.006764889044187809
18.1,0.30586294189232366,0.0012414380845750365,11.749986694880723,0.05345002328443168,0.0004979653650947615,2.9971269599702817,6.7828230806603515e-06,0.0005334015683013948,6.992466962859489e-06,-0.199871341941774,0.5040404336862794,7.2554418509716045,-0.04238449568557147,-0.12051026981216491,2.9096845628422607,0.027152388583969664,0.0047449878283474245,0.00198809176416633,25.032999595222932,121.5653906028081,16.638430499664658,1,101164.45302288159,-0.03266470345923034,0.21334211362032976,9.833467513440487,0.0004727992402337051,0.015159900129585494,-0.0018712538239128835
18.200000000000003,0.31134781316748483,0.001288308956010131,12.049696987835567,0.05157869304253833,0.0005755150825892864,2.9972332148337477,4.309642395594032e-05,0.001113492390378834,7.023491631250372e-06,-0.2040406401533221,0.4918066953547248,7.546323677991738,-0.04064829454573396,-0.12426498675079185,2.9079833001884605,0.027186520363782357,0.0053371522082477085,0.0019024315517894106,25.032999595222932,121.5653906028081,16.638430499664658,1,101179.25200804984,-0.025941489804356926,0.1938359891470146,9.821266428586988,0.0036487185456030614,0.012677149642405336,-0.003520026026046271
18.3,0.3168518471086712,0.0013300713191315562,12.349439336845988,0.05046876340039367,0.0005953871133908631,2.997775385890692,7.104405112442553e-05,0.0016267615639469213,7.100110406162392e-06,-0.2076979555352974,0.4781911248075495,7.8176429009924755,-0.03952738653551839,-0.12902060243711558,2.901384671071852,0.02703704123716076,0.005911054869573551,0.0019259313707427495,25.032999595222932,121.5653906028081,16.638430499664658,1,101174.91871615683,-0.019458686793065158,0.2083384959950518,9.863792577974573,-0.0008647994519001889,0.011674964238142542,-0.0038681860447697153
18.400000000000002,0.32242676314254876,0.0013639721483136161,12.649251703005806,0.050241036792432456,0.0005571515945792029,2.9986223275066797,8.68879530976614e-05,0.0019955121404893195,7.205048167388504e-06,-0.2114758289228336,0.46508719434990786,8.10771104410112,-0.0365424034872495,-0.13311337263761738,2.899750241120143,0.02722423657780073,0.006290540086674401,0.0018284805845389714,25.032999595222932,121.5653906028081,16.638430499664658,1,101161.7836205938,-0.07989442953731368,0.19215432099104088,9.851623329726863,0.004490926549099588,0.012258487004946545,-0.0028016413540961974
18.5,0.32810887283292256,0.0013885237077062781,12.949157886410545,0.050864139625757664,0.0004688925390670622,2.9996326319487316,8.886250372004518e-05,0.0021712958322359643,7.317377534487679e-06,-0.21587720600856733,0.4536084345993949,8.433944778838697,-0.0351037241062477,-0.13646334632930396,2.907433624586415,0.027326069152061136,0.006449133233994431,0.0016607193810579263,25.032999595222932,121.5653906028081,16.638430499664658,1,101159.6928344932,-0.05117784592552244,0.20310003959794418,9.831287968655015,-0.0030630598796449284,0.009237591998901989,0.006704879022299062
18.6,0.3339143695638819,0.001403663913704566,13.249164504077896,0.052170752321738456,0.0003455755141703529,3.0006203206183866,7.72656910661863e-05,0.0021411623118272605,7.411419952897355e-06,-0.21920645124873797,0.4398084339316715,8.724639264223363,-0.03165157582111636,-0.13967375916666258,2.906158660462182,0.027378817764122237,0.006445352961839346,0.0017239338908474795,25.032999595222932,121.5653906028081,16.638430499664658,1,101171.29094988547,-0.061531229483437894,0.18188291679845592,9.815130203609339,0.0026055011478172047,0.007240653031026317,-0.0005969609141236896
18.700000000000003,0.3398382677730962,0.0014107111493463957,13.54926211456396,0.05389869900898825,0.0002068783852657137,3.001436730575588,5.4421680225369846e-05,0.0019254690353378567,7.476120074149704e-06,-0.22095982585333962,0.42244299563399146,8.961338190058507,-0.02944628875175473,-0.14404318406509697,2.8908814490703767,0.027488621722985017,0.006160765064652685,0.0018353488771686004,25.032999595222932,121.5653906028081,16.638430499664658,1,101160.24846531393,-0.061690197816712894,0.16398643083921888,9.808095766240465,0.003959699752535604,0.005365661820761771,0.0007871261639458389
18.8,0.3458568476579455,0.001412111613523524,13.849427041477156,0.05573589462429851,7.366156744243519e-05,3.0019650830679483,2.4159417329760326e-05,0.0015736053657260385,7.518257059393594e-06,-0.22380277340477292,0.40775314403870394,9.2502918042287,-0.027724294520733033,-0.1493597160825898,2.888458558825588,0.027413689090851935,0.005845790623946856,0.0017147317233900655,25.032999595222932,121.5653906028081,16.638430499664658,1,101147.48818892862,-0.047330244381079134,0.19556233838183254,9.77782769367183,-0.0010399138475584463,0.004536124204940281,-0.0007320723173312181
18.900000000000002,0.35193295582275474,0.0014110212246420519,14.149626734953497,0.05737857128441844,-3.4713061214195765e-05,3.002116580303705,-8.729708182081427e-06,0.0011527654500942397,7.547173171359608e-06,-0.2287279394334855,0.39778845205188085,9.617638620192304,-0.027849178904386075,-0.15136525959937666,2.9054909222022203,0.027452266966185555,0.0053843066969569975,0.0018844514964643476,25.032999595222932,121.5653906028081,16.638430499664658,1,101153.64382077061,-0.0723793893815288,0.16448054307310217,9.822013157414666,-0.005890359917126507,0.0036736319891581617,-0.006166694720777217
19.0,0.3580230617065917,0.001410806771579864,14.44982581854032,0.05857816667451256,-0.00010336473593998173,3.0019270786678214,-3.921136609571796e-05,0.0007354793284468641,7.5677947127916515e-06,-0.23146276295700788,0.3824580455739657,9.908110374730784,-0.026743617303972143,-0.15497885934204508,2.9041550688985103,0.02734233956029338,0.004993254607183584,0.002323625966948458,25.032999595222932,121.5653906028081,16.638430499664658,1,101135.92938323533,-0.053333083832535016,0.18216624062620734,9.83448443794845,-3.142827957970038e-05,0.00552316458905134,-0.003795115934223171
19.1,0.36408477130379957,0.0014145408782013367,14.749991109623544,0.05917348359764023,-0.00012440896832104033,3.001452301656297,-6.300519547204628e-05,0.0003893315219478666,7.579606984579023e-06,-0.755538451861421,1.6140689937869328,10.268405913427452,-0.1923278462824457,0.23968806262366954,2.918799843519673,0.01930465333780451,0.0012298703553523804,0.001707201660579345,25.033025733535904,121.56538747651598,22.357792048959688,1,101130.467161786,-0.07131410927509893,0.14550539923161093,9.793846495911648,-0.0015251013870026654,0.0046734286008816815,-0.006016341759093125
19.200000000000003,0.37008355759336387,0.001424567160099041,15.050097713546636,0.05911594285813039,-9.692287098670904e-05,3.000764786317584,-7.692849319184073e-05,0.00016459781432831555,7.581476513549824e-06,-0.7749080609553337,1.6381621805223818,10.560124199323901,-0.19561619272878733,0.24212618291206567,2.9159081407513963,0.019406140751688825,0.0009993337273623837,0.001702328898064381,25.033025733535904,121.56538747651598,22.357792048959688,1,101156.45324996063,-0.0673537735767797,0.1513038522265453,9.794986507318125,-0.002418092172904429,0.00795089530221746,0.0010757926530707766
19.3,0.3759976943523532,0.001442190748375669,15.3501322302144,0.05846560068607702,-2.7235320349851788e-05,3.0000124449637133,-7.936267510953952e-05,8.78407621636157e-05,7.571113668514148e-06,-0.7930075240200393,1.6588310187860025,10.758624389338662,-0.19874110965228553,0.24323568255456982,2.8912348115387134,0.019231578444514473,0.0009921230704668105,0.0016806275994433167,25.033025733535904,121.56538747651598,22.357792048959688,1,101124.63393611148,-0.05185726779854739,0.16792617063809714,9.822861122727216,-0.0058027368550403295,0.01027126974838355,0.00539765052168609
19.400000000000002,0.38182075243486346,0.0014675351468235024,15.650093670866845,0.057372069743431106,7.21504156971763e-05,2.999317535695097,-7.05880437931647e-05,0.000160363553891818,7.543801941248276e-06,-0.8130409076569001,1.6832850408096733,11.047554517248681,-0.20239162268845995,0.24630925951689805,2.887785358361919,0.019089311072350915,0.0010717209826967,0.0016068273732495423,25.033025733535904,121.56538747651598,22.357792048959688,1,101128.85181786992,-0.05645575188137946,0.20740343738973752,9.787470483423034,-0.001124051534779658,0.00876845384452612,0.0021508155823004964
19.5,0.3875614562096816,0.0014995927066505665,15.94999329058863,0.056046662349936285,0.00018534428143879988,2.998786929205024,-5.2409940447802525e-05,0.00035870477753152663,7.509320384565244e-06,-0.8340151360216937,1.7090340615054151,11.359204884725512,-0.20707245876011843,0.2502864415646277,2.8909469580926825,0.018889967829979308,0.0012227154232951065,0.0015234804912255765,25.033025733535904,121.56538747651598,22.357792048959688,1,101133.05455619443,-0.05777073526031121,0.18953211257675492,9.801975978917488,0.0003530868333792031,0.010609192393886148,-0.004019532637690098
19.6,0.39324111573090426,0.0015364264879363316,16.249851249756777,0.05472039518317514,0.00029490758720806084,2.9985000380296163,-2.802009217443353e-05,0.0006412822635273319,7.484087863524795e-06,-0.8547314309400279,1.7341758944503747,11.648185336561273,-0.2084296346688907,0.25290631676446984,2.889076098942821,0.018907493072482698,0.0015294619653525299,0.001593358009280942,25.033025733535904,121.56538747651598,22.357792048959688,1,101126.18953735527,-0.12136971501670726,0.24315666244987824,9.797569502838504,0.0011673407944595934,0.012981047461165933,-0.0021557757822774745
19.700000000000003,0.3988892403590473,0.0015754991050669347,16.549692837629358,0.05360715952215769,0.0003849806926632489,2.998470802371794,-1.331771571615859e-06,0.0009561383097820286,7.481053898242036e-06,-0.8757321721734456,1.759705988316004,11.938706201865156,-0.2109221330493446,0.2559564772460523,2.886551094615846,0.018886776410719806,0.0019119745516480435,0.0014738338626538918,25.033025733535904,121.56538747651598,22.357792048959688,1,101123.2592393555,-0.039942251806207155,0.16937626243184095,9.809905280343886,0.004653750225276543,0.011303391042963063,-0.0056512952351414234
19.8,0.40453816212342786,0.0016140764194522423,16.849544169077003,0.052870496990575555,0.0004433851357797997,2.99869173804286,2.3639700476381057e-05,0.001249782750250228,7.506106286967536e-06,-0.8968770937137109,1.7854296973409818,12.22724917364151,-0.21185380672120838,0.258530172288314,2.884421628854015,0.018914348437624857,0.0022927298054649103,0.0014100450000781237,25.033025733535904,121.56538747651598,22.357792048959688,1,101105.63053832621,-0.01875630788169706,0.16955094594952982,9.812374580183498,0.0017724509715411915,0.011585303766760875,-0.0002461435204362829
19.900000000000002,0.4102176018627158,0.001649640397171439,17.14942755316936,0.05259958124303686,0.0004630861526125606,2.999109195640691,4.3264947897934296e-05,0.0014766527132561436,7.557402785425373e-06,-0.9178754630182311,1.8106814364964385,12.499377823998756,-0.21434925500084218,0.26113941295072796,2.8785004148324393,0.01875248449557141,0.0025285950048881123,0.0012703495314802648,25.033025733535904,121.56538747651598,22.357792048959688,1,101129.43836468886,-0.05547711856350741,0.21271326660838893,9.818132196082361,-0.006077418677583005,0.011275332496440246,-0.0008013169303074613
20.0,0.4159500746054409,0.0016802496483630273,17.449358456728785,0.05280223946823555,0.0004433016113147865,2.99963720831201,5.495278432571544e-05,0.001605320896452156,7.627409626402751e-06,-0.9394088206000951,1.83697403061057,12.787153331071496,-0.2162004839668178,0.26495627266837124,2.8760748580521964,0.01889308401956043,0.0026961553611093425,0.00111946431888061,25.033025733535904,121.56538747651598,22.357792048959688,1,101130.39866817145,-0.04812672844785328,0.18045123847341407,9.858838462724492,0.0028201872416280973,0.008689374388346095,-0.0029986241134945827
20.1,0.4217478006909,0.0017047946911419958,17.749343441194387,0.05340895186943615,0.0003890066875911363,3.00018324473842,5.7411704868090846e-05,0.0016227184644956871,7.704471782852002e-06,-0.5951488232437444,0.2891379119813278,13.028126647806417,-0.10480420910054258,-0.2211203235559604,2.864417287353536,0.028691902419194563,0.005060130912560856,0.0017362167015000061,25.032987936539605,121.56539799345485,29.367359368217564,1,101111.4043195372,-0.08494637921250023,0.1929086407276428,9.820081530486592,-0.00542631771259608,0.0076515769826670105,-0.011306460457803546
20.200000000000003,0.4276115297509733,0.001723116640894096,18.049379977572535,0.054290867374304275,0.0003100492048450856,3.000659237211676,5.0769129570239874e-05,0.001534614121425637,7.774665359199503e-06,-0.6056194334902102,0.26669685638641,13.314502613294797,-0.10433574711655431,-0.2274434003133632,2.8633219645314685,0.028765832488290337,0.0050640726461927965,0.0015372615348802736,25.032987936539605,121.56539799345485,29.367359368217564,1,101086.15031901578,-0.0699893201099209,0.2035244736469983,9.854388009442482,0.004322730126624926,0.006665421336229728,-0.0019151829518664451
20.3,0.4335313077249401,0.0017359842548995944,18.349457454659355,0.05528461442604373,0.0002194378641060962,3.0009966896815543,3.651874583927801e-05,0.0013633232991758781,7.833502353493352e-06,-0.6171403363296752,0.2458208667206636,13.683120101556952,-0.10463500268031627,-0.23194622854396812,2.880124540079842,0.02909896993003646,0.004998699308744525,0.00170331429539625,25.032987936539605,121.56539799345485,29.367359368217564,1,101097.59861941682,-0.032554749436407265,0.17012913506439714,9.787053730775295,0.0011855273728042057,0.006864873543610137,-0.0004315985173811215
20.400000000000002,0.439488911108035,0.001744926681063384,18.649559389766484,0.056221314741456994,0.00013110265005702247,3.001142164003656,1.7157617013843618e-05,0.0011429777013240994,7.881062853337333e-06,-0.6275643860501319,0.22227872320770511,13.971035220263406,-0.10375880314949527,-0.23863210307397276,2.878562225141895,0.029040606223639506,0.004820630918195956,0.001975649147444839,25.032987936539605,121.56539799345485,29.367359368217564,1,101111.5806932499,-0.09371361116285402,0.20703752121826977,9.833905896987355,-0.0035727574681802426,0.006038890936768791,-0.0010496361195813624
20.5,0.4454614331730067,0.001751964230622492,18.949666791228807,0.05695514036367029,5.8077477177258894e-05,3.0010933737760177,-4.126357118611566e-06,0.0009126010731126399,7.918811514732633e-06,-0.6369866723577938,0.196430757452685,14.19543311482311,-0.10224163544383155,-0.24481742606444287,2.862419994455266,0.02876248655236481,0.004709055090210468,0.0020586731206578366,25.032987936539605,121.56539799345485,29.367359368217564,1,101089.40321925399,-0.051002893880212626,0.209464707778525,9.843814703507407,-0.0029841899015094313,0.004084074530273429,0.0018484894097350814
20.6,0.4514253425440401,0.001759281392611057,19.249761022194164,0.05738278173340271,1.0161928153335083e-05,3.00088079898451,-2.4094833189862993e-05,0.0007102400559253486,7.94712557902426e-06,-0.647145143229716,0.1716773562588357,14.481571583989254,-0.10142887426883335,-0.2506062379502872,2.8603815173984977,0.02886501999363595,0.00453142558445796,0.0019747171598799643,25.032987936539605,121.56539799345485,29.367359368217564,1,101087.93459912669,-0.05405998696111283,0.170631072759815,9.799951148953424,0.006988469581558078,0.007535850156573904,-0.0008339500414646657
20.700000000000003,0.45736031677856964,0.001768895897195587,19.549826987863803,0.05745884208225151,-7.075510738431346e-06,3.0005358504878408,-3.991771641416624e-05,0.0005664911940530537,7.966680859281787e-06,-0.6578653643246675,0.1472397035557862,14.801480029620727,-0.10294872070155199,-0.2566063612524981,2.8657013284232984,0.02890085809356134,0.00451237686900563,0.0020397284222100232,25.032987936539605,121.56539799345485,29.367359368217564,1,101082.05220610701,-0.025897912392936234,0.18874089899497615,9.826122676054176,0.005053387638952477,0.007781592355735067,-0.004822116543190512
20.8,0.4632522660128758,0.0017823711194901934,19.8498554894316,0.057198800837528097,7.299301288600667e-06,3.0001315694564985,-4.944827216006074e-05,0.0004997572518992133,7.978714066553154e-06,-0.6681059951892715,0.12137871963001225,15.087953958618291,-0.10214430867307908,-0.26113125345666266,2.863806559985129,0.02883544455245767,0.004522706552031908,0.0020200171287051583,25.032987936539605,121.56539799345485,29.367359368217564,1,101082.63980786242,-0.07955522517991732,0.15820133581520007,9.821925528527794,0.005732172019601724,0.007127014978919481,0.0020236508483334518
20.900000000000002,0.46909511668623055,0.0018006093080128079,20.149843873290745,0.05666982147837778,4.924015861085543e-05,2.999739989214356,-5.165714756415731e-05,0.0005150553455777196,7.98137280004902e-06,-0.6776530561099793,0.09365310750138431,15.328557827783644,-0.10165686929262284,-0.2674655433127442,2.85168974046968,0.02894052622814115,0.004695915347316726,0.002211981282283823,25.032987936539605,121.56539799345485,29.367359368217564,1,101068.28904055827,-0.029184476335955327,0.17968269545819893,9.827057038567652,-0.0027020382140503533,0.01169955295462674,0.00890168701595528
21.0,0.4748911733342949,0.0018237591093653617,20.449796360024987,0.05597838280656101,0.00011099060748158285,2.9994189606394985,-4.6654396044308e-05,0.0006034926157585385,7.975648436972419e-06,-0.687768330372667,0.06664241045369444,15.613677010565988,-0.1011872451989566,-0.2730452073159544,2.850699623906835,0.028933652509298344,0.004915945853395831,0.002170064890688935,25.032987936539605,121.56539799345485,29.367359368217564,1,101069.57227654403,-0.08318443838854551,0.20407891368110512,9.858540953307724,-0.0028836053102645138,0.009364123183170016,-0.00010013655228847766
21.1,0.480650100545393,0.0018512399941896668,20.749722604490522,0.055248391769102026,0.00018229356937512337,2.999223237616703,-3.559416172175857e-05,0.0007451234224835623,7.968665911404312e-06,-0.35345866108165347,-0.8233909720431676,15.977192898310324,0.005458432549811985,-0.5409190054843374,2.86530152724245,0.034128365516323735,0.007136609130045768,0.0025413249696859055,25.03298463851527,121.56540018309046,31.24891832624236,1,101067.17730208492,-0.049227620010330785,0.1593604662729498,9.816145549562956,0.0015727308153691568,0.007447117435993971,0.0005125218192252773
21.200000000000003,0.4863868011518547,0.001881869104164003,21.049635603687552,0.05460011704603975,0.00025201936705639426,2.999164353050076,-2.0500842022307883e-05,0.0009132082381799744,7.968483314893531e-06,-0.35276231281207104,-0.8779949648627783,16.263631247113178,0.007948061685929408,-0.5509905713921823,2.8634882736943896,0.03398972639621356,0.007441000521339003,0.0024297933089017752,25.03298463851527,121.56540018309046,31.24891832624236,1,101062.72433606451,-0.07972937600143964,0.16886253986061672,9.813979505659422,-0.0039429968913309,0.009005203013296159,-0.0013606980982434453
21.3,0.4921186147654925,0.0019140709809412058,21.349549684469213,0.0541324859309385,0.00031008823152378824,2.9992415751645907,-3.808122796623606e-06,0.0010783723163392267,7.981093953291316e-06,-0.3513571493415495,-0.9343802318221732,16.50318293229414,0.012448577128841171,-0.5610559582435402,2.852244569652239,0.03388425397103828,0.007667866627685482,0.002443595781021466,25.03298463851527,121.56540018309046,31.24891832624236,1,101072.05256766795,-0.050081314262750226,0.21186362124881453,9.866339198176673,-0.0016316501697042462,0.009270020156394151,0.00306384701899832
21.400000000000002,0.4978623297943376,0.0019461333869503978,21.64947775623419,0.05390659986776477,0.0003485798704005567,2.9994413828322086,1.1916826261484782e-05,0.0012142244730191099,8.009482516703185e-06,-0.34997316486324187,-0.9910235243872464,16.788362880560033,0.01514799246580627,-0.5719797472422412,2.8508728242062618,0.034122825816055316,0.007921829224289967,0.002506764212436882,25.03298463851527,121.56540018309046,31.24891832624236,1,101074.12262047076,-0.08007126136351442,0.14576455924541945,9.78238087055115,-0.0029269356261262596,0.009716042146971983,-0.009364054005605141
21.5,0.5036315223313913,0.001976468287079116,21.94942938852926,0.053939901816375056,0.0003629644507178109,2.9997143296660886,2.4385058816738214e-05,0.001301283706016898,8.052948085240556e-06,-0.3480112042950808,-1.0492548464253624,17.044097019664417,0.01809415925679266,-0.582031086316044,2.842490070995726,0.03425314470560678,0.008091766670338396,0.0022203993630031567,25.03298463851527,121.56540018309046,31.24891832624236,1,101050.09271917983,-0.06643282702709595,0.1520722945929244,9.799027890201453,0.0021345076465070023,0.00982816994688368,-0.0019460716572111333
21.6,0.5094346119570865,0.0020038392264219063,22.24940972479594,0.05420726177973738,0.00035265212020502937,3.0000111120192305,3.198022322721498e-05,0.0013292030919658249,8.108276236701766e-06,-0.34605260533351045,-1.107977744330963,17.328261268963903,0.021348060844620282,-0.5924534803160953,2.8401342444290463,0.03438382498581708,0.008229921015417752,0.0023011382132601885,25.03298463851527,121.56540018309046,31.24891832624236,1,101072.29753802551,-0.07436326149826002,0.17949423651865948,9.80409442429549,-0.0026400510537525172,0.008378872461900071,-0.0014136694934687255
21.700000000000003,0.5152739009896309,0.0020275211901428195,22.54941883679721,0.05464724729631176,0.0003206215967021944,3.000284882583012,3.3872383250489894e-05,0.0012981258859243727,8.168507397630106e-06,-0.34310332150671813,-1.1690592792618038,17.547651944673632,0.025141817891444592,-0.604021363504243,2.8232708530331823,0.03458398433179935,0.008278320275476148,0.0021038340694263073,25.03298463851527,121.56540018309046,31.24891832624236,1,101054.71404003227,-0.08818849031241024,0.17025693146348503,9.775797423210053,0.004864843681220624,0.009204293514525666,-0.0036516251351538568
21.8,0.5211456791299346,0.0020473777376072587,22.8494522435109,0.05517581665569595,0.00027296097445779943,3.0004921151842456,3.0138293016207687e-05,0.0012175674133019232,8.227002780883531e-06,-0.34044812088883475,-1.229989531353423,17.829836358946835,0.02802960910131221,-0.6147480908264196,2.820657689179053,0.03468677330801467,0.008293727398237083,0.002323864815958688,25.03298463851527,121.56540018309046,31.24891832624236,1,101037.95763645845,-0.04829308648810942,0.16283710158133857,9.813970354542487,-0.0005983148709188766,0.009223274595580599,0.0003488086025389565
21.900000000000002,0.5270412844731892,0.0020638458095313486,23.14950185177696,0.05570090045441641,0.0002176554161015892,3.0006047736122006,2.1677043285057866e-05,0.001104340399736392,8.280589505935429e-06,-0.3380770839109857,-1.2908741739410672,18.165453409842076,0.030346239800627423,-0.6256131845670185,2.8308603021344534,0.03500916109769652,0.008234878342689544,0.002495558040205223,25.03298463851527,121.56540018309046,31.24891832624236,1,101042.87297355292,-0.07930222138046758,0.18826710118217527,9.84812753757223,0.004020622918482754,0.009490262291390572,0.0006545974744332111
22.0,0.5329488844428045,0.00207783439359113,23.449557578531643,0.05613822725309563,0.00016335746331877954,3.000610582219209,1.0034337546488501e-05,0.0009792005802702342,8.328025325844627e-06,-0.33496755831116537,-1.3539376529916456,18.4484339589146,0.03231467653290098,-0.6360009707374993,2.8286415426695766,0.03503005891642403,0.008261328599691531,0.0025276195551393044,25.03298463851527,121.56540018309046,31.24891832624236,1,101040.09312555291,-0.0428918799557501,0.19341783840097615,9.821761235998554,-0.0061270883350610875,0.007300509451151548,-0.0006618936135136101
22.1,0.5388556324110048,0.0020905598917176768,23.749609123062406,0.05642410235034097,0.00011804745910254739,3.000520039476581,-2.8511043181769857e-06,0.0008632144294171695,8.368761983358137e-06,0.14438041778263355,-0.3109290143069614,18.91835978489562,0.16331368701815316,-0.27072509340748485,2.8721821065004076,0.027266020314611818,0.01054339369173074,0.002022643421978781,25.03300325615738,121.56540840966866,37.433475282791136,1,101029.55102942126,-0.038328839234207795,0.15555539285454867,9.8071871892547,0.005865893167482533,0.006776152757041154,0.0037271474955136628
22.200000000000003,0.5447498118307516,0.0021033466905669477,24.049647602097195,0.05652397233793297,8.776307627800929e-05,3.000351890225049,-1.5020865544280717e-05,0.0007744314598647772,8.402413162499176e-06,0.16106693883870649,-0.3382272153297318,19.20553516194106,0.17051531938004807,-0.274688683464331,2.870328713822572,0.027341176697142127,0.01057962928703704,0.0020909610571029948,25.03300325615738,121.56540840966866,37.433475282791136,1,101013.96286789661,-0.03902858387969184,0.19909069048656677,9.787931357914507,-0.005639328069817124,0.008192207775281565,0.007255845060876702
22.3,0.5506226356826265,0.002117425316023902,24.34966697917824,0.056436324920803096,7.606662535002121e-05,3.000138907843753,-2.4716611720745447e-05,0.0007249945107770106,8.42978201143835e-06,0.17836848820950035,-0.3656667075630727,19.513891217564222,0.1764624115181041,-0.27850175906901803,2.872761677627066,0.027271824202867438,0.010610028848569097,0.0023075754808774447,25.03300325615738,121.56540840966866,37.433475282791136,1,101029.59248791207,-0.004536525407849608,0.14532724008687226,9.858094774220413,0.0019222722197951314,0.008181815160125998,0.001662311884551917
22.400000000000002,0.5564694361276293,0.0021337565822084573,24.649664706779056,0.056189544973318725,8.349299106878399e-05,2.9999217057024814,-3.0651891375460214e-05,0.0007198840175470789,8.451947446946865e-06,0.1963738996685904,-0.39371552119750985,19.8011196420975,0.18336803613881544,-0.28253208384381584,2.8714138188191125,0.02716643346595473,0.010789721208906755,0.0023108641073076117,25.03300325615738,121.56540840966866,37.433475282791136,1,101025.37303767433,-0.020591722476161547,0.18490460224476746,9.796675095731011,-0.005969520916378121,0.008339369971204253,-0.0005169086245069568
22.5,0.5622901001030395,0.0021529058628804486,24.94964197121829,0.05583575758272169,0.00010765847832160718,2.9997329880001473,-3.221502404198551e-05,0.0007565144499721566,8.468282807822109e-06,0.2149644207680116,-0.422023245609814,20.099381159557492,0.18949683107023166,-0.2858939237778673,2.8713855142979052,0.02698646317335321,0.011003907268855029,0.0024011493859227087,25.03300325615738,121.56540840966866,37.433475282791136,1,101012.21398321638,0.013610742308521204,0.19464712983541943,9.800176617261998,-0.001064434168634098,0.010170762881467767,0.0021685983786183883
22.6,0.568088736130991,0.0021749874686960644,25.24960321740715,0.0554403999469682,0.0001439620426887424,2.9996049095986472,-2.9446714932090677e-05,0.0008256822276382358,8.480591186470165e-06,0.2342395919535532,-0.45080009724503634,20.386424739521136,0.1959646056847174,-0.28971194691564783,2.869883437410889,0.026905739572110544,0.011245965294965021,0.0022472199836839086,25.03300325615738,121.56540840966866,37.433475282791136,1,101004.29070259488,-0.06018084298063203,0.13890281547411978,9.827722469506108,0.006073388119596563,0.012094419148465287,0.003964724899302567
22.700000000000003,0.5738726858711422,0.0021996774449345364,25.549555019928384,0.05507010244776093,0.00018621799087491182,2.9995504737664476,-2.3053762379319178e-05,0.0009138434163891151,8.492936422114998e-06,0.2541088500488303,-0.4798907495686259,20.6873833527599,0.20258252894154344,-0.29473098848388257,2.8710471987402664,0.026960174792484463,0.011441717958241115,0.0023340288590169723,25.03300325615738,121.56540840966866,37.433475282791136,1,101023.59592352224,-0.07645224965629388,0.177629410286589,9.802234762659937,0.003628573186241059,0.006335536535674178,-0.0027333624905959636
22.8,0.5796510928360553,0.002226289503339991,25.84950505744578,0.05478298901917953,0.0002278400623256551,2.9995690810469418,-1.4215928470793169e-05,0.0010052359825578616,8.509381535393964e-06,0.27466294644823613,-0.509521169491587,20.97443905900329,0.20817431068035575,-0.2975303193125866,2.87046272085182,0.026740691488307114,0.01165213885356442,0.0021752775150934364,25.03300325615738,121.56540840966866,37.433475282791136,1,101003.18774947445,-0.039521892689574095,0.20908097023466599,9.871292462456164,0.001745065794787857,0.00949886434257028,0.005542371998083925
22.900000000000002,0.5854332858361302,0.0022538999988368003,26.149460697787802,0.054618949470562075,0.0002627629931045689,2.999659687446365,-4.379632269207432e-06,0.001084783533785938,8.533114215201432e-06,0.29558161773741487,-0.5389111816842861,21.306408667349782,0.21394974131524006,-0.3006212920593452,2.878554370393421,0.02653805709911318,0.011859207677902273,0.0021531486507584876,25.03300325615738,121.56540840966866,37.433475282791136,1,101004.58457317883,-0.05193029682810671,0.20318818336931888,9.840085219088552,0.005390185125815981,0.010428648647213233,-0.004174564122843391
23.0,0.5912272610876609,0.002281499786842032,26.449427704488002,0.054594517924358765,0.0002862111843939887,2.9997986185962913,4.9092994450573375e-06,0.0011407337935886996,8.565874478372083e-06,0.3173187399409639,-0.5690974837216344,21.59423346291435,0.22048357547520572,-0.3037209309356241,2.8779030112874935,0.02645888741491803,0.011978574540224107,0.002333901436704592,25.03300325615738,121.56540840966866,37.433475282791136,1,101002.22165073162,-0.0782046010807724,0.1991972228227378,9.860773189438532,0.0005885510002326699,0.009394579600586407,0.004441905910519567
23.1,0.5970384987620657,0.002308149040421227,26.749409663348306,0.05470308383777304,0.00029553249880641776,2.999957234179286,1.2321958442487792e-05,0.0011658364143565247,8.607909878566955e-06,0.3065341260520217,-0.7068921852360017,21.937968003728823,0.21917179011740978,-0.33337378246332683,2.8889735125908205,0.026893661997392855,0.012026297632763194,0.0022450153518128162,25.032992158720983,121.56540223477478,36.42682652117375,1,101013.65653250451,-0.0568538204206612,0.16975994832580563,9.839944557437951,-0.0025959615507468742,0.008055145645200401,-0.007423702750811629
23.200000000000003,0.6028692716291741,0.002333110917849062,27.049407444725283,0.05491673954854881,0.00029032018807224164,3.0001119523647666,1.6908800342466533e-05,0.0011584471975616406,8.657086019815378e-06,0.3287970938236144,-0.7404292632985022,22.226831613826263,0.22658045608472263,-0.3370626646474426,2.888361990524255,0.026963602959060088,0.012066657468996933,0.0020840230782255414,25.032992158720983,121.56540223477478,36.42682652117375,1,100999.23391432912,-0.017257432035730415,0.20256428525117615,9.838459478310382,0.006419224900976031,0.008883427927846873,-0.0032109138048497694
23.3,0.6087185286226184,0.0023559458525612567,27.3494193237181,0.0551929474957936,0.0002722815685339822,3.0002362105513676,1.8169926101646442e-05,0.0011222828031243193,8.708570424423291e-06,0.35175083847362165,-0.7740518117396645,22.541337552161586,0.23442000125408324,-0.3398390219907597,2.8927558651749172,0.026897372191376598,0.012175855434676919,0.0019421832090727419,25.032992158720983,121.56540223477478,36.42682652117375,1,100992.74271373084,-0.008404330391619495,0.22406445093007624,9.831305475982505,-0.0025089839070272925,0.008336938342328536,0.0006158547505386428
23.400000000000002,0.61458232063455,0.0023765582844133518,27.64944146841228,0.05548249084917689,0.0002449726906329234,3.000313905833764,1.6152660751588725e-05,0.0010653396634905388,8.759549394766321e-06,0.3755252394340831,-0.8082162860441552,22.830576882925943,0.24111334580449942,-0.34336663637726383,2.8917865291138125,0.02687684665000599,0.012190569009725927,0.002199457646518993,25.032992158720983,121.56540223477478,36.42682652117375,1,100979.0425731891,-0.08366472137172141,0.19378202929100302,9.82470752131507,0.0005745113377152931,0.009949759223994587,-0.004170170039704074
23.5,0.6204546604308577,0.0023951865572600316,27.949468628713248,0.055737519794031964,0.00021303346900620372,3.000335830768406,1.1374103020329797e-05,0.0009984474330910764,8.808199714510859e-06,0.40003404830515177,-0.8428289230109212,23.108388257072843,0.2483323958634209,-0.3472689473700816,2.8876804191367635,0.026943699959416152,0.012204194793426382,0.002293703373460408,25.032992158720983,121.56540223477478,36.42682652117375,1,100990.14478149783,-0.07715327149227164,0.17866800010772396,9.802446193173235,-0.00897466096892885,0.007439105641085473,-0.0016289571314213934
23.6,0.6263286487307511,0.0024123446386817623,28.249495167287584,0.055919690846987294,0.00018151166090396372,3.0003009590195786,4.7351876501422176e-06,0.0009331559942957757,8.853525525660825e-06,0.42517134734879847,-0.8776739101948662,23.397052542499633,0.2543429853789913,-0.3500741922903978,2.885997579469719,0.026835815152082703,0.01228061145857362,0.002079949520848761,25.032992158720983,121.56540223477478,36.42682652117375,1,100983.57507704842,-0.07070985471360668,0.18276053579668372,9.85346103823069,-0.01057385519222975,0.008737299573308412,-0.0009895987739633799
23.700000000000003,0.6321976543721577,0.0024287269055282778,28.549515996980848,0.056005312904639726,0.00015501530772466098,3.0002209634993613,-2.653945880072006e-06,0.0008798235321185732,8.89461361811587e-06,0.450521936249564,-0.9120204895035483,23.76022204444444,0.2611740981827941,-0.3534342383250416,2.9005309505163424,0.026688621790944302,0.012355394900621652,0.0019708999069801697,25.032992158720983,121.56540223477478,36.42682652117375,1,100981.18759386524,-0.12177528780382361,0.17273811455334132,9.81887442391561,-0.006921259974789915,0.008264905899362452,0.006219224380988353
23.8,0.6380563593767286,0.0024450935100664077,28.849527307552165,0.055987980793917216,0.0001370778389770216,3.000111546604617,-9.660657805674671e-06,0.0008461447719638748,8.931241524351755e-06,0.4768956164223101,-0.9475483542070446,24.050258204289197,0.2667146573484945,-0.3574270441296257,2.900039361233833,0.026787620558588805,0.012471014104798117,0.002195345085328277,25.032992158720983,121.56540223477478,36.42682652117375,1,100986.13001251341,-0.09117248621691112,0.12057572540559883,9.84532019649361,-0.000866952978292232,0.007865192447925183,-0.0044256031432073975
23.900000000000002,0.6439015164645897,0.0024621539253920203,29.149527124467635,0.05587843114120975,0.0001297705352594403,2.999992700171372,-1.52722146481283e-05,0.000836033364308264,8.964128982715553e-06,0.5039026958973449,-0.9834256407889573,24.341457892454134,0.273298033115337,-0.36087565961137696,2.8999423802699025,0.02678510778207822,0.012600554578754641,0.0021108378620961973,25.032992158720983,121.56540223477478,36.42682652117375,1,100954.6712303842,-0.07572456867333544,0.15948696081197544,9.844053942458489,0.0007857667671266144,0.008564304306814262,0.001621099638563047
24.0,0.6497323132203557,0.002480465497692805,29.449515482281658,0.05570140066602551,0.00013340163757774096,2.999884328410606,-1.876177502508454e-05,0.0008493206061999103,8.993786245707763e-06,0.53157671454511,-1.0197150876117125,24.63138476759321,0.2803697970158561,-0.3646746515986571,2.8990290038943174,0.026746021979224523,0.012753630696936469,0.002127056094338022,25.032992158720983,121.56540223477478,36.42682652117375,1,100984.2359076381,-0.04822745955899931,0.18111479313871018,9.783398050865612,-0.0011924635678363963,0.010898971248802593,0.0006381270462939908
24.1,0.6555503158973653,0.0025003616215363103,29.749494297348903,0.05549074304367946,0.0001466705958909784,2.999803643131693,-1.976756905561709e-05,0.0008820230280084385,9.019892978088126e-06,0.4650446500118036,-0.22974513759194512,25.039448225064397,0.2616858654443879,-0.14319812317387182,2.922914447350715,0.02276472454755709,0.012471487795376435,0.0023779667880804503,25.033010167861107,121.56540283868136,38.17406282099797,1,100985.85185419093,-0.03342997809341186,0.20165414889669242,9.82219103584577,0.005253017357650208,0.009787160868787274,-0.00409255703794389
24.200000000000003,0.6613590324381675,0.0025219198971323602,30.049466839304113,0.05528292078624329,0.00016694801538949538,2.9997616889244925,-1.8314863880743566e-05,0.0009273969727467968,9.043929125707944e-06,0.4915993804070984,-0.2440912562828479,25.331678955260525,0.26880147245471536,-0.14311532369249227,2.9219669791033525,0.022725958927931087,0.012706147401747803,0.0022498880860734906,25.033010167861107,121.56540283868136,38.17406282099797,1,100959.27990082807,-0.06691047158224009,0.17566362165190685,9.811684023481641,-0.005799594745668812,0.007507407650820129,-0.001996015466386534
24.3,0.6671631972911889,0.002544968535160782,30.34943714428863,0.05511128792669414,0.00019073989696728405,2.9997597173495096,-1.4801937994346501e-05,0.0009771478634732489,9.068106311811434e-06,0.5187381854570774,-0.2582421550561542,25.636733061002847,0.2762089456857377,-0.14249842044615046,2.923264356339797,0.022583914862623587,0.012908381881579611,0.002200410743483573,25.033010167861107,121.56540283868136,38.17406282099797,1,100954.3450462788,-0.04659097568794483,0.16366096984216302,9.803960251242774,0.0013969682896333522,0.010420045826225459,0.00033855496794048636
24.400000000000002,0.6729679127191281,0.0025691292623974634,30.649409327886083,0.055000842514995506,0.00021432936195209498,2.9997978556480698,-9.881114827933694e-06,0.0010228454147651611,9.09448690035481e-06,0.5467645914600926,-0.2725129899463337,25.928971575032154,0.28412153684246233,-0.1425366549125832,2.921335077632633,0.022629916881197414,0.013101490692455364,0.0023354091835880372,25.033010167861107,121.56540283868136,38.17406282099797,1,100955.13822891921,-0.09035884412554451,0.21605042985086717,9.822330336303494,-0.0056505698310047835,0.008150432775113714,0.003033603015738116
24.5,0.6787777935809926,0.0025938877908766285,30.9493868145563,0.05496443249060445,0.00023423682673290734,2.999866737163743,-4.383707139295109e-06,0.0010574977883153203,9.124887261272421e-06,0.5755878653566955,-0.28667739555471583,26.222413487465925,0.29288344041367775,-0.1410719446615191,2.9207940965264516,0.022648539992790536,0.013221885366289543,0.0023477302545127886,25.033010167861107,121.56540283868136,38.17406282099797,1,100954.74841677657,-0.05819730883882279,0.17386352751214376,9.799307696463066,0.0036870124094376656,0.007472547878870839,0.003485396795761878
24.6,0.6845962667153558,0.002618679241047099,31.24937193339651,0.05500226494092024,0.000247793030238353,2.9999503456774526,8.304670061615604e-07,0.0010763797245672002,9.160473154746622e-06,0.6052915689510827,-0.30082199810276117,26.514441272289517,0.3008825430491813,-0.14206752003404075,2.919186665365357,0.022787880210861144,0.013406635039581616,0.0024060846039692142,25.033010167861107,121.56540283868136,38.17406282099797,1,100935.14947761694,-0.08981675736628617,0.17041958001254368,9.80268969519975,-0.005669561616484914,0.007894717927526364,0.0010245345853550582
24.700000000000003,0.6904251088168735,0.0026429750740749164,31.54936561670032,0.055102508905595406,0.00025350078158448613,3.0000361540732015,5.030436097923783e-06,0.0010776492293580464,9.20168542329911e-06,0.635358200920497,-0.31449212034317786,26.855381006063798,0.30954740820782123,-0.1426068024328914,2.9271796817465505,0.022685098226595153,0.013629435276059976,0.002322363457850066,25.033010167861107,121.56540283868136,38.17406282099797,1,100924.63025231987,-0.106307131775114,0.17685818632971614,9.827391387301601,-0.00108289993136351,0.008182932588894864,-0.0028942307111493883
24.8,0.6962642880286126,0.0026663570448176824,31.84936733005377,0.05524410888966016,0.00025105660696308357,3.0001094322341735,7.665986855428249e-06,0.0010624952614437522,9.246181989474098e-06,0.6667427645307521,-0.32876644454493537,27.14809984334264,0.31850155660055446,-0.14284603355666567,2.9266342923472766,0.02283744507524607,0.013752708562779103,0.002623883694573087,25.033010167861107,121.56540283868136,38.17406282099797,1,100922.37220367731,-0.03771918939814583,0.1748104394278776,9.803227340541119,0.0009630321134421757,0.007984107773170181,-0.008573112383409385
24.900000000000002,0.7021121091245475,0.0026885719681687416,32.149375326962556,0.055401181679807635,0.0002414194056259986,3.000159584801481,8.461381491460943e-06,0.0010345849648152328,9.292045312216497e-06,0.6982693924949511,-0.3422112248406186,27.50746105152757,0.32738447086896405,-0.14286279377648584,2.9376397641013816,0.022706959497559,0.013878150470340023,0.002524364101202428,25.033010167861107,121.56540283868136,38.17406282099797,1,100915.87074992724,-0.06264872254474964,0.16494191956291404,9.799064046193845,-0.0013190383675237166,0.008073002573173605,-0.007837041411265165
25.0,0.7079656144855183,0.0027095568395239258,32.44938694562845,0.05554710920294673,0.0002265433601115028,3.000181534094565,7.439601431862388e-06,0.0009994230187877484,9.33789366432827e-06,0.731394876982974,-0.35646687821377976,27.801165577844454,0.33597802580825625,-0.1426210389563242,2.936829233387708,0.022704785380073287,0.013964281232727194,0.0024152472855209356,25.033010167861107,121.56540283868136,38.17406282099797,1,100936.34410994974,-0.028397881716383345,0.16981369843270655,9.831089472923075,-0.0036011633805556565,0.00817404728444461,-0.005718887378242334
25.1,0.7138211613634624,0.002729433875001221,32.74939913314069,0.05565922746276395,0.0002089911513075268,3.0001712996498577,4.881839179509321e-06,0.00096327538700125,9.382810398424012e-06,1.6455632782307426,-0.9250586642775932,28.106039196849128,0.5947356118292246,-0.29992355641996715,2.937965800166228,0.025557425437296607,0.018493549462712977,0.0017371297939038806,25.03298454969386,121.56542856162531,39.35790081163832,1,100933.46869950643,-0.08141975317140923,0.19871252396364936,9.812681042230976,0.004964618482870468,0.006812042531243293,0.00034168692904706986
25.200000000000003,0.7196750602895907,0.002748478567179909,33.04940903052929,0.0557222274565907,0.0001915560074761638,3.0001343047860307,1.2844249925220662e-06,0.0009319749905623009,9.425857505617886e-06,1.7056544428245508,-0.9551920255033292,28.399751047444823,0.6069727925546593,-0.30284131805338504,2.936516717668103,0.02549091319720488,0.0185541057154055,0.0020494920840855007,25.03298454969386,121.56542856162531,39.35790081163832,1,100929.81915701738,-0.09879703234455967,0.20176737074375264,9.812851091279176,-0.0037736904992589624,0.006583295851678819,0.01701434590688794
25.3,0.7255241701112721,0.002767067919221883,33.34941432047185,0.05572964477740959,0.000176771347663253,3.0000794319685227,-2.7498783765371036e-06,0.0009102154264057916,9.466486342775111e-06,1.7666225050392204,-0.9853264346813256,28.72738813871933,0.6191909765075048,-0.30555540084875604,2.941763259334124,0.02538101149759945,0.01870533444009448,0.002228325836603583,25.03298454969386,121.56542856162531,39.35790081163832,1,100927.97462692371,-0.05407631461895915,0.19955175372254844,9.82699266229618,0.004494801029169249,0.008289176856567729,-0.0040407059776385815
25.400000000000002,0.731366364165731,0.0027856175986078788,33.64941360957914,0.05568456448294011,0.00016660576072305647,3.0000155698735247,-6.6004150660604525e-06,0.0009007821663271631,9.504786944192476e-06,1.8292481917954029,-1.0160124298106359,29.021430215664086,0.6337052377559577,-0.3075819212898493,2.939111445672228,0.025566713438877526,0.018915384134861934,0.0021483991910569433,25.03298454969386,121.56542856162531,39.35790081163832,1,100916.20988865962,-0.05560415590447374,0.1711376368216252,9.80719920298837,0.00341717121644104,0.011372664175513617,-0.0002824705048496544
25.5,0.7372007950846937,0.0028045180208899983,33.949406591614085,0.05559831355640908,0.00016222184807739357,2.9999543098337185,-9.707924632320457e-06,0.0009042414003732624,9.541294214556722e-06,1.8932021780159562,-1.046809753056372,29.32384686059596,0.6469109487396252,-0.31009696712744184,2.9394077326353796,0.025641505152939673,0.019096500618764445,0.002346547765889752,25.03298454969386,121.56542856162531,39.35790081163832,1,100912.33710025005,-0.08245008923963808,0.1792642879370704,9.794425087414195,-0.004451583134381933,0.010700745103398197,0.006234251043851994
25.6,0.7430279332124933,0.002824078012381852,34.24939400802031,0.05548798844742493,0.0001638095584911016,2.999905314238503,-1.1676820496076624e-05,0.0009190386812047979,9.575459890018373e-06,1.958616817024708,-1.0780158227411303,29.617744043715895,0.6616020144911628,-0.3131860784206513,2.938108379640075,0.025585728442528724,0.019276485335995908,0.002269060366710372,25.03298454969386,121.56542856162531,39.35790081163832,1,100905.22897656377,-0.02959639878255236,0.17484337114739087,9.777855201721547,-0.0011928086613648033,0.00927974555925811,0.00234153655889165
25.700000000000003,0.7488493887374064,0.0028444866508966875,34.54937744036567,0.05537325181828621,0.0001706912158757303,2.9998756346126525,-1.2303352248064099e-05,0.000941907457554958,9.607519868623927e-06,2.024609178927133,-1.1088573716200318,29.969008056525144,0.6745063204994785,-0.31630148290770316,2.9477439757947677,0.02540675407866753,0.019462726033316446,0.002238884804712977,25.03298454969386,121.56542856162531,39.35790081163832,1,100903.11391640782,-0.07445787437212334,0.17575480793008277,9.818423151183064,-0.0033880214515995214,0.009650217689940026,-0.0008918714766070026
25.8,0.7546675638958733,0.0028657947172968886,34.849358981229145,0.05527293391049616,0.0001814480408895312,2.999868212751733,-1.1601626981434776e-05,0.0009685429505812415,9.638460285362078e-06,2.092778302873741,-1.1406083028726879,30.2637241547353,0.6887513418201612,-0.31847487926585305,2.9466670431406694,0.025514951464390413,0.01967594095276537,0.002222603248429024,25.03298454969386,121.56542856162531,39.35790081163832,1,100898.655306977,-0.08445062521368006,0.1716832525940494,9.743086012320598,0.0008951655373746349,0.01089407798695266,0.001146661168086953
25.900000000000002,0.7604852044469241,0.0028879176631564263,35.14934087418168,0.05520214160150527,0.00019421801046213985,2.999882612947606,-9.7750069146896e-06,0.0009943442970232752,9.669463340574879e-06,2.1620419557881756,-1.1723569678053318,30.576868392949958,0.7027238764110763,-0.32119024549639175,2.9490533951475313,0.025440355354959105,0.019935755783339726,0.0021079105761427214,25.03298454969386,121.56542856162531,39.35790081163832,1,100918.3686284656,-0.028566137839202414,0.1585520189585117,9.845362329173254,0.0008595345194904196,0.0073595924479555284,-0.0040448788876431005
26.0,0.7663049285814669,0.002910658283727972,35.44932512667898,0.0551699674498887,0.00020697873666808116,2.9999154933371623,-7.1743879596825285e-06,0.0010152083978691717,9.701555854422216e-06,2.232994393866383,-1.204612973977273,30.871785056827395,0.7165400643641916,-0.32372056382255,2.948766059382949,0.02566290699585961,0.02015335038827004,0.00246605456120883,25.03298454969386,121.56542856162531,39.35790081163832,1,100894.69420585468,-0.05680569218050248,0.2065759778697371,9.81978894524866,-0.001530522320787538,0.009781285112491179,-0.0015435200076066775
26.1,0.7721288127333565,0.0029337443761344563,35.7493131926503,0.05517856798915273,0.00021785024728317162,2.999958952849581,-4.24719225462967e-06,0.0010281777781040446,9.735704483538121e-06,1.6461739198621486,-0.3089323052189898,31.335637484590936,0.5370099948233498,-0.05354806380082664,2.9802361132205912,0.020858088375220983,0.01690435216501629,0.00363356532194189,25.033008562364977,121.56540699782721,49.22407092109758,1,100887.31456879381,-0.060694501630895306,0.16355921177681437,9.824497707529465,0.0043731815218878475,0.007327783219915697,0.004431548320544333
26.200000000000003,0.7779581041649248,0.0029568746083212857,36.04930581570597,0.05522343400877938,0.00022540485495190122,3.0000057272911334,-1.4434126359341043e-06,0.0010317620266770966,9.772930557782283e-06,1.7005313365472905,-0.31423595114716735,31.633603707446465,0.5499312220609696,-0.05194253915446423,2.9791792659821392,0.02083735880919986,0.017041086940606798,0.0033785755401058524,25.033008562364977,121.56540699782721,49.22407092109758,1,100873.01393071476,-0.04782793464633063,0.18545646097007212,9.808819282065295,0.002224704218259762,0.007877729582878357,-0.00016188616471754172
26.3,0.7837930820210184,0.002979764271723658,36.34930293712096,0.0552944671223064,0.00022879162564665213,3.0000481601921365,8.40246562293254e-07,0.00102612910117017,9.812954602165007e-06,1.7554074541485643,-0.31887574317665085,31.98147273866905,0.5609705364770686,-0.049772866775033064,2.9872298631417866,0.020878828029071553,0.017210812179625945,0.0036055040052554756,25.033008562364977,121.56540699782721,49.22407092109758,1,100905.69319151004,-0.10937488910040179,0.16642134531137587,9.780229048335611,-0.0011457279286306125,0.010951885266539738,-0.00260020186660654
26.400000000000002,0.789633087596334,0.0030021856452773664,36.64930380022851,0.05537826354532761,0.00022782015978298765,3.000079383540301,2.3023639151506836e-06,0.0010128812212448768,9.854618254477642e-06,1.812091105502129,-0.3237914759110427,32.28010462365726,0.5724408940931637,-0.04801304534717782,2.9853039890071784,0.020661040000106552,0.01736600822894019,0.0034125383450042453,25.033008562364977,121.56540699782721,49.22407092109758,1,100885.58502614894,-0.04318402785999805,0.20857419104973818,9.814508703613816,-0.0016283186893783325,0.008387643240038538,-0.0073878914245703005
26.5,0.7954767026176776,0.003023997528335001,36.94930709175009,0.05546030882755267,0.00022299299928798857,3.0000962197955845,2.798632410501816e-06,0.0009947430153824932,9.897159340659848e-06,1.870345245167993,-0.32870070675336527,32.555326441980995,0.5848222841625924,-0.04608314391139451,2.9803065989784208,0.020755772248073776,0.01746629650475051,0.0035612514705361357,25.033008562364977,121.56540699782721,49.22407092109758,1,100883.3331950063,-0.059562645856642484,0.18461463142357284,9.829185035755955,0.003634613004745449,0.008491607517283634,0.0016291165041670765
26.6,0.8013220400179435,0.00304515886588956,37.24931119133932,0.05552748000226149,0.00021530865570762518,3.000095925145657,2.3312363217322563e-06,0.0009750464311786278,9.93993273224766e-06,1.9293641887038242,-0.3332425847815615,32.85335367793691,0.5961770339668284,-0.044660022580178475,2.9800125339124546,0.0208214864750818,0.0175925971881028,0.003451670366072152,25.033008562364977,121.56540699782721,49.22407092109758,1,100866.29023284937,-0.07334487190328379,0.16703226892296139,9.824477381778111,-0.002941169027345521,0.0060405919055535,-0.003096395446106184
26.700000000000003,0.8071670798492212,0.0030657267326670667,37.549314508266605,0.055570208457473756,0.0002061200235903905,3.000079703009174,1.0449754143427215e-06,0.0009570432047480981,9.982240957320954e-06,1.9901440170801246,-0.33784841290349854,33.12471302283903,0.6097780036334527,-0.04225396530560887,2.9747891961579254,0.02066606067312811,0.01772163576089336,0.0036434770166112844,25.033008562364977,121.56540699782721,49.22407092109758,1,100889.98446345206,-0.05431905786459708,0.1936633444866639,9.815637519401543,0.000141098360807223,0.008759536831942243,0.003478905319312397
26.8,0.8130100047537998,0.0030858403080013695,37.849315677117836,0.055583452537027477,0.00019689061416813063,3.0000527342770953,-8.047176465826731e-07,0.0009435056610884729,1.0023626231877812e-05,2.0517890676704957,-0.3419827884884477,33.422176213170786,0.6232658385690665,-0.04048312806136059,2.9746526585817916,0.020614063921513083,0.017963898014196733,0.0035252933537772615,25.033008562364977,121.56540699782721,49.22407092109758,1,100869.25386352802,-0.03597061090861792,0.2001851635886117,9.821232346908538,-0.0017132715964387046,0.010568005732019962,-0.011023320241034518
26.900000000000002,0.8188494785569669,0.0031056940332573053,38.14931377252049,0.0555673070565057,0.0001889566961951978,3.000019138384359,-2.9082621785811556e-06,0.0009362942371280436,1.0063928766127738e-05,2.1144603253787095,-0.3457688090109136,33.73364731029704,0.6363023111261128,-0.03799160439997785,2.975855303066471,0.020562394220188067,0.018169427613860423,0.0036900491427583944,25.033008562364977,121.56540699782721,49.22407092109758,1,100859.94894775923,-0.07148456905609066,0.19578582148677673,9.817819617342668,0.0016466540450415315,0.008589877691983073,0.005087125880551914
27.0,0.8246848247604932,0.003125504839615973,38.449308453491355,0.055526683777891106,0.00018339122259681796,2.9999849643223464,-4.933182640105903e-06,0.0009360713320158975,1.0103262532856277e-05,2.1787115477963113,-0.34941021129729466,34.031181366308964,0.6491634558738659,-0.034984115103380925,2.9748390189152523,0.02049966973349991,0.01832800004007984,0.0038383418639437866,25.033008562364977,121.56540699782721,49.22407092109758,1,100860.79231049775,-0.05944716289211559,0.14027709835317737,9.81317168729949,-0.003692619222078167,0.009091047289473133,7.961646242072283e-05
27.1,0.8305160848980199,0.0031454781341274966,38.749299951158314,0.05546999760204709,0.00018080883780568344,2.9999560884308396,-6.589788130657876e-06,0.0009423403463533209,1.0141281636607703e-05,0.352424959742539,-0.5650783810482554,34.23624998000663,-0.00038314508255449155,-0.11696132074827274,2.956789317235951,0.022069348736233667,0.005587225610987012,0.006232609768067764,25.032994913909377,121.56539205177673,43.75108845765978,1,100851.84591505466,-0.0762089540729988,0.17450716068285646,9.797189055105894,-0.0027980695300014497,0.009650266416735484,-0.0003739886359260435
27.200000000000003,0.8363439565244513,0.003165779103574951,39.0492889980357,0.05540765452321337,0.0001813402253236908,2.999936358245991,-7.668881494653106e-06,0.0009535851756889979,1.017782913843443e-05,0.3524517573605314,-0.5767038303862667,34.531804516577935,0.0006176837844541228,-0.1158806957665655,2.954917633708557,0.021775820912602557,0.005630504110220036,0.006122271431707264,25.032994913909377,121.56539205177673,43.75108845765978,1,100823.30212848265,-0.08187522485797094,0.17453286494660275,9.78530608477381,-0.00702128058628895,0.01115026233555821,-0.005645888761181732
27.3,0.8421696298998018,0.0031865121009149,39.349276664481714,0.05535015225075544,0.00018465782250025293,2.999928754758247,-8.060368552695394e-06,0.0009676019227855548,1.021321513681895e-05,0.3524728507519188,-0.5882093547908984,34.84608709147901,0.0020829778985246732,-0.11554973184865437,2.9564015011816758,0.021792200718043775,0.0056753300005329965,0.006056473293134083,25.032994913909377,121.56539205177673,43.75108845765978,1,100855.34348087036,-0.03946043882256602,0.16406320493668028,9.834459148745102,0.0038809136252818837,0.008518096814792278,-0.0027208322154376385
27.400000000000002,0.8479945579016375,0.0032077103098356935,39.64926415158963,0.05530636933619002,0.0001900534864424209,2.999933241567159,-7.763643206020026e-06,0.0009819248251778934,1.0247991167124484e-05,0.35278458395758105,-0.5997561042144041,35.141693070581645,0.0037460771866659687,-0.11530006669998939,2.9561317603348005,0.021738279451705693,0.005759368361569983,0.006227559069468232,25.032994913909377,121.56539205177673,43.75108845765978,1,100839.83251636605,-0.07702138362045324,0.1780516863703335,9.800955231713925,-0.0017627154436738793,0.010674758906345654,0.005978122651617677
27.5,0.8538202014320342,0.0032293366877350397,39.94925260286872,0.05528232906399507,0.0001965775414384677,2.9999480799422575,-6.876404970946017e-06,0.0009942139656391458,1.0282782284489078e-05,0.35305765364415115,-0.6112064560557358,35.44801982928184,0.004392590800608411,-0.11424431452700894,2.9561768924259164,0.02171049169186727,0.005806775600242231,0.006514859932555885,25.032994913909377,121.56539205177673,43.75108845765978,1,100833.35852485473,-0.05317810572823201,0.20926609513046054,9.824829545489068,0.006045520998172051,0.010738711988467237,0.01321217872728451
27.6,0.8596477926893313,0.003251295055379656,40.24924291674979,0.05528037508466939,0.00020318319633704329,2.999970315982458,-5.577494777398935e-06,0.0010026387692729788,1.0318110651779558e-05,0.3536036072101824,-0.6225851217247327,35.74364885192382,0.00706403167787636,-0.11329237292055953,2.9561888041324464,0.0217600263435144,0.005881019465022286,0.006727192653648796,25.032994913909377,121.56539205177673,43.75108845765978,1,100837.48691001185,-0.021335196214399485,0.17775529697380174,9.784686141292287,-0.003763123879809705,0.009081866709793811,0.005576484815082507
27.700000000000003,0.8654781504041931,0.0032734489933772272,40.54923561745635,0.0552990870103536,0.0002089057115472946,2.9999954733781555,-4.090986841519973e-06,0.001006140912718223,1.0354446280631615e-05,0.3542803743603745,-0.6339069165460903,36.0413528875504,0.007445250045261265,-0.11294415065675012,2.9561982771011466,0.021655215588809906,0.005924956694056682,0.006862150554514762,25.032994913909377,121.56539205177673,43.75108845765978,1,100837.19055884593,-0.035364806496711865,0.21564243361206897,9.822746884542896,0.0005578614955205056,0.008613500142720183,-0.0048660555960294725
27.8,0.8713115852768165,0.003295645209950446,40.84923079738231,0.05533381854170166,0.00021299385166772088,3.0000195205886433,-2.644758881664831e-06,0.0010045541516445766,1.0392435266966077e-05,0.35510566818872635,-0.6451369632072506,36.33695675963982,0.008438741155738002,-0.11166892860816664,2.955612076668908,0.021451240400919884,0.0060361063510177,0.006969564913337044,25.032994913909377,121.56539205177673,43.75108845765978,1,100823.26056488769,-0.07254417135462685,0.17829658554960004,9.797404904617078,-0.00884156486765519,0.01021454085919521,0.00744799983769693
27.900000000000002,0.8771478890074589,0.0033177365611019036,41.14922815437035,0.05537775021991944,0.00021497645973623278,3.0000384287845567,-1.4489484477599714e-06,0.0009985267902248296,1.0431717057239294e-05,0.3556333397500328,-0.656098000919174,36.65981750356565,0.009470167756360651,-0.11093470014181117,2.9597307424365287,0.02130410508938646,0.0060216183824277625,0.006955404225589738,25.032994913909377,121.56539205177673,43.75108845765978,1,100844.06953108024,-0.061581756737605374,0.16463340285242456,9.813129465630986,-0.0014914899797433925,0.009853260734599335,-0.004051702723735492
28.0,0.8829864104202849,0.0033396034229609415,41.449227057229365,0.05542312035067846,0.0002147459349850756,3.0000500874880203,-6.552068192116248e-07,0.0009893734721009295,1.0471983531332396e-05,0.3566262615435657,-0.6671407535938694,36.95574201303878,0.010470889253099186,-0.1092977681961682,2.959038759929748,0.021311166007048597,0.0060817767555712,0.0068757253906960155,25.032994913909377,121.56539205177673,43.75108845765978,1,100815.53512251125,-0.08845641293689518,0.220334440302993,9.825606997983677,-0.003048578398754686,0.009415694625656699,0.005783924824838678
28.1,0.8888261906430845,0.003361168634550428,41.749226675850494,0.05546249174865325,0.0002125213637649486,3.0000528039468155,-3.439957995057491e-07,0.0009788055845256771,1.0512726850912476e-05,-0.0565483563634956,-1.3701544985467256,37.378437041728276,-0.09344978031680959,-0.2845908537372795,2.9815660518193083,0.023880190449519487,0.004396038784607814,0.006724430932109407,25.032976032171508,121.56539178448502,50.9990727847188,1,100826.54172652136,-0.050025572904421625,0.19137232146098163,9.81713025785981,0.00022051969517881357,0.008752086640421812,-0.010220775032748685
28.200000000000003,0.8946661403573863,0.003382405263430748,42.04922612778621,0.05549000899770442,0.0002087870693479251,3.0000464263466213,-5.218903356368106e-07,0.0009686301120914731,1.0553606551328882e-05,-0.06594466597262738,-1.3986133114389465,37.67655123662697,-0.09427396995662891,-0.2848007852376656,2.9804336650193646,0.023807733557913466,0.004445325020074664,0.0064302146217976655,25.032976032171508,121.56539178448502,50.9990727847188,1,100817.2945403189,-0.05181833308431681,0.15938671249262762,9.811264328265144,-0.0021772114881864406,0.008618990379982795,-0.0033255573547176713
28.3,0.900505226877778,0.003403336212997909,42.34922462558538,0.05550215512477661,0.00020421796868022192,3.0000334347751827,-1.1195785907993017e-06,0.0009604493251165191,1.0594315565241134e-05,-0.07522781493880108,-1.4272386084206978,37.96616872746461,-0.09305877441332866,-0.28658185721524027,2.9782881053376675,0.023852699185869755,0.004433123286668561,0.006504974978792771,25.032976032171508,121.56539178448502,50.9990727847188,1,100831.08992943911,-0.03544834595012196,0.20188933978141127,9.86318590184723,-0.004219087898008844,0.00900703926136327,0.01191105067781738
28.400000000000002,0.9063426362752054,0.0034240266995692057,42.64922158450737,0.055498116955646014,0.0001995384619478513,3.0000161041615625,-2.0168086765704585e-06,0.0009554433271499185,1.063463990835228e-05,-0.08451996648840197,-1.4559332429902243,38.264021170003815,-0.09240401513252319,-0.2875146496170472,2.9777665832199145,0.02367757451817286,0.0044345144584543306,0.006603896451469757,25.032976032171508,121.56539178448502,50.9990727847188,1,100794.43111052582,-0.036252313925867106,0.16241554564916935,9.812484741689659,-0.00186734306422496,0.007858169989799053,-0.004739110080211279
28.5,0.9121778878978266,0.00344457130126634,42.94921672275192,0.055479818147452495,0.0001954397163541368,2.9999973350909497,-3.0580395306538995e-06,0.0009541694208534679,1.0674561073702808e-05,-0.09429640405448884,-1.4846029108887737,38.607548863927896,-0.09156019725586614,-0.2886275911504001,2.9840787040309538,0.023662798773877003,0.004413028435459321,0.006308992606467017,25.032976032171508,121.56539178448502,50.9990727847188,1,100797.48281944385,-0.07926949017890363,0.16937507097496093,9.82429500715348,-0.002918014961943283,0.00808266906569842,0.0010079759949632716
28.6,0.9180108862598761,0.0034650775279073316,43.24921007273223,0.055451299448298144,0.00019246873493093973,2.999980648210472,-4.077650189150939e-06,0.000956546186695828,1.0713908621312342e-05,-0.10338843083279002,-1.5135761067969908,38.90590542677514,-0.08997658429604463,-0.2906528481794424,2.9836115609897482,0.02374552553775647,0.004407783601010351,0.006372565759594311,25.032976032171508,121.56539178448502,50.9990727847188,1,100804.14622562953,-0.06443854561890347,0.16287942537006395,9.778761518509523,0.004145857110132711,0.008819665643848312,-0.0022766672002161176
28.700000000000003,0.92384190681509,0.003485649169477785,43.549201953435634,0.0554179521546335,0.00019095093218230135,2.9999682003001125,-4.932272286787634e-06,0.0009619110045904211,1.0752454296405861e-05,-0.11226738793927632,-1.5426864851543867,39.19493996245121,-0.09039274254795221,-0.29076963900865227,2.981892165731897,0.02376876336927443,0.0044352445149775654,0.006023451067788975,25.032976032171508,121.56539178448502,50.9990727847188,1,100820.52541515909,-0.04591095089490803,0.19378176345656883,9.81279792973138,-0.005247102467384399,0.008218081041988417,-0.0009965505264551244
28.8,0.9296715228547314,0.0035063718142904787,43.84919290113589,0.05538554894914817,0.00019098158621142237,2.999962029359024,-5.5136121317308676e-06,0.0009691585407123338,1.0790208963316267e-05,-0.12131936062864931,-1.5718463933819977,39.4930933322847,-0.09036310490979975,-0.29214212352305824,2.981410567043626,0.023770388700901493,0.004439013531977842,0.0059334384850093114,25.032976032171508,121.56539178448502,50.9990727847188,1,100786.74529980234,-0.03954782868598429,0.17135271785746775,9.808754407162835,0.0034936457400074053,0.007391514778414945,0.004556440031672189
28.900000000000002,0.9355004899550896,0.003527302043190557,44.14918355111103,0.05535921369450743,0.00019242620037221303,2.999962657023683,-5.760406569418709e-06,0.0009769833304607012,1.0827360360719251e-05,-0.13080258112530047,-1.6009864497749924,39.81391173274087,-0.09227511502178923,-0.29272438316926497,2.985293977596566,0.023646611980298448,0.004412241044848164,0.006059743776427366,25.032976032171508,121.56539178448502,50.9990727847188,1,100820.38915203829,-0.1014425855627133,0.19575960890730673,9.814208169530042,-0.003903238255833161,0.008645609394150603,-0.00478042869526794
29.000000000000004,0.9413296100601709,0.0035484617523723577,44.44917454134455,0.05534273865900631,0.00019495438532626564,2.9999689915642866,-5.666182968860087e-06,0.0009840784406898173,1.0864190648229814e-05,-0.1400574821262337,-1.6302817017613798,40.1124722852508,-0.09292828575539508,-0.2933717559940447,2.9855528708709436,0.023706977307971038,0.004389243715293478,0.005999822277991493,25.032976032171508,121.56539178448502,50.9990727847188,1,100770.63702949189,-0.07230958291644404,0.197123554533902,9.792541135066537,-9.859841002727004e-05,0.008239740616593633,-0.007963668232268215
29.1,0.9471595985159224,0.003569837999312017,44.74916640878491,0.05533803459915628,0.000198108566841827,2.999979934943789,-5.27404193056818e-06,0.0009893482283973576,1.0901008615373456e-05,0.6439125480510548,-0.6847085725126022,40.56124963403345,0.12484694266348913,-0.025992473632178666,3.0093479097749007,0.01909774487474479,0.008058627348722869,0.005636468296168097,25.033008532615206,121.5654194283224,54.51060899209001,1,100802.74682716742,-0.005306203615810131,0.17552247853196057,9.817052224933233,-0.005071631829815022,0.008723786180282564,0.000859865331464262
29.200000000000003,0.952990975306403,0.0035913879021267133,45.049159500606144,0.055344933708509,0.00020137943050737637,2.9999933563422063,-4.667102698300846e-06,0.0009920888836214559,1.0938111977354197e-05,0.6566256248375586,-0.6871659073686434,40.86215993071805,0.12973760819933094,-0.023375831434754187,3.0089271749218063,0.01904066386960476,0.008062506906420186,0.005687366875440951,25.033008532615206,121.5654194283224,54.51060899209001,1,100768.82211615371,-0.03830759638936952,0.15471736751285123,9.884624450839132,-0.0020434963272775966,0.009602483977859585,0.009780382673907649
29.3,0.9588239963145274,0.0036130475047131696,45.34915394176554,0.0553614262587406,0.0002042880886287776,3.000006768277109,-3.951193976243091e-06,0.000992055418991722,1.0975878077406512e-05,0.6694210025206686,-0.6892824186398964,41.190306147451004,0.1329261590637838,-0.020536108331246396,3.014160853305571,0.018948424868332262,0.008072078814556738,0.005763691078153201,25.033008532615206,121.5654194283224,54.51060899209001,1,100791.10079015237,-0.05258057003939365,0.17637157292082725,9.839664520625982,-0.0004384514884892614,0.006326621207206685,-0.005037253856328244
29.400000000000002,0.9646586326190582,0.0036347426148193177,45.64914963343663,0.05538411562731053,0.00020644778097394335,3.0000181182258547,-3.238279257642797e-06,0.0009894659526172855,1.1014342741665334e-05,0.6829407637744248,-0.6911955179220616,41.491736410042165,0.1378239156846027,-0.017524452135799982,3.014167913322875,0.018867158162460936,0.008013257062606138,0.005976024607794898,25.033008532615206,121.5654194283224,54.51060899209001,1,100764.15789497187,-0.055852892564479166,0.20820458327383137,9.8022960226241,-0.0024040251277569116,0.009638947303122031,0.009346263864130858
29.500000000000004,0.9704945970918297,0.0036564004055817654,45.949146282824444,0.05540886942768943,0.00020761347506097102,3.000025696922761,-2.630885642238958e-06,0.0009849339057184103,1.10533574016933e-05,0.6974201503753786,-0.6929249149422435,41.75714684915169,0.14177643156075773,-0.014766341530385528,3.007517933991323,0.018772995005368387,0.008016151998556653,0.005950134067522917,25.033008532615206,121.5654194283224,54.51060899209001,1,100774.54485503086,-0.029939671981096132,0.18548494057274495,9.787234296185607,0.004014395047073384,0.009279221893756268,-0.0042562514483268175
29.6,0.9763314105090406,0.003677959871869447,46.249143463560685,0.0554315331784148,0.00020770673165021624,3.000028617576556,-2.2061971746370504e-06,0.000979340335259371,1.1092794763010078e-05,0.7118409911630862,-0.6942340596476384,42.057843369078334,0.14687399839765175,-0.011368063961529389,3.007270472877239,0.018646612513932324,0.00803235212349862,0.005794026916840618,25.033008532615206,121.5654194283224,54.51060899209001,1,100762.63137306982,8.225999227869096e-05,0.19516784276823687,9.820302187252576,-0.007949677393654608,0.00733204861986888,0.0031437175051243936
29.700000000000003,0.982168493634103,0.0036993794950208737,46.54914069542571,0.055448612735004246,0.00020680596826615102,3.00002661284472,-2.009784864149718e-06,0.0009736703199485497,1.1132508045501682e-05,0.7266960701301879,-0.6952117100260635,42.35845352281493,0.14991877688842006,-0.008105356253279381,3.006717523510685,0.018284848301205463,0.008062388631699058,0.005723652528242655,25.033008532615206,121.5654194283224,54.51060899209001,1,100767.26672383722,-0.015320339387300305,0.18047250725919373,9.81297347616647,0.0008291943807986928,0.005972421711388731,0.0020209154983516454
29.8,0.9880052683486865,0.003720641454280946,46.84913752904497,0.05545779306643447,0.00020513115361846238,3.000020529959728,-2.0487888094895166e-06,0.0009688400523875096,1.1172343370111005e-05,0.7419273965151437,-0.6957858457877951,42.65910806239819,0.15470973029174223,-0.0037902277323547517,3.0061875401535145,0.018255213482478543,0.008097639050316907,0.0056757185306492465,25.033008532615206,121.5654194283224,54.51060899209001,1,100782.48792402352,-0.03510927341086259,0.1760177010010055,9.810734930500477,-0.008261645566268011,0.008921453580888996,-0.0023511320098093934
29.900000000000002,0.9938412507740946,0.0037417520424008377,47.149133609624506,0.05545818858758711,0.0002029907600950774,3.0000116954317173,-2.2960283654100927e-06,0.0009655675910442696,1.1212135205217428e-05,0.7594182775850623,-0.6963116934080079,42.85683015032188,0.16104580835479293,-0.000586368633026546,2.98891960093225,0.018176725410892186,0.00816372245090946,0.005738504451592043,25.033008532615206,121.5654194283224,54.51060899209001,1,100758.72346012287,-0.009292921277181773,0.16834379576017308,9.821770065794531,0.005295817146364511,0.010271973399117661,0.0013981889029363612
30.000000000000004,0.9996761220799375,0.003762738637741178,47.44912873250536,0.05545041562775932,0.00020072921667364303,3.00000155580026,-2.698839599978305e-06,0.0009642613125178112,1.1251795002561301e-05,0.7757457228477632,-0.696202160544813,43.15578601996542,0.16533300503020576,0.003185339010278721,2.9893968621333014,0.017983196958398187,0.008173571852181594,0.0059757374148598896,25.033008532615206,121.5654194283224,54.51060899209001,1,100759.91623434264,-0.041904176566459846,0.20916029828188282,9.781836859849298,0.000977881725026838,0.008778866050857075,-0.002528058052458594
30.1,1.005509767253182,0.0037836438898075087,47.749122864756764,0.055436357087049096,0.00019868540640110145,2.999992035751646,-3.1838489723195018e-06,0.0009649794408537193,1.1291282044375374e-05,0.27259338948409495,0.9229918730247608,43.33157737124652,0.019861503265715678,0.47396945135707086,2.968436859426916,0.00994775933399558,0.005689954415780019,0.006972012199891649,25.033029616222827,121.56539500117971,50.861391432606226,1,100750.5673720255,-0.041989452430425275,0.20719752493567478,9.806793559839468,-0.00010357949445049261,0.008486788886566662,0.0077295822539761765
30.200000000000003,1.0113422780144268,0.003804518121986481,48.04911613527968,0.05541876188145665,0.00019712709021874083,2.999984486539632,-3.67509221136565e-06,0.0009674524445379973,1.1330437736251651e-05,0.27472551805356993,0.9709685153300284,43.62842524139751,0.021709750115938606,0.48514554828063894,2.967743097874789,0.009959657563801008,0.005763585380915925,0.007233244120991084,25.033029616222827,121.56539500117971,50.861391432606226,1,100749.10453754746,-0.050019798073931615,0.1566751309043225,9.842965512157003,-0.0026678655921205346,0.008742998392227756,-0.005438087178880385
30.3,1.0171739220563254,0.0038254115780148026,48.34910880537837,0.05540075583378691,0.00019623091944992699,2.9999800434599755,-4.103152836420135e-06,0.0009711409901360657,1.1369183153397838e-05,0.2772340774431776,1.0200047294169972,43.9069284552335,0.023701690718775967,0.496682335174347,2.963403831664725,0.009831899340632921,0.005780262886692089,0.007269435613355012,25.033029616222827,121.56539500117971,50.861391432606226,1,100753.40311526103,-0.01944760321182995,0.18423192056526094,9.776422112036434,0.004154369834647379,0.009810057739139847,-0.0006245187120794055
30.400000000000002,1.023005086236492,0.0038463672962383484,48.64910120867504,0.055385261806017196,0.00019606733098587376,2.9999793573151807,-4.412026902408718e-06,0.0009753589176306754,1.1407538130592527e-05,0.2796424680199025,1.0702376655150427,44.203195610723604,0.024917687366572107,0.508608235969946,2.9620903724186842,0.009591713269575164,0.0058559365444943445,0.0075471909066112414,25.033029616222827,121.56539500117971,50.861391432606226,1,100727.93280501793,-0.05097616817956517,0.1856372437594104,9.836950160331437,-0.00046127739302841283,0.010960725661119195,0.0008213602240337301
30.500000000000004,1.0288362049791204,0.0038674156419777755,48.949093695035465,0.05537458253344263,0.00019659208788188042,2.999981889669799,-4.568841199050266e-06,0.0009793887417719471,1.144559722286658e-05,0.281846930438791,1.1217863192335185,44.5294537823065,0.027342808103208736,0.5209129968060812,2.96637815967277,0.009400377663028732,0.0059246988238141896,0.007727826961674964,25.033029616222827,121.56539500117971,50.861391432606226,1,100752.1367593055,-0.041324496530015,0.1958480737870517,9.784407212060565,-8.020735073730124e-05,0.009471610751516878,0.0018882172019415654
30.6,1.0346676865387303,0.003888571149772091,49.24908657889917,0.05537008773614531,0.00019766759018827906,2.9999871297287997,-4.565700186344934e-06,0.0009825880572666978,1.1483488035204756e-05,0.28463686594074794,1.1744994491145895,44.82602350065054,0.028664570126653802,0.5329445908181286,2.9661502798116586,0.0092680928021673,0.005926229687740925,0.008011180612974175,25.033029616222827,121.56539500117971,50.861391432606226,1,100733.79317815905,-0.06847946364283522,0.16822931219844736,9.844000226745978,-0.001668132453320938,0.009344229281458309,0.0014762952344483074
30.700000000000003,1.04049984911167,0.003909831923859382,49.549080081386634,0.0553720124681424,0.00019909200471923322,2.9999941756788777,-4.417519915220304e-06,0.0009845074376331198,1.1521361469028117e-05,0.28784068252368145,1.2284117021833643,45.10781741862871,0.03098834476198272,0.5457693673751968,2.962993916961206,0.009052628692856802,0.00603227022829933,0.00810475742361951,25.033029616222827,121.56539500117971,50.861391432606226,1,100732.45752798222,-0.07472919186851393,0.18758194030710307,9.787116539807032,0.002877751442111187,0.008375405377448708,0.002091835294822911
30.8,1.046332876473898,0.003931181434683743,49.84907430677902,0.055379548414704785,0.0002006309907800179,3.0000015497254564,-4.159021324894892e-06,0.0009849384995830324,1.1559401231021222e-05,0.2910704105181537,1.2836729267478608,45.40408557655857,0.03361012795486747,0.5597831657829089,2.962336110673644,0.008863082741911636,0.0060803850395627634,0.00792783375248064,25.033029616222827,121.56539500117971,50.861391432606226,1,100726.84052344594,-0.05160878768070443,0.1834215261284574,9.837644337945495,-0.0015749918267843816,0.009556818738175757,-0.0014061903485329658
30.900000000000002,1.0521667987963097,0.003952592162630914,50.149069237638486,0.05539105098546946,0.0002020573854935541,3.000008161241857,-3.836599650085814e-06,0.0009839248580938431,1.1597703811520021e-05,0.29474525722695205,1.3403101685108174,45.68565532560013,0.0355632590050692,0.5731523864988367,2.9589880417625842,0.008667464831031601,0.006114798939516275,0.0079678346256783,25.033029616222827,121.56539500117971,50.861391432606226,1,100723.41287475734,0.016134178789833503,0.15788589721447582,9.81159735128298,-0.005311192795762842,0.007832463053432399,-0.002289260647911304
31.000000000000004,1.0580014996500207,0.003974030487713751,50.44906474325335,0.055404357498424775,0.00020318045649304813,3.000012945699176,-3.50153190408059e-06,0.0009817423473594822,1.1636266654888991e-05,0.2984363338289731,1.3982862415553425,45.98152270743436,0.03734928531908945,0.5863345444965886,2.9582701144490433,0.008525958547279047,0.006153362492142156,0.007978850276498523,25.033029616222827,121.56539500117971,50.861391432606226,1,100733.28735116302,-0.09619665888277126,0.16054250616184215,9.805050600934166,0.00027868184701519287,0.00884280436166768,-0.001372495231979636
31.1,1.0638367460155627,0.003995462047936718,50.749060611311144,0.05541718922772548,0.0002038694145400713,3.000015261582602,-3.202287244755858e-06,0.0009788310862577365,1.1675079429035195e-05,2.4790504247601346,0.7084146997275707,46.42933389437078,0.6841281813925626,0.37780247740286627,2.9816031073048146,0.012280727689794076,0.017433396970226056,0.0036334495412109116,25.032996916968113,121.56545304734384,63.57527177461643,1,100713.33015257934,-0.04093645278786772,0.15855464663552166,9.769834219632193,0.0038021415802985386,0.008232663760938553,-0.0009993814830467577
31.200000000000003,1.0696722348180283,0.004016856637205123,51.04905658592327,0.0554275100322427,0.0002040668429351336,3.000014999351386,-2.977893359019526e-06,0.0009757169856854375,1.1714110105156487e-05,2.5481385241796537,0.7467077379192051,46.7273833009323,0.6975719761132403,0.38806279780180847,2.9799395399953976,0.012158148198866375,0.0175275928119496,0.0036581103647245093,25.032996916968113,121.56545304734384,63.57527177461643,1,100736.4951495044,-0.04052933334275858,0.14494018327226565,9.796163426385387,0.0007751110783446977,0.005115297105145333,-0.005464680380694505
31.3,1.0755076471986964,0.004038192059175377,51.34905241309771,0.05543384741867994,0.00020379176465978025,3.000012320747145,-2.8526156078513977e-06,0.0009729188478593276,1.1753305159126525e-05,2.618671912703565,0.7859412337274059,47.014459848806496,0.7112527581335729,0.3969630377739509,2.977497485666305,0.012040995712556252,0.01764007782131527,0.003695369209008933,25.032996916968113,121.56545304734384,63.57527177461643,1,100711.0924462053,-0.015947985828545425,0.19737621779172382,9.833118815370035,0.00462617735460929,0.009343287071126062,0.001320343235190635
31.400000000000002,1.0813427011577195,0.004059456485073569,51.64904788288641,0.05543548814878567,0.00020312745927511845,3.000007873448161,-2.8343013178633516e-06,0.0009708626546505172,1.179259050445495e-05,2.690516737339961,0.8261565447144092,47.31220066751153,0.7252842532871584,0.40642880908339607,2.977383035383963,0.012156550913203463,0.01774323474353201,0.003733185951648705,25.032996916968113,121.56545304734384,63.57527177461643,1,100699.44180267112,-0.02719771952296348,0.20618255648226022,9.836106561803472,-0.005506796853694085,0.009813325776491784,0.0005986382269757326
31.500000000000004,1.087177194189827,0.004080649135614119,51.94904285811643,0.05543252689181516,0.00020220176231502122,3.0000024953230833,-2.9158904193984566e-06,0.0009698236855233411,1.1831888003910844e-05,2.764655071854737,0.8673689328785055,47.5398562027733,0.7400219200898135,0.4162199251320803,2.966232990218063,0.011930087239940022,0.01793622834371944,0.0037058896514107426,25.032996916968113,121.56545304734384,63.57527177461643,1,100696.93122838483,-0.014048490262201528,0.19340935710196772,9.826205630905326,-0.005676411872329755,0.008100634864880015,0.0055741593874433755
31.6,1.0930110298504223,0.004101779368101837,52.24903729232552,0.055425794781544246,0.00020116987783925423,2.999997140912704,-3.076309088266766e-06,0.0009698915167490885,1.1871158045247817e-05,2.839411684719416,0.9094985025128142,47.8364679101725,0.7547434553208752,0.4265012823477208,2.965827199364967,0.011658174522274464,0.01811003079475282,0.0035106532446819595,25.032996916968113,121.56545304734384,63.57527177461643,1,100712.17996204477,-0.06636555158446528,0.1623054943085394,9.81709822512824,-0.0033731540670693624,0.009265426097280375,0.0021455503567698033
31.700000000000003,1.0988442252084325,0.004122864367422986,52.54903123060808,0.05541666729315383,0.0002001853941214397,2.99999267181028,-3.285538952796648e-06,0.0009709704322475865,1.191033253544594e-05,2.916537420151639,0.9527782223358296,48.0674520067067,0.7699381680496101,0.4368686567148556,2.9550616112290893,0.011393413412039421,0.01830107374474199,0.0033791854665566378,25.032996916968113,121.56545304734384,63.57527177461643,1,100684.34005323725,-0.049103561619363925,0.15612937176451686,9.827425457070055,0.0008623863882250959,0.008528503938862899,0.008161063803802281
31.8,1.104676899336852,0.004143926017397376,52.849024795372046,0.05540680602153948,0.0001993798417216328,2.9999897130126882,-3.5103615944532936e-06,0.0009728072930113019,1.1949344870284445e-05,2.9942273682299474,0.9969442769529916,48.36283880316604,0.7837021968934831,0.446403791909619,2.9528292451410096,0.011429118545162391,0.01836674282088424,0.0032990359018408837,25.032996916968113,121.56545304734384,63.57527177461643,1,100678.33944881015,-0.06728104790401288,0.1565647998865879,9.772177785366816,-0.0027503273058852983,0.008435046799028293,-0.0014760215667603065
31.900000000000002,1.1105092462201998,0.004164987434553053,53.14901815916659,0.055397856839251455,0.00019884958807789066,2.999988732085581,-3.7177608881127424e-06,0.0009750469062703715,1.1988167880225791e-05,3.0736156473866925,1.0421446629498747,48.63683853631546,0.7977467223045974,0.45650867400394024,2.9482928542022253,0.011334667977835649,0.01850331824090201,0.0033944489237326134,25.032996916968113,121.56545304734384,63.57527177461643,1,100689.13807678832,-0.04239444472524455,0.1835694984918961,9.776894805623582,0.0005020234880784548,0.011824729279939435,0.004254312659258834
32.0,1.116341497675197,0.004186069642105556,53.44901151177313,0.05539118732012886,0.00019864199723811283,2.999989606849131,-3.880552332191433e-06,0.000977299718155411,1.202681348123655e-05,3.154148772154429,1.0883055188987372,48.93162594581189,0.812537126636103,0.46705311768143515,2.9471980156708812,0.011091466571069008,0.018581924622692814,0.003348491883841512,25.032996916968113,121.56545304734384,63.57527177461643,1,100685.93090789428,-0.03457814304901179,0.1991482430443611,9.797379308181748,-0.003980112511710265,0.008918628100635005,-0.007543156270579028
32.1,1.1221738830515002,0.004207188853423044,53.749005032720454,0.05538770720499102,0.00019875442169374225,2.999992035900105,-3.980932122743809e-06,0.000979198502843559,1.2065317317541796e-05,2.3474954172500375,0.7116637516570588,49.44543040369007,0.5386786485676565,0.3209745126093679,2.988210018830336,0.013935528773475255,0.013401542439370084,0.006907266099867647,25.03300469809755,121.56541452584241,63.50586016298237,1,100678.88924487383,-0.04908261869756959,0.19612445757511446,9.81150995562334,0.0016766511998177434,0.008687365836197686,0.0021800192341884274
32.2,1.128006592404172,0.004228354691792939,54.04899885912617,0.05538772884865739,0.00019914189890078937,2.9999956489823956,-4.010790711506882e-06,0.000980464029750605,1.210372970279702e-05,2.4017991213687435,0.7440783713732474,49.744243920903116,0.5474257540101517,0.3279394481412841,2.988007878515263,0.013979211209220944,0.013523246456829563,0.007185141496990809,25.03300469809755,121.56541452584241,63.50586016298237,1,100680.84500013661,-0.027323731609077,0.22018376790975777,9.80988131318065,0.0022511813815518046,0.010397110075725207,-0.0050391229569987685
32.300000000000004,1.1338397488629288,0.004249569497267763,54.34899306690634,0.05539097412580687,0.00019972479394885292,2.9999996597539815,-3.972756919374863e-06,0.000980943298589887,1.2142118918028155e-05,2.4572052504163215,0.7772766481652751,50.01001870162463,0.5566683109187424,0.33502429941008777,2.982479675567676,0.013797484483928599,0.013671210815869639,0.007176770626020035,25.03300469809755,121.56541452584241,63.50586016298237,1,100676.95815808755,-0.05536532710086409,0.1479623139646709,9.790374586115362,-0.0020151496615878404,0.0072679723503844915,0.004231844255617509
32.4,1.1396733939689179,0.004270828695637972,54.64898766660725,0.05539667441806413,0.00020040423656292236,3.00000342563544,-3.8786427841324825e-06,0.0009806185618124186,1.2180551385730452e-05,2.513394925335009,0.8111222508341569,50.30829648666712,0.5674878050866338,0.34188686437570215,2.983298373444099,0.013709823186271376,0.013734751630170017,0.007370637330663839,25.03300469809755,121.56541452584241,63.50586016298237,1,100671.00976046709,0.021726156186114724,0.14393760417404436,9.815374014219424,-0.00714222245870235,0.01105547958660146,0.0014800369555378545
32.5,1.1455074872999675,0.0042921220766386015,54.94898260432736,0.05540371895641784,0.00020107833101429723,3.0000063721509473,-3.7465050958144662e-06,0.0009796048086865294,1.2219065657224038e-05,2.5709528809705158,0.8457589949508357,50.562253756907396,0.5779140967940313,0.34946462913959,2.976079106297854,0.013444999763557947,0.013803205498779558,0.007464575632385203,25.03300469809755,121.56541452584241,63.50586016298237,1,100664.04348611551,-0.007079123698402731,0.19246843846104142,9.762185847497822,-0.0008710809436489012,0.009482485989618086,0.004508889757405246
32.6,1.1513419192725518,0.004313435741345947,55.24897777634414,0.05541087217201437,0.00020165466217219008,3.000008019146787,-3.598133029074309e-06,0.0009781178771248733,1.22576863018329e-05,2.629289751133068,0.8810781945225945,50.85979120143437,0.5887851175738458,0.3569940153265088,2.9751805947350203,0.013317460615782619,0.013908173188668771,0.007631395922255226,25.03300469809755,121.56541452584241,63.50586016298237,1,100674.38834356314,-0.040581235293281503,0.17783544369714563,9.824841775482245,-0.0006672457405355963,0.01037114677088138,0.0002656922983278418
32.7,1.1571765341174762,0.004334754358078789,55.54897304921455,0.05541697340241013,0.00020206326710074193,3.000008310067524,-3.455535373370103e-06,0.0009764326265595535,1.2296425573549273e-05,2.688710691735056,0.9171476950949364,51.163180160452015,0.5999216976154583,0.3650948902699685,2.976629840722227,0.013201362780286857,0.01391083707415186,0.007616398650339306,25.03300469809755,121.56541452584241,63.50586016298237,1,100656.84036232076,-0.03277590459690834,0.17321776172970538,9.826092086005952,0.0015082040895759196,0.009455193527198542,-0.007474183191471002
32.800000000000004,1.163011158541789,0.0043560633895672425,55.84896828155926,0.05542111350319241,0.0002022651342508253,3.0000072483333073,-3.3373505501635722e-06,0.0009748383425414175,1.2335280137412124e-05,2.749221480133404,0.9540809069759073,51.460829342093994,0.6109148178077536,0.37354093298708163,2.9763625650678467,0.013272287843347427,0.01395718117948519,0.007661191536934616,25.03300469809755,121.56541452584241,63.50586016298237,1,100667.6861202237,-0.011007593090886803,0.1813099118700418,9.797855404982991,-0.0011253716889307332,0.009602975594111288,-0.00015862855010286925
32.9,1.1688456310352624,0.004377350991673858,56.148963350851545,0.05542278007804609,0.00020225249055728445,3.000005057133012,-3.2571459794606103e-06,0.000973584193992183,1.2374229309454284e-05,2.811045004559401,0.9918808674828571,51.734291411141456,0.6214421559098361,0.3810120290241961,2.971732674866869,0.012951645527543668,0.014068611008624554,0.007601811114639116,25.03300469809755,121.56541452584241,63.50586016298237,1,100636.97227742286,-0.02654579059791084,0.14686704414941912,9.830710802153465,-0.009884729278787514,0.009245385201276695,0.0010070208271476476
33.0,1.1746798270023056,0.004398609363439501,56.44895817002834,0.05542189480992689,0.00020204669665460526,3.0000022448021273,-3.222347481575909e-06,0.0009728456276600905,1.241324152375602e-05,2.8737017908722313,1.0303334131366648,52.03152450833951,0.6315222939482591,0.38859307179104,2.9725953302234593,0.012859152643528828,0.014190137183028861,0.007726639143185941,25.03300469809755,121.56541452584241,63.50586016298237,1,100654.94299786116,-0.013323733388957181,0.16243643940423125,9.81701677479699,-0.0007563555233130665,0.010561109487581237,0.004597892032402489
33.1,1.180513676017874,0.004419835417398003,56.74895269814835,0.055418793647088474,0.0002016942412290135,2.9999992874519643,-3.2332696879789912e-06,0.0009727032928306123,1.2452279994161529e-05,2.400255855008135,-0.3838552196273972,52.3969199681169,0.5059228622033269,0.02511076354378254,2.983888622592676,0.01852291421561298,0.012168052022238474,0.008992948259631869,25.032971668761277,121.56541322187651,65.02413294702767,1,100653.8451806782,-0.05961094898732837,0.1734971441077701,9.795832773352217,0.004749379929262418,0.011839957993852464,0.008521813018870216
33.2,1.1863471690572078,0.004441030745360865,57.04894694547979,0.05541414847620636,0.00020125671231172,2.999996680980891,-3.283995529337941e-06,0.0009731339865575173,1.2491308447681621e-05,2.4513410419264408,-0.38121201963805085,52.69530324807059,0.5153377638381396,0.027459859665520572,2.984117553601431,0.018407694740378185,0.012283578096815129,0.009333828056543808,25.032971668761277,121.56541322187651,65.02413294702767,1,100635.14868464228,-0.04906900129726672,0.18444594388329655,9.84170141146744,-0.0026635422348785845,0.010694135863618658,0.010442936572896295
33.300000000000004,1.1921803552283863,0.0044622009577983054,57.34894096681777,0.05540882774362399,0.00020080070579308793,2.999994813129999,-3.364094443242531e-06,0.0009740240815301338,1.253029702469763e-05,2.5034789456513233,-0.37827915050030847,52.97150564766219,0.5249121621952462,0.029633243107700442,2.980059050564461,0.018454923922689423,0.012389866118104775,0.009270880472550003,25.032971668761277,121.56541322187651,65.02413294702767,1,100630.07483690073,-0.04467150954989946,0.15670661036868133,9.818437399759706,0.006418190129967562,0.010543000128384682,-0.00170553475607419
33.4,1.1980133293610924,0.004483354549238448,57.64893484919285,0.05540374266673322,0.00020038971096841352,2.999993939602805,-3.4599188305710717e-06,0.0009751942268849678,1.2569221868756837e-05,2.5564722759304392,-0.37524233990899947,53.26951725300533,0.5346422679767766,0.030982939286670366,2.9803323461213616,0.018242598149278148,0.012499358885951661,0.009505171660315774,25.032971668761277,121.56541322187651,65.02413294702767,1,100638.6470185037,0.0015160273078990878,0.13556005629361287,9.842121911498811,0.004304186353984923,0.007661994915970485,-0.0035047172199654713
33.5,1.203846213181616,0.00450450148979315,57.94892869470894,0.055399693530107805,0.00020007444175624647,2.999994119324999,-3.557161180540388e-06,0.0009764346800851254,1.2608071792131046e-05,2.6103331301742947,-0.37210627858165396,53.5787414251216,0.5443654566095146,0.03263855022075993,2.9823975874335513,0.01813677227738769,0.012628799434835303,0.009617598090101138,25.032971668761277,121.56541322187651,65.02413294702767,1,100619.1504632383,-0.039806898789347324,0.1632595696257766,9.81007997471345,0.0034040656184982617,0.010255592467805885,-0.00045436388457585
33.6,1.209679133606769,0.004525651753725413,58.24892260383252,0.05539725529372239,0.00019988764925070796,2.999995208530115,-3.642970319998121e-06,0.0009775397016920095,1.2646846054432985e-05,2.6652490121674606,-0.3687039129292014,53.877018314375654,0.5544168822779583,0.03577335722122754,2.9830476680312863,0.0181676302195852,0.012754398786798626,0.009492212589808861,25.032971668761277,121.56541322187651,65.02413294702767,1,100636.22104215709,-0.006017159339587033,0.16696059271992872,9.80393588286937,-0.0010301841935696269,0.008485370673067628,0.007018889541084134
33.7,1.2155122018698452,0.004546813991851723,58.54891665917402,0.055396698025608426,0.0001998427785592577,2.9999970116121566,-3.7069111459045864e-06,0.0009783407913293019,1.268555301233092e-05,2.7216093961052468,-0.36475234565756576,54.126770189380494,0.5639092905254338,0.03842133975446312,2.9755944416042768,0.017965633695224192,0.012911735343539954,0.009744525067907949,25.032971668761277,121.56541322187651,65.02413294702767,1,100627.533012619,-0.016032344974506924,0.1635054602959007,9.82385376642761,-0.0023210012627833086,0.009494074032941863,0.0031220929036026575
33.800000000000004,1.2213454967821848,0.004567994506204513,58.84891091247902,0.055397963921216334,0.0001999326883698084,2.999999161168316,-3.742470298337151e-06,0.0009787331593811288,1.272420856378979e-05,2.778505496667129,-0.36080232874098694,54.42432010586657,0.5741698749687476,0.041035159725887005,2.974795915994987,0.01781525398687979,0.012979034387706534,0.009805896781325754,25.032971668761277,121.56541322187651,65.02413294702767,1,100629.82377990965,-0.0661229269722671,0.16727673992711528,9.811199911808684,-0.002100507539759046,0.008406891121108267,0.001813466575758987
33.9,1.2271790545321613,0.004589196629766853,59.14890538021003,0.05540070931118557,0.00020013284705917974,3.0000012717244795,-3.7476681227850597e-06,0.0009786849173205603,1.2762826118451202e-05,2.836642764908953,-0.35645341430136873,54.69958053992406,0.5844814072306936,0.043276354170881805,2.971733410190397,0.017530661454548,0.013025394504622367,0.00964389521911808,25.032971668761277,121.56541322187651,65.02413294702767,1,100609.71099493583,-0.08243716777823071,0.19317092638146388,9.819577202098769,-0.004070675449354747,0.009810276867749936,0.005178556546169522
34.0,1.2330128661614042,0.0046104205708621835,59.44890004323912,0.055404377098274546,0.00020040692691451777,3.0000030375970383,-3.724556956748541e-06,0.0009782377435645362,1.280143720271448e-05,2.8956320907068167,-0.35195002152276994,54.99671936501061,0.5945762722753951,0.04680274547065209,2.971089284120246,0.01738070732105043,0.013162823168317628,0.009598102234372819,25.032971668761277,121.56541322187651,65.02413294702767,1,100618.62748062095,-0.028465270005838993,0.19049260565644088,9.805314807417906,0.0044401711694348105,0.00988404530937743,-0.014302003601392674
34.1,1.2388468824732477,0.004631663664252577,59.74889485230582,0.0554083055522674,0.00020071193216936368,3.000004149481655,-3.678740517293898e-06,0.000977494640193699,1.28400701415914e-05,3.043073019076523,-0.08680233197104324,55.43426650094831,0.6274750624124169,0.12180485215629193,2.991695231402047,0.015939531641438145,0.01357463872577025,0.009317496114417559,25.033003041973583,121.56543100681534,69.20029191882404,1,100585.58779993482,-0.041796809037105954,0.1847154884086791,9.801679789239932,0.0013461409838104476,0.010712187743645315,-0.0029665330192401927
34.2,1.2446810250505298,0.004652920982322111,60.048889738990084,0.055411843928775996,0.0002010046606773701,3.000004530929046,-3.6183673299601943e-06,0.0009765968932995417,1.2878745680059234e-05,3.10633855042142,-0.074360063937889,55.73347570936873,0.6381868467225965,0.12678754119039554,2.992258583703902,0.0157358130293549,0.013595838895147816,0.009558040076581812,25.033003041973583,121.56543100681534,69.20029191882404,1,100601.89544633361,-0.06866390374065101,0.11077623502028743,9.780931683612085,-0.000411011129003095,0.009971590680314479,-0.004365061832576434
34.300000000000004,1.2505152011364906,0.0046741861870331835,60.348884626252875,0.05541444725974792,0.00020124808129483182,3.000004181450751,-3.552548733583475e-06,0.0009757024181475948,1.2917476881123715e-05,3.1707026173157713,-0.06143623816458141,56.024847099976796,0.6476392562343202,0.1312490320808538,2.99085640943086,0.015576697543329989,0.013711332160056378,0.009576716257119176,25.033003041973583,121.56543100681534,69.20029191882404,1,100613.93662140072,-0.08579295954564417,0.16889227320391653,9.801309960641376,0.002313986210830645,0.010230877915638013,-0.0007811812599233678
34.400000000000006,1.2563493197002664,0.00469545248434162,60.64887944337287,0.05541576906501925,0.00020141468500531296,3.0000031439116803,-3.4902829431064957e-06,0.0009749553243816322,1.295626683483151e-05,3.2359762764217685,-0.04803162351042726,56.32394210019819,0.6575976718387203,0.136881944323966,2.9906929353553613,0.015660988360922008,0.013808848996095247,0.009493300846830154,25.033003041973583,121.56543100681534,69.20029191882404,1,100608.00795180978,-0.06004450065355932,0.15191077392063806,9.80838601048404,0.00815172587416278,0.012060225583171243,0.0020397036605000144
34.5,1.2621833059821772,0.004716713550774672,60.94887413694732,0.05541569711376833,0.00020148899370557704,3.00000169071669,-3.4394886316363392e-06,0.0009744635849862071,1.2995109216724183e-05,3.3027723728989793,-0.033801671791785184,56.57237089020735,0.6687440209548629,0.14239819908208962,2.982179241359688,0.015558115586414945,0.01383549117102123,0.009678629307060493,25.033003041973583,121.56543100681534,69.20029191882404,1,100601.90377131879,-0.02119068843659097,0.1569631468187976,9.824087220022857,0.008033048579905047,0.011059606234547567,-0.0048992790946967655
34.6,1.268017112292994,0.0047379643135418825,61.248868676536674,0.055414347045590354,0.00020146955160837057,3.0000000883536186,-3.405735392406891e-06,0.0009742878088585538,1.3033987903298803e-05,3.3701835606958728,-0.019296913026280598,56.87056948463722,0.6792533679468034,0.14786560696826911,2.981615090932177,0.015701139136480486,0.013875027643648119,0.009705014450576291,25.033003041973583,121.56543100681534,69.20029191882404,1,100585.19317368387,-0.04233920188687682,0.14438276178584555,9.801213748117227,0.00468302262447861,0.008703316069730491,-0.0031991966373751154
34.7,1.2738507236411043,0.004759201502520591,61.54886305949725,0.05541203572906345,0.0002013669939311702,2.9999985898209878,-3.3918957181778367e-06,0.0009744319918860711,1.3072880264077775e-05,3.4386392340624377,-0.004293170275701499,57.17066889033417,0.6905717925555739,0.15292000043282447,2.982849821434498,0.015618672440155303,0.0139799275115009,0.00945814173475182,25.033003041973583,121.56543100681534,69.20029191882404,1,100602.33790353626,-0.013453123864164576,0.19283988809557717,9.829013230411473,-0.0019026987254079164,0.008928292536816191,-0.004839848915311136
34.800000000000004,1.279684157641846,0.004780423930364925,61.84885730889422,0.05540921007936901,0.00020120160641595806,2.9999974472968054,-3.3981539055506e-06,0.0009748480649287572,1.3111778663926574e-05,3.5083133699552826,0.011279700542513274,57.46892659886363,0.7022005560848086,0.15904034985733786,2.983047835263982,0.015546411292684968,0.014011705123526008,0.009676303333429856,25.033003041973583,121.56543100681534,69.20029191882404,1,100594.5789996031,-0.058214307913772495,0.21101425477708366,9.815027149585664,-0.004628974585939975,0.007899854100141735,-0.00037721776635045706
34.900000000000006,1.2855174591581817,0.004801632459027252,62.14885146726245,0.05540636510099532,0.0002010004140524744,2.9999967973308226,-3.421945571509318e-06,0.0009754482478814275,1.3150672052193507e-05,3.5797683362367287,0.02787055381172465,57.715309582085084,0.7143386428648913,0.1649157534833623,2.9742921121412182,0.015452113615437392,0.014048576240673016,0.009576282448852079,25.033003041973583,121.56543100681534,69.20029191882404,1,100568.43187676636,0.0157387029683638,0.16851107634675036,9.826567617991865,-0.0016575993794118128,0.007275499594449032,0.0044362738691496205
35.0,1.2913506909675954,0.00482282971821405,62.44884558879026,0.05540396219858205,0.0002007923840623445,2.999996717244108,-3.458733395376794e-06,0.0009761211441532414,1.3189550001162695e-05,3.651753292499624,0.04467891104050331,58.01273309449595,0.7250609968006622,0.1708018173242945,2.9739944912427743,0.015508649328113513,0.014041753317488137,0.009607444286916832,25.033003041973583,121.56543100681534,69.20029191882404,1,100586.71326068311,-0.046111542048745624,0.16212153766179388,9.802752135856457,0.0065584109033947026,0.007937132244830778,-0.006770980895416793
35.1,1.2971839222531636,0.004844019620452332,62.748839729033136,0.055402353961560805,0.0002006047312288686,2.9999971787388064,-3.502868584133357e-06,0.0009767528741146947,1.3228403791986551e-05,2.6970864582759195,0.6300614977574486,58.59935841900404,0.4393724560877531,0.3399700860343364,3.018350202012043,0.012593050407173357,0.009057129301639488,0.012447110551304473,25.033013028857766,121.56541124412783,75.45354640580938,1,100566.59225664941,-0.07085782315122141,0.17640493861772355,9.815744643162256,-0.0017156407590913777,0.01034452529702217,-0.004262813243393957
35.2,1.303017216953716,0.00486520675378359,63.04883393634463,0.05540173894523186,0.00020046042016976903,2.999998057018286,-3.5479955245475247e-06,0.000977244668140198,1.3267227685099429e-05,2.7412996156376677,0.6645507641975704,58.90121366670505,0.4447714757100025,0.34996012842736607,3.0183039623265038,0.012334790589406064,0.009148224021778173,0.012484708316428127,25.033013028857766,121.56541124412783,75.45354640580938,1,100560.04776363246,-0.011688531351313402,0.17825474863296095,9.788351906230952,0.007113303097260941,0.010053780744001789,-0.003553268833363366
35.300000000000004,1.3088506238549051,0.004886395737641549,63.34882824447338,0.05540213967427089,0.00020037463429208396,2.999999184763681,-3.588196794022375e-06,0.0009775279839292494,1.3306021116209083e-05,2.7860165251286464,0.6999433023696572,59.21253930401405,0.45143620282638874,0.35899034928350765,3.019967197973369,0.012289198235141473,0.009215909931324928,0.012546114024293207,25.033013028857766,121.56541124412783,75.45354640580938,1,100563.13622739122,-0.002398825571710665,0.1759018400934502,9.806478634337596,-0.004207970870165199,0.010663324002626482,-0.00697046751030217
35.400000000000006,1.3146841698898695,0.004907590619766325,63.64882266820385,0.055403412910611835,0.00020035372675626632,3.0000003535370325,-3.618722203689677e-06,0.0009775733923633734,1.3344777094716156e-05,2.83147294853122,0.7363209220774959,59.51450289064939,0.4572564950133306,0.3685731088699771,3.019165708243243,0.012070105104390919,0.009332655750302177,0.012310899048617463,25.033013028857766,121.56541124412783,75.45354640580938,1,100565.49265180102,-0.05451821772409972,0.18852140263151745,9.815837050936409,0.00792166323427346,0.010408764000124731,0.0025804330365200813
35.5,1.320517857494564,0.004928794406600045,63.94881720281623,0.055405286179135316,0.00020039545384495236,3.000001384693484,-3.636405875390367e-06,0.0009773918579136787,1.3383497211692837e-05,2.8777738741149412,0.7738670266346543,59.781477049431764,0.4610709265399211,0.3773733280077758,3.0128573747725196,0.012070472125422305,0.009395065793004198,0.012548580323476008,25.033013028857766,121.56541124412783,75.45354640580938,1,100566.27825386246,-0.06576709680400657,0.16325449222598507,9.772899422249635,-0.0007635406431844428,0.009560510963345972,-0.004384364882598751
35.6,1.3263516661037267,0.004950008764150146,64.24881182605334,0.05540741132014785,0.00020048972746049485,3.0000021065159723,-3.63991420889155e-06,0.0009770302331677527,1.3422202730270025e-05,2.9242196802601836,0.8121032143694399,60.08274097384092,0.4679410940148539,0.387167641731854,3.013295402457591,0.012043240130676543,0.009512144225001018,0.012683154000351575,25.033013028857766,121.56541124412783,75.45354640580938,1,100554.13413430707,-0.01103621944140849,0.1593259937275973,9.820546232257616,0.0012690329293842404,0.010255708107749688,-0.0023806099209051582
35.7,1.332185557226254,0.004971233890827349,64.54880650333014,0.055409427811546196,0.00020062050077731473,3.0000024348256016,-3.6298267309890877e-06,0.0009765601433537885,1.3460910339799014e-05,2.9720742711293893,0.8516939532380451,60.330647990813674,0.47531929732176165,0.395969596612828,3.0057900762742182,0.011669006146320174,0.009561176606178057,0.012805218449630285,25.033013028857766,121.56541124412783,75.45354640580938,1,100564.4070867552,-0.0394683483833492,0.16801893582305455,9.807359766611544,-0.00679962326624146,0.006801303516767313,0.00033540609646987593
35.800000000000004,1.3380194820241678,0.00499246860054854,64.84880119356157,0.05541101749857345,0.00020076829811728047,3.0000023659473114,-3.608375390674915e-06,0.0009760659697335416,1.3499633070690719e-05,3.0198718060677203,0.8917387420776836,60.6312057699845,0.4809705380676805,0.4049613312956273,3.0056298634843386,0.0115871694510221,0.009658989462859147,0.012890241302863346,25.033013028857766,121.56541124412783,75.45354640580938,1,100533.2290777139,-0.03225040377285054,0.17400806719731582,9.83837876725526,0.0002668257873843201,0.010551365951841736,0.012216806034857539
35.900000000000006,1.343853389981914,0.005013710575249726,65.14879585659081,0.05541195639397813,0.00020091272444154986,3.0000019034990926,-3.579127682801131e-06,0.0009756296915057749,1.353838023287685e-05,3.0678876160892354,0.9325529320744166,60.95504891833174,0.48598682943350824,0.41497270550366055,3.009402094886457,0.011555260772054455,0.00975656932777258,0.01298347678185815,25.033013028857766,121.56541124412783,75.45354640580938,1,100533.25506432736,-0.03534948380456765,0.1509817780572687,9.826749840153731,-0.003860478201140367,0.00962650321883373,-0.0010218048430887313
36.0,1.349687237181702,0.005034956742928922,65.44879046028323,0.05541214517577127,0.00020103521691363838,3.0000011663408674,-3.546425830832594e-06,0.0009753164611363552,1.3577156239422149e-05,3.116757552562384,0.974541232025915,61.256058308993104,0.4915271110333433,0.4251964375572137,3.010560644640444,0.011362496014942167,0.009911421739072335,0.012963404507430774,25.033013028857766,121.56541124412783,75.45354640580938,1,100534.27822106009,0.005628685518357195,0.17212749521234239,9.781880303671342,-0.0046635254301990526,0.009018988074737822,0.0007644141034680985
36.1,1.3555209928731253,0.005056203723970093,65.74878498400473,0.0554116095611791,0.00020112155023982933,3.000000311639392,-3.514710695527858e-06,0.0009751676331579695,1.3615958748271816e-05,2.012928441006179,0.7243868226980689,61.82346039775003,0.15729723308115648,0.3476699807887495,3.051818256291165,0.012467593177401735,0.004014249902307254,0.015382844323527465,25.033002680828638,121.56540440076304,76.73291591812713,1,100539.2366646682,-0.031985855170191486,0.1835568283911312,9.824914296914793,0.00423527355957455,0.009038384949337164,-0.0027949097986458725
36.2,1.361354643424452,0.005077448286639079,66.04877942167172,0.05541049147110279,0.00020116295329300317,2.999999464995072,-3.4880022989719144e-06,0.000975194798657375,1.3654775852583007e-05,2.028755601300917,0.7595924223712652,62.128698547098026,0.15900573701026072,0.3564358220979108,3.052771860039785,0.012400778851613378,0.004025884740143759,0.01565419370237524,25.033002680828638,121.56540440076304,76.73291591812713,1,100515.22696405661,-0.07083721710465461,0.13801709298895454,9.80848069125827,0.0023300346682205188,0.010728402269584306,0.00021260987363419466
36.300000000000004,1.367188193211506,0.00509868776723759,66.34877378192213,0.055409016608867365,0.00020115706276154825,2.9999987788277673,-3.46945143633579e-06,0.0009753797419644883,1.369360639082194e-05,2.0444467497642114,0.7954340197471264,62.456744626435444,0.15938962208155058,0.3647645036885554,3.0567834028998933,0.012213337278404703,0.004123236314015122,0.015739777603993216,25.033002680828638,121.56540440076304,76.73291591812713,1,100524.87908872392,-0.018706623998261254,0.19262878597392422,9.840168292175596,-0.004696876330808076,0.007914727772530316,-0.012754819247219088
36.400000000000006,1.3730216625229799,0.005119920371227224,66.64876808488694,0.055407449425383115,0.00020110778400368794,2.9999983396121395,-3.4609602975322415e-06,0.0009756808435918973,1.3732449695942671e-05,2.060455258672848,0.8323560697657862,62.762376364639,0.1602186270835954,0.3733624890177366,3.0560732054150104,0.012122289470998908,0.004185380591055221,0.015651492396973842,25.033002680828638,121.56540440076304,76.73291591812713,1,100533.5247050996,-0.0327605350571441,0.1708284146344589,9.802895675085708,-0.003964500406233925,0.009777083210329938,-0.005949187913551195
36.5,1.3788550830637094,0.0051411453478335456,66.94876235868485,0.05540605101048719,0.00020102444185234668,2.9999981952903343,-3.4629327374610197e-06,0.000976040245850518,1.3771301345096877e-05,2.077177775265179,0.8705586910313906,63.01247417574046,0.1616076705440554,0.3818280800924319,3.0478518128676053,0.011941763248470186,0.004291914737293734,0.015533346038015993,25.033002680828638,121.56540440076304,76.73291591812713,1,100526.37330563793,-0.057763014845282686,0.16168274871755323,9.804112767124415,-0.009800713473006525,0.008996604919410803,0.00640833228088988
36.6,1.384688491959948,0.005162363022607334,67.24875663377378,0.055405033426947824,0.00020091983641554997,2.99999836672381,-3.4745497154197984e-06,0.000976395465376978,1.3810155500010188e-05,2.093410993463818,0.9091724327880619,63.317265773710076,0.16328904552866658,0.3902305882137489,3.0481488925233085,0.011699283489422039,0.004435537231805897,0.015590925185373885,25.033002680828638,121.56540440076304,76.73291591812713,1,100525.57537656528,-0.048248023150292925,0.16352963994497347,9.841885081262095,-4.6709887402396496e-05,0.01119638431809434,-0.0060036869700088695
36.7,1.3905219253545757,0.005183574689047383,67.54875093782738,0.05540453069809022,0.0002008091118288439,2.999998784873505,-3.493684596578376e-06,0.0009766899002661145,1.384900538095031e-05,2.1104039371372214,0.9490268480008835,63.57754880752397,0.16533693296912647,0.39885688571258526,3.0420088635178453,0.011576597234162324,0.0045099861119985984,0.015545167905978813,25.033002680828638,121.56540440076304,76.73291591812713,1,100535.46894627767,-0.013166213903213713,0.1621964568109465,9.806868333841969,0.001325494979654341,0.009360361896174911,-0.008088057170539488
36.800000000000004,1.3963554126567364,0.005204782381895506,67.84874529199784,0.055404585084448864,0.00020070716161783983,2.99999936260271,-3.5173459423590397e-06,0.0009768804996868052,1.388784581270617e-05,2.1270084142254824,0.9893807727796678,63.881713204941356,0.16659177899491734,0.4080738108748443,3.0414482217889107,0.011428458761510482,0.004594439349610457,0.015656780151299284,25.033002680828638,121.56540440076304,76.73291591812713,1,100496.2752316462,0.004208551703215924,0.15346112801771178,9.811232685025436,0.004416821563145716,0.008756248442590838,0.0023926353467359517
36.900000000000006,1.4021889723168388,0.0052259885642063604,68.14873970755424,0.05540514451794781,0.00020062668636435261,3.0000000014678165,-3.542210684712591e-06,0.0009769445950547073,1.3926669126550658e-05,2.143812898686209,1.030702130813742,64.17976952461512,0.1688700506132042,0.4171814833117582,3.040350486352362,0.011327804942576177,0.004758383927518706,0.015746871108051983,25.033002680828638,121.56540440076304,76.73291591812713,1,100504.5611092963,-0.011510481984850855,0.1890063820205356,9.810420659121018,-0.00252377624064665,0.010098114202533917,-0.008592112402208849
37.0,1.4080226097016295,0.0052471957766658806,68.44873418501669,0.05540607959496652,0.00020057702459749444,3.0000005915461037,-3.5649442619652134e-06,0.0009768817513298167,1.3965462683433409e-05,2.160860475558434,1.0729167969498257,64.4838771895652,0.17189065040149562,0.4267971771599285,3.041481916956572,0.011331970483539462,0.00483515914145749,0.01580322884081648,25.033002680828638,121.56540440076304,76.73291591812713,1,100509.33127987543,-0.014624944837701898,0.1806656402745124,9.812941606092034,-0.0015901105009119361,0.009198347313488254,0.0016034691364879166
37.1,1.4138563172441168,0.005268406313354008,68.74872871507831,0.05540721102933495,0.00020056298041290515,3.0000010423717827,-3.582651881892094e-06,0.000976711762915139,1.4004234552913455e-05,1.0298649281811418,0.8181938003991364,64.85574317292907,-0.2006967530218727,0.2934147599899267,3.0510329242219223,0.014445286221537882,-0.002061155831541317,0.018786711015509317,25.033009783153044,121.56539985255307,77.11301868548858,1,100496.05185009378,-0.030783469667823464,0.12372323658227155,9.799622831215574,0.007361378496223903,0.00978506308193016,-0.005691953488879211
37.2,1.419690076651697,0.005289621923228538,69.0487232806036,0.0554083415021477,0.00020058433481541594,3.000001289362346,-3.5932942266887123e-06,0.0009764702393155744,1.4042994380665163e-05,1.0095355803078452,0.8478152163606757,65.16086666853387,-0.20575694404090505,0.2992969996554447,3.0517584930806794,0.014260986328527375,-0.0020636661540360812,0.01868414942755567,25.033009783153044,121.56539985255307,77.11301868548858,1,100466.40985406183,-0.006043737116237829,0.17538267743697653,9.831226254334888,-0.0016909713509918023,0.009638949127598953,-0.00877166200259024
37.300000000000004,1.4255238626777946,0.005310843608059441,69.34871786003929,0.05540928888813289,0.0002006363968357927,3.000001315007533,-3.5957848182229824e-06,0.000976201544494737,1.4081750480685991e-05,0.9884380287524079,0.8778403199598801,65.52206070957445,-0.21052751590273472,0.30516438991019534,3.0609973577946645,0.014135380982929976,-0.002057321437952231,0.018607177204471956,25.033009783153044,121.56539985255307,77.11301868548858,1,100488.25407934785,-0.044494346689003914,0.18159342055115302,9.824909593868439,0.0025520392989332947,0.009839992047906075,-0.0023813387589455767
37.400000000000006,1.4313576477248269,0.005332071531336372,69.64871243108452,0.055409914057457585,0.00020071033515145685,3.000001124660949,-3.5902796562575692e-06,0.0009759512866216458,1.4120510187503225e-05,0.9671309566830811,0.9086893901212147,65.82817668523572,-0.21567045175690877,0.31215594734243596,3.0609775476179526,0.014096370199826043,-0.0020584327871542296,0.019031656110773724,25.033009783153044,121.56539985255307,77.11301868548858,1,100496.22886578848,-0.030365053617222585,0.1735032312730462,9.816878686835246,-0.001881587042456174,0.009122246096222811,-0.0007007266403639507
37.5,1.4371914064744424,0.005353305043266556,69.9487069746797,0.05541014169958908,0.00020079507683511203,3.000000762568334,-3.577963080457646e-06,0.000975758200128185,1.4159280224759673e-05,0.9456680593649962,0.9404647419422146,66.08302463292421,-0.22025819871548577,0.31893778376940557,3.0543772274844314,0.013888092353640125,-0.0019925593437888356,0.018984877152936484,25.033009783153044,121.56539985255307,77.11301868548858,1,100479.96763104558,-0.06383026035870054,0.16630789939387408,9.81877908898887,0.00478492548014765,0.011372402882635791,-0.003779580068171072
37.6,1.443025119792106,0.00537454281077984,70.24870147756286,0.055409965465562136,0.00020087880194486282,3.0000003117515393,-3.56081478680681e-06,0.0009756489813739222,1.4198064490362051e-05,0.9233791571385148,0.9727133808835458,66.38847446062803,-0.22531051305989983,0.3260890470752297,3.054558773313044,0.013943317440296171,-0.0019953255798563774,0.01925207029029414,25.033009783153044,121.56539985255307,77.11301868548858,1,100471.3123406552,-0.04077958250294304,0.1668737900597668,9.880870413063269,-0.0050894869324090665,0.009429536489493684,-0.006657378520081393
37.7,1.4488587773371828,0.0053957830289303324,70.54869593393222,0.05540944433337951,0.00020095027149518493,2.999999842905506,-3.541398004220483e-06,0.0009756350168301786,1.4236858207654216e-05,0.9006474581902228,1.005715322532268,66.69698169711087,-0.2288635257775232,0.3336724146841528,3.055698883284729,0.013988906121873788,-0.001928966733075299,0.019292153395461014,25.033009783153044,121.56539985255307,77.11301868548858,1,100477.91014008844,0.018728981847605,0.16588590742369116,9.805021880309553,-0.0028852118142423944,0.010487153099760333,0.0020400951647714235
37.800000000000004,1.4546923785589077,0.005417023694949732,70.84869034618485,0.05540868934601452,0.00020100057094402067,2.999999437519533,-3.522450204546216e-06,0.0009757110575734362,1.4275659764752423e-05,0.8775301589218991,1.0393634534398417,67.00253038737078,-0.23331595037368327,0.33937897293055524,3.0556320052883623,0.01388616487626398,-0.0019076407800844297,0.019519639074556235,25.033009783153044,121.56539985255307,77.11301868548858,1,100471.734223899,-0.010934051411230576,0.20286297786192806,9.789342615082038,0.0033162859902860367,0.008098742405399654,0.002776832544445072
37.900000000000006,1.4605259320306252,0.00543826288992318,71.14868472351162,0.055407839769746656,0.00020102403486051286,2.9999991557261607,-3.5065316660811175e-06,0.0009758580569732,1.4314473234654631e-05,0.8539146479573727,1.0735168711535057,67.32646270022201,-0.2361706368215175,0.3454505220487048,3.0590356259042055,0.013851702369040306,-0.0018512596433517547,0.019566521307812737,25.033009783153044,121.56539985255307,77.11301868548858,1,100474.7094123705,-0.023297254933183815,0.1539718114876312,9.813409110682285,-0.0016466660528991965,0.011058740144763152,-0.008179285129636157
38.0,1.4663594533642001,0.00545949902801015,71.44867908010902,0.055407040345307114,0.00020101903905009902,2.999999024904139,-3.4956025074163048e-06,0.0009760467693391561,1.435329903217605e-05,0.8300839403204775,1.1083294374412422,67.63239180134512,-0.24084892133155744,0.35095508651928703,3.0592362810338645,0.013878718848604036,-0.0018244863690943802,0.019889918021973662,25.033009783153044,121.56539985255307,77.11301868548858,1,100474.44363773827,0.0010976231002977725,0.1306404201943817,9.80228790656843,5.438468661425741e-05,0.008710584668019427,0.004444722862526295
38.1,1.4721929621498866,0.005480731054173741,71.74867343245259,0.055406416308598674,0.00020098772068438288,2.9999990689033202,-3.490885508540332e-06,0.0009762433691495875,1.4392135475417624e-05,0.8281181500270639,1.1400958290034608,68.03318471273943,-0.23897447918985393,0.35628128882410265,3.0741661417160304,0.01399371493916951,-0.0017176394772668857,0.01998672451304661,25.03300992176864,121.56540887203492,79.74332545745453,1,100459.72859771634,-0.019648190331501905,0.1485980754361047,9.803911821237607,-0.0009543254229006691,0.009026956597984588,0.007645340334641984
38.2,1.4780264784898154,0.005501958559766253,72.04866779617194,0.055406053914272835,0.00020093567420496083,2.999999261049976,-3.4927318074225385e-06,0.0009764158535419121,1.4430979007132756e-05,0.8040967332128581,1.1759738570366867,68.34057149224907,-0.24183537727701282,0.36162939226092394,3.0739615183724416,0.013950666779788606,-0.0017486510246087494,0.02011854098274744,25.03300992176864,121.56540887203492,79.74332545745453,1,100466.63387500193,-0.0379162215602044,0.1361489367956927,9.808961846567074,-0.004313336066091612,0.007899961066504067,0.00151811773435268
38.300000000000004,1.4838600197193919,0.005523181805209018,72.34866218404851,0.055405991998178875,0.00020087114769723116,2.9999995509528987,-3.5005179298993736e-06,0.0009765381619928348,1.4469825263927474e-05,0.7800337243742904,1.2127020961282977,68.59701286998454,-0.24474352761482815,0.3680240787805434,3.0664450126381584,0.013981744674817867,-0.001718971577496342,0.020216141268684887,25.03300992176864,121.56540887203492,79.74332545745453,1,100464.39715976328,-0.0018635556464575674,0.15706848407405083,9.766555434239786,-0.0017552658996637693,0.008542759824121553,0.004920566004829154
38.400000000000006,1.4896935978248478,0.005544401649435328,72.64865660396622,0.055406217429048055,0.00020080348003842564,2.99999989398363,-3.5129050277305384e-06,0.0009765943518764697,1.4508668614460415e-05,0.755362601680478,1.2498203850203746,68.90370685821094,-0.24879710529811128,0.37410756191701483,3.067482379958638,0.013860256373690531,-0.0017215326763952987,0.020332338511481654,25.03300992176864,121.56540887203492,79.74332545745453,1,100454.52520215664,-0.023307655403967068,0.18422792219738052,9.84031168507205,-0.0020539538331326517,0.010305143465282086,-0.002388525578671837
38.5,1.4955272179241947,0.005565619399243073,72.94865105790821,0.055406671238055635,0.0002007421333702813,3.0000002267858354,-3.527952254673279e-06,0.0009765806580503966,1.45474982409903e-05,0.7304963889201769,1.2877386689118644,69.17539904943767,-0.25298930984530066,0.37994616247170937,3.063731508027199,0.01378821942003271,-0.0016730159565436775,0.020185656757706606,25.03300992176864,121.56540887203492,79.74332545745453,1,100436.21544686242,-0.03667363663305264,0.18527999506481174,9.831044646171701,-0.006069901543700877,0.009152815062887633,-0.0006589152186925863
38.6,1.501360877977734,0.005586836614032838,73.24864554242924,0.055407263116769565,0.00020069522576207348,3.000000498574228,-3.5434425299713853e-06,0.0009765045378955506,1.4586312233165128e-05,0.7050030149707665,1.3260510713751823,69.48177916196629,-0.25744586625893745,0.38565938780084025,3.063301274801953,0.013390651407293697,-0.0016494130501396587,0.019999606469290204,25.03300992176864,121.56540887203492,79.74332545745453,1,100448.95319434615,-0.045190268862426865,0.14333898137629186,9.81459316084222,-0.0035312202950404533,0.009045291278414348,-0.0012651190803624921
38.7,1.5071945696650144,0.0056080548774596235,73.54864004932335,0.05540788684451899,0.0002006683539375799,3.0000006707458007,-3.557258047480734e-06,0.0009763831195674921,1.4625113949950358e-05,0.6793376031544507,1.3652321473708846,69.74877894504138,-0.26071198441536514,0.3931502777322824,3.0582209369124485,0.013354303354677575,-0.0016374795106530726,0.020129360935583925,25.03300992176864,121.56540887203492,79.74332545745453,1,100439.52493831133,-0.03760607535874552,0.16949298804538304,9.829709849485706,-0.0015824564065479683,0.011053774093580583,-0.002585024294467247
38.800000000000004,1.513028280207637,0.0056292755753562075,73.84863456742258,0.05540843958410073,0.0002006643361227852,3.0000007192496176,-3.567532643972802e-06,0.0009762394460530732,1.4663907179728947e-05,0.6530398675078353,1.4048701994750685,70.05453970243447,-0.2650020211361572,0.3996300637458276,3.057551330422355,0.013256311509326003,-0.0015655162474261797,0.02022693077290247,25.03300992176864,121.56540887203492,79.74332545745453,1,100437.392661767,-0.05038198086897354,0.13881855743950114,9.828266099084804,0.0037476507059803145,0.008108482419243362,-0.0030023987451852255
38.900000000000006,1.5188619947712168,0.005650499714451491,74.1486290846161,0.05540883778740015,0.00020068246529066455,3.0000006492198947,-3.5730277985344826e-06,0.000976098332259312,1.470269571084164e-05,0.6265535190839998,1.445328682905744,70.33486548651244,-0.26794080733730347,0.40621064426990827,3.053754199809363,0.013015193053887306,-0.0015905114258383257,0.02036832651635459,25.03300992176864,121.56540887203492,79.74332545745453,1,100428.48766143217,-0.005181691698502884,0.18370044351838632,9.806508713992207,-0.001841984004897572,0.009196297699807595,0.0015396235077192368
39.0,1.524695699013826,0.005671727803176964,74.44862358980835,0.05540902903998988,0.00020071899951277437,3.0000004793235022,-3.573266712267049e-06,0.0009759823740789209,1.4741484053428244e-05,0.5995981518682653,1.4863119951331494,70.64023093819256,-0.2713780954538801,0.4136213982116212,3.053179130065117,0.012761418666544153,-0.001579884504842033,0.020569550630862587,25.03300992176864,121.56540887203492,79.74332545745453,1,100413.39329768412,-0.029692411364187942,0.17552430543799533,9.743362212069053,-0.0021348068256042485,0.007792041884677184,-0.008871866742443519
39.1,1.5305293813598004,0.005692959806805932,74.74861807472801,0.05540899855654173,0.00020076804405551758,3.0000002452639145,-3.5684498871998488e-06,0.0009759082812792474,1.4780276564082519e-05,1.5402067778870545,1.2456488855818995,71.1251306016196,-0.008812707388489327,0.34330654270264266,3.079039635027409,0.014376573981227377,0.002915868592682447,0.020511371526291084,25.033006706201625,121.56543129251754,84.19919743719474,1,100446.5418074164,-0.008162683369285254,0.17785804020022852,9.796739682981856,0.002957162153125767,0.0114726683567554,-0.004421200167866916
39.2,1.5363630346521933,0.005714195178699247,75.04861253495453,0.055408768131570016,0.00020082208207722864,2.9999999895777583,-3.559507967160624e-06,0.0009758848307066526,1.4819074503938583e-05,1.5392780574434581,1.2802421437120743,71.43305918598972,-0.010081853490176287,0.34824822600013666,3.0802150610307986,0.01430717607283867,0.002988169047788869,0.02071462254039661,25.033006706201625,121.56543129251754,84.19919743719474,1,100421.03290897387,-0.07770471133350382,0.14457563391575068,9.827558100962472,0.003287412613809722,0.010454336895958148,-0.0036096197813299067
39.300000000000004,1.5421966569686072,0.00573543296225956,75.34860697044137,0.05540839034064512,0.0002008733056153305,2.9999997550215554,-3.547918490234321e-06,0.000975911903709159,1.485787494475023e-05,1.5383795069331134,1.315529049703339,71.71669937560573,-0.009425812630238159,0.35455915897668683,3.0780282051937675,0.01423236647553787,0.003040851123941035,0.020685355831985747,25.033006706201625,121.56543129251754,84.19919743719474,1,100413.78847628403,0.004486043406223956,0.15973033841800158,9.846415135732563,-0.0033111418291777053,0.009470223031791382,-0.0021999387910451042
39.400000000000006,1.5480302515296689,0.00575667195134303,75.64860138516109,0.05540793742524697,0.0002009147664667176,2.999999579379061,-3.5354309096966815e-06,0.0009759812350642605,1.4896681562536627e-05,1.5374884455559652,1.3512658674995774,72.02445053028067,-0.008214556204420563,0.3598774561803979,3.0764002926167273,0.014137855655531915,0.003076845071746215,0.020531440451114293,25.033006706201625,121.56543129251754,84.19919743719474,1,100415.85998736076,-0.003079142448408909,0.1601112864441866,9.815093557585193,-0.0017322704658537889,0.008633974528629067,-0.0042554548400737845
39.5,1.5538638257819026,0.005777910867544779,75.94859578609812,0.05540748820731609,0.0002009411848697332,2.9999994822931555,-3.5238491601958387e-06,0.0009760784172703207,1.4935497043655129e-05,1.537129040835367,1.3880288106865428,72.26184324206935,-0.006270227184430327,0.36623026630924194,3.066651396179319,0.014064053821255402,0.003131007380187123,0.020623117568075264,25.033006706201625,121.56543129251754,84.19919743719474,1,100422.49264838333,-0.022604422073118285,0.13692128777012377,9.814069267521049,-0.007316351669406755,0.012534187841702566,-0.004271264585634792
39.6,1.559697389871482,0.005799148542538511,76.24859018197688,0.0554071150716328,0.00020094971858822824,2.9999994776366186,-3.514720744149041e-06,0.0009761855217060855,1.4974322137571708e-05,1.536588787948645,1.4249359233772383,72.56851854634802,-0.005293862068508588,0.37219927133561787,3.066966386967518,0.014005188145650854,0.003239862891332601,0.020808704671954344,25.033006706201625,121.56543129251754,84.19919743719474,1,100420.007210607,-0.05715234064995555,0.1889580841920196,9.833156521282119,-0.0013579938020356962,0.010006654930597294,0.0012587657782440437
39.7,1.5655309264325723,0.0058203837295623265,76.54853218276328,0.0555735930085303,0.00020138359446787547,2.997015398542019,-3.305515636651562e-06,0.0009015196598678443,1.50128717804462e-05,1.53650289481152,1.462983634174124,72.81321202045247,-0.003882485286239976,0.3792327945235803,3.0551742604060466,0.01377380142464346,0.0032212190617615377,0.02063087356952651,25.033006706201625,121.56543129251754,84.19919743719474,1,100406.61355007942,-0.06390459820766249,0.13212694195631,9.629853175888497,-0.0014580851062184904,0.005298008860269964,-0.00018073817600293597
39.800000000000004,1.5719243073253075,0.005843680126243054,76.87571020088409,0.0585317593479174,0.00020696308617340094,2.9445841525929177,-9.51188054346436e-07,-0.00033625970810247097,1.5054076311874637e-05,1.5361753012659707,1.5012293138139792,73.11683209603846,-0.0023539745694604536,0.38602298708964716,3.0072069826735586,0.014093437481947453,0.0022255469425003227,0.02081066252208347,25.033006706201625,121.56543129251754,84.19919743719474,1,100415.82152237227,-0.02499263871413743,0.14795967753392736,9.059485927761408,0.002638954160192437,-0.006511536787102578,0.0036377396784380844
39.900000000000006,1.5770466694264191,0.005862523671138346,77.13658230235235,0.06123429340356127,0.0002098011848045314,2.856367447335372,1.0677917432722656e-06,-0.001892434678475663,1.508547633190021e-05,1.5363698627968738,1.5407360822442588,73.34332909386855,-0.0035639351686924136,0.39299656126884314,2.8998143383966117,0.014136894324840733,0.0006235841391224461,0.021023480725587296,25.033006706201625,121.56543129251754,84.19919743719474,1,100400.5056683151,-0.050664329747369306,0.1614657930211653,8.650350455308573,-0.005625356300567959,-0.009159831403838654,-0.0012856060435616915
40.0,1.5820093661073358,0.005882723823096362,77.39076899667783,-0.05165124072058612,0.00019593908670838996,1.9594915072066599,2.3751952379047177e-06,0.04750220918579151,1.4458008828595156e-05,1.5354035898242955,1.580730025376722,73.603329125097,-0.037976390123312706,0.41097538253094096,1.987680121622574,0.014110558490332025,0.04932283532693904,0.021739310161732455,25.033006706201625,121.56543129251754,84.19919743719474,1,100407.19958639336,-1.3219365798024603,0.1761699544994374,4.639197780569357,-0.00028208591561546345,1.625247868238815,-0.004287982342272486
40.1,1.5863553220780011,0.005901764266171509,77.60077185402665,-0.25123743374401447,0.0003914043565380088,2.239735076499381,9.973428644017707e-05,0.1585403726419814,1.3665596082552904e-05,0.8246569219237259,0.7106928864208518,74.44005027759565,-0.15518191286614558,0.15401348568835127,2.390733763673995,0.01893528195847621,0.15715580473481072,0.027430290802509073,25.032994145355058,121.56539800272033,93.63218726503045,1,100385.40195554885,-0.13225728045113985,0.17787590997440678,9.691551359090887,-0.003793844646792319,0.64046497392546,0.013609119534319454
40.2,1.6045761405099725,0.005914146310767998,77.82265827792502,-0.19747207210886586,0.00045980447775365566,2.2017670398369287,0.00018594278415653853,0.2091551301769512,1.5667803630869178e-05,0.8167498541745589,0.7264163632811206,74.67600297340383,0.00747938291412081,0.1603873524483064,2.3335297472239684,0.019257070005955886,0.20794597846216312,0.028485756900733957,25.032994145355058,121.56539800272033,93.63218726503045,1,100401.36576985865,-0.051851388648708564,0.16067655691084134,9.44927394074707,-0.008580697362385255,0.3758039381645202,-0.0005058797302665391
40.300000000000004,1.6413049029738054,0.005910278850457313,78.03710202307802,-0.04269768645862151,0.00026629304875636203,2.139301062285294,0.00018045976972268883,0.23567915957218633,1.4827648156297648e-05,0.8274684504723144,0.7431980303062979,74.84627388021734,0.20265326326541122,0.16838063616365337,2.218505109310022,0.0194429486558008,0.23454330520883349,0.028921605352528263,25.032994145355058,121.56539800272033,93.63218726503045,1,100381.6186981958,-0.06700657501415622,0.17312904121794878,8.722286399981837,-0.004285399653417527,0.20085478906706672,-0.0011529914081480227
40.400000000000006,1.6980697416057067,0.005890572813089261,78.2380850793026,0.1611229604862928,-0.00010644669898112059,2.0416126319386043,6.407171392261653e-05,0.24940822862872425,1.0093803481761284e-05,0.857750137119114,0.7604562477302356,75.06084767435722,0.4037207958101391,0.17640486041331505,2.0671058701111296,0.019391325127192847,0.24833541666296544,0.029377674281166416,25.032994145355058,121.56539800272033,93.63218726503045,1,100387.47851145643,-0.050434921128547236,0.14289772930669395,8.344687656320415,-0.0025417906163944163,0.1060935342700887,0.005523020215139196
40.5,1.775177807745238,0.005865572781342841,78.42245035725962,0.387506222494619,-0.0004592642850239168,1.9243617434173923,-0.000127713542089224,0.2563904995910249,3.554248044644083e-06,0.9083257056149207,0.7787494168063857,75.2337149579572,0.6053493976491482,0.18596339891828034,1.8887471474211321,0.019146003736758517,0.25533405585927915,0.029337866350974795,25.032994145355058,121.56539800272033,93.63218726503045,1,100375.85822625575,-0.07675193031463537,0.14830132596802678,8.240365036378503,-0.009741593803475824,0.05914571974057187,-0.0006162808750373163
40.6,1.87251060197275,0.005852030963114235,78.5885747441428,0.6230604737259088,-0.0006415100014175409,1.7967508966045922,-0.0003516904749476311,0.25985098676483087,-2.3232097968491484e-06,0.9787895159251491,0.7978551096174143,75.41337150182,0.8040570955499079,0.19618768692487643,1.7033282710723703,0.018840005078223865,0.2588527765107247,0.029293083542921948,25.032994145355058,121.56539800272033,93.63218726503045,1,100379.9671294843,-0.10067883174577573,0.15496419260788208,8.128042897136543,-0.0037566840473161524,0.03416648052818162,-0.0017494683214436153
40.7,1.9897934966272735,0.005868819659566131,78.73566132634453,0.8611059533200136,-0.0005627038869827434,1.6630180751024501,-0.0005660130639151355,0.2614798282442985,-5.540853041746511e-06,1.0696049107948582,0.8185549526119318,75.5000141312151,1.0010671297501663,0.20616210264842844,1.5005759209633946,0.018581877986315755,0.2604239407861002,0.029348759840217606,25.032994145355058,121.56539800272033,93.63218726503045,1,100377.44348736454,-0.14266847944641714,0.17233707059756193,8.08529627855123,-0.006294455842066133,0.018804179638309847,-0.007690423530841677
40.800000000000004,2.12669079851152,0.005933499273100383,78.86334873897356,1.0983343880348402,-0.00021068060122913373,1.525811751227128,-0.0007434236970892258,0.262152594922866,-4.757152103164518e-06,1.1793636819290545,0.8397289795098504,75.64038329619083,1.1932024461966493,0.21680429580030966,1.3067239603640366,0.018388640241572406,0.26108679006716184,0.029490268573030817,25.032994145355058,121.56539800272033,93.63218726503045,1,100382.40360555617,-0.172621517239065,0.1716949013431772,8.08293425522235,-0.0022998691254042932,0.013968938955687925,0.001990398541496848
40.900000000000006,2.2828410750142893,0.0060602101065194815,78.97149676362623,1.3331154596363148,0.00037393736937719373,1.3865785234928933,-0.000872354666598324,0.2623295303642317,9.036375740589385e-07,1.3088005713836428,0.8623975566173165,75.70309494607939,1.3833209592543574,0.226297554719224,1.104049106922258,0.018537144674362172,0.26118024140607554,0.029735570407699665,25.032994145355058,121.56539800272033,93.63218726503045,1,100374.74050518042,-0.21861135749211683,0.17505959255119252,8.09576711169116,-0.004703854612738039,0.0058019497214216115,-0.004981853791801671
41.0,2.45787420838707,0.006258859136421634,79.06008118378256,1.5646681458628369,0.0011232012672899023,1.2461452989785338,-0.0009543928097616983,0.26225023672553127,1.2000044482274655e-05,1.456438630547147,0.8854862049421544,75.80382739688953,1.5687562440365315,0.23539578756427273,0.9102628760575471,0.0185033715381989,0.2610106735411992,0.02991220086038255,25.032994145355058,121.56539800272033,93.63218726503045,1,100372.21372804255,-0.2546039826963586,0.1565529195378729,8.0652730758777,-0.005062950843909325,0.008653276252902723,-0.0072590251447344125
41.1,2.651418814497191,0.00653538534401119,79.12913680421507,1.7926358887991125,0.0019664231250457855,1.1049773054679544,-0.0009994662739056545,0.26204006496637766,2.8905759404898688e-05,1.949441648104356,-1.1411202232474074,76.15659853736872,1.8432379987376755,-0.3490701606603527,0.7548828114210323,0.029413993222267613,0.26209020779139935,0.026398922497042704,25.032964694941978,121.5654220784499,90.05805556868783,1,100366.80626433574,-0.2964319813497148,0.16430541465534063,8.055653584119398,-0.0007001446129982763,0.007125038111295246,-0.0003763011363832479
41.2,2.863105999959658,0.006892670294176596,79.17872837248018,2.016874940582579,0.0028454884890268843,0.9633304406223578,-0.0010210641698286125,0.26176443293242424,5.187675821840675e-05,2.14289207632866,-1.175985144985558,76.22236830827632,2.0238569095205126,-0.34832698139180485,0.5607526742533705,0.029244750587624668,0.26174437964727715,0.026496188337460622,25.032964694941978,121.5654220784499,90.05805556868783,1,100356.7675815075,-0.3178618823196109,0.19046728877886931,8.045208783518824,-0.0012911705468835587,0.004950928784994639,-0.0006743523116871217
41.300000000000004,3.0925711875007496,0.007331686290725672,79.20893535388123,2.2373474288892736,0.0037222612653241586,0.8213659723578207,-0.0010320362467980924,0.2614573822152002,8.107517321650262e-05,2.354182819437735,-1.2107801880672742,76.26559261652568,2.200388373608987,-0.3478671913366254,0.36776184042180177,0.029568501367890812,0.2613787099918534,0.026566598972824165,25.032964694941978,121.5654220784499,90.05805556868783,1,100388.09794757207,-0.3677221691925811,0.18226173309669425,8.03676368668168,-0.0033765706791257467,0.004812081282693229,0.007320311005283883
41.400000000000006,3.339454946145804,0.007852607644044558,79.21984380972134,2.454067758490303,0.004577467038171966,0.6791466620301267,-0.0010431704910739154,0.2611369373131407,0.00011660869399591367,2.582819060940564,-1.2456126936601606,76.29280194380264,2.3719787048624705,-0.34866978768569,0.17637998776524286,0.029598650426327415,0.2609365319855914,0.02664009222603659,25.032964694941978,121.5654220784499,90.05805556868783,1,100393.36647349222,-0.358379855341915,0.17023964671950992,8.051723726386914,0.002230228211444654,0.00416313906759721,0.0024954380460334227
41.5,3.6034035256284733,0.008455686133507594,79.21154275527478,2.6670761783182906,0.005408178972981076,0.5367474639799243,-0.0010614284422425975,0.2608119047246473,0.00015853796029857524,2.830384961206521,-1.2795432280256733,76.18553933015232,2.540526453733213,-0.34767839594471,-0.03025402001203882,0.029626683129878265,0.26051512305031443,0.026882688314042644,25.032964694941978,121.5654220784499,90.05805556868783,1,100370.60997986056,-0.4312293652175316,0.15876142832465534,8.107932517300243,-0.004197328949086329,0.005900134827587088,0.006650318480909202
41.6,3.884068795336999,0.009141825423994816,79.18412121172501,2.8764245505861057,0.006220786040059921,0.3941691402380526,-0.0010910463145001618,0.2604876931674369,0.00020686413113529556,3.092676310699037,-1.3143536773129294,76.1730620262896,2.703737116607412,-0.348678084936279,-0.21988791030539898,0.0296769924393687,0.2601452630165517,0.02669411170008642,25.032964694941978,121.5654220784499,90.05805556868783,1,100357.67657853336,-0.46539848397295774,0.14918168719275346,8.059894116667769,0.003211986116329411,0.007334607711583148,-0.0037114294351410647
41.7,4.1811085989436725,0.00991289569396975,79.13766829704811,3.08217082971023,0.007027898476462707,0.2514546250403816,-0.0011332416101841412,0.2601659447216913,0.00026153585721704097,3.3712215322187142,-1.3492405364475646,76.13754792649704,2.86470440814987,-0.3494057436313778,-0.40994382395758616,0.029827754530061756,0.25976155249208377,0.026911923064427135,25.032964694941978,121.5654220784499,90.05805556868783,1,100366.26581313128,-0.5264829801082893,0.17387764597193203,8.073650828866166,-0.005052879364334762,0.005753739815891166,0.005432954290412627
41.800000000000004,4.494278437702748,0.010772245079597585,79.07262892941652,3.2842623829356916,0.007840114253481984,0.12580449620523745,-0.0011948138000478065,0.25927529400527427,0.0003230518800453153,3.665721417257786,-1.3841581032733392,76.08753026444192,3.02748265928172,-0.3493674077748579,-0.5767938445403717,0.029973446746928558,0.2588205562376078,0.026947979185503592,25.032964694941978,121.5654220784499,90.05805556868783,1,100388.7072835584,-0.5584268549804258,0.14883404213377283,8.82207122749247,-0.002280853100561357,-0.028818812030764213,-0.007443438212062503
41.900000000000006,4.824567316400886,0.011732248495352038,78.99487699847464,3.47838257444403,0.008704096038191425,0.04913148764408043,-0.0013607799121305682,0.25143567195377425,0.00039839255460038956,3.980060201073549,-1.4182214044308286,75.92783311778551,3.2016698221580016,-0.35151607355433123,-0.6861253060619853,0.029962809924264824,0.25098186857377525,0.02705610162297041,25.032964694941978,121.5654220784499,90.05805556868783,1,100377.88422660617,-0.6380825218715266,0.17920389644817136,9.06839933689051,-0.0016469971619896867,-0.09723970380937516,0.0034068571929576456
42.0,5.171969986845731,0.012813283008197045,78.909197212413,3.65708412389647,0.009736869360724067,-0.00945453664581763,-0.0015983244105683973,0.23974572484050016,0.0004852169526676852,4.308666779685875,-1.4535720243074446,75.85590392588875,3.369799182105737,-0.3558714549298618,-0.7437799396704653,0.029782907736376766,0.23928889816885057,0.0268844114418828,25.032964694941978,121.5654220784499,90.05805556868783,1,100380.65273625274,-0.629597366410828,0.1699341105531335,9.520081961843806,-0.00756179109135462,-0.11421371606224263,0.0013246630619166734
42.1,5.535933578105069,0.014042430629202449,78.81988026418007,3.8191675956115914,0.010971704251875136,-0.033231092826413816,-0.001849902025890565,0.2279440047103476,0.0005782692976895546,5.037159484847481,-0.45441239654331644,75.4798328415886,3.644392722667008,-0.012613808465376387,-0.8082077416611196,0.025001464603473175,0.2299086481831838,0.048694274421027944,25.0330074200315,121.5654511841077,82.3890310996594,1,100381.60984240443,-0.7058026251787375,0.13467461211029255,9.976125493978135,-0.0021459532997989104,-0.10409503724767762,0.00819895814801635
42.2,5.915809863229796,0.015448106249619578,78.73094114380105,3.9667683550236084,0.012376625572153344,-0.018775301866872908,-0.0020529425411768415,0.21794162876989032,0.0006725773252662785,5.409461964098332,-0.45561574999299664,75.399770095834,3.801217395007565,-0.011113333536481734,-0.7882327898605401,0.02476251052553754,0.21984194257929746,0.04872315147427917,25.0330074200315,121.5654511841077,82.3890310996594,1,100379.70861646355,-0.6755823138165229,0.14692161691604833,10.2164023571945,0.0023027663309338076,-0.07906697351341237,-9.67624509706564e-05
42.300000000000004,6.310933373409898,0.017053615651245087,78.645562921197,4.102915417675315,0.013885858490794867,0.02826896394788117,-0.002172503741655017,0.210382414587728,0.0007644718228715382,5.797174315675312,-0.45671753347276545,75.32653884478367,3.9535952333511153,-0.010816656076702175,-0.7387392550762364,0.024759132000275734,0.2123016920480978,0.04872377846612871,25.0330074200315,121.5654511841077,82.3890310996594,1,100388.87539811783,-0.7663244968678148,0.15999374578180156,10.470630702355367,-0.005307350711599298,-0.05440679316459946,-0.008240309888294297
42.400000000000006,6.7206827106195925,0.01887280048339246,78.56595062325717,4.2304162389250335,0.015422586810259745,0.09924763428178654,-0.0021979013712952566,0.20514107342188703,0.0008521487721880831,6.199824384401215,-0.45778516928464363,75.25581991827876,4.098700295693487,-0.01040611363324775,-0.6726630962593304,0.024594620959835237,0.20694933633819002,0.048783086959490754,25.0330074200315,121.5654511841077,82.3890310996594,1,100372.23833139034,-0.7929523292924143,0.16321081065372298,10.5958979844434,-0.0025822176758954684,-0.035269049395893974,-0.0011874106101407668
42.5,7.1445022531209785,0.020908502850173115,78.49337760907625,4.351526814849727,0.016913634945957125,0.18477939788416112,-0.0021309901592273545,0.2018636075541771,0.0009357236545137252,6.617238275310957,-0.45872655115637345,75.17733169246918,4.237997613286226,-0.01123061894225744,-0.599958239145985,0.024712168625220868,0.20366099034878782,0.048812285091520025,25.0330074200315,121.5654511841077,82.3890310996594,1,100388.11297981818,-0.7761039569282473,0.1502489668803061,10.586135779057555,0.002008578767465749,-0.01532335134401402,0.0023225732582479296
42.6,7.581910794520267,0.023152562166614207,78.4283371213321,4.468058055530814,0.01829189647555714,0.27808629216851033,-0.001986428369614765,0.20016285452195914,0.0010159240145380943,7.047853544259582,-0.4599046079782874,75.12111075906162,4.373383490713659,-0.012634995892898538,-0.524023368678847,0.025132330966806633,0.20184590702155059,0.0491393811825461,25.0330074200315,121.5654511841077,82.3890310996594,1,100380.37534547938,-0.8382696434079212,0.1393905796348556,10.60623627073641,0.0033746706887441526,-0.0014567060511151957,-0.008337029092625263
42.7,8.032511327887073,0.025587891660862574,78.37078455932902,4.581402146587934,0.01950423396814379,0.37328975030950895,-0.0017875629909353135,0.19962439184582514,0.0010937345112975538,7.4944117534714145,-0.4606568925637122,75.01740964497105,4.5068719181141645,-0.014430240616577345,-0.4585624110364582,0.025294394991370168,0.20133942025731866,0.0493147904749055,25.0330074200315,121.5654511841077,82.3890310996594,1,100383.18380488218,-0.8507216322886089,0.1640986199375058,10.556941328971261,0.0067912620317118946,0.007199198849810078,-0.004878027806246417
42.800000000000004,8.49597751439089,0.02819147024776264,78.32031311773724,4.692588159332468,0.02051293446106225,0.4665472665613632,-0.0015626409062089138,0.1998749224880776,0.0011701058596435795,7.95157681892879,-0.4621621643228706,74.97495298554674,4.635984518954162,-0.015853355313019922,-0.39147239286953867,0.025681498045099733,0.2015691838333198,0.049561229757615226,25.0330074200315,121.5654511841077,82.3890310996594,1,100387.03406324987,-0.8491965644132815,0.17756742643060922,10.495643962208149,0.002379286201538869,0.01296862858581505,0.0026707350710325965
42.900000000000006,8.972036921362918,0.030937792195997883,78.27630218750774,4.802329222835561,0.02130077605800321,0.5550792532217363,-0.0013376567990801798,0.2006303487830723,0.0012457761112406745,8.424585195005598,-0.4631077587214608,74.88636079703778,4.764037229448789,-0.016543285262789025,-0.33764201149026324,0.02592198692454052,0.20224554651303372,0.04953242484934228,25.0330074200315,121.5654511841077,82.3890310996594,1,100396.53983034959,-0.8890096375310309,0.13229764499253271,10.425605845709866,0.0018573883526562032,0.0139083029904412,-0.0025226495537921966
43.0,9.460458321252203,0.03380191755488585,78.23803621199212,4.911105201470248,0.021866661580635393,0.6376012507475577,-0.0011357565854543548,0.2016638438040701,0.0013212464108006518,8.907257739908992,-0.4649015045357487,74.85533414490955,4.8892641058630275,-0.01885959427985176,-0.28399312489424194,0.02613212079500738,0.2032001530493528,0.049809452698705244,25.0330074200315,121.5654511841077,82.3890310996594,1,100380.42981267227,-0.821498221295029,0.15519597783932473,10.34241662830351,-0.0023436452289600316,0.020648553136119324,0.00991941885824238
43.1,9.961038606133755,0.036761878469182205,78.20478155966201,5.019193840391092,0.022227786121782285,0.7134214667065404,-0.0009736263996378224,0.20281361104807227,0.0013967752484325196,10.63125711049708,-1.6313249576534308,74.84691312003457,5.364899420541735,-0.45504538455556925,-0.25392117100358225,0.030567449940452802,0.21038036114300196,0.011125242032187656,25.032974552022413,121.56551570361685,87.2414271298693,1,100375.40454614413,-0.889339176298822,0.14990832624028644,10.293551514591327,0.003826281827850864,0.021832845895320974,-0.007906568766294385
43.2,10.473594692899217,0.039800408362356605,78.17584707330958,5.12672713818211,0.022415946116139323,0.7827120442806219,-0.0008601355339386974,0.20395652310950507,0.0014725197289469684,11.174115957343204,-1.6773770829227925,74.82358844313055,5.49163648526284,-0.4657189536223366,-0.21360097112789528,0.03053201412303483,0.21154613456690097,0.010935102747178507,25.032974552022413,121.56551570361685,87.2414271298693,1,100388.59925242342,-0.9264181525164923,0.1405638627329218,10.220798699751152,0.003640630476957554,0.02169211202602722,0.0017496557606360022
43.300000000000004,10.99795367727505,0.042905800409013616,78.15060652114884,5.233711738375228,0.022473016556851834,0.8456614933100605,-0.0007979960001866277,0.2050250835859242,0.001548613467894287,11.73207940242974,-1.723976641896978,74.7537314553388,5.618223444731325,-0.47574292171035915,-0.18669879762541958,0.03067019293659147,0.21268914250541782,0.010991041316864394,25.032974552022413,121.56551570361685,87.2414271298693,1,100395.18350468672,-0.8943301526371052,0.17043544108850178,10.145193923191748,0.0009060139200478406,0.018443408168952933,-0.0051404198118733145
43.400000000000006,11.533949101198182,0.04607190723195166,78.12851744904323,5.340091812595646,0.022442659509127234,0.9030289780900926,-0.0007845875650235547,0.20597162776964728,0.0016251384744072187,12.300082167512498,-1.7720696504788864,74.73645947039547,5.741586468468713,-0.4863750543898271,-0.15904999912005183,0.030930918826383554,0.21372092804918164,0.011290724073192404,25.032974552022413,121.56551570361685,87.2414271298693,1,100392.6973917881,-0.9321718375838328,0.16413683594444534,10.055658557436246,0.0038800862813669415,0.018784153004722675,0.004082464889564137
43.5,12.081415853106078,0.04929760869903809,78.10911916373213,5.445753490474644,0.022372176908403103,0.955299031373794,-0.000810279527754769,0.20678184784031828,0.0017021070918217028,12.882511877558253,-1.8208460425312303,74.68498098698791,5.86287855391925,-0.4974132957603408,-0.13994186248294047,0.031081180918049352,0.2145315126769387,0.011402176613392679,25.032974552022413,121.56551570361685,87.2414271298693,1,100401.38051167665,-0.9972227991321764,0.17925318759077558,10.058403039310546,-0.0024661111291566554,0.014542692094396528,0.005874589889651915
43.6,12.64018856219193,0.05258588676766749,78.09202956879079,5.550569274747317,0.02230174364764399,1.0032130405712274,-0.0008634540131561819,0.20745351360418995,0.0017795931736072144,13.474773163517234,-1.871106528475995,74.67202132195435,5.9825079663744525,-0.5078776135091397,-0.11984762393036699,0.03101493510843037,0.21522796958856616,0.01146446054644422,25.032974552022413,121.56551570361685,87.2414271298693,1,100404.02836468343,-0.9634465951580755,0.1343359515910245,10.013437975007205,-0.004190509895710769,0.016208794181193125,0.0078006288083092915
43.7,13.210100000345356,0.05594251014421938,78.07693380530034,5.654405368856057,0.022261153111889007,1.0473834443058794,-0.0009328016686839049,0.2079978459404086,0.001857645172864271,14.084020705091417,-1.9214593150822454,74.59097700698125,6.1028911781631034,-0.5178766288224688,-0.11161463790887897,0.03118494013259309,0.21591146091151714,0.011428296221120465,25.032974552022413,121.56551570361685,87.2414271298693,1,100380.35638323014,-1.0114418558948814,0.13917127925230144,9.994196847408135,0.0031083534865993996,0.011635017256422561,-0.0010677254202773484
43.800000000000004,13.790981567209737,0.0593747024831458,78.06357737186035,5.757141108365844,0.022270095975944745,1.0884383388966434,-0.0010069887817686842,0.20842700021125227,0.001936201760165674,14.700134591794905,-1.9737694296746313,74.58057508018231,6.219284293001594,-0.5287869915609347,-0.09680631361850393,0.03124764115601392,0.21630477014815552,0.011655705124788352,25.032974552022413,121.56551570361685,87.2414271298693,1,100382.02531813682,-0.9786933628314972,0.13721522227500918,9.968187960000837,-0.004238828271602026,0.012479408753861759,-0.001104772749890071
43.900000000000006,14.382662253108386,0.06289005812843941,78.0517510863086,5.858664769412959,0.022340023945115885,1.1267839865292173,-0.0010759487749807681,0.20876295627521468,0.0020151945715588086,15.334134493749225,-2.0260560108967725,74.49915191244389,6.337298379476546,-0.5390565685590221,-0.09322058962509719,0.03118827763481434,0.21680669761581783,0.012064778279289918,25.032974552022413,121.56551570361685,87.2414271298693,1,100393.9954514901,-1.008130391580858,0.1522371177060042,9.963966023916617,0.00215729111937053,0.010601865559090155,-0.0035104656106240066
44.0,14.98497061176027,0.06649557262383837,78.04128737318034,5.958892240974833,0.022470359285846,1.162846733173529,-0.0011330699621935844,0.2090199344698398,0.0020945126574954988,15.973514092763388,-2.0805382487461856,74.49043531067858,6.449988634025402,-0.5503502559437093,-0.08150775207790482,0.031378392846248715,0.21712689602228474,0.012307453754343214,25.032974552022413,121.56551570361685,87.2414271298693,1,100381.59108332977,-1.0272087918311026,0.15996806816052686,9.943348740224058,0.0026681676833817704,0.011038768063139944,0.005699216760462881
44.1,15.597733656493572,0.07019697145548817,78.03204377607886,6.057753526230765,0.022652837263271657,1.1969763361028642,-0.0011747209069777104,0.20921822380696908,0.0021740789645763496,16.085992062672716,-1.1973229309267006,74.51801019597349,6.409647022589803,-0.2099360423299701,-0.05734056324986814,0.02914569690786415,0.214752613559422,0.04826956441939665,25.032997258371186,121.56554636909158,85.00332633153228,1,100392.47116200857,-1.077511957879247,0.1329304684894839,9.94119267781887,0.0035144237269941693,0.010541091038516928,-0.00437081004939739
44.2,16.220778863220335,0.07399831258354658,78.02390106350667,6.15520339709729,0.02287466450781111,1.2294134426960728,-0.0011992156793641357,0.20937145782739153,0.0022537862417974248,16.73232313006464,-1.2186229278828424,74.51289351136604,6.516799824834546,-0.215690356834751,-0.04490835362065972,0.029099318993749186,0.21487309787112618,0.04829753172184414,25.032997258371186,121.56554636909158,85.00332633153228,1,100378.6217483236,-1.0568916981680747,0.15738527535757002,9.93019985422887,0.0033973406651323333,0.0086516916619323,-0.001107177590261807
44.300000000000004,16.853934207148818,0.07790191697699801,78.01675487527551,6.25121231850278,0.023120140639636147,1.260361727211141,-0.0012072294496796063,0.20949214291726936,0.00233356624168388,17.389821628688168,-1.2404450831867861,74.50081426184977,6.622029300523308,-0.22218324651472832,-0.035351824258316705,0.029165287407675527,0.21496810609280792,0.04825855047696162,25.032997258371186,121.56554636909158,85.00332633153228,1,100397.4332515375,-1.1329134897243829,0.16069866097229757,9.953254677146255,-0.0018588773461134054,0.010363673577632534,-0.008624794970818344
44.400000000000006,17.497029483146,0.08190839108156918,78.01051549139608,6.345766845766866,0.02337259532723624,1.289963918395424,-0.0012014923040778948,0.20958657664446045,0.002413238406380961,18.057148990798144,-1.2629232277955111,74.49770526346919,6.724149680609887,-0.2275724969171028,-0.027304139167668627,0.029172906324528583,0.21498223006586548,0.048536290309510205,25.032997258371186,121.56554636909158,85.00332633153228,1,100399.95994015574,-1.1315829510008504,0.13620445539162954,9.874005792035177,-0.0006742496293860872,0.010348811577133672,0.002406540314441683
44.5,18.149895665863333,0.0860169827508004,78.00510028644935,6.438859818206128,0.02361783989715141,1.3183574442834738,-0.001185374994902524,0.20966321846425595,0.0024927005404393582,18.74106103235298,-1.285005497642047,74.41741831159628,6.828905561743101,-0.23208958319839432,-0.030420929093221815,0.029504434331968043,0.21511549846186306,0.048971529934437194,25.032997258371186,121.56554636909158,85.00332633153228,1,100391.8365797798,-1.124617703333504,0.13185669009426765,9.892255031781746,0.0018083044913307063,0.008088681391301998,-0.0030313163234345244
44.6,18.812365998431368,0.09022591682753071,78.00043467820598,6.530495143897902,0.02384425378277462,1.3456248240282627,-0.0011624099098665125,0.20972623715281657,0.0025718609745965836,19.429010061217472,-1.3084518975579098,74.41476483602071,6.929560765746935,-0.23738895469380103,-0.02306417010904138,0.029730810804026668,0.21505778695734468,0.04913695773773998,25.032997258371186,121.56554636909158,85.00332633153228,1,100386.39913165625,-1.1589959442981248,0.11604481468257466,9.852303680441763,0.002766296768609091,0.007922060274706579,-0.015656836462951282
44.7,19.484275933068325,0.09453277864703565,77.99644962786297,6.620681456693769,0.024043656663851592,1.3718350517732394,-0.0011361477913070712,0.20977892735644432,0.002650652068778321,20.129687677307526,-1.3321180845167624,74.38275156227104,7.027113426619812,-0.2435368604231084,-0.021244337915067316,0.02960634677925178,0.21505195774701003,0.04930185365317226,25.032997258371186,121.56554636909158,85.00332633153228,1,100388.71412543651,-1.2119930396577485,0.17318332626514604,9.862691966054873,-0.00013820468634538993,0.007342921871878372,0.005052689176328023
44.800000000000004,20.16546349174062,0.09893484310765593,77.99308174429886,6.709432128321149,0.02421072617308418,1.397074182821394,-0.001109670419181679,0.2098221627847594,0.002728980900346471,20.837257650565107,-1.3566406871639587,74.38094333233984,7.123832809996285,-0.247470202343461,-0.015601982382411693,0.02990822865299196,0.21510021662168577,0.04952065364628187,25.032997258371186,121.56554636909158,85.00332633153228,1,100386.4003699005,-1.2130745162987924,0.15065327674241022,9.849058663160632,0.0011308315915172834,0.00776135853417263,-0.0007001088327379099
44.900000000000006,20.855769088691037,0.10342938259561792,77.9902721682447,6.796760294714664,0.02434509824076538,1.4213724526506533,-0.0010852536642544694,0.2098575911053988,0.0028067317528711498,21.55761443742032,-1.381233844186142,74.3504182009723,7.219491098965786,-0.25312229551226323,-0.01531830356690211,0.029981640130910328,0.21508750371382757,0.049511261995711306,25.032997258371186,121.56554636909158,85.00332633153228,1,100393.41595064684,-1.1944972910331217,0.1535235039194997,9.830509836173118,0.0048539148286610365,0.009320171026809914,-0.0033430279023785184
45.0,21.55503558591948,0.10801394743824494,77.9879660608175,6.88268122712618,0.024448319463699315,1.4447896336515587,-0.0010642989620413721,0.2098862438058542,0.0028838705320030737,22.284202625914848,-1.4069041518888181,74.34903412362031,7.3121241547862175,-0.2598861243494911,-0.011842119351248822,0.030110954357033926,0.21506964953441932,0.04966940461600025,25.032997258371186,121.56554636909158,85.00332633153228,1,100398.30906557394,-1.191665632275628,0.16965478101584267,9.847137552025655,0.0069331704961555045,0.008539059239555225,0.0001496539996828013
45.1,22.26310852129133,0.1126864145224438,77.98611352038074,6.967211541991101,0.02452424794086094,1.46736550549487,-0.001047511315572201,0.20990775555472796,0.0029602638691679384,22.79189815403929,-0.16676140573474327,74.33849977721947,7.348651240398559,0.17756631691522473,-0.007072041292319521,0.028213419545669846,0.214250456036716,0.0973694659841474,25.03300854212558,121.56561548371405,85.0469803912957,1,100391.60456314133,-1.2627801936889003,0.12007532655772853,9.818863299905429,-0.0003597793145848768,0.010023323291164477,0.008047249755706106
45.2,22.979835775624476,0.11744511519297271,77.98466812305547,7.050366580303096,0.02457796163324366,1.4891590058421726,-0.0010346089440731773,0.20992273072854117,0.003035834699724015,23.531239104805294,-0.14907715111756992,74.33791339987619,7.438312592534782,0.1763930796453349,-0.0043039079480994905,0.028406797109582244,0.2142369245790059,0.09778964249782804,25.03300854212558,121.56561548371405,85.0469803912957,1,100396.2632566949,-1.2349359341235,0.13974284108366727,9.848907680740743,0.0005272513262562662,0.00942461087683443,0.0065180292585068685
45.300000000000004,23.705067676390996,0.12228879777128708,77.98358738537576,7.132161890382269,0.02461559574579826,1.510196870702218,-0.0010248299517316567,0.20993173619745154,0.003110543558362354,24.284880046256735,-0.1308948764801462,74.27290408841112,7.528713186540161,0.1757800904987661,-0.010194640982114771,0.028895604107938774,0.2143248115342109,0.09836285542588195,25.03300854212558,121.56561548371405,85.0469803912957,1,100409.00964318389,-1.2876839615950768,0.11866956080051905,9.802595065182931,0.0029094597679374845,0.010027876658349404,-0.004753644710964301
45.400000000000006,24.438657056894144,0.12721648922057852,77.9828329787048,7.212614001405571,0.024641229956587955,1.530530022648222,-0.0010171808652334824,0.20993436733228665,0.003184272877606399,25.04205295533542,-0.11331370186408785,74.2719828063759,7.614006169274622,0.17548282294462542,-0.008365655761629827,0.0291188116306572,0.21426729408287293,0.09870950665527138,25.03300854212558,121.56561548371405,85.0469803912957,1,100389.77373628304,-1.250114013516288,0.13393545255243391,9.787109881463042,-0.000736510420306752,0.009976435752661,0.00018718752480368535
45.5,25.180495478848496,0.1322276057297513,77.98254194246661,7.292115078561849,0.02465492428964127,1.5583761607257847,-0.0010114316098188115,0.2095794198290608,0.003257030813547754,25.814444361852935,-0.09512959378572222,74.20288568244426,7.705257108221981,0.17459327432064403,-0.004435336359503164,0.029139939386205668,0.2139677005075351,0.09932339315287482,25.03300854212558,121.56561548371405,85.0469803912957,1,100387.69011451276,-1.2756923991333335,0.11801457926178921,10.368299281841464,0.0026049782493565744,-0.01591346691221787,-0.0005217172717227637
45.6,25.931138558510263,0.1373268772974148,77.98660430705793,7.379165001324194,0.024641772411754546,1.5730380507556725,-0.001028206206368589,0.20087888014340272,0.0033344859340921013,26.58963045292289,-0.07778975108336898,74.20545044631284,7.795612364603776,0.17220976018995343,0.05141871682659571,0.029181817147247498,0.2053504388251386,0.09930940472703584,25.03300854212558,121.56561548371405,85.0469803912957,1,100378.54564791027,-1.335220025377537,0.15027294168325173,10.22844382177627,0.00030402233682254515,-0.12106979200968865,-0.006852605738547793
45.7,26.689539888797206,0.14251396543885386,77.99557728637065,7.46220946263895,0.02455186881400959,1.513898963438852,-0.0011746409421764044,0.1848429145213939,0.003414260684749608,27.36833958657569,-0.061185075648805806,74.25383989573803,7.865237280423679,0.16893297230260063,0.10185711752246884,0.029057734836670818,0.18934503537590497,0.0986863609416837,25.03300854212558,121.56561548371405,85.0469803912957,1,100387.75116159194,-1.306045597660084,0.13395271608371545,10.198162901701563,-0.004538213532367547,-0.16922664813503582,-0.00022542992688029257
45.800000000000004,27.453676081089178,0.14779783796500195,78.00927238036324,7.527590227735101,0.024569095146971434,1.4349149467470417,-0.001406087731171659,0.16667745821942592,0.0034955480963367886,28.157595778915933,-0.04456181199061243,74.26642243961965,7.916555782340641,0.1634899804469157,0.15062905295606466,0.02890492291005778,0.17122731178770723,0.09830404917043906,25.03300854212558,121.56561548371405,85.0469803912957,1,100378.6420419952,-1.3730505817748249,0.17032786544365766,10.267783540646375,-0.006592866663849402,-0.17078974524073912,-0.0005242769559631004
45.900000000000006,28.22152910497036,0.15319632833465743,78.0282848412798,7.570656351450303,0.024843990667774467,1.3670086343658951,-0.0016470770168986256,0.14989926876158055,0.0035759406637332464,28.950868249118347,-0.02852819657447308,74.28502440485265,7.9487451778254625,0.15691527245762277,0.2053652318439085,0.028569980782633946,0.15447037902288585,0.09802310896071517,25.03300854212558,121.56561548371405,85.0469803912957,1,100364.44146622917,-1.3837991013175812,0.15884561510733913,10.364719731776924,-0.0066193638600804214,-0.14190767316089895,-0.005371106675104073
46.0,28.99132455761156,0.15872694155758166,78.05316155573013,7.592699896109616,0.025441333375495333,1.3250932654403509,-0.001819583526865343,0.13647777571611597,0.0036499613926992114,29.746717950305204,-0.013201229149059808,74.30853956891067,7.965248333340233,0.14885431517766412,0.26429786557629287,0.028347990404236786,0.14103869968894567,0.09790311566288933,25.03300854212558,121.56561548371405,85.0469803912957,1,100400.56764930444,-1.3587647802147054,0.14575715115498294,10.26289355813885,9.81227525666625e-07,-0.10716230625728276,0.0005289780872838527
46.1,29.761664888229763,0.16439880424435496,78.08398076121054,7.597899181516418,0.02635361377335117,1.311037838744212,-0.0018451950188916612,0.12719037919045229,0.0037121266873683246,31.33487041951724,0.39089586052756753,74.17699959109258,8.215434833035593,0.26256881964185264,0.28558528288053237,0.028824649806866408,0.13599941711909347,0.11471946299931723,25.033006337256975,121.56571118530283,83.61406357835676,1,100387.67224440895,-1.3963225181397338,0.10175624818896284,10.260672308659235,0.004055477245197337,-0.06356523022217475,0.00598295780616568
46.2,30.531584309981994,0.17020608446898405,78.12027573283368,7.59134771471542,0.027476896303771807,1.3199234103647783,-0.0016892646165376076,0.12197804341466001,0.0037584655971959306,32.15651214285507,0.41657803707159385,74.20810496897398,8.217174660727567,0.2513232334883378,0.33443129041659236,0.02909008733235207,0.13079454567790827,0.11488144977300782,25.033006337256975,121.56571118530283,83.61406357835676,1,100393.94624528132,-1.3291946142161133,0.15849346526905395,10.190626004389083,-0.003386669750107866,-0.023754265584062163,0.003704512750812767
46.300000000000004,31.300531922738944,0.17612646718069777,78.16107197489309,7.578037324275799,0.028650667701026235,1.3433448584674152,-0.0013705683744950092,0.12023265125066529,0.003788370545263217,32.98246214858519,0.44148885641962543,74.19680733950803,8.217340636047801,0.24078954082713092,0.3659529611642393,0.02928825991574694,0.12907131920867632,0.11506719521727743,25.033006337256975,121.56571118530283,83.61406357835676,1,100391.25935220301,-1.3690168676672745,0.15191610155005886,10.031960948892651,0.0011043861011108794,0.007296000620510294,0.004812770990743852
46.400000000000006,32.06830379160405,0.18212371511769923,78.20502842521108,7.5622495718063165,0.02969665845621173,1.3723288543441519,-0.0009372607198904702,0.12106434663753274,0.0038038970327671537,33.80398597462182,0.4650550348484825,74.2347667147801,8.213415755100012,0.22987758944100806,0.3906029591473408,0.029846866060557843,0.12990836023454677,0.11520616990553495,25.033006337256975,121.56571118530283,83.61406357835676,1,100393.70017027465,-1.333903144374157,0.15346144815535642,9.882373018605728,0.0024582841053803223,0.026729784215816038,-0.0007283927268753363
46.5,32.83495140070484,0.18815274164481247,78.25066734387362,7.547324377429274,0.030455887130737224,1.398916392394742,-0.00045304878045584096,0.12347176051560371,0.0038079572866804405,34.63027384526142,0.4878236445337666,74.2265960497735,8.215483607857315,0.21921597809696863,0.39247964334350566,0.030469918969657533,0.13242159794445452,0.11580810259073845,25.033006337256975,121.56571118530283,83.61406357835676,1,100405.27910572464,-1.294274739256193,0.12801922639709934,9.724620563914627,0.008368375522517272,0.03762156200831719,-0.00029719957201280507
46.6,33.6006790505858,0.19416616400478787,78.29656000460187,7.535512125457056,0.030805498185879653,1.4172918412127555,5.076420879505635e-06,0.12650179608935153,0.0038028205205279343,35.45188060541915,0.5092132185297714,74.26565707058727,8.21659657311193,0.20818345618219705,0.386660559378048,0.03106631655708581,0.13549447119364366,0.11616154475317614,25.033006337256975,121.56571118530283,83.61406357835676,1,100395.44875307422,-1.2911585545166295,0.12551538945603355,9.62181704408427,0.008497393336110222,0.040240314304884596,0.006153882231965236
46.7,34.36574873022614,0.20012110456012572,78.34146022038252,7.527917481271634,0.030698930810270808,1.4237804674012742,0.0003710215869158365,0.1293850172813833,0.0037898198071738267,36.28031084995803,0.5298839296492802,74.24777108418124,8.223600064040781,0.19752551930570933,0.36356873147472213,0.031578405112121594,0.13846784393783218,0.11660840176722945,25.033006337256975,121.56571118530283,83.61406357835676,1,100388.78451562907,-1.3132425725147485,0.1518811357976449,9.522640749477132,0.0007959746877652496,0.03714298747711499,-0.0035899355987637407
46.800000000000004,35.130406403495996,0.20598477328623263,78.38438834155554,7.524583602481717,0.030176978533256717,1.417278118564508,0.0006051175662215413,0.13161279889194866,0.0037698587468568186,37.102929539401075,0.5490709878483848,74.28294204310922,8.228574393125557,0.1859490617663599,0.3388933254212554,0.03202906143871596,0.14075890980727856,0.11686443244382166,25.033006337256975,121.56571118530283,83.61406357835676,1,100378.28584714903,-1.3361847952419177,0.148043536113648,9.458315556935752,0.0015655903088483147,0.02674932630300675,0.0012766672419545811
46.900000000000006,35.894835565168734,0.21173787292331311,78.42466069729605,7.524741857713886,0.02934091721112363,1.3990062875892055,0.0006873032040537385,0.13296678720065658,0.003744061951993112,37.92596474853016,0.5671116050036588,74.31667227455563,8.2350274583086,0.17482520789763675,0.30882123408675477,0.03238954364980952,0.14217097087711617,0.11744803614829195,25.033006337256975,121.56571118530283,83.61406357835676,1,100381.45189761398,-1.3124970045150666,0.1549588597995923,9.426225916203068,-0.0037845885947737135,0.017981732361751802,0.009443641193750968
47.0,36.659140332102545,0.2173753825954598,78.46188454530447,7.5271741905702045,0.028344190301973278,1.3717962345810366,0.00063026343541522,0.1334779847114047,0.003713949595131095,38.749835656281576,0.5840213692718882,74.34597467284917,8.242719569404523,0.16328396106219248,0.2764763832473054,0.032386100449725466,0.14269757866509636,0.11769865874210551,25.033006337256975,121.56571118530283,83.61406357835676,1,100386.06939575534,-1.2636416301005253,0.1680378035018999,9.422957669081224,0.0035947043112597426,0.010271355379204037,0.003337370016662792
47.1,37.42335202402468,0.2229048735660118,78.49592164797711,7.530622817705966,0.027351880054872508,1.33913708132445,0.0004716836159783357,0.13333349677558148,0.0036811802767613795,37.18026605712531,0.28479106249009745,75.2362452763967,7.244304091859496,0.04742718122560605,0.4173074775986606,0.029381573840032323,0.12170454624829197,0.08642179470006112,25.033004599531782,121.5657687512968,91.53061143369925,1,100406.50894137751,-1.2968545881725677,0.12250340387132758,9.419456022515133,0.0018493709782855976,0.005958436471152963,0.0003148843937084995
47.2,38.18744742098061,0.22834292842225956,78.52681301334472,7.53406363714834,0.026496673611427705,1.3043006469582346,0.000253856573679114,0.1327884661780152,0.003647052923223552,37.90408500717646,0.28902805051211633,75.276326415249,7.23177646910908,0.037429181191627,0.38522082573060706,0.029278026366499576,0.1210591475710745,0.08676153206730888,25.033004599531782,121.5657687512968,91.53061143369925,1,100385.32241759714,-1.2864010232669099,0.14444493407563472,9.42077777692711,-0.0016081168024277156,0.0026323027275024884,4.1302766463182885e-05
47.300000000000004,38.951372543409136,0.2337110789778885,78.55471115228417,7.536823109763771,0.025868707315799173,1.27003783526886,2.2658482212912666e-05,0.13208951185598705,0.003612365113365104,38.62924658165985,0.29243414559864245,75.2551106608427,7.220452840515293,0.028330712658489965,0.34645902360465153,0.02904848327540903,0.1203118950701767,0.08701764339853273,25.033004599531782,121.5657687512968,91.53061143369925,1,100376.40203840527,-1.2967660213147263,0.15973730726212068,9.453900782103366,-0.0017195326078683789,0.001535150155151827,0.0034745816964955123
47.400000000000006,39.71506533815624,0.2390316995805015,78.57983265434335,7.538603023930906,0.025501776819624605,1.2381624063766192,-0.00018916252431871072,0.13142674841216317,0.0035772646238341112,39.350624180667005,0.29484259421552356,75.2884500549358,7.206921060015349,0.019810609001437284,0.320650037972452,0.0289277614217404,0.11954162360246778,0.08718898366831106,25.033004599531782,121.5657687512968,91.53061143369925,1,100386.31776952978,-1.255114981711848,0.17692002311569557,9.466537870611761,-0.001511081226313804,0.003253060577911934,-0.0010954547622642275
47.5,40.4784713333965,0.2443248796331127,78.60240736242652,7.539389140673061,0.02539113080799941,1.2096528177219197,-0.00035474043013613275,0.1309185975098328,0.003541557885447651,40.07375267727015,0.2964224227335524,75.25627809715859,7.193410125354294,0.009292260194397923,0.28734902205864765,0.028926404410132875,0.11890114151269704,0.08764460750932025,25.033004599531782,121.5657687512968,91.53061143369925,1,100364.49214735288,-1.3134447139185,0.1315896276198084,9.49069624508808,-0.0055086731301102155,0.004592403127102311,0.006643526599887
47.6,41.241553574858806,0.2496060944676878,78.62265797043491,7.539355326610495,0.02549588275209507,1.184739314168368,-0.00046106397905605417,0.13061376278023906,0.003504867040514872,40.79237895978192,0.29685692945667164,75.28380491718609,7.178802481830069,-0.0006188082763910045,0.2639831997524157,0.028847635745155652,0.11850701006672582,0.08787064714668637,25.033004599531782,121.5657687512968,91.53061143369925,1,100380.51284751811,-1.3229273376362358,0.14933089507882014,9.515878353298916,0.005581637746934562,0.005519078543587923,-0.007941452602503509
47.7,42.00429563322025,0.254885118894378,78.64078360024307,7.5387591851454046,0.025753928770077327,1.1631737177717396,-0.0005096490949759137,0.1305074468066263,0.0034668010301729018,41.51194340309246,0.29634556302552445,75.26486088433889,7.164828423588273,-0.010968328987696278,0.23779547352429517,0.028942650301928118,0.11833886841990204,0.08819992201946651,25.033004599531782,121.5657687512968,91.53061143369925,1,100378.99683023414,-1.324823327108457,0.16171742201968353,9.52251342795066,0.0019683486861058596,0.009712009743911948,0.001897308852255706
47.800000000000004,42.76670009839564,0.2601661513310419,78.65695625051869,7.537862807252107,0.026101493940705434,1.1444448882831244,-0.0005070591731760807,0.130562356017776,0.0034271483242780294,42.2276802408712,0.29470476057726397,75.28769835135448,7.149883619927044,-0.022099577150405142,0.21929188597703106,0.028974682030884567,0.11830544115024644,0.08825446029676245,25.033004599531782,121.5657687512968,91.53061143369925,1,100383.38426378496,-1.2994905241836152,0.17017612561000775,9.52529365063456,0.002418912674806726,0.011593523567332571,0.0018352127684610026
47.900000000000006,43.528784474634556,0.2654485318961209,78.67132487928934,7.536885073100852,0.02647787805384023,1.1279749429477017,-0.0004668670336632828,0.13072633247628396,0.0033858106497146887,42.94587729334834,0.2921147325823037,75.24326874077455,7.136292255899275,-0.032170724748809276,0.1921239554391824,0.02927911309915817,0.11841304803084807,0.08845323808854288,25.033004599531782,121.5657687512968,91.53061143369925,1,100387.19817163266,-1.2783061464824703,0.12345668111164854,9.509088042336197,-0.002929944558173081,0.011203334032944403,-0.00672837558814878
48.0,44.29057586870452,0.2707280341411677,78.68402126635289,7.535980414858608,0.026836158253543425,1.1132236949615342,-0.0004030456339080095,0.13094740351176104,0.003342826908800494,43.65875658722231,0.2883631462375587,75.26153376324476,7.121565545256332,-0.04279431322234015,0.17367823808868546,0.029557303217642036,0.11855295125511689,0.0884597885120413,25.033004599531782,121.5657687512968,91.53061143369925,1,100368.1980585814,-1.344584907738952,0.120095543555997,9.559403010319246,-0.0056449531692589,0.010687355493168918,0.0041891492861981855
48.1,45.052105281729816,0.27599821288108184,78.69515575247486,7.53524105255903,0.027144189160761202,1.0996692133031098,-0.00032884114374278576,0.1311807098027662,0.003298281050886334,43.68498104876325,0.3349481708449895,75.9658708484967,6.927050870362445,-0.03654763828288917,0.2567364005278717,0.02909871108335276,0.11603190989709833,0.08651247241312376,25.033003943759475,121.56581498967968,94.56153309119041,1,100391.74058708962,-1.2979356240601359,0.14827669772629223,9.587555444417323,0.00015400748777458418,0.011449581153632494,0.0012859051913103976
48.2,45.81340533974297,0.2812518126280234,78.70485554750209,7.534667621908558,0.02738289156946038,1.087419711800426,-0.00025931802587357794,0.1314000768367798,0.003252360302512574,44.37686454302927,0.33073924011414746,75.99089927308378,6.910397653806762,-0.046878486919209116,0.24371415515048428,0.02934320495432375,0.11610958787553027,0.08709969311406876,25.033003943759475,121.56581498967968,94.56153309119041,1,100389.80914385903,-1.3061547059794543,0.18193383462569282,9.555365246524389,0.007658527100612499,0.009743910076416198,0.003148445017019156
48.300000000000004,46.57450670409436,0.2864820066880992,78.71324539996525,7.534263822717482,0.027552425080619097,1.0761459288086757,-0.000199179155124424,0.13158818883324996,0.003205302908980403,45.07062886588883,0.3255316916202099,75.94131546102831,6.895358084613058,-0.057042967795459254,0.22149670126075222,0.0295403448169261,0.11621011590667374,0.08766395505458816,25.033003943759475,121.56581498967968,94.56153309119041,1,100362.70453271695,-1.3123225376733516,0.15379508916163867,9.595973220559852,0.0035385686333328356,0.011000450641051868,-0.0039714433400622594
48.400000000000006,47.33543598033504,0.29168292371894344,78.72044193206787,7.533997610917952,0.027659704465680203,1.0657643644280672,-0.00015266853700443626,0.1317391318539014,0.003157263951722781,45.75929913181065,0.3192388486258996,75.96286327013893,6.878132306596397,-0.06859716994412278,0.20909737802166686,0.029640963924003137,0.11629867564476948,0.08779995256926823,25.033003943759475,121.56581498967968,94.56153309119041,1,100379.64798219799,-1.3262473485505555,0.1628950093143524,9.633042151844647,0.004890665846958803,0.011051984694915314,-0.005385581805352773
48.5,48.17228616822643,0.2973647996995933,78.72711687295937,7.533814928668773,0.027720874385929146,1.0553641328194832,-0.00011921941013172074,0.13186418664368893,0.0031034534505040914,46.44985822112696,0.3116598753993783,75.91616170447487,6.863114937241534,-0.08098867764936594,0.1894230524785343,0.02993246896384074,0.11624349202401718,0.08802949623507458,25.033003943759475,121.56581498967968,94.56153309119041,1,100380.68009549173,-1.323152387934422,0.14929672528968754,9.616503953060517,0.0006177556906854804,0.009700860422989725,0.00018755058923590739
48.6,48.85686429694767,0.3019804403918874,78.73171011315557,7.533714213011409,0.027740551665037073,1.047673218221999,-0.00010429512839071529,0.13194040334060908,0.0030587813851050043,47.13530222853536,0.3030313547029546,75.93464094048969,6.845721831757336,-0.09191886112370978,0.1805609864353134,0.030074177655326814,0.11616132172707272,0.08835413973541627,25.033003943759475,121.56581498967968,94.56153309119041,1,100377.68781773765,-1.3419367754125922,0.14047062426060256,9.625323815518255,0.007703771717780238,0.007291290605968637,0.005732290907046407
48.7,49.61739750198545,0.3070723872240532,78.7360045781912,7.533624011075278,0.02774503479559909,1.0400117547922099,-9.787466241800691e-05,0.13200578932497797,0.0030085766364463945,47.82254653507062,0.2930901414089601,75.89171239528238,6.830973583547266,-0.10389214554570438,0.16256868839723054,0.030254092118975902,0.11603407119074394,0.08890708256798596,25.033003943759475,121.56581498967968,94.56153309119041,1,100370.83058084981,-1.3000584154400998,0.1500362258993608,9.655530290416726,-0.002414227968143963,0.00837565799604394,0.007092160219813876
48.800000000000004,50.37782846168122,0.31212532455793596,78.73954840361733,7.533533406385585,0.027742594019574594,1.0333128837143275,-9.961680915052855e-05,0.1320584720032587,0.0029578276731469662,48.50480899896849,0.282110173921787,75.90758336871205,6.814530665833054,-0.11556771434635545,0.15477520530082714,0.030541763311478995,0.11592831064462583,0.08948268660920047,25.033003943759475,121.56581498967968,94.56153309119041,1,100370.11000919962,-1.3179692225789637,0.14972512590289364,9.632006455834048,-0.0033158673186156505,0.008756697181393583,-0.00538226606491604
48.900000000000006,51.13816880225452,0.317139429375874,78.74244105250752,7.533436100027709,0.02774302051095915,1.0274989435657715,-0.00010546286502837983,0.1321042340158891,0.002906587669943173,49.1876631986831,0.26981667271566806,75.88784258773565,6.7996735064210165,-0.12866996906368552,0.14362950649352205,0.03067900619076586,0.11589435620543509,0.08951062947552282,25.033003943759475,121.56581498967968,94.56153309119041,1,100375.09795757497,-1.2743943395452053,0.13494583876361838,9.624406838321997,0.0032935855800489567,0.011601041036088743,-0.00902039309714693
49.0,51.89842880103023,0.3221152570097675,78.74477047749932,7.5333298674722515,0.02775191262231571,1.0225053138069906,-0.00011243054278054767,0.1321469480739066,0.0028548612784312453,49.86686634983511,0.2563386986854717,75.90191970955833,6.784318030876206,-0.1408889128422973,0.13826120707751,0.030997133979161,0.11577769292676243,0.08973991457368631,25.033003943759475,121.56581498967968,94.56153309119041,1,100386.81241125036,-1.3247373534466165,0.10894946288114196,9.712983251155725,0.0008969205186251904,0.009161206832718169,-0.0018830065159839964
49.1,52.658617937750485,0.3270534664689707,78.74661593057117,7.533216746768936,0.027771405993615144,1.0182642738589824,-0.00011852938132661485,0.13218860970117374,0.002802645804100238,51.98014379290751,0.5060177066743217,75.89369574986122,7.158752243549006,-0.09369384871945895,0.12830319502508247,0.03105722084010576,0.1222180362016243,0.09525544754625906,25.03300867995068,121.56593143029622,86.98486496392071,1,100376.81386880795,-1.3202386752277193,0.1366008746743719,9.681868709560966,0.007627213186093931,0.008337911722954455,-0.004589868161569681
49.2,53.41874509728816,0.33195461778356405,78.74804830095367,7.533101820048529,0.027801238157957608,1.0146947852226826,-0.00012238937752643815,0.13222980246230343,0.002749937378576351,52.695477565597265,0.49597723361787677,75.9064043805977,7.147462464715083,-0.10712881228599051,0.12589103333217178,0.031172803541821004,0.12214464903498468,0.09564238130368208,25.03300867995068,121.56593143029622,86.98486496392071,1,100381.62457644244,-1.3140959788854636,0.15389440828577416,9.700735067259687,-0.0028596249072796428,0.009911172604076798,0.0012005440220890689
49.300000000000004,54.17881859815591,0.3368190382570062,78.74913001286369,7.532990125267945,0.027839480040971802,1.0117163896000794,-0.00012333433729568065,0.13227024642193763,0.0026967302410959345,53.41175747031603,0.4844112557160548,75.87359342213134,7.137146591591514,-0.11959180460096946,0.1165143896230496,0.031067243270836216,0.12210740474213555,0.09578974992399603,25.03300867995068,121.56593143029622,86.98486496392071,1,100387.43372398362,-1.3014270692055028,0.18700726508860396,9.717046009393627,-0.006235873029183098,0.009198210271753979,-0.00493234840981279
49.400000000000006,54.9388462164313,0.3416467660403579,78.74991613330138,7.532886420832156,0.027883228354677353,1.0092471040955533,-0.00012135975929249295,0.13230909534576063,0.0026430208009185167,54.12492775921079,0.47189194542288987,75.88510226842813,7.12645692812099,-0.13080225384745112,0.11383154691167098,0.03109905596114975,0.12209430615614836,0.09594376516157391,25.03300867995068,121.56593143029622,86.98486496392071,1,100384.97660262926,-1.37157653487768,0.11167831147940696,9.719753250944521,-0.002241563981118785,0.009535890340707025,0.005820390054371396
49.5,55.69883510711797,0.34643755162285667,78.75045472662914,7.532793747819236,0.02792935664328376,1.0072178771290634,-0.00011692034237130206,0.132345428032542,0.002588807151757717,54.839730706726655,0.4578315265119657,75.84276304027144,7.117069292521861,-0.14327065681028675,0.10429173101954159,0.03141197831422344,0.12201608884133375,0.09625237747386675,25.03300867995068,121.56593143029622,86.98486496392071,1,100372.63722962185,-1.300593228638818,0.15099146522791956,9.68172708006175,0.0022553930495146355,0.008119467733748827,-0.0022916024007260346
49.6,56.458791766209,0.35119090353663124,78.75078784448567,7.53271359448747,0.02797506558799497,1.0055651714807614,-0.0001106259170857661,0.13237855376973595,0.002534095979016219,55.55087221493059,0.4429037970188016,75.85308058592227,7.106102423778638,-0.15607287926056887,0.10247485766656414,0.03160501316884299,0.1220587879933106,0.09624264485961326,25.03300867995068,121.56593143029622,86.98486496392071,1,100380.23642338744,-1.3331299870375115,0.13092241690061232,9.750604176534237,-0.0038479552624641243,0.009778524592040734,0.0014367377966739785
49.7,57.21872199305125,0.35590614864792264,78.75095207569149,7.5326462826754295,0.028018158101245923,1.0042305129509315,-0.00010315387332742983,0.13240797058593468,0.002478893594932174,56.26452966011261,0.42609806924287796,75.7966543599788,7.097358621783122,-0.1683682886524312,0.09149784765114602,0.03171713733015254,0.12206343387124985,0.0965165711642711,25.03300867995068,121.56593143029622,86.98486496392071,1,100376.84380735682,-1.2958842615845498,0.1385775834846726,9.70526513390816,-0.006025140687813763,0.009342576375723673,0.0009088304510561713
49.800000000000004,57.97863088251128,0.36058250498262173,78.75097923177945,7.532590986413342,0.028057132089105135,1.003168463601971,-9.519124335385042e-05,0.13243346538283585,0.0024232095762136818,56.97374679278181,0.408603245031525,75.80573231357864,7.087286458565006,-0.181512081898448,0.08964623315398529,0.03186740623333788,0.1220336758725793,0.0966097144369346,25.03300867995068,121.56593143029622,86.98486496392071,1,100361.3710880106,-1.3171923107058214,0.13679353481137285,9.68517200048539,0.002071957345981531,0.011363192836983508,-0.0046620771876469975
49.900000000000006,58.73852283901816,0.3652191473751962,78.7508968504713,7.532546245005847,0.028091203141447734,1.002339124663968,-8.730665296223647e-05,0.13245514286177573,0.0023670543401886237,57.682070026615456,0.38974669411926066,75.81211934433756,7.0761702711972125,-0.1951486509680002,0.08782006341268189,0.032154837790302655,0.12197533509392455,0.09671872683101193,25.03300867995068,121.56593143029622,86.98486496392071,1,100379.25301244152,-1.368169697708911,0.1260906393741668,9.696874373998233,0.004917336565845699,0.010385464749810648,-0.0030113823600424017
