event,start_stamp_s,end_stamp_s,frame_dt_s,imu_state_stamp_s,tracks,inliers,inlier_ratio,rotation_accepted,rotation_nis,rotation_reason,rotation_innovation_deg,visual_relative_rotation_body,predicted_relative_rotation_body,gt_rotation_error_deg,gt_rotation_error_if_inverse_deg,direction_accepted,direction_nis,direction_reason,direction_innovation_deg,visual_direction_world,gt_direction_error_deg
visual_span,2.0,2.04,0.040000000000000036,2.02,28,0,0.0,False,,disabled_or_unavailable,,null,"[[0.9999999999279022, -6.697705335402844e-06, -9.966775266726414e-06], [6.697781007934334e-06, 0.9999999999487472, 7.592464949325325e-06], [9.966724414122588e-06, -7.5925317040560155e-06, 0.9999999999215091]]",nan,nan,False,,disabled_or_unavailable,,null,nan
visual_span,2.04,2.08,0.040000000000000036,2.08,28,0,0.0,False,,disabled_or_unavailable,,null,"[[0.9999999981631925, 7.813744710855277e-06, -6.0104583883002066e-05], [-7.816244604109192e-06, 0.9999999991044951, -4.159226689084938e-05], [6.010425883782267e-05, 4.159273660658183e-05, 0.9999999973287615]]",nan,nan,False,,disabled_or_unavailable,,null,nan
visual_span,2.08,2.12,0.040000000000000036,2.12,28,0,0.0,False,,disabled_or_unavailable,,null,"[[0.999999999855172, -4.185348942094438e-06, -1.6496649262749645e-05], [4.185792664272564e-06, 0.9999999996294947, 2.689777272538315e-05], [1.6496536680072923e-05, -2.6897841773041062e-05, 0.9999999995021854]]",nan,nan,False,,disabled_or_unavailable,,null,nan
visual_span,2.12,2.2,0.08000000000000007,2.2,28,0,0.0,False,,disabled_or_unavailable,,null,"[[0.9999999988033028, 3.7322854879456686e-05, -3.162908456621013e-05], [-3.732250992410174e-05, 0.999999999244036, 1.0906790654354102e-05], [3.162949161486448e-05, -1.0905610164479362e-05, 0.9999999994403215]]",nan,nan,False,,disabled_or_unavailable,,null,nan
visual_span,2.2,2.24,0.040000000000000036,2.24,28,0,0.0,False,,disabled_or_unavailable,,null,"[[0.9999999997827868, 3.6772960255024445e-06, -2.0515943263580755e-05], [-3.677801423775792e-06, 0.9999999996898092, -2.4634432287617965e-05], [2.051585266911696e-05, 2.4634507735832387e-05, 0.9999999994861204]]",nan,nan,False,,disabled_or_unavailable,,null,nan
visual_span,2.24,2.2800000000000002,0.040000000000000036,2.2800000000000002,28,0,0.0,False,,disabled_or_unavailable,,null,"[[0.9999999997707409, 2.1078148033300235e-05, -3.772227707560485e-06], [-2.1078323636838713e-05, 0.9999999986940425, -4.65576966341222e-05], [3.7712463526123726e-06, 4.6557776135684884e-05, 0.9999999989090755]]",nan,nan,False,,disabled_or_unavailable,,null,nan
visual_span,2.2800000000000002,2.32,0.03999999999999959,2.32,28,0,0.0,False,,disabled_or_unavailable,,null,"[[0.9999999975994979, 6.431606125331359e-07, -6.928629676769631e-05], [-6.467325167014693e-07, 0.9999999986709448, -5.155281256584641e-05], [6.928626351887248e-05, 5.155285725179485e-05, 0.9999999962708584]]",nan,nan,False,,disabled_or_unavailable,,null,nan
visual_span,2.32,2.4,0.08000000000000007,2.4,28,0,0.0,False,,disabled_or_unavailable,,null,"[[0.9999999990902857, 1.560640210559206e-05, -3.969721311307499e-05], [-1.5610926792474194e-05, 0.9999999933821777, -0.00011398220696640915], [3.969543399821108e-05, 0.00011398282657300567, 0.9999999927160939]]",nan,nan,False,,disabled_or_unavailable,,null,nan
visual_span,2.4,2.44,0.040000000000000036,2.44,28,0,0.0,False,,disabled_or_unavailable,,null,"[[0.9999999999786248, 2.6009841637384747e-06, 5.998769322951469e-06], [-2.6009952527412892e-06, 0.9999999999949089, 1.848539235706115e-06], [-5.99876451489965e-06, -1.8485548384371332e-06, 0.9999999999802989]]",nan,nan,False,,disabled_or_unavailable,,null,nan
visual_span,2.44,2.48,0.040000000000000036,2.48,28,0,0.0,False,,disabled_or_unavailable,,null,"[[0.9999999998846829, -1.5024792369570562e-05, 2.2113251785562423e-06], [1.5024811314519572e-05, 0.9999999998504269, -8.567470710301858e-06], [-2.211196453756932e-06, 8.567503934057446e-06, 0.9999999999608543]]",nan,nan,False,,disabled_or_unavailable,,null,nan
visual_span,2.48,2.52,0.040000000000000036,2.52,28,0,0.0,False,,disabled_or_unavailable,,null,"[[0.999999999733117, 1.1732496792963123e-05, 1.990262142498256e-05], [-1.1732021290945178e-05, 0.9999999996457809, -2.3891375060213442e-05], [-1.9902901723413945e-05, 2.389114155585894e-05, 0.9999999995165438]]",nan,nan,False,,disabled_or_unavailable,,null,nan
visual_span,2.52,2.56,0.040000000000000036,2.56,28,0,0.0,False,,disabled_or_unavailable,,null,"[[0.999999999524192, 5.974848841739509e-06, -3.0264118918892532e-05], [-5.9749715513410665e-06, 0.9999999999739302, -4.054534503760335e-06], [3.026409469287277e-05, 4.054715329080722e-06, 0.9999999995338219]]",nan,nan,False,,disabled_or_unavailable,,null,nan
visual_span,2.56,2.6,0.040000000000000036,2.6,28,0,0.0,False,,disabled_or_unavailable,,null,"[[0.9999999988345311, -1.8394789925401122e-05, -4.463821417101886e-05], [1.839323172389947e-05, 0.9999999992215779, -3.490750354647474e-05], [4.4638856252466034e-05, 3.4906682464774134e-05, 0.9999999983944483]]",nan,nan,False,,disabled_or_unavailable,,null,nan
visual_span,2.6,2.64,0.040000000000000036,2.64,28,0,0.0,False,,disabled_or_unavailable,,null,"[[0.9999999997800773, 1.7947197066480697e-05, -1.0850999869749194e-05], [-1.7947123493441225e-05, 0.9999999998159641, 6.780359820021524e-06], [1.0851121556206088e-05, -6.780165074295676e-06, 0.9999999999181416]]",nan,nan,False,,disabled_or_unavailable,,null,nan
visual_span,2.64,2.68,0.040000000000000036,2.68,28,0,0.0,False,,disabled_or_unavailable,,null,"[[0.9999999998545368, -4.821429204865615e-08, 1.7056499089194947e-05], [4.8734146206517967e-08, 0.9999999995355335, -3.047836314170917e-05], [-1.705649761178007e-05, 3.047836396850961e-05, 0.9999999993900727]]",nan,nan,False,,disabled_or_unavailable,,null,nan
visual_span,2.68,2.72,0.040000000000000036,2.72,28,0,0.0,False,,disabled_or_unavailable,,null,"[[0.9999999999441072, 1.0070996160883916e-05, -3.2188022632047235e-06], [-1.0071102387756795e-05, 0.9999999994046651, -3.300367556187057e-05], [3.21846988139858e-06, 3.3003707976913066e-05, 0.9999999994501984]]",nan,nan,False,,disabled_or_unavailable,,null,nan
visual_span,2.72,2.76,0.03999999999999959,2.76,28,0,0.0,False,,disabled_or_unavailable,,null,"[[0.9999999997041641, -5.367390650232008e-06, -2.372474065718892e-05], [5.3671410312576235e-06, 0.9999999999302459, -1.0521513865489707e-05], [2.3724797128609165e-05, 1.0521386528348025e-05, 0.9999999996632174]]",nan,nan,False,,disabled_or_unavailable,,null,nan
visual_span,2.76,2.8,0.040000000000000036,2.8,28,0,0.0,False,,disabled_or_unavailable,,null,"[[0.9999999994520701, -1.3522808994915878e-05, -3.0215782479317548e-05], [1.3523149370685697e-05, 0.999999999845116, 1.126465795756262e-05], [3.0215630144819654e-05, -1.1265066563930196e-05, 0.999999999480057]]",nan,nan,False,,disabled_or_unavailable,,null,nan
visual_span,2.8,2.84,0.040000000000000036,2.84,28,0,0.0,False,,disabled_or_unavailable,,null,"[[0.9999999998339121, -1.5597412134573142e-05, -9.428528501211292e-06], [1.5596858788950632e-05, 0.9999999981563656, -5.8685664148519375e-05], [9.429443828318645e-06, 5.868551708334476e-05, 0.999999998233548]]",nan,nan,False,,disabled_or_unavailable,,null,nan
visual_span,2.84,2.88,0.040000000000000036,2.88,28,0,0.0,False,,disabled_or_unavailable,,null,"[[0.9999999995753569, -7.121939539063492e-06, -2.825887938724833e-05], [7.121592893689171e-06, 0.9999999998994036, -1.2266858754871042e-05], [2.825896674823197e-05, 1.2266657501427377e-05, 0.99999999952548]]",nan,nan,False,,disabled_or_unavailable,,null,nan
visual_span,2.88,2.92,0.040000000000000036,2.92,28,0,0.0,False,,disabled_or_unavailable,,null,"[[0.9999999995436987, -2.2981666187369916e-05, 1.9607301259098194e-05], [2.2982149892768046e-05, 0.9999999994316114, -2.4669788435743404e-05], [-1.960673429511088e-05, 2.4670239042423066e-05, 0.999999999503478]]",nan,nan,False,,disabled_or_unavailable,,null,nan
visual_span,2.92,2.96,0.040000000000000036,2.96,28,0,0.0,False,,disabled_or_unavailable,,null,"[[0.9999999999312906, -1.1199567682568373e-05, 3.462428101620513e-06], [1.119971491531766e-05, 0.9999999990330579, -4.2525882061968974e-05], [-3.4619518267781315e-06, 4.2525920837254704e-05, 0.9999999990897804]]",nan,nan,False,,disabled_or_unavailable,,null,nan
visual_span,2.96,3.0,0.040000000000000036,3.0,28,0,0.0,False,,disabled_or_unavailable,,null,"[[0.9999999999308671, 9.023132004285088e-07, -1.1723999152656419e-05], [-9.023229020041183e-07, 0.9999999999992507, -8.274918634005934e-07], [1.17239984059908e-05, 8.275024421763248e-07, 0.9999999999309318]]",nan,nan,False,,disabled_or_unavailable,,null,nan
visual_span,3.0,3.04,0.040000000000000036,3.04,28,0,0.0,False,,disabled_or_unavailable,,null,"[[0.9999999999270419, 1.1806544811110429e-05, -2.553757286582936e-06], [-1.1806700108210106e-05, 0.9999999980807796, -6.0819757014904845e-05], [2.553039210495115e-06, 6.081978716191399e-05, 0.9999999981472177]]",nan,nan,False,,disabled_or_unavailable,,null,nan
visual_span,3.04,3.08,0.040000000000000036,3.08,28,0,0.0,False,,disabled_or_unavailable,,null,"[[0.9999999999822289, 3.193348231449733e-06, 5.034372770651185e-06], [-3.193315120613478e-06, 0.9999999999732733, -6.576947946598495e-06], [-5.034393773001726e-06, 6.576931870142924e-06, 0.9999999999656994]]",nan,nan,False,,disabled_or_unavailable,,null,nan
visual_span,3.08,3.12,0.040000000000000036,3.12,28,0,0.0,False,,disabled_or_unavailable,,null,"[[0.9999999995757655, -5.20305217327189e-06, -2.8660035095281268e-05], [5.202187129598547e-06, 0.9999999995309646, -3.0182916280434515e-05], [2.8660192125126843e-05, 3.0182767172764172e-05, 0.9999999991337971]]",nan,nan,False,,disabled_or_unavailable,,null,nan
visual_span,3.12,3.2,0.08000000000000007,3.2,28,0,0.0,False,,disabled_or_unavailable,,null,"[[0.9999999988741668, -1.808243068309345e-05, -4.3871312929016474e-05], [1.8077503694869427e-05, 0.9999999935305905, -0.00011230326299095299], [4.38733433611635e-05, 0.00011230246978069667, 0.9999999927316425]]",nan,nan,False,,disabled_or_unavailable,,null,nan
visual_span,3.2,3.32,0.11999999999999966,3.32,28,0,0.0,False,,disabled_or_unavailable,,null,"[[0.9999999974763691, -2.443420372959777e-05, -6.671005677746889e-05], [2.4431576088902917e-05, 0.9999999989257826, -3.938950482762318e-05], [6.671101915699354e-05, 3.938787489639055e-05, 0.9999999969991177]]",nan,nan,False,,disabled_or_unavailable,,null,nan
visual_span,3.32,3.4,0.08000000000000007,3.4,28,0,0.0,False,,disabled_or_unavailable,,null,"[[0.9999999990908465, 8.335211412563519e-06, -4.18190305966866e-05], [-8.33739820674652e-06, 0.9999999985980204, -5.229194119569704e-05], [4.1818594673672134e-05, 5.2292289810066346e-05, 0.9999999977583608]]",nan,nan,False,,disabled_or_unavailable,,null,nan
visual_span,3.4,3.44,0.040000000000000036,3.44,28,0,0.0,False,,disabled_or_unavailable,,null,"[[0.9999999999481366, 7.62928525024735e-06, -6.746907632700705e-06], [-7.629530910202822e-06, 0.9999999993079974, -3.6411472134556685e-05], [6.746629834524532e-06, 3.64115236084086e-05, 0.9999999993143419]]",nan,nan,False,,disabled_or_unavailable,,null,nan
visual_span,3.44,3.48,0.040000000000000036,3.48,28,0,0.0,False,,disabled_or_unavailable,,null,"[[0.9999999997971983, 8.49805457471582e-07, -2.0121656093078317e-05], [-8.504809221089315e-07, 0.9999999994361977, -3.3569053206575054e-05], [2.012162755456906e-05, 3.356907031285183e-05, 0.9999999992341188]]",nan,nan,False,,disabled_or_unavailable,,null,nan
visual_span,3.48,3.52,0.040000000000000036,3.52,28,0,0.0,False,,disabled_or_unavailable,,null,"[[0.999999999856484, 1.5753297688988623e-05, -6.234223510408365e-06], [-1.5753249869037045e-05, 0.999999999846499, 7.670529328057793e-06], [6.234344345583342e-06, -7.670431117676251e-06, 0.9999999999511487]]",nan,nan,False,,disabled_or_unavailable,,null,nan
visual_span,3.52,3.56,0.040000000000000036,3.56,28,0,0.0,False,,disabled_or_unavailable,,null,"[[0.9999999992678805, 8.40536712081435e-06, -3.733080536212788e-05], [-8.404532052873304e-06, 0.9999999997144846, 2.2369506529688245e-05], [3.733099337538405e-05, -2.2369192765360866e-05, 0.9999999990530082]]",nan,nan,False,,disabled_or_unavailable,,null,nan
visual_span,3.56,3.6,0.040000000000000036,3.6,28,0,0.0,False,,disabled_or_unavailable,,null,"[[0.999999999727295, 2.331532380985994e-05, 1.3439619353261893e-06], [-2.3315268428044616e-05, 0.9999999988797608, -4.119317170831073e-05], [-1.3449223659577645e-06, 4.119314036224386e-05, 0.9999999991506585]]",nan,nan,False,,disabled_or_unavailable,,null,nan
visual_span,3.6,3.64,0.040000000000000036,3.64,28,0,0.0,False,,disabled_or_unavailable,,null,"[[0.999999998433204, -6.304981111922451e-07, -5.597494443922787e-05], [6.274965204623995e-07, 0.9999999985620456, -5.362382824043689e-05], [5.597497816846087e-05, 5.362379303233642e-05, 0.9999999969956452]]",nan,nan,False,,disabled_or_unavailable,,null,nan
visual_span,3.64,3.68,0.040000000000000036,3.68,28,0,0.0,False,,disabled_or_unavailable,,null,"[[0.9999999996156956, -9.323894404612908e-07, -2.7708121889272848e-05], [9.306256591864243e-07, 0.9999999979735436, -6.365569453288499e-05], [2.7708181185020942e-05, 6.36556687225326e-05, 0.9999999975901065]]",nan,nan,False,,disabled_or_unavailable,,null,nan
visual_span,3.68,3.72,0.040000000000000036,3.72,28,0,0.0,False,,disabled_or_unavailable,,null,"[[0.9999999991919365, 3.029356932779415e-06, -4.008678871394629e-05], [-3.0301583993885893e-06, 0.9999999997955445, -1.99932398102919e-05], [4.008672813909069e-05, 1.9993361263455616e-05, 0.9999999989966601]]",nan,nan,False,,disabled_or_unavailable,,null,nan
visual_span,3.72,3.76,0.03999999999999959,3.76,28,0,0.0,False,,disabled_or_unavailable,,null,"[[0.9999999997108544, -8.425683005175049e-07, -2.4032928571098163e-05], [8.423449416502302e-07, 0.9999999999564574, -9.293876669529675e-06], [2.4032936400777573e-05, 9.293856422826574e-06, 0.9999999996680213]]",nan,nan,False,,disabled_or_unavailable,,null,nan
visual_span,3.76,3.8,0.040000000000000036,3.8,28,0,0.0,False,,disabled_or_unavailable,,null,"[[0.9999999998647969, -4.354033646558229e-06, -1.5857146969656596e-05], [4.354665686440542e-06, 0.9999999991961669, 3.985854420564282e-05], [1.5856973411467522e-05, -3.9858613252827605e-05, 0.999999999079924]]",nan,nan,False,,disabled_or_unavailable,,null,nan
visual_span,3.8,3.92,0.1200000000000001,3.92,28,0,0.0,False,,disabled_or_unavailable,,null,"[[0.9999999962992852, -9.094463646786526e-06, -8.554951964822417e-05], [9.092879865398202e-06, 0.9999999997872866, -1.8513407328052934e-05], [8.554968799953658e-05, 1.8512629368035388e-05, 0.9999999961692666]]",nan,nan,False,,disabled_or_unavailable,,null,nan
visual_span,3.92,3.96,0.040000000000000036,3.96,28,0,0.0,False,,disabled_or_unavailable,,null,"[[0.9999999999424409, -1.060833306510813e-05, 1.6066861036180193e-06], [1.0608394542117963e-05, 0.9999999992115087, -3.826806223240518e-05], [-1.6062801420012434e-06, 3.8268079274562595e-05, 0.9999999992664871]]",nan,nan,False,,disabled_or_unavailable,,null,nan
visual_span,3.96,4.0,0.040000000000000036,4.0,28,0,0.0,False,,disabled_or_unavailable,,null,"[[0.9999999999292337, -4.5055610720798895e-06, -1.1010579749221145e-05], [4.505331592260047e-06, 0.9999999997726631, -2.0841692228291204e-05], [1.1010673650235212e-05, 2.084164262050352e-05, 0.9999999997221957]]",nan,nan,False,,disabled_or_unavailable,,null,nan
visual_span,4.0,4.04,0.040000000000000036,4.04,28,0,0.0,False,,disabled_or_unavailable,,null,"[[0.9999999995533465, 3.3893905748650794e-06, -2.9695440444925824e-05], [-3.389090388791251e-06, 0.9999999999431625, 1.0108871612465632e-05], [2.9695474706152174e-05, -1.0108770967418665e-05, 0.9999999995079958]]",nan,nan,False,,disabled_or_unavailable,,null,nan
visual_span,4.04,4.08,0.040000000000000036,4.08,28,0,0.0,False,,disabled_or_unavailable,,null,"[[0.9999999998390569, 4.623533823816608e-06, -1.733520214714293e-05], [-4.623780667010964e-06, 0.9999999998879301, -1.4239405243422947e-05], [1.73351363088284e-05, 1.423948539530376e-05, 0.9999999997483651]]",nan,nan,False,,disabled_or_unavailable,,null,nan
visual_span,4.08,4.12,0.040000000000000036,4.12,28,0,0.0,False,,disabled_or_unavailable,,null,"[[0.9999999995054709, 1.3135234747576096e-05, -2.8574886605834e-05], [-1.3134660498297027e-05, 0.9999999997118081, 2.0096387327566754e-05], [2.857515056836407e-05, -2.0096011996194157e-05, 0.9999999993898057]]",nan,nan,False,,disabled_or_unavailable,,null,nan
visual_span,4.12,4.2,0.08000000000000007,4.2,28,0,0.0,False,,disabled_or_unavailable,,null,"[[0.999999997175912, 1.5090514713150656e-05, -7.362372394420364e-05], [-1.5091968122239504e-05, 0.9999999996912723, -1.9740527221438067e-05], [7.362342602675745e-05, 1.9741638292583887e-05, 0.9999999970949297]]",nan,nan,False,,disabled_or_unavailable,,null,nan
visual_span,4.2,4.24,0.040000000000000036,4.24,28,0,0.0,False,,disabled_or_unavailable,,null,"[[0.9999999999064066, 4.364173616265015e-06, -1.2966914136670639e-05], [-4.364401813335232e-06, 0.9999999998356237, -1.759843372904746e-05], [1.2966837331919017e-05, 1.7598490320223933e-05, 0.9999999997610772]]",nan,nan,False,,disabled_or_unavailable,,null,nan
visual_span,4.24,4.28,0.040000000000000036,4.28,28,0,0.0,False,,disabled_or_unavailable,,null,"[[0.9999999993962824, -9.555147463627556e-06, -3.340860419841718e-05], [9.555354119209973e-06, 0.9999999999352174, 6.185545240424176e-06], [3.3408545092455964e-05, -6.185864467733597e-06, 0.9999999994228023]]",nan,nan,False,,disabled_or_unavailable,,null,nan
visual_span,4.28,4.32,0.040000000000000036,4.32,28,0,0.0,False,,disabled_or_unavailable,,null,"[[0.9999999999453861, 4.9587329397875795e-06, 9.199953545680324e-06], [-4.958292426601333e-06, 0.9999999988413881, -4.788151479293367e-05], [-9.200190966665756e-06, 4.7881469174258666e-05, 0.9999999988113609]]",nan,nan,False,,disabled_or_unavailable,,null,nan
visual_span,4.32,4.36,0.040000000000000036,4.36,28,0,0.0,False,,disabled_or_unavailable,,null,"[[0.9999999997630328, 1.8804466876145927e-05, 1.0969341005922506e-05], [-1.8804315019640393e-05, 0.9999999997273753, -1.3843660698900876e-05], [-1.096960132559105e-05, 1.3843454424676548e-05, 0.9999999998440132]]",nan,nan,False,,disabled_or_unavailable,,null,nan
visual_span,4.36,4.4,0.040000000000000036,4.4,28,0,0.0,False,,disabled_or_unavailable,,null,"[[0.9999999995004943, -3.091494573946009e-05, -6.5785834243033284e-06], [3.09151562373988e-05, 0.9999999990101344, 3.199976111575997e-05], [6.577594146912845e-06, -3.1999964477710285e-05, 0.999999999466369]]",nan,nan,False,,disabled_or_unavailable,,null,nan
visual_span,4.4,4.44,0.040000000000000036,4.44,28,0,0.0,False,,disabled_or_unavailable,,null,"[[0.9999999994608243, 1.2631145542435813e-05, -3.0311806573053503e-05], [-1.2630808260128939e-05, 0.9999999998583234, 1.1127259167152478e-05], [3.0311947118789055e-05, -1.1126876298536086e-05, 0.9999999994786893]]",nan,nan,False,,disabled_or_unavailable,,null,nan
visual_span,4.44,4.52,0.07999999999999918,4.52,28,0,0.0,False,,disabled_or_unavailable,,null,"[[0.9999999981692725, 3.2959469011318715e-05, -5.07457260219079e-05], [-3.296088202521376e-05, 0.9999999990691351, -2.78443988142664e-05], [5.074480823807061e-05, 2.7846071387179585e-05, 0.9999999983247805]]",nan,nan,False,,disabled_or_unavailable,,null,nan
visual_span,4.52,4.5600000000000005,0.040000000000000924,4.5600000000000005,28,0,0.0,False,,disabled_or_unavailable,,null,"[[0.9999999999295263, -3.7492800101211316e-06, -1.1264567344272046e-05], [3.748723679616258e-06, 0.9999999987734226, -4.938726479898054e-05], [1.1264752497139849e-05, 4.9387222567749685e-05, 0.9999999987170038]]",nan,nan,False,,disabled_or_unavailable,,null,nan
visual_span,4.5600000000000005,4.72,0.15999999999999925,4.72,28,0,0.0,False,,disabled_or_unavailable,,null,"[[0.9999999889043519, 2.127249079479867e-05, -0.00014744075754935475], [-2.1277772553958096e-05, 0.99999999913204, -3.582144869712433e-05], [0.0001474399954099444, 3.5824585510566464e-05, 0.9999999884890233]]",nan,nan,False,,disabled_or_unavailable,,null,nan
visual_span,4.72,4.76,0.040000000000000036,4.76,28,0,0.0,False,,disabled_or_unavailable,,null,"[[0.9999999997697123, 1.924637436610649e-05, -9.494867466092116e-06], [-1.9246258443927787e-05, 0.9999999997402625, 1.2208870980609617e-05], [9.495102440127422e-06, -1.2208688237124921e-05, 0.9999999998803955]]",nan,nan,False,,disabled_or_unavailable,,null,nan
visual_span,4.76,4.84,0.08000000000000007,4.84,28,0,0.0,False,,disabled_or_unavailable,,null,"[[0.999999999716524, 1.3031521050343625e-05, -1.9928164009345082e-05], [-1.3031825534828783e-05, 0.9999999997983612, -1.5279050215890356e-05], [1.9927964896062268e-05, 1.5279309911915707e-05, 0.9999999996847095]]",nan,nan,False,,disabled_or_unavailable,,null,nan
visual_span,4.84,4.88,0.040000000000000036,4.88,28,0,0.0,False,,disabled_or_unavailable,,null,"[[0.9999999998703138, 1.606699163442721e-05, 1.106466603327465e-06], [-1.6067016284525856e-05, 0.9999999996226862, 2.228180877846481e-05], [-1.106108601274736e-06, -2.2281826553192097e-05, 0.9999999997511485]]",nan,nan,False,,disabled_or_unavailable,,null,nan
visual_span,4.88,4.92,0.040000000000000036,4.92,28,0,0.0,False,,disabled_or_unavailable,,null,"[[0.9999999989674833, 1.0193397378640785e-05, 4.4284628086299114e-05], [-1.0192302275085716e-05, 0.9999999996422992, -2.4728906619018118e-05], [-4.428488014203037e-05, 2.472845523116951e-05, 0.9999999987136766]]",nan,nan,False,,disabled_or_unavailable,,null,nan
visual_span,4.92,4.96,0.040000000000000036,4.96,28,0,0.0,False,,disabled_or_unavailable,,null,"[[0.999999999393127, 1.0646548829291849e-05, -3.3172230254188966e-05], [-1.0648487147271163e-05, 0.9999999982361369, -5.8432317671621625e-05], [3.31716080931544e-05, 5.8432670870228136e-05, 0.9999999977426337]]",nan,nan,False,,disabled_or_unavailable,,null,nan
visual_span,4.96,5.0,0.040000000000000036,5.0,28,0,0.0,False,,disabled_or_unavailable,,null,"[[0.9999999995132796, 1.8428162103791226e-05, -2.5176247973576647e-05], [-1.8429770257431943e-05, 0.9999999977900306, -6.387708756027333e-05], [2.517507078061363e-05, 6.387755152164916e-05, 0.999999997642937]]",nan,nan,False,,disabled_or_unavailable,,null,nan
visual_span,5.0,5.04,0.040000000000000036,5.04,28,0,0.0,False,,disabled_or_unavailable,,null,"[[0.9999999995237895, 8.766602751169116e-06, -2.959000504978794e-05], [-8.768693465268832e-06, 0.9999999974653706, -7.065670115781159e-05], [2.9589385555557476e-05, 7.065696058984802e-05, 0.9999999970660314]]",nan,nan,False,,disabled_or_unavailable,,null,nan
visual_span,5.04,5.08,0.040000000000000036,5.08,28,0,0.0,False,,disabled_or_unavailable,,null,"[[0.9999999999515686, 9.767983740767032e-06, 1.2038697163437832e-06], [-9.767946122331277e-06, 0.9999999994642007, -3.1243974857674395e-05], [-1.204174906337157e-06, 3.1243963096826674e-05, 0.9999999995111823]]",nan,nan,False,,disabled_or_unavailable,,null,nan
visual_span,5.08,5.12,0.040000000000000036,5.12,28,0,0.0,False,,disabled_or_unavailable,,null,"[[0.9999999999963611, 2.577073337098577e-06, 7.97842941623047e-07], [-2.5770577303947627e-06, 0.9999999998053728, -1.9560505970649478e-05], [-7.978933503261621e-07, 1.9560503914490978e-05, 0.9999999998083752]]",nan,nan,False,,disabled_or_unavailable,,null,nan
visual_span,5.12,5.16,0.040000000000000036,5.16,28,0,0.0,False,,disabled_or_unavailable,,null,"[[0.9999999978841972, 9.293598509020385e-06, -6.438349657062099e-05], [-9.295620868681286e-06, 0.9999999994634727, -3.141092185400839e-05], [6.438320461558099e-05, 3.141152027212339e-05, 0.9999999974340598]]",nan,nan,False,,disabled_or_unavailable,,null,nan
visual_span,5.16,5.2,0.040000000000000036,5.2,28,0,0.0,False,,disabled_or_unavailable,,null,"[[0.9999999998020647, 9.446279489479223e-06, 1.7511106973171554e-05], [-9.445857056703526e-06, 0.9999999996644132, -2.4123630560141007e-05], [-1.751133484585163e-05, 2.4123465147952713e-05, 0.999999999555706]]",nan,nan,False,,disabled_or_unavailable,,null,nan
visual_span,5.2,5.24,0.040000000000000036,5.24,28,0,0.0,False,,disabled_or_unavailable,,null,"[[0.9999999999762949, 5.783669026946038e-06, -3.736220340924849e-06], [-5.783771827754822e-06, 0.9999999996047301, -2.7515228870003993e-05], [3.7360612004710485e-06, 2.7515250478797693e-05, 0.9999999996144764]]",nan,nan,False,,disabled_or_unavailable,,null,nan
visual_span,5.24,5.28,0.040000000000000036,5.28,28,0,0.0,False,,disabled_or_unavailable,,null,"[[0.9999999987608308, -9.107628264496882e-06, -4.894271815051686e-05], [9.102563464789208e-06, 0.9999999946041583, -0.00010348346057108439], [4.894366037532011e-05, 0.00010348301493865277, 0.9999999934478919]]",nan,nan,False,,disabled_or_unavailable,,null,nan
visual_span,5.28,5.32,0.040000000000000036,5.32,28,0,0.0,False,,disabled_or_unavailable,,null,"[[0.9999999985125543, 1.9218807913378104e-06, -5.4508698149257095e-05], [-1.921621705315072e-06, 0.9999999999868576, 4.753165358650465e-06], [5.4508707283557914e-05, -4.753060606482896e-06, 0.9999999985031048]]",nan,nan,False,,disabled_or_unavailable,,null,nan
visual_span,5.32,5.36,0.040000000000000036,5.36,28,0,0.0,False,,disabled_or_unavailable,,null,"[[0.9999999996591413, 9.061719645886087e-06, -2.4486791594241795e-05], [-9.062006565661413e-06, 0.9999999998902933, -1.1717242721994418e-05], [2.448668541318686e-05, 1.171746461746669e-05, 0.9999999996315518]]",nan,nan,False,,disabled_or_unavailable,,null,nan
visual_span,5.36,5.4,0.040000000000000036,5.4,28,0,0.0,False,,disabled_or_unavailable,,null,"[[0.9999999994208792, 2.1297920177694346e-06, -3.396623726018342e-05], [-2.130549613290462e-06, 0.9999999997489883, -2.2304349344947622e-05], [3.39661897480323e-05, 2.230442169878437e-05, 0.9999999991744053]]",nan,nan,False,,disabled_or_unavailable,,null,nan
visual_span,5.4,5.44,0.040000000000000036,5.44,28,0,0.0,False,,disabled_or_unavailable,,null,"[[0.9999999997516771, -1.2013357684733042e-05, -1.877033441969504e-05], [1.2011841106436686e-05, 0.9999999966639762, -8.079457554759808e-05], [1.8771304971211798e-05, 8.079435006126036e-05, 0.9999999965599558]]",nan,nan,False,,disabled_or_unavailable,,null,nan
visual_span,5.44,5.48,0.040000000000000036,5.48,28,0,0.0,False,,disabled_or_unavailable,,null,"[[0.9999999999052106, -3.2362827989157865e-06, -1.338303620166629e-05], [3.2357016233501933e-06, 0.999999999051853, -4.3426080231316796e-05], [1.3383176728053682e-05, 4.342603692368849e-05, 0.9999999989675351]]",nan,nan,False,,disabled_or_unavailable,,null,nan
visual_span,5.48,5.52,0.03999999999999915,5.52,28,0,0.0,False,,disabled_or_unavailable,,null,"[[0.9999999988617503, 2.17038022684213e-06, -4.766329051717027e-05], [-2.1715129422159587e-06, 0.9999999997152571, -2.3764903929521866e-05], [4.76632389247209e-05, 2.376500740392369e-05, 0.9999999985817203]]",nan,nan,False,,disabled_or_unavailable,,null,nan
visual_span,5.52,5.5600000000000005,0.040000000000000924,5.5600000000000005,28,0,0.0,False,,disabled_or_unavailable,,null,"[[0.9999999996779714, -1.2982716104985694e-06, -2.5345060030019413e-05], [1.2967401473680266e-06, 0.9999999981736026, -6.042444465140454e-05], [2.534513843107033e-05, 6.0424411765989255e-05, 0.9999999978532573]]",nan,nan,False,,disabled_or_unavailable,,null,nan
visual_span,5.5600000000000005,5.6,0.03999999999999915,5.6,28,0,0.0,False,,disabled_or_unavailable,,null,"[[0.9999999996868323, -9.830444073972741e-06, -2.3015169678292388e-05], [9.83011270808316e-06, 0.9999999998480364, -1.4397785409313087e-05], [2.3015311211419173e-05, 1.4397559163092229e-05, 0.999999999631503]]",nan,nan,False,,disabled_or_unavailable,,null,nan
visual_span,5.6,5.72,0.1200000000000001,5.72,28,0,0.0,False,,disabled_or_unavailable,,null,"[[0.9999999947828302, -2.8967098262847907e-05, -9.795533129375932e-05], [2.8957350031112582e-05, 0.9999999946289126, -9.951706657689087e-05], [9.795821348827904e-05, 9.951422953087774e-05, 0.9999999902505532]]",nan,nan,False,,disabled_or_unavailable,,null,nan
visual_span,5.72,5.76,0.040000000000000036,5.76,28,0,0.0,False,,disabled_or_unavailable,,null,"[[0.9999999991693599, -1.2119417080011108e-06, -4.0740780947940484e-05], [1.2106383783324028e-06, 0.9999999994875616, -3.199079700835245e-05], [4.074081969804451e-05, 3.1990747659426636e-05, 0.9999999986583887]]",nan,nan,False,,disabled_or_unavailable,,null,nan
visual_span,5.76,5.8,0.040000000000000036,5.8,28,0,0.0,False,,disabled_or_unavailable,,null,"[[0.9999999987718825, -1.0864204591808623e-05, -4.835497915964053e-05], [1.086311120533438e-05, 0.9999999996853481, -2.2611867815462233e-05], [4.83552248043837e-05, 2.261134250217626e-05, 0.9999999985752497]]",nan,nan,False,,disabled_or_unavailable,,null,nan
visual_span,5.8,5.84,0.040000000000000036,5.84,28,0,0.0,False,,disabled_or_unavailable,,null,"[[0.999999999384816, 8.35631716902499e-06, -3.406670192384042e-05], [-8.356714961172621e-06, 0.9999999998969097, -1.1676735513108048e-05], [3.4066604345823015e-05, 1.1677020191642351e-05, 0.9999999993515569]]",nan,nan,False,,disabled_or_unavailable,,null,nan
visual_span,5.84,5.88,0.040000000000000036,5.88,28,0,0.0,False,,disabled_or_unavailable,,null,"[[0.9999999991468568, -5.730661130350803e-07, -4.130324417468059e-05], [5.713109674130233e-07, 0.999999999096961, -4.249413398480635e-05], [4.1303268489330345e-05, 4.249411035155639e-05, 0.9999999982441453]]",nan,nan,False,,disabled_or_unavailable,,null,nan
visual_span,5.88,5.92,0.040000000000000036,5.92,28,0,0.0,False,,disabled_or_unavailable,,null,"[[0.9999999984610688, -2.2351275353388255e-06, -5.5433443921688406e-05], [2.2334132197845874e-06, 0.9999999995193065, -3.092569747818322e-05], [5.5433513017919896e-05, 3.0925573624804225e-05, 0.9999999979853673]]",nan,nan,False,,disabled_or_unavailable,,null,nan
visual_span,5.92,6.0,0.08000000000000007,6.0,28,0,0.0,False,,disabled_or_unavailable,,null,"[[0.9999999987013106, -4.971964578110794e-06, -5.0721378592830166e-05], [4.970110025166215e-06, 0.9999999993192007, -3.6563596371957015e-05], [5.072156035120509e-05, 3.656334423364002e-05, 0.9999999980452225]]",nan,nan,False,,disabled_or_unavailable,,null,nan
visual_span,6.0,6.04,0.040000000000000036,6.04,28,0,0.0,False,,disabled_or_unavailable,,null,"[[0.9999999999030944, 2.619931740572403e-06, -1.3672881571186094e-05], [-2.620058992565401e-06, 0.999999999953259, -9.306879526098884e-06], [1.3672857187157928e-05, 9.306915348953308e-06, 0.9999999998632174]]",nan,nan,False,,disabled_or_unavailable,,null,nan
visual_span,6.04,6.08,0.040000000000000036,6.08,28,0,0.0,False,,disabled_or_unavailable,,null,"[[0.999999998883672, 2.0129792539050213e-06, -4.7208094100818046e-05], [-2.0169027691914852e-06, 0.9999999965442328, -8.311117121033089e-05], [4.7207926636614436e-05, 8.311126633168727e-05, 0.9999999954319646]]",nan,nan,False,,disabled_or_unavailable,,null,nan
visual_span,6.08,6.16,0.08000000000000007,6.16,28,0,0.0,False,,disabled_or_unavailable,,null,"[[0.9999999995891196, -1.2352467477440546e-05, -2.586847470330391e-05], [1.2351521809109923e-05, 0.9999999992555266, -3.655662811146152e-05], [2.5868926248605346e-05, 3.655630858141164e-05, 0.9999999989972177]]",nan,nan,False,,disabled_or_unavailable,,null,nan
visual_span,6.16,6.2,0.040000000000000036,6.2,28,0,0.0,False,,disabled_or_unavailable,,null,"[[0.9999999997794112, 1.1488823214911246e-05, -1.75836388354149e-05], [-1.1488531556424486e-05, 0.9999999997964435, 1.65869354522148e-05], [1.7583829396204725e-05, -1.6586733438366274e-05, 0.9999999997078445]]",nan,nan,False,,disabled_or_unavailable,,null,nan
visual_span,6.2,6.24,0.040000000000000036,6.24,28,0,0.0,False,,disabled_or_unavailable,,null,"[[0.99999999988726, 1.4473402409955881e-05, 4.000075887568468e-06], [-1.4473245585981386e-05, 0.9999999991268446, -3.920249842456379e-05], [-4.000643277610954e-06, 3.920244052606341e-05, 0.9999999992235817]]",nan,nan,False,,disabled_or_unavailable,,null,nan
visual_span,6.24,6.28,0.040000000000000036,6.28,28,0,0.0,False,,disabled_or_unavailable,,null,"[[0.9999999999877742, -4.712071608164346e-06, 1.4995138017648366e-06], [4.712165960751072e-06, 0.9999999980089103, -6.292833794774617e-05], [-1.499217275944577e-06, 6.292834501293469e-05, 0.9999999980188882]]",nan,nan,False,,disabled_or_unavailable,,null,nan
visual_span,6.28,6.36,0.08000000000000007,6.36,28,0,0.0,False,,disabled_or_unavailable,,null,"[[0.9999999986603586, 7.681683218779269e-06, -5.1188615511192394e-05], [-7.67819824979587e-06, 0.9999999976530258, 6.808078722027727e-05], [5.118913836609475e-05, -6.808039409273541e-05, 0.9999999963723659]]",nan,nan,False,,disabled_or_unavailable,,null,nan
visual_span,6.36,6.4,0.040000000000000036,6.4,28,0,0.0,False,,disabled_or_unavailable,,null,"[[0.9999999975902476, 9.901656953665171e-06, -6.871289702187836e-05], [-9.902861927909074e-06, 0.9999999997972103, -1.753604404171688e-05], [6.871272337205166e-05, 1.7536724453791227e-05, 0.9999999974855126]]",nan,nan,False,,disabled_or_unavailable,,null,nan
visual_span,6.4,6.44,0.040000000000000036,6.44,28,0,0.0,False,,disabled_or_unavailable,,null,"[[0.9999999997752815, -9.351562485636238e-07, 2.1179304859125566e-05], [9.359299996737053e-07, 0.9999999993322185, -3.653337677451582e-05], [-2.117927068056684e-05, 3.653339658865287e-05, 0.999999999108375]]",nan,nan,False,,disabled_or_unavailable,,null,nan
visual_span,6.44,6.48,0.040000000000000036,6.48,28,0,0.0,False,,disabled_or_unavailable,,null,"[[0.9999999992914035, 9.950109378811243e-06, -3.6306870526775313e-05], [-9.95153478424304e-06, 0.9999999991798112, -3.9259967065754046e-05], [3.6306479856030305e-05, 3.9260328347019516e-05, 0.9999999985702334]]",nan,nan,False,,disabled_or_unavailable,,null,nan
visual_span,6.48,6.5600000000000005,0.08000000000000007,6.5600000000000005,28,0,0.0,False,,disabled_or_unavailable,,null,"[[0.9999999961655128, -1.085109282536758e-05, -8.689780277159986e-05], [1.0839160254075178e-05, 0.9999999905133333, -0.00013731658953087763], [8.689929198228885e-05, 0.00013731564710512897, 0.999999986796463]]",nan,nan,False,,disabled_or_unavailable,,null,nan
visual_span,6.5600000000000005,6.6,0.03999999999999915,6.6,28,0,0.0,False,,disabled_or_unavailable,,null,"[[0.9999999993394187, -5.666881426632472e-07, 3.634338282559522e-05], [5.698923040793932e-07, 0.999999996113428, -8.81635938386981e-05], [-3.63433327230808e-05, 8.816361449227305e-05, 0.9999999954531698]]",nan,nan,False,,disabled_or_unavailable,,null,nan
visual_span,6.6,6.64,0.040000000000000036,6.64,28,0,0.0,False,,disabled_or_unavailable,,null,"[[0.9999999997663487, -3.2694412764194158e-06, 2.1368527461821544e-05], [3.2700837112309564e-06, 0.9999999995427145, -3.006456779473344e-05], [-2.1368429157711114e-05, 3.0064637664582394e-05, 0.9999999993197543]]",nan,nan,False,,disabled_or_unavailable,,null,nan
visual_span,6.64,6.68,0.040000000000000036,6.68,28,0,0.0,False,,disabled_or_unavailable,,null,"[[0.9999999989880107, -2.603524343921667e-07, -4.498789412015228e-05], [2.589030619992394e-07, 0.9999999994810006, -3.2216945206210154e-05], [4.498790248456371e-05, 3.2216933526103416e-05, 0.9999999984690788]]",nan,nan,False,,disabled_or_unavailable,,null,nan
visual_span,6.68,6.72,0.040000000000000036,6.72,28,0,0.0,False,,disabled_or_unavailable,,null,"[[0.9999999994653249, -1.0642594597058079e-05, -3.092062807409112e-05], [1.0639533382640246e-05, 0.9999999950428196, -9.900081401732438e-05], [3.0921681546340344e-05, 9.90004849833365e-05, 0.9999999946213768]]",nan,nan,False,,disabled_or_unavailable,,null,nan
visual_span,6.72,6.76,0.040000000000000036,6.76,28,0,0.0,False,,disabled_or_unavailable,,null,"[[0.9999999998002995, 1.287453013451232e-06, -1.9943504063181903e-05], [-1.2886683420979744e-06, 0.9999999981424084, -6.09386784341659e-05], [1.9943425570449834e-05, 6.093870412255873e-05, 0.999999997944367]]",nan,nan,False,,disabled_or_unavailable,,null,nan
visual_span,6.76,6.8,0.040000000000000036,6.8,28,0,0.0,False,,disabled_or_unavailable,,null,"[[0.9999999996746498, -1.968245838514094e-06, -2.5432792295940596e-05], [1.9673757180835376e-06, 0.9999999994128167, -3.421251999372752e-05], [2.543285961965698e-05, 3.421246994673845e-05, 0.9999999990913385]]",nan,nan,False,,disabled_or_unavailable,,null,nan
visual_span,6.8,6.84,0.040000000000000036,6.84,28,0,0.0,False,,disabled_or_unavailable,,null,"[[0.9999999973864648, -1.0071835897858095e-05, -7.159349517715578e-05], [1.0068951975973548e-05, 0.9999999991379825, -4.0282144500341005e-05], [7.159390083058996e-05, 4.0281423523597475e-05, 0.9999999966258601]]",nan,nan,False,,disabled_or_unavailable,,null,nan
visual_span,6.84,6.88,0.040000000000000036,6.88,28,0,0.0,False,,disabled_or_unavailable,,null,"[[0.9999999996600871, -2.18245858648225e-05, -1.4265802427585429e-05], [2.1824097026466366e-05, 0.9999999991747852, -3.426570408051043e-05], [1.4266550250614001e-05, 3.426539273060674e-05, 0.9999999993111742]]",nan,nan,False,,disabled_or_unavailable,,null,nan
visual_span,6.88,6.92,0.040000000000000036,6.92,28,0,0.0,False,,disabled_or_unavailable,,null,"[[0.9999999995349649, 2.7172987232396277e-06, 3.0375760993435137e-05], [-2.7157448365027447e-06, 0.9999999986878747, -5.1155407586296617e-05], [-3.0375899958102045e-05, 5.115532506969147e-05, 0.9999999982302189]]",nan,nan,False,,disabled_or_unavailable,,null,nan
visual_span,6.92,6.96,0.040000000000000036,6.96,28,0,0.0,False,,disabled_or_unavailable,,null,"[[0.9999999999020339, -1.0558596555674239e-05, -9.189600227170605e-06], [1.0558530511783972e-05, 0.9999999999184337, -7.186826606737533e-06], [9.189676109223698e-06, 7.186729577359076e-06, 0.9999999999319507]]",nan,nan,False,,disabled_or_unavailable,,null,nan
visual_span,6.96,7.0,0.040000000000000036,7.0,28,0,0.0,False,,disabled_or_unavailable,,null,"[[0.9999999989946, -3.4239333749093963e-06, -4.471103853537301e-05], [3.420943267209074e-06, 0.9999999977579369, -6.687618004441133e-05], [4.471126741471288e-05, 6.687602702324778e-05, 0.9999999967642499]]",nan,nan,False,,disabled_or_unavailable,,null,nan
visual_span,7.0,7.04,0.040000000000000036,7.04,28,0,0.0,False,,disabled_or_unavailable,,null,"[[0.999999998301796, -9.303421905238487e-06, -5.75313360813332e-05], [9.296763369869714e-06, 0.9999999932592905, -0.00011573672538208081], [5.753241244111733e-05, 0.00011573619033031831, 0.999999991647578]]",nan,nan,False,,disabled_or_unavailable,,null,nan
visual_span,7.04,7.08,0.040000000000000036,7.08,28,0,0.0,False,,disabled_or_unavailable,,null,"[[0.9999999999835196, -1.7129081746537144e-06, -5.479694839587815e-06], [1.7125256915346553e-06, 0.9999999975625613, -6.979931973770748e-05], [5.479814386056758e-06, 6.979931035243895e-05, 0.9999999975490141]]",nan,nan,False,,disabled_or_unavailable,,null,nan
visual_span,7.08,7.12,0.040000000000000036,7.12,28,0,0.0,False,,disabled_or_unavailable,,null,"[[0.9999999999600574, -1.2450262558725663e-07, 8.936976426743136e-06], [1.2518149629977085e-07, 0.9999999971148754, -7.596205185103471e-05], [-8.936966943483947e-06, 7.596205296674467e-05, 0.9999999970749486]]",nan,nan,False,,disabled_or_unavailable,,null,nan
visual_span,7.12,7.16,0.040000000000000036,7.16,28,0,0.0,False,,disabled_or_unavailable,,null,"[[0.9999999999710317, -7.571643663416868e-06, 7.790673381923509e-07], [7.57171014007294e-06, 0.9999999963278354, -8.536391887490196e-05], [-7.784209901560538e-07, 8.536392477130116e-05, 0.9999999963561973]]",nan,nan,False,,disabled_or_unavailable,,null,nan
visual_span,7.16,7.2,0.040000000000000036,7.2,28,0,0.0,False,,disabled_or_unavailable,,null,"[[0.9999999998343475, -9.079830607301664e-06, 1.5775344449432156e-05], [9.081151504021022e-06, 0.9999999964531029, -8.373366581655401e-05], [-1.5774584105976892e-05, 8.37338090609763e-05, 0.9999999963699058]]",nan,nan,False,,disabled_or_unavailable,,null,nan
visual_span,7.2,7.28,0.08000000000000007,7.28,28,0,0.0,False,,disabled_or_unavailable,,null,"[[0.999999999887323, -9.436563808619852e-06, -1.167498413732845e-05], [9.435242491806801e-06, 0.9999999935517727, -0.00011316992053557847], [1.1676051997221846e-05, 0.0001131698103665204, 0.999999993528132]]",nan,nan,False,,disabled_or_unavailable,,null,nan
visual_span,7.28,7.32,0.040000000000000036,7.32,28,0,0.0,False,,disabled_or_unavailable,,null,"[[0.9999999991706141, -2.7168571520877832e-05, 3.034206140368366e-05], [2.717045035927445e-05, 0.9999999977136411, -6.1923214574544e-05], [-3.0340378969026845e-05, 6.192403893065892e-05, 0.9999999976224375]]",nan,nan,False,,disabled_or_unavailable,,null,nan
visual_span,7.32,7.4,0.08000000000000007,7.4,28,0,0.0,False,,disabled_or_unavailable,,null,"[[0.9999999992376721, -4.512038296237992e-06, -3.878527268594431e-05], [4.507126789242113e-06, 0.9999999919719539, -0.00012663245270197227], [3.8785843745050494e-05, 0.00012663227779529523, 0.9999999912299623]]",nan,nan,False,,disabled_or_unavailable,,null,nan
visual_span,7.4,7.44,0.040000000000000036,7.44,28,0,0.0,False,,disabled_or_unavailable,,null,"[[0.9999999996872845, -7.58633721624311e-06, -2.383020708498159e-05], [7.585892426888913e-06, 0.9999999997970367, -1.8664973623121073e-05], [2.3830348678928965e-05, 1.8664792843896787e-05, 0.9999999995418701]]",nan,nan,False,,disabled_or_unavailable,,null,nan
visual_span,7.44,7.48,0.040000000000000036,7.48,28,0,0.0,False,,disabled_or_unavailable,,null,"[[0.9999999990916738, -3.268263153423692e-05, -2.735869421068845e-05], [3.268036775598738e-05, 0.9999999960429818, -8.274074013840903e-05], [2.7361398287552412e-05, 8.273984597106532e-05, 0.9999999962027359]]",nan,nan,False,,disabled_or_unavailable,,null,nan
visual_span,7.48,7.52,0.03999999999999915,7.52,28,0,0.0,False,,disabled_or_unavailable,,null,"[[0.9999999995014114, -3.838506662832515e-06, -3.1343951330458936e-05], [3.837131354512985e-06, 0.9999999990300037, -4.3877891936543694e-05], [3.134411972563596e-05, 4.3877771643808245e-05, 0.9999999985461439]]",nan,nan,False,,disabled_or_unavailable,,null,nan
visual_span,7.52,7.5600000000000005,0.040000000000000924,7.5600000000000005,28,0,0.0,False,,disabled_or_unavailable,,null,"[[0.9999999998709521, -5.859003126632527e-06, -1.4958871090116661e-05], [5.858439619459396e-06, 0.9999999992733173, -3.767020038601583e-05], [1.4959091789068153e-05, 3.767011274551152e-05, 0.9999999991785941]]",nan,nan,False,,disabled_or_unavailable,,null,nan
visual_span,7.5600000000000005,7.6,0.03999999999999915,7.6,28,0,0.0,False,,disabled_or_unavailable,,null,"[[0.9999999994551789, 6.097641673907821e-07, -3.3004096819956835e-05], [-6.101210348291962e-07, 0.9999999999413555, -1.0812813442931461e-05], [3.300409022475514e-05, 1.0812833573534118e-05, 0.9999999993969063]]",nan,nan,False,,disabled_or_unavailable,,null,nan
visual_span,7.6,7.64,0.040000000000000036,7.64,28,0,0.0,False,,disabled_or_unavailable,,null,"[[0.9999999998597205, -1.5897128753382332e-05, 5.276410987690889e-06], [1.5897559435153334e-05, 0.9999999965415792, -8.163399721241843e-05], [-5.2751132232785e-06, 8.163408108302412e-05, 0.9999999966540252]]",nan,nan,False,,disabled_or_unavailable,,null,nan
visual_span,7.64,7.68,0.040000000000000036,7.68,28,0,0.0,False,,disabled_or_unavailable,,null,"[[0.9999999997916724, -2.9094333220006963e-06, 2.0203718598244416e-05], [2.9097859522342473e-06, 0.9999999998434503, -1.745372175515358e-05], [-2.0203667814641866e-05, 1.745378054001405e-05, 0.9999999996435885]]",nan,nan,False,,disabled_or_unavailable,,null,nan
visual_span,7.68,7.76,0.08000000000000007,7.76,28,0,0.0,False,,disabled_or_unavailable,,null,"[[0.9999999991935474, -3.7133485462071074e-05, -1.5297379106187133e-05], [3.713181702582837e-05, 0.9999999933643736, -0.0001090526535456269], [1.5301428509804474e-05, 0.00010905208543819913, 0.9999999939367546]]",nan,nan,False,,disabled_or_unavailable,,null,nan
visual_span,7.76,7.8,0.040000000000000036,7.8,28,0,0.0,False,,disabled_or_unavailable,,null,"[[0.9999999997853558, -1.8592439703216556e-05, 9.143843867985044e-06], [1.8592705468495644e-05, 0.9999999994047479, -2.906571451745729e-05], [-9.143303459997553e-06, 2.9065884520014386e-05, 0.9999999995357873]]",nan,nan,False,,disabled_or_unavailable,,null,nan
visual_span,7.8,7.84,0.040000000000000036,7.84,28,0,0.0,False,,disabled_or_unavailable,,null,"[[0.9999999981709152, -1.5480996987114225e-05, -5.8468013107520694e-05], [1.5476560003844463e-05, 0.9999999970008158, -7.588705193697959e-05], [5.846918773938674e-05, 7.588614691446257e-05, 0.9999999954113235]]",nan,nan,False,,disabled_or_unavailable,,null,nan
visual_span,7.84,7.92,0.08000000000000007,7.92,28,0,0.0,False,,disabled_or_unavailable,,null,"[[0.99999999997272, -5.410128290309636e-06, -5.028942875846782e-06], [5.409847156051776e-06, 0.9999999984228731, -5.5901584074677694e-05], [5.029245302656977e-06, 5.5901556867340386e-05, 0.9999999984248613]]",nan,nan,False,,disabled_or_unavailable,,null,nan
visual_span,7.92,7.96,0.040000000000000036,7.96,28,0,0.0,False,,disabled_or_unavailable,,null,"[[0.9999999998343796, -1.80648365096825e-05, -2.214264206564543e-06], [1.806469217110012e-05, 0.9999999977133672, -6.516849533470466e-05], [2.2154414597151365e-06, 6.516845532391012e-05, 0.9999999978740823]]",nan,nan,False,,disabled_or_unavailable,,null,nan
visual_span,7.96,8.0,0.040000000000000036,8.0,28,0,0.0,False,,disabled_or_unavailable,,null,"[[0.9999999999041478, -1.3368868495386343e-05, 3.6024482684626924e-06], [1.3369035301377946e-05, 0.9999999988384438, -4.630746270647296e-05], [-3.601829185898969e-06, 4.6307510863292365e-05, 0.9999999989213206]]",nan,nan,False,,disabled_or_unavailable,,null,nan
visual_span,8.0,8.04,0.03999999999999915,8.04,28,0,0.0,False,,disabled_or_unavailable,,null,"[[0.9999999999014755, -7.479480043248221e-06, 1.1878841018468213e-05], [7.479677465760863e-06, 0.99999999983392, -1.6619720526285135e-05], [-1.187871670962737e-05, 1.661980937454717e-05, 0.9999999997913392]]",nan,nan,False,,disabled_or_unavailable,,null,nan
visual_span,8.04,8.16,0.120000000000001,8.16,28,0,0.0,False,,disabled_or_unavailable,,null,"[[0.9999999972653764, -2.3708011916428856e-05, 7.00512530245813e-05], [2.3717810811007514e-05, 0.9999999899349286, -0.00013988426929015767], [-7.004793594158717e-05, 0.0001398859303699931, 0.9999999877626068]]",nan,nan,False,,disabled_or_unavailable,,null,nan
visual_span,8.16,8.2,0.03999999999999915,8.2,28,0,0.0,False,,disabled_or_unavailable,,null,"[[0.9999999998066049, -1.750192168401519e-05, 8.970683523425139e-06], [1.7501893961713832e-05, 0.9999999998420668, 3.0903912646702467e-06], [-8.970737609794257e-06, -3.0902342601207884e-06, 0.9999999999549883]]",nan,nan,False,,disabled_or_unavailable,,null,nan
visual_span,8.2,8.24,0.040000000000000924,8.24,28,0,0.0,False,,disabled_or_unavailable,,null,"[[0.999999999450679, -1.4652084902925978e-05, 2.9731440497673382e-05], [1.4653559948731502e-05, 0.9999999986619261, -4.961271088439874e-05], [-2.9730713528238374e-05, 4.9613146528591135e-05, 0.9999999983273102]]",nan,nan,False,,disabled_or_unavailable,,null,nan
visual_span,8.24,8.28,0.03999999999999915,8.28,28,0,0.0,False,,disabled_or_unavailable,,null,"[[0.9999999996810228, -2.2249890126202405e-05, 1.1953942333087623e-05], [2.2250134372488036e-05, 0.9999999995437215, -2.0432534614021117e-05], [-1.1953487705983136e-05, 2.04328005843268e-05, 0.9999999997198075]]",nan,nan,False,,disabled_or_unavailable,,null,nan
visual_span,8.28,8.36,0.08000000000000007,8.36,28,0,0.0,False,,disabled_or_unavailable,,null,"[[0.9999999990121085, -1.612278523095036e-05, 4.1422689197692e-05], [1.612668472467395e-05, 0.9999999954387513, -9.414046764557931e-05], [-4.142117120221142e-05, 9.414113556322786e-05, 0.9999999947108668]]",nan,nan,False,,disabled_or_unavailable,,null,nan
visual_span,8.36,8.4,0.040000000000000924,8.4,28,0,0.0,False,,disabled_or_unavailable,,null,"[[0.9999999994292929, -3.794023135816234e-06, 3.3571117255365215e-05], [3.795638322388077e-06, 0.9999999988353926, -4.811245368769361e-05], [-3.357093467650563e-05, 4.811258108405466e-05, 0.9999999982790861]]",nan,nan,False,,disabled_or_unavailable,,null,nan
visual_span,8.4,8.44,0.03999999999999915,8.44,28,0,0.0,False,,disabled_or_unavailable,,null,"[[0.9999999998557596, -1.3478750097458666e-05, -1.0334600702858242e-05], [1.347852331514603e-05, 0.9999999996684008, -2.1943739653003755e-05], [1.0334896473614284e-05, 2.1943600354682058e-05, 0.9999999997058342]]",nan,nan,False,,disabled_or_unavailable,,null,nan
visual_span,8.44,8.48,0.040000000000000924,8.48,28,0,0.0,False,,disabled_or_unavailable,,null,"[[0.9999999998016603, -3.385738303103609e-06, 1.9626927312174085e-05], [3.3868268006558226e-06, 0.9999999984563795, -5.545962898081511e-05], [-1.962673951008744e-05, 5.5459695442818694e-05, 0.9999999982695067]]",nan,nan,False,,disabled_or_unavailable,,null,nan
visual_span,8.48,8.52,0.03999999999999915,8.52,28,0,0.0,False,,disabled_or_unavailable,,null,"[[0.9999999996752992, -1.4964718460171855e-05, 2.062666371014763e-05], [1.4963969829372864e-05, 0.9999999992294127, 3.6293999684328746e-05], [-2.0627206823740054e-05, -3.629369101577061e-05, 0.9999999991286433]]",nan,nan,False,,disabled_or_unavailable,,null,nan
visual_span,8.52,8.56,0.040000000000000924,8.56,28,0,0.0,False,,disabled_or_unavailable,,null,"[[0.9999999998938247, -9.248430669126387e-06, 1.126131856865216e-05], [9.249053942675312e-06, 0.9999999984255483, -5.534761531809819e-05], [-1.1260806672338787e-05, 5.534771946876454e-05, 0.9999999984049122]]",nan,nan,False,,disabled_or_unavailable,,null,nan
visual_span,8.56,8.6,0.03999999999999915,8.6,28,0,0.0,False,,disabled_or_unavailable,,null,"[[0.9999999999717767, 6.13132497702159e-06, -4.342048822148801e-06], [-6.131556865841736e-06, 0.9999999985550272, -5.340739272855562e-05], [4.3417213577936645e-06, 5.340741935056756e-05, 0.9999999985643985]]",nan,nan,False,,disabled_or_unavailable,,null,nan
visual_span,8.6,8.64,0.040000000000000924,8.64,28,0,0.0,False,,disabled_or_unavailable,,null,"[[0.9999999997244671, -2.112618338281219e-05, -1.0234755125062018e-05], [2.112523230795957e-05, 0.9999999954600595, -9.291719734176629e-05], [1.02367180643473e-05, 9.291698110458492e-05, 0.9999999956308221]]",nan,nan,False,,disabled_or_unavailable,,null,nan
visual_span,8.64,8.68,0.03999999999999915,8.68,28,0,0.0,False,,disabled_or_unavailable,,null,"[[0.9999999987189409, 8.088257310051465e-06, 4.996697639803863e-05], [-8.085494226021282e-06, 0.9999999984383694, -5.529815803340378e-05], [-4.99674235857396e-05, 5.5297753954864405e-05, 0.9999999972227077]]",nan,nan,False,,disabled_or_unavailable,,null,nan
visual_span,8.68,8.72,0.040000000000000924,8.72,28,0,0.0,False,,disabled_or_unavailable,,null,"[[0.9999999999972798, 1.4287984402136586e-06, 1.843740448240497e-06], [-1.4287663682375247e-06, 0.9999999998476875, -1.7394944297748326e-05], [-1.8437653018289522e-06, 1.7394941663426657e-05, 0.9999999998470085]]",nan,nan,False,,disabled_or_unavailable,,null,nan
visual_span,8.72,8.76,0.03999999999999915,8.76,28,0,0.0,False,,disabled_or_unavailable,,null,"[[0.9999999997560067, -3.157180168153976e-06, 2.1863646343810163e-05], [3.1589220266281232e-06, 0.999999996821389, -7.966958994160074e-05], [-2.1863394743064764e-05, 7.966965898771589e-05, 0.9999999965873688]]",nan,nan,False,,disabled_or_unavailable,,null,nan
visual_span,8.76,8.8,0.040000000000000924,8.8,28,0,0.0,False,,disabled_or_unavailable,,null,"[[0.9999999998101796, -1.577380030765383e-05, 1.1438016212497376e-05], [1.5774771966489063e-05, 0.9999999962669168, -8.495483025332785e-05], [-1.1436676109270722e-05, 8.495501066929919e-05, 0.9999999963259244]]",nan,nan,False,,disabled_or_unavailable,,null,nan
visual_span,8.8,8.84,0.03999999999999915,8.84,28,0,0.0,False,,disabled_or_unavailable,,null,"[[0.9999999984223579, -1.5182329080924296e-06, 5.6151400904557915e-05], [1.5195470579862677e-06, 0.9999999997249803, -2.3403653210977844e-05], [-5.615136535691869e-05, 2.3403738498751297e-05, 0.9999999981496449]]",nan,nan,False,,disabled_or_unavailable,,null,nan
visual_span,8.84,8.88,0.040000000000000924,8.88,28,0,0.0,False,,disabled_or_unavailable,,null,"[[0.9999999993459476, -1.517569462684482e-05, 3.282990780355382e-05], [1.5176857884980304e-05, 0.9999999992570855, -3.543291958744613e-05], [-3.282937005999662e-05, 3.543341781911626e-05, 0.9999999988333527]]",nan,nan,False,,disabled_or_unavailable,,null,nan
visual_span,8.88,8.92,0.03999999999999915,8.92,28,0,0.0,False,,disabled_or_unavailable,,null,"[[0.9999999998133084, -6.684939614367269e-06, -1.8129955123338898e-05], [6.684788532060119e-06, 0.9999999999429348, -8.333345153852644e-06], [1.8130010830213443e-05, 8.333223957380782e-06, 0.9999999998009304]]",nan,nan,False,,disabled_or_unavailable,,null,nan
visual_span,8.92,8.96,0.040000000000000924,8.96,28,0,0.0,False,,disabled_or_unavailable,,null,"[[0.999999999825886, -1.633574917861509e-05, 9.0206216483984e-06], [1.6336278464366025e-05, 0.9999999981450017, -5.867812995410223e-05], [-9.01966308045196e-06, 5.867827730727271e-05, 0.9999999982377529]]",nan,nan,False,,disabled_or_unavailable,,null,nan
visual_span,8.96,9.0,0.03999999999999915,9.0,28,0,0.0,False,,disabled_or_unavailable,,null,"[[0.999999999058826, -1.363649733669072e-05, -4.1187311773291914e-05], [1.3637105014916723e-05, 0.9999999997981781, 1.4753770447596294e-05], [4.118711057522798e-05, -1.475433210940636e-05, 0.9999999990429661]]",nan,nan,False,,disabled_or_unavailable,,null,nan
visual_span,9.0,9.04,0.03999999999999915,9.04,28,0,0.0,False,,disabled_or_unavailable,,null,"[[0.9999999997125211, -3.95732669820127e-06, 2.3649471194465333e-05], [3.958312277584573e-06, 0.9999999991237807, -4.167457719261176e-05], [-2.364930625382625e-05, 4.167467079262339e-05, 0.9999999988519661]]",nan,nan,False,,disabled_or_unavailable,,null,nan
visual_span,9.04,9.08,0.040000000000000924,9.08,28,0,0.0,False,,disabled_or_unavailable,,null,"[[0.9999999994693723, -5.6401101167235655e-06, 3.208495941244308e-05], [5.6422069070467254e-06, 0.9999999978486751, -6.53514762479114e-05], [-3.208459075389557e-05, 6.53516572432137e-05, 0.9999999973498701]]",nan,nan,False,,disabled_or_unavailable,,null,nan
visual_span,9.08,9.12,0.03999999999999915,9.12,28,0,0.0,False,,disabled_or_unavailable,,null,"[[0.9999999984824831, -4.410104103749443e-06, 5.491434076736499e-05], [4.4152643709141044e-06, 0.9999999955751075, -9.396962444689696e-05], [-5.491392610854854e-05, 9.396986676562872e-05, 0.9999999940770624]]",nan,nan,False,,disabled_or_unavailable,,null,nan
visual_span,9.12,9.16,0.040000000000000924,9.16,28,0,0.0,False,,disabled_or_unavailable,,null,"[[0.9999999994507548, -1.9067555728352438e-06, 3.30885946215351e-05], [1.9067421196425972e-06, 0.9999999999980996, 4.066125033695909e-07], [-3.3088595396782874e-05, -4.0654941172921615e-07, 0.99999999945249]]",nan,nan,False,,disabled_or_unavailable,,null,nan
visual_span,9.16,9.28,0.11999999999999922,9.28,28,0,0.0,False,,disabled_or_unavailable,,null,"[[0.9999999993647207, -2.1027996436287828e-05, 2.8781632245318553e-05], [2.1031223071144766e-05, 0.9999999934943252, -0.00011211172007355937], [-2.877927457322443e-05, 0.00011211232531526519, 0.9999999933012902]]",nan,nan,False,,disabled_or_unavailable,,null,nan
visual_span,9.28,9.32,0.040000000000000924,9.32,28,0,0.0,False,,disabled_or_unavailable,,null,"[[0.9999999999725488, 1.0680315222780282e-06, 7.332235800104702e-06], [-1.0679923900662106e-06, 0.999999999985188, -5.337011299444341e-06], [-7.332241500092398e-06, 5.337003468525797e-06, 0.9999999999588773]]",nan,nan,False,,disabled_or_unavailable,,null,nan
visual_span,9.32,9.44,0.11999999999999922,9.44,28,0,0.0,False,,disabled_or_unavailable,,null,"[[0.9999999975423053, -5.5700454719930226e-05, 4.257756197023599e-05], [5.5705267927153096e-05, 0.9999999920579935, -0.00011305280215599056], [-4.257126453959726e-05, 0.00011305517367263852, 0.9999999927031076]]",nan,nan,False,,disabled_or_unavailable,,null,nan
visual_span,9.44,9.48,0.040000000000000924,9.48,28,0,0.0,False,,disabled_or_unavailable,,null,"[[0.9999999994086691, -1.563056609616818e-05, 3.06324494234814e-05], [1.5630467062038386e-05, 0.9999999998726173, 3.2332178252069047e-06], [-3.063249995660428e-05, -3.2327390238032606e-06, 0.9999999995255996]]",nan,nan,False,,disabled_or_unavailable,,null,nan
visual_span,9.48,9.52,0.03999999999999915,9.52,28,0,0.0,False,,disabled_or_unavailable,,null,"[[0.9999999998353388, -4.342959211138594e-06, 1.7619912905593177e-05], [4.342920160485358e-06, 0.9999999999881136, 2.2163172391003753e-06], [-1.7619922530759102e-05, -2.2162407168604503e-06, 0.9999999998423135]]",nan,nan,False,,disabled_or_unavailable,,null,nan
visual_span,9.52,9.56,0.040000000000000924,9.56,28,0,0.0,False,,disabled_or_unavailable,,null,"[[0.9999999989709151, 3.784578416705133e-06, 4.520892841370761e-05], [-3.782544456124605e-06, 0.9999999989807854, -4.499024168803582e-05], [-4.520909863672766e-05, 4.4990070636955494e-05, 0.9999999979660156]]",nan,nan,False,,disabled_or_unavailable,,null,nan
visual_span,9.56,9.6,0.03999999999999915,9.6,28,0,0.0,False,,disabled_or_unavailable,,null,"[[0.9999999999221668, -6.407700980878231e-06, 1.0705493686468233e-05], [6.409044730643023e-06, 0.9999999921012838, -0.00012552432591361512], [-1.0704689279562297e-05, 0.00012552439451583305, 0.9999999920645178]]",nan,nan,False,,disabled_or_unavailable,,null,nan
visual_span,9.6,9.64,0.040000000000000924,9.64,28,0,0.0,False,,disabled_or_unavailable,,null,"[[0.999999999568699, 8.04153356019393e-06, -2.8247756798660732e-05], [-8.04287139863607e-06, 0.9999999988461202, -4.736107938555636e-05], [2.824737591035689e-05, 4.7361306558204714e-05, 0.9999999984794962]]",nan,nan,False,,disabled_or_unavailable,,null,nan
visual_span,9.64,9.68,0.03999999999999915,9.68,28,0,0.0,False,,disabled_or_unavailable,,null,"[[0.9999999994859277, 1.8381043893366833e-06, 3.201196902890584e-05], [-1.8355860849261007e-06, 0.9999999969040322, -7.866744033211365e-05], [-3.201211352876518e-05, 7.8667381530948e-05, 0.9999999963933338]]",nan,nan,False,,disabled_or_unavailable,,null,nan
visual_span,9.68,9.72,0.040000000000000924,9.72,28,0,0.0,False,,disabled_or_unavailable,,null,"[[0.9999999994312366, -6.491058384224264e-06, 3.3096721613857694e-05], [6.4914249949149184e-06, 0.9999999999175824, -1.1076853406339181e-05], [-3.309664971062777e-05, 1.1077068244925006e-05, 0.9999999993909552]]",nan,nan,False,,disabled_or_unavailable,,null,nan
visual_span,9.72,9.76,0.03999999999999915,9.76,28,0,0.0,False,,disabled_or_unavailable,,null,"[[0.9999999999881989, 1.00175734044126e-06, -4.753819753564092e-06], [-1.0018812580272921e-06, 0.9999999996597534, -2.6067020096928644e-05], [4.753793639117895e-06, 2.606702485938394e-05, 0.9999999996489559]]",nan,nan,False,,disabled_or_unavailable,,null,nan
visual_span,9.76,9.8,0.040000000000000924,9.8,28,0,0.0,False,,disabled_or_unavailable,,null,"[[0.9999999997108834, -2.9057078360079757e-06, -2.3870280102550034e-05], [2.905266760408699e-06, 0.9999999998250608, -1.84780375018934e-05], [2.3870333790152548e-05, 1.847796814701975e-05, 0.999999999544386]]",nan,nan,False,,disabled_or_unavailable,,null,nan
visual_span,9.8,9.84,0.03999999999999915,9.84,28,0,0.0,False,,disabled_or_unavailable,,null,"[[0.9999999998989021, -1.3709374895524391e-05, -3.774822357402567e-06], [1.3709258944270815e-05, 0.9999999994343128, -3.071532203619413e-05], [3.7752434431320287e-06, 3.07152702830717e-05, 0.99999999952116]]",nan,nan,False,,disabled_or_unavailable,,null,nan
visual_span,9.84,9.88,0.040000000000000924,9.88,28,0,0.0,False,,disabled_or_unavailable,,null,"[[0.9999999995476876, 7.688703382001122e-06, 2.907764071337632e-05], [-7.687301470844688e-06, 0.9999999988082308, -4.8212490282705424e-05], [-2.907801137025957e-05, 4.8212266732308074e-05, 0.9999999984150235]]",nan,nan,False,,disabled_or_unavailable,,null,nan
visual_span,9.88,9.92,0.03999999999999915,9.92,28,0,0.0,False,,disabled_or_unavailable,,null,"[[0.9999999994520898, 2.686209156324829e-05, 1.934550081617102e-05], [-2.6860968697335844e-05, 0.9999999979548849, -5.804066301761156e-05], [-1.9347059870211612e-05, 5.804014334691863e-05, 0.9999999981285165]]",nan,nan,False,,disabled_or_unavailable,,null,nan
visual_span,9.92,9.96,0.040000000000000924,9.96,28,0,0.0,False,,disabled_or_unavailable,,null,"[[0.9999999997990477, -1.0746805196344198e-05, 1.69236728531899e-05], [1.0747346335593788e-05, 0.9999999994310304, -3.197551791432463e-05], [-1.692332920889877e-05, 3.1975699792472496e-05, 0.9999999993455777]]",nan,nan,False,,disabled_or_unavailable,,null,nan
visual_span,9.96,10.04,0.0799999999999983,10.04,28,0,0.0,False,,disabled_or_unavailable,,null,"[[0.9999999996224234, 2.9974812924295473e-06, -2.7316092669588715e-05], [-2.9970288232719606e-06, 0.9999999998583224, 1.6564223514405165e-05], [2.731614231666874e-05, -1.6564141641033828e-05, 0.9999999994897291]]",nan,nan,False,,disabled_or_unavailable,,null,nan
visual_span,10.04,10.08,0.040000000000000924,10.08,28,0,0.0,False,,disabled_or_unavailable,,null,"[[0.999999999005627, -1.8130114304371192e-05, -4.0743658408109886e-05], [1.813089579944699e-05, 0.9999999996516901, 1.9180490715719736e-05], [4.0743310649429364e-05, -1.9181229415672255e-05, 0.9999999989860319]]",nan,nan,False,,disabled_or_unavailable,,null,nan
visual_span,10.08,10.12,0.03999999999999915,10.12,28,0,0.0,False,,disabled_or_unavailable,,null,"[[0.9999999997834695, -2.633201357658555e-06, 2.0642859608898206e-05], [2.633023241909934e-06, 0.9999999999593085, 8.628465967269374e-06], [-2.0642882328546512e-05, -8.628411612271915e-06, 0.9999999997497112]]",nan,nan,False,,disabled_or_unavailable,,null,nan
visual_span,10.12,10.16,0.040000000000000924,10.16,28,0,0.0,False,,disabled_or_unavailable,,null,"[[0.9999999988106512, -1.463788526838645e-05, -4.652343684807123e-05], [1.4638310863082945e-05, 0.9999999998510204, 9.147636030702216e-06], [4.652330293909349e-05, -9.148317044353486e-06, 0.9999999988759454]]",nan,nan,False,,disabled_or_unavailable,,null,nan
visual_span,10.16,10.2,0.03999999999999915,10.2,28,0,0.0,False,,disabled_or_unavailable,,null,"[[0.9999999986922162, -2.6088569589103647e-05, -4.39881129365843e-05], [2.60864953398096e-05, 0.9999999985479653, -4.715468315328184e-05], [4.3989343070944925e-05, 4.715353559591058e-05, 0.9999999979207409]]",nan,nan,False,,disabled_or_unavailable,,null,nan
visual_span,10.2,10.24,0.040000000000000924,10.24,28,0,0.0,False,,disabled_or_unavailable,,null,"[[0.9999999986569172, -1.5154977164600598e-05, -4.956301164482389e-05], [1.5152965118286414e-05, 0.9999999990611824, -4.059584701041056e-05], [4.9563626827427684e-05, 4.059509592930037e-05, 0.9999999979477425]]",nan,nan,False,,disabled_or_unavailable,,null,nan
visual_span,10.24,10.28,0.03999999999999915,10.28,28,0,0.0,False,,disabled_or_unavailable,,null,"[[0.9999999998258263, 3.001269727894146e-06, -1.8421172972389228e-05], [-3.000552105587895e-06, 0.9999999992367021, 3.8956288998585247e-05], [1.8421289876659265e-05, -3.895623371811074e-05, 0.9999999990715339]]",nan,nan,False,,disabled_or_unavailable,,null,nan
visual_span,10.28,10.44,0.16000000000000014,10.44,28,0,0.0,False,,disabled_or_unavailable,,null,"[[0.9999999918499688, -5.911641196271112e-05, -0.00011316056154807851], [5.912861613839736e-05, 0.9999999924363074, 0.00010784800603312528], [0.00011315418510501276, -0.00010785469618156643, 0.9999999877817477]]",nan,nan,False,,disabled_or_unavailable,,null,nan
visual_span,10.44,10.48,0.040000000000000924,10.48,28,0,0.0,False,,disabled_or_unavailable,,null,"[[0.9999999994785004, -1.9327985925326604e-07, -3.2294918564538424e-05], [1.9339561181066091e-07, 0.9999999999935579, 3.584231294869212e-06], [3.229491787157066e-05, -3.584237538695571e-06, 0.9999999994720957]]",nan,nan,False,,disabled_or_unavailable,,null,nan
visual_span,10.48,10.52,0.03999999999999915,10.52,28,0,0.0,False,,disabled_or_unavailable,,null,"[[0.9999999979167968, -1.5395605824568165e-06, -6.452934432368308e-05], [1.5394984000931306e-06, 0.9999999999983507, -9.636789105263883e-07], [6.452934580721871e-05, 9.63579565696504e-07, 0.9999999979175176]]",nan,nan,False,,disabled_or_unavailable,,null,nan
visual_span,10.52,10.56,0.040000000000000924,10.56,28,0,0.0,False,,disabled_or_unavailable,,null,"[[0.9999999967332485, 4.925430029796992e-07, -8.082858736099531e-05], [-4.953948545067049e-07, 0.9999999993774432, -3.528269277518013e-05], [8.082856993243146e-05, 3.528273270198662e-05, 0.9999999961109356]]",nan,nan,False,,disabled_or_unavailable,,null,nan
visual_span,10.56,10.6,0.03999999999999915,10.6,28,0,0.0,False,,disabled_or_unavailable,,null,"[[0.9999999999038316, -8.978277980759086e-06, -1.0570129616830007e-05], [8.97830093909818e-06, 0.9999999999573366, 2.1719562146867937e-06], [1.057011011595239e-05, -2.172051116282585e-06, 0.9999999999417777]]",nan,nan,False,,disabled_or_unavailable,,null,nan
visual_span,10.6,10.64,0.040000000000000924,10.64,28,0,0.0,False,,disabled_or_unavailable,,null,"[[0.9999999998822948, 8.111087749170627e-07, -1.532163516210657e-05], [-8.109371783136526e-07, 0.9999999999369553, 1.119963019025277e-05], [1.5321644245258945e-05, -1.1199617764050932e-05, 0.9999999998199078]]",nan,nan,False,,disabled_or_unavailable,,null,nan
visual_span,10.64,10.68,0.03999999999999915,10.68,28,0,0.0,False,,disabled_or_unavailable,,null,"[[0.999999999946468, -7.149809193199486e-06, 7.479583523689004e-06], [7.149624767886926e-06, 0.99999999967046, 2.4656899486754376e-05], [-7.479759813350809e-06, -2.4656846009218832e-05, 0.9999999996680465]]",nan,nan,False,,disabled_or_unavailable,,null,nan
visual_span,10.68,10.72,0.040000000000000924,10.72,28,0,0.0,False,,disabled_or_unavailable,,null,"[[0.9999999974980545, 8.312919810466874e-06, -7.024803978516812e-05], [-8.316417236085344e-06, 0.999999998726063, -4.978666183539788e-05], [7.024762582314905e-05, 4.9787245922843216e-05, 0.9999999962932509]]",nan,nan,False,,disabled_or_unavailable,,null,nan
visual_span,10.72,10.76,0.03999999999999915,10.76,28,0,0.0,False,,disabled_or_unavailable,,null,"[[0.9999999986845536, -1.2358734425359321e-05, -4.978107302711647e-05], [1.235662140339476e-05, 0.9999999990228099, -4.244637597609032e-05], [4.978159756195888e-05, 4.244576079438192e-05, 0.9999999978600753]]",nan,nan,False,,disabled_or_unavailable,,null,nan
visual_span,10.76,10.8,0.040000000000000924,10.8,28,0,0.0,False,,disabled_or_unavailable,,null,"[[0.9999999981815462, -1.410400965613309e-05, -5.8634329534792806e-05], [1.4104702294417458e-05, 0.9999999998307618, 1.1812448919452914e-05], [5.8634162921976015e-05, -1.1813275917734842e-05, 0.9999999982112407]]",nan,nan,False,,disabled_or_unavailable,,null,nan
visual_span,10.8,10.84,0.03999999999999915,10.84,28,0,0.0,False,,disabled_or_unavailable,,null,"[[0.999999998840638, -8.623883433925623e-06, -4.7374603120124505e-05], [8.62425519128397e-06, 0.9999999999320237, 7.846988079001994e-06], [4.737453544539364e-05, -7.847396640571387e-06, 0.999999998847036]]",nan,nan,False,,disabled_or_unavailable,,null,nan
visual_span,10.84,10.88,0.040000000000000924,10.88,28,0,0.0,False,,disabled_or_unavailable,,null,"[[0.999999997615051, -7.114819603580167e-08, -6.906441361690715e-05], [6.578278884299948e-08, 0.999999996982363, -7.768700049714003e-05], [6.906441893578576e-05, 7.768699576861074e-05, 0.9999999945974185]]",nan,nan,False,,disabled_or_unavailable,,null,nan
visual_span,10.88,10.92,0.03999999999999915,10.92,28,0,0.0,False,,disabled_or_unavailable,,null,"[[0.9999999974359155, -1.2563731305244656e-05, -7.050050736786993e-05], [1.2562427219011935e-05, 0.9999999997500054, -1.8497956279647004e-05], [7.050073975359759e-05, 1.849707057472397e-05, 0.9999999973437519]]",nan,nan,False,,disabled_or_unavailable,,null,nan
visual_span,10.92,10.96,0.040000000000000924,10.96,28,0,0.0,False,,disabled_or_unavailable,,null,"[[0.9999999986266928, 9.759653793734038e-07, -5.239907036381987e-05], [-9.731697628441624e-07, 0.9999999985762872, 5.335240600257918e-05], [5.239912235931979e-05, -5.3352354936119036e-05, 0.9999999972039294]]",nan,nan,False,,disabled_or_unavailable,,null,nan
visual_span,10.96,11.0,0.03999999999999915,11.0,28,0,0.0,False,,disabled_or_unavailable,,null,"[[0.9999999997390181, -2.250196001515634e-05, 3.9529183303858355e-06], [2.2502250195401705e-05, 0.9999999970512519, -7.342441736455388e-05], [-3.951266125426001e-06, 7.342450629494872e-05, 0.9999999972966147]]",nan,nan,False,,disabled_or_unavailable,,null,nan
visual_span,11.0,11.04,0.03999999999999915,11.04,28,0,0.0,False,,disabled_or_unavailable,,null,"[[0.9999999999257126, 1.1953774949551897e-05, -2.3837947754148663e-06], [-1.1953860429168917e-05, 0.999999999285517, -3.5861841232900025e-05], [2.38336608933231e-06, 3.586186972578597e-05, 0.9999999993541231]]",nan,nan,False,,disabled_or_unavailable,,null,nan
visual_span,11.04,11.08,0.040000000000000924,11.08,28,0,0.0,False,,disabled_or_unavailable,,null,"[[0.9999999999003546, 1.5274934371807244e-06, -1.4034155451319543e-05], [-1.5275052561073258e-06, 0.9999999999984788, -8.421437796566928e-07], [1.4034154164929098e-05, 8.42165216818994e-07, 0.9999999999011666]]",nan,nan,False,,disabled_or_unavailable,,null,nan
visual_span,11.08,11.12,0.03999999999999915,11.12,28,0,0.0,False,,disabled_or_unavailable,,null,"[[0.9999999991688981, -2.481455795734911e-05, -3.234874880376415e-05], [2.481388859635666e-05, 0.9999999994780508, -2.0692258221146923e-05], [3.234926225612064e-05, 2.0691455505700496e-05, 0.9999999992626946]]",nan,nan,False,,disabled_or_unavailable,,null,nan
visual_span,11.12,11.16,0.040000000000000924,11.16,28,0,0.0,False,,disabled_or_unavailable,,null,"[[0.9999999997077308, -3.646768588956137e-06, -2.3900629816836076e-05], [3.645885541513364e-06, 0.9999999993108301, -3.694655755421073e-05], [2.3900764535910032e-05, 3.6946470404451694e-05, 0.9999999990318562]]",nan,nan,False,,disabled_or_unavailable,,null,nan
visual_span,11.16,11.2,0.03999999999999915,11.2,28,0,0.0,False,,disabled_or_unavailable,,null,"[[0.999999999955169, -8.875287012266696e-06, 3.3002866479015894e-06], [8.875453675086221e-06, 0.9999999986853413, -5.0502913044541075e-05], [-3.2998384157146123e-06, 5.0502942333818214e-05, 0.9999999987192822]]",nan,nan,False,,disabled_or_unavailable,,null,nan
visual_span,11.2,11.24,0.040000000000000924,11.24,28,0,0.0,False,,disabled_or_unavailable,,null,"[[0.9999999998755197, -1.4228997081269796e-05, -6.818814918019701e-06], [1.4228209065159858e-05, 0.9999999932227527, -0.00011555108286557682], [6.820459047827738e-06, 0.00011555098583166876, 0.9999999933007255]]",nan,nan,False,,disabled_or_unavailable,,null,nan
visual_span,11.24,11.28,0.03999999999999915,11.28,28,0,0.0,False,,disabled_or_unavailable,,null,"[[0.9999999999274541, -5.019279671010953e-06, 1.0949839955264305e-05], [5.02022586217865e-06, 0.999999996253787, -8.641309924683753e-05], [-1.0949406182731512e-05, 8.641315421123832e-05, 0.9999999962064389]]",nan,nan,False,,disabled_or_unavailable,,null,nan
visual_span,11.28,11.32,0.040000000000000924,11.32,28,0,0.0,False,,disabled_or_unavailable,,null,"[[0.9999999996737889, -1.9493790435270047e-05, 1.650498634971655e-05], [1.9494081975647126e-05, 0.9999999996539856, -1.766379909951298e-05], [-1.6504642009607647e-05, 1.766412084330776e-05, 0.999999999707788]]",nan,nan,False,,disabled_or_unavailable,,null,nan
visual_span,11.32,11.36,0.03999999999999915,11.36,28,0,0.0,False,,disabled_or_unavailable,,null,"[[0.9999999999815692, -1.2457534738550492e-06, 5.942206754360647e-06], [1.2460837523672048e-06, 0.9999999984545379, -5.558211420554206e-05], [-5.9421375035653365e-06, 5.558212160900493e-05, 0.9999999984376594]]",nan,nan,False,,disabled_or_unavailable,,null,nan
visual_span,11.36,11.4,0.040000000000000924,11.4,28,0,0.0,False,,disabled_or_unavailable,,null,"[[0.9999999999443376, -7.0454529955218e-06, 7.854085259518273e-06], [7.046270423531746e-06, 0.9999999945586829, -0.00010408162469174134], [-7.853351914587241e-06, 0.00010408168002795655, 0.9999999945526645]]",nan,nan,False,,disabled_or_unavailable,,null,nan
visual_span,11.4,11.44,0.03999999999999915,11.44,28,0,0.0,False,,disabled_or_unavailable,,null,"[[0.9999999997775666, -2.027241598300557e-05, -5.822018372709476e-06], [2.02722318717216e-05, 0.9999999992945557, -3.1621592435783497e-05], [5.82265941467827e-06, 3.162147440344338e-05, 0.9999999994830895]]",nan,nan,False,,disabled_or_unavailable,,null,nan
visual_span,11.44,11.52,0.08000000000000007,11.52,28,0,0.0,False,,disabled_or_unavailable,,null,"[[0.9999999989659483, -2.5140665607451158e-05, 3.7895264775546454e-05], [2.5142445316860224e-05, 0.9999999985811131, -4.696415482990041e-05], [-3.789408401166524e-05, 4.6965107560959415e-05, 0.9999999981791589]]",nan,nan,False,,disabled_or_unavailable,,null,nan
visual_span,11.52,11.56,0.040000000000000924,11.56,28,0,0.0,False,,disabled_or_unavailable,,null,"[[0.9999999994128138, -2.2605810008137165e-05, -2.575557873525159e-05], [2.260412896814357e-05, 0.9999999976146108, -6.526738770062404e-05], [2.5757054095980595e-05, 6.526680547987655e-05, 0.9999999975384092]]",nan,nan,False,,disabled_or_unavailable,,null,nan
visual_span,11.56,11.6,0.03999999999999915,11.6,28,0,0.0,False,,disabled_or_unavailable,,null,"[[0.9999999998808097, -8.677683269733194e-06, 1.277023014546811e-05], [8.678637984678139e-06, 0.9999999971676007, -7.476282559705556e-05], [-1.2769581341176836e-05, 7.476293641634895e-05, 0.9999999971237207]]",nan,nan,False,,disabled_or_unavailable,,null,nan
visual_span,11.6,11.68,0.08000000000000007,11.68,28,0,0.0,False,,disabled_or_unavailable,,null,"[[0.9999999990190767, -4.426907427365354e-05, -1.4477211686553962e-06], [4.426886427517958e-05, 0.9999999885461315, -0.00014473425594663508], [1.4541284035998319e-06, 0.00014473419171568991, 0.9999999895249497]]",nan,nan,False,,disabled_or_unavailable,,null,nan
visual_span,11.68,11.72,0.040000000000000924,11.72,28,0,0.0,False,,disabled_or_unavailable,,null,"[[0.9999999995302844, 4.3134887934809485e-06, -3.0345106700887527e-05], [-4.315272445529075e-06, 0.9999999982631992, -5.8779081926747214e-05], [3.0344853105272934e-05, 5.8779212846540544e-05, 0.9999999978120973]]",nan,nan,False,,disabled_or_unavailable,,null,nan
visual_span,11.72,11.76,0.03999999999999915,11.76,28,0,0.0,False,,disabled_or_unavailable,,null,"[[0.9999999998249974, -5.561312922327223e-06, -1.7862734561315447e-05], [5.559504164755108e-06, 0.9999999948580389, -0.00010125716993550081], [1.78632975922736e-05, 0.00010125707060983332, 0.9999999947139543]]",nan,nan,False,,disabled_or_unavailable,,null,nan
visual_span,11.76,11.8,0.040000000000000924,11.8,28,0,0.0,False,,disabled_or_unavailable,,null,"[[0.9999999995119493, -1.445031059834931e-05, 2.7700011388683656e-05], [1.4451711117460486e-05, 0.999999998617382, -5.056070257929092e-05], [-2.7699280732528773e-05, 5.056110286717725e-05, 0.9999999983381627]]",nan,nan,False,,disabled_or_unavailable,,null,nan
visual_span,11.8,11.84,0.03999999999999915,11.84,28,0,0.0,False,,disabled_or_unavailable,,null,"[[0.9999999989617794, -8.769802190991566e-06, -4.4716129789928185e-05], [8.769220985555472e-06, 0.9999999998770785, -1.29978480967439e-05], [4.471624377298832e-05, 1.2997455957625515e-05, 0.9999999989157621]]",nan,nan,False,,disabled_or_unavailable,,null,nan
visual_span,11.84,11.88,0.040000000000000924,11.88,28,0,0.0,False,,disabled_or_unavailable,,null,"[[0.9999999999377079, -4.1697359171452784e-07, -1.1153948716819856e-05], [4.16117554263804e-07, 0.999999997054834, -7.674737174444004e-05], [1.1153980685596874e-05, 7.674736709830541e-05, 0.9999999969927154]]",nan,nan,False,,disabled_or_unavailable,,null,nan
visual_span,11.88,11.92,0.03999999999999915,11.92,28,0,0.0,False,,disabled_or_unavailable,,null,"[[0.9999999997347102, -1.4224550341190739e-05, -1.811746164023817e-05], [1.4223649467525322e-05, 0.9999999986626452, -4.972321362807716e-05], [1.8118168906364073e-05, 4.972295591846247e-05, 0.9999999985996801]]",nan,nan,False,,disabled_or_unavailable,,null,nan
visual_span,11.92,11.96,0.040000000000000924,11.96,28,0,0.0,False,,disabled_or_unavailable,,null,"[[0.9999999999714227, 7.54935258925369e-06, -4.0235100502106814e-07], [-7.549376727963987e-06, 0.9999999981698253, -6.002796287104959e-05], [4.018978320277673e-07, 6.0027965906833466e-05, 0.9999999981982409]]",nan,nan,False,,disabled_or_unavailable,,null,nan
visual_span,11.96,12.0,0.03999999999999915,12.0,28,0,0.0,False,,disabled_or_unavailable,,null,"[[0.9999999979960998, 3.751038940091809e-06, 6.319596646789948e-05], [-3.7466728425456163e-06, 0.999999997606391, -6.908820799264684e-05], [-6.319622546919152e-05, 6.908797107958964e-05, 0.9999999956165447]]",nan,nan,False,,disabled_or_unavailable,,null,nan
visual_span,12.0,12.04,0.03999999999999915,12.04,28,0,0.0,False,,disabled_or_unavailable,,null,"[[0.9999999991644322, 7.597539613666595e-07, 4.0872473675653786e-05], [-7.577492079052051e-07, 0.9999999987968119, -4.904898089573095e-05], [-4.087251089163404e-05, 4.904894988366263e-05, 0.9999999979618195]]",nan,nan,False,,disabled_or_unavailable,,null,nan
visual_span,12.04,12.08,0.040000000000000924,12.08,28,0,0.0,False,,disabled_or_unavailable,,null,"[[0.9999999977187557, -1.0025017638015207e-05, 6.679810983020014e-05], [1.0029758415660977e-05, 0.9999999974312054, -7.097177644251436e-05], [-6.679739816529887e-05, 7.097244624951462e-05, 0.9999999952505096]]",nan,nan,False,,disabled_or_unavailable,,null,nan
visual_span,12.08,12.12,0.03999999999999915,12.12,28,0,0.0,False,,disabled_or_unavailable,,null,"[[0.9999999997417243, -1.800682835164184e-05, 1.3867451080491418e-05], [1.80076936128989e-05, 0.9999999978911364, -6.239752172423983e-05], [-1.3866327469783595e-05, 6.23977714289343e-05, 0.9999999979571218]]",nan,nan,False,,disabled_or_unavailable,,null,nan
visual_span,12.12,12.16,0.040000000000000924,12.16,28,0,0.0,False,,disabled_or_unavailable,,null,"[[0.9999999991550373, -2.233948604180132e-05, 3.450902925432298e-05], [2.234062236398952e-05, 0.9999999992083146, -3.292822260174053e-05], [-3.4508293627433486e-05, 3.2928993527108126e-05, 0.9999999988624297]]",nan,nan,False,,disabled_or_unavailable,,null,nan
visual_span,12.16,12.2,0.03999999999999915,12.2,28,0,0.0,False,,disabled_or_unavailable,,null,"[[0.9999999990254078, -7.63505641682118e-06, 4.3484370116732725e-05], [7.63824600344966e-06, 0.9999999972806813, -7.335049209394782e-05], [-4.348380996333952e-05, 7.335082416677726e-05, 0.9999999963644075]]",nan,nan,False,,disabled_or_unavailable,,null,nan
visual_span,12.2,12.24,0.040000000000000924,12.24,28,0,0.0,False,,disabled_or_unavailable,,null,"[[0.9999999984745531, -2.498749189276337e-05, 4.9259707564202e-05], [2.4990844791026073e-05, 0.9999999973712185, -6.806629582174642e-05], [-4.9258006628693974e-05, 6.806752675962111e-05, 0.9999999964702302]]",nan,nan,False,,disabled_or_unavailable,,null,nan
visual_span,12.24,12.28,0.03999999999999915,12.28,28,0,0.0,False,,disabled_or_unavailable,,null,"[[0.9999999997254708, -1.044333889703453e-05, 2.0976060457068727e-05], [1.0445242459455959e-05, 0.9999999958275563, -9.075122242552457e-05], [-2.0975112623776182e-05, 9.075144150064804e-05, 0.9999999956621103]]",nan,nan,False,,disabled_or_unavailable,,null,nan
visual_span,12.28,12.32,0.040000000000000924,12.32,28,0,0.0,False,,disabled_or_unavailable,,null,"[[0.9999999978838988, 2.988038683889983e-07, 6.505469730110758e-05], [-2.955946487265497e-07, 0.9999999987831777, -4.933110224941384e-05], [-6.505471196227173e-05, 4.933108291520382e-05, 0.9999999966671647]]",nan,nan,False,,disabled_or_unavailable,,null,nan
visual_span,12.32,12.36,0.03999999999999915,12.36,28,0,0.0,False,,disabled_or_unavailable,,null,"[[0.9999999979110753, 3.924115957129659e-06, 6.451706126397097e-05], [-3.920760426615661e-06, 0.9999999986397933, -5.201001565823253e-05], [-6.451726526954677e-05, 5.200976259364687e-05, 0.9999999965662538]]",nan,nan,False,,disabled_or_unavailable,,null,nan
visual_span,12.36,12.4,0.040000000000000924,12.4,28,0,0.0,False,,disabled_or_unavailable,,null,"[[0.999999998938837, -1.3230832244237466e-05, 4.412789725224152e-05], [1.3232630067688625e-05, 0.9999999990825279, -4.074115604974832e-05], [-4.4127358172354276e-05, 4.074173993465531e-05, 0.9999999981964436]]",nan,nan,False,,disabled_or_unavailable,,null,nan
visual_span,12.4,12.44,0.03999999999999915,12.44,28,0,0.0,False,,disabled_or_unavailable,,null,"[[0.9999999979580926, -4.4831471605964995e-06, 6.374728753703404e-05], [4.483524100319724e-06, 0.9999999999724681, -5.912889885603687e-06], [-6.374726102692345e-05, 5.913175686030115e-06, 0.9999999979506607]]",nan,nan,False,,disabled_or_unavailable,,null,nan
visual_span,12.44,12.48,0.040000000000000924,12.48,28,0,0.0,False,,disabled_or_unavailable,,null,"[[0.9999999993476753, -7.95349998154497e-06, 3.5233383783262365e-05], [7.955449015400723e-06, 0.9999999984383137, -5.531802165459403e-05], [-3.523294375635466e-05, 5.531830191589705e-05, 0.9999999978492625]]",nan,nan,False,,disabled_or_unavailable,,null,nan
visual_span,12.48,12.52,0.03999999999999915,12.52,28,0,0.0,False,,disabled_or_unavailable,,null,"[[0.9999999991155717, -1.8275406293039103e-06, 4.2018054344195014e-05], [1.8326102449107952e-06, 0.9999999927196817, -0.00012065354691632408], [-4.2017833539031134e-05, 0.00012065362381233151, 0.9999999918386024]]",nan,nan,False,,disabled_or_unavailable,,null,nan
visual_span,12.52,12.56,0.040000000000000924,12.56,28,0,0.0,False,,disabled_or_unavailable,,null,"[[0.9999999985653684, -1.165226550723787e-05, 5.2282775469597355e-05], [1.1652605609559339e-05, 0.9999999999109528, -6.504754937357204e-06], [-5.228269966981012e-05, 6.505364158587996e-06, 0.9999999986121001]]",nan,nan,False,,disabled_or_unavailable,,null,nan
visual_span,12.56,12.6,0.03999999999999915,12.6,28,0,0.0,False,,disabled_or_unavailable,,null,"[[0.999999999756819, 1.724349036392716e-05, 1.3748613919184982e-05], [-1.724285735549865e-05, 0.9999999987914825, -4.604040715014445e-05], [-1.3749407799886583e-05, 4.6040170073559646e-05, 0.9999999988456284]]",nan,nan,False,,disabled_or_unavailable,,null,nan
visual_span,12.6,12.64,0.040000000000000924,12.64,28,0,0.0,False,,disabled_or_unavailable,,null,"[[0.9999999991981753, 5.416241960871822e-06, 3.9677627190248426e-05], [-5.41343193944263e-06, 0.9999999974775354, -7.08210723908067e-05], [-3.967801067422701e-05, 7.082085754188629e-05, 0.999999996705031]]",nan,nan,False,,disabled_or_unavailable,,null,nan
visual_span,12.64,12.68,0.03999999999999915,12.68,28,0,0.0,False,,disabled_or_unavailable,,null,"[[0.9999999999051857, -1.0009271308967742e-05, 9.457470891025304e-06], [1.0010096970093855e-05, 0.9999999961386855, -8.730651518453524e-05], [-9.456596979909509e-06, 8.730660984645802e-05, 0.9999999961440647]]",nan,nan,False,,disabled_or_unavailable,,null,nan
visual_span,12.68,12.72,0.040000000000000924,12.72,28,0,0.0,False,,disabled_or_unavailable,,null,"[[0.9999999997057849, -1.1779491985238534e-05, -2.1205521562952675e-05], [1.177881425904314e-05, 0.9999999994199177, -3.1959733968980486e-05], [2.1205898020081858e-05, 3.195948418367769e-05, 0.9999999992644508]]",nan,nan,False,,disabled_or_unavailable,,null,nan
visual_span,12.72,12.8,0.08000000000000007,12.8,28,0,0.0,False,,disabled_or_unavailable,,null,"[[0.9999999998408355, -9.05414845025052e-06, 1.5373738100517483e-05], [9.054538701077346e-06, 0.9999999996368247, -2.5384371149939405e-05], [-1.537350826106941e-05, 2.538451034800572e-05, 0.9999999995596411]]",nan,nan,False,,disabled_or_unavailable,,null,nan
visual_span,12.8,12.88,0.08000000000000007,12.88,28,0,0.0,False,,disabled_or_unavailable,,null,"[[0.9999999914572193, 2.3670518878126204e-05, 0.00012855064282980025], [-2.3658647988733353e-05, 0.9999999954563528, -9.234480428634711e-05], [-0.00012855282809514463, 9.234176216305827e-05, 0.9999999874735845]]",nan,nan,False,,disabled_or_unavailable,,null,nan
visual_span,12.88,12.92,0.03999999999999915,12.92,27,0,0.0,False,,disabled_or_unavailable,,null,"[[0.9999932812329032, -2.232345248056579e-05, 0.0036656501081507417], [2.243271193051346e-05, 0.9999999993054037, -2.976518272817191e-05], [-0.0036656494411429525, 2.9847213215755765e-05, 0.9999932810390871]]",nan,nan,False,,disabled_or_unavailable,,null,nan
visual_span,12.92,12.96,0.040000000000000924,12.96,27,0,0.0,False,,disabled_or_unavailable,,null,"[[0.9999889919824309, -2.1003149536845084e-05, 0.004692064879094494], [2.1175512432684423e-05, 0.9999999991028932, -3.6685301397991226e-05], [-0.00469206410437834, 3.678425444373114e-05, 0.9999889915300864]]",nan,nan,False,,disabled_or_unavailable,,null,nan
visual_span,12.96,13.08,0.11999999999999922,13.08,28,0,0.0,False,,disabled_or_unavailable,,null,"[[0.9999537863814636, 1.0987541332211538e-05, 0.009613791169384153], [-8.420176682281365e-06, 0.9999999642958518, -0.00026709061380902254], [-0.009613793760801084, 0.0002669973207650485, 0.9999537507714823]]",nan,nan,False,,disabled_or_unavailable,,null,nan
visual_span,13.08,13.12,0.03999999999999915,13.12,28,0,0.0,False,,disabled_or_unavailable,,null,"[[0.9999978340462997, 8.704048384301276e-07, 0.002081322164252837], [-8.447496738396679e-07, 0.9999999999236625, -1.2327257477655979e-05], [-0.002081322174823659, 1.2325472581167624e-05, 0.9999978339706977]]",nan,nan,False,,disabled_or_unavailable,,null,nan
visual_span,13.12,13.44,0.3200000000000003,13.44,29,0,0.0,False,,disabled_or_unavailable,,null,"[[0.9999928883128769, -5.31214079096299e-05, -0.0037710080596861043], [5.190299812934833e-05, 0.9999999464250967, -0.00032319635304417087], [0.0037710250263000167, 0.00032299832794856106, 0.9999928374955149]]",nan,nan,False,,disabled_or_unavailable,,null,nan
visual_span,13.44,13.64,0.20000000000000107,13.64,29,0,0.0,False,,disabled_or_unavailable,,null,"[[0.999923182360335, -5.728422164096057e-05, -0.012394599505367754], [5.336119012503681e-05, 0.9999999483819165, -0.0003168418340581654], [0.012394617015620127, 0.0003161561044355963, 0.9999231338029708]]",nan,nan,False,,disabled_or_unavailable,,null,nan
visual_span,13.64,14.04,0.3999999999999986,14.04,28,0,0.0,False,,disabled_or_unavailable,,null,"[[0.9999188358025434, -2.429463368917151e-05, -0.012740534410180835], [1.7875354733037426e-05, 0.9999998728521106, -0.0005039605482179073], [0.012740545033785688, 0.000503691903092391, 0.9999187090992491]]",nan,nan,False,,disabled_or_unavailable,,null,nan
visual_span,14.04,14.28,0.2400000000000002,14.28,29,0,0.0,False,,disabled_or_unavailable,,null,"[[0.9999958025203624, 1.099748477179025e-05, 0.0028973816993858644], [-1.0260440882262588e-05, 0.9999999675883224, -0.0002543974793616741], [-0.0028973844032092683, 0.0002543666831197947, 0.9999957702216598]]",nan,nan,False,,disabled_or_unavailable,,null,nan
visual_span,14.28,14.56,0.28000000000000114,14.56,29,0,0.0,False,,disabled_or_unavailable,,null,"[[0.9999811887861784, 1.5252546421285583e-05, 0.006133664576867057], [-1.4109975193495761e-05, 0.9999999825425184, -0.0001863219569569115], [-0.006133667311673019, 0.0001862319061597147, 0.9999811715442382]]",nan,nan,False,,disabled_or_unavailable,,null,nan
visual_span,14.56,14.64,0.08000000000000007,14.64,28,0,0.0,False,,disabled_or_unavailable,,null,"[[0.9999983151516831, 1.890860992397557e-05, 0.0018355751849351112], [-1.8654776560104054e-05, 0.9999999902622109, -0.00013830248539850452], [-0.001835577782168415, 0.00013826801013486055, 0.9999983057666463]]",nan,nan,False,,disabled_or_unavailable,,null,nan
visual_span,14.64,14.76,0.11999999999999922,14.76,28,0,0.0,False,,disabled_or_unavailable,,null,"[[0.9999973161014726, 1.664398922003288e-05, 0.002316789336441155], [-1.647666092959232e-05, 0.999999997254714, -7.224328246052674e-05], [-0.0023167905324973197, 7.220491561454549e-05, 0.9999973136304312]]",nan,nan,False,,disabled_or_unavailable,,null,nan
visual_span,14.76,15.0,0.2400000000000002,15.0,28,0,0.0,False,,disabled_or_unavailable,,null,"[[0.9999986449957134, 8.693694726298348e-05, 0.0016439126206748565], [-8.65427541115096e-05, 0.9999999674889539, -0.00023985921508632108], [-0.0016439334198574697, 0.00023971662135034456, 0.9999986200084742]]",nan,nan,False,,disabled_or_unavailable,,null,nan
visual_span,15.0,15.28,0.27999999999999936,15.28,28,0,0.0,False,,disabled_or_unavailable,,null,"[[0.9999966455532922, 5.4730156901725634e-05, -0.002589572700932173], [-5.542036277313497e-05, 0.9999999629633671, -0.0002664617191586198], [0.0025895580215314217, 0.00026660434038549625, 0.9999966115499487]]",nan,nan,False,,disabled_or_unavailable,,null,nan
visual_span,15.28,15.36,0.08000000000000007,15.36,29,0,0.0,False,,disabled_or_unavailable,,null,"[[0.99999929284868, 1.5267166707552322e-05, -0.0011891463550027397], [-1.550494227160854e-05, 0.9999999798906221, -0.00019994587354934943], [0.0011891432784827622, 0.0001999641698029478, 0.9999992729760327]]",nan,nan,False,,disabled_or_unavailable,,null,nan
visual_span,15.36,15.48,0.120000000000001,15.48,28,0,0.0,False,,disabled_or_unavailable,,null,"[[0.9999990612707074, 3.754740303901007e-05, -0.001369688978290827], [-3.7613756713909e-05, 0.9999999981204221, -4.841860990932384e-05], [0.0013696871577233286, 4.847008360535954e-05, 0.9999990608034297]]",nan,nan,False,,disabled_or_unavailable,,null,nan
visual_span,15.48,15.52,0.03999999999999915,15.52,28,0,0.0,False,,disabled_or_unavailable,,null,"[[0.999999920863522, 1.1266553939533966e-05, -0.000397675766131663], [-1.12840518303909e-05, 0.9999999989684154, -4.3998178891856685e-05], [0.00039767527001357097, 4.400266280395247e-05, 0.9999999199590697]]",nan,nan,False,,disabled_or_unavailable,,null,nan
visual_span,15.52,15.6,0.08000000000000007,15.6,28,0,0.0,False,,disabled_or_unavailable,,null,"[[0.9999998660514319, 2.4728744545859324e-05, -0.0005169967196765336], [-2.4786004537099906e-05, 0.9999999935601652, -0.00011074892404658939], [0.0005169939776653085, 0.00011076172349496911, 0.9999998602245244]]",nan,nan,False,,disabled_or_unavailable,,null,nan
visual_span,15.6,15.68,0.08000000000000007,15.68,28,0,0.0,False,,disabled_or_unavailable,,null,"[[0.9999999551278443, 3.735874493778257e-05, -0.00029723498107690023], [-3.7395206967195264e-05, 0.9999999917773124, -0.00012266610903716011], [0.00029723039598094974, 0.0001226772186965026, 0.9999999483021947]]",nan,nan,False,,disabled_or_unavailable,,null,nan
visual_span,15.68,15.72,0.040000000000000924,15.72,28,0,0.0,False,,disabled_or_unavailable,,null,"[[0.9999999987564494, 5.671542009880878e-06, -4.9547301475267126e-05], [-5.6753434084852665e-06, 0.9999999970407004, -7.672281269449283e-05], [4.95468661919865e-05, 7.672309379703495e-05, 0.9999999958293376]]",nan,nan,False,,disabled_or_unavailable,,null,nan
visual_span,15.72,15.76,0.03999999999999915,15.76,29,0,0.0,False,,disabled_or_unavailable,,null,"[[0.9999999931781861, 2.2418555743373912e-05, 0.0001146343596571666], [-2.2412007734257433e-05, 0.9999999981174017, -5.712178984967056e-05], [-0.00011463564002938603, 5.711922027384109e-05, 0.9999999917980326]]",nan,nan,False,,disabled_or_unavailable,,null,nan
visual_span,15.76,15.8,0.040000000000000924,15.8,28,0,0.0,False,,disabled_or_unavailable,,null,"[[0.9999999917443205, 1.831971156478433e-05, 0.00012718391319633973], [-1.8312810500509217e-05, 0.9999999983601675, -5.42614647176138e-05], [-0.0001271849070421621, 5.4259135174747436e-05, 0.9999999904399731]]",nan,nan,False,,disabled_or_unavailable,,null,nan
visual_span,15.8,15.88,0.08000000000000007,15.88,28,0,0.0,False,,disabled_or_unavailable,,null,"[[0.9999998440083785, 3.3240385330028966e-05, 0.000557564610965761], [-3.3161739641821385e-05, 0.9999999895010742, -0.00014106080376326459], [-0.0005575692940274037, 0.00014104229194649874, 0.9999998346117633]]",nan,nan,False,,disabled_or_unavailable,,null,nan
visual_span,15.88,16.08,0.1999999999999975,16.08,26,0,0.0,False,,disabled_or_unavailable,,null,"[[0.9999985149317342, 2.8278181815893005e-05, 0.0017231757516105682], [-2.808223006804569e-05, 0.9999999931373502, -0.0001137395634946562], [-0.0017231789561330724, 0.00011369100396573547, 0.9999985088632088]]",nan,nan,False,,disabled_or_unavailable,,null,nan
visual_span,16.08,16.24,0.16000000000000014,16.24,27,0,0.0,False,,disabled_or_unavailable,,null,"[[0.9999988436135907, 6.1834705448922e-05, 0.0015195222772701404], [-6.173354569767426e-05, 0.9999999958753591, -6.66202039610091e-05], [-0.0015195263904433452, 6.652632142436814e-05, 0.9999988433062299]]",nan,nan,False,,disabled_or_unavailable,,null,nan
visual_span,16.24,16.4,0.16000000000000014,16.4,29,0,0.0,False,,disabled_or_unavailable,,null,"[[0.9999995809242518, 7.075302710119754e-05, 0.0009127679496512841], [-7.067556938717762e-05, 0.9999999938991371, -8.489222349680567e-05], [-0.0009127739504644018, 8.482767752597362e-05, 0.999999579823902]]",nan,nan,False,,disabled_or_unavailable,,null,nan
visual_span,16.4,16.72,0.3200000000000003,16.72,29,0,0.0,False,,disabled_or_unavailable,,null,"[[0.9999996431964823, 8.097946274660138e-05, -0.0008408621972053369], [-8.095970262154674e-05, 0.9999999964458421, 2.353384896278655e-05], [0.0008408640999752253, -2.3465764612395012e-05, 0.999999646198399]]",nan,nan,False,,disabled_or_unavailable,,null,nan
visual_span,16.72,17.2,0.4800000000000004,17.2,29,0,0.0,False,,disabled_or_unavailable,,null,"[[0.99999426371792, 0.00011791787819659941, -0.003385059324349766], [-0.00011554201872516031, 0.9999997468855012, 0.0007020533995463886], [0.003385141252189426, -0.0007016582557822137, 0.9999940242293426]]",nan,nan,False,,disabled_or_unavailable,,null,nan
visual_span,17.2,18.04,0.8399999999999999,18.04,28,0,0.0,False,,disabled_or_unavailable,,null,"[[0.9999969583263794, 0.00019463249543329883, 0.0024587509392561924], [-0.00019559937163353563, 0.9999999036441983, 0.0003930044273009319], [-0.0024586742109088725, -0.00039348416204845445, 0.9999969000408646]]",nan,nan,False,,disabled_or_unavailable,,null,nan
visual_span,18.04,19.36,1.3200000000000003,19.36,30,26,0.8666666666666667,False,,disabled_or_unavailable,,null,"[[0.999998725851667, 0.000129249980121475, -0.0015910969438677806], [-0.0001283316975698955, 0.9999998251702024, 0.0005772265932568103], [0.0015911712722223282, -0.0005770216696127041, 0.9999985676089617]]",nan,nan,False,,disabled_or_unavailable,,null,nan
visual_span,19.36,20.52,1.1600000000000001,20.52,39,32,0.8205128205128205,True,0.5058550299757136,,0.18194362931369734,"[[0.9999996476439441, -0.0005712768013110347, 0.0006151055225938], [0.0005724274860297469, 0.9999980836644682, -0.001872162964165245], [-0.0006140348205755299, 0.0018725144078052282, 0.9999980583236308]]","[[0.999999199370646, 0.00020459103049724127, -0.0012487596156555464], [-0.00020386788644069279, 0.9999998114885686, 0.0005791897034042287], [0.0012488778772683563, -0.0005789346577044342, 0.9999990525689063]]",0.1412547326785991,0.10809012785954815,False,,disabled_or_unavailable,,"[0.024657430408691453, 0.006358821538910452, 0.9996757356834651]",0.4642938831099097
visual_span,20.52,21.6,1.0800000000000018,21.6,41,30,0.7317073170731707,True,1.1059521521565103,,0.27439200069995623,"[[0.9999877581236032, 0.003283831524284082, -0.0037013583250170303], [-0.0032794375425088773, 0.9999939115127028, 0.0011925715616061298], [0.0037052519934328526, -0.0011804185888431397, 0.9999924388312245]]","[[0.9999999728444396, 5.1883332408469156e-05, -0.00022719867917115968], [-5.176096569767398e-05, 0.999999853636001, 0.0005385617688781484], [0.00022722658829672963, -0.0005385499942301626, 0.999999829165976]]",0.3011120963422727,0.28219848512926726,False,,disabled_or_unavailable,,"[0.0011462615599364403, 0.08527215466694951, 0.9963570372727301]",4.997270790008656
visual_span,21.6,22.88,1.2799999999999976,22.88,36,27,0.75,False,,disabled_or_unavailable,,null,"[[0.999999045466251, 0.0013682010358420395, 0.00019259416509639915], [-0.0013681426749445117, 0.9999990182388552, -0.00030283154860938284], [-0.00019300831045342414, 0.00030256776325023575, 0.9999999356002683]]",nan,nan,False,,disabled_or_unavailable,,null,nan
visual_span,22.88,24.16,1.2800000000000011,24.16,35,26,0.7428571428571429,False,,disabled_or_unavailable,,null,"[[0.9999992596923349, 0.0012080681534304973, -0.00014555452383798004], [-0.0012081321045683553, 0.9999991733736672, -0.00044007817592261566], [0.00014502275908942583, 0.00044025369922258244, 0.9999998925725344]]",nan,nan,False,,disabled_or_unavailable,,null,nan
visual_span,24.16,25.28,1.120000000000001,25.28,31,26,0.8387096774193549,False,,disabled_or_unavailable,,null,"[[0.9999996068792195, 0.0008566521776639019, -0.00022888524025312532], [-0.0008566975305194164, 0.9999996134083955, -0.0001981221873566461], [0.0002287154299647704, 0.00019831819489079437, 0.999999954179572]]",nan,nan,False,,disabled_or_unavailable,,null,nan
visual_span,25.28,26.44,1.1600000000000001,26.44,34,25,0.7352941176470589,False,,disabled_or_unavailable,,null,"[[0.9999996932344386, 0.0007635733134236776, 0.0001746047661685193], [-0.0007634853631525903, 0.9999995819279257, -0.0005032236825624021], [-0.00017498894134582993, 0.0005030902200074002, 0.9999998581395407]]",nan,nan,False,,disabled_or_unavailable,,null,nan
visual_span,26.44,27.64,1.1999999999999993,27.64,31,25,0.8064516129032258,False,,disabled_or_unavailable,,null,"[[0.9999998664081976, 0.00048477625720665747, -0.00017937549390517127], [-0.0004846921694532457, 0.999999772777714, 0.00046852750346952046], [0.0001796025841565918, -0.00046844049898079904, 0.9999998741531976]]",nan,nan,False,,disabled_or_unavailable,,null,nan
visual_span,27.64,28.76,1.120000000000001,28.76,38,27,0.7105263157894737,False,,disabled_or_unavailable,,null,"[[0.9999999380005397, 0.0003376765564652376, -9.98672138569218e-05], [-0.0003376965243512319, 0.9999999229815001, -0.000199995129156861], [9.979967249877527e-05, 0.000200028841568287, 0.9999999750142438]]",nan,nan,False,,disabled_or_unavailable,,null,nan
visual_span,28.76,29.84,1.0799999999999983,29.84,41,32,0.7804878048780488,False,57.37348380616156,Mahalanobis gate,1.8797622811254735,"[[0.999545715478385, -0.004178464366987797, 0.02984800000564695], [0.003806276547352138, 0.999914434949792, 0.012515392038732214], [-0.02989774117970059, -0.012396096747440214, 0.999476093689979]]","[[0.9999999329653234, 0.0003648377507450527, -3.102844564413066e-05], [-0.0003648471082797812, 0.9999998878080081, -0.00030211017664497574], [3.09182209656632e-05, 0.0003021214770317854, 0.9999999538833373]]",1.8698014422201883,1.8677990579659716,False,,disabled_or_unavailable,,"[0.12439380857194057, -0.021300801276044973, 0.9920042622156248]",6.155724435976919
visual_span,29.84,31.08,1.2399999999999984,31.08,39,23,0.5897435897435898,False,,disabled_or_unavailable,,null,"[[0.9999998172842361, 0.0003562214799740455, 0.0004884032676544936], [-0.0003558991242383707, 0.9999997189023598, -0.0006599477366023897], [-0.0004886382179249256, 0.0006597737937243013, 0.9999996629655599]]",nan,nan,False,,disabled_or_unavailable,,null,nan
visual_span,31.08,32.24,1.1600000000000037,32.24,30,26,0.8666666666666667,False,,disabled_or_unavailable,,null,"[[0.99999988713601, 0.00036222694780886156, 0.0003074404096549654], [-0.0003622198788661568, 0.9999999341327663, -2.3048256429535524e-05], [-0.0003074487381042949, 2.2936892800273556e-05, 0.999999952474585]]",nan,nan,False,,disabled_or_unavailable,,null,nan
visual_span,32.24,33.24,1.0,33.24,29,0,0.0,False,,disabled_or_unavailable,,null,"[[0.9999998767780902, 0.00030146922912526066, 0.00039441109097990666], [-0.00030156279333999294, 0.9999999264010658, 0.00023718715204091795], [-0.00039433955732378647, -0.00023730606252458423, 0.9999998940910677]]",nan,nan,False,,disabled_or_unavailable,,null,nan
visual_span,33.24,34.44,1.1999999999999957,34.44,30,26,0.8666666666666667,False,,disabled_or_unavailable,,null,"[[0.9999995843025707, 0.00033981878084840116, 0.0008461193070846985], [-0.00034021459185198504, 0.9999998327573413, 0.00046769575653880075], [-0.000845960233775661, -0.000467983424253595, 0.9999995326712895]]",nan,nan,False,,disabled_or_unavailable,,null,nan
visual_span,34.44,34.76,0.3200000000000003,34.76,29,0,0.0,False,,disabled_or_unavailable,,null,"[[0.999999976684191, 9.487215623222133e-05, 0.0001939868330797393], [-9.481820796732165e-05, 0.999999956836894, -0.0002780930016202751], [-0.00019401320798936189, 0.0002780746016524299, 0.9999999425166939]]",nan,nan,False,,disabled_or_unavailable,,null,nan
visual_span,34.76,36.04,1.2800000000000011,36.04,30,29,0.9666666666666667,False,,disabled_or_unavailable,,null,"[[0.999999999258366, 3.7821185550853114e-05, -7.268134986936631e-06], [-3.782636291861045e-05, 0.9999997446271915, -0.0007136628881707641], [7.241141554338323e-06, 0.0007136631625685993, 0.9999997453161956]]",nan,nan,False,,disabled_or_unavailable,,null,nan
visual_span,36.04,37.24,1.2000000000000028,37.24,34,34,1.0,True,0.5123871592918744,,0.18076504367500576,"[[0.9999960441618503, 0.0002522762705971937, -0.0028014313009268434], [-0.0002550242946031384, 0.999999486671592, -0.0009806218238435748], [0.0028011824752559884, 0.0009813323777037519, 0.999995595172051]]","[[0.9999999719492179, 1.228965224923733e-05, 0.0002365386396479854], [-1.1864451663731516e-05, 0.9999983844034657, -0.0017975120843940332], [-0.00023656034829540995, 0.0017975092275711564, 0.9999983564985387]]",0.17065340301643558,0.17070639601338092,False,,disabled_or_unavailable,,"[0.033935151641694604, 0.00330790604449743, 0.9994185625855947]",0.851153015516524
visual_span,37.24,38.4,1.1599999999999966,38.4,32,30,0.9375,True,1.5273401150359927,,0.3083251841179986,"[[0.9999872753050356, -4.00815992934203e-05, 0.005044563556593844], [3.607080052662312e-05, 0.999999683208125, 0.0007951619628149675], [-0.0050445938298802635, -0.0007949698831757495, 0.999986959962967]]","[[0.9999999767018409, 0.00020350388100322375, -7.198950263127913e-05], [-0.0002035653265188234, 0.999999614144742, -0.0008545592578949001], [7.181556872822215e-05, 0.0008545738925518514, 0.9999996322729258]]",0.2925856872513991,0.2926348829237403,False,,disabled_or_unavailable,,"[0.0652121063465305, 0.008127762911811137, 0.9978383239061821]",2.6653917972854164
visual_span,38.4,39.44,1.0399999999999991,39.44,34,29,0.8529411764705882,False,,disabled_or_unavailable,,null,"[[0.9999996843005994, -1.9400238238732582e-05, -0.0007943691415313664], [1.8967605000728294e-05, 0.9999998515098167, -0.0005446288415570411], [0.0007943795895046247, 0.0005446136023379407, 0.9999995361784387]]",nan,nan,False,,disabled_or_unavailable,,null,nan
visual_span,39.44,40.52,1.0800000000000054,40.52,33,27,0.8181818181818182,False,,disabled_or_unavailable,,null,"[[0.9654995391234538, 2.6751430223177754e-05, 0.2604047603957333], [-8.289188479413638e-05, 0.9999999756324471, 0.00020460703910916384], [-0.2604047485767756, -0.00021913344335987997, 0.9654995178140693]]",nan,nan,False,,disabled_or_unavailable,,null,nan
visual_span,40.52,41.64,1.1199999999999974,41.64,42,37,0.8809523809523809,True,6.365318784668618,,0.6293065723581318,"[[0.9995518909504255, -0.00047850208411317477, -0.02992972323935054], [0.0004977401473497977, 0.9999996743067829, 0.0006353275326028267], [0.02992940948589425, -0.0006499400614413167, 0.9995518035728524]]","[[0.9991630308278521, -0.0006228407758494454, -0.04090048772654005], [0.0006624481531443884, 0.999999324722974, 0.0009548382274507752], [0.04089986539519794, -0.0009811335098471616, 0.9991627687157337]]",0.5344572519413597,3.965639231400162,False,,disabled_or_unavailable,,"[0.9753598842056551, -0.04055392063758666, 0.21686049848520453]",18.13755777472234
visual_span,41.64,42.96,1.3200000000000003,42.96,38,33,0.868421052631579,True,1.7809388696102697,,0.3456643302427578,"[[0.99986447503746, -0.002586996584811114, -0.016258505673482936], [0.002601167363895509, 0.9999962552776166, 0.0008505051962686304], [0.01625624453585471, -0.0008926810259273397, 0.9998674600336669]]","[[0.9999398003771914, -0.000924405359845187, -0.010933485096426894], [0.0009089051409410852, 0.9999985750959646, -0.001422567216642626], [0.01093478454601966, 0.0014125440778202188, 0.9999392157557182]]",0.1381129328641332,1.8847205913492613,False,,disabled_or_unavailable,,"[0.997450567698492, -0.03655476204655589, -0.061287146855405275]",3.5479492720438355
visual_span,42.96,44.04,1.0799999999999983,44.04,54,52,0.9629629629629629,True,4.756081308375524,,0.5420952269500349,"[[0.9999693406544862, -0.007619642883577348, 0.00180521282932343], [0.0076075698717444, 0.9999492619741319, 0.006602905272338686], [-0.0018554330165575091, -0.006588969548852098, 0.9999765711498473]]","[[0.9999888983369966, -0.0012473781029091917, 0.004543924584354899], [0.0012467200770790979, 0.9999992119448293, 0.00014764406429529058], [-0.004544105171464462, -0.0001419774231925958, 0.9999896654218993]]",0.5258131474438152,0.6961406024328664,False,,disabled_or_unavailable,,"[0.9999608506911469, -0.008765015016137585, -0.0012130938977866178]",1.2473317068108625
visual_span,44.04,45.12,1.0799999999999983,45.12,37,33,0.8918918918918919,True,2.7202854302522104,,0.4055674472861112,"[[0.9999589587281698, -0.003972600596309928, -0.008142438441671397], [0.003978006863286114, 0.9999918778276315, 0.0006478735700306573], [0.008139798564452237, -0.0006802376564802116, 0.999966639921583]]","[[0.999886871798096, -0.0019294914862342208, -0.014917126681194107], [0.0019371869662446366, 0.9999979979252956, 0.0005014499560226776], [0.014916129272571198, -0.0005302904912714373, 0.9998886077356413]]",0.3175353045605967,1.2221920369381853,False,,disabled_or_unavailable,,"[0.9982870405483033, 0.0017512802034231854, 0.05848006233716925]",3.4702638513527764
visual_span,45.12,46.12,1.0,46.12,29,0,0.0,False,,disabled_or_unavailable,,null,"[[0.9978785904634171, -0.0015454136942751042, -0.06508402562270872], [0.0014849235827401747, 0.9999984194737431, -0.000977779100303929], [0.0650854338289089, 0.0008790600258890469, 0.9978793081113434]]",nan,nan,False,,disabled_or_unavailable,,null,nan
visual_span,46.12,46.16,0.03999999999999915,46.16,28,0,0.0,False,,disabled_or_unavailable,,null,"[[0.9999993225077196, -3.450474106102607e-05, 0.0011635263316864119], [3.4724195674107534e-05, 0.9999999816136496, -0.00018859196921239545], [-0.001163519802976345, 0.00018863224395880562, 0.999999305319531]]",nan,nan,False,,disabled_or_unavailable,,null,nan
visual_span,46.16,46.2,0.04000000000000625,46.2,29,0,0.0,False,,disabled_or_unavailable,,null,"[[0.9999994208418608, -4.095548999883917e-05, 0.0010754713342250985], [4.108531960135328e-05, 0.9999999918721179, -0.00012069697849434802], [-0.0010754663822798987, 0.0001207410946751993, 0.9999994143966527]]",nan,nan,False,,disabled_or_unavailable,,null,nan
visual_span,46.2,46.6,0.3999999999999986,46.6,28,0,0.0,False,,disabled_or_unavailable,,null,"[[0.9999929121721891, -0.0003354988962451836, 0.003750072782646132], [0.00033615394745373337, 0.9999999283539073, -0.00017404799380367258], [-0.003750014121058255, 0.000175307361950587, 0.9999929533058824]]",nan,nan,False,,disabled_or_unavailable,,null,nan
visual_span,46.6,46.96,0.35999999999999943,46.96,29,0,0.0,False,,disabled_or_unavailable,,null,"[[0.9999983455117273, -0.0002760385904726775, -0.0017979923540307535], [0.0002773116424618046, 0.9999997110374237, 0.0007078300095303119], [0.0017977964460801255, -0.0007083274426466918, 0.9999981330983437]]",nan,nan,False,,disabled_or_unavailable,,null,nan
visual_span,46.96,47.08,0.11999999999999744,47.08,29,0,0.0,False,,disabled_or_unavailable,,null,"[[0.9999999367403561, -8.120839038834478e-05, -0.00034630114213990345], [8.127124749874488e-05, 0.9999999802264101, 0.00018149976232518267], [0.00034628639598873243, -0.0001815278951694043, 0.9999999235666747]]",nan,nan,False,,disabled_or_unavailable,,null,nan
visual_span,47.08,48.2,1.1200000000000045,48.2,30,24,0.8,False,,disabled_or_unavailable,,null,"[[0.9999982403782108, -0.0006504074990486508, 0.0017596052306392777], [0.0006500555449027414, 0.9999997685970299, 0.00020058333848840877], [-0.0017597352843689378, -0.00019943914440057886, 0.9999984317766489]]",nan,nan,False,,disabled_or_unavailable,,null,nan
visual_span,48.2,48.48,0.27999999999999403,48.48,29,0,0.0,False,,disabled_or_unavailable,,null,"[[0.9999999663564033, -0.00016798991251111447, 0.00019765267922944996], [0.00016799235601386108, 0.9999999858130714, -1.234607165442634e-05], [-0.00019765060240986841, 1.2379275378316292e-05, 0.9999999803904963]]",nan,nan,False,,disabled_or_unavailable,,null,nan
visual_span,48.48,48.56,0.0800000000000054,48.56,21,0,0.0,False,,disabled_or_unavailable,,null,"[[0.9999999943907563, -4.47300546749073e-05, 9.600890713974919e-05], [4.4732503790320514e-05, 0.9999999986741918, -2.550725629653135e-05], [-9.600776607149102e-05, 2.5511550872257454e-05, 0.999999995065835]]",nan,nan,False,,disabled_or_unavailable,,null,nan
visual_span,48.56,48.6,0.03999999999999915,48.6,29,0,0.0,False,,disabled_or_unavailable,,null,"[[0.9999999983916676, -4.172713685288005e-05, 3.8412383985785094e-05], [4.1728490016964957e-05, 0.9999999985088904, -3.52271598621393e-05], [-3.841091399998751e-05, 3.522876269626399e-05, 0.9999999986417683]]",nan,nan,False,,disabled_or_unavailable,,null,nan
visual_span,48.6,49.2,0.6000000000000014,49.2,29,0,0.0,False,,disabled_or_unavailable,,null,"[[0.9999999346054843, -0.000298531569558418, 0.00020412723849887282], [0.0002984418114707134, 0.9999998588397208, 0.000439605532424343], [-0.00020425844581379598, -0.00043954458357372384, 0.9999998825395165]]",nan,nan,False,,disabled_or_unavailable,,null,nan
visual_span,49.2,49.8,0.5999999999999943,49.8,29,0,0.0,False,,disabled_or_unavailable,,null,"[[0.9999999406957686, -0.00019533357272443622, 0.00028364282970142596], [0.00019519521696021968, 0.999999862010385, 0.00048772742205395193], [-0.0002837380601015265, -0.00048767202740596923, 0.9999998408343409]]",nan,nan,False,,disabled_or_unavailable,,null,nan
visual_span,49.8,50.24,0.44000000000000483,50.24,29,0,0.0,False,,disabled_or_unavailable,,null,"[[0.9999999659415922, -0.0002211123400791053, 0.00013865838366464275], [0.00022107500017587144, 0.999999939314664, 0.00026925176417768925], [-0.00013871791013775992, -0.0002692211011052098, 0.999999954138669]]",nan,nan,False,,disabled_or_unavailable,,null,nan
visual_span,50.24,50.68,0.4399999999999977,50.68,29,0,0.0,False,,disabled_or_unavailable,,null,"[[0.9999999511289848, -0.00031229863510740983, -1.4546173028201819e-05], [0.0003123042221473644, 0.999999876856727, 0.0003856845917770447], [1.442572246534453e-05, -0.00038568911575949985, 0.9999999255178997]]",nan,nan,False,,disabled_or_unavailable,,null,nan
visual_span,50.68,51.76,1.0799999999999983,51.76,58,57,0.9827586206896551,False,,disabled_or_unavailable,,null,"[[0.9999996977327719, -0.0004517246136317039, 0.0006328342898550346], [0.0004507177064231521, 0.999998633823559, 0.0015903473094814767], [-0.0006335518243156524, -0.001590061599151934, 0.9999985351570255]]",nan,nan,False,,disabled_or_unavailable,,null,nan
visual_span,51.76,52.76,1.0,52.76,70,67,0.9571428571428572,False,,disabled_or_unavailable,,null,"[[0.9999994133848179, -0.0009427946471876799, 0.0005332619184729683], [0.0009424740717820227, 0.9999993752155927, 0.0006010915476197406], [-0.0005338282911928023, -0.0006005886094786832, 0.9999996771602869]]",nan,nan,False,,disabled_or_unavailable,,null,nan
visual_span,52.76,53.8,1.0399999999999991,53.8,59,57,0.9661016949152542,True,0.3696595839159584,,0.15060937541607283,"[[0.9999991940551953, 0.0007589316697343247, -0.0010177974653244064], [-0.0007598590583926816, 0.9999992962596626, -0.0009110951602049575], [0.0010171052900880535, 0.0009118678085361824, 0.9999990669965291]]","[[0.9999999042616468, -0.0004373421973732579, -1.4439533045628579e-05], [0.00043735925132279657, 0.9999991807873061, 0.0012029719873196923], [1.3913410804266942e-05, -0.0012029781874124974, 0.9999992763246871]]",0.07254478328097043,0.1226244665286436,False,,disabled_or_unavailable,,"[0.9989156294835331, 0.0436071793883147, -0.016308865052872563]",2.478229943918864
visual_span,53.8,54.84,1.0400000000000063,54.84,60,57,0.95,False,,disabled_or_unavailable,,null,"[[0.9999999022450307, -0.00021044701270656147, -0.00038887270948565297], [0.0002108616709463159, 0.999999408977125, 0.0010665752464998114], [0.0003886480220785335, -0.0010666571405860885, 0.9999993555974221]]",nan,nan,False,,disabled_or_unavailable,,null,nan
visual_span,54.84,56.0,1.1599999999999966,56.0,49,49,1.0,False,,disabled_or_unavailable,,null,"[[0.9999996945600049, -0.0002503364304926146, -0.0007404131065343454], [0.00025088032206134887, 0.9999996987278809, 0.0007345768928681628], [0.0007402289921112367, -0.0007347624235776261, 0.9999994560924621]]",nan,nan,False,,disabled_or_unavailable,,null,nan
visual_span,56.0,57.2,1.2000000000000028,57.2,50,50,1.0,False,,disabled_or_unavailable,,null,"[[0.9999991888134917, 0.0005014041205291225, -0.0011708826869949753], [-0.0004993275443400528, 0.9999983033345622, 0.0017731328209518577], [0.001171769756501459, -0.0017725467286336283, 0.9999977425143183]]",nan,nan,False,,disabled_or_unavailable,,null,nan
visual_span,57.2,58.28,1.0799999999999983,58.28,45,45,1.0,False,,disabled_or_unavailable,,null,"[[0.9999992674447673, 0.0006010641505655739, -0.0010506340065980476], [-0.0005998107570342131, 0.9999991086126507, 0.0011928960389809634], [0.0010513500771205686, -0.0011922649835398645, 0.9999987365828141]]",nan,nan,False,,disabled_or_unavailable,,null,nan
visual_span,58.28,59.44,1.1599999999999966,59.44,29,0,0.0,False,,disabled_or_unavailable,,null,"[[0.999998723189629, 0.001128768944049117, -0.0011311497613096845], [-0.0011282963773637767, 0.9999992759748025, 0.0004183266132249033], [0.001131621136418233, -0.0004170498069232035, 0.9999992727512665]]",nan,nan,False,,disabled_or_unavailable,,null,nan
visual_span,59.44,60.08,0.6400000000000006,60.08,28,0,0.0,False,,disabled_or_unavailable,,null,"[[0.9999996802701622, 0.0007652826652236791, -0.0002319526161535067], [-0.0007653012846186856, 0.9999997039413666, -8.019428364016222e-05], [0.00023189117618681228, 8.037177163476985e-05, 0.9999999698834301]]",nan,nan,False,,disabled_or_unavailable,,null,nan
visual_span,60.08,60.6,0.5200000000000031,60.6,29,0,0.0,False,,disabled_or_unavailable,,null,"[[0.9999996482370928, 0.0007736625518634737, -0.00032399374449155175], [-0.0007737340791234292, 0.999999676313426, -0.00022070028944324744], [0.00032382289206999896, 0.00022095089681060793, 0.9999999231597149]]",nan,nan,False,,disabled_or_unavailable,,null,nan
visual_span,60.6,60.84,0.240000000000002,60.84,29,0,0.0,False,,disabled_or_unavailable,,null,"[[0.9999999132239508, 0.0004084000432430918, -8.222831848575181e-05], [-0.00040840306632498034, 0.9999999159281445, -3.675105230111579e-05], [8.221330244131547e-05, 3.678463140941299e-05, 0.9999999959439322]]",nan,nan,False,,disabled_or_unavailable,,null,nan
visual_span,60.84,61.24,0.3999999999999986,61.24,29,0,0.0,False,,disabled_or_unavailable,,null,"[[0.9999996086531059, 0.0007460876206905844, -0.00047544389469594166], [-0.0007461685986942175, 0.9999997071378958, -0.00017016622689377083], [0.00047531679654109723, 0.00017052092160440945, 0.9999998724982708]]",nan,nan,False,,disabled_or_unavailable,,null,nan
visual_span,61.24,61.44,0.19999999999999574,61.44,29,0,0.0,False,,disabled_or_unavailable,,null,"[[0.9999999015398819, 0.0004259472637710499, -0.0001244554359044563], [-0.0004259645839788615, 0.999999899592297, -0.00013917460132500603], [0.000124396142367551, 0.00013922760122983728, 0.9999999825706375]]",nan,nan,False,,disabled_or_unavailable,,null,nan
visual_span,61.44,61.68,0.240000000000002,61.68,27,0,0.0,False,,disabled_or_unavailable,,null,"[[0.9999998311892143, 0.0005673990449815043, -0.00012521927506334044], [-0.0005674202016694452, 0.9999998247389543, -0.0001689863180413501], [0.00012512337044180772, 0.00016905734146094631, 0.9999999778818787]]",nan,nan,False,,disabled_or_unavailable,,null,nan
visual_span,61.68,62.0,0.3200000000000003,62.0,28,0,0.0,False,,disabled_or_unavailable,,null,"[[0.9999996461432513, 0.000822584354935852, -0.00017626216632487472], [-0.000822683847485638, 0.9999995019091724, -0.0005651306877344337], [0.00017579721086808195, 0.0005652754957962843, 0.999999824779462]]",nan,nan,False,,disabled_or_unavailable,,null,nan
visual_span,62.0,62.08,0.0799999999999983,62.08,27,0,0.0,False,,disabled_or_unavailable,,null,"[[0.9999999696299124, 0.00024152240952106607, -4.906220821537858e-05], [-0.00024152794333518298, 0.9999999644682664, -0.00011281719277224608], [4.90349585918795e-05, 0.00011282903924022378, 0.9999999924325906]]",nan,nan,False,,disabled_or_unavailable,,null,nan
visual_span,62.08,62.32,0.240000000000002,62.32,29,0,0.0,False,,disabled_or_unavailable,,null,"[[0.9999997242404919, 0.0007417512464649276, 3.638719905286412e-05], [-0.0007417374648918838, 0.9999996537311354, -0.0003773104057907007], [-3.6667056916909465e-05, 0.00037728331199498883, 0.999999928156412]]",nan,nan,False,,disabled_or_unavailable,,null,nan
visual_span,62.32,62.4,0.0799999999999983,62.4,28,0,0.0,False,,disabled_or_unavailable,,null,"[[0.9999999616783962, 0.0002751998396533015, -3.013725758871707e-05], [-0.00027520230700127575, 0.9999999587782985, -8.189683413691369e-05], [3.0114718350785445e-05, 8.190512484131076e-05, 0.9999999961923272]]",nan,nan,False,,disabled_or_unavailable,,null,nan
visual_span,62.4,62.48,0.0799999999999983,62.48,27,0,0.0,False,,disabled_or_unavailable,,null,"[[0.9999852749835856, 0.00026541997325902575, -0.005420273816041489], [-0.0002657830660967332, 0.9999999624839756, -6.626771033884078e-05], [0.005420256023920458, 6.770735153962963e-05, 0.9999853080122477]]",nan,nan,False,,disabled_or_unavailable,,null,nan
visual_span,62.48,62.56,0.0800000000000054,62.56,21,0,0.0,False,,disabled_or_unavailable,,null,"[[0.9995204475037291, 0.0003035689283439071, -0.030964219154546533], [-0.0003041108542079519, 0.999999953676472, -1.2792275018239765e-05], [0.03096421383683744, 2.2202695587793157e-05, 0.9995204935210218]]",nan,nan,False,,disabled_or_unavailable,,null,nan
visual_span,62.56,62.6,0.03999999999999915,62.6,25,0,0.0,False,,disabled_or_unavailable,,null,"[[0.9998800984617965, 0.00012147683655216147, -0.015484635720829054], [-0.00011944820860751863, 0.9999999841627887, 0.00013193387830158406], [0.015484651502505773, -0.00013006844722884147, 0.9998800971366744]]",nan,nan,False,,disabled_or_unavailable,,null,nan
visual_span,62.6,62.64,0.03999999999999915,62.64,25,0,0.0,False,,disabled_or_unavailable,,null,"[[0.9997561685410754, 0.0001455038814756881, -0.022081265649629013], [-0.00014211948770407622, 0.9999999779134489, 0.00015483912082815283], [0.02208128769162309, -0.00015166318801743982, 0.9997561671388466]]",nan,nan,False,,disabled_or_unavailable,,null,nan
visual_span,62.64,62.68,0.03999999999999915,62.68,23,0,0.0,False,,disabled_or_unavailable,,null,"[[0.9997451241538012, 0.00014183507983136918, -0.02257579707365605], [-0.00013914569953466457, 0.9999999830352913, 0.0001206975221976657], [0.02257581380980692, -0.00011752543423819495, 0.9997451269291576]]",nan,nan,False,,disabled_or_unavailable,,null,nan
visual_span,62.68,62.72,0.03999999999999915,62.72,12,0,0.0,False,,disabled_or_unavailable,,null,"[[0.9997455342518767, 0.000186610878654383, -0.022557303026068794], [-0.00018314613840688288, 0.9999999711132485, 0.00015566308046603412], [0.022557331422885803, -0.00015149218660170976, 0.9997455395495375]]",nan,nan,False,,disabled_or_unavailable,,null,nan
visual_span,62.72,62.76,0.03999999999999915,62.76,17,0,0.0,False,,disabled_or_unavailable,,null,"[[0.9997630247630346, 0.00018250125295944634, -0.02176834881107918], [-0.00017928010813143773, 0.9999999726905333, 0.00014992523403719617], [0.02176837557814024, -0.00014598707354063998, 0.9997630301788838]]",nan,nan,False,,disabled_or_unavailable,,null,nan
visual_span,62.76,62.8,0.03999999999999915,62.8,9,0,0.0,False,,disabled_or_unavailable,,null,"[[0.9996784354666806, -0.0004068608602419929, -0.02535468649244947], [0.0004309957619524645, 0.999999459252843, 0.0009464336613042428], [0.025354287715161225, -0.0009570570842295068, 0.9996780702487149]]",nan,nan,False,,disabled_or_unavailable,,null,nan
visual_span,62.8,62.84,0.04000000000000625,62.84,0,0,nan,False,,disabled_or_unavailable,,null,"[[0.9997978043350368, -0.0034939826441209177, -0.019802589025740926], [0.0035992263158201422, 0.9999795754785353, 0.0052814955927483025], [0.019783731113400246, -0.0053517016967777435, 0.9997899595776014]]",nan,nan,False,,disabled_or_unavailable,,null,nan
visual_span,62.84,62.88,0.03999999999999915,62.88,0,0,nan,False,,disabled_or_unavailable,,null,"[[0.9995199349201938, -0.00906050547666623, -0.029627806831402047], [0.00930044786578288, 0.9999249812067955, 0.007970798459712916], [0.02955336472599063, -0.008242523830527175, 0.9995292188997157]]",nan,nan,False,,disabled_or_unavailable,,null,nan
visual_span,63.48,63.52,0.04000000000000625,63.52,0,0,nan,False,,disabled_or_unavailable,,null,"[[0.9998176406118697, -0.019053262878443895, -0.0012879033344926072], [0.01905228548099224, 0.9998181945664535, -0.0007669627291935873], [0.001302282329165808, 0.0007422853643388978, 0.9999988765359554]]",nan,nan,False,,disabled_or_unavailable,,null,nan
visual_span,63.52,63.56,0.03999999999999915,63.56,1,0,0.0,False,,disabled_or_unavailable,,null,"[[0.9998182972571893, -0.019038563053288115, -0.0009516231401648268], [0.01903813435924381, 0.9998186536078282, -0.00045753464281527155], [0.0009601613688879527, 0.00043933437831391757, 0.9999994425375696]]",nan,nan,False,,disabled_or_unavailable,,null,nan
visual_span,63.56,63.6,0.03999999999999915,63.6,4,0,0.0,False,,disabled_or_unavailable,,null,"[[0.9998187273222541, -0.01902892066980825, -0.0006423969570714187], [0.019028869363931562, 0.9998189309842835, -8.588466108124409e-05], [0.0006439149312891709, 7.36450047628534e-05, 0.9999997899749653]]",nan,nan,False,,disabled_or_unavailable,,null,nan
visual_span,63.6,63.64,0.03999999999999915,63.64,4,0,0.0,False,,disabled_or_unavailable,,null,"[[0.9998191112249237, -0.019016634901779707, -0.000335300486401613], [0.01901673729804502, 0.999819119013469, 0.0003048895996298074], [0.00032944186271733846, -0.00031121076978940304, 0.9999998973079527]]",nan,nan,False,,disabled_or_unavailable,,null,nan
visual_span,63.64,63.68,0.03999999999999915,63.68,7,0,0.0,False,,disabled_or_unavailable,,null,"[[0.9997177115027643, -0.023758984755038907, 8.916885804794125e-05], [0.02375887446654942, 0.9997171323670043, 0.0010821903603595781], [-0.00011485537933796159, -0.0010797663187643426, 0.9999994104562955]]",nan,nan,False,,disabled_or_unavailable,,null,nan
visual_span,63.68,63.72,0.03999999999999915,63.72,6,0,0.0,False,,disabled_or_unavailable,,null,"[[0.9998196586057408, -0.01898545848714374, 0.00045014612443026753], [0.01898483618073915, 0.9998188622096871, 0.0013486159267320033], [-0.00047566867764804147, -0.0013398267650257525, 0.999998989301264]]",nan,nan,False,,disabled_or_unavailable,,null,nan
visual_span,63.72,63.76,0.03999999999999915,63.76,13,0,0.0,False,,disabled_or_unavailable,,null,"[[0.9998983458544682, -0.014247867293282415, 0.000544274830760176], [0.014247191672399599, 0.999897752413856, 0.0012256619309982113], [-0.0005616822485118225, -0.0012177829495456018, 0.9999991007584655]]",nan,nan,False,,disabled_or_unavailable,,null,nan
visual_span,63.76,63.84,0.0800000000000054,63.84,12,0,0.0,False,,disabled_or_unavailable,,null,"[[0.9992755693779117, -0.03797536494686746, 0.0024916062295610867], [0.03796298128337583, 0.9992674139772026, 0.004842253131824203], [-0.0026736672435091306, -0.004744156454717235, 0.9999851721315696]]",nan,nan,False,,disabled_or_unavailable,,null,nan
visual_span,63.84,63.88,0.03999999999999915,63.88,15,0,0.0,False,,disabled_or_unavailable,,null,"[[0.9997159803218711, -0.023722560084640562, 0.0022800947592568747], [0.023713121615972638, 0.9997104745416582, 0.004081048262312462], [-0.002376247526387663, -0.00402582099997637, 0.9999890730467859]]",nan,nan,False,,disabled_or_unavailable,,null,nan
visual_span,63.88,63.92,0.03999999999999915,63.92,19,0,0.0,False,,disabled_or_unavailable,,null,"[[0.9998171912221026, -0.018979739238372286, 0.0023137923825403577], [0.01897078889256081, 0.9998126998783836, 0.0038307089019603336], [-0.002386064865003031, -0.003786114147917096, 0.9999899859669193]]",nan,nan,False,,disabled_or_unavailable,,null,nan
visual_span,63.92,63.96,0.03999999999999915,63.96,15,0,0.0,False,,disabled_or_unavailable,,null,"[[0.9998966691176332, -0.014235114193636026, 0.002003150357931059], [0.014228709646816292, 0.9998937228716437, 0.0031759697213779494], [-0.0020481477605226975, -0.003147139300802352, 0.9999929502776369]]",nan,nan,False,,disabled_or_unavailable,,null,nan
visual_span,63.96,64.0,0.03999999999999915,64.0,14,0,0.0,False,,disabled_or_unavailable,,null,"[[0.9998151719511809, -0.01898105778581716, 0.003056367380192579], [0.018966303023938664, 0.9998086672293182, 0.004786259786011794], [-0.003146630870529727, -0.004727407161069188, 0.9999838750378421]]",nan,nan,False,,disabled_or_unavailable,,null,nan
visual_span,64.0,64.04,0.04000000000000625,64.04,21,0,0.0,False,,disabled_or_unavailable,,null,"[[0.9997084233811687, -0.023726321722354643, 0.004486633288489224], [0.023696251889340485, 0.9996971497046121, 0.006640520978921569], [-0.004642829647422447, -0.006532268365728115, 0.9999678862857864]]",nan,nan,False,,disabled_or_unavailable,,null,nan
visual_span,64.04,64.08,0.03999999999999204,64.08,16,0,0.0,False,,disabled_or_unavailable,,null,"[[0.9998940631792521, -0.01422566573985088, 0.0030810474101823446], [0.01421229931214069, 0.9998896784852447, 0.004317569563536148], [-0.00314212780578444, -0.004273323405954822, 0.9999859327710166]]",nan,nan,False,,disabled_or_unavailable,,null,nan
visual_span,64.08,64.12,0.04000000000000625,64.12,20,0,0.0,False,,disabled_or_unavailable,,null,"[[0.9998102257056498, -0.018978599044999697, 0.004396061044537696], [0.018951483786240404, 0.9998016141433421, 0.006129732348800893], [-0.0045115226607025105, -0.006045257203560963, 0.9999715501096145]]",nan,nan,False,,disabled_or_unavailable,,null,nan
visual_span,64.12,64.16,0.03999999999999204,64.16,27,0,0.0,False,,disabled_or_unavailable,,null,"[[0.9998081518797789, -0.018978488913101478, 0.004845244402176558], [0.018946630725513704, 0.9997991164688133, 0.006538493123959999], [-0.00496836179163305, -0.006445437669882185, 0.9999668853088844]]",nan,nan,False,,disabled_or_unavailable,,null,nan
visual_span,64.16,64.2,0.04000000000000625,64.2,22,0,0.0,False,,disabled_or_unavailable,,null,"[[0.999805554535894, -0.018978849905245922, 0.005353164993552963], [0.018940893339747408, 0.999795719247718, 0.007054242229397159], [-0.005485952849447966, -0.006951476836819989, 0.9999607898768438]]",nan,nan,False,,disabled_or_unavailable,,null,nan
visual_span,64.2,64.24,0.03999999999999204,64.24,26,0,0.0,False,,disabled_or_unavailable,,null,"[[0.9998026985664978, -0.018991325027789708, 0.005821813535102976], [0.01894750888256824, 0.9997924155712571, 0.007491173028020363], [-0.005962872319080591, -0.007379386145174302, 0.9999549933941161]]",nan,nan,False,,disabled_or_unavailable,,null,nan
visual_span,64.24,64.28,0.04000000000000625,64.28,24,0,0.0,False,,disabled_or_unavailable,,null,"[[0.9996869435299347, -0.023773939756674523, 0.007798379589591005], [0.023695193215474197, 0.9996688193520699, 0.010039394091293993], [-0.008034472867505655, -0.00985146708287521, 0.9999191946562765]]",nan,nan,False,,disabled_or_unavailable,,null,nan
visual_span,64.28,64.32,0.03999999999999204,64.32,24,0,0.0,False,,disabled_or_unavailable,,null,"[[0.9997971076157877, -0.019020954911722128, 0.006629244101047275], [0.018966143167148036, 0.9997862103503335, 0.008235229607107555], [-0.0067844687683178305, -0.0081078275490276, 0.9999441154964446]]",nan,nan,False,,disabled_or_unavailable,,null,nan
visual_span,64.32,64.4,0.0800000000000125,64.4,13,0,0.0,False,,disabled_or_unavailable,,null,"[[0.9993673362522073, -0.03330930060479567, 0.01246666456543942], [0.03311692632333339, 0.9993338785831666, 0.015331937477699497], [-0.012969056367474526, -0.014909379904762562, 0.9998047379202566]]",nan,nan,False,,disabled_or_unavailable,,null,nan
visual_span,64.4,64.48,0.0799999999999983,64.48,18,0,0.0,False,,disabled_or_unavailable,,null,"[[0.9989218630092724, -0.04290219229551234, 0.01773452842122077], [0.0425299436690217, 0.9988774047730498, 0.020859868776350602], [-0.018609553825765044, -0.02008313048544991, 0.9996251059153677]]",nan,nan,False,,disabled_or_unavailable,,null,nan
visual_span,64.48,64.52,0.03999999999999204,64.52,26,0,0.0,False,,disabled_or_unavailable,,null,"[[0.9997819291332368, -0.019043792086638443, 0.008569023374017696], [0.0189613460459317, 0.9997741096502013, 0.009601928414328964], [-0.00874994484268357, -0.009437354296006626, 0.9999171839753239]]",nan,nan,False,,disabled_or_unavailable,,null,nan
visual_span,64.52,64.6,0.0799999999999983,64.6,23,0,0.0,False,,disabled_or_unavailable,,null,"[[0.9993788989287544, -0.033351840781444396, 0.011378536480565743], [0.033194040913762456, 0.999353840225871, 0.01378614063541914], [-0.011830977295466642, -0.0133998784432275, 0.999840222852602]]",nan,nan,False,,disabled_or_unavailable,,null,nan
visual_span,64.6,64.72,0.12000000000000455,64.72,26,0,0.0,False,,disabled_or_unavailable,,null,"[[0.998312216011142, -0.05713279814740596, 0.010419344450155363], [0.05697623408932863, 0.9982665620269293, 0.014750589409677401], [-0.011244025610129325, -0.014132038592596128, 0.9998369153883528]]",nan,nan,False,,disabled_or_unavailable,,null,nan
visual_span,64.72,64.92,0.20000000000000284,64.92,20,0,0.0,False,,disabled_or_unavailable,,null,"[[0.9923873286245929, -0.09656891709602246, 0.0764318927951285], [0.10116283043657866, 0.9931366189659522, -0.05870040721270539], [-0.07023867683409553, 0.06598560691377282, 0.9953453812405103]]",nan,nan,False,,disabled_or_unavailable,,null,nan
visual_span,64.92,65.04,0.12000000000000455,65.04,20,0,0.0,False,,disabled_or_unavailable,,null,"[[0.9975014649104461, -0.05046880050204974, 0.0494340740522034], [0.053030844222232254, 0.9972398718681623, -0.05196506054503323], [-0.04667501540001634, 0.05445675469816335, 0.9974246361531044]]",nan,nan,False,,disabled_or_unavailable,,null,nan
visual_span,65.04,65.16,0.11999999999999034,65.16,27,0,0.0,False,,disabled_or_unavailable,,null,"[[0.9970281294951934, -0.05980278781674244, 0.04856475640484124], [0.0624247482880091, 0.9965661410769312, -0.05439740122664562], [-0.04514487563937452, 0.05726738188864271, 0.9973376495325571]]",nan,nan,False,,disabled_or_unavailable,,null,nan
visual_span,65.16,65.4,0.2400000000000091,65.4,29,0,0.0,False,,disabled_or_unavailable,,null,"[[0.9926962959949498, -0.11202738619200388, 0.04476526176506908], [0.11418823601626447, 0.9922480174340607, -0.04903996995992479], [-0.03892442258276178, 0.0537934628106805, 0.9977931412299019]]",nan,nan,False,,disabled_or_unavailable,,null,nan
visual_span,65.4,65.76,0.35999999999999943,65.76,19,0,0.0,False,,disabled_or_unavailable,,null,"[[0.987238240964676, -0.1519258319512648, -0.04774093801852221], [0.15514974178780722, 0.9851721148013386, 0.07324248658418772], [0.03590561516182508, -0.0797147778255338, 0.9961708392620598]]",nan,nan,False,,disabled_or_unavailable,,null,nan
visual_span,65.76,65.96,0.19999999999998863,65.96,27,0,0.0,False,,disabled_or_unavailable,,null,"[[0.9974345598881043, -0.060544882022585816, -0.038191831609586474], [0.06316684146317755, 0.9954270315483879, 0.071658739887962], [0.03367861161612273, -0.07388736105475664, 0.9966977520773158]]",nan,nan,False,,disabled_or_unavailable,,null,nan
visual_span,65.96,66.04,0.0800000000000125,66.04,27,0,0.0,False,,disabled_or_unavailable,,null,"[[0.9997342065849406, -0.020259004415039267, -0.011004041261785804], [0.020523607125425707, 0.9994893725569901, 0.02449031841760663], [0.01050227282738551, -0.02470965167188738, 0.999639502710709]]",nan,nan,False,,disabled_or_unavailable,,null,nan
visual_span,66.04,66.28,0.23999999999999488,66.28,27,0,0.0,False,,disabled_or_unavailable,,null,"[[0.998633514946239, -0.04862742019960213, -0.01914358458731467], [0.04945621467548229, 0.9977390668447239, 0.04550645362794821], [0.016887440779850427, -0.04639103896822443, 0.9987805994548333]]",nan,nan,False,,disabled_or_unavailable,,null,nan
visual_span,66.28,67.12,0.8400000000000034,67.12,28,0,0.0,False,,disabled_or_unavailable,,null,"[[0.9960794871697926, -0.087891823126031, 0.010034075301000162], [0.08839523710380257, 0.9933260680147779, -0.07409186635295492], [-0.003455039352335248, 0.07468835270565344, 0.9972009389652571]]",nan,nan,False,,disabled_or_unavailable,,null,nan
visual_span,67.12,67.84,0.7199999999999989,67.84,28,0,0.0,False,,disabled_or_unavailable,,null,"[[0.9996021808076183, -0.028096558057997396, 0.0024624276532930886], [0.028172239918769607, 0.9988136199354494, -0.03971998904083075], [-0.001343511300066101, 0.0397735597695003, 0.999207815682328]]",nan,nan,False,,disabled_or_unavailable,,null,nan
visual_span,67.84,68.2,0.35999999999999943,68.2,28,0,0.0,False,,disabled_or_unavailable,,null,"[[0.9999746391426375, -0.007111025496686046, 0.00039292230513246826], [0.0071117950404212685, 0.9999727245624757, -0.001993113745518381], [-0.00037873850534250606, 0.001995857581345885, 0.9999979365527011]]",nan,nan,False,,disabled_or_unavailable,,null,nan
visual_span,68.2,68.6,0.3999999999999915,68.6,26,0,0.0,False,,disabled_or_unavailable,,null,"[[0.999987824186099, -0.004912907814934522, 0.00046348285147416595], [0.004914556768725816, 0.999981348195575, -0.003626347022439218], [-0.0004456582980564597, 0.0036285806814976324, 0.9999933173731309]]",nan,nan,False,,disabled_or_unavailable,,null,nan
visual_span,68.6,69.16,0.5600000000000023,69.16,29,0,0.0,False,,disabled_or_unavailable,,null,"[[0.9999907769631753, -0.004293423791995595, 0.00011180665297492075], [0.004293949409127742, 0.9999771296714198, -0.005225144264105341], [-8.937033721991056e-05, 0.005225576164518856, 0.9999863425900836]]",nan,nan,False,,disabled_or_unavailable,,null,nan
visual_span,69.16,69.92,0.7600000000000051,69.92,28,0,0.0,False,,disabled_or_unavailable,,null,"[[0.9997758318319029, -0.0030069422733485494, -0.020958157910270073], [0.0029766863950944317, 0.9999944823140589, -0.001474679471331432], [0.020962476545778798, 0.0014119630316180712, 0.999779266107007]]",nan,nan,False,,disabled_or_unavailable,,null,nan
visual_span,69.92,70.12,0.20000000000000284,70.12,28,0,0.0,False,,disabled_or_unavailable,,null,"[[0.9993692988343207, -0.000446860730321331, -0.03550781411022696], [0.00044401991905317415, 0.9999998975607565, -8.789077702517649e-05], [0.03550784974777014, 7.20691674626761e-05, 0.9993693948747507]]",nan,nan,False,,disabled_or_unavailable,,null,nan
visual_span,70.12,70.28,0.1599999999999966,70.28,25,0,0.0,False,,disabled_or_unavailable,,null,"[[0.999772033651703, -0.0002924569809197618, -0.0213493605724534], [0.0002881833946859216, 0.9999999378198193, -0.00020325031048178384], [0.021349418686918472, 0.00019705144504656967, 0.9997720557669427]]",nan,nan,False,,disabled_or_unavailable,,null,nan
visual_span,70.28,70.44,0.1599999999999966,70.44,23,0,0.0,False,,disabled_or_unavailable,,null,"[[0.9999410628950901, -0.0002492342065965838, -0.010853967871137432], [0.00024431658282972834, 0.9999998669172374, -0.000454395108655809], [0.010854079677465791, 0.0004517165235831996, 0.9999409907122208]]",nan,nan,False,,disabled_or_unavailable,,null,nan
visual_span,70.44,70.48,0.04000000000000625,70.48,28,0,0.0,False,,disabled_or_unavailable,,null,"[[0.9999991842281024, -6.586211801302562e-05, -0.0012756195794677648], [6.573220554286676e-05, 0.9999999926494335, -0.00010188430047088316], [0.001275626280407059, 0.00010180036806814193, 0.999999181206804]]",nan,nan,False,,disabled_or_unavailable,,null,nan
visual_span,70.48,70.6,0.11999999999999034,70.6,29,0,0.0,False,,disabled_or_unavailable,,null,"[[0.9999996710630383, -0.0001600335354993277, -0.0007951497235004874], [0.0001596183767508243, 0.9999998509406842, -0.0005221499626135532], [0.0007952331664805915, 0.0005220228703509919, 0.9999995475480646]]",nan,nan,False,,disabled_or_unavailable,,null,nan
visual_span,70.6,70.84,0.2400000000000091,70.84,29,0,0.0,False,,disabled_or_unavailable,,null,"[[0.9999847031870299, -0.00019934984576625098, 0.005527535760778671], [0.000207194874831016, 0.9999989721413813, -0.0014187270578361125], [-0.005527247256233235, 0.0014198506329137317, 0.9999837166484006]]",nan,nan,False,,disabled_or_unavailable,,null,nan
visual_span,70.84,71.04,0.20000000000000284,71.04,27,0,0.0,False,,disabled_or_unavailable,,null,"[[0.9999870920222356, -7.298816119370437e-05, 0.0050803997521286035], [7.553324062646574e-05, 0.9999998717618603, -0.0005007703990558942], [-0.005080362550316983, 0.0005011476741796743, 0.9999869692987835]]",nan,nan,False,,disabled_or_unavailable,,null,nan
visual_span,71.04,71.6,0.5599999999999881,71.6,28,0,0.0,False,,disabled_or_unavailable,,null,"[[0.9999999750426006, -3.0768342429745516e-05, -0.00022128738729076117], [3.098856051325207e-05, 0.9999995042751341, 0.0009952332369297283], [0.00022125665591606937, -0.0009952400694688865, 0.9999994802712134]]",nan,nan,False,,disabled_or_unavailable,,null,nan
visual_span,71.6,72.68,1.0800000000000125,72.68,35,33,0.9428571428571428,False,,disabled_or_unavailable,,null,"[[0.9999973238942522, 0.0010435574368739629, -0.0020647499146142032], [-0.0010448058888866967, 0.9999992719847934, -0.0006036642590708103], [0.002064118453117939, 0.0006058199064712841, 0.9999976861959493]]",nan,nan,False,,disabled_or_unavailable,,null,nan
visual_span,72.68,73.84,1.1599999999999966,73.84,39,39,1.0,False,,disabled_or_unavailable,,null,"[[0.9999979922580643, 0.0013933849352858244, -0.0014401243912866143], [-0.0013946130367863752, 0.9999986644699764, -0.0008521224918577188], [0.0014389351333140795, 0.00085412919726634, 0.9999985999635181]]",nan,nan,False,,disabled_or_unavailable,,null,nan
visual_span,73.84,75.12,1.2800000000000011,75.12,37,37,1.0,False,,disabled_or_unavailable,,null,"[[0.9999962790157977, 0.0016236535563781515, -0.002192191526236304], [-0.00162486080355262, 0.9999985291930628, -0.0005490346804086489], [0.0021912968598343787, 0.0005525946435441382, 0.9999974464253556]]",nan,nan,False,,disabled_or_unavailable,,null,nan
visual_span,75.12,76.24,1.1199999999999903,76.24,44,43,0.9772727272727273,False,,disabled_or_unavailable,,null,"[[0.9999954861826031, 0.0016262980720381584, -0.002526414257366179], [-0.0016278379659979449, 0.9999984904933503, -0.000607580922144784], [0.002525422336044767, 0.0006116907726814268, 0.999996624032513]]",nan,nan,False,,disabled_or_unavailable,,null,nan
visual_span,76.24,77.32,1.0799999999999983,77.32,47,47,1.0,False,,disabled_or_unavailable,,null,"[[0.9999959172324413, 0.0020802997589982183, -0.0019590485857366906], [-0.002081182751156205, 0.999997733628433, -0.0004487943337353756], [0.0019581105190603675, 0.00045286963953774145, 0.9999979803541029]]",nan,nan,False,,disabled_or_unavailable,,null,nan
visual_span,77.32,78.44,1.1200000000000045,78.44,43,43,1.0,False,,disabled_or_unavailable,,null,"[[0.9999960636844915, 0.0020211310356844326, -0.0019461872621073088], [-0.002022699230194238, 0.9999976310149451, -0.0008041469529400456], [0.0019445573652549326, 0.0008080803390408018, 0.9999977828489516]]",nan,nan,False,,disabled_or_unavailable,,null,nan
