timestamp_sim_s,gt_x,gt_y,gt_z,gt_vx,gt_vy,gt_vz,gt_roll,gt_pitch,gt_yaw,est_x,est_y,est_z,est_vx,est_vy,est_vz,est_roll,est_pitch,est_yaw,gps_x_lat_deg,gps_y_lon_deg,gps_z_alt_m,gnss_available,barometer_pa,imu_ax,imu_ay,imu_az,imu_gx,imu_gy,imu_gz
0.1,2.6509683337394563e-11,5.070964041218754e-20,0.029641980835759918,2.933648448787333e-10,-4.9191872785971817e-20,0.0009997873051000726,-2.538913990698178e-18,8.836660292388387e-10,-2.649720825074589e-20,nan,nan,nan,nan,nan,nan,nan,nan,nan,25.033003134672015,121.56539644057159,6.468910666778099,1,101346.1220915002,0.05980822389280836,-0.03680361041666497,9.838222740516073,-0.007581931818848035,-0.0014364508052738187,-0.003506135491923366
0.2,5.593059348996121e-11,5.552543831284542e-20,0.029741959566269936,2.923843141875241e-10,8.132447501125765e-20,0.0009997873051000726,-2.5794068572787273e-18,1.864405074769593e-09,-1.746320504743475e-20,nan,nan,nan,nan,nan,nan,nan,nan,nan,25.033003134672015,121.56539644057159,6.468910666778099,1,101323.69658765513,0.05198561878632535,-0.0009477232671058823,9.779812771447398,-0.005841440287637211,-0.0009955670887925121,-0.0035716550289651787
0.30000000000000004,8.535150364252786e-11,5.158394593007932e-20,0.02984193829677995,2.914037834907194e-10,-8.392955364256394e-20,0.000999787305100073,-2.378964704519157e-18,2.8451445643895568e-09,-2.266845765295962e-20,nan,nan,nan,nan,nan,nan,nan,nan,nan,25.033003134672015,121.56539644057159,6.468910666778099,1,101328.33749424093,0.0067226884710228085,-0.03547288416244291,9.799405944611737,-0.004210590052080127,0.00017058225203853822,-0.0033174379518154168
0.4,7.794981327080563e-11,2.999380293925812e-20,0.029934377724887797,-5.151835186450871e-10,1.1386730231027314e-19,0.0006935822437131853,-1.1207105009883118e-18,2.5984476792473288e-09,-1.3904063157866584e-20,nan,nan,nan,nan,nan,nan,nan,nan,nan,25.033003134672015,121.56539644057159,6.468910666778099,1,101331.9060879856,0.03965272438669413,0.0073327817628028365,9.79103170027924,-0.007252910470484405,-0.0005931937635903148,-0.0038984943216049204
0.5,4.7175319206615995e-11,3.492999452722926e-20,0.02997596664614939,-2.484712707597894e-10,-7.281793435966053e-19,0.0003351459557432431,-8.117172329481845e-20,1.5726278057570653e-09,2.123558373527639e-20,nan,nan,nan,nan,nan,nan,nan,nan,nan,25.033003134672015,121.56539644057159,6.468910666778099,1,101333.6182677238,0.030462438392835037,-0.02568409294746216,9.765025440794982,-0.005126814302306925,0.0013971440386357369,-0.004488838532358048
0.6000000000000001,3.604755383079805e-11,2.129793430650951e-20,0.02999101107664806,-7.765284619756517e-11,8.349271643237427e-20,0.00010482859660633495,1.299453752701653e-18,1.2016987405161217e-09,3.8547536454254907e-20,nan,nan,nan,nan,nan,nan,nan,nan,nan,25.033003134672015,121.56539644057159,6.468910666778099,1,101306.26164623477,0.006337166347351306,0.05657824602993105,9.76565520949767,-0.005342693861534283,0.0010950317317042478,-0.003836605923982183
0.7000000000000001,3.226752198770555e-11,2.787237769832545e-20,0.029996123635354675,0.0,0.0,0.0,1.1932687841893128e-18,1.0756942003808945e-09,5.13698411612138e-20,nan,nan,nan,nan,nan,nan,nan,nan,nan,25.033003134672015,121.56539644057159,6.468910666778099,1,101315.2740025893,0.04973310300755022,0.04373761158202822,9.791116531286399,-0.009326467834570206,1.4631287795928828e-05,-0.004409814248967728
0.8,3.078642896170436e-11,3.7784260604285445e-20,0.02999812773980606,0.0,0.0,0.0,7.217639002754439e-19,1.0263172534052956e-09,4.8807298302669824e-20,nan,nan,nan,nan,nan,nan,nan,nan,nan,25.033003134672015,121.56539644057159,6.468910666778099,1,101310.1036677616,0.04027927744246026,0.01990290815754302,9.794328402267855,-0.00630591733064244,0.00029153295227861507,-0.005387002384730659
0.9,3.0042968113264124e-11,4.1062264043350927e-20,0.0299991335502575,0.0,0.0,0.0,6.008798259710597e-19,1.0015439588784147e-09,4.8545740576734306e-20,nan,nan,nan,nan,nan,nan,nan,nan,nan,25.033003134672015,121.56539644057159,6.468910666778099,1,101321.04184851916,0.01982174393772083,0.026004981986124182,9.81433394104686,-0.00949133798240946,-0.0011462073841921388,-0.003634948743703807
1.0,3.0042968113264124e-11,4.1062264043350927e-20,0.0299991335502575,0.0,0.0,0.0,6.008798259710597e-19,1.0015439588784147e-09,4.8545740576734306e-20,nan,nan,nan,nan,nan,nan,nan,nan,nan,25.033003134672015,121.56539644057159,6.468910666778099,1,101323.36893522754,0.06374814180495257,0.003484045360110356,9.741719794766244,-0.004976611919880911,-0.0013955961655017697,-0.002890557276696442
1.1,3.0042968113264124e-11,4.1062264043350927e-20,0.0299991335502575,0.0,0.0,0.0,6.008798259710597e-19,1.0015439588784147e-09,4.8545740576734306e-20,nan,nan,nan,nan,nan,nan,nan,nan,nan,25.032993087042154,121.5654147627954,11.644702283080342,1,101335.72614387418,0.048163200536452316,-0.014298070871038395,9.787992545513603,-0.005606320108215985,-0.0011541221461067966,-0.0033882729541537242
1.2000000000000002,3.0042968113264124e-11,4.1062264043350927e-20,0.0299991335502575,0.0,0.0,0.0,6.008798259710597e-19,1.0015439588784147e-09,4.8545740576734306e-20,nan,nan,nan,nan,nan,nan,nan,nan,nan,25.032993087042154,121.5654147627954,11.644702283080342,1,101309.41721122642,0.061153827329227126,-0.0009158227758420388,9.801127345128725,-0.008045025904452918,-0.0007574976005688825,-0.003824014640331582
1.3,3.0042968113264124e-11,4.1062264043350927e-20,0.0299991335502575,0.0,0.0,0.0,6.008798259710597e-19,1.0015439588784147e-09,4.8545740576734306e-20,nan,nan,nan,nan,nan,nan,nan,nan,nan,25.032993087042154,121.5654147627954,11.644702283080342,1,101338.69387881241,0.0112117076950498,-0.05497693475502707,9.835196746444264,-0.007326911134673528,-0.0013635648119753336,-0.0039860528869870545
1.4000000000000001,3.0042968113264124e-11,4.1062264043350927e-20,0.0299991335502575,0.0,0.0,0.0,6.008798259710597e-19,1.0015439588784147e-09,4.8545740576734306e-20,nan,nan,nan,nan,nan,nan,nan,nan,nan,25.032993087042154,121.5654147627954,11.644702283080342,1,101324.22161532461,0.005357475185769053,0.001048546502533644,9.78200843969824,-0.007911958325180176,0.0006476202518237438,-0.003103641819712509
1.5,3.0042968113264124e-11,4.1062264043350927e-20,0.0299991335502575,0.0,0.0,0.0,6.008798259710597e-19,1.0015439588784147e-09,4.8545740576734306e-20,nan,nan,nan,nan,nan,nan,nan,nan,nan,25.032993087042154,121.5654147627954,11.644702283080342,1,101316.78425207433,-0.005551679738794238,0.04068668290304211,9.78531549835448,-0.004870473944925575,-0.0007468588050856902,-0.004498922762291552
1.6,3.0042968113264124e-11,4.1062264043350927e-20,0.0299991335502575,0.0,0.0,0.0,6.008798259710597e-19,1.0015439588784147e-09,4.8545740576734306e-20,nan,nan,nan,nan,nan,nan,nan,nan,nan,25.032993087042154,121.5654147627954,11.644702283080342,1,101329.72360979844,0.05503018287507912,0.032031030105198935,9.854132597238927,-0.007032654429895112,-0.0004965959950849954,-0.004242691894029032
1.7000000000000002,3.0042968113264124e-11,4.1062264043350927e-20,0.0299991335502575,0.0,0.0,0.0,6.008798259710597e-19,1.0015439588784147e-09,4.8545740576734306e-20,nan,nan,nan,nan,nan,nan,nan,nan,nan,25.032993087042154,121.5654147627954,11.644702283080342,1,101309.38214355474,0.05626618739854121,-0.03557397854975955,9.78851794174547,-0.007204950836331241,0.0005017876160818413,-0.0034086454771883826
1.8,3.0042968113264124e-11,4.1062264043350927e-20,0.0299991335502575,0.0,0.0,0.0,6.008798259710597e-19,1.0015439588784147e-09,4.8545740576734306e-20,nan,nan,nan,nan,nan,nan,nan,nan,nan,25.032993087042154,121.5654147627954,11.644702283080342,1,101317.1410559697,0.02270493093937923,-0.001472459803846075,9.787860929374352,-0.004304175788749009,-0.001579100389678241,-0.0040691328925286305
1.9000000000000001,3.0042968113264124e-11,4.1062264043350927e-20,0.0299991335502575,0.0,0.0,0.0,6.008798259710597e-19,1.0015439588784147e-09,4.8545740576734306e-20,nan,nan,nan,nan,nan,nan,nan,nan,nan,25.032993087042154,121.5654147627954,11.644702283080342,1,101326.5918216407,0.0549185043683872,0.014049810265113458,9.833620332096773,-0.007357783270337614,-0.00024123841266649322,-0.004322824295814246
2.0,3.0042968113264124e-11,4.1062264043350927e-20,0.0299991335502575,0.0,0.0,0.0,6.008798259710597e-19,1.0015439588784147e-09,4.8545740576734306e-20,nan,nan,nan,nan,nan,nan,nan,nan,nan,25.032993087042154,121.5654147627954,11.644702283080342,1,101304.77082577007,0.013377380963262686,-0.00960801024856301,9.832934636170947,-0.009286157076935865,-0.0021300154176421126,-0.003730703870545049
2.1,3.0042968113264124e-11,4.1062264043350927e-20,0.0299991335502575,0.0,0.0,0.0,6.008798259710597e-19,1.0015439588784147e-09,4.8545740576734306e-20,0.6722663634534967,0.6983495117542703,2.079953360251395,-0.002071848332012236,0.0009114091439712331,0.0008187592222787371,-0.0008630778097848688,-0.0035873063820732742,4.523487886260564e-06,25.033006303978,121.56540666197236,12.079931134684102,1,101335.09339023348,0.062144813238152304,-0.039563303611154635,9.854435021214933,-0.007577834445702661,-0.0008083247516701274,-0.0038795286152629787
2.2,3.0042968113264124e-11,4.1062264043350927e-20,0.0299991335502575,0.0,0.0,0.0,6.008798259710597e-19,1.0015439588784147e-09,4.8545740576734306e-20,0.672050084776193,0.6984729190455272,2.0799854140619036,-0.0019822207338949798,0.0012984537407106488,-0.0005452767660583616,-0.0009142487690549393,-0.0036110967194997734,-1.8626320082190998e-05,25.033006303978,121.56540666197236,12.079931134684102,1,101334.09423529745,0.06208074073147903,0.044259860627389035,9.81241316741117,-0.006238318692982669,-0.0019551947979272633,-0.004131774031033079
2.3000000000000003,3.0042968113264124e-11,4.1062264043350927e-20,0.0299991335502575,0.0,0.0,0.0,6.008798259710597e-19,1.0015439588784147e-09,4.8545740576734306e-20,0.671824294787716,0.6986946336448066,2.0799744197670877,-0.0031009059594772404,0.003479862858319377,0.0005267876486567367,-0.0008294792891258048,-0.003659770861438316,-5.330554473355825e-05,25.033006303978,121.56540666197236,12.079931134684102,1,101315.13533520818,-0.0022861795167072596,0.02845412121976665,9.834200857585417,-0.007411990976206317,-0.0025371591519770895,-0.004233129886820892
2.4000000000000004,3.0042968113264124e-11,4.1062264043350927e-20,0.0299991335502575,0.0,0.0,0.0,6.008798259710597e-19,1.0015439588784147e-09,4.8545740576734306e-20,0.671489322224947,0.6989629012148116,2.080141731584758,-0.003350991943237858,0.002534689266315706,0.0025417062482461098,-0.0006989741400766625,-0.0037549793018671895,-5.5663057823941394e-05,25.033006303978,121.56540666197236,12.079931134684102,1,101318.9692937048,-0.0008907397326767021,0.03899375852574215,9.78032699798742,-0.00351410111459294,0.0006372236699782797,-0.004766312405651116
2.5,3.0042968113264124e-11,4.1062264043350927e-20,0.0299991335502575,0.0,0.0,0.0,6.008798259710597e-19,1.0015439588784147e-09,4.8545740576734306e-20,0.6711736356324636,0.6993129433966673,2.080418029406286,-0.002249894238803867,0.0033764024099882,0.0036242857532956525,-0.0006572111144483093,-0.0037605469681054604,-5.7056515717108494e-05,25.033006303978,121.56540666197236,12.079931134684102,1,101320.6331828875,0.08562868204904261,-0.05337069474034392,9.803526222057094,-0.0064858810591895905,-0.000595686027625412,-0.003869458671473487
2.6,3.0042968113264124e-11,4.1062264043350927e-20,0.0299991335502575,0.0,0.0,0.0,6.008798259710597e-19,1.0015439588784147e-09,4.8545740576734306e-20,0.670886660485819,0.6996399418481939,2.080897269192785,-0.0031989391431118523,0.0031938144982185464,0.005760706511503627,-0.0006208850532020574,-0.003783726290367717,-6.32776016427973e-05,25.033006303978,121.56540666197236,12.079931134684102,1,101308.6849281521,0.06117708339615398,0.042701428712120695,9.7108051658374,-0.006612808318282098,-0.0027875760819189243,-0.003860068729002425
2.7,3.0042968113264124e-11,4.1062264043350927e-20,0.0299991335502575,0.0,0.0,0.0,6.008798259710597e-19,1.0015439588784147e-09,4.8545740576734306e-20,0.6704689775039125,0.70000645767442,2.2664778080648196,-0.005157074820588229,0.0038470618071090082,0.01120115904573083,-0.0005705475338266465,-0.003809308172517456,-7.423859602216209e-05,25.033006303978,121.56540666197236,12.079931134684102,1,101326.32374828072,0.009158637351021237,-0.002069061067165201,9.795728395999893,-0.005111309548014819,-0.0004931342115187921,-0.003069861128233031
2.8000000000000003,3.0042968113264124e-11,4.1062264043350927e-20,0.0299991335502575,0.0,0.0,0.0,6.008798259710597e-19,1.0015439588784147e-09,4.8545740576734306e-20,0.669920169388427,0.7004094913698066,2.2676168438681206,-0.005751075066242062,0.0038131073174097335,0.011693096698745102,-0.0005342497200164472,-0.003854588221092081,-7.620297714185895e-05,25.033006303978,121.56540666197236,12.079931134684102,1,101341.36750330229,0.011874733699436792,-0.045316377879491526,9.820528954880206,-0.005139642941301674,-0.0015040882890986372,-0.003831081315006962
2.9000000000000004,3.0042968113264124e-11,4.1062264043350927e-20,0.0299991335502575,0.0,0.0,0.0,6.008798259710597e-19,1.0015439588784147e-09,4.8545740576734306e-20,0.6693371689787954,0.700733842317464,2.2688084237798063,-0.005933189437160426,0.0034250334661828172,0.01159713115271418,-0.0004674574050222781,-0.0039041393884116093,-4.2651577169758596e-05,25.033006303978,121.56540666197236,12.079931134684102,1,101327.59875130081,0.026562118340477937,0.004940637889717423,9.832775219473005,-0.006568659924845227,-0.000904789268278213,-0.002689897986024582
3.0,3.0042968113264124e-11,4.1062264043350927e-20,0.0299991335502575,0.0,0.0,0.0,6.008798259710597e-19,1.0015439588784147e-09,4.8545740576734306e-20,0.6687424007285466,0.7009802276443877,2.2700622616932997,-0.006914893289725218,0.001815863956625253,0.013782602968256542,-0.0004059751703570448,-0.0038713598685897743,-1.0604232632993675e-05,25.033006303978,121.56540666197236,12.079931134684102,1,101319.63887127985,-0.03702463255766318,0.048758153201092634,9.79900145128522,-0.007023743992987604,-0.0014174737356079554,-0.004443488982245769
3.1,3.0042968113264124e-11,4.1062264043350927e-20,0.0299991335502575,0.0,0.0,0.0,6.008798259710597e-19,1.0015439588784147e-09,4.8545740576734306e-20,0.7683920847692013,0.5321102743565738,2.0906380359293384,-0.006838130125114116,-0.0013124690072679284,0.0012168839378440541,-0.0002794119132650139,-0.003859115023600479,-2.4560655944428326e-05,25.032991289582856,121.56541643291297,14.485073094919258,1,101336.06994649215,0.017885450853446776,-0.04375021321339759,9.836888166486828,-0.006462932640889104,-0.0015448791567148265,-0.003753670061248364
3.2,3.0042968113264124e-11,4.1062264043350927e-20,0.0299991335502575,0.0,0.0,0.0,6.008798259710597e-19,1.0015439588784147e-09,4.8545740576734306e-20,0.7675971121587848,0.5319658048986132,2.0907149289447755,-0.007713034304066857,-0.0003378669462201558,0.000707280376656489,-0.00016132455936288388,-0.0039031574500232313,-2.5001283186301557e-06,25.032991289582856,121.56541643291297,14.485073094919258,1,101323.70360334373,0.055748422779897895,0.04224858303809101,9.822050720109644,-0.0056780363920871475,-0.0014579904842794036,-0.0032742575719120677
3.3000000000000003,3.0042968113264124e-11,4.1062264043350927e-20,0.0299991335502575,0.0,0.0,0.0,6.008798259710597e-19,1.0015439588784147e-09,4.8545740576734306e-20,0.7669100856231357,0.531763902074697,2.090781601926596,-0.006854320885702833,-0.0033543475251465948,0.0006425754109890982,-0.00012024666547007001,-0.003970991883805786,1.7422264068932076e-05,25.032991289582856,121.56541643291297,14.485073094919258,1,101335.77808446647,0.025152955175590002,0.013503592136515261,9.768831351114763,-0.005795877947219578,-0.001658948748550738,-0.003837337597047355
3.4000000000000004,3.0042968113264124e-11,4.1062264043350927e-20,0.0299991335502575,0.0,0.0,0.0,6.008798259710597e-19,1.0015439588784147e-09,4.8545740576734306e-20,0.7662188111532903,0.5314261468811532,2.090973656773081,-0.006432198107979166,-0.003441503439376484,0.0029055894298979723,-7.129233831046617e-05,-0.004027578783392549,2.21481654861739e-05,25.032991289582856,121.56541643291297,14.485073094919258,1,101310.0092792281,0.05241274826020797,0.002547254605983912,9.784126788681956,-0.0073982134755947206,0.00018576809044859892,-0.004367431118350477
3.5,3.0042968113264124e-11,4.1062264043350927e-20,0.0299991335502575,0.0,0.0,0.0,6.008798259710597e-19,1.0015439588784147e-09,4.8545740576734306e-20,0.7654766555587998,0.5309657175809939,2.1695000688818937,-0.008274091746681212,-0.005865618806404845,0.017263247275810682,1.3577299802505e-05,-0.004065903368088319,6.730992677592334e-06,25.032991289582856,121.56541643291297,14.485073094919258,1,101314.21554516604,0.08346706635080614,-0.009764311144082593,9.836090322295838,-0.006609561769487298,-0.0006328438712152825,-0.004230536990660906
3.6,3.0042968113264124e-11,4.1062264043350927e-20,0.0299991335502575,0.0,0.0,0.0,6.008798259710597e-19,1.0015439588784147e-09,4.8545740576734306e-20,0.7646324700722922,0.5304022619800995,2.171275566088644,-0.009360564600256267,-0.005529610858420412,0.01789695823441204,1.6143910832892956e-05,-0.004106180911391588,-2.5720702177130874e-05,25.032991289582856,121.56541643291297,14.485073094919258,1,101321.38220166096,-0.029292590351773385,-0.04679509478976307,9.768242761222696,-0.004229494891919358,0.0006411694808816794,-0.004947453563555686
3.7,3.0042968113264124e-11,4.1062264043350927e-20,0.0299991335502575,0.0,0.0,0.0,6.008798259710597e-19,1.0015439588784147e-09,4.8545740576734306e-20,0.7635171668162452,0.5298014482293558,2.0313459799899953,-0.011574099692047098,-0.006409891805007807,-0.019661242100276515,0.00015334625574733185,-0.004193375579753411,-3.955501505322616e-05,25.032991289582856,121.56541643291297,14.485073094919258,1,101335.56294669007,0.0010337832262070669,-0.006926393386050589,9.797647314135027,-0.003896908383855387,-0.001236585762231615,-0.0034849584343712436
3.8000000000000003,3.0042968113264124e-11,4.1062264043350927e-20,0.0299991335502575,0.0,0.0,0.0,6.008798259710597e-19,1.0015439588784147e-09,4.8545740576734306e-20,0.7623616806053379,0.5291904398078141,2.0293336454276303,-0.01124727697053177,-0.0066546412124661595,-0.020793918236840098,0.00016372299050529572,-0.004258392113366538,-3.5050903073403586e-05,25.032991289582856,121.56541643291297,14.485073094919258,1,101327.35748621,0.016754909446793337,0.02261415385444766,9.775980288346693,-0.008630417582973646,-0.002401095170535114,-0.003389414026432649
3.9000000000000004,3.0042968113264124e-11,4.1062264043350927e-20,0.0299991335502575,0.0,0.0,0.0,6.008798259710597e-19,1.0015439588784147e-09,4.8545740576734306e-20,0.7611894005506863,0.5284906307124284,2.0463394605183263,-0.011996364605270073,-0.0069712510399925895,-0.01385899728327797,0.00017782676007821094,-0.0043431348585645235,-3.440080190807755e-05,25.032991289582856,121.56541643291297,14.485073094919258,1,101316.5923087524,0.032530353274331285,-0.0714520230591592,9.821957763026548,-0.008774909495863207,-0.001320868849853247,-0.0036048160623982344
4.0,3.0042968113264124e-11,4.1062264043350927e-20,0.0299991335502575,0.0,0.0,0.0,6.008798259710597e-19,1.0015439588784147e-09,4.8545740576734306e-20,0.7598491856317825,0.5277732889338311,2.044963221150474,-0.014358381031852668,-0.007215185157146276,-0.013885771998635124,0.00020956803617675607,-0.004358652357158155,-1.5134731277934143e-05,25.032991289582856,121.56541643291297,14.485073094919258,1,101331.79890891412,0.014660363563767069,0.04527595023845835,9.767035243674597,-0.007368963187523644,0.0014269439748935634,-0.0034994972506162078
4.1000000000000005,3.0042968113264124e-11,4.1062264043350927e-20,0.0299991335502575,0.0,0.0,0.0,6.008798259710597e-19,1.0015439588784147e-09,4.8545740576734306e-20,0.5556893692308352,0.4474882073883576,2.0398401062629623,-0.03752042817889496,-0.014400968691427634,-0.017814790311601162,0.00038377776111851475,-0.004820514525055275,-2.1959152964020598e-05,25.032997745445066,121.56538793360133,10.752141961571386,1,101325.20468492675,0.07026380712377826,-0.006531027912443942,9.794509873731409,-0.008398089424227317,0.0004242142989022372,-0.00404340395586104
4.2,3.0042968113264124e-11,4.1062264043350927e-20,0.0299991335502575,0.0,0.0,0.0,6.008798259710597e-19,1.0015439588784147e-09,4.8545740576734306e-20,0.5518351225085661,0.44600771940637635,2.037912973426748,-0.040345269833011586,-0.014670001934058777,-0.02052966146576462,0.000412029812115971,-0.004917983660883696,-5.1353515260454686e-05,25.032997745445066,121.56538793360133,10.752141961571386,1,101313.27530922434,0.018672971237455295,0.047010008356475626,9.765508036092939,-0.005730622903465348,-0.0018614598563189257,-0.004206443934271303
4.300000000000001,3.0042968113264124e-11,4.1062264043350927e-20,0.0299991335502575,0.0,0.0,0.0,6.008798259710597e-19,1.0015439588784147e-09,4.8545740576734306e-20,0.5476509616212125,0.4445457325728901,2.0356931283059496,-0.04409916068375716,-0.015333464092487818,-0.023596093179032353,0.00039494710950216746,-0.00496908010127961,-4.505122398965701e-05,25.032997745445066,121.56538793360133,10.752141961571386,1,101319.6902936839,0.0034090302861017295,0.00487961450880024,9.838957865971004,-0.0066419963525534325,-0.0007599226439058855,-0.0048833148015589856
4.4,3.0042968113264124e-11,4.1062264043350927e-20,0.0299991335502575,0.0,0.0,0.0,6.008798259710597e-19,1.0015439588784147e-09,4.8545740576734306e-20,0.5431167517250542,0.44302758907505607,2.0333468228287432,-0.04672235505979973,-0.015363064674472455,-0.023643966878695844,0.0004226918918746564,-0.004962512372591599,-5.202856514330989e-05,25.032997745445066,121.56538793360133,10.752141961571386,1,101327.74063843892,0.04138638037306622,0.0422926313902863,9.84858880364901,-0.006764580178149967,-0.0010491212304701448,-0.002563844047076815
4.5,3.0042968113264124e-11,4.1062264043350927e-20,0.0299991335502575,0.0,0.0,0.0,6.008798259710597e-19,1.0015439588784147e-09,4.8545740576734306e-20,0.5383235521568536,0.44132499903972866,2.030912900239504,-0.048616486287957505,-0.019148795796584937,-0.02523856965264529,0.0004358150279049125,-0.00500241212116026,-6.853712221478695e-05,25.032997745445066,121.56538793360133,10.752141961571386,1,101334.18377904897,0.026019265578997162,-0.021703681137246557,9.806579793639052,-0.006673491567995808,-0.001777951761206313,-0.004245656569024793
4.6000000000000005,3.0042968113264124e-11,4.1062264043350927e-20,0.0299991335502575,0.0,0.0,0.0,6.008798259710597e-19,1.0015439588784147e-09,4.8545740576734306e-20,0.5333207658679785,0.43930821485876337,2.028267509941621,-0.051398369288173734,-0.020014401473578653,-0.027887605200764543,0.0004984061534096015,-0.005053790452316909,-8.414119178736448e-05,25.032997745445066,121.56538793360133,10.752141961571386,1,101318.93213419431,0.045150545475101965,0.02185957915212325,9.79527039856291,-0.006608585127716526,-0.0009795744450489285,-0.004875435315129034
4.7,3.0042968113264124e-11,4.1062264043350927e-20,0.0299991335502575,0.0,0.0,0.0,6.008798259710597e-19,1.0015439588784147e-09,4.8545740576734306e-20,0.5280553497707905,0.43718501680026917,1.926287764465305,-0.05287941711994007,-0.02202824302273035,-0.08545325032062691,0.0004995301026724855,-0.005151171888929662,-9.285098906224625e-05,25.032997745445066,121.56538793360133,10.752141961571386,1,101332.22326442348,0.06607266538649738,0.03467234280365395,9.782121216295028,-0.005876272559147005,-0.0003731508425968099,-0.004622208424519584
4.800000000000001,3.0042968113264124e-11,4.1062264043350927e-20,0.0299991335502575,0.0,0.0,0.0,6.008798259710597e-19,1.0015439588784147e-09,4.8545740576734306e-20,0.522574796995812,0.4348742000162847,1.9176699133678365,-0.05698827458838635,-0.02372271043565326,-0.08745054482641791,0.0005349045136718469,-0.00520282439677433,-0.00011837036139799727,25.032997745445066,121.56538793360133,10.752141961571386,1,101330.55345699811,0.007216340332518927,0.011148533243186232,9.78517724506763,-0.00801822822087956,0.0012837182479655774,-0.004056432746974601
4.9,3.0042968113264124e-11,4.1062264043350927e-20,0.0299991335502575,0.0,0.0,0.0,6.008798259710597e-19,1.0015439588784147e-09,4.8545740576734306e-20,0.5166824187196754,0.4325497342383787,1.9087582914161532,-0.06026797689843525,-0.022918639299852325,-0.08991254688485335,0.0005086239318590003,-0.005225716621454879,-0.00014949016775417558,25.032997745445066,121.56538793360133,10.752141961571386,1,101343.15420109894,0.004700841780973988,0.0021883852752677896,9.825058195364656,-0.00639936061887823,0.0016034062386818893,-0.004881149541483424
5.0,3.0042968113264124e-11,4.1062264043350927e-20,0.0299991335502575,0.0,0.0,0.0,6.008798259710597e-19,1.0015439588784147e-09,4.8545740576734306e-20,0.5105313767066768,0.4302098247118905,1.8995833317822681,-0.06358497762893102,-0.023693572362641118,-0.09419511005914458,0.0006322259936531266,-0.005230770623869452,-0.0001809011692748313,25.032997745445066,121.56538793360133,10.752141961571386,1,101341.90950445874,0.0039822373106537905,0.03987669296147841,9.777072573895262,-0.00686584973153724,0.0009456929140264196,-0.004826462228538265
5.1000000000000005,3.0042968113264124e-11,4.1062264043350927e-20,0.0299991335502575,0.0,0.0,0.0,6.008798259710597e-19,1.0015439588784147e-09,4.8545740576734306e-20,0.14028737425249382,0.24353807357921756,1.8906567125982006,-0.16392083092915272,-0.07503919631423633,-0.09691115993923943,0.0017502069044453086,-0.007226855031132073,-0.0002133215871520462,25.032991187225196,121.56537753726506,12.0156208984219,1,101319.914485375,0.045836001056336895,-0.010594035183987962,9.781943438510933,-0.004903891128689788,-0.00031814148670298973,-0.004568552566726303
5.2,3.0042968113264124e-11,4.1062264043350927e-20,0.0299991335502575,0.0,0.0,0.0,6.008798259710597e-19,1.0015439588784147e-09,4.8545740576734306e-20,0.12353253810782294,0.23583716460116186,1.8808260216888457,-0.17071347341926313,-0.07853544051242142,-0.09995629043090287,0.0017993126955628792,-0.007300442360868464,-0.00022368728411731775,25.032991187225196,121.56537753726506,12.0156208984219,1,101311.89245752775,0.012971109989920016,0.04091255486623984,9.808947542462864,-0.008428889550365049,0.002295410127989305,-0.004227263071437691
5.300000000000001,3.0042968113264124e-11,4.1062264043350927e-20,0.0299991335502575,0.0,0.0,0.0,6.008798259710597e-19,1.0015439588784147e-09,4.8545740576734306e-20,0.10625056858384166,0.22781846282698076,2.0081800593833115,-0.17672305229379032,-0.08270126340012056,-0.025152054863597516,0.0019545237954442327,-0.007320398775954917,-0.0002314857344545855,25.032991187225196,121.56537753726506,12.0156208984219,1,101305.89151206268,0.05780371172326497,-0.03260664418996872,9.806688030944887,-0.003363741665302247,-0.0017127767340666023,-0.0036285240845654876
5.4,3.0042968113264124e-11,4.1062264043350927e-20,0.0299991335502575,0.0,0.0,0.0,6.008798259710597e-19,1.0015439588784147e-09,4.8545740576734306e-20,0.08832109004432778,0.21947758069446702,2.005708782603433,-0.18223239140450875,-0.08344076331973665,-0.024257466569677522,0.0019594753220004623,-0.007423873051411567,-0.00023767359029804491,25.032991187225196,121.56537753726506,12.0156208984219,1,101321.88516935751,0.0053424265638138575,-0.028900714978761382,9.787217886733096,-0.007573821502856596,0.00028523129515113215,-0.003929226294264817
5.5,3.0042968113264124e-11,4.1062264043350927e-20,0.0299991335502575,0.0,0.0,0.0,6.008798259710597e-19,1.0015439588784147e-09,4.8545740576734306e-20,0.07004972955078775,0.21098337932499278,2.1891615826027313,-0.1881041802299807,-0.08833301667778629,0.07966420378405316,0.0021044565719102975,-0.007456508894503777,-0.00022961056451582275,25.032991187225196,121.56537753726506,12.0156208984219,1,101331.77535163354,-0.05462222372153424,-0.007195533998784204,9.822406157369532,-0.005558402471464067,-0.001519925987938815,-0.0037569257841347974
5.6000000000000005,3.0042968113264124e-11,4.1062264043350927e-20,0.0299991335502575,0.0,0.0,0.0,6.008798259710597e-19,1.0015439588784147e-09,4.8545740576734306e-20,0.05082020935579967,0.20196393487309716,2.1973005717707137,-0.19579312624632553,-0.09213180411299658,0.08198819259229043,0.002198382475569282,-0.007535861312776726,-0.00022884203846503578,25.032991187225196,121.56537753726506,12.0156208984219,1,101335.23726026919,-0.0033633226114271296,-0.03451612063646577,9.772137185414397,-0.008541332446842997,-0.001062421056740204,-0.002949337489108257
5.7,3.0042968113264124e-11,4.1062264043350927e-20,0.0299991335502575,0.0,0.0,0.0,6.008798259710597e-19,1.0015439588784147e-09,4.8545740576734306e-20,0.0308361075192383,0.1926353360220789,2.205546231572041,-0.20369450518214122,-0.09393753567020399,0.08292521701183916,0.0022664834987653776,-0.007644860389403929,-0.0002177287141001676,25.032991187225196,121.56537753726506,12.0156208984219,1,101339.62368895981,0.006671791025721397,0.003930095527279196,9.792048712127071,-0.007146262959226566,0.00010577831988678704,-0.0034785495368704258
5.800000000000001,3.0042968113264124e-11,4.1062264043350927e-20,0.0299991335502575,0.0,0.0,0.0,6.008798259710597e-19,1.0015439588784147e-09,4.8545740576734306e-20,0.010171379014807795,0.18301871817761406,2.2139707037088967,-0.20988669725055856,-0.09846707549224694,0.08525281374098172,0.002331766700665512,-0.007696722076626861,-0.00018706417261300833,25.032991187225196,121.56537753726506,12.0156208984219,1,101327.03349041147,0.02149029820646378,0.03233547116752088,9.867713697241701,-0.007325242948204139,0.0003930659897293674,-0.003019301873107858
5.9,3.0042968113264124e-11,4.1062264043350927e-20,0.0299991335502575,0.0,0.0,0.0,6.008798259710597e-19,1.0015439588784147e-09,4.8545740576734306e-20,-0.011149898009230226,0.17298214878781593,2.2227202932626136,-0.21686622047573983,-0.10191483532873762,0.08931872287069981,0.0024110183130148692,-0.007815049103591765,-0.00018821362923352489,25.032991187225196,121.56537753726506,12.0156208984219,1,101331.23442862702,-0.0017749433592580861,0.0028173741994685685,9.827765313970401,-0.003744109706474193,-0.0010278982177131185,-0.0046196070589462615
6.0,3.0042968113264124e-11,4.1062264043350927e-20,0.0299991335502575,0.0,0.0,0.0,6.008798259710597e-19,1.0015439588784147e-09,4.8545740576734306e-20,-0.03318936658639988,0.1625685356825327,2.231811040400955,-0.22393068625925389,-0.10666015802582952,0.09294652036931722,0.0024999442270729464,-0.00790052850897549,-0.00017570751984275846,25.032991187225196,121.56537753726506,12.0156208984219,1,101321.5841568588,0.025267494785987835,-0.03296270533471181,9.800287329943375,-0.0051688564929301415,-0.0010201627434171597,-0.004269851585295777
6.1000000000000005,3.0042968113264124e-11,4.1062264043350927e-20,0.0299991335502575,0.0,0.0,0.0,6.008798259710597e-19,1.0015439588784147e-09,4.8545740576734306e-20,-0.08276658277221406,0.005289552247938534,1.9529930510481024,-0.24160528331278072,-0.16700398416604276,-0.05644801955001297,0.003742714522977017,-0.008214639678989277,-0.00019220708217506104,25.032995146814635,121.5653984141295,11.772458845645653,1,101331.04141403212,-0.02777640353352688,0.019294525442208037,9.803148864337862,-0.004740186335217152,0.0002102635719451916,-0.0035944134625585846
6.2,3.0042968113264124e-11,4.1062264043350927e-20,0.0299991335502575,0.0,0.0,0.0,6.008798259710597e-19,1.0015439588784147e-09,4.8545740576734306e-20,-0.10729262512342196,-0.011716072155566831,1.9473301465041613,-0.24907369489501685,-0.172768516305546,-0.057855278421612984,0.0037837710638112484,-0.008259515942169449,-0.00019158064736927516,25.032995146814635,121.5653984141295,11.772458845645653,1,101313.4494190207,0.039267356854147686,0.03156528463471732,9.77094978551456,-0.007508442799936315,-0.0007302298838302671,-0.004559300913269756
6.300000000000001,3.0042968113264124e-11,4.1062264043350927e-20,0.0299991335502575,0.0,0.0,0.0,6.008798259710597e-19,1.0015439588784147e-09,4.8545740576734306e-20,-0.13230230590200495,-0.029137464953033845,2.000515150940701,-0.2553062271758317,-0.1770329930954128,-0.030127277164022834,0.003861747948438873,-0.008245855556482384,-0.00020122066371686034,25.032995146814635,121.5653984141295,11.772458845645653,1,101320.09388299826,0.07303638059776395,0.0310426126123549,9.750970577032051,-0.008605381123705073,0.0020516483852904737,-0.004142355634327017
6.4,3.0042968113264124e-11,4.1062264043350927e-20,0.0299991335502575,0.0,0.0,0.0,6.008798259710597e-19,1.0015439588784147e-09,4.8545740576734306e-20,-0.15819527520161655,-0.04721200321747062,1.9974996567603829,-0.2624556814823711,-0.18339296687047923,-0.029449473442866324,0.003799464626873612,-0.008313172471755559,-0.00021073196365245061,25.032995146814635,121.5653984141295,11.772458845645653,1,101324.10965498775,0.009170690299798667,0.07895786792823403,9.836492946498694,-0.006273298811490226,-0.0010115444083179821,-0.004009720933731978
6.5,3.0042968113264124e-11,4.1062264043350927e-20,0.0299991335502575,0.0,0.0,0.0,6.008798259710597e-19,1.0015439588784147e-09,4.8545740576734306e-20,-0.18368628311014126,-0.06509515595000957,2.210497240878603,-0.26987725008828156,-0.18844181781639183,0.07818358045290237,0.003871339048956858,-0.008349288029354307,-0.00022819479572208103,25.032995146814635,121.5653984141295,11.772458845645653,1,101334.1198642713,0.02898696893504549,0.00707798800555497,9.738262493126962,-0.006844086498740154,-0.00023600835867738072,-0.003449219308491603
6.6000000000000005,3.0042968113264124e-11,4.1062264043350927e-20,0.0299991335502575,0.0,0.0,0.0,6.008798259710597e-19,1.0015439588784147e-09,4.8545740576734306e-20,-0.21105781046729177,-0.08423954252974762,2.218415601249384,-0.2766631700600003,-0.1947893677212559,0.08023736101156828,0.004065147845378817,-0.008426076217864509,-0.00021357897442640314,25.032995146814635,121.5653984141295,11.772458845645653,1,101337.14254398046,0.06565079100957048,-0.0077112825377848694,9.813126000652723,-0.0038909957870330845,0.0004275378963670101,-0.004325813373035976
6.7,3.0042968113264124e-11,4.1062264043350927e-20,0.0299991335502575,0.0,0.0,0.0,6.008798259710597e-19,1.0015439588784147e-09,4.8545740576734306e-20,-0.2391315438415066,-0.10395707601119743,2.226532830895292,-0.2846543725049338,-0.2001105943816595,0.08122139905647162,0.00415897735851152,-0.008423521610015472,-0.0002135451973511904,25.032995146814635,121.5653984141295,11.772458845645653,1,101313.55078630289,0.06980042289782287,-0.009349877748899438,9.744809745053656,-0.0071963614820701495,0.0001039679092216688,-0.0032645772724483437
6.800000000000001,3.0042968113264124e-11,4.1062264043350927e-20,0.0299991335502575,0.0,0.0,0.0,6.008798259710597e-19,1.0015439588784147e-09,4.8545740576734306e-20,-0.2679050954992508,-0.12427190140209775,2.2347652240138554,-0.2914339251124526,-0.206093450537448,0.08247048550233232,0.004349524544651127,-0.008490252705955381,-0.00020161743957272053,25.032995146814635,121.5653984141295,11.772458845645653,1,101311.20420478171,0.03931691854263606,0.009207358583526188,9.726308180204791,-0.006575585331227764,-5.635344553382637e-05,-0.004224783647424335
6.9,3.0042968113264124e-11,4.1062264043350927e-20,0.0299991335502575,0.0,0.0,0.0,6.008798259710597e-19,1.0015439588784147e-09,4.8545740576734306e-20,-0.30057679638275164,-0.14703038722983935,1.9303666926939274,-0.3008408075344093,-0.21186241827201782,-0.06457106713096503,0.004467065144198708,-0.008655841818805188,-0.0001713944634690644,25.032995146814635,121.5653984141295,11.772458845645653,1,101331.91867924978,0.05531221200951701,0.0033949003462919484,9.799876474575827,-0.005545522562567275,2.9257144280518462e-05,-0.004045414405559199
7.0,3.0042968113264124e-11,4.1062264043350927e-20,0.0299991335502575,0.0,0.0,0.0,6.008798259710597e-19,1.0015439588784147e-09,4.8545740576734306e-20,-0.3308992997776287,-0.16844461382168907,1.923813270028766,-0.30600331346070614,-0.2163849844052899,-0.06641783446510796,0.00453973413137926,-0.008645009095807676,-0.0001619942066291907,25.032995146814635,121.5653984141295,11.772458845645653,1,101335.72464691577,0.0409896192353225,-0.03215001179970065,9.783758792891014,-0.007321314593186305,-0.00035939149463548494,-0.004109045434841045
7.1000000000000005,3.0042968113264124e-11,4.1062264043350927e-20,0.0299991335502575,0.0,0.0,0.0,6.008798259710597e-19,1.0015439588784147e-09,4.8545740576734306e-20,-0.4488535356307098,-0.41244169380963885,1.8712903859405698,-0.3405807701466261,-0.3159409304351038,-0.09198360216639745,0.006705477563288238,-0.009087763509371127,-0.00015774074505672288,25.032992424187817,121.5653921197016,8.19629382364752,1,101340.25812453234,0.08000169969118069,0.01551866131199131,9.869499382562633,-0.006039022720483869,0.0015074640677467648,-0.004199396859861185
7.2,3.0042968113264124e-11,4.1062264043350927e-20,0.0299991335502575,0.0,0.0,0.0,6.008798259710597e-19,1.0015439588784147e-09,4.8545740576734306e-20,-0.48330007045618334,-0.4445675470225617,1.8620267847101413,-0.34878002960488697,-0.32753855540923027,-0.09342989952484884,0.006909844209402213,-0.009062564741364021,-0.0001443189901502097,25.032992424187817,121.5653921197016,8.19629382364752,1,101345.11804498945,0.012808349738589537,-0.012878034134424262,9.78541885059067,-0.005767891310265884,0.0002640852418439505,-0.003943430367726068
7.300000000000001,3.0042968113264124e-11,4.1062264043350927e-20,0.0299991335502575,0.0,0.0,0.0,6.008798259710597e-19,1.0015439588784147e-09,4.8545740576734306e-20,-0.5186319821272835,-0.47788452515956586,1.8526142720539927,-0.3580541463241272,-0.337985401686676,-0.09397802003593504,0.007063468495142137,-0.009074130018446036,-0.0001314346244417992,25.032992424187817,121.5653921197016,8.19629382364752,1,101326.07895513902,-0.0006972189964313188,0.042375098994609804,9.802169952577252,-0.006125329565633746,-0.0022921919258967606,-0.0038958330836426
7.4,3.0042968113264124e-11,4.1062264043350927e-20,0.0299991335502575,0.0,0.0,0.0,6.008798259710597e-19,1.0015439588784147e-09,4.8545740576734306e-20,-0.5548544847146722,-0.5121667226222233,1.8431191408711662,-0.3662251657390534,-0.3488933634533372,-0.09534333362144826,0.00722312158616778,-0.009056471790969134,-9.690784894902634e-05,25.032992424187817,121.5653921197016,8.19629382364752,1,101310.73089992172,0.05267084298976499,-0.04059543994202764,9.857112087539186,-0.004371119263362012,0.00137380421852831,-0.003944565174432781
7.500000000000001,3.0042968113264124e-11,4.1062264043350927e-20,0.0299991335502575,0.0,0.0,0.0,6.008798259710597e-19,1.0015439588784147e-09,4.8545740576734306e-20,-0.5918577949318896,-0.547622201246297,1.8334268981423114,-0.37436134702779467,-0.3592759890644587,-0.09810065292089701,0.007352779571225154,-0.009134282279541495,-5.992346612915126e-05,25.032992424187817,121.5653921197016,8.19629382364752,1,101314.55984645379,0.01273131320180991,0.13388171431786855,9.752347613123836,-0.005136652082338494,-0.0009479546447436194,-0.0033531198441991562
7.6000000000000005,3.0042968113264124e-11,4.1062264043350927e-20,0.0299991335502575,0.0,0.0,0.0,6.008798259710597e-19,1.0015439588784147e-09,4.8545740576734306e-20,-0.6296750421456053,-0.5839036803975357,1.823461627062294,-0.381837915648514,-0.3669600202459538,-0.10068003169571053,0.007444327919162873,-0.009179373301927418,-5.1101709967597744e-05,25.032992424187817,121.5653921197016,8.19629382364752,1,101317.96703258771,0.027383642186396585,-0.0209275533579201,9.820696344816565,-0.007879357139182969,-0.001702587913096362,-0.003751656710177511
7.7,3.0042968113264124e-11,4.1062264043350927e-20,0.0299991335502575,0.0,0.0,0.0,6.008798259710597e-19,1.0015439588784147e-09,4.8545740576734306e-20,-0.6684293670071104,-0.621340676367557,1.7901909467269714,-0.39065011750392625,-0.37771552737930947,-0.1129780437840808,0.007547574672471251,-0.009193489821726741,-3.246420156767689e-05,25.032992424187817,121.5653921197016,8.19629382364752,1,101316.28210289603,-0.029207348638592437,0.017072340853788986,9.76180168961084,-0.007978838788805651,-0.0008923110621533939,-0.0038811912232018194
7.800000000000001,3.0042968113264124e-11,4.1062264043350927e-20,0.0299991335502575,0.0,0.0,0.0,6.008798259710597e-19,1.0015439588784147e-09,4.8545740576734306e-20,-0.7080139997870657,-0.659636312110494,1.778832263282446,-0.40060712822306654,-0.3877791639649138,-0.11374639426438836,0.007655202877319513,-0.00921131675915099,1.1835844340802974e-05,25.032992424187817,121.5653921197016,8.19629382364752,1,101315.07547147592,0.03755712611671883,0.06419200399706777,9.750834747801782,-0.005465733407820259,0.0006610226396816131,-0.0030486222143230953
7.9,3.0042968113264124e-11,4.1062264043350927e-20,0.0299991335502575,0.0,0.0,0.0,6.008798259710597e-19,1.0015439588784147e-09,4.8545740576734306e-20,-0.7467924609013311,-0.6976487405098692,1.937031391289443,-0.4078709857884696,-0.3988037176893092,-0.04575772558859166,0.0077600259248691095,-0.009230736771526749,4.089929886811044e-05,25.032992424187817,121.5653921197016,8.19629382364752,1,101321.67128653554,0.01621511274387615,-0.05223402723371446,9.759055384555637,-0.00661802941189083,0.0013002146818493767,-0.004048002442956068
8.0,3.0042968113264124e-11,4.1062264043350927e-20,0.0299991335502575,0.0,0.0,0.0,6.008798259710597e-19,1.0015439588784147e-09,4.8545740576734306e-20,-0.78796802316281,-0.7380381293178907,1.9323112521110577,-0.41588589549561683,-0.4098285906265063,-0.04772807398757681,0.007892939679776953,-0.009223769601174547,7.375799783187857e-05,25.032992424187817,121.5653921197016,8.19629382364752,1,101323.0877979752,0.031662440400248244,-0.018410459556154467,9.855165730605357,-0.0039070039543000375,0.002052436810263296,-0.00357422050640011
8.1,3.0042968113264124e-11,4.1062264043350927e-20,0.0299991335502575,0.0,0.0,0.0,6.008798259710597e-19,1.0015439588784147e-09,4.8545740576734306e-20,-0.11254722331493885,-0.19943524060966897,1.7776508790083334,-0.16790593741838195,-0.21250227320136642,-0.10594331051231497,0.004141347526645904,-0.004446056430891687,0.00011357611996850973,25.033010782452028,121.56541587319848,12.681802403915066,1,101326.92909706074,0.08038440137436481,0.014667740119246927,9.793839221151293,-0.006056193165776574,0.0007500749555737077,-0.004002957997264778
8.200000000000001,3.0042968113264124e-11,4.1062264043350927e-20,0.0299991335502575,0.0,0.0,0.0,6.008798259710597e-19,1.0015439588784147e-09,4.8545740576734306e-20,-0.1294306427790583,-0.22094766764448284,1.7669797083373444,-0.1699131220189345,-0.2185484354930345,-0.10655282215352661,0.004211751581889068,-0.004388072649289088,0.00014306548107785979,25.033010782452028,121.56541587319848,12.681802403915066,1,101342.39065987573,0.005162010266302516,-0.08753554928327954,9.811154658930047,-0.009233458309221532,-0.00021336014878323652,-0.003070364381162566
8.3,3.0042968113264124e-11,4.1062264043350927e-20,0.0299991335502575,0.0,0.0,0.0,6.008798259710597e-19,1.0015439588784147e-09,4.8545740576734306e-20,-0.14481469216281065,-0.24166076063938918,1.9016374352692573,-0.1714287314911031,-0.22479643024490434,-0.04989956743711219,0.004237119927926846,-0.004289464080007965,0.00019059554381702613,25.033010782452028,121.56541587319848,12.681802403915066,1,101329.22559599111,0.007787047860114929,0.014696223753636755,9.85941432043733,-0.006928073299497703,-0.0007676958818711073,-0.002209045581725219
8.4,3.0042968113264124e-11,4.1062264043350927e-20,0.0299991335502575,0.0,0.0,0.0,6.008798259710597e-19,1.0015439588784147e-09,4.8545740576734306e-20,-0.16201180898397827,-0.26443940000897664,1.896777843727527,-0.17262179198364563,-0.23065859141359873,-0.047856668282532884,0.004363327197414325,-0.004238011936875896,0.00020711769946814068,25.033010782452028,121.56541587319848,12.681802403915066,1,101327.57488505272,0.024159065474266144,0.0016229893715619347,9.785706928477577,-0.005044385517912276,6.327573951650075e-05,-0.004488636475586169
8.5,3.0042968113264124e-11,4.1062264043350927e-20,0.0299991335502575,0.0,0.0,0.0,6.008798259710597e-19,1.0015439588784147e-09,4.8545740576734306e-20,-0.18031173910047524,-0.28862720139366405,1.8313628873148051,-0.17682018311623243,-0.23484064356644505,-0.07183368731511128,0.004478425240027091,-0.004228584045568695,0.00022759377626682632,25.033010782452028,121.56541587319848,12.681802403915066,1,101324.03457815219,0.03172668961474877,0.04008653349947634,9.699769612601978,-0.00586221078836272,0.00046141729314764016,-0.0037653789020898176
8.600000000000001,3.0042968113264124e-11,4.1062264043350927e-20,0.0299991335502575,0.0,0.0,0.0,6.008798259710597e-19,1.0015439588784147e-09,4.8545740576734306e-20,-0.19804480488237386,-0.3123862161679177,1.8241506956086608,-0.1780041559363105,-0.23968719552524473,-0.07207455324290789,0.004520201306371573,-0.004193909789354189,0.0002507790112949342,25.033010782452028,121.56541587319848,12.681802403915066,1,101327.28913343242,0.004839770478159346,0.006410381784442292,9.770162360545163,-0.00698481389718919,0.0002719973080342819,-0.0033644097655924194
8.700000000000001,3.0042968113264124e-11,4.1062264043350927e-20,0.0299991335502575,0.0,0.0,0.0,6.008798259710597e-19,1.0015439588784147e-09,4.8545740576734306e-20,-0.2189251308723783,-0.3398007040178109,1.652386493472216,-0.18189579607095988,-0.24686649463354485,-0.13564995216933587,0.004770888373966964,-0.0042330325558865844,0.0002585079687233132,25.033010782452028,121.56541587319848,12.681802403915066,1,101323.7273688032,0.024613696041064257,-0.017277606594390784,9.779406197134485,-0.0075649233016059966,-0.0003073193536959005,-0.003857565435073422
8.8,3.0042968113264124e-11,4.1062264043350927e-20,0.0299991335502575,0.0,0.0,0.0,6.008798259710597e-19,1.0015439588784147e-09,4.8545740576734306e-20,-0.23722573351570814,-0.36475118127605693,1.6386999050845954,-0.1842708877886822,-0.2527404244824955,-0.1382866662055051,0.004898600922975709,-0.004213357331010359,0.00026989182788535746,25.033010782452028,121.56541587319848,12.681802403915066,1,101331.71158018234,0.02621756674921095,0.032056796841675464,9.800714572701882,-0.008225695657454915,-0.0002456842765228093,-0.002949891552293981
8.9,3.0042968113264124e-11,4.1062264043350927e-20,0.0299991335502575,0.0,0.0,0.0,6.008798259710597e-19,1.0015439588784147e-09,4.8545740576734306e-20,-0.25984226526546306,-0.395022663269964,1.4380644254622357,-0.18801149045570503,-0.2625668706394852,-0.20990218909096464,0.0051084347831116435,-0.004199688172230154,0.00029260879629236123,25.033010782452028,121.56541587319848,12.681802403915066,1,101350.5963139285,-0.003846398416829204,0.028240230444393454,9.825539137152902,-0.006822348992128556,-0.0003263071866452216,-0.003627616261587024
9.0,3.0042968113264124e-11,4.1062264043350927e-20,0.0299991335502575,0.0,0.0,0.0,6.008798259710597e-19,1.0015439588784147e-09,4.8545740576734306e-20,-0.278792000313333,-0.42159454173820404,1.4169876409941544,-0.1902714085565954,-0.2685879510637308,-0.21246745484558674,0.005175881332621158,-0.004224865459872884,0.00032077140658555827,25.033010782452028,121.56541587319848,12.681802403915066,1,101334.26573849354,0.05139981765977777,0.05945742729478283,9.821625583940486,-0.008899888362236015,-0.001803549514710364,-0.004435487233695778
9.100000000000001,3.0042968113264124e-11,4.1062264043350927e-20,0.0299991335502575,0.0,0.0,0.0,6.008798259710597e-19,1.0015439588784147e-09,4.8545740576734306e-20,-0.2406026400508543,-0.3408017986786184,1.207225807675463,-0.17404732159527544,-0.23517465269635118,-0.284462327113698,0.004523762687816326,-0.0038248340817268467,0.000339849333994632,25.03299877227708,121.56539877109721,7.40353095604903,1,101337.1390000498,0.03880610439114315,-0.025311446818000967,9.79614642318505,-0.004136466117627694,-0.0002269888031291634,-0.003569301606576114
9.200000000000001,3.0042968113264124e-11,4.1062264043350927e-20,0.0299991335502575,0.0,0.0,0.0,6.008798259710597e-19,1.0015439588784147e-09,4.8545740576734306e-20,-0.25810304736259965,-0.36465309870365364,1.1785320970562105,-0.1756210064289784,-0.24111380910220592,-0.29018594140193804,0.004626844172939824,-0.003706378850951708,0.00034126588325870174,25.03299877227708,121.56539877109721,7.40353095604903,1,101299.91119876111,0.015147007865818629,0.07296220735351851,9.768950741856665,-0.005601103657897998,0.000998401928290883,-0.00407795928875062
9.3,3.0042968113264124e-11,4.1062264043350927e-20,0.0299991335502575,0.0,0.0,0.0,6.008798259710597e-19,1.0015439588784147e-09,4.8545740576734306e-20,-0.2757718517488118,-0.38900296138058177,1.1493082806392811,-0.17693905740509103,-0.2460182070983899,-0.2939042168007901,0.004729333652365974,-0.003708179391601174,0.0003677365588519543,25.03299877227708,121.56539877109721,7.40353095604903,1,101328.57515781712,0.09304762068261442,-0.056895623919396426,9.834989358631752,-0.006607991570897261,-1.9853876638362367e-05,-0.003801857575041648
9.4,3.0042968113264124e-11,4.1062264043350927e-20,0.0299991335502575,0.0,0.0,0.0,6.008798259710597e-19,1.0015439588784147e-09,4.8545740576734306e-20,-0.2935151229376058,-0.41389540170162903,1.1196838182881008,-0.17831289003425688,-0.25169806038317055,-0.2977100344318288,0.004782371166920902,-0.003650441587788933,0.0003954788815518761,25.03299877227708,121.56539877109721,7.40353095604903,1,101315.99831439424,0.02631444910600378,0.030186492206654873,9.778879252386526,-0.004253937576321688,-0.00018923598116151285,-0.003895246392700333
9.5,3.0042968113264124e-11,4.1062264043350927e-20,0.0299991335502575,0.0,0.0,0.0,6.008798259710597e-19,1.0015439588784147e-09,4.8545740576734306e-20,-0.31137988797876504,-0.43938662340897877,1.0896623206714982,-0.1789202724705309,-0.25882010992532145,-0.30323219120594386,0.0048442322928035145,-0.003627978761614692,0.0004383887042941131,25.03299877227708,121.56539877109721,7.40353095604903,1,101318.49265255363,-0.02501621390065533,-0.03278654671801414,9.81855361839272,-0.0071960116750017155,-0.0013356038070504678,-0.003782180894623527
9.600000000000001,3.0042968113264124e-11,4.1062264043350927e-20,0.0299991335502575,0.0,0.0,0.0,6.008798259710597e-19,1.0015439588784147e-09,4.8545740576734306e-20,-0.3294020144624066,-0.46557247639467764,1.05909658876061,-0.18177557920771967,-0.2645539078015342,-0.3077600756246452,0.004937613372214214,-0.0035693778154823885,0.00044325215835018007,25.03299877227708,121.56539877109721,7.40353095604903,1,101345.87058028924,-0.02332449185973662,0.010520635592578112,9.804176978769027,-0.0030794723013027286,0.001582039220525855,-0.0038005651302570353
9.700000000000001,3.0042968113264124e-11,4.1062264043350927e-20,0.0299991335502575,0.0,0.0,0.0,6.008798259710597e-19,1.0015439588784147e-09,4.8545740576734306e-20,-0.3477091363625122,-0.4924222279872065,1.0281724659065998,-0.18409206588647764,-0.27213331074033476,-0.31172212381719216,0.0051385680681981655,-0.0035506656740664777,0.0004358566502238059,25.03299877227708,121.56539877109721,7.40353095604903,1,101323.69334155963,0.028113424555904855,-0.01566535778745061,9.779921092933725,-0.004854831642778241,-0.0008876936826868865,-0.0036753760213784122
9.8,3.0042968113264124e-11,4.1062264043350927e-20,0.0299991335502575,0.0,0.0,0.0,6.008798259710597e-19,1.0015439588784147e-09,4.8545740576734306e-20,-0.3661881673306229,-0.5199098577568929,0.9967017729404276,-0.18610674900969695,-0.2790152650282874,-0.3167830351237319,0.005182959786628381,-0.003527609854126146,0.00044015054029799454,25.03299877227708,121.56539877109721,7.40353095604903,1,101319.33473236619,0.07858002966256328,-0.03169736687471721,9.868541603413503,-0.007704047862811434,-0.0013896368220307994,-0.005157739954005542
9.9,3.0042968113264124e-11,4.1062264043350927e-20,0.0299991335502575,0.0,0.0,0.0,6.008798259710597e-19,1.0015439588784147e-09,4.8545740576734306e-20,-0.38064131434359444,-0.5418734486799378,1.1170929319180845,-0.18486591113549417,-0.28192166626287307,-0.27116777883351223,0.005155525120747658,-0.0034360321584687714,0.0004513986091849993,25.03299877227708,121.56539877109721,7.40353095604903,1,101328.82504521478,0.01409467358993953,-0.028370164585246428,9.779263371700237,-0.00409017330114117,0.00025041689452202427,-0.004370216422103373
10.0,3.0042968113264124e-11,4.1062264043350927e-20,0.0299991335502575,0.0,0.0,0.0,6.008798259710597e-19,1.0015439588784147e-09,4.8545740576734306e-20,-0.3991128370079923,-0.570358142862906,1.0897246646653502,-0.18438015891033888,-0.2875404467366337,-0.275293364477812,0.005252419995654296,-0.0033965350671520955,0.0004405022100211647,25.03299877227708,121.56539877109721,7.40353095604903,1,101307.09203292143,0.09169586621723311,-0.027623131018628504,9.832467216711352,-0.0052972214435631415,0.0006258227642813465,-0.003873035326915198
10.110000000000001,3.0042968113264124e-11,4.1062264043350927e-20,0.0299991335502575,0.0,0.0,0.0,6.008798259710597e-19,1.0015439588784147e-09,4.8545740576734306e-20,-1.6916856912235174,0.4289785308990473,1.0621101616463493,-0.6462257174360603,0.07502898950760546,-0.28129707428635375,-0.0029973282566386223,-0.013693045344854715,0.0003767562610589119,25.033015189718252,121.56536827476613,10.569933607251317,1,101322.35772407589,0.005906504739614956,-0.02701874152349789,9.823381602836989,-0.006772698333827135,0.0012202196805078376,-0.003084750450382778
10.200000000000001,3.0042968113264124e-11,4.1062264043350927e-20,0.0299991335502575,0.0,0.0,0.0,6.008798259710597e-19,1.0015439588784147e-09,4.8545740576734306e-20,-1.7634525482038421,0.4373177130501681,1.0308774254244855,-0.6589265630399954,0.07696378407725912,-0.287144826638461,-0.0030252589950635466,-0.013735315082318067,0.0004135258690061605,25.033015189718252,121.56536827476613,10.569933607251317,1,101326.04163380674,0.030546905079920087,0.04870769794495174,9.728652163139488,-0.004362091351365251,-0.0007888299457452114,-0.0031642343314766657
10.3,3.0042968113264124e-11,4.1062264043350927e-20,0.0299991335502575,0.0,0.0,0.0,6.008798259710597e-19,1.0015439588784147e-09,4.8545740576734306e-20,-1.831316541204076,0.4428925586539742,0.9304472749242173,-0.6714348149549102,0.07791592574675356,-0.3171291576349892,-0.0029350056796280683,-0.013869005722583871,0.00044699271697445486,25.033015189718252,121.56536827476613,10.569933607251317,1,101335.00585476751,0.04852997600234067,0.05267702433869066,9.750034517216278,-0.006569199289421279,0.0013364718652924832,-0.0039507108440451156
10.4,3.0042968113264124e-11,4.1062264043350927e-20,0.0299991335502575,0.0,0.0,0.0,6.008798259710597e-19,1.0015439588784147e-09,4.8545740576734306e-20,-1.8989717886488071,0.45074275697856564,0.8984490046749077,-0.6818503030094679,0.07953063632311627,-0.3226711168092103,-0.003046680115544223,-0.013916366064276708,0.0004890722063845153,25.033015189718252,121.56536827476613,10.569933607251317,1,101326.70581342577,0.05988387263168436,-0.024860313268851793,9.814429180943375,-0.004552603185819222,-0.0019437314472382197,-0.0031592016767591487
10.5,3.0042968113264124e-11,4.1062264043350927e-20,0.0299991335502575,0.0,0.0,0.0,6.008798259710597e-19,1.0015439588784147e-09,4.8545740576734306e-20,-1.9677133932367425,0.45882707956666874,0.8659975058208907,-0.6935223314610258,0.08201533802205158,-0.32691346722692854,-0.00304727341988119,-0.014014280033117776,0.0005067507175568801,25.033015189718252,121.56536827476613,10.569933607251317,1,101346.54891800179,0.03408228979933413,-0.04862830871373236,9.77959516285949,-0.00701699360666248,-0.0002616400420489746,-0.0033137063785989907
10.600000000000001,3.0042968113264124e-11,4.1062264043350927e-20,0.0299991335502575,0.0,0.0,0.0,6.008798259710597e-19,1.0015439588784147e-09,4.8545740576734306e-20,-2.0376499872007727,0.4669820760803025,0.8331161077271374,-0.7049715763095445,0.08142259433992957,-0.3311140298186587,-0.0029966065940023765,-0.014181835565004963,0.0005149702837704522,25.033015189718252,121.56536827476613,10.569933607251317,1,101330.59475851152,0.013871152767041924,-0.048906308252542906,9.80094935409343,-0.006499342376835935,-0.001159968831308993,-0.003599548820143591
10.700000000000001,3.0042968113264124e-11,4.1062264043350927e-20,0.0299991335502575,0.0,0.0,0.0,6.008798259710597e-19,1.0015439588784147e-09,4.8545740576734306e-20,-2.1095463512372077,0.4742056950452806,0.7720800095050063,-0.7179640338908859,0.08461293226290773,-0.3463369473121804,-0.0030284288134351774,-0.014193412351331425,0.000523226889247985,25.033015189718252,121.56536827476613,10.569933607251317,1,101331.5109448767,0.056477908225266646,0.009332179321904385,9.808912808239361,-0.006278806660666989,0.00035048683437209464,-0.003690100493086735
10.8,3.0042968113264124e-11,4.1062264043350927e-20,0.0299991335502575,0.0,0.0,0.0,6.008798259710597e-19,1.0015439588784147e-09,4.8545740576734306e-20,-2.1820555370482277,0.48272527844148627,0.7371885040245685,-0.7324315572320756,0.08567599482764973,-0.35098303140395487,-0.0029374320869216446,-0.014323138809973601,0.0005323848157678577,25.033015189718252,121.56536827476613,10.569933607251317,1,101334.95773764247,0.012580451440339473,0.0036654003185396626,9.771920523232025,-0.007631752591896747,-0.0024169743543811318,-0.0037446808092564256
10.9,3.0042968113264124e-11,4.1062264043350927e-20,0.0299991335502575,0.0,0.0,0.0,6.008798259710597e-19,1.0015439588784147e-09,4.8545740576734306e-20,-2.2521833900417247,0.49633513181550803,0.8193924589658017,-0.744155703517373,0.08852477621753843,-0.31822912105247014,-0.002968631700633742,-0.014414467409054055,0.0005525202232220369,25.033015189718252,121.56536827476613,10.569933607251317,1,101336.91476586343,0.048097329494701274,-0.012160057701720035,9.794224456103393,-0.004318835174026319,-0.0019272080568977618,-0.003669884214637318
11.0,3.0042968113264124e-11,4.1062264043350927e-20,0.0299991335502575,0.0,0.0,0.0,6.008798259710597e-19,1.0015439588784147e-09,4.8545740576734306e-20,-2.3271743956307946,0.5052333070174554,0.7873347187586227,-0.756178109271092,0.0893060328060991,-0.3234564925459508,-0.0029892245978210504,-0.014554769364410136,0.000581241442786028,25.033015189718252,121.56536827476613,10.569933607251317,1,101310.78296262893,-0.03500851770376161,-0.05893405155649358,9.747769464715415,-0.0026503856505017717,0.0014969294443062649,-0.003952060104359925
11.100000000000001,3.0042968113264124e-11,4.1062264043350927e-20,0.0299991335502575,0.0,0.0,0.0,6.008798259710597e-19,1.0015439588784147e-09,4.8545740576734306e-20,-1.3439568894427405,-0.635618760264047,0.83083737566324,-0.391993969164393,-0.3168252762006127,-0.3033826812710989,0.006510924233390104,-0.005834166656752959,0.0005865926822215465,25.032983556547613,121.56539811515626,12.940234896307949,1,101319.935837804,0.042169525118218976,-0.07644649845624055,9.784229570907161,-0.004025585356467274,-0.0008040080382269445,-0.0024028192187968114
11.200000000000001,3.0042968113264124e-11,4.1062264043350927e-20,0.0299991335502575,0.0,0.0,0.0,6.008798259710597e-19,1.0015439588784147e-09,4.8545740576734306e-20,-1.383384736217737,-0.6677248879551426,0.8002947608550512,-0.3966790976275882,-0.3247580449500167,-0.3072511964515207,0.0065893215489892885,-0.005885350459426286,0.0006200778553960063,25.032983556547613,121.56539811515626,12.940234896307949,1,101321.18996370069,0.056780759033956414,-0.016324362432609145,9.815880398846483,-0.006213943698559913,-0.002103490187783434,-0.0040184092278293
11.3,3.0042968113264124e-11,4.1062264043350927e-20,0.0299991335502575,0.0,0.0,0.0,6.008798259710597e-19,1.0015439588784147e-09,4.8545740576734306e-20,-1.419926068116249,-0.6972259392266411,0.8906157773337341,-0.39972809517940305,-0.33058575253339334,-0.2750072632850691,0.0067476850565890475,-0.005801215611711763,0.0006432638296077582,25.032983556547613,121.56539811515626,12.940234896307949,1,101347.37092298213,0.005940829123995291,0.02162949024801182,9.798031822404782,-0.008010888549150514,-0.00043731750694971127,-0.003850572672502409
11.4,3.0042968113264124e-11,4.1062264043350927e-20,0.0299991335502575,0.0,0.0,0.0,6.008798259710597e-19,1.0015439588784147e-09,4.8545740576734306e-20,-1.4600390849623432,-0.7306388378436501,0.8629648771280151,-0.4027517110791905,-0.3381955833344753,-0.2783734450718974,0.006909933312697085,-0.005782486070292636,0.0006624661144131374,25.032983556547613,121.56539811515626,12.940234896307949,1,101314.65132418711,0.05316944098376852,-0.027883401598828905,9.760175751473815,-0.0034859893155432635,-0.00035974975672746425,-0.0037038914826082185
11.5,3.0042968113264124e-11,4.1062264043350927e-20,0.0299991335502575,0.0,0.0,0.0,6.008798259710597e-19,1.0015439588784147e-09,4.8545740576734306e-20,-1.493706430600107,-0.7588516720162961,1.0287134170030263,-0.4042868998369022,-0.3428416742795253,-0.22427492636169058,0.006878581240078652,-0.005604137189022085,0.0006972937418892496,25.032983556547613,121.56539811515626,12.940234896307949,1,101336.73085529741,0.008492362512792409,-0.01705135054717321,9.82121018850998,-0.004231019201020183,0.000623180198926477,-0.004367651553883928
11.600000000000001,3.0042968113264124e-11,4.1062264043350927e-20,0.0299991335502575,0.0,0.0,0.0,6.008798259710597e-19,1.0015439588784147e-09,4.8545740576734306e-20,-1.5343093280803555,-0.793523929258825,1.006121191454117,-0.40791097513011393,-0.3504024320794541,-0.22703794945605638,0.007001789942511232,-0.005609391363698313,0.0007434902985375387,25.032983556547613,121.56539811515626,12.940234896307949,1,101311.80323366135,0.018608225471077856,0.05196875743356738,9.822577251259647,-0.004322240549475295,-0.002211762983380784,-0.004633077968852406
11.700000000000001,3.0042968113264124e-11,4.1062264043350927e-20,0.0299991335502575,0.0,0.0,0.0,6.008798259710597e-19,1.0015439588784147e-09,4.8545740576734306e-20,-1.5665838001276653,-0.821981538415656,1.181394701417875,-0.40796551480768345,-0.3562853513873282,-0.17045775344831318,0.007033236985251743,-0.0054251004545384784,0.0007931118206813484,25.032983556547613,121.56539811515626,12.940234896307949,1,101322.46044819204,-0.02620608342757948,-0.023272562202385102,9.7913447502447,-0.004535585625756356,-7.949181440301362e-05,-0.004020122525284208
11.8,3.0042968113264124e-11,4.1062264043350927e-20,0.0299991335502575,0.0,0.0,0.0,6.008798259710597e-19,1.0015439588784147e-09,4.8545740576734306e-20,-1.6075982209727293,-0.8581265297663578,1.164300302043562,-0.4122925322362067,-0.3668598353182981,-0.17239729414758198,0.007231098703762252,-0.005462779720627697,0.0008001412867596693,25.032983556547613,121.56539811515626,12.940234896307949,1,101328.49189442003,0.021074408119326343,-0.005693376948461889,9.72469366904003,-0.008734370933259333,0.002167810041192808,-0.0031569833204029493
11.9,3.0042968113264124e-11,4.1062264043350927e-20,0.0299991335502575,0.0,0.0,0.0,6.008798259710597e-19,1.0015439588784147e-09,4.8545740576734306e-20,-1.6512433150332024,-0.8970117398388266,1.1056915696683418,-0.4171449132355269,-0.3769385708065778,-0.1893230607500352,0.0073636322868139235,-0.005543265525397079,0.0008173900652531864,25.032983556547613,121.56539811515626,12.940234896307949,1,101316.29293873072,0.054852795941930606,-0.0687858303819796,9.75563853644333,-0.006164456161087618,0.00026868580256665545,-0.0034118060912355945
12.0,3.0042968113264124e-11,4.1062264043350927e-20,0.0299991335502575,0.0,0.0,0.0,6.008798259710597e-19,1.0015439588784147e-09,4.8545740576734306e-20,-1.6931939579620712,-0.9351612197398655,1.086580270495388,-0.42119164364827,-0.3851563165047047,-0.19281606661141926,0.007523137454317172,-0.005571447368160065,0.0008258591322184111,25.032983556547613,121.56539811515626,12.940234896307949,1,101326.2497993794,0.05268524585213326,0.014934168583066508,9.755915667130399,-0.003784008993256113,0.0005718524923495081,-0.004310435299795377
12.100000000000001,3.0042968113264124e-11,4.1062264043350927e-20,0.0299991335502575,0.0,0.0,0.0,6.008798259710597e-19,1.0015439588784147e-09,4.8545740576734306e-20,-0.5279741445244959,-0.9108714170354233,1.2112344231874763,0.052532784018535464,-0.3071576366135575,-0.150270080096541,0.003924886077236811,0.007253268220688502,0.000830068878391446,25.032986014604766,121.56540067001565,13.22706036339774,1,101329.61063130545,0.06260248370886781,-0.03885025116017434,9.854964432350082,-0.00579540008743743,0.0008966386686850275,-0.00392312246832195
12.200000000000001,3.0042968113264124e-11,4.1062264043350927e-20,0.0299991335502575,0.0,0.0,0.0,6.008798259710597e-19,1.0015439588784147e-09,4.8545740576734306e-20,-0.5223007757355943,-0.9419539611072042,1.196077393191912,0.060664435056436504,-0.3142444435277195,-0.15322914090000656,0.004055134139117785,0.007320025745661152,0.0008762237951997886,25.032986014604766,121.56540067001565,13.22706036339774,1,101339.40604647835,0.02072335539180941,0.03970980268404208,9.76872739758233,-0.005611147228974185,-0.0028119732545339306,-0.0031847901401768205
12.3,3.0042968113264124e-11,4.1062264043350927e-20,0.0299991335502575,0.0,0.0,0.0,6.008798259710597e-19,1.0015439588784147e-09,4.8545740576734306e-20,-0.5160989658260762,-0.9738985620589052,1.156076871061948,0.0693949420510781,-0.3198768768282141,-0.1631092539470528,0.004262345432922138,0.007402272956490874,0.0009142734013929052,25.032986014604766,121.56540067001565,13.22706036339774,1,101346.82100998804,0.0695346770112713,-0.0006731408474578921,9.837600907159734,-0.003620987612247498,-0.0013036210429063153,-0.003176921760242973
12.4,3.0042968113264124e-11,4.1062264043350927e-20,0.0299991335502575,0.0,0.0,0.0,6.008798259710597e-19,1.0015439588784147e-09,4.8545740576734306e-20,-0.5088101683975971,-1.006265172716795,1.1396750950165246,0.07602529422924786,-0.32684267220300145,-0.1648713216675481,0.004392642914656257,0.007565141244989748,0.0009188937555825627,25.032986014604766,121.56540067001565,13.22706036339774,1,101331.6891197627,0.003322369184557975,-0.010997187867400447,9.766649603194102,-0.00499610111543987,-0.0011665885368256003,-0.0034903527394247844
12.5,3.0042968113264124e-11,4.1062264043350927e-20,0.0299991335502575,0.0,0.0,0.0,6.008798259710597e-19,1.0015439588784147e-09,4.8545740576734306e-20,-0.5006703880315004,-1.039300404435006,1.1290674289763285,0.08488004614570242,-0.3352483885246262,-0.1645593924460035,0.004463244847720624,0.007678108391349303,0.0009368877925682434,25.032986014604766,121.56540067001565,13.22706036339774,1,101337.26211993728,0.052819160472194926,-0.002286812429058328,9.771342147819222,-0.003122506346119008,0.0014352376607451572,-0.003553748674391934
12.600000000000001,3.0042968113264124e-11,4.1062264043350927e-20,0.0299991335502575,0.0,0.0,0.0,6.008798259710597e-19,1.0015439588784147e-09,4.8545740576734306e-20,-0.4917504595369529,-1.0730601598657192,1.1124409707985685,0.09296514280587877,-0.3396474777544681,-0.16767489178461742,0.004619225661185404,0.007764030871861838,0.0009396521915938396,25.032986014604766,121.56540067001565,13.22706036339774,1,101326.59022990186,0.0166126128235565,0.020647434724578716,9.79098610441142,-0.002504557042688059,-0.00048265248288731816,-0.0037395243167227666
12.700000000000001,3.0042968113264124e-11,4.1062264043350927e-20,0.0299991335502575,0.0,0.0,0.0,6.008798259710597e-19,1.0015439588784147e-09,4.8545740576734306e-20,-0.48225179721600187,-1.1075822760729728,1.083414898050449,0.10063752733780354,-0.3461378308536345,-0.17396284448193586,0.004785561825625321,0.00782571397439158,0.0009366253912599738,25.032986014604766,121.56540067001565,13.22706036339774,1,101322.88902377358,-0.024553938263743157,0.006854038885111768,9.812911241737662,-0.005045067100826636,-0.0012680206402675572,-0.0038587866445131008
12.8,3.0042968113264124e-11,4.1062264043350927e-20,0.0299991335502575,0.0,0.0,0.0,6.008798259710597e-19,1.0015439588784147e-09,4.8545740576734306e-20,-0.47177175543385363,-1.1425576704412816,1.0658759678355483,0.10851397739745021,-0.3534549192537389,-0.17685992947548335,0.004876954788186744,0.007816307453897053,0.0009521205023640916,25.032986014604766,121.56540067001565,13.22706036339774,1,101316.56776398774,-0.01475468258115887,-0.01579871519764753,9.84709973279223,-0.009415660564715841,-0.003988293083375836,-0.00395631497570002
12.9,2.0172391133610468e-06,-9.356045723016123e-11,0.02997249774480925,0.00020186064048694055,-9.356024033377756e-09,-0.002663571445088899,-1.1688939091377274e-14,8.589218658161535e-05,-2.9237441426488243e-10,-0.4585450914787072,-1.1760242522204003,1.1510807060284731,0.11837773791342407,-0.3590173702178099,-0.15545848853249053,0.004893096534607434,0.008006699503158465,0.0009362434848447948,25.032986014604766,121.56540067001565,13.22706036339774,1,101341.25191831683,0.024917122096969224,0.007908619150806644,8.371795603415084,-0.005436534581672885,0.02354414163555515,-0.0030570346341918975
13.0,0.00019412707362032045,2.733505690572816e-08,0.03409042686488768,0.003826848966008932,6.264903583246267e-07,0.13455925473115887,-2.5709816604606775e-06,0.010450499729038665,-8.178216004118643e-09,-0.4461734535677237,-1.2122765721734285,1.1400057732774944,0.13262102047323568,-0.36691420752122506,-0.00828015732600866,0.005014926454527618,0.018319542332675187,0.0010353368058559028,25.032986014604766,121.56540067001565,13.22706036339774,1,101333.3979530391,0.056468112394021566,-0.0383394211709997,12.0122586768171,-0.003363517182062888,0.09334521825430016,-0.004254422927663558
13.100000000000001,0.0015358383537967257,3.676801154730997e-07,0.05946283739980533,0.015323446868783392,3.6527475110595268e-06,0.35132203846962373,-8.523391491888095e-06,0.017975676882195257,-3.263835934497813e-08,-0.5639281710712774,-1.6723452179849114,1.0630006764045066,0.12121913454805802,-0.4981081896099635,0.1787411415388945,0.007588827367419678,0.025216438748031145,0.001101951753972835,25.032978602353193,121.56539200745753,9.191122290715201,1,101353.67054048646,0.01916870263285162,0.04236129800514303,11.872997393953895,-0.006680877097925218,0.05763032008006373,-0.005332491818670005
13.200000000000001,0.004944176998441574,1.7558401229717914e-06,0.10661162884160051,0.032626486268785046,1.0475346938457855e-05,0.5708775742360535,-2.060634241183782e-05,0.021887416282054373,-5.8566031187978505e-08,-0.5502215453266297,-1.7228167075378211,1.09172646979193,0.15398671246752116,-0.5117550278774556,0.396128124143327,0.007595223969487254,0.029217211700357737,0.00111980536468048,25.032978602353193,121.56539200745753,9.191122290715201,1,101325.12155657922,0.005413608519840182,0.010142894156786807,11.97577876908119,-0.0061940728894067,0.020415117883691252,-0.0038778082576306897
13.3,0.01087177293424152,5.577778287726651e-06,0.17557977111858564,0.05348118146209406,2.5000849596388794e-05,0.7885674245006972,-3.8822925476376506e-05,0.022046010756808343,-1.3065042303480175e-07,-0.5329779590286117,-1.77430477941321,1.1501880294083753,0.18910886472564706,-0.5224165356267019,0.6131190581754066,0.0076713216449336655,0.02942786970118383,0.0011411953601778335,25.032978602353193,121.56539200745753,9.191122290715201,1,101320.20950255806,0.0319212742196527,-0.03303336772013894,11.91678036767839,-0.005331546245696566,-0.01770456090834767,-0.004245581071612868
13.4,0.019300466893776125,1.4003667484447923e-05,0.2660756302461937,0.07539612318826508,5.1853941557199415e-05,1.0022072118430168,-6.138286319804684e-05,0.01901424600843704,-1.0894400953374405e-07,-0.512306321606394,-1.8270940304426155,1.2221084727346896,0.22301661655564545,-0.5342597518960943,0.8233824038037564,0.00783032765885049,0.0264365667674471,0.0011427788131213837,25.032978602353193,121.56539200745753,9.191122290715201,1,101318.86105665723,-0.004730879866073047,-0.007756859023854041,11.90350065689365,-0.005182361823392464,-0.04371396841358118,-0.004242830735225339
13.5,0.02982133276764315,2.9664494221671427e-05,0.37762423453939453,0.09590001518353894,9.549408266914168e-05,1.2101582614497435,-8.482617265145046e-05,0.01374980347942123,1.2092982083359492e-07,-0.4881616795789073,-1.879561991137529,1.3690642526205319,0.25070915671169036,-0.5449967981983006,1.0442726942073235,0.007960435150741166,0.02127666722273802,0.0011303569764603686,25.032978602353193,121.56539200745753,9.191122290715201,1,101325.05124707743,0.013368877176793453,-0.10217824834817096,11.812322980861133,-0.002266783272698134,-0.062091522400321154,-0.003887207962513008
13.600000000000001,0.04176549182908462,5.5208955891251594e-05,0.5096673211054679,0.11278367997182684,0.00015974635062076422,1.4120044288492057,-0.00010476226041373235,0.007402343062655525,5.758088312873949e-07,-0.46196368261532306,-1.9347472151304677,1.4836104531473284,0.2721327950479582,-0.5580605451171784,1.2453047897529224,0.008171649929029998,0.014984978863636256,0.00112385548733146,25.032978602353193,121.56539200745753,9.191122290715201,1,101335.67330420678,0.018630943892493982,-0.015250008945135334,11.692656599208382,-0.004261100311377516,-0.0671530097714807,-0.0033990976141012033
13.700000000000001,0.054353223279356766,9.278275665557327e-05,0.6616595837483547,0.12433655306806349,0.0002467106413849069,1.6084790654518932,-0.0001167414439774959,0.0011104307094598198,1.166342721989584e-06,-0.43408492015159655,-1.9902075735053464,1.6462140622736765,0.2840397919732805,-0.5712760351806793,1.4486080355562054,0.008278243955111397,0.008685302444268128,0.0010744747105407475,25.032978602353193,121.56539200745753,9.191122290715201,1,101311.86493602468,-0.010323739224559293,-0.05027365542731478,11.726425951747526,-0.00515153159211368,-0.06131798776878152,-0.003951523938882067
13.8,0.06683226326423775,0.00014353324143345802,0.8331462595448021,0.1295384158317442,0.00035564555779210626,1.8010760496926697,-0.00011717496542972796,-0.004168366078498131,1.7452987995024113e-06,-0.405395353063213,-2.04791045525547,1.800676868523982,0.28944781381456913,-0.5823445293279559,1.6398894404469095,0.008445128017673071,0.0034289660901598573,0.0010557813861554227,25.032978602353193,121.56539200745753,9.191122290715201,1,101318.06133277055,0.07202916710655242,0.010343686545680443,11.7007078564419,-0.005845490131161379,-0.04780087609368966,-0.0029544355594755267
13.9,0.078586321651058,0.00020723436175323022,1.023816292060837,0.12817509110812186,0.00048212209390682186,1.9915754538843013,-0.00010410632936970425,-0.007776078736057235,2.189885633368002e-06,-0.3769859079211897,-2.104900477620831,2.0128550515654604,0.28697230902673626,-0.5915356114979458,1.8400467527929334,0.008597064694847624,-0.0001814895312899356,0.0010132809371246666,25.032978602353193,121.56539200745753,9.191122290715201,1,101309.51384005827,-0.027086580558528618,0.01919635422225836,11.659004756914971,-0.004195638877481112,-0.0272668107198381,-0.003868870671190014
14.0,0.08920469935747216,0.00028208783821148756,1.233528508232253,0.1208566181983883,0.0006171053150891263,2.181732866847492,-7.78401303360294e-05,-0.00941209461733683,2.4411365053017106e-06,-0.34847041266433665,-2.164579493451659,2.2063019893979563,0.2830679026383416,-0.6023690026457658,2.0293388425776824,0.008786596563155712,-0.0017959138957954757,0.0009956165769919212,25.032978602353193,121.56539200745753,9.191122290715201,1,101287.31695138925,-0.03135160701330174,-0.007669361812718043,11.713586695693596,-0.0042154570336542276,-0.007329198250003249,-0.003480435337882416
14.100000000000001,0.09851183388886803,0.00036477013141441905,1.4622574709456668,0.10906842709837668,0.0007505372963705979,2.3705959409705235,-3.9842036387112327e-05,-0.009205785421267265,2.5251261119975475e-06,0.6482134231473559,-1.0471173502059032,2.5422909536739264,0.5982367204019966,-0.22258558824932478,2.2527576670311134,0.0005730971225688128,0.005262254434798885,0.0013633547356350707,25.033006129914874,121.56541984146165,10.895901854493877,1,101307.27757069483,0.029177268377011133,-0.013127647113525237,11.539863004211075,-0.00515349687902817,0.007085347529503619,-0.003525930998166522
14.200000000000001,0.10655582158494947,0.0004506066239159352,1.7084107660547017,0.0963588084555797,0.000873183783474046,2.527285592210964,8.949680516100472e-06,-0.008326137617538532,2.6412593429346116e-06,0.7082091055257743,-1.069547161891281,2.775691529317095,0.6020404002450737,-0.22675338526022024,2.4072899711941553,0.0006980206179773285,0.00618655978080529,0.0013645228041569586,25.033006129914874,121.56541984146165,10.895901854493877,1,101297.95168465417,0.0445395245906986,-0.01881724999600952,11.099586139947014,-0.005872815936594386,0.008711994544466056,-0.004336894691106718
14.3,0.11350015800800084,0.0005339157301164617,1.9678486272324296,0.08343738210964281,0.0009596219998594801,2.6431361651505716,6.077021732028186e-05,-0.006877256730866588,2.8476771594256143e-06,0.7676517034884085,-1.0905307022659756,3.064248822345145,0.6074116295716839,-0.22959330119687982,2.532942834905204,0.0006988365679798595,0.00768450057670278,0.0013500035660722026,25.033006129914874,121.56541984146165,10.895901854493877,1,101309.46400854496,0.010331534292190647,-0.018711776532691442,10.81357471382464,-0.0011767461945964034,0.015031939817170771,-0.00420110707214714
14.4,0.11955331799464974,0.0006090724139460842,2.23715799694265,0.07087595797546993,0.0009898257321249043,2.7294930427469586,0.00010811550027594432,-0.004913583353351791,3.184396758128388e-06,0.8287333990055639,-1.1136311543059165,3.3220341256563386,0.61476575544785,-0.23291310355427033,2.618796908432471,0.000779116877712413,0.00967221142202268,0.001357330799480075,25.033006129914874,121.56541984146165,10.895901854493877,1,101304.14016245064,0.031242464647928736,0.0671108450963314,10.529788255216802,-0.004547126977514108,0.021082096797745795,-0.004530002793032484
14.500000000000002,0.12496088725990279,0.0006712497658799227,2.5138541861246,0.0595334706969924,0.0009513026525512612,2.7944551915974545,0.00014416264947673894,-0.002616541937521255,3.6550977166669026e-06,0.890619495828117,-1.1371270451853386,3.587266201912201,0.6232634530063618,-0.23684986927796628,2.6836249555762017,0.0008599976093873925,0.012025074004908598,0.0013345521593651167,25.033006129914874,121.56541984146165,10.895901854493877,1,101291.20579701065,-0.018017548842789898,-0.04458177673268379,10.371264985081512,-0.0047670790172351886,0.022128961261787854,-0.0038644515586737224
14.600000000000001,0.12998807727431422,0.0007170099034935838,2.7961482627153447,0.05033150835562036,0.000841315994483178,2.8441101034146095,0.00016360064867196816,-0.0002523918525942914,4.2044941900110864e-06,0.9535398527701564,-1.1609665890959489,3.8582364697700973,0.6357932854438165,-0.24119769251454254,2.733433364254358,0.0009786699015546828,0.014469738356215789,0.0013353808784559403,25.033006129914874,121.56541984146165,10.895901854493877,1,101293.01288036235,0.024199689851625995,-0.0794020565532236,10.235537250066615,-0.0024045319684451675,0.01999170115066514,-0.0044646111520809115
14.700000000000001,0.13489499941390654,0.0007447453436337164,3.0827489423630183,0.04401133681826916,0.0006677641712307914,2.88262035859667,0.00016333445248697438,0.0018929439390529268,4.73809768817658e-06,1.0180871879355458,-1.1857015811517484,4.127431016164872,0.6504115408847956,-0.24539247237330683,2.765791180721527,0.0011227037985604461,0.016661559263233316,0.001308845398888871,25.033006129914874,121.56541984146165,10.895901854493877,1,101282.2667115414,0.01993754885902402,0.018116469310626694,10.12800505434906,-0.004010889228080223,0.018177152466525674,-0.004185306679720944
14.8,0.13990959885935877,0.0007549132393384054,3.372715939565206,0.0409846123158081,0.00044844285022880285,2.9128226882511723,0.00014303320239158817,0.003559881976865631,5.163914424408147e-06,1.083966894686353,-1.2104932610239123,4.405410036268836,0.6671140331205219,-0.25073458373914537,2.7940436279947103,0.00114264283431854,0.01843371019297857,0.001296820434823743,25.033006129914874,121.56541984146165,10.895901854493877,1,101296.87033808453,0.018461943517898052,-0.01961652584224281,10.02101998387596,-0.005377363578039547,0.011287981076761261,-0.0039710603290816545
14.9,0.14520353201433867,0.0007500155436137097,3.6653432910735475,0.04122289946216343,0.00020817153393494817,2.936771203998263,0.00010499804420633159,0.004564551068187983,5.4353193754163226e-06,1.1584384856254042,-1.2443692042068089,4.576556475005988,0.6875485056795062,-0.2584686151045359,2.78548810329111,0.0013526026304289632,0.019600316093992598,0.0012624968170595575,25.033006129914874,121.56541984146165,10.895901854493877,1,101272.69350115668,0.007640322676228363,-0.07044593570657091,10.015069280743736,-0.007110989025153713,0.006085540504655731,-0.004471238340459003
15.000000000000002,0.1508756508745478,0.0007343084803687042,3.960074273471492,0.04425041077672286,-2.3957364009786917e-05,2.95565761226917,5.40668226806043e-05,0.004831991194607754,5.569047340053505e-06,1.2280837223619852,-1.2704315039020384,4.856020212387107,0.7057041222127892,-0.26163351514061467,2.803608378366443,0.0013319439125487166,0.01998821301590703,0.0012305096080344087,25.033006129914874,121.56541984146165,10.895901854493877,1,101287.21000410695,0.048204975903241826,0.02544494790655003,9.882303730791037,-0.008189887254419041,-0.001686285278873519,-0.004350794879773186
15.100000000000001,0.15694629707918462,0.0007132648327225444,4.256448985734786,0.04924089972091871,-0.0002189266556557963,2.9702099079844606,-2.981880998300799e-06,0.004398562628060931,5.628348628089135e-06,0.7842444615193079,-2.7095453021706613,5.074050555012104,0.5456345325224825,-0.7563932369995343,2.7984538986877148,0.012273317464619748,0.01570037469726615,0.0007722568640877898,25.03296094507916,121.56540103809047,13.59400356450315,1,101278.18201022514,0.0387439910165304,0.027500260995758155,9.84754863625475,-0.00791198125814178,-0.008763699017125988,-0.0036641684799593355
15.200000000000001,0.16336328490613167,0.0006928592810250904,4.554069849789245,0.05514602427348707,-0.00035263976011303916,2.9810045776416945,-5.8679694282860924e-05,0.003403985881305971,5.685060833405649e-06,0.8395562106733198,-2.785857796703818,5.354456736302619,0.5603422634568951,-0.7704282828376102,2.808513762567843,0.01244654070028172,0.014718387452755888,0.0007471662905485935,25.03296094507916,121.56540103809047,13.59400356450315,1,101262.0288251877,0.020290312809710068,-0.02201019234192668,9.892177286094832,-0.002852977476896617,-0.013767877759825846,-0.004086019352491873
15.3,0.17001824780196828,0.0006787796125898365,4.852586294270826,0.06087304844780208,-0.000408391875335579,2.988431105632214,-0.00010558328632085688,0.0020636493343673123,5.781028221116678e-06,0.8876062325849505,-2.8545361356582055,5.78199052270533,0.5707525412024023,-0.7779209365915677,2.856694477373696,0.012319810088066109,0.013298371152528965,0.0007083103853600409,25.03296094507916,121.56540103809047,13.59400356450315,1,101269.8972235465,0.038348977508568936,-0.029452097169251824,9.838403130963968,-0.005589316921633177,-0.017551582507519113,-0.005384262106750532
15.4,0.1767700970217712,0.0006756787100786577,5.151693411252473,0.06546168202352158,-0.000379923788129675,2.9929905861121866,-0.00013737502745205763,0.0006269673305487888,5.911333355757757e-06,0.9452832792305669,-2.9329484206985867,6.06782580766249,0.5824290657539832,-0.7906084245828163,2.8608743613208287,0.012521782695382424,0.011953782546669789,0.0006739769965902536,25.03296094507916,121.56540103809047,13.59400356450315,1,101256.6979877007,-0.009594583515721379,0.013976470775141095,9.78989946288288,-0.006532315736497112,-0.01687753012169646,-0.004819725044777628
15.500000000000002,0.1834712796709388,0.0006865753413885573,5.451134335351594,0.06821493811245412,-0.00027284977275430437,2.995251819502312,-0.0001500216601308828,-0.0006607615761875518,6.035918842694807e-06,0.998382734853562,-3.0071289876308818,6.42859733928309,0.5899321230751017,-0.7995448953534062,2.8846402219127376,0.012466902750309497,0.010649195610788365,0.0006306957273834873,25.03296094507916,121.56540103809047,13.59400356450315,1,101276.60288108511,-0.0017443956836451849,-0.03166836692761036,9.815465183028168,-0.003139941293495204,-0.010918743661908203,-0.004021671801795399
15.600000000000001,0.1899925025000076,0.0007124873930856379,5.750708048430032,0.0687966623087066,-0.00010315200257137735,2.995783756973642,-0.00014208226016558734,-0.00159879476297764,6.111184789923553e-06,1.0577363396852537,-3.087621833307679,6.71703761366808,0.598799720617062,-0.8115041492470092,2.8841452474591667,0.012602200647210602,0.009836873508896948,0.0005980054447014332,25.03296094507916,121.56540103809047,13.59400356450315,1,101275.00768655016,0.03800971687340153,0.025083383689906005,9.859313094389218,-0.006334027236714888,-0.00692276360289921,-0.004313620184170455
15.700000000000001,0.1962422353312685,0.0007523423042157155,6.050274800279323,0.06725470345573879,0.00010452887459776372,2.9952352887867195,-0.00011503148517890433,-0.0020598042190753674,6.1210926545939695e-06,1.119303111987826,-3.170612156000586,6.992186430128715,0.6077986788977747,-0.8256724857036087,2.8800995054733805,0.012762519215815503,0.009456797068966072,0.0005406185948672489,25.03296094507916,121.56540103809047,13.59400356450315,1,101244.87665037572,0.02315157515223887,0.016547052628969827,9.733860155631879,-0.005952868792340429,-0.003061864080980217,-0.004201723623787524
15.8,0.20217850994295572,0.0008031728826835135,6.349756526950265,0.06398079313651348,0.00032054573198386175,2.994210636211077,-7.305342923671588e-05,-0.0020035309035004722,6.089631882059916e-06,1.180538236035533,-3.253853190061689,7.280104593664141,0.6169228469610031,-0.8388501324988124,2.878942565846406,0.012907580937812597,0.0095546181428392,0.0005052906619892397,25.03296094507916,121.56540103809047,13.59400356450315,1,101243.74783059361,0.027040235451793647,0.023294336078582858,9.825228774550322,-0.004548895668322008,0.002454274842632823,-0.004619423736135558
15.9,0.2078119338213607,0.0008605670219357246,6.64913245490367,0.05962118053360943,0.0005145134599458508,2.9932461623052484,-2.237350897865959e-05,-0.0014770772206664784,6.068673811053948e-06,1.2378441524512251,-3.3341727203833833,7.610623820909407,0.625155799541003,-0.8504042265892516,2.8907499570432207,0.013024991904138045,0.010140717925169351,0.000475684793612605,25.03296094507916,121.56540103809047,13.59400356450315,1,101240.34592696997,0.020508482442760073,-0.02320207704254947,9.758490508011965,-0.003857951438100189,0.007595737420305148,-0.0033172186243830863
16.0,0.21320017953913623,0.0009193088868074406,6.948428242707568,0.05495052709292371,0.0006595709603176082,2.992711018234062,2.9583002587894327e-05,-0.0005996785995898701,6.109711170460573e-06,1.3009381003102978,-3.4198855425993275,7.899705345594394,0.6356878111516961,-0.8638517353797369,2.891085037750747,0.013248270444316312,0.011010863675794402,0.00047593581945363454,25.03296094507916,121.56540103809047,13.59400356450315,1,101239.314627123,-0.04881666948886843,-0.014807878800139437,9.73292408330005,-0.00682153874597927,0.008683065140305157,-0.0041547484331484605
16.1,0.21843542518366116,0.0009741243483931582,7.2477021076262425,0.0507406920271252,0.000736609137687176,2.992846625637339,7.54694211263737e-05,0.0004602689641386437,6.236232829888052e-06,-0.48337115830211497,-1.572482001836558,8.30283070239246,0.003455752490397333,-0.20593466836671398,2.92678332695808,-0.0016327735406766741,-0.002243948638581905,0.0012745232310870467,25.033004432227017,121.56537588803886,13.499112706455158,1,101226.68708655064,-0.0007031880245696176,-0.008040062743502413,9.773678124959256,-0.005313446939730514,0.009242260461775353,-0.004991064080444257
16.2,0.22362715720934345,0.0010204246705376846,7.547026465113244,0.04762792982702209,0.0007360459811804539,2.9937625185962724,0.00010880570288577756,0.0015184689594915923,6.426729004899201e-06,-0.4830127079797293,-1.593151287246515,8.595568672769813,0.0038647155845955464,-0.20687806619259363,2.927902845968673,-0.0015958674331236517,-0.0012449109468377628,0.0012225420342746303,25.033004432227017,121.56537588803886,13.499112706455158,1,101242.0600228461,0.02518829351153417,-0.05175589834661612,9.846541508430958,-0.0046926190248101135,0.008587778684530327,-0.004531474766967564
16.3,0.22888332673088974,0.0010549581145659962,7.8464710539026985,0.04602365274407551,0.0006602261561080239,2.9952883637266265,0.00012519019836685664,0.002405888323183669,6.6422247596736904e-06,-0.4901592088045511,-1.6075848934359434,8.974126219363084,-0.00039773151161155614,-0.20512716690955476,2.953053387182844,-0.0016212547324832441,-0.0005594728079734157,0.0011871287405701481,25.033004432227017,121.56537588803886,13.499112706455158,1,101233.09653270493,0.06274904079409199,-0.014857147739821105,9.8261566639893,-0.005391017579848164,0.0064426320685457275,-0.004665472049029012
16.400000000000002,0.234293052777877,0.0010762376813046011,8.146090298836134,0.04606995405989578,0.000522046284648361,2.997221292670036,0.00012278251846365953,0.0029919389604042834,6.8402404309668115e-06,-0.4900446597157662,-1.6282186582997642,9.269476523133154,0.0024694981153596213,-0.20699656193211455,2.954548582307159,-0.0016032763139333828,1.62720622798318e-05,0.00114998605593988,25.033004432227017,121.56537588803886,13.499112706455158,1,101238.0619054918,0.025252668295519642,0.07669030689842793,9.82894238989902,-0.005659263710188064,0.0020214949837128113,-0.0038114513041217954
16.5,0.23991359552847003,0.0010847089890933083,8.445911935448756,0.04762742495832983,0.00034267765768219874,2.9993125550575668,0.0001023779257201762,0.003205944692566298,6.9886450715802735e-06,-0.48423368404774086,-1.6536513516390896,9.511743289512856,0.007709227693103877,-0.21282042408510427,2.9429124174071997,-0.0015557865391189055,0.00025279560725088857,0.0011401387225882253,25.033004432227017,121.56537588803886,13.499112706455158,1,101233.72836049322,0.027567641120948325,-0.010653758675644134,9.7618958654536,-0.0052069176945728195,-0.0011041057261719476,-0.004945586836058069
16.6,0.245763474690477,0.0010826365531390006,8.745933673034328,0.0503255766715338,0.00014939834853365086,3.001211424784415,6.761280825115344e-05,0.003042844316647919,7.074830835056807e-06,-0.4834656604428801,-1.6751168580877307,9.806081236202305,0.008037289098874831,-0.21530877957694528,2.943418976019177,-0.0015076735067872957,7.869161935580848e-05,0.0010947392353514763,25.033004432227017,121.56537588803886,13.499112706455158,1,101218.60884045107,0.004247545995391858,-0.0177262950103864,9.772616340883877,-0.007957045108316834,-0.0024306666200646556,-0.004598880829991892
16.7,0.25182249662222933,0.0010737150938945148,9.046125045437579,0.05363832256063036,-2.9798852630091373e-05,3.002693670719551,2.3929556735738234e-05,0.0025585277757069758,7.108044675882333e-06,-0.48026192216089253,-1.698778878379479,10.08077160696006,0.01045942834963894,-0.21926165564903238,2.9401578014611403,-0.0014976106981641438,-0.00040554781160073716,0.001082208994485919,25.033004432227017,121.56537588803886,13.499112706455158,1,101209.36373733559,-0.022962880574434755,-0.04412820656323557,9.863221943729386,-0.006516459263680675,-0.007370310322964585,-0.0048872585080803384
16.8,0.2580381631553088,0.0010624962008420832,9.346433115725548,0.05698125318637533,-0.000170066254157808,3.0035519924891814,-2.2240323015065498e-05,0.0018568634738151957,7.1219307841012935e-06,-0.47917871332043,-1.7208586472276948,10.374852040766061,0.011160125848663808,-0.2221410195882472,2.9413764920959267,-0.0015917294623727862,-0.0011099116684227806,0.001039938461859421,25.033004432227017,121.56537588803886,13.499112706455158,1,101216.15579781483,0.058709257490223,-0.04794158939210613,9.759254039296296,-0.008095346339429967,-0.009013664601730057,-0.004305183258076563
16.900000000000002,0.2643367780743615,0.0010536950675967202,9.646793021081605,0.0598158304595923,-0.00025213499049861823,3.0036924025659135,-6.403187314686046e-05,0.0010670080234540524,7.137815500696424e-06,-0.47017080038040754,-1.749768836607544,10.609626383143391,0.01572063048418778,-0.2278250244247798,2.9260150774250158,-0.0015105797455379894,-0.0018429681756870764,0.0009965441495704108,25.033004432227017,121.56537588803886,13.499112706455158,1,101201.73765573955,0.0029087195238762346,0.06579564783499608,9.782360703002091,-0.0051026727796984915,-0.009035656655271014,-0.0043343836900965734
17.0,0.27063705188292986,0.0010515010581537859,9.947137795892925,0.06172386930365542,-0.0002663251139526909,3.003218593340668,-9.554958556409696e-05,0.00032267363595051,7.1565975731838856e-06,-0.4686447815738321,-1.77249458521286,10.902196743782929,0.015240751947756523,-0.22761179268640275,2.9261859417113674,-0.001525705447149062,-0.0026133241753296677,0.000965573106752185,25.033004432227017,121.56537588803886,13.499112706455158,1,101214.56774230456,-0.011210067320753345,-0.03979839210439013,9.78093713570708,-0.0032469031324228485,-0.007993194175396982,-0.00430727198926789
17.1,0.2768637985394239,0.0010589934782608515,10.247408402134909,0.06246654822624702,-0.00021312193739601672,3.00223189261391,-0.0001126640581025003,-0.0002586726601874201,7.167194023730229e-06,-1.0638944388887959,0.5419586654102705,11.225526723986448,-0.215330155475108,0.6145298436885699,2.936900767578678,-0.020684975016676963,-0.008619084353556516,0.0024066044793077633,25.033019818575028,121.56538679516427,28.197457241998045,1,101193.80126827354,0.025561165165788997,0.0234998609551803,9.786178166678589,-0.0035594020504044416,-0.0060205853637610605,-0.003984775899234931
17.200000000000003,0.2829595225591567,0.0010777400514158804,10.547563786918069,0.06201577143233052,-0.00010240229609075073,3.000925562696614,-0.00011333840904181723,-0.0005963834677140678,7.159310889067267e-06,-1.0857517951499263,0.6041040210767428,11.51914966568895,-0.2216054251720289,0.6279594136012399,2.9352910750526404,-0.020830472841131775,-0.009111801967875754,0.002386801915912364,25.033019818575028,121.56538679516427,28.197457241998045,1,101172.37743373078,0.021336075446020224,-0.03543826196732668,9.818166825995652,-0.005687372678094393,-0.003843759753743287,-0.0042627388685661715
17.3,0.28889223017444765,0.001107622625908569,10.847584890541462,0.06053480487778664,4.756043760321403e-05,2.99956279406499,-9.808605691071225e-05,-0.0006545632199022045,7.12484306104719e-06,-1.1111744540165271,0.6697136052066873,11.89113117852347,-0.2299738294330061,0.6423132955660096,2.9566672746168927,-0.021067727438867305,-0.00934682498842232,0.0023305784414317052,25.033019818575028,121.56538679516427,28.197457241998045,1,101215.79624784239,0.0271084600505734,-0.011848326068190506,9.78985243124502,-0.005444657317337491,0.0027020162735041965,-0.004692184748692657
17.400000000000002,0.29465858638247244,0.0011469195794140403,11.14747647780637,0.0583417011876101,0.00021341483711077698,2.9983657241028956,-6.981152125087653e-05,-0.0004452544013837656,7.065369992228147e-06,-1.1345728882859956,0.7345792364673035,12.186750754152076,-0.23818015692130454,0.6543316445920664,2.956215536725495,-0.021056124057456757,-0.009206918583666956,0.0023057145164805254,25.033019818575028,121.56538679516427,28.197457241998045,1,101208.22441585713,0.03870405583474107,0.023745109751716554,9.733176644713167,-0.0076686223541522465,0.0035191465812325568,-0.003933485506480305
17.5,0.3002822444742461,0.0011926321952470738,11.447264485590111,0.055845561925829845,0.00037072991372626987,2.9975189656712136,-3.307289160418526e-05,-2.3085583887194616e-05,7.01134903576955e-06,-1.1543921008687674,0.7975666671353747,12.376562001178756,-0.24282695578639746,0.6675632552599062,2.9289685983508114,-0.021153735088190496,-0.00878860041133378,0.0022815530355566587,25.033019818575028,121.56538679516427,28.197457241998045,1,101181.07419124321,-0.02227012449611282,-0.02025141304175604,9.806648399490955,-0.005524221295582136,0.0041600206098722755,-0.004215202481851476
17.6,0.30580799085700094,0.0012409554180132685,11.746989602497116,0.05347181554927037,0.0004969244858452654,2.9971283588436712,6.394093411252094e-06,0.000527573776896384,6.9924096372189625e-06,-1.1790019422632096,0.8650773206848719,12.66944720474846,-0.24885220460248447,0.6829480659075048,2.9291901789326618,-0.02115426433104483,-0.008267338045561123,0.0022597954351603732,25.033019818575028,121.56538679516427,28.197457241998045,1,101195.62950125043,0.04112911615974412,-0.05375841137070404,9.812258547339841,-0.003856947999164766,0.006467570669797142,-0.0044524268307142316
17.700000000000003,0.31129296519196875,0.0012878600443810232,12.046699800383132,0.051593961839475136,0.0005750190484274102,2.9972302882427084,4.276825465884369e-05,0.0011078703461875339,7.022935406960523e-06,-1.2052946800848507,0.9348758136968228,12.98913265662935,-0.2535360679250571,0.6961024377549276,2.9371843550963974,-0.0212384394854288,-0.007730511452002986,0.002226291611336013,25.033019818575028,121.56538679516427,28.197457241998045,1,101167.95085642689,0.10463536979965747,0.016778049956526445,9.797135734589899,-0.004857870090540827,0.005533019023697693,-0.004252892324889625
17.8,0.3167965314416383,0.0013296889817092101,12.346441614129247,0.05047553965041317,0.0005954797052614539,2.9977679506067867,7.081891146000048e-05,0.0016222473262483827,7.099175800924376e-06,-1.2309872237696797,1.0053193361118031,13.282884165682315,-0.2594668474367196,0.7122425813059068,2.9384850025908813,-0.021323636074819206,-0.007310556295672566,0.00222941735423271,25.033019818575028,121.56538679516427,28.197457241998045,1,101188.7201330431,0.11353829598082402,-0.05625309845909775,9.783173498829738,-0.002246740129990751,0.003620466648404782,-0.004678882326882536
17.900000000000002,0.32237052819462997,0.001363678104220842,12.646253141944124,0.05023894534088271,0.0005578014304050869,2.9986124252546027,8.679664824372084e-05,0.0019927251955571545,7.203923758340097e-06,-1.2595895407971012,1.0789245138228363,13.62772456308844,-0.26575187004403217,0.7266658726068136,2.9524684824273137,-0.02139554586360046,-0.007036957261112198,0.0022114720368264784,25.033019818575028,121.56538679516427,28.197457241998045,1,101172.99716460374,0.014381890044432154,0.05141906331466447,9.831334235830955,-0.00704719081208593,0.0014813428291233796,-0.003635718333069903
18.0,0.32862624100722615,0.0013902615028437227,12.976154390708773,0.05095705475858906,0.0004589725774715012,2.9997243576844435,8.83575589713055e-05,0.0021769587068667384,7.326982331284496e-06,-1.2864916593659952,1.1523546745489943,13.92302225008685,-0.2722235077072488,0.7426538418976868,2.9530085116599296,-0.02152959555396109,-0.0069445608009250925,0.002176658163681495,25.03298129931043,121.56540849167983,25.0005879794158,1,101180.43900920232,-0.003872592847756373,-0.0047241849641973315,9.784757791918684,-0.0065308486746639485,0.0001442936830011812,-0.004071631584409821
18.1,0.33385570332444103,0.0014035558291164859,13.246163960617992,0.052155118180862305,0.0003469234707935198,3.0006110317021477,7.744356278823185e-05,0.0021424390225233125,7.410636880732876e-06,-0.5389169359353024,0.05939862153562376,14.300464000158009,-0.0658329957767187,0.44003853697767636,2.9746742297425315,-0.01581622204798953,-0.003091239817655911,0.0017560070410480742,25.03298129931043,121.56540849167983,25.0005879794158,1,101152.68689563406,0.027188901829948393,0.014768943141046022,9.815024038858425,-0.004609946434507399,7.897747753357089e-05,-0.0043137200222695665
18.200000000000003,0.33977850731852083,0.0014106734489984902,13.546260759593137,0.05388034959808892,0.00020827384920956674,3.0014304906935285,5.469539499754784e-05,0.001928394703938796,7.475593438922215e-06,-0.545620335575228,0.1039375757771276,14.59783968707863,-0.06916417370938971,0.4500947530401274,2.9732149039800553,-0.015834543299157004,-0.0033526400425740732,0.001737440537592663,25.03298129931043,121.56540849167983,25.0005879794158,1,101182.31961786232,-0.03821203660235971,0.04386606469876281,9.799238432865906,-0.0023181620858957696,-0.0017203611031390465,-0.004085101000831197
18.3,0.34579630732224975,0.001412115537902163,13.846425151676234,0.05571795504152751,7.489197201716164e-05,3.0019612371399935,2.4480940284351136e-05,0.001577605943005489,7.517906578144828e-06,-0.5486889312520028,0.1467438023831513,14.778715081633607,-0.07001422202403094,0.4575715309895534,2.9442299194355726,-0.015867719327204474,-0.0037226123403293343,0.0017173089083202349,25.03298129931043,121.56540849167983,25.0005879794158,1,101151.09091865415,0.043896726481380835,-0.002932925392342375,9.79659863732006,-0.005768206643224306,-0.005029566879008681,-0.003463414860250278
18.400000000000002,0.35187205140148015,0.0014110333294296187,14.146624683471488,0.057364020848323025,-3.3802347855998996e-05,3.0021159497986405,-8.404504331296778e-06,0.001157074052791529,7.546943574276144e-06,-0.5558031655877176,0.19299373704651362,15.07322130111854,-0.07263239809007399,0.46742387700448934,2.945519843009909,-0.015964534142527142,-0.0042913842110474665,0.0017450531469040955,25.03298129931043,121.56540849167983,25.0005879794158,1,101158.27213791807,-0.03458029505771698,-0.032125693604194046,9.817255872966113,-0.004888822392006756,-0.005201627071231193,-0.0030446696287744755
18.5,0.3585703654695465,0.0014109399194442054,14.47684243492326,0.058657569920938124,-0.00010733168281206785,3.001890950505161,-4.170340904710637e-05,0.0007006903324480174,7.569202230634614e-06,-0.5635727981282779,0.24035733392180675,15.37559135193222,-0.0769608674238834,0.4769886945080135,2.949390163187041,-0.016028060242633233,-0.004797625445171594,0.0017157737676828716,25.03298129931043,121.56540849167983,25.0005879794158,1,101155.31095850248,0.023072211346429554,0.05574147306917217,9.812197130979952,-0.008101960122131846,-0.004538794847042773,-0.004269103223593873
18.6,0.36402441746414904,0.0014144755079822221,14.746989709492407,0.05917073376432717,-0.0001244484064604555,3.001458557700536,-6.281321663757197e-05,0.0003922677220746795,7.579529607908499e-06,-0.5715178205260697,0.28846570353854106,15.670513127693216,-0.08189864577863361,0.4853544909573222,2.9486186397536294,-0.016010277585355833,-0.00520927303744112,0.0017109829611638766,25.03298129931043,121.56540849167983,25.0005879794158,1,101158.16876776067,0.06271891720696532,0.017897933926762845,9.759105068599895,-0.007334628409680025,-0.003201339230114879,-0.0047037321224908096
18.700000000000003,0.3700239648226099,0.0014244305040150291,15.047096990225178,0.05911963316499565,-9.742246520663369e-05,3.0007718061611004,-7.684514072099058e-05,0.00016614008108173373,7.581514261799663e-06,-0.5796217177707265,0.3374650739760727,15.962126183681345,-0.0833124611721212,0.49630173797165583,2.9471825309849122,-0.015994537691236807,-0.00549336924636501,0.0017016636935002867,25.03298129931043,121.56540849167983,25.0005879794158,1,101133.36945410502,0.03452449789344451,0.008984114026843924,9.786779182117243,-0.004975161637619634,-0.003327231386958714,-0.004312389592187533
18.8,0.3759390061578025,0.0014419755180132053,15.347132256273184,0.058474612924890444,-2.810425315921643e-05,3.000019875030205,-7.939590282007537e-05,8.784911375769866e-05,7.571305107681523e-06,-0.5881073763045697,0.3875110176550582,16.256888728060552,-0.08647695432199788,0.5037964705776068,2.94806420364123,-0.016048857628809504,-0.005584193602420129,0.0016880966667959085,25.03298129931043,121.56540849167983,25.0005879794158,1,101146.68637625893,0.019231705874203,-0.014872645816804322,9.782278294052444,-0.005470730436644795,0.00029047243466873,-0.0037251901725027584
18.900000000000002,0.38176295569136137,0.0014672459300703537,15.647094389696218,0.057384540089071547,7.106076107866916e-05,2.9993236221549178,-7.07265001066588e-05,0.00015895916090769013,7.544132531096199e-06,-0.5997109400157972,0.4398006848125406,16.625879964006376,-0.09189087029515941,0.5149356991678098,2.966467136761662,-0.0160488800711561,-0.005642335444102642,0.0016908066778808725,25.03298129931043,121.56540849167983,25.0005879794158,1,101120.73805323325,0.01599671520601257,0.004331958334720739,9.730881912869409,-0.006174412553581609,-0.0005184652205459165,-0.0044325102578609415
19.0,0.3875043953565419,0.0014992446388538143,15.946994543655629,0.056060320700899724,0.0001842031638571449,2.9987913995352393,-5.2627628096438435e-05,0.00035621600765511907,7.5096479030889764e-06,-0.6091142344414029,0.4917753494058097,16.922530540146205,-0.0954788065502421,0.5257573767453246,2.966941912104489,-0.01606308197332891,-0.005455633491855627,0.0016551204964826748,25.03298129931043,121.56540849167983,25.0005879794158,1,101124.86175226078,0.05688254933991531,0.004023923487487686,9.755792851004282,-0.006964867153738106,0.0011686501808429216,-0.004243336290320774
19.1,0.3931845286122414,0.001536042536206651,16.246852793440247,0.05473290878912629,0.000293881152155255,2.9985018115003146,-2.828327819609449e-05,0.0006382100162949378,7.484251664664463e-06,-0.5673934794958779,0.5996483775974016,17.239647164105147,-0.08433041262279042,0.5515577614963828,2.9721532843839014,-0.016410609515732005,-0.004961794692868615,0.0016279337596299083,25.033005728081463,121.56539525069975,22.086205274339232,1,101112.38387381482,0.025239531385756016,0.04452208906559936,9.84307372027094,-0.008236208480454905,0.002028691139085855,-0.0032333259603508305
19.200000000000003,0.39883280860437054,0.0015751063174770808,16.546694413527746,0.05361664011059741,0.00038422156788362507,2.998469528666567,-1.596668353687419e-06,0.0009530128217141165,7.480942368134555e-06,-0.5759822445565387,0.6554164371878404,17.536898348202765,-0.08675294670483098,0.5633519864740247,2.9728630719664406,-0.016534604580644877,-0.004713024315340597,0.0016280474882544756,25.033005728081463,121.56539525069975,22.086205274339232,1,101126.70287053574,0.016042116504345814,-0.026447937965818333,9.783120095351078,-0.006630180092676413,0.0023648962653860755,-0.004614265300326653
19.3,0.40448156672524516,0.0016137017395289825,16.84654553062293,0.05287564721598811,0.00044298688319263516,2.9986884423938567,2.341168009700448e-05,0.0012471085520537883,7.505718084444444e-06,-0.5840295850018639,0.7119761746555016,17.80239379503795,-0.08744491095183898,0.5728923294704105,2.9654249370658103,-0.01660419882253659,-0.004487125646182033,0.0016325436861152412,25.033005728081463,121.56539525069975,22.086205274339232,1,101123.75446657292,0.08257892265112302,-0.01597925473630736,9.862677068982258,-0.007561035180349384,0.0007104969054531282,-0.0042169984640679295
19.400000000000002,0.41016057466612543,0.0016493066744591135,17.146428502906485,0.0525998911036266,0.00046308713153769864,2.999104331761547,4.3104215276070176e-05,0.001474832112974278,7.556783539771646e-06,-0.5928172456107562,0.7696972857145644,18.09893168634839,-0.08901906550655626,0.5819820048082668,2.9660215372254517,-0.01661417388655375,-0.004376012301147814,0.001613407955820172,25.033005728081463,121.56539525069975,22.086205274339232,1,101125.26345463078,-0.013247815260923591,-0.0034537496760129426,9.823528525330827,-0.005080507946056861,0.0008143005869891008,-0.00434666114131729
19.5,0.41589243778663504,0.0016799724940781426,17.446358883329943,0.05279804077366038,0.0004436835159324959,2.9996316985118856,5.488075656722672e-05,0.001604578948726676,7.626644902213877e-06,-0.6030157680500678,0.8286690525590851,18.44798805714418,-0.09163938634721472,0.5917775833915117,2.97797570722288,-0.01667641469161248,-0.00430419103994506,0.001596904876941553,25.033005728081463,121.56539525069975,22.086205274339232,1,101103.9832220081,0.039912783828898915,-0.010977481540814163,9.812754322150047,-0.006069743276317733,-0.0001055595930622899,-0.004598990738688452
19.6,0.42168948853134247,0.0017045805842232419,17.74634332496324,0.05340127184312976,0.00038969148599601584,3.00017798285478,5.743356022442272e-05,0.0016230907854146714,7.703721898643942e-06,-0.6122845108630756,0.8883790651590576,18.745768245608467,-0.0940195827414976,0.6018785778414641,2.9786611744293716,-0.016846119504803168,-0.00435948004652964,0.0015781156696487797,25.033005728081463,121.56539525069975,22.086205274339232,1,101114.43056363653,0.05054585517874448,-0.025235467850620925,9.796709934978562,-0.007648465011785467,-0.00236755671383884,-0.004491893315657187
19.700000000000003,0.4275525905315271,0.0017229624085524657,18.046379387249356,0.054281211617887556,0.00031092095888259194,3.0006552163802267,5.087716659533015e-05,0.0015359534415295695,7.77401787285451e-06,-0.6218002852747808,0.9491201108138042,19.040410667209287,-0.09757628534446296,0.6141071161733525,2.978636919193676,-0.01693466917025687,-0.004418882475655694,0.0015435497454251174,25.033005728081463,121.56539525069975,22.086205274339232,1,101096.97102253522,0.035903434844422544,0.03867749904965344,9.832592787661408,-0.004014210313544404,-0.002278475580086111,-0.004847296219531799
19.8,0.43347188712076956,0.001735878063550186,18.34645652541045,0.05527467030818396,0.00022035335398490913,3.0009942039383213,3.6690898543624864e-05,0.001365347814550999,7.832966903515528e-06,-0.6316526980423296,1.0111450304447187,19.33831938153647,-0.09966617374686718,0.6261154471295746,2.9793975203236016,-0.01710588873458227,-0.00474704339415033,0.001549276571048596,25.033005728081463,121.56539525069975,22.086205274339232,1,101105.79690319703,0.04311687006774203,0.017310266196009803,9.809986513125429,-0.0051296465524684025,-0.0037696467230774375,-0.004503267820535742
19.900000000000002,0.43942922116549,0.0017448503036279898,18.646558309897955,0.056212742943562446,0.0001319291342642734,3.001141273583085,1.736555127440584e-05,0.001145299371834163,7.880642512302098e-06,-0.642664681550473,1.0741659148815705,19.67913535208735,-0.10406697312788055,0.6367857061834342,2.989791452629224,-0.017254448353005294,-0.005039797669119217,0.0015606948966441284,25.033005728081463,121.56539525069975,22.086205274339232,1,101123.2265420327,-0.018905650095152347,-0.02242123224768421,9.836110049452342,-0.006373927910680557,-0.0036870375670270622,-0.004584049502698248
20.0,0.4454017128692447,0.001751896083776018,18.946665758244656,0.05694921584750436,5.870128790381936e-05,3.0010950008600332,-3.913302168378496e-06,0.0009148153320743813,7.918484763471384e-06,-0.6532981702069409,1.1384670581991294,19.978050194802687,-0.1073719367363482,0.6490088654481375,2.989068396280733,-0.017288872449934344,-0.005337734657293591,0.0015524005114572314,25.033005728081463,121.56539525069975,22.086205274339232,1,101082.4981520771,0.017498139000960207,-0.05130224987474784,9.82179271526314,-0.0037982231192484344,-0.001992815887497626,-0.004568440007689158
20.1,0.45136581714875423,0.0017591999153301616,19.246760197483223,0.057380203488639134,1.0492099438637204e-05,3.000883953108647,-2.3911715455123926e-05,0.0007120185061075812,7.946880423809622e-06,0.05632733407833303,0.14096146535912496,20.333317294434195,0.10373007808141445,0.3418247840235778,3.004912129326243,-0.01107116825417329,-0.0012981844275081755,0.0012435109767452365,25.03298769202304,121.56541035142635,32.071824422832236,1,101081.42437849924,0.02241951524923677,0.004591061804460639,9.790726479663721,-0.004909248715120742,-0.002898180723542053,-0.0037741313750178115
20.200000000000003,0.45730116280486893,0.001768782751090261,19.54682650141053,0.057459810120278176,-7.063907939992404e-06,3.00053945261189,-3.978875403731195e-05,0.0005675717431903315,7.966525654574367e-06,0.06673998708206552,0.17535355022492308,20.63380776446923,0.10452137489594404,0.3462060121412561,3.005228641700259,-0.01104044785991702,-0.0015146582639240513,0.0012478873132416093,25.03298769202304,121.56541035142635,32.071824422832236,1,101094.11135756294,0.06931183898236196,-0.07841077532923402,9.84207459518724,-0.0047789039234812395,-0.000959169169091023,-0.00383410615165398
20.3,0.46319358650597764,0.0017822136775099784,19.846855405093773,0.057202887540416095,7.010256414369302e-06,3.0001356471949645,-4.9388067258651145e-05,0.0005000137024244733,7.978630660379741e-06,0.07735985432866377,0.21030830500364214,20.920396829874484,0.10425950579977797,0.35083550057141905,3.0023364213160733,-0.011139522532213036,-0.0016420242739365598,0.0012347655657541012,25.03298769202304,121.56541035142635,32.071824422832236,1,101100.87032807979,0.016067737556708844,-0.016596190653241943,9.774566131059403,-0.0048692967766999235,-0.0012980090286875458,-0.00381177838437843
20.400000000000002,0.4690369302986026,0.0018004022310481656,20.14684417870696,0.056676114469186564,4.870715788681799e-05,2.9997435291351,-5.167189740687468e-05,0.0005145162821165172,7.98139645358946e-06,0.08772946652862333,0.24568918917468238,21.22066882024303,0.10331931314232097,0.3567710950999572,3.0035741800992466,-0.01120175371126565,-0.0016576249805992926,0.0012204248851649165,25.03298769202304,121.56541035142635,32.071824422832236,1,101078.87093318952,0.10454878190579248,-0.029553486346888595,9.815447573142624,-0.006518978113721212,-0.0004160241230296935,-0.00517178237509234
20.5,0.474833417872622,0.0018235046477325086,20.446796987607247,0.055985714201404045,0.00011030892350850943,2.9994217453117678,-4.673649743412405e-05,0.0006022986080029824,7.975724684155533e-06,0.09786724753777641,0.281326447965594,21.543863751573998,0.1034346680620177,0.3614106666830717,3.0074797922648417,-0.011234843576736646,-0.0016571722760385654,0.0011965154846182774,25.03298769202304,121.56541035142635,32.071824422832236,1,101088.95482017238,0.015028560047316043,-0.08772017465869528,9.795620568773414,-0.0014328508258106597,0.0013241541974656408,-0.004464635902072844
20.6,0.48059264914869004,0.0018509472266355982,20.746723430379372,0.05525546254446874,0.0001815681656272548,2.9992248027494015,-3.5728940471334694e-05,0.0007435294142474902,7.968719919159538e-06,0.16884170824881292,0.2333780920017883,21.845112191841537,0.14085093576651625,0.31549268563405,3.0110302750137965,-0.008997542472560337,1.2828659746277893e-05,0.0066732796651049866,25.03298769202304,121.56541035142635,32.071824422832236,1,101063.8439964572,0.017732345855752358,0.02000467272391446,9.804123000511199,-0.004314867814657342,0.0005497641321624859,-0.005732353538775066
20.700000000000003,0.48632948774059376,0.0018815521972963822,21.046636488553826,0.05460583005533178,0.0002513631772721514,2.9991639267915904,-2.0664876666092466e-05,0.0009115003128403742,7.968427007564498e-06,0.18262506343409954,0.264142702990374,22.19937450065796,0.1428711572430174,0.3167935529893027,3.0251180527176635,-0.009071789836150418,0.00016955237009663726,0.006670487142197004,25.03298769202304,121.56541035142635,32.071824422832236,1,101057.7973154789,-0.02129541760908217,-0.04317795053425488,9.879908352988226,-0.00810054086736357,-0.0005866758589447487,-0.003887870134384258
20.8,0.4920612638337564,0.001913746817588186,21.34655049585198,0.054136048928830824,0.0003095966456272044,2.9992400626635005,-3.973481842880505e-06,0.0010768220524008942,7.98088753046457e-06,0.19696480241669131,0.2958764844464125,22.501920403314088,0.14436758330005398,0.3179290949709364,3.0256593409222226,-0.00910752654832459,0.00028989361716380557,0.006678108193296768,25.03298769202304,121.56541035142635,32.071824422832236,1,101072.38364906807,-0.01968483663489222,-0.022676746471129456,9.828329842398563,-0.0037934583042409944,-0.00017588482541799704,-0.005217494205638081
20.900000000000002,0.49780478538057626,0.0019458188943022167,21.646478372326854,0.053907568460896546,0.00034830929674881724,2.999439135372691,1.1772467842460405e-05,0.0012130802730399015,8.009124028030909e-06,0.21156176758334533,0.3281535938223846,22.787942070521165,0.1451534355474182,0.3213684948023171,3.0225079737467295,-0.009084445055000348,0.0004291490203938153,0.006684796925392357,25.03298769202304,121.56541035142635,32.071824422832236,1,101051.97324307183,-0.01519182889004396,-0.0044154277946051,9.762274097640514,-0.004149048002847322,-0.0011720108489147426,-0.004564800262390977
21.0,0.5035736717125368,0.001976177933354892,21.9464297336788,0.0539383300092417,0.00036294399308437326,2.9997113745628026,2.428196761443736e-05,0.0013006989015131865,8.052448328205522e-06,0.22617853280252928,0.3605026009114637,23.090198750890895,0.147491076843928,0.32507343038798486,3.0233920431134425,-0.009063042272468803,0.00047928274843189733,0.006673544143780548,25.03298769202304,121.56541035142635,32.071824422832236,1,101063.66322349684,0.06105903046223774,-0.024567443532601346,9.89435801246296,-0.00439890119152545,-0.0017536483528106622,-0.0030682698471365157
21.1,0.5093764005206554,0.002003583045812816,22.24640977521122,0.05420360850158155,0.0003528708441493304,3.0000081763043953,3.193187639656639e-05,0.001329224273056706,8.10768403935404e-06,0.061165907729901194,1.1038226675190277,23.41242567605627,0.09575631267143862,0.5375337093312016,3.029157442485664,-0.01302733387017216,-0.0004611464827135592,0.006548913663908916,25.033017843105906,121.56539819022409,32.343257746519186,1,101072.95950068848,0.02856709959032403,-0.08456158441216725,9.797672448817199,-0.004611850670752409,-0.0016802708775238927,-0.004745154517924344
21.200000000000003,0.5152153364932758,0.0020273035758009545,22.546418614278284,0.054642255902209926,0.0003210317474285677,3.0002823957040947,3.388222151900158e-05,0.001298704904617587,8.167907123759453e-06,0.07081672764316098,1.1579273452552925,23.715454277958994,0.0967475359205046,0.5447089028010821,3.031773026452007,-0.01306582807147852,-0.0005398723853053955,0.006533929653784123,25.033017843105906,121.56539819022409,32.343257746519186,1,101038.14470270899,-0.012455084722631966,0.010472168726967287,9.809449483531248,-0.006220391112310355,-0.0013421870571479037,-0.004924485595192408
21.3,0.5210868256577688,0.0020471971107973532,22.846451813517234,0.05517039635753729,0.0002734901753581738,3.000490473957613,3.020137878238685e-05,0.0012185672093645294,8.22643834729399e-06,0.08056232819017291,1.212500119629511,24.0262404481861,0.09733548903603718,0.5498519695762494,3.0357504785261944,-0.013169026300562181,-0.0006244738115657178,0.006535667396151993,25.033017843105906,121.56539819022409,32.343257746519186,1,101037.66944954469,0.04684432827512449,-0.04729059142879141,9.801232910449599,-0.0031748191488008867,-0.0019269530808959504,-0.004407649646993237
21.400000000000002,0.5269822477390884,0.0020636952336061326,23.14650130752012,0.055695956331847575,0.00021821653816036086,3.0006041227145532,2.1780017976164422e-05,0.001105568333374496,8.280081572027204e-06,0.09028213027794975,1.267883479013573,24.329875652298284,0.09650487154170602,0.558043628110162,3.036692139707314,-0.013185324526354967,-0.0007968357477412535,0.006516802658206691,25.033017843105906,121.56539819022409,32.343257746519186,1,101045.15449692163,0.011184866328505492,-0.029186240159175793,9.79512711518162,-0.0062078898890438544,-0.0031332512767018816,-0.00437051960377851
21.5,0.532889791516811,0.0020777029473125637,23.446557026495952,0.05613452563396949,0.00016386912986204337,3.000611053499873,1.0160476637994735e-05,0.0009804382191802574,8.327585611904721e-06,0.09977992274419753,1.3232000834207724,24.671619800946793,0.09471909780736759,0.5645714555826579,3.046415671972334,-0.013272550336746729,-0.000991462275357513,0.0065037076014043925,25.033017843105906,121.56539819022409,32.343257746519186,1,101039.33722137871,0.07237240936407845,-0.006244595510745392,9.867656206599447,-0.005521647115750816,-0.003167452264216674,-0.004112295700443924
21.6,0.5387966095343028,0.002090434526917846,23.74660865949091,0.056422130917032576,0.00011843468607687876,3.0005214876044257,-2.7222844582676145e-06,0.0008642655164803337,8.368387702705222e-06,0.10928067921709664,1.379898580537808,24.976260086982915,0.09507950727680142,0.5708260113778416,3.0465468309426176,-0.013348807745672066,-0.0011322262568222996,0.006484804058685366,25.033017843105906,121.56539819022409,32.343257746519186,1,101036.53880172457,0.07099326556369032,0.011243938041471313,9.822873232191121,-0.003463744013343171,0.0011357123653076204,-0.0038681639264880716
21.700000000000003,0.5446909642375131,0.0021032143053574966,24.046647303456385,0.056523920693275075,8.79755515672443e-05,3.0003537722408966,-1.490943179854458e-05,0.0007751413212240266,8.402109115112304e-06,0.015997400691662975,1.4617602526727138,25.31848048485635,0.034595497007298685,0.5938116125795364,3.0563668753172832,-0.013936123823144145,-0.0040168070055448535,-0.009438482991256592,25.033017843105906,121.56539819022409,32.343257746519186,1,101050.17962076134,0.0197527146647858,-0.022661326311190895,9.836620214091194,-0.005598217621527841,-0.0025722804473998924,-0.004424972772183265
21.8,0.5505640322447939,0.0021172746841814334,24.346666891779684,0.05643806188561562,7.608850093059928e-05,3.000141094940472,-2.463637678800648e-05,0.0007252707342761955,8.429533878793388e-06,0.019368285476868353,1.521548258884569,25.624281208128174,0.03266257613906705,0.6020443188400697,3.05876020564608,-0.014032849956870104,-0.004184576739378221,-0.00954674997451056,25.033017843105906,121.56539819022409,32.343257746519186,1,101030.48797278391,0.05663027737441631,-0.007108827388877415,9.816770430940515,-0.008565049934292895,-0.0016425590819744114,-0.004069088160502129
21.900000000000002,0.5564111010415455,0.0021335798961055487,24.64666483551416,0.056192643554108135,8.332995083249725e-05,2.9999237617557784,-3.061354478294639e-05,0.0007197186449678927,8.451755751647672e-06,0.022519900564131442,1.5821537448140113,25.93368636401271,0.030464712225448536,0.6113882619703825,3.0605738544961816,-0.014059125105415207,-0.00423098800094035,-0.009682433042323132,25.033017843105906,121.56539819022409,32.343257746519186,1,101035.38111686647,0.009147861906282605,0.002307413113455014,9.902800766038771,-0.007849796616727397,-0.0004898556296426247,-0.004635762334473422
22.0,0.5622320124538313,0.002152699666632363,24.94664228856789,0.05583962230358103,0.00010734750131084506,2.9997346315059388,-3.2221488137579215e-05,0.0007559650469124435,8.468144683075954e-06,0.025568880444057248,1.6436827101232576,26.239952930888954,0.030389069390651932,0.6199144266273422,3.064245360329485,-0.014099174584426624,-0.004208217831998429,-0.009788687708637493,25.033017843105906,121.56539819022409,32.343257746519186,1,101026.73248653773,0.0629543849941375,0.0107565331869153,9.763600151187974,-0.00559553936307197,0.0008664466197829978,-0.004757087163188442
22.1,0.5680308367249973,0.002174752866998633,25.246603664307102,0.055444333616539485,0.0001435584772347212,2.9996060230541954,-2.9493836992438672e-05,0.0008248706318072507,8.480476575542178e-06,0.8630130964086123,-0.4034271538738326,26.484651196022472,0.3210658849021915,-0.13329048969828547,3.0514394912635607,0.0010206136565100322,0.0018612819157206584,-0.009359602063807272,25.032990268518876,121.56541180378845,37.46929294155599,1,101027.50767464896,0.0023912379483267063,-0.025726158661151577,9.7633972833614,-0.00855778112596291,0.0016450352235494118,-0.005388186772738075
22.200000000000003,0.5738148897362942,0.0021994196420648607,25.546555521237718,0.05507346623422373,0.0001857862364747762,2.9995505021343614,-2.3132708128387113e-05,0.0009129239860741212,8.492799910188386e-06,0.8952868393070302,-0.41715109120210236,26.78985249665825,0.325239010713361,-0.14069154929918584,3.052766697350747,0.0010272249776954578,0.001958524035361675,-0.009458158262474765,25.032990268518876,121.56541180378845,37.46929294155599,1,101013.50728060152,0.07534474799449797,-0.01565425539427715,9.82367112795418,-0.0037427206539477915,-0.0001425819582700871,-0.005403995618539813
22.3,0.5795933049304363,0.002226016776521248,25.846505541561797,0.05478530920971693,0.0002274494328393972,2.999568374202461,-1.4311469603036601e-05,0.001004355721043071,8.509182306531195e-06,0.9279329947235145,-0.4317242199553891,27.110864552618565,0.32717699543124373,-0.14751842215154784,3.058428159483104,0.0010950771193063164,0.0019786760497495504,-0.009555244763560693,25.032990268518876,121.56541180378845,37.46929294155599,1,101012.48429163164,0.024922213742001525,-0.01809239275436168,9.83040262645971,-0.006142708444840234,-0.00010527523065586588,-0.003810387407782052
22.400000000000002,0.5853754171521551,0.002253622274401174,26.146461094453294,0.05461991084069438,0.00026246490805063166,2.9996586725599257,-4.477197683377868e-06,0.001084085942842039,8.532835116350429e-06,0.960849712947806,-0.44683407572227146,27.4169122517779,0.3307802859892722,-0.15346459723745817,3.0614123874235974,0.0012148518598468754,0.0020769339203998705,-0.009651840597883704,25.032990268518876,121.56541180378845,37.46929294155599,1,100997.99014363594,-0.01008829792270352,0.05002434001994272,9.803724778573162,-0.004507958193168496,0.0009393803769671301,-0.004331050675416927
22.5,0.5911692424918948,0.0022812270566915436,26.446427963299108,0.054594067584520914,0.0002860420990631248,2.9997970923500903,4.823128092994024e-06,0.0011403212170773003,8.565501057478296e-06,0.9941823203006294,-0.46306298855392714,27.768921855038144,0.3353371067453877,-0.1595038388113994,3.0713431892707974,0.00124245816577061,0.0021183914829494555,-0.009757346205564729,25.032990268518876,121.56541180378845,37.46929294155599,1,101023.58151237688,0.06312447150811912,0.003852609309161155,9.751227842539075,-0.00709688126723345,-0.0009654769440776442,-0.004301562563321835
22.6,0.5969802906612289,0.0023078898945177438,26.746409764577447,0.05470141712910328,0.0002955127723204841,2.999955597615939,1.2260514083106315e-05,0.0011657482768938632,8.607446721046198e-06,1.0279595100682932,-0.4793173560250518,28.076121926017134,0.34008920094663475,-0.16577867134771737,3.073905810506493,0.0011952329080665257,0.0022241974977339485,-0.009865701858332722,25.032990268518876,121.56541180378845,37.46929294155599,1,100993.39483766562,0.026929607764097998,-0.018001829197335256,9.80920870382147,-0.010130662259510072,-0.0031905392275573996,-0.004562957095241589
22.700000000000003,0.6028108680238635,0.0023328713750277027,27.046407391904097,0.05491421213468813,0.00029044102826206544,3.000110495285724,1.687921574603431e-05,0.0011586745196292547,8.656577270570623e-06,1.0622213231621755,-0.4969768599760581,28.437393194396158,0.3429122156821209,-0.17143421314395196,3.0868477584589638,0.0011986648530695225,0.0021712015670067863,-0.009963615951050234,25.032990268518876,121.56541180378845,37.46929294155599,1,101024.08935770352,0.028107810977929387,0.00522034069450809,9.820251290805247,-0.008183135801986272,-0.0006377406582637821,-0.0052183039446286016
22.8,0.6086599554898734,0.002355728634389316,27.346419146475526,0.055190038583957844,0.00027251520360284387,3.0002351292917027,1.817416021366195e-05,0.001122763147465955,8.708054472566713e-06,1.0967903676064084,-0.5143374233126647,28.74626226183025,0.3484268759207946,-0.17533531595895788,3.09004351002312,0.0011441001483255882,0.002153236757032717,-0.010071775338740782,25.032990268518876,121.56541180378845,37.46929294155599,1,100982.80235487927,0.0865736478715719,-0.03706207442632846,9.752334726352416,-0.0042139473779649935,-0.0017325802295181246,-0.004476796749494763
22.900000000000002,0.6145236292703102,0.0023763626333720327,27.646441213374473,0.055479694462788345,0.0002452767505254937,3.0003134676981285,1.6187731467765985e-05,0.001065976362689014,8.759047555257467e-06,1.1319022664089848,-0.5329479604532643,29.09825532398813,0.35126413082588803,-0.18291181202952114,3.1027839668680817,0.0011048132609490675,0.0021307549472875387,-0.010162989818804462,25.032990268518876,121.56541180378845,37.46929294155599,1,100995.10220068836,-0.017640824083002084,-0.00747839669870975,9.806151990196991,-0.0040962267403478626,0.0004353196044651897,-0.004436241266692111
23.0,0.6203959172187622,0.0023950085934442487,27.946468350553644,0.05573527380313366,0.00021335834211404589,3.0003359202456834,1.1432562736435385e-05,0.0009991281029011478,8.807727296635125e-06,1.1672341245232847,-0.5515113634994512,29.408621796492906,0.356016050642483,-0.18841393239556503,3.1046129808538003,0.0011599647727141005,0.002088394428221285,-0.010268030471312717,25.032990268518876,121.56541180378845,37.46929294155599,1,100983.27696009632,0.08405949762391107,-0.02785062856304108,9.813558466705143,-0.005753251165343836,-1.1597529927659389e-05,-0.004821367350590951
23.1,0.626269923237545,0.002412178150750161,28.24649492241219,0.05591832157207279,0.000181809691572672,3.0003015260601607,4.807386123870682e-06,0.0009337654347438828,8.85309366415865e-06,1.4008477531394965,-0.9786196051195654,29.747333740042812,0.4083048044767236,-0.29572079049986066,3.114080979937323,0.0028354942066991353,0.002905118453658817,-0.010350223924524334,25.032984468627824,121.5654171854945,40.7181268313198,1,100990.15222958042,0.03179879006802927,-0.03948722192812037,9.755920260062029,-0.0061992300454342085,-0.0025108135255262113,-0.0054509163381600695
23.200000000000003,0.632139007967076,0.0024285644219399624,28.546515830867925,0.05600497055452445,0.0001552425373425482,3.0002219390783544,-2.5800886465049415e-06,0.000880269469086592,8.894223966452307e-06,1.4419747123911628,-1.008664450069248,30.05884457420729,0.41355226935935163,-0.3044260172870781,3.1161904835262653,0.002851120268134339,0.0027773037850091775,-0.010430522730929832,25.032984468627824,121.5654171854945,40.7181268313198,1,100974.92795200986,0.0389859311302969,0.008524570091864012,9.838978550741391,-0.0070184744176487665,-0.0021801418859472613,-0.004969918087319429
23.3,0.6379978359445558,0.0024449274964016996,28.846527249712125,0.055988641744610955,0.00013720651252119444,3.0001127150413693,-9.596087217416536e-06,0.0008463680205470503,8.930897054357624e-06,1.4836496800430634,-1.0397033543713563,30.388145808731508,0.4192568138297218,-0.3125473244607983,3.121248675893072,0.0028824495143918586,0.0027156450199892213,-0.010524664303284702,25.032984468627824,121.5654171854945,40.7181268313198,1,100978.37702465539,0.08526967576642015,0.04466239164078918,9.751330243950417,-0.005195666343822348,-0.0013747329004029155,-0.004521319113222846
23.400000000000002,0.64384313668338,0.0024619778880426027,29.1465271847708,0.05587991153117927,0.00012978873830313866,2.9999938675806264,-1.5225579047736213e-05,0.0008360149611013057,8.963814065246476e-06,1.5258029141966807,-1.071323878533395,30.700394837680083,0.4241102711524127,-0.320792207249026,3.123893383825924,0.0029457182042006143,0.0026401199905123907,-0.010613275435619173,25.032984468627824,121.5654171854945,40.7181268313198,1,100985.07388664407,0.08799264560626777,-0.0672018866665349,9.834242804521928,-0.008043513172749733,-0.001926605739762199,-0.004818380530368716
23.5,0.6496740730046683,0.0024802748863884763,29.446515650636687,0.05570339956324797,0.0001333139331862609,2.9998852935699807,-1.8739006464448102e-05,0.0008490819251345538,8.993508753447453e-06,1.5682483643042748,-1.1030226732245296,30.950987104461344,0.4280705866244314,-0.32867994572806436,3.1127319717754696,0.002948143868531701,0.0026579089504097375,-0.010722233858679986,25.032984468627824,121.5654171854945,40.7181268313198,1,100975.45667174377,0.023480626488203864,0.009514453838296529,9.828552562921288,-0.009298027050148048,-0.0011450860136555442,-0.0051718715379274124
23.6,0.6554921889738674,0.0025001543464736676,29.7464945468878,0.055492896045728726,0.00014649825169898544,2.9998043324172796,-1.976994120553708e-05,0.0008816196387668729,9.019645075855338e-06,1.6112961988703927,-1.1362755471975634,31.262332198957772,0.43308404140300016,-0.3359891781493892,3.1148131019838656,0.0029399621493347823,0.002632386498534256,-0.010811661629940052,25.032984468627824,121.5654171854945,40.7181268313198,1,100935.91031741256,0.04684252017588025,0.02058904318688625,9.861527233314831,-0.00641418854162396,0.0002321604131088888,-0.004853320431454203
23.700000000000003,0.6613009762909867,0.0025216964602954284,30.046467131069143,0.05528486475205374,0.00016672117437466113,2.9997618807821786,-1.834062220074287e-05,0.0009269089910737272,9.04369291755178e-06,1.65511541245101,-1.1716260855904879,31.670871233236515,0.4380671100165291,-0.3439167466671305,3.13690956097973,0.0029261781673538597,0.0027134309192278216,-0.010898269402077795,25.032984468627824,121.5654171854945,40.7181268313198,1,100960.951557027,-0.021560002582369148,-0.03371129797802382,9.800667953443618,-0.007506245471163828,0.0004326869747754941,-0.0046440932017775185
23.8,0.6671051612863792,0.0025447317728899636,30.346437438525506,0.05511273676787763,0.0001904969266873292,2.999759441198699,-1.4845404460218133e-05,0.0009766569386913115,9.067855304533388e-06,1.699199665765387,-1.2062793527731492,31.984561075133477,0.44401511345889005,-0.3504241402403305,3.1366088082640866,0.003044419779765905,0.002789663830603306,-0.010989896626712025,25.032984468627824,121.5654171854945,40.7181268313198,1,100954.64571168198,0.03055420960630246,-0.044054512862826904,9.74444779759041,-0.0036822598995764964,-0.0005352650280385145,-0.004667760076493977
23.900000000000002,0.6729098469057936,0.0025688837679533286,30.646409585640217,0.05500159541928855,0.0002141073093904994,2.9997973804640097,-9.934221443356545e-06,0.0010224312494866439,9.094205688784173e-06,1.7438814269011813,-1.2419901048761723,32.31847296959626,0.4491168451438116,-0.358757520795196,3.14224875188998,0.00306796360314266,0.0027932676174031723,-0.011093429695482035,25.032984468627824,121.5654171854945,40.7181268313198,1,100943.51376077086,0.03476292893965348,-0.0059358519283137165,9.831968866127802,-0.00746019690390831,-0.0017292060423389924,-0.004023688820331808
24.0,0.6787196566871538,0.0025936391037226464,30.946387004250987,0.05496441507168812,0.00023406457131091516,2.999865979044776,-4.438912287059771e-06,0.0010572246139728403,9.124560417767329e-06,1.7890293041437728,-1.2781951122475825,32.63285766677248,0.4537490210327723,-0.36517140216770666,3.1449247002451353,0.0032193399884970454,0.0028177632822186105,-0.011192103842093955,25.032984468627824,121.5654171854945,40.7181268313198,1,100973.5549449949,0.028007070013854204,0.01374312112811236,9.840454465675172,-0.006690001003700517,-0.0020441455350563398,-0.004054273501711014
24.1,0.684538032118689,0.002618432968529351,31.24637203994514,0.05500154875567337,0.0002476946065621883,2.9999494441702583,7.820366715213437e-07,0.0010762779461575,9.16008812646198e-06,1.6352867773717845,-0.6812655398140547,32.90667473297484,0.40618170155525024,-0.20608841341357512,3.1383395791244375,0.0005827643358104883,0.0019498849842460864,-0.011400086232406464,25.03300373802938,121.56541245161283,47.674746036140775,1,100955.35689294788,0.07285202623719926,-0.024659018260907245,9.78589729901399,-0.0029215465400481413,-0.001965999442982873,-0.004386790293256566
24.200000000000003,0.6903667676990323,0.0026427360663720876,31.546365637989034,0.055101260389224284,0.00025348557393762596,3.000035330409251,4.995744577840935e-06,0.0010777223616769138,9.201253885316652e-06,1.6761572890770213,-0.7020673830877885,33.220598687512684,0.4107759374289374,-0.21128626693931318,3.1408028431966106,0.0005766707071318284,0.0019510605241317425,-0.011468451467903946,25.03300373802938,121.56541245161283,47.674746036140775,1,100958.16462549532,0.015982227514134972,-0.029289443197472682,9.820618189222321,-0.005719592426791854,-0.0002483453873185803,-0.004316016678286621
24.3,0.6962058494175394,0.00266612873414362,31.84636727796119,0.055242572079845065,0.00025111906135841814,3.0001087542863885,7.648556244741018e-06,0.001062717969877447,9.245726894102141e-06,1.7171981109137173,-0.7226719602037965,33.4606250962086,0.41242014742521343,-0.21696137540093247,3.1280894224063296,0.0006103361220302604,0.0019557210907132916,-0.011544290359368464,25.03300373802938,121.56541245161283,47.674746036140775,1,100937.48903479839,0.05674424807179947,-0.058850025845648905,9.79264285194487,-0.007636278820705365,-0.001601772876508606,-0.00386930365979365
24.400000000000002,0.7020535970698798,0.002688355962587923,32.1463752248688,0.05539962717098908,0.0002415455210084217,3.000159269450513,8.462685703604923e-06,0.001034908624346631,9.291584554920268e-06,1.7587362465231509,-0.7445763013205422,33.77347347920032,0.41764925289688704,-0.221832721255023,3.1291045936698723,0.0005952261197556151,0.0019725062788229497,-0.011616089891525651,25.03300373802938,121.56541245161283,47.674746036140775,1,100972.50554434878,0.03682477071904613,-0.03765745826382184,9.828073797974538,-0.0036372621028355127,0.001929175976101386,-0.0035745682773375455
24.5,0.7079070630097101,0.0027093528189418114,32.44638682117209,0.05554578099556643,0.00022670945082638207,3.0001815224471544,7.457963829777339e-06,0.0009997906650767163,9.337436868189623e-06,1.8004605528277886,-0.7651383883170307,33.90920999891824,0.4219661806657106,-0.22588850624544252,3.0980748964163705,0.0006240135793683021,0.0019521227577019573,-0.011690549862999777,25.03300373802938,121.56541245161283,47.674746036140775,1,100950.77049259444,0.02158142323952092,-0.020111659390296528,9.847203084025908,-0.004343151576959161,-1.6771026424920363e-05,-0.004289059928324819
24.6,0.7137626081716476,0.002729239788332583,32.74639901769698,0.05565832962146472,0.00020917074245735564,3.0001714797352186,4.913446331654343e-06,0.0009636228484379838,9.382370317430057e-06,1.8428268845741762,-0.7880582151273113,34.21907917290947,0.42560209720174164,-0.23186194608495575,3.099868534615474,0.0006198709653405564,0.0018976968843797959,-0.011776142652849098,25.03300373802938,121.56541245161283,47.674746036140775,1,100937.50697035748,0.05331096974137283,-0.07675340918951126,9.796873672550566,-0.003765773003484489,-0.004534408880150013,-0.003822768666026685
24.700000000000003,0.7196165404895669,0.002748291056819229,33.046408951581014,0.05572187253667933,0.00019172174603809117,3.0001347807255008,1.323834300117266e-06,0.0009322463658001379,9.425438848332936e-06,1.8855916496675535,-0.8111491448105942,34.4929441771682,0.4297506049778254,-0.23683331463592028,3.0942207304182308,0.0006788824050658294,0.0018636231576114604,-0.011847446644855382,25.03300373802938,121.56541245161283,47.674746036140775,1,100914.86865803949,0.036386506890955655,-0.018097486162913488,9.802210522621783,-0.0040597068457582115,-0.0010693014156615234,-0.0036367430231701386
24.8,0.7254657107113938,0.0027668829141324026,33.34641429586255,0.055729842731606485,0.00017689868187654922,3.000080063885253,-2.7094743299992634e-06,0.0009103747815419894,9.466091812550874e-06,1.92879392420315,-0.8350696595027146,34.80233697546497,0.43463410717213075,-0.24150970060315685,3.0938580901778283,0.0006703869646660582,0.0019446663367372885,-0.011919596461202678,25.03300373802938,121.56541245161283,47.674746036140775,1,100933.29104530344,0.03916354017237706,-0.03353541431067203,9.834536050205292,-0.006286772495109032,-9.368190804975906e-05,-0.004052959789690967
24.900000000000002,0.7313079803582456,0.002785430964600938,33.64641364827993,0.055685243539584726,0.00016667975839584098,3.0000162130459005,-6.5648478582084014e-06,0.0009008118425863909,9.504412389831987e-06,1.9723771022444005,-0.8590237141740088,35.06418649864624,0.4374380016015961,-0.24678363945494572,3.087755053083791,0.000695535018580642,0.0020244781913036913,-0.012006020146769748,25.03300373802938,121.56541245161283,47.674746036140775,1,100921.74334960089,0.04284331237226249,-0.004763368756056336,9.808105720939977,-0.00277812337425741,0.00037695586696986656,-0.0037934613481938016
25.0,0.7371424886953837,0.002804326176734349,33.946406691349075,0.05559932682025779,0.00016223571916103833,2.9999548773794444,-9.681991474763361e-06,0.0009041465265713367,9.540940039031036e-06,2.016338937077608,-0.8838723909019298,35.3729413086786,0.4418851169390732,-0.25065830145542156,3.0877884894326617,0.0006778312905549371,0.002017907063105895,-0.012097035096983216,25.03300373802938,121.56541245161283,47.674746036140775,1,100917.7429519591,0.05256026653158568,0.03652631844521058,9.822374590605182,-0.006782620977355504,-0.0005823914452016094,-0.0044485483909827055
25.1,0.7429696934383945,0.0028238784146157217,34.24639415676523,0.05548914674202373,0.00016376584433525136,2.9999057174630104,-1.1663567173008576e-05,0.0009188441851937235,9.575129496259745e-06,0.7832608268461232,-0.7550131860880188,35.658514928894036,0.09479642762555393,-0.2129836656336268,3.0861044510652866,4.432424237750098e-05,-0.003960673769608736,-0.0123265787724888,25.03299551654556,121.56538815191323,44.6996915690154,1,100916.41649582858,0.017867745719345005,-0.05502004950276623,9.816462980510384,-0.007811711349120797,-0.0014617941605837167,-0.0037428908883534147
25.200000000000003,0.7487911948665559,0.002844278080482486,34.546377619054006,0.05537435637313974,0.0001706004238301498,2.9998758231084626,-1.2303794155022455e-05,0.0009416526268795078,9.607207065766682e-06,0.7926323456733197,-0.7767367992406624,35.96736281333393,0.09305593723902494,-0.22012202137421955,3.0895620810608624,6.303808800334817e-05,-0.0039494086587967825,-0.012400436736599466,25.03299551654556,121.56538815191323,44.6996915690154,1,100926.5784113371,-0.0077121530956549,0.0028180198806397813,9.774114356428257,-0.0016314678545420146,-0.0012662701845581415,-0.00422302789034711
25.3,0.7546093894139096,0.0028655773582077614,34.84635916766506,0.05527381184537898,0.0001813268855753429,2.999868153452745,-1.1614810905180051e-05,0.0009682733738254345,9.638152829480098e-06,0.8019177269526608,-0.7992469704387025,36.31449208159807,0.0927319410345125,-0.22543843052510734,3.100456092398112,0.00014568805562482304,-0.0038979582610132457,-0.012478402778324259,25.03299551654556,121.56538815191323,44.6996915690154,1,100911.19585983778,0.015373763944193493,-0.09626648172597155,9.83479258051907,-0.006666982774612322,-0.0019012495226935688,-0.0036477417746407915
25.400000000000002,0.7604270217616886,0.0028876929704913443,35.146341046875214,0.055202669460734,0.0001940873227862689,2.999882383978522,-9.797701254967787e-06,0.0009941039965257747,9.669148363731338e-06,0.8110878122714911,-0.8221097679129309,36.624585280353294,0.09106559640698117,-0.23143088701784995,3.100625097998918,0.0001281021053428505,-0.003906962346694298,-0.012562271290378514,25.03299551654556,121.56538815191323,44.6996915690154,1,100899.13783314229,0.0701261756474243,-0.0012612723143283384,9.77052380184014,-0.004782405330965841,-0.0005536229082967344,-0.004548707655168315
25.5,0.7662467135957907,0.0029104286740619482,35.44632526706658,0.05517008407975656,0.00020685752136448518,2.9999151193896267,-7.202758921538372e-06,0.0010150352148681208,9.701226889693801e-06,0.8200202786900969,-0.8456281543997322,36.960884015380024,0.08758576524467775,-0.23629586763211047,3.107757509923717,0.00016798635721356273,-0.003924324210710317,-0.012640578331057686,25.03299551654556,121.56538815191323,44.6996915690154,1,100907.341624179,-0.019836218919107224,0.019455862347277694,9.803666913667795,-0.007338560577850352,-0.0008292069027608091,-0.004383928912412603
25.6,0.772070548418581,0.00293351279386417,35.74631328986475,0.05517828923333695,0.00021775563698447144,2.999958473049231,-4.276753793588149e-06,0.001028093714665168,9.735349751568077e-06,0.8285886130925169,-0.8694816612762305,37.2717717592717,0.08361446192011208,-0.24217314341290577,3.1103973055416043,0.0002065010722676489,-0.0039017930615303786,-0.012701550694405688,25.03299551654556,121.56538815191323,44.6996915690154,1,100914.91028041817,0.042002142877630766,-0.05021416915709591,9.801394341285457,-0.0053543035062143494,-0.002113404463949226,-0.004042005640304425
25.700000000000003,0.7778997827538329,0.002956644057836149,36.04630586649467,0.05522283551019671,0.00022534957604011813,3.0000052682135863,-1.4693469873823404e-06,0.0010317733645657245,9.772543109029799e-06,0.836913927721608,-0.8939474961298467,37.55774263380447,0.08164341569859082,-0.24904370204209075,3.107111042149769,0.0002547648300622041,-0.003912539369136825,-0.012771381363330796,25.03299551654556,121.56538815191323,44.6996915690154,1,100884.6722878753,0.02539244539277692,-0.027258025928860563,9.780346714227859,-0.004861230657130267,-0.0013592493768051469,-0.004498011608125889
25.8,0.7837347055460844,0.002979537377853346,36.346302945491104,0.05529366946192578,0.00022877958243068384,3.0000477610530902,8.21145777243378e-07,0.0010262270811969287,9.812544009151625e-06,0.8449841373136461,-0.9190175798517707,37.86857683786363,0.07974172254005911,-0.2534779537587541,3.1102301298405695,0.00024339148397284436,-0.003958269547714277,-0.012857092975007992,25.03299551654556,121.56538815191323,44.6996915690154,1,100889.10496311745,-0.0222278250100843,-0.019096120706466994,9.804434526659843,-0.008822030068077781,0.00010835306486144081,-0.005410745571434831
25.900000000000002,0.7895746668117742,0.0030019642942017144,36.646303777429516,0.05537741263839628,0.00022785002401001843,3.0000791539103857,2.292321260226259e-06,0.0010130423524379317,9.854196171087684e-06,0.8526943930376085,-0.9448508799402922,38.23346596247446,0.07607660045240121,-0.25962029663058517,3.121948057702234,0.00021497671683011997,-0.0039880023445271195,-0.01292906733238561,25.03299551654556,121.56538815191323,44.6996915690154,1,100875.405398427,0.017840572283462895,-0.00902204879792124,9.820417190165935,-0.005220126575596789,-0.00043790636014276593,-0.0045519303887783785
26.0,0.7954182545728279,0.0030237826455976895,36.946307052016685,0.05545954093899101,0.00022305748603052255,3.0000961729600832,2.7985792820943936e-06,0.0009949378824458677,9.896731124499645e-06,0.8602017926007309,-0.9710503283655236,38.54584863342351,0.07422262866901669,-0.2647508255432696,3.125269893960087,0.0001775552640775318,-0.003960616169176534,-0.012980757086348693,25.03299551654556,121.56538815191323,44.6996915690154,1,100879.9007004088,-0.0011337713175317218,-0.0474193213129305,9.862516335944553,-0.005312253872339171,-0.0005072049033163933,-0.004410361922798851
26.1,0.8012635848100735,0.003044950360813512,37.24631115121904,0.05552691492293969,0.00021539523014032846,3.0000959694901264,2.3402452407070153e-06,0.0009752411251406912,9.939506452280659e-06,1.752093934511933,-2.234537112078706,38.89886028213828,0.32110946053962647,-0.6184814126691281,3.134840175947745,0.0060982389537779895,0.00030814925501609913,-0.01249568073833333,25.032964473444284,121.56542953253897,50.62075872571339,1,100879.66301338622,0.002964798813846911,-0.06862054270792689,9.772104481785044,-0.004063021119844379,-0.001867872153919091,-0.004176280460299806
26.200000000000003,0.8071086372130585,0.0030655235911911547,37.54631448404883,0.055569925228425646,0.00020621490452762292,3.0000799140743246,1.0612147231331335e-06,0.0009572045318275713,9.981822418763975e-06,1.7842725698370125,-2.29681229110243,39.21254663720088,0.3229142363309427,-0.6271653519579177,3.1402554842179113,0.0061217590159725185,0.0003006565542287287,-0.012558799449460867,25.032964473444284,121.56542953253897,50.62075872571339,1,100869.74797301929,-0.014498804233393087,-0.07006600226451652,9.916468299150225,-0.006843904480175816,-0.0011041481229230388,-0.004278560486628648
26.3,0.8129515908680531,0.003085640812616461,37.846315679688,0.055583470124634604,0.00019697854178025485,3.0000530725813475,-7.843586942347466e-07,0.0009436116143437534,1.0023217525566206e-05,1.816598677636413,-2.3600858709125108,39.522840877334765,0.3243001888193622,-0.6364554283648687,3.142188831650575,0.0061217466797364815,0.0003449367701067185,-0.012640702494188761,25.032964473444284,121.56542953253897,50.62075872571339,1,100858.45502844716,0.06741135589301982,0.05517025483997711,9.797964395395507,-0.005997720803597237,-0.0027901742230171133,-0.004696014342722136
26.400000000000002,0.8187911037192477,0.0031054960712901367,38.14631380829263,0.05556760068168529,0.00018902539108519147,3.000019485195357,-2.8872131280406972e-06,0.0009363320620281446,1.0063530820189983e-05,1.8491392390560661,-2.424186816688615,39.837183002282416,0.3260395641826987,-0.6455988024358951,3.1434331593934286,0.006165996722692768,0.00039736477651630686,-0.01270466834066174,25.032964473444284,121.56542953253897,50.62075872571339,1,100855.85029851849,0.0018451684997647308,-0.02167612842839627,9.769297844561653,-0.005074350392655089,-0.0017426345025541973,-0.004329863893133591
26.5,0.8246264921772593,0.0031253062442391493,38.44630852328867,0.055527185722002825,0.0001834328623199442,2.9999852914976235,-4.9143363807051955e-06,0.0009360396579642938,1.0102874388753652e-05,1.8818595315426758,-2.4892013869778284,40.13769162340101,0.32805751247067805,-0.6549893561078156,3.14297324715301,0.006261487970815317,0.00037356147256728534,-0.012749417386996566,25.032964473444284,121.56542953253897,50.62075872571339,1,100866.60737920174,0.044068700554086154,-0.0900454658163886,9.863629364058568,-0.004466835895560333,-0.0006625083876922091,-0.0038473117059337433
26.6,0.8304577907085524,0.0031452770094074034,38.74630004974456,0.05547060992240099,0.00018081926171769166,2.999956327007627,-6.575730644078555e-06,0.0009422500646607546,1.0140908787540804e-05,1.9147511296715807,-2.5552908241775723,40.452120042505335,0.3299782799047147,-0.6669151904127291,3.1466310222679263,0.006264001752391481,0.0004484538538627181,-0.012825782600488476,25.032964473444284,121.56542953253897,50.62075872571339,1,100861.97636697604,0.001187973297044502,-0.11217237069483671,9.772246008016248,-0.0047377942653583065,0.0016101512792061042,-0.004150570926589842
26.700000000000003,0.8362856909751408,0.0031655740719373155,39.04628911645428,0.05540827145825793,0.00018132021410014804,2.9999364916021887,-7.661375413174822e-06,0.0009534547860334808,1.0177470416171443e-05,1.9479406247525104,-2.622658690780362,40.7192871490018,0.3319033069580477,-0.6786333324850702,3.139722536433475,0.0063121142618627465,0.0005287607794510762,-0.012873693138562455,25.032964473444284,121.56542953253897,50.62075872571339,1,100868.75320413423,0.044235639178761,-0.1078823265051913,9.817726050805376,-0.006164693686731991,0.0005247614619624741,-0.003670110921610329
26.8,0.8421113793685554,0.0031863024631430723,39.34627679079749,0.055350672288914646,0.0001846127596216998,2.9999287818480163,-8.059999404956374e-06,0.0009674559550492123,1.0212865602784684e-05,1.9812196755836573,-2.691117545277387,41.03339229113327,0.3327595331080502,-0.6900119674015007,3.143341398448559,0.00639176373508836,0.0006119639764232687,-0.01289057704609986,25.032964473444284,121.56542953253897,50.62075872571339,1,100842.83355284548,-0.02106081272220553,0.03589601703724821,9.835799597077552,-0.006397900130896948,0.0013488239247732721,-0.0040254103157797965
26.900000000000002,0.8479363073967053,0.0032074960922131137,39.6462642736435,0.055306716218523,0.00018999222176233418,2.999933140716832,-7.769804100486743e-06,0.0009817881941118767,1.0247644146241831e-05,2.0144959757147984,-2.760615936888177,41.362488524808875,0.33359660576785005,-0.7013191178857235,3.149455087016518,0.006364645329920114,0.0005611827862497254,-0.012901414625615809,25.032964473444284,121.56542953253897,50.62075872571339,1,100856.56015841091,-0.0056409654938534975,-0.05151750622957717,9.821006881586793,-0.005970458731139382,-0.0011209493629780307,-0.003846543019627895
27.0,0.8537619371165523,0.0032291185795810264,39.94625271036807,0.05528246087773252,0.00019651029715951865,2.9999478885608544,-6.887608607806489e-06,0.0009941077012283195,1.028243213583682e-05,2.047896273767231,-2.8313363331497308,41.67752980871986,0.33493547503823323,-0.7131881277792549,3.151443616289697,0.006348636531665877,0.0006418273489148252,-0.012946271538301735,25.032964473444284,121.56542953253897,50.62075872571339,1,100845.8062112475,0.03422259495570583,0.0022308356190512586,9.863691982432263,-0.005480919897573407,0.0004102101541014855,-0.003666540676628131
27.1,0.8595895040428386,0.003251074254527823,40.24624300226321,0.05528028687391919,0.00020311993650352938,2.999970070351074,-5.591832298137827e-06,0.0010025779592122142,1.031775409700781e-05,1.4991802612035554,-1.5091122869388542,42.00286612488517,0.1335488742884137,-0.23989511679622302,3.157019412544942,-0.003017528999157964,-0.003401087315061835,-0.01406806756411456,25.032993333210275,121.56541185711389,53.17067549159108,1,100859.21768370044,-0.03504753817668791,0.00041537898835693546,9.797970567381201,-0.004709143342860484,-0.0004976195297823615,-0.004615723916153194
27.200000000000003,0.865419831671971,0.003273226986852433,40.54623567800331,0.055298810730876335,0.00020885564548473733,2.9999952202161086,-4.106003525865558e-06,0.0010061314863301085,1.035407505347039e-05,1.5123425349044588,-1.5332641994892302,42.318717728595445,0.13003058254823324,-0.24243056341702118,3.1597230557836444,-0.003027794774183347,-0.003377625607237311,-0.014096012838474482,25.032993333210275,121.56541185711389,53.17067549159108,1,100830.32756820689,-0.03284554810161605,-0.04000845671198284,9.812918601471578,-0.005165891822225091,-0.0002533892517944167,-0.004614015812072385
27.3,0.8712532359728679,0.003295423538138211,40.846230833953,0.055333412948953054,0.00021296293211545838,3.000019295058889,-2.658263792571315e-06,0.0010045937938438776,1.0392048049118312e-05,1.525217315165533,-1.5576186457549672,42.6282456398577,0.1274907672227371,-0.244378849566043,3.1610470228349876,-0.0030478730868851384,-0.00341674527670488,-0.014108682811654259,25.032993333210275,121.56541185711389,53.17067549159108,1,100822.9826158752,-0.015608308324170012,-0.07656128847257776,9.816558925504403,-0.006202239219892334,-0.0005626319262824811,-0.0041400357222667605
27.400000000000002,0.877089513602481,0.003317516590354272,41.14622817203121,0.055377291439384316,0.00021496752262819223,3.0000382729913344,-1.4591746061231102e-06,0.0009986048574024409,1.0431317940640279e-05,1.537834035308972,-1.5821814966922598,42.94440199474487,0.12548106658592564,-0.24584232657463748,3.1617977721507122,-0.003074128699891,-0.003406789306087843,-0.014145800795746082,25.032993333210275,121.56541185711389,53.17067549159108,1,100822.82873698816,0.019887833451357455,0.020598109168240168,9.824356403488279,-0.004625522898231235,-0.0015251356313580708,-0.003775907826223406
27.5,0.8829280172048428,0.003339386159606958,41.446227063209804,0.05542268465082688,0.0002147588532078349,3.000050031914021,-6.608011506369025e-07,0.000989474979821603,1.0471578196464596e-05,1.5503616440184727,-1.6067886053897005,43.26505796294531,0.1250395610953884,-0.24742709551580755,3.165488906300197,-0.0030900890385849094,-0.003523145478468326,-0.014208428185876677,25.032993333210275,121.56541185711389,53.17067549159108,1,100823.3550289395,0.0423374992341685,0.02345042565488733,9.778836502805493,-0.003520366699441232,-0.004022729399580669,-0.004490313687438873
27.6,0.888767790172551,0.003360954606663204,41.746226678820626,0.055462147514206715,0.00021255205295819812,3.0000528097253776,-3.446294156659853e-07,0.000978912725625447,1.0512318016015265e-05,1.5627753341641792,-1.6315606357632666,43.58168851256105,0.12395463351951656,-0.24831506963231445,3.167400257932445,-0.0030713082370089594,-0.0035807940188274934,-0.014256944352477322,25.032993333210275,121.56541185711389,53.17067549159108,1,100805.49841282901,0.029889390309391882,0.028872055383272546,9.798686113240027,-0.006210068457308997,0.0008704853100506213,-0.00391637269791286
27.700000000000003,0.8946077435462678,0.003382194487119763,42.04622613689878,0.05548980721093105,0.00020882976591501398,3.0000465130461924,-5.178769968142508e-07,0.0009687242070282043,1.0553198283362528e-05,1.5751327045086396,-1.6564854628811385,43.8858875058758,0.12252817108268772,-0.2503972196120032,3.1688457340229834,-0.0030318396907133283,-0.0036428404220436583,-0.014318145860369037,25.032993333210275,121.56541185711389,53.17067549159108,1,100805.70900349572,0.05794678401082748,-0.055204450175614525,9.817611871700471,-0.006521315729234487,0.0004359994101540292,-0.004246013305125221
27.8,0.9004468432063203,0.003403128231929319,42.346224647615806,0.05550211523886084,0.00020426552738443769,3.0000336072762783,-1.111829415908679e-06,0.0009605166329900161,1.0593910147639726e-05,1.5872470054247239,-1.6817202430424458,44.20279786246068,0.11916214696636056,-0.2537450475599377,3.168523398970539,-0.0030178048443127263,-0.00358910823674341,-0.014358199582180927,25.032993333210275,121.56541185711389,53.17067549159108,1,100810.56822950304,0.020198754842705113,-0.047082137700318175,9.73787309319844,-0.00504145282151152,-0.0005817619749131171,-0.004082298590228501
27.900000000000002,0.906284272374015,0.003423820690973437,42.64622162364695,0.055498232588277685,0.00019958323028845945,3.0000162910071824,-2.006909097846051e-06,0.0009554754603400273,1.0634238858303128e-05,1.5991251531998751,-1.7071970346546006,44.51419952987971,0.11729980452587005,-0.2553127362522572,3.169021708329033,-0.0030558264415286064,-0.003526074295299386,-0.014379223187649164,25.032993333210275,121.56541185711389,53.17067549159108,1,100821.79322524802,0.03007205230995851,0.025179425532783597,9.798244682461005,-0.009918369930414794,-0.0013506516720099193,-0.003364073513243071
28.0,0.9121195466991752,0.003444366226267759,42.946216780541526,0.05548005992079198,0.00019547587496862345,2.999997517912005,-3.0475036334793076e-06,0.000954163416470255,1.067416373891274e-05,1.6106903442337228,-1.7327631262408139,44.831212496147764,0.11380571253536165,-0.25594657598987286,3.172316572937521,-0.003020477988258952,-0.003564114111965999,-0.0144052824390518,25.032993333210275,121.56541185711389,53.17067549159108,1,100803.2205266669,-0.04084724195257865,-0.015280585594063657,9.81944127349073,-0.009387171588873916,-0.0014850746944596823,-0.0028683724601351363
28.1,0.917952566804812,0.0034648723041174963,43.24621014715053,0.05545161766444329,0.00019249180231969664,2.999980792730237,-4.0679776088492555e-06,0.000956506289451875,1.0713518777292717e-05,0.6333056027909288,-2.229952177847579,45.09868752909144,-0.13483401193860475,-0.3732707590847835,3.1659155000826695,-0.0012069429622191272,-0.00733869464045811,-0.0147491245682232,25.032971984616047,121.56538747889594,53.13252036390889,1,100806.21710170976,0.03041566594471632,0.02320202731763534,9.819255018624263,-0.0048941169341824966,-0.0001798536818877998,-0.0035441988413093925
28.200000000000003,0.923783604712149,0.003485442827123019,43.54620204029802,0.055418290888575694,0.00019095833442337237,2.999968285314268,-4.924935424225311e-06,0.0009618458740701108,1.0752073237882404e-05,0.6195383384236981,-2.26749086937562,45.415430483681405,-0.1410219608712299,-0.3779139437516187,3.1687205074129996,-0.001123935635057062,-0.0073758170446118765,-0.01476855574630695,25.032971984616047,121.56538747889594,53.13252036390889,1,100788.28716566248,0.03406520962398039,-0.08041422410577127,9.824741816756138,-0.005724679779330413,-0.0003416428639875387,-0.0039433773723951595
28.3,0.9296132312512264,0.0035061636267898397,43.84619299437276,0.05538585113216674,0.00019097378557747012,2.9999620720352813,-5.509434367289762e-06,0.0009690806707596256,1.0789834889008001e-05,0.605212855491822,-2.305605220011401,45.69603088048367,-0.14670921431350084,-0.3807688682247283,3.162821571393029,-0.0011972585986594073,-0.007374295098624861,-0.014811240077521961,25.032971984616047,121.56538747889594,53.13252036390889,1,100790.93376804583,0.06984302472516928,-0.012765890877600784,9.761231720641696,-0.007751058189571981,-0.002257358682385845,-0.004146473028962625
28.400000000000002,0.9354422008325478,0.0035270916116690466,44.14618364382777,0.055359432293101016,0.0001924057043833683,2.999962623693346,-5.759674333450394e-06,0.0009769068495490973,1.0826990859362903e-05,0.5902994239607843,-2.3438366792209986,46.0123742068723,-0.15163063481837938,-0.3836599714106155,3.164325620007144,-0.0013534084320195828,-0.007377019656708894,-0.014833190154783907,25.032971984616047,121.56538747889594,53.13252036390889,1,100793.04666620772,0.03303485027032132,0.019058518505561707,9.816436135841943,-0.006544629033695199,-0.0011092877679349242,-0.0036320599884743527
28.5,0.9412713156212695,0.003548249034600501,44.44617462781556,0.055342846604069504,0.00019492524276190393,2.9999688919364793,-5.668690548941874e-06,0.0009840150663424918,1.086382277711222e-05,0.5749788163454117,-2.3830153837707133,46.22386681633095,-0.15872090795702362,-0.3889817685478224,3.1478196646440946,-0.0012001364371499838,-0.007456418351319938,-0.01484197817758956,25.032971984616047,121.56538747889594,53.13252036390889,1,100781.31127552319,-0.014916250815324224,-0.003284677535848858,9.80863214922665,-0.006073256517911718,-0.0022511513723844517,-0.0038463281181330953
28.6,0.9471012924221323,0.0035696232848823005,44.74616648450404,0.0553380225887,0.00019807563301569323,2.9999798110463223,-5.279167584206879e-06,0.000989307136084916,1.09006395600198e-05,0.5588005630866417,-2.422033697139269,46.5387884557799,-0.16484709299636363,-0.3913895529324722,3.15131329033198,-0.0011572114855992821,-0.00750979445425437,-0.014884753995775393,25.032971984616047,121.56538747889594,53.13252036390889,1,100775.30013947208,0.05998570587256534,-0.033183887338648174,9.85010578808251,-0.003530306276355314,8.518861576280634e-05,-0.003973664686277337
28.700000000000003,0.9529326535885516,0.0035911717411876817,45.04615956302018,0.05534481246486726,0.00020134773209316788,2.9999932196898964,-4.673904381998711e-06,0.0009920752081917783,1.0937738084965732e-05,0.5420303642883615,-2.4612261848479244,46.87378261938933,-0.16979230512419613,-0.393812560377673,3.1572346982335993,-0.0010685869000355433,-0.0074580125358110205,-0.01494209257975065,25.032971984616047,121.56538747889594,53.13252036390889,1,100778.6173344167,0.034523137922381424,0.006071770491894541,9.733788054508917,-0.004204619867607608,0.0002901785746500982,-0.003213653558632118
28.8,0.9587656578302947,0.003612830606477899,45.346153990827574,0.055361224173024956,0.00020426212413640027,3.000006641403954,-3.9585372954365444e-06,0.0009920691219311717,1.097549661181845e-05,0.5246978177841417,-2.500756684852631,47.18958934462508,-0.1766447924673872,-0.39720253506725667,3.1595134986730837,-0.0009941943803524677,-0.007423477385615884,-0.014950603249250148,25.032971984616047,121.56538747889594,53.13252036390889,1,100760.39946135678,0.07935690301488774,-0.022361311500105042,9.814996805893726,-0.0042250705527625675,-0.002627471440284204,-0.0038068057036820652
28.900000000000002,0.9646002790163106,0.003634525733811964,45.646149671155655,0.05538387136800582,0.00020643080614630234,3.000018021132116,-3.2450546111807393e-06,0.0009895027585349325,1.1013955205670152e-05,0.5067027650099308,-2.5402228116643277,47.548718488452465,-0.1818246097439659,-0.3993916945562782,3.1697562740685106,-0.0009539576829786919,-0.007372925535544139,-0.015000958428732322,25.032971984616047,121.56538747889594,53.13252036390889,1,100762.07412822409,0.0002465220735412624,0.0007790323359264557,9.787711854580678,-0.005759311229152658,0.0015102314826741204,-0.003304681866374175
29.000000000000004,0.9704362323298961,0.003656184226949917,45.9461463129311,0.055408625683186594,0.00020760721426342195,3.000025645489807,-2.6361400038553834e-06,0.0009849860640909203,1.1052965084604243e-05,0.48817683558575997,-2.5803393521009466,47.865773094084055,-0.189361787587998,-0.40280706980952946,3.171524886311663,-0.0008487433095037411,-0.007326198995970978,-0.015024947631901257,25.032971984616047,121.56538747889594,53.13252036390889,1,100764.15439426231,0.009499501296461405,0.028623463486829908,9.816960382022557,-0.003500596244978553,-0.0013675375963121887,-0.003472990701765706
29.1,0.9762730400417113,0.0036777449190803727,46.24614349065154,0.055431328918819946,0.00020771099388906082,3.0000286118571755,-2.2093417208303548e-06,0.0009793983841104303,1.1092398653620462e-05,0.10070652977474732,-1.7720352691515304,48.16740140965264,-0.2931410290138834,-0.17748481741082203,3.172662477746405,-0.004570888049901992,-0.00900607008359633,-0.01547970987386178,25.032997293936614,121.56539503332638,58.01971963364957,1,100773.2052287818,0.04757910142230424,0.015591698611670705,9.75384668322335,-0.00348472833593735,-0.001083430628059671,-0.0024662186011166643
29.200000000000003,0.9821101234159711,0.0036991660699216317,46.54614072438875,0.05544847848203438,0.00020681918055527257,3.000026649239532,-2.010592732732997e-06,0.0009737242654721534,1.1132109971047918e-05,0.07097529543577194,-1.7897863486038974,48.484763428156626,-0.3011589509363213,-0.17823876014213652,3.1754026319056297,-0.004501088003531085,-0.008986064757426027,-0.01549297589967625,25.032997293936614,121.56539503332638,58.01971963364957,1,100757.8694493893,0.016121436998912383,-0.01732969410996511,9.813384135221977,-0.00361649067583751,-0.0004881637103348439,-0.004320376250476916
29.3,0.9879469038353197,0.003720429613546685,46.846137564020914,0.055457744840509984,0.00020515082725533577,3.000020611949454,-2.047285021852041e-06,0.0009688814784298838,1.1171945093164954e-05,0.040543120359403745,-1.8078095167902826,48.77440878229144,-0.307899001274194,-0.17786132844983568,3.1718812565235224,-0.004456277510755013,-0.009027026208991984,-0.015568512116528495,25.032997293936614,121.56539503332638,58.01971963364957,1,100764.312745582,0.05311141673771719,-0.04790114265314334,9.846821348925273,-0.006518750954857776,6.925428480896757e-05,-0.004393434287359011
29.400000000000002,0.9937828960803747,0.00374154161088848,47.146133653330025,0.055458227006466264,0.00020301331460545938,3.000011795227473,-2.292681992901942e-06,0.0009655910333818962,1.1211737868986211e-05,0.009337427730178108,-1.8255429834890962,49.091767917387756,-0.3166260751083584,-0.17803585134254957,3.1750163052062743,-0.004475484726992285,-0.009041238407144103,-0.01559742817522846,25.032997293936614,121.56539503332638,58.01971963364957,1,100760.91455612367,-0.034726341237947725,-0.07585387136879304,9.829994501845768,-0.006013572834552441,6.332626017909555e-06,-0.004379858659976747
29.500000000000004,0.9996177794209697,0.0037625292544013612,47.44612878626465,0.055450528485959216,0.00020075123979814915,3.0000016561403853,-2.694299940246402e-06,0.0009642641700351451,1.125139893812996e-05,-0.0227096025068939,-1.843688597890538,49.37314575198937,-0.3241582670606342,-0.17956990997167258,3.1710261885068283,-0.004511929078955094,-0.009031503463706958,-0.015638679931584798,25.032997293936614,121.56539503332638,58.01971963364957,1,100746.85406314474,-0.030401200385910702,-0.03193773481421888,9.7730935977806,-0.007045493683409069,-0.00025790961434036955,-0.004370060791737831
29.6,1.0054514367306757,0.0037834350771892237,47.7461229280045,0.0554365200410943,0.00019870392396123892,2.9999921225880852,-3.178805936259249e-06,0.0009649629399897108,1.1290888453075973e-05,-0.055566866899104415,-1.8617319561520953,49.69045508539595,-0.33244716397988694,-0.18118667595219146,3.1748644096642686,-0.004596740819435786,-0.009133536345740323,-0.015662223245676173,25.032997293936614,121.56539503332638,58.01971963364957,1,100748.58140894386,0.020009669364942355,0.02441564990306766,9.774209976372275,-0.005337159144915434,-0.0012138194553676586,-0.004430381880345428
29.700000000000003,1.0112839577642159,0.0038043093645185326,48.046116206051906,0.05541894521586246,0.0001971395607815521,2.999984541098808,-3.6703852703939014e-06,0.0009674206550869258,1.1330048362217861e-05,-0.08922412622445873,-1.8800195076133779,49.990261364967445,-0.3408368557109518,-0.1811327000754765,3.1726130323562844,-0.004497544961226964,-0.009131256200276106,-0.015715670591925676,25.032997293936614,121.56539503332638,58.01971963364957,1,100739.06053449918,0.05800957567497567,0.03824443462136869,9.81641746528387,-0.004147906751390828,-0.00010830137732498548,-0.0034388433499412214
29.8,1.017115608700909,0.003825202397905335,48.34610888069088,0.05540092844158573,0.00019623621135197913,2.999980076467265,-4.09941649430625e-06,0.0009711000662737668,1.1368797751642242e-05,-0.12368971188862488,-1.8979986223396514,50.307587050299,-0.34838000825545024,-0.18008931468256972,3.1739935346410872,-0.004387565790231005,-0.009102848357799509,-0.015729638769646875,25.032997293936614,121.56539503332638,58.01971963364957,1,100747.77201297323,0.024014177364659144,-0.009273297060419182,9.80420353575342,-0.0026314267297957833,0.0010014223446812584,-0.0034703849678539463
29.900000000000002,1.0229467755453967,0.0038461573186209263,48.646101284752085,0.05538539555514531,0.00019606543978210848,2.9999793532657066,-4.409649483348452e-06,0.0009753166017576476,1.1407156135258058e-05,-0.15887365388227837,-1.916997223593076,50.533653688842094,-0.35651022100533636,-0.18132297459796606,3.1604257353024896,-0.0043518424733001515,-0.009078517527635777,-0.015751152679973922,25.032997293936614,121.56539503332638,58.01971963364957,1,100749.1630674981,-0.029438210936823944,-0.0029583464791580524,9.904737595327962,-0.0042022986661548415,0.0010717607039895478,-0.0037289359299970057
30.000000000000004,1.0287778926197921,0.003867204638454493,48.94609376859683,0.05537465987770916,0.00019658383831025282,2.9999818404109773,-4.568063636143854e-06,0.0009793517512521888,1.1445217692488737e-05,-0.19490431289505106,-1.9351675289083248,50.84983426453514,-0.36425417695583706,-0.18338982226775466,3.162269852563705,-0.004240191018441154,-0.00906689474245348,-0.015771990621705423,25.032997293936614,121.56539503332638,58.01971963364957,1,100741.63343029418,0.021115577350767183,-0.007937465565442963,9.83249990021634,-0.0026861990536318483,8.57013614880181e-05,-0.00337894296190321
30.1,1.0346093687820461,0.0038883590573849124,49.24608664733225,0.0553701007658536,0.00019765474875592425,2.999987066286214,-4.566484623253096e-06,0.0009825617250762697,1.1483109491477076e-05,0.3267166687838483,-0.8929188320880308,50.943165834704466,-0.21326315579311161,0.11724963260732574,3.1267202971359715,-0.00932189238813947,-0.006420747032863217,-0.01581663930988052,25.033006505005208,121.56541190166621,54.75774101176174,1,100741.18396633618,-0.0032184139513013466,-0.04457700551052615,9.827791306380346,-0.00603116590831191,0.001236983482522372,-0.0028273388058041664
30.200000000000003,1.0404415233860693,0.003909618838767427,49.54608014285861,0.05537196326043967,0.00019907678325944912,2.999994104234466,-4.4196178246936195e-06,0.000984495467759583,1.1520982215879937e-05,0.30511190424571744,-0.8809691491116936,51.25592571735049,-0.21913177355588878,0.12129918593575514,3.128415244138126,-0.009219425629194982,-0.006386438786615045,-0.015848007235747193,25.033006505005208,121.56541190166621,54.75774101176174,1,100732.06354745573,0.03527716853030402,-0.05845763677429089,9.841614620100941,-0.005050536360113432,-0.0011229422667942243,-0.003789457115285591
30.3,1.0462745416925028,0.003930967583778608,49.84607436091014,0.05537945015936156,0.00020061574551588448,3.0000014782481523,-4.162025759342379e-06,0.000984941607185208,1.1559019494801078e-05,0.28297387626342696,-0.8689216300903718,51.5439308204439,-0.22414169114283924,0.12313903326218402,3.127391157940554,-0.00916758817554895,-0.006403620966519696,-0.01588893563026269,25.033006505005208,121.56541190166621,54.75774101176174,1,100730.86992089883,0.06893135651022717,-0.051711254075272065,9.802553247211183,-0.005391818015540571,0.002724663610080006,-0.004468308214775978
30.400000000000002,1.0521084554152993,0.003952377860398013,50.14606928517778,0.05539092309405449,0.00020204436848154784,3.000008104158103,-3.839973532668449e-06,0.000983941420423351,1.1597319587964095e-05,0.2603455202562221,-0.8563187268843977,51.85674950945266,-0.2288101265478547,0.1302306988595584,3.128655060663171,-0.009172507458340855,-0.006352729669436563,-0.015947377150197027,25.033006505005208,121.56541190166621,54.75774101176174,1,100738.27413327365,0.012040960153083747,-0.03077340083968151,9.780713200843362,-0.005254513733565241,-0.0002754150954966287,-0.003845804477954922
30.500000000000004,1.0579431494772233,0.003973816082682044,50.44606478597391,0.05540422298477822,0.00020317127213988068,3.0000129064654826,-3.504761944043125e-06,0.000981768664668703,1.1635879804798898e-05,0.2371504066409277,-0.8437696779774109,52.095767661363126,-0.23433150817630388,0.13454047480528858,3.1199248642267943,-0.009125016782449327,-0.006396572446178528,-0.01597500457216064,25.033006505005208,121.56541190166621,54.75774101176174,1,100725.1551868051,0.022050281944510246,-0.026075091943133497,9.79097810019039,-0.004841038529186885,-0.00037147881852885235,-0.002978490842911377
30.6,1.063778391815299,0.00399524787054779,50.74606065168438,0.05541707047557169,0.00020386491822810726,3.000015250985079,-3.2049579170814985e-06,0.0009788620612516397,1.1674690062725634e-05,0.2134086039051854,-0.8300766211289505,52.40779077925384,-0.23950889995906466,0.1392789053988923,3.1203174056073477,-0.00910107109558968,-0.006448036760711595,-0.016015827829479592,25.033006505005208,121.56541190166621,54.75774101176174,1,100713.82682344034,0.056839497443995926,-0.08314753005055849,9.788880064434878,-0.005827783565786326,0.0013097354464230817,-0.003707872873069564
30.700000000000003,1.0696138797910626,0.004016642955231731,51.04605662651137,0.05542742466350596,0.00020406723957930168,3.0000150159721968,-2.979691917447311e-06,0.0009757473680107598,1.1713718823069274e-05,0.1892551123116482,-0.8161395538185339,52.69609899166073,-0.2426909497425211,0.14346392029230537,3.116290483255984,-0.009027630307820165,-0.006501702180428337,-0.016026201646882617,25.033006505005208,121.56541190166621,54.75774101176174,1,100696.67279410746,-0.0004795784905163858,-0.06971555144219516,9.823223677707643,-0.0063208248112952715,0.0006537865597365861,-0.0029712148803333065
30.8,1.0754492944331577,0.004037979045929895,51.346052456297585,0.05543380677828337,0.00020379664261510638,3.0000123575978472,-2.853339870496128e-06,0.0009729437574070854,1.1752912711513537e-05,0.16965264432108187,-0.8045473492527968,52.94546775867083,-0.24693378668541813,0.14685852921808604,3.117413060531063,-0.008927618861217314,-0.006522712532609942,-0.016043831895245306,25.033006505005208,121.56541190166621,54.75774101176174,1,100702.39129108335,-0.011496602482205943,-0.03342867090352951,9.809584166276293,-0.0059716740159627265,-0.0006844596654322676,-0.004421250814794679
30.900000000000002,1.0812843531393894,0.004059244203771526,51.646047930478694,0.0554354953141057,0.00020313566456390324,3.0000079245310736,-2.8339559166575136e-06,0.0009708784943514015,1.1792197472639615e-05,0.13953647496908994,-0.7868742979272003,53.30234494088475,-0.2546913123039015,0.15128061532956155,3.1153986112593715,-0.008869385695576468,-0.006510410622444951,-0.016081967078857194,25.033006505005208,121.56541190166621,54.75774101176174,1,100698.45442761462,0.032897869833191824,0.012832327250248288,9.80527398117538,-0.0037587709640631182,-0.0005633298302250201,-0.002985865608741434
31.000000000000004,1.0871188524476612,0.0040804375411371795,51.94604291103934,0.05543257706986152,0.00020221179960628024,3.000002550215037,-2.914643678938306e-06,0.0009698285946619922,1.1831495144698177e-05,0.11640674217958438,-0.7730790814193287,53.58283168959353,-0.25922704484009357,0.155885040145235,3.1164936948432485,-0.008907204082017022,-0.006491024995342931,-0.016103807152050335,25.033006505005208,121.56541190166621,54.75774101176174,1,100695.76888543338,0.020238853588217278,0.029039184970566678,9.812163111295305,-0.0037032687367729578,-0.0017354280070295347,-0.0048546415121554845
31.1,1.0929526947830777,0.004101568323332312,52.24603735057997,0.05542587655057317,0.0002011802263525568,2.9999971914184695,-3.074401723194036e-06,0.0009698855388553529,1.1870765639116583e-05,1.337027700745229,-1.0131520352778807,53.88237034802045,0.10097539435226684,0.08463044787586033,3.11218113633828,-0.007640504130177038,-0.0002239126411174297,-0.015239315822094254,25.03298756357845,121.56543032566505,62.21810546442824,1,100696.65873031456,0.0344852492035966,-0.08448008320672455,9.839829118115087,-0.004969737741072392,-0.0003213923412570255,-0.004033732439051908
31.200000000000003,1.098785896106576,0.004122653671705356,52.54603129331817,0.05541676504203565,0.00020019453060063355,2.999992707622403,-3.283313604061982e-06,0.0009709553871519727,1.1909941583164491e-05,1.3471787494035021,-1.0046047799595497,54.19364091159021,0.10194688651370865,0.08729130854983064,3.1131057398016746,-0.007651697710303026,-0.00016689248979728788,-0.015240188035007703,25.03298756357845,121.56543032566505,62.21810546442824,1,100704.01468520677,0.0003277815385963473,0.027659860051298165,9.775612486120105,-0.004478985978129351,0.0006940470497203897,-0.003926838983773719
31.3,1.1046185745836252,0.004143715439850666,52.84602486107139,0.05540690293296193,0.00019938662852028908,2.9999897345587687,-3.5081628896430235e-06,0.0009727862085895378,1.1948955671923819e-05,1.3573011113105122,-0.996134978519881,54.4558510402513,0.10319043318940435,0.0893369687187956,3.1059950973590875,-0.007674708775393136,-0.00014737855650581722,-0.015253811852482207,25.03298756357845,121.56543032566505,62.21810546442824,1,100698.790787555,0.0415568272768134,-0.0615249587775082,9.818762815852365,-0.003746711351118193,-0.0009052469918687908,-0.0035152086697112506
31.400000000000002,1.1104509236213025,0.004164776749260565,53.146018225896746,0.055397936850906125,0.00019885336610432204,2.9999887363743634,-3.715860203172007e-06,0.0009750238043619852,1.198778049448587e-05,1.3677109776925325,-0.9870193658924382,54.76651756394977,0.10603632470317588,0.09238201536633486,3.10737263399816,-0.007698076823181438,-9.793746890540689e-05,-0.015296605492923367,25.03298756357845,121.56543032566505,62.21810546442824,1,100687.95594476139,0.08542093700967635,-0.03738835395471836,9.840063145800247,-0.005845374537338995,0.0010453207835529584,-0.0043428027512507905
31.500000000000004,1.116283174858276,0.004185858658862498,53.44601157763912,0.05539123907078504,0.0001986424532592037,2.999989585658821,-3.879204302054992e-06,0.0009772784805877066,1.2026427834401498e-05,1.3783571768177885,-0.9778526805421166,55.06020540291323,0.10751390536837149,0.09365564477140383,3.1057726749684327,-0.007688471300180393,-9.400885861676755e-05,-0.015331314737812806,25.03298756357845,121.56543032566505,62.21810546442824,1,100676.6408661243,0.007599614002582862,-0.029032853892953278,9.811002696407158,-0.0023786074714412927,-0.0007625236699929044,-0.004095036502216262
31.6,1.1221155578626572,0.004206977440551466,53.74600509620795,0.05538772490852693,0.0001987518118467423,2.999992003234402,-3.980278458788916e-06,0.0009791822257556593,1.2064932847156925e-05,1.38921540320685,-0.9683575717268853,55.37084443304697,0.10937546389042033,0.09593953259987235,3.1073986308806467,-0.007630201718135055,-8.038272548493985e-05,-0.015356916941214216,25.03298756357845,121.56543032566505,62.21810546442824,1,100679.53788511231,0.04230106859653953,0.03973318143910871,9.854163775838565,-0.001843930494820931,0.0010417133416872702,-0.0036417170215198883
31.700000000000003,1.1279482632375744,0.0042281427889044355,54.04599891905918,0.055387711775671124,0.00019913690524373017,2.9999956121225626,-4.0108402379010355e-06,0.0009804550983509852,1.2103345819753441e-05,1.4002306137363973,-0.9585154242468821,55.690913232347285,0.10991841107032792,0.09864720150248481,3.109510975428909,-0.0075434025362476256,-4.3083298414847704e-05,-0.01540124890225048,25.03298756357845,121.56543032566505,62.21810546442824,1,100693.7258815176,0.01520712655521599,-0.065893387860255,9.802490192485385,-0.003385526723452905,-0.0006569372016445923,-0.0035467080244347164
31.8,1.1337814148785812,0.004249357116593524,54.34599312284751,0.055390927873545256,0.00019971829852553834,2.9999996198868693,-3.973445706620434e-06,0.0009809425775584302,1.214173487392065e-05,1.4112859893208645,-0.9485577715773265,56.00195984830672,0.11128368000990936,0.10074179009443383,3.1112282208335627,-0.007512790118687399,-1.2047496905864818e-05,-0.015420011595125616,25.03298756357845,121.56543032566505,62.21810546442824,1,100673.94319887523,0.05653023928528668,-0.0024891259896496366,9.794415827191505,-0.006065630992083815,-0.0006301203508374718,-0.0037792877330022037
31.900000000000002,1.1396150551682118,0.0042706159136717495,54.64598771880045,0.05539660869909106,0.00020039730936801742,3.000003392470712,-3.879807893549956e-06,0.0009806255064497282,1.2180166751177555e-05,1.4223429142997477,-0.9385418136358167,56.29331398962007,0.11205378492950017,0.10184313798679243,3.1075052324577364,-0.007477113913116663,9.653669822240474e-05,-0.015461067898853837,25.03298756357845,121.56543032566505,62.21810546442824,1,100660.42065260773,0.03179671877152515,-0.01564427303568951,9.774562248230255,-0.003520127267178437,-0.00011568129688977206,-0.0041427460616492015
32.0,1.1454491444603896,0.004291909017331749,54.945982653556186,0.05540364577608962,0.0002010719678646158,3.0000063463934836,-3.7479333517121494e-06,0.0009796177719565424,1.2218680041905836e-05,1.4336314245641033,-0.9282715830584815,56.604062952046824,0.11312586517354628,0.10254689143913535,3.1071163811222218,-0.007400060984020326,0.00012245185316928087,-0.01548819697940007,25.03298756357845,121.56543032566505,62.21810546442824,1,100639.56026301891,0.02084338976691828,-0.1144289737192744,9.784359678199712,-0.004781262019077019,0.0003082350431090385,-0.0030822367162989285
32.1,1.151283573763546,0.004313222554556703,55.245977823906976,0.05541080424149643,0.00020164962092389998,3.000008007797329,-3.5996231420996624e-06,0.0009781341758257067,1.2257299454355208e-05,1.340350944093626,-0.441876331841632,56.89277816923889,0.07123089678561186,0.2373730388549011,3.1014266335324634,-0.009563312041028078,-0.000797907254640462,-0.01580885584336146,25.03300242604954,121.56541339164026,65.49387027087221,1,100652.66579575039,0.014337745491845931,0.0418055786528613,9.847811292363998,-0.00730711645223076,-0.0016686136996540658,-0.0035923945337846324
32.2,1.1571181876332763,0.004334541196788115,55.5459730964797,0.0554169209308902,0.00020206013477025824,3.000008317305066,-3.45687894173662e-06,0.000976449450382777,1.229603757591614e-05,1.3475419544749232,-0.4179219040992356,57.202976486775654,0.07268524923748698,0.24211806827317503,3.1018379833061878,-0.00959596093843361,-0.0007898188987145449,-0.01584963920100847,25.03300242604954,121.56541339164026,65.49387027087221,1,100642.38977656269,0.08345109389402997,-0.05942188304108438,9.73405603158328,-0.004065566509931374,-0.00105059148418222,-0.003760366858096283
32.300000000000004,1.1629528128036755,0.0043558503886282135,55.84596832984132,0.05542108370688541,0.0002022642059614116,3.0000072649141756,-3.3383608387886196e-06,0.0009748530101583164,1.2334891129371694e-05,1.3547552636346576,-0.39363532033791243,57.47167935946149,0.07322208342774612,0.24546812730497883,3.0952781896900747,-0.009631288674989292,-0.0007382973727483311,-0.015904833640259117,25.03300242604954,121.56541339164026,65.49387027087221,1,100648.78497759951,0.05527449646391677,0.055505095536057904,9.850396346415794,-0.0069016131511783095,0.0008949981484015222,-0.004199218028084777
32.4,1.168787287512231,0.0043771382511572175,56.14596340128636,0.05542277630285129,0.00020225364894217208,3.000005081693413,-3.2577232498725753e-06,0.0009735944040811795,1.2373839448763253e-05,1.3621016075862251,-0.3688402910632608,57.78128271380387,0.07349486814423525,0.25038857513880763,3.0969961747045773,-0.00969506450564141,-0.0006907925542800619,-0.0159386433802484,25.03300242604954,121.56541339164026,65.49387027087221,1,100645.3276634954,0.035933793952895005,-0.004425964812609241,9.844871118384361,-0.006116493811524456,7.67178227721138e-06,-0.004877558639718161
32.5,1.1746214866929603,0.0043983969385463515,56.44595822325531,0.055421915525181054,0.0002020495669460782,3.0000022747566457,-3.222465232385286e-06,0.0009728501020644931,1.2412851198093924e-05,1.3693545785861896,-0.34371817260982085,58.0386719693425,0.07406846216288551,0.25552989683084554,3.0887938469354688,-0.009720470825025605,-0.0006592756449999015,-0.01597860157512368,25.03300242604954,121.56541339164026,65.49387027087221,1,100629.83910744908,0.04853284967722446,-0.05689434061310972,9.768142196589586,-0.008029552577359659,-0.0014532064285599907,-0.004234407908964868
32.6,1.1804553393257278,0.004419623315251312,56.74595275431497,0.0554188336375962,0.00020169829734598648,2.9999993160429677,-3.232948761679962e-06,0.0009727017585474673,1.2451889606205824e-05,1.3768653590339157,-0.3178056216439846,58.347438515551744,0.07493893169787871,0.26199994099074486,3.0878624951857607,-0.009783096452757654,-0.0006771290003004804,-0.016018355345251114,25.03300242604954,121.56541339164026,65.49387027087221,1,100627.24893481306,0.007207058046952097,0.012185472160130068,9.725863316100574,-0.0031461246749089136,-0.0010763353046134893,-0.003397980000917671
32.7,1.186288835770986,0.004440818928589886,57.04594700424768,0.055414199805160894,0.00020126128054319083,2.9999967039132693,-3.2833248533384784e-06,0.000973127152459119,1.249091833445691e-05,1.3845071483014602,-0.29114614057243193,58.69626981944138,0.07583207058811818,0.26935889952081904,3.0942055692528267,-0.009832364226164032,-0.0007316304997182499,-0.016046172922735767,25.03300242604954,121.56541339164026,65.49387027087221,1,100644.65680000343,0.015698351962629344,-0.030510772383743178,9.771296242690415,-0.007350451454634375,-0.0009129200637361899,-0.0036291246981038946
32.800000000000004,1.1921220246036353,0.0044619893538082635,57.34594102745967,0.05540888128391699,0.00020080513533478418,2.9999948271646826,-3.363196408545035e-06,0.0009740134500451081,1.2529907408809592e-05,1.392176212558141,-0.2639527266997821,59.00591417816078,0.07734298250699077,0.2752430917688266,3.097964003317543,-0.009866988931512829,-0.0006443196576315646,-0.016063185917022344,25.03300242604954,121.56541339164026,65.49387027087221,1,100636.51668364689,0.011654329314740669,0.05730779607558529,9.853163459418662,-0.0069644877256616645,-0.0029219547347766215,-0.0035270787205321937
32.9,1.1979550002813397,0.004483143063338008,57.64593491072912,0.05540378956128613,0.00020039343957795508,2.999993944057644,-3.4589234378804817e-06,0.0009751818134315915,1.2568832946446782e-05,1.3998967629792134,-0.23617431305726844,59.301908922038315,0.07710094862439348,0.2812547208794971,3.0984201320850975,-0.009819751617339991,-0.0006343824282646349,-0.01606980886158312,25.03300242604954,121.56541339164026,65.49387027087221,1,100628.31962527118,-0.015390010601480736,0.04463334042861751,9.877823306191665,-0.007213814721715007,0.0015581977178807428,-0.00289566251089505
33.0,1.2037878843671403,0.004504290019883603,57.94592875608138,0.05539972669194996,0.00020007699701022683,2.9999941119110773,-3.5562220449273654e-06,0.0009764226542057219,1.2607683703694164e-05,1.4075559908215065,-0.20783239993256367,59.61182193115077,0.07663884172208209,0.2844031020997602,3.100530965989812,-0.009837252799914912,-0.0005457896081810798,-0.016067236167066967,25.03300242604954,121.56541339164026,65.49387027087221,1,100620.29438866828,0.04495203344641538,-0.05981796479945293,9.868516937661587,-0.006310728822864973,0.0006278359919451161,-0.004461035884360037
33.1,1.2096208038338547,0.004525440204563963,58.24592266413762,0.05539727060327766,0.00019988880239209548,2.999995192558587,-3.6422123175180396e-06,0.000977529911554642,1.2646458687671217e-05,1.6533049672712574,-0.6809324613430743,59.97327320794807,0.13796631713104324,0.15972530073655,3.109887289493209,-0.007948697006752842,0.000459402060507097,-0.015827394323292374,25.032985066191657,121.56542074230795,70.56029233974563,1,100638.46542855458,-0.0025872995015387146,-0.041273883710621406,9.744694520087055,-0.0037430507607578573,0.0012699938051491065,-0.00449216240032633
33.2,1.2154538701634972,0.0045466022871650785,58.54591671770815,0.055396694254820855,0.00019984253533009085,2.9999969923133802,-3.7064058878013953e-06,0.0009783346682792349,1.268516620161236e-05,1.6672342861123064,-0.6648441321434735,60.284276287714505,0.1405038288701007,0.16158380144414058,3.110268753300176,-0.007992632409175138,0.000493015483070236,-0.015879147235543633,25.032985066191657,121.56542074230795,70.56029233974563,1,100622.13281623402,0.06959667507840904,-0.027389961442322794,9.83178625081944,-0.005591432689068963,-0.0005581393171183561,-0.003620444135997285
33.300000000000004,1.2212871625544148,0.0045677825970451,58.84591096887782,0.05539794312982003,0.0001999311961834514,2.9999991393996086,-3.7422636938763852e-06,0.0009787314342144526,1.2723822239659656e-05,1.6813229944317785,-0.6486095770698904,60.57905365783044,0.1419996049324588,0.1640360011577886,3.1100965323622685,-0.008028513586520913,0.0005494482060970363,-0.01593135280141149,25.032985066191657,121.56542074230795,70.56029233974563,1,100618.03361496642,0.012991476004609863,-0.07696922844261371,9.852332673518957,-0.004909840771351061,-0.0007233832855086692,-0.0037183776105140414
33.4,1.2271207176469037,0.004588984498351905,59.145905434509075,0.05540067623937497,0.00020013041311028415,3.0000012523426247,-3.7477626129426404e-06,0.0009786874952324442,1.2762440033760163e-05,1.6955622406353752,-0.6320757279696247,60.890140853334515,0.14341473558366324,0.16678410441523733,3.1111479554716923,-0.008080529631367128,0.0005616390215792411,-0.015957898630201885,25.032985066191657,121.56542074230795,70.56029233974563,1,100602.48958656452,0.04540068130093148,-0.013149499131337117,9.774089195895506,-0.008338371260993835,0.0008461297206732998,-0.003229488762362227
33.5,1.2329545269211566,0.0046102082300820725,59.44590009576847,0.05540433791443768,0.00020040396598070405,3.000003022119252,-3.7249095835314397e-06,0.0009782439232270956,1.2801051025871735e-05,1.7100934546747582,-0.6152151980928623,61.22385864460451,0.14598814171252125,0.16855623994758548,3.117255176644045,-0.00813234607631582,0.0006355362460719327,-0.01598319808005117,25.032985066191657,121.56542074230795,70.56029233974563,1,100617.44019836657,0.053491822203915504,0.03203611381597042,9.888388506540071,-0.003973595421022994,0.0008455535752336763,-0.004340194967466404
33.6,1.2387885415372062,0.004631451153201823,59.74589490370994,0.05540826724516841,0.00020070886578542362,3.0000041403175572,-3.679286724457132e-06,0.0009775030859493494,1.2839683606498083e-05,1.7248410419719018,-0.598177530374792,61.53570441647241,0.14894313202017342,0.17205984028725954,3.1199351412257466,-0.00823583594845485,0.0007515915190192679,-0.016027675986051253,25.032985066191657,121.56542074230795,70.56029233974563,1,100597.26600562643,0.04949698817583087,-0.023117104208597528,9.755047905505124,-0.005114106723712219,0.0011579730336847879,-0.00415332209832158
33.7,1.2446226833005418,0.004652708358833386,60.045889790014094,0.055411812493607625,0.00020100191101033132,3.0000045328800518,-3.6190183467884164e-06,0.0009766060718645608,1.287835866381103e-05,1.7399124283683598,-0.5807396324003217,61.84550651627453,0.15195576047718024,0.17628883361227893,3.1181729098589623,-0.008243350212685609,0.0008316450303567091,-0.016067285422362205,25.032985066191657,121.56542074230795,70.56029233974563,1,100624.73563036272,0.030570656347822474,0.01206690927811297,9.76966636907529,-0.003928628272019109,0.0001553718200869884,-0.003084783027279803
33.800000000000004,1.2504568595177252,0.004673973518372509,60.34588467760529,0.05541442705990566,0.000201246003907823,3.000004189177449,-3.5532013512912443e-06,0.0009757108812848969,1.2917089304687763e-05,1.7551899489601046,-0.5629149062350655,62.15730890598767,0.15454582634372632,0.18049434506378365,3.118800221718958,-0.00822109407989401,0.0008566590753296133,-0.01611346496754735,25.032985066191657,121.56542074230795,70.56029233974563,1,100599.47280585897,0.03198616997294417,-0.01756813511736273,9.787968565940107,-0.0035080663543598893,-0.001640692521196391,-0.00335096678817732
33.9,1.2562909790644436,0.0046952398375355335,60.645879495734505,0.05541576275088901,0.00020141346890077574,3.000003155188401,-3.4908565437406307e-06,0.0009749616898564462,1.295587864750058e-05,1.7708771534559993,-0.5446018541562067,62.505485973082855,0.15744343050126766,0.18443260750743132,3.1262285250117796,-0.008235441215954039,0.0009381668362398177,-0.016147818091526517,25.032985066191657,121.56542074230795,70.56029233974563,1,100591.02897401719,0.07462499778083152,-0.043471369047761194,9.843399596759207,-0.004916113676185131,0.001218036355739278,-0.003884765124036058
34.0,1.2621249669569514,0.004716500984006557,60.94587419075358,0.055415704583529,0.00020148871343799983,3.000001706688089,-3.4399220750690794e-06,0.0009744669769689018,1.2994720573837897e-05,1.7867269113060997,-0.5259718307745908,62.8181999937392,0.16029739422413347,0.18872488614738925,3.1276296534730808,-0.00821225266225551,0.000977836453729397,-0.0161806976199033,25.032985066191657,121.56542074230795,70.56029233974563,1,100583.89294306542,0.0814008607027881,0.0015264836923706802,9.80517657931437,-0.0066539670194757285,-0.0014157266316107689,-0.003077407528966147
34.1,1.2679587751979735,0.004737751869344926,61.245868731934515,0.05541436596369796,0.00020147018694798268,3.0000001044254994,-3.4059766394868836e-06,0.0009742879434226914,1.303359902445631e-05,1.9581962287143722,0.9438736230062,63.17220431109549,0.20545228721300168,0.5920286128591324,3.135700550773632,-0.014833233517733286,0.0016645740509817486,-0.01654673765382135,25.033029944293073,121.56542179045685,75.12944288093992,1,100592.71323395647,0.025239319988836655,0.016918931515384213,9.830257054053838,-0.0033001983736031565,-0.0006081971738344244,-0.002604000465298197
34.2,1.2737923884600137,0.004758989203477555,61.54586311638953,0.05541206221691427,0.00020136836876876737,2.999998603699061,-3.3919328103835982e-06,0.00097442907870815,1.3072491304175355e-05,1.9788458205833472,1.0036042325122798,63.485969369585696,0.20787596846050096,0.6013040751666253,3.13936010605693,-0.014893540067738574,0.001705424983721393,-0.016555361165245478,25.033029944293073,121.56542179045685,75.12944288093992,1,100591.02165190045,0.0468464206818108,-0.04609949838549654,9.804111007021657,-0.005100059474688725,-0.00023396000440908504,-0.004394831695219385
34.300000000000004,1.279625824050852,0.0047802117779155075,61.845857366930815,0.05540923922484968,0.00020120348267489366,2.9999974566804073,-3.398000739868417e-06,0.0009748428280345056,1.3111389678672072e-05,1.9998237146051838,1.064371046131907,63.808749197213025,0.21183341149407836,0.6131094762851007,3.143956786542432,-0.014854425367613699,0.0018377994868095104,-0.01659169955496561,25.033029944293073,121.56542179045685,75.12944288093992,1,100592.80795774373,0.06577810985402305,0.01246264153173245,9.836382829946631,-0.0004824716236696072,0.00031234312815697605,-0.0035073258321875952
34.400000000000006,1.2854591266019897,0.0048014204351564714,62.14585152595291,0.05540639205710751,0.00020100251962052446,2.9999968005180917,-3.4216305539019086e-06,0.0009754416975416014,1.3150283160530157e-05,2.0212041767418802,1.1261635281453335,64.12319264108567,0.21591520180200097,0.6225049991974698,3.1449669608186577,-0.01472049321799457,0.001900131784221104,-0.016580576319997337,25.033029944293073,121.56542179045685,75.12944288093992,1,100568.4037038757,0.01129210778310507,0.0018148323234338688,9.837599119464796,-0.002352668528007225,0.0012504995624905179,-0.00363111611097416
34.5,1.2912923587667673,0.004822617789346552,62.445845647574316,0.055403982781363346,0.0002007944035523788,2.99999671528131,-3.458317736730024e-06,0.0009761144308304548,1.3189161349484478e-05,2.042955088323438,1.1889968861561329,64.40903330877859,0.21972984657546937,0.6337372955645607,3.140709352745872,-0.014698304773924238,0.0019730141923117728,-0.01660209022481607,25.033029944293073,121.56542179045685,75.12944288093992,1,100550.41126504466,0.006353180624471114,-0.026871674043185197,9.789276246134117,-0.003540937796212875,-0.0003151794263217269,-0.003287231634004938
34.6,1.2971255897232463,0.004843807743018894,62.74583978736899,0.05540236531296894,0.00020060641550366035,2.999997171812299,-3.502416024682946e-06,0.000976747106278486,1.3228015404773434e-05,2.0651024656711736,1.2527261329516468,64.72312467241925,0.2232413057351273,0.6414511169171209,3.1416762868499255,-0.014643172039320109,0.00205059821217235,-0.016636941000174762,25.033029944293073,121.56542179045685,75.12944288093992,1,100563.61163073232,-0.008103346449392493,-0.03767524097288778,9.819771907491086,-0.003355226816682392,9.656239699176727e-05,-0.003969432734615205
34.7,1.3029588835161023,0.0048649948806961316,63.04583399381556,0.05540173996759904,0.00020046159565247947,2.999998046790319,-3.5475594094294577e-06,0.0009772406951611412,1.32668395835466e-05,2.087695012202344,1.317319800219732,65.03872447877706,0.2282059673345394,0.6504243403218402,3.1437479195096714,-0.014559324235397275,0.002089736566190048,-0.016663742306740607,25.033029944293073,121.56542179045685,75.12944288093992,1,100565.97281267286,0.0610578300145278,0.03190088429020249,9.837101391888144,-0.006759600903813249,-0.0015009549252889573,-0.0037978003181693477
34.800000000000004,1.3087922891219201,0.004886183824611584,63.34582830082711,0.05540213097863097,0.00020037517838587257,2.9999991730248716,-3.58783447096362e-06,0.0009775263152946856,1.3305633339435369e-05,2.11072294054035,1.3829098713265549,65.35313441074258,0.23237745589819914,0.6604325067380948,3.1453529294219456,-0.014452200923851495,0.0021649791205542446,-0.016702293670286427,25.033029944293073,121.56542179045685,75.12944288093992,1,100561.9078372665,0.0009750695379765958,-0.037418622106110855,9.858881381269043,-0.0033342107172596317,0.0009065680775079109,-0.003992305011183745
34.900000000000006,1.3146258337125944,0.004907378630850634,63.645822723395185,0.05540339667534838,0.00020035361833462434,3.000000342324694,-3.6184753907202203e-06,0.0009775741101316626,1.3344389751375576e-05,2.134070607410197,1.4494088826559417,65.65077542773568,0.2356972756797017,0.6689067294991987,3.1436820057389063,-0.014343675859232853,0.0022102557485350616,-0.01672143931970836,25.033029944293073,121.56542179045685,75.12944288093992,1,100558.14220988133,0.015843828394425684,-0.026868625039182536,9.739452170484096,-0.005548316400393436,-0.002102460027283884,-0.0038314854897496028
35.0,1.3204595199681908,0.004928582317966341,63.94581725697779,0.05540526556128204,0.00020039475211081152,3.000001375625659,-3.636298435470009e-06,0.0009773946761799657,1.3383110104664959e-05,2.1577491831493214,1.5168003285410694,65.96512825946026,0.23890602162103008,0.6789372492229754,3.143514030159963,-0.01443291599065084,0.002299210963468523,-0.016734401026354057,25.033029944293073,121.56542179045685,75.12944288093992,1,100557.44454529519,0.02300086569347687,-0.063793929223958,9.88491086374281,-0.003399106353368864,0.0001134751976397914,-0.0025628433853909062
35.1,1.3262933275336484,0.004949796566386122,64.24581187948675,0.05540739003492452,0.0002004885668572902,3.0000021003969968,-3.639950999186429e-06,0.0009770345239243916,1.3421815683012127e-05,1.3700596313837923,1.3566664296562092,66.06590496987826,0.009214596374875173,0.621610931474458,3.114777773051454,-0.01330123289832119,-0.0017054531575417808,-0.016239349478821878,25.033008606759456,121.56540156727516,72.94040385218518,1,100547.48572081371,0.07590306136165015,-0.004275837616974237,9.821922555826772,-0.0058218369953339025,-0.00041482624156928956,-0.002325221232281304
35.2,1.3321272180626735,0.004971021589105008,64.5458065564342,0.05540940934868506,0.00020061907533525428,3.000002434217178,-3.6299896002414064e-06,0.0009765650845106055,1.3460523217439069e-05,1.3710039837968164,1.419205017895387,66.37751469106915,0.00943105854787109,0.6286671126634252,3.117293380167254,-0.013223751052915888,-0.0016652442758930963,-0.016245765360088035,25.033008606759456,121.56540156727516,72.94040385218518,1,100568.75877302076,-0.04857496158549666,-0.08427755004189211,9.829247121280469,-0.006881202917388762,-5.4011240388928186e-05,-0.002442453411388443
35.300000000000004,1.3379611427782545,0.0049922562128677525,64.84580124672685,0.05541100449527244,0.0002007668108849041,3.000002369379429,-3.6086332059765245e-06,0.0009760707612140873,1.349924574341887e-05,1.3719024311412373,1.4823264369409683,66.71346738534636,0.008317214811781336,0.6348087772792095,3.12220352409945,-0.0132354128664695,-0.0016602955596951574,-0.016257377914760965,25.033008606759456,121.56540156727516,72.94040385218518,1,100547.21356786751,0.04716617410175622,-0.06706004959062864,9.81434423754753,-0.004136255944716375,8.762671331297411e-05,-0.003628897623683651
35.400000000000006,1.3437950511389811,0.005013498129216195,65.14579591020144,0.05541195063332037,0.00020091136200567927,3.0000019087294545,-3.579443355744667e-06,0.0009756335519093273,1.3537992610541655e-05,1.3726156360198858,1.5461946785807712,67.02578518722123,0.005925257911069271,0.6423361782446242,3.1236968518484223,-0.013230261031644265,-0.0016127551142488539,-0.01625643119618028,25.033008606759456,121.56540156727516,72.94040385218518,1,100541.57242070464,0.024453849229467986,0.023694942752856066,9.83791905188866,-0.006220486245284529,0.001673798180560384,-0.0037723279514409866
35.5,1.3496288991248218,0.005034744271567492,65.44579051462517,0.055412147060543135,0.00020103414394689742,3.0000011745077058,-3.5467575719305267e-06,0.0009753188130023904,1.357676834248278e-05,1.373230063520708,1.6107676205240966,67.32304836864492,0.00705991349125473,0.6487783850809415,3.124302726383827,-0.013219717187523147,-0.0015861587429240043,-0.016247557178549532,25.033008606759456,121.56540156727516,72.94040385218518,1,100569.25395678723,0.027541737029170017,-0.07528036078094485,9.801872620105241,-0.0066647559283734975,-0.00015079658842402914,-0.0038017338824785324
35.6,1.3554626558290876,0.005055991261082299,65.7457850391962,0.05541161811488504,0.0002011209007283514,3.0000003206197214,-3.515009935034939e-06,0.0009751682435232834,1.3615570618827065e-05,1.373830093984603,1.6759867948263514,67.63565982739657,0.005490486624057159,0.6573848200273584,3.1276069580807895,-0.013236321742718113,-0.0016551790684660173,-0.016255988273112424,25.033008606759456,121.56540156727516,72.94040385218518,1,100549.93926257148,0.003533563166459492,0.012073025702078109,9.796281301067845,-0.003088970942304658,-2.4658844898948e-05,-0.003432175456069779
35.7,1.3612963074393698,0.005077235862373276,66.04577947770564,0.05541050485294137,0.00020116277895973448,2.999999472988237,-3.4882314364930808e-06,0.0009751936893278579,1.365438761685389e-05,1.3742197805324865,1.7423116237127871,67.88228259532649,0.004900227307406241,0.6656914888457292,3.117966392418013,-0.013208228781199703,-0.0016406652871554517,-0.016258256817220387,25.033008606759456,121.56540156727516,72.94040385218518,1,100523.93033416863,0.03517490111211158,-0.0059920243551682476,9.74194414613114,-0.001996103529507949,-0.00018757485572762274,-0.0036122147350736793
35.800000000000004,1.3671298581570803,0.005098475404311635,66.34577383864344,0.05540903224735962,0.00020115734426289566,2.9999987849344203,-3.469590174626613e-06,0.0009753772345511003,1.3693218023320073e-05,1.3747235559684496,1.8092096205316592,68.19407186828764,0.004861667410087482,0.6736074198545006,3.118384649460761,-0.013228792487221672,-0.0016329917406592287,-0.016232294753824997,25.033008606759456,121.56540156727516,72.94040385218518,1,100536.98154078764,0.045592201379917596,-0.014389870367889555,9.873198473900157,-0.00645141025363034,0.0019138237760397134,-0.003784865716280073
35.900000000000006,1.3729633281307332,0.0051197080825947485,66.64576814204646,0.05540746464783887,0.00020110846710039797,2.999998341969944,-3.4609925415876667e-06,0.000975677451626078,1.3732061204111759e-05,1.3751393167543602,1.877064945453189,68.46054826738586,0.004743675910094051,0.6804400714961051,3.1141524591011125,-0.013181381488465642,-0.0016347240753018522,-0.016238132868725195,25.033008606759456,121.56540156727516,72.94040385218518,1,100517.71454164592,0.00991425887655268,0.059117562127662754,9.809772598027676,-0.00340782715618378,-0.0014593830189820604,-0.0022954486031379366
36.0,1.3787967489791169,0.005140933135619564,66.94576241599569,0.055406063443668455,0.00020102540499280543,2.99999819501762,-3.4628617266112374e-06,0.0009760365595674614,1.3770912811218926e-05,1.3755689368064843,1.945556217830763,68.77205273416035,0.004404187700178013,0.6885735509507087,3.115961206078159,-0.013208992114960905,-0.0015820907359704872,-0.01624673679323595,25.033008606759456,121.56540156727516,72.94040385218518,1,100520.42413130918,0.02035694322925522,-0.018121765252925335,9.852033728847497,-0.004997165939323023,-0.0022359633492488027,-0.003837159193020357
36.1,1.38463015780609,0.005162150878462917,67.24575669092333,0.05540504120238397,0.000200920933194906,2.999998364173322,-3.47439408933015e-06,0.0009763921247605278,1.3809766973857332e-05,0.9575230592494098,0.6509724037180527,69.00848875723538,-0.1198900070087878,0.2917811790745414,3.1061268356428484,-0.006162353827012042,-0.0036780353662693166,-0.016367115629727116,25.032988914249362,121.56540398425011,77.48149615698911,1,100520.1133650418,0.010655104390980632,-0.07171096491815031,9.807263572474854,-0.0048878526923462895,-3.6527084258629e-05,-0.0030698319006382028
36.2,1.3904635907947869,0.005183362595909574,67.54575099456359,0.05540453294091735,0.00020081020274230693,2.999998779619367,-3.4934648318469496e-06,0.0009766874195022979,1.3848616910945522e-05,0.9453829445226843,0.68015977643659,69.3191527695808,-0.12274801263658067,0.2930002021125978,3.1077531579430935,-0.006069406862264463,-0.0036687761386386963,-0.016338298021040473,25.032988914249362,121.56540398425011,77.48149615698911,1,100514.38914646987,0.024254281586107748,-0.0478684770908519,9.849179542048333,-0.007654144715471262,-0.0005297382638260086,-0.0028458322913914795
36.300000000000004,1.3962970774457717,0.005204570316731071,67.84574534816241,0.05540458188640975,0.00020070809468107268,2.9999993562533245,-3.517096764818284e-06,0.0009768791999544835,1.388745747168748e-05,0.9329577147934615,0.7096450366683356,69.60572264103594,-0.12525466983245953,0.29521647415479035,3.1058401238544238,-0.005951346664238954,-0.003567775954673502,-0.016335957346515623,25.032988914249362,121.56540398425011,77.48149615698911,1,100507.92485266745,0.009646407845189588,-0.03946518731316337,9.800772020883016,-0.0024915629357067557,0.0012880517064966675,-0.002811115573608765
36.400000000000006,1.4021306363333035,0.005225776501422348,68.14573976308458,0.055405136797275135,0.00020062734994699785,2.9999999951616827,-3.5419676053725736e-06,0.000976944599423435,1.3926281042076149e-05,0.9203155143762968,0.739240043289224,69.91633816110772,-0.1281705128639506,0.295960554940401,3.106715624264598,-0.0057529742344943425,-0.003570950238758419,-0.016328911437047674,25.032988914249362,121.56540398425011,77.48149615698911,1,100505.73880198227,0.022686209563367962,-0.007390813499271702,9.787089867892828,-0.006184240482593641,-0.00011293456511541928,-0.0033304220272748803
36.5,1.4079642729579553,0.005246983691543638,68.44573423995858,0.055406068946313926,0.00020057734995182318,3.00000058619313,-3.5647368378244634e-06,0.0009768829585645733,1.396507487076379e-05,0.9074050951245201,0.7689614662973275,70.2323381159112,-0.12985988663249318,0.2985383314942226,3.10848450322416,-0.005787810979867402,-0.0035643324839864654,-0.016318407347459297,25.032988914249362,121.56540398425011,77.48149615698911,1,100475.8655207765,0.02292478546200457,0.016319689430645348,9.829340152322933,-0.0039464042633268566,-0.00046258022195520734,-0.0039161560248538885
36.6,1.4137979798742542,0.005268194185213749,68.74572876956817,0.05540719939240041,0.00020056293579433834,3.000001038700809,-3.582508750012451e-06,0.0009767138871143999,1.4003846901165178e-05,0.8943222417357981,0.7987975699920882,70.54328538368615,-0.13186272763973336,0.2991105742931166,3.1103950645448935,-0.005664470234017075,-0.0035684999956349106,-0.01632799422618534,25.032988914249362,121.56540398425011,77.48149615698911,1,100496.3802063402,-0.0031667327632957445,0.032098563526606935,9.803959300433853,-0.005175186177472095,-1.485178972441669e-05,-0.0024539533054613117
36.7,1.4196317388802497,0.005289409738049368,69.04572333484401,0.055408330841258936,0.00020058395935969382,3.000001288061772,-3.593227692282874e-06,0.0009764728618761875,1.4042606824209612e-05,0.8810807944847164,0.8288870296026823,70.84928978434516,-0.1329617169776003,0.30208241916265494,3.1106323354624505,-0.005638718680137733,-0.003591808011680353,-0.016353546779983144,25.032988914249362,121.56540398425011,77.48149615698911,1,100485.19865031201,0.04843061191378208,-0.0011073186663954522,9.796685191982037,-0.006821348993762298,-0.0013595428330179869,-0.0038472336385637425
36.800000000000004,1.4254655247768053,0.00531063135990676,69.34571791425066,0.055409280816324936,0.00020063575657522956,3.000001316156394,-3.5957986452077497e-06,0.000976204213146481,1.4081362916460579e-05,0.8677494355027591,0.8590478280665175,71.16043143198306,-0.1343243685558358,0.3021233220892455,3.1122905632273024,-0.005603855712612392,-0.0035845186646519256,-0.016336968199572997,25.032988914249362,121.56540398425011,77.48149615698911,1,100493.74951503743,0.04940176166170452,0.011317953864511485,9.79083368010487,-0.006518764745919721,-0.0006189691335413405,-0.002943330599823105
36.900000000000006,1.431299309966328,0.005331859222726819,69.64571248547854,0.055409909688410676,0.00020070952014770727,3.000001127214221,-3.590371279381088e-06,0.0009759535698243837,1.4120122539973821e-05,0.8541227134410325,0.8895108339883182,71.45208179747881,-0.1376079956242344,0.30396176357720345,3.110922756050498,-0.005584103075483826,-0.003618010691251561,-0.016317516851529643,25.032988914249362,121.56540398425011,77.48149615698911,1,100486.39285253594,0.06532617150004096,-0.00044832206747079384,9.823627040702977,-0.005561316693057854,-0.0016001146487570977,-0.0035222388491420926
37.0,1.4371330690866309,0.005353092684386046,69.94570702943099,0.05541014148646935,0.0002007942109907098,3.0000007666237702,-3.578115301643003e-06,0.0009757597442785482,1.415889245415722e-05,0.8403985856837668,0.919992770486158,71.76326306088154,-0.1378001102617302,0.30549725618034007,3.111257212151836,-0.00548116195769066,-0.0035828940427773404,-0.016328077583614604,25.032988914249362,121.56540398425011,77.48149615698911,1,100477.19635084801,0.03665456646462669,-0.00046538998379581226,9.797645365295322,-0.004772079284544616,0.00013966825631388886,-0.0046525771345290005
37.1,1.4429667829258408,0.005374330417698496,70.24570153276241,0.0554099690843133,0.00020087800835495422,3.0000003166641713,-3.5610025286306374e-06,0.000975649605125195,1.4197676578928743e-05,0.9767215785078761,-0.41160730980543175,71.82425758162694,-0.08642978407002444,-0.15653993228773042,3.0725706180877803,0.003444732800473766,-0.0023564034859966387,-0.017623248321811502,25.032987272126814,121.56541056487731,77.86929147627981,1,100486.32422861402,0.014001585965634528,0.013724262807660155,9.811063971473224,-0.0037508093367894747,-0.00036917233142219505,-0.0030496859668261342
37.201,1.4488004410476643,0.0053955706211764745,70.54569598959743,0.055409450920514025,0.00020094965334495758,2.9999998474171576,-3.5415928983825027e-06,0.0009756346889737699,1.4236470235398106e-05,0.9679637753996355,-0.42769295439700356,72.13156001152772,-0.08810553647077288,-0.1661488086274542,3.0736610357806975,0.003560584992395967,-0.0023496503412476777,-0.017615140287042075,25.032987272126814,121.56541056487731,77.86929147627981,1,100495.30745324973,0.050467761487231776,0.02084948863170232,9.783688207237493,-0.004279104984077972,-0.0004898155704269982,-0.0027681407483422316
37.300000000000004,1.454634042804071,0.005416811292575925,70.84569040225567,0.05540869760436566,0.00020100019348188156,2.999999441243843,-3.5226282915287453e-06,0.00097570990370488,1.4275271700447576e-05,0.9273845041192688,-0.43559154724696025,72.37996619698917,-0.12496324404338027,-0.1642330073337994,3.0667179957590753,0.003236349332117562,-0.004417308229920813,-0.0196144443264342,25.032987272126814,121.56541056487731,77.86929147627981,1,100461.06418494853,0.09821816869065288,-0.015579019954629555,9.829826475396194,-0.005369983144605758,-0.0003477389694436521,-0.003591968319501884
37.400000000000006,1.4604675966854213,0.005438050510847695,71.14568477986354,0.055407848231356215,0.00020102393896635385,2.999999157557686,-3.5066700606317664e-06,0.0009758563338833071,1.431408503832109e-05,0.9147944138601377,-0.4522824543007611,72.68667296461007,-0.1270749642935023,-0.17001429643792934,3.0670573701729786,0.00336566437660772,-0.004388064937315583,-0.019630835571716007,25.032987272126814,121.56541056487731,77.86929147627981,1,100482.25007158113,0.03534537188568031,-0.03348577385000172,9.814651494708237,-0.0043344087783599725,-0.0008270990181482713,-0.0034486301383072687
37.5,1.466301118247222,0.005459286685736745,71.4456791365941,0.05540704767493863,0.00020101922785190537,2.999999025108095,-3.4956818840629313e-06,0.0009760447817315221,1.4352910712760304e-05,0.9018955443798066,-0.46955781906087923,72.95405802360628,-0.13093388451564492,-0.17775067667524436,3.059431091049941,0.0035235386238700907,-0.004398488966720793,-0.019648612195566264,25.032987272126814,121.56541056487731,77.86929147627981,1,100459.67215343071,0.010904261157572346,-0.02104647764534927,9.750424968174162,-0.004531497502877494,-0.001434994348433111,-0.003760685184714649
37.6,1.4721346270568632,0.005480518756172279,71.74567348890028,0.055406421368598004,0.00020098814756269308,2.999999068101944,-3.4909000952541843e-06,0.0009762414665945851,1.4391747071367979e-05,0.8885318199050379,-0.48773418124417445,73.25990581065632,-0.13557241346378143,-0.18594763084499977,3.059195278808433,0.0036115816698572556,-0.00442418736107042,-0.0196821583096359,25.032987272126814,121.56541056487731,77.86929147627981,1,100461.65859147406,-0.008335418078487367,-0.01012358864425224,9.79736922677212,-0.0038007010202444494,0.0007615497192796343,-0.0031664327030186284
37.7,1.4779681432283573,0.0055017463067653,72.04566785242996,0.0554060560526665,0.00020093627228898232,2.9999992585498685,-3.492682202898542e-06,0.0009764143469623843,1.4430590547641556e-05,0.8747749146698249,-0.5068457376816444,73.56784325108343,-0.13899848100406126,-0.19619902806948727,3.0605464558748974,0.00370850726138606,-0.004471873951416461,-0.019692758568692313,25.032987272126814,121.56541056487731,77.86929147627981,1,100460.8051633295,0.040486682471280136,0.0014388511430760559,9.844370199293778,-0.002121012454429093,-0.00045929241433604267,-0.0037240205258907
37.800000000000004,1.4838016841391464,0.0055229695914561505,72.34566224001927,0.05540599113486485,0.00020087182512349265,2.9999995475233368,-3.500413958485074e-06,0.0009765372499106473,1.4469436803438688e-05,0.8607022100396073,-0.5268780397035772,73.87394000897378,-0.14244728118668504,-0.20412544754195922,3.0612876964289204,0.0038084910085503017,-0.0044085918083085485,-0.019704377960197555,25.032987272126814,121.56541056487731,77.86929147627981,1,100437.77949448572,0.028393490949791357,0.03707408058279611,9.823781039322185,-0.006261512495868509,-0.00037672932581988053,-0.0027243834101665504
37.900000000000006,1.4896352618384094,0.0055441894638161345,72.64565665959738,0.05540621391553553,0.00020080413759807335,2.9999998905211855,-3.5127654540889045e-06,0.0009765941390815769,1.4508280232480837e-05,0.8462523937706984,-0.5478569483841526,74.22920575330393,-0.14721439153429902,-0.2122379425631991,3.0694480723564412,0.003976982695541458,-0.004417650508387716,-0.019683378429556538,25.032987272126814,121.56541056487731,77.86929147627981,1,100457.7436046985,-0.054901226375757,0.011730586302507508,9.778452182811225,-0.0030711093155484717,0.00027400942877826157,-0.0044397420637915805
38.0,1.4954688815163508,0.0055654072270956935,72.9456511132076,0.05540666585025239,0.00020074269002454869,3.0000002236313597,-3.527795110224033e-06,0.0009765811247879341,1.4547110032317655e-05,0.8312135326955307,-0.5694595728867959,74.5360053834343,-0.15270201399087469,-0.22101256033177047,3.0679073480210532,0.004016681350106773,-0.004410512647463394,-0.019702590327687036,25.032987272126814,121.56541056487731,77.86929147627981,1,100433.1363550295,0.03129950085892978,0.006466587134890286,9.818034775007982,-0.0056337935398170485,0.0012297852172588708,-0.003957091759325745
38.1,1.5013025412023195,0.005586624439234914,73.24564559745757,0.055407256863786725,0.0002006956013003853,3.00000049642221,-3.543292592340452e-06,0.0009765055559218805,1.4585924153441327e-05,0.7282067637649297,-0.05980916135340411,74.64614039815415,-0.17766028625890418,-0.0953240786036145,3.0388724991543565,0.0020409379016236694,-0.004849032276780907,-0.01957239440565537,25.033008702252943,121.56540573482627,80.27288647907157,1,100438.85065834555,8.048869054370911e-05,-0.042252504503935334,9.764677000557759,-0.0078899239843912,-0.002581984929188751,-0.0038250752304014052
38.2,1.5071362326309465,0.005607842684821301,73.54564010417786,0.05540788079138344,0.00020066850940084565,3.0000006696324473,-3.5571357650631745e-06,0.0009763844872188177,1.4624725983292616e-05,0.7101982150178018,-0.06960989509281229,74.94998924443095,-0.18230446885937565,-0.10063584827479176,3.038679741601712,0.0020910851596965523,-0.004836737700743443,-0.01960200281313903,25.033008702252943,121.56540573482627,80.27288647907157,1,100429.67121207154,0.03380479607961131,0.02972744000818609,9.846874147209935,-0.00528223955220664,0.0005974287707214415,-0.004003445763655797
38.300000000000004,1.5129699430571604,0.0056290633526408064,73.84563462222589,0.05540843470561323,0.0002006642672365743,3.000000719303334,-3.567450806484854e-06,0.0009762409113325266,1.4663519282769874e-05,0.6918545688218921,-0.07997379056951921,75.28867281893886,-0.18556997131244718,-0.10586922441880117,3.0440418292445526,0.002145583794841229,-0.004813871550471527,-0.019626677701817134,25.033008702252943,121.56540573482627,80.27288647907157,1,100414.72158347443,0.011496732576822634,-0.014965483656886004,9.810049011255813,-0.004202430742392981,-0.00021196855904815438,-0.003494189207935385
38.400000000000006,1.5193870287735636,0.005652410077359221,74.1756285907228,0.05540886397225029,0.00020068507166851268,3.000000637624836,-3.573271513535686e-06,0.0009760865657935103,1.4706186644796157e-05,0.6731005582116263,-0.09079770141619171,75.59298040457391,-0.18949256782267862,-0.11053657188721545,3.04200646422083,0.002138521269564417,-0.004791087645090286,-0.019648223105616956,25.033008702252943,121.56540573482627,80.27288647907157,1,100419.38110519377,0.016156350029383083,0.02964389852597287,9.748540733993336,-0.007569353100403665,-0.0003520838245911944,-0.0031542829133439864
38.5,1.524637362063739,0.005671515502404835,74.44562364484605,0.05540902823379571,0.00020071855822207583,3.000000481372978,-3.573291290187641e-06,0.0009759833479447977,1.4741096155379848e-05,0.7413548356821109,-0.07551194316172462,75.93924573280526,-0.12390487520144491,-0.09678984922239268,3.0459277544438277,0.0010777910906972915,-0.0013371567296975861,-0.018194931104559917,25.033008702252943,121.56540573482627,80.27288647907157,1,100431.55197052681,0.04001251537546757,-0.04290891780431119,9.815935265124025,-0.004047085958668189,0.001589690165037765,-0.0033905289590511036
38.6,1.5304710446724488,0.005692747468801894,74.74561812999774,0.05540899991763611,0.00020076751696152185,3.0000002478350725,-3.568520375918463e-06,0.0009759087778737907,1.4779888610842348e-05,0.7289873606429738,-0.08539087160177561,76.24381634243545,-0.12321774661721598,-0.10185872328659894,3.044999223837161,0.0011756710306269364,-0.0012815780674759747,-0.018169976063664016,25.033008702252943,121.56540573482627,80.27288647907157,1,100418.45874502989,-0.002077170370187148,-0.06872294735733298,9.812635132888015,-0.005625935515759832,-0.0005197503411661614,-0.0030086879621144865
38.7,1.5363046982738393,0.005713982811185174,75.04561259047816,0.05540877127264826,0.0002008215444039483,2.999999992110399,-3.559612805793007e-06,0.0009758848078371685,1.4818686513422398e-05,0.7166498099772564,-0.09598442480951004,76.56043823216812,-0.12414906486624964,-0.10863210768973759,3.0453604518759203,0.0012443945807762476,-0.0013188068469873748,-0.018144073543344283,25.033008702252943,121.56540573482627,80.27288647907157,1,100435.47732691647,0.03431234412550576,-0.018509542609444436,9.77609602761907,-0.004487461676886784,0.0008779828673451577,-0.003845357668994939
38.801,1.542721681531075,0.005737344440964162,75.37560646852667,0.05540835147678721,0.0002008775197286983,2.9999997358975112,-3.546809528816922e-06,0.0009759165987095475,1.4861367230339615e-05,0.704199372181241,-0.10718859765132546,76.86489992762718,-0.12556312874334005,-0.11556433849257937,3.044249845558945,0.0012193594677025448,-0.001259084579985359,-0.01816242670977411,25.033008702252943,121.56540573482627,80.27288647907157,1,100420.2547003986,0.02705305170431612,-0.05039463324647035,9.770871976333048,-0.001456132502923951,-8.511959421656987e-05,-0.0032261975797122796
38.900000000000006,1.5479719156998135,0.0057564595597160055,75.64560144109439,0.05540794205911551,0.00020091441714606726,2.9999995807185207,-3.5355548778195207e-06,0.0009759803786002497,1.4896293458623552e-05,0.6916580447359396,-0.11917857713456992,77.18163012909629,-0.12601994675638464,-0.12248550671040867,3.044998665442288,0.001336052219090134,-0.0012427521399680508,-0.018188187601017716,25.033008702252943,121.56540573482627,80.27288647907157,1,100407.88620220199,0.017913335073418517,-0.0028625882264776813,9.815363078499544,-0.005020309194028951,6.874736107914561e-06,-0.0032697484836304194
39.0,1.5538054901079406,0.005777698482753626,75.94559584212917,0.05540749243758493,0.0002009410067570687,2.999999482663855,-3.5239554683844423e-06,0.0009760773647862209,1.493510883751469e-05,0.6789718500085357,-0.1317012621368276,77.48623867204721,-0.12789129803173999,-0.12728320423347655,3.047055637817033,0.0013841836829801349,-0.0011397772859085276,-0.018190625187259394,25.033008702252943,121.56540573482627,80.27288647907157,1,100410.45621180687,0.011872621541484898,0.003445916641363563,9.849035705448545,-0.005472117193889481,-0.0037215572880666217,-0.0036793985587081236
39.1,1.559639054244543,0.0057989361751758055,76.24559023801578,0.05540711823866016,0.00020094972680092057,2.9999994774098466,-3.5147948989612025e-06,0.0009761844577322876,1.497393383817558e-05,1.238211803342728,-0.27550883939514503,78.02568884608,0.023800994122238375,-0.16716257767608106,3.081439327574919,0.0019404747806846326,0.0012789778681534525,-0.01825674036931771,25.032995654984347,121.56542193379457,91.42494161283659,1,100390.60880912226,0.015333365814784117,0.04850423179908424,9.819994645447006,-0.004960509850869823,-0.0004595605471400196,-0.003385943013283236
39.2,1.565472591303412,0.005820171393885258,76.54553328844085,0.05557017209098175,0.00020137307642415764,2.9970748910253633,-3.3105066501391117e-06,0.0009030601619377521,1.5012489953772296e-05,1.2406791099578995,-0.2923959749185428,78.33382297724975,0.025606290253610928,-0.1716225894429532,3.078241007423583,0.0019928817728720825,0.0012416538614274941,-0.018273035784129726,25.032995654984347,121.56542193379457,91.42494161283659,1,100398.12297399834,0.01718292384082087,-0.08410730630326302,9.651816853774472,-0.008360676886313754,-0.004447331645511854,-0.004158584762070002
39.300000000000004,1.5712887897408454,0.005841359257503671,76.84330268158864,0.05814643707503046,0.00020641959781012373,2.952925294272233,-1.2177145074897405e-06,-0.00016155502884229733,1.5050115482391936e-05,1.2433648719540777,-0.31010446132095243,78.68124177045829,0.026762287263701123,-0.18037246061257234,3.0379404723138355,0.0020001823492236896,0.0002490771497065669,-0.018273715219474643,25.032995654984347,121.56542193379457,91.42494161283659,1,100396.42340212788,-0.024602481100977933,-0.027531390828486026,9.045315171451403,-0.006690087315582233,-0.015328493239073197,-0.0031571719355063172
39.400000000000006,1.5769903835191421,0.0058623155990069915,77.13372238489706,0.06120366859283418,0.00020977374484873828,2.8575274678487763,1.0394693251009125e-06,-0.0018713035509050346,1.5085100657016653e-05,1.2461257284973333,-0.32855286508765535,78.98053043591548,0.02811078080237787,-0.1879430022945693,2.9404185354840138,0.001988054480306931,-0.001313973613324304,-0.018263991096255802,25.032995654984347,121.56542193379457,91.42494161283659,1,100405.18277049152,0.03230853843589622,-0.016815332736797334,8.557095541186978,-0.005455066696456671,-0.020269875258632726,-0.004269152353969359
39.5,1.5820451455178715,0.005882555070892735,77.39047601055977,-0.03993736550997639,0.00019560486668896766,1.9841778345247085,1.8660433404532318e-06,0.042647830935232056,1.4527456366595076e-05,1.2484807772418904,-0.3476076670214973,79.26110431124324,-0.0005536929482755585,-0.19117993161135569,2.0367016159781883,0.002046203055401624,0.042572117953608934,-0.01817395676605678,25.032995654984347,121.56542193379457,91.42494161283659,1,100394.13911534534,-1.1958453217157152,0.004442050434210698,2.8010773747783855,-0.006593553540092058,1.5874079707977051,-0.0036038733523076345
39.6,1.5861421248802738,0.005901623397589185,77.59934904685718,-0.2506520474405262,0.0003837139376298021,2.2372682242804647,9.574483354024415e-05,0.1566200257883188,1.3597560741143526e-05,1.2500497820995093,-0.36698731206586316,79.47808229247156,0.0770353568875287,-0.19774467353355932,2.3329122088700442,0.0021439596819709285,0.1569539514067846,-0.017932754494765,25.032995654984347,121.56542193379457,91.42494161283659,1,100386.92894759118,-0.12072274617207221,0.02506928821779469,9.89453827292327,-0.0012920263042707847,0.6408154309186662,-0.003180958583645817
39.7,1.6038630904392912,0.0059143733683604555,77.821236361954,-0.20057033558779622,0.0004608524652709131,2.200594763004825,0.00018412277618539872,0.20802937388937082,1.5554678233361163e-05,1.2654744966163614,-0.38726468761691724,79.71246455289103,0.24213674804184387,-0.20824148928066039,2.275390394817515,0.0023007652051897356,0.2085534650658616,-0.01783115200887522,25.032995654984347,121.56542193379457,91.42494161283659,1,100381.42610393534,0.007916336935345328,-0.07418069150755871,9.41190083186391,-0.001683694498417179,0.3772841593004537,-0.0042392158331589986
39.800000000000004,1.6399900661348663,0.005911082622030612,78.03582540270853,-0.04793993406938003,0.00027552702446209285,2.1401428359804067,0.00018221518628117256,0.23510229432519103,1.4838658498258494e-05,1.2996175815961435,-0.40863894955607444,79.9353422261606,0.4416716407925761,-0.21914393801997709,2.169692928068277,0.002344260105905287,0.23577401443135204,-0.017771570024096385,25.032995654984347,121.56542193379457,91.42494161283659,1,100380.03438121371,0.002899577766106689,0.01023129132411343,8.678729766971253,-0.00537613714746793,0.19284404996428,-0.003588608024991952
39.900000000000006,1.6961326210172563,0.0058917945932142664,78.23709424434317,0.15488852787194174,-9.456560564815347e-05,2.043189558130563,6.865308201730607e-05,0.24911329953894734,1.0200010746393759e-05,1.3540444579743725,-0.431046803367641,80.15473525419199,0.6471407799314711,-0.22882644490655693,2.0177137867872936,0.002232816319473761,0.24985883768521577,-0.017771051673787792,25.032995654984347,121.56542193379457,91.42494161283659,1,100396.2369314088,-0.0560361645357918,0.02118203154275427,8.368543041107216,-0.0069019534644277425,0.09748759150151692,-0.004305172794641686
40.0,1.7726171880311203,0.005866796725080436,78.42181508026815,0.3808394960752694,-0.00044964738001154834,1.9263492545224896,-0.00012130102755134023,0.2562415768316646,3.6807714521970984e-06,1.4290128098004962,-0.4544887504964405,80.34772501970325,0.8526092462714575,-0.23970553796277685,1.8395907836009924,0.002086030815200316,0.25710179297810987,-0.01778340399813455,25.032995654984347,121.56542193379457,91.42494161283659,1,100382.40635552112,0.0007603762940886459,-0.049522742550503165,8.193305760483563,-0.00870700552722772,0.0497407822530405,-0.003931192670539891
40.1,1.8693324113138305,0.005852707094400213,78.58832926955857,0.6162370918179285,-0.000638221119809453,1.7989895360832246,-0.0003448893310159612,0.2597784320236678,-2.2445879386165347e-06,1.5915609164673417,-1.5187921258111754,80.18943669345532,1.0753545910399878,-0.5286699008246292,1.6051155791394256,0.00662055938001624,0.2610650546401645,-0.01716170497112656,25.032972172565557,121.56541583501159,85.39056282380126,1,100356.71213255788,-0.04553601549942138,0.04480207219496713,8.248295170461907,-0.00687656703280131,0.023039701204459813,-0.004139658112470565
40.2,1.9860066111070067,0.005868378656301835,78.73582211379572,0.8542639533306892,-0.0005671267782780841,1.665392715385897,-0.0005597404767911297,0.2614470931204056,-5.558271862266331e-06,1.7091515062701435,-1.5721832412279155,80.34039963502,1.2758618497907874,-0.5399240233027633,1.413104091116757,0.006447635425857813,0.26285314066419274,-0.0171702763599973,25.032972172565557,121.56541583501159,85.39056282380126,1,100386.62947750176,-0.10070173053285522,-0.021763945239783197,8.116706975852045,-0.005828522322509952,0.010879152048109835,-0.0034295298212915896
40.300000000000004,2.1223052887159723,0.005931432693924127,78.86392294203635,1.0915419408481797,-0.0002226450713308223,1.528267256965983,-0.0007382743079302702,0.2621405575607605,-4.89866763040374e-06,1.846659258065703,-1.6267294663001153,80.43307815452062,1.471832093390407,-0.5527753448632601,1.2123324364925172,0.006390618266310517,0.26361190229275433,-0.017161702742082598,25.032972172565557,121.56541583501159,85.39056282380126,1,100378.23672776381,-0.2193336786184263,-0.07786181116760059,8.14104132967754,-0.005259002174083921,0.004987956375425637,-0.004122214349495333
40.400000000000006,2.2778674746526812,0.00605611030213844,78.97248669094779,1.3264057209317517,0.00035569793903082617,1.3890806896777321,-0.0008685981041655659,0.26232822527983957,6.194728563915634e-07,2.003573175652415,-1.6827106111785506,80.54445739468163,1.6655592608403234,-0.5668345863966834,1.0148547294372978,0.006424909878794766,0.26393879286541866,-0.01717641325081229,25.032972172565557,121.56541583501159,85.39056282380126,1,100376.46881894552,-0.20794710375314548,0.0006669592461846768,8.059184328476105,-0.003230899409295028,0.00015178232642335245,-0.0036556527521476702
40.5,2.452323190203953,0.006252440204517636,79.06148666041175,1.5580567127569676,0.001100584575503339,1.2486755800546252,-0.0009519756660418804,0.26225445244238443,1.1564620815533732e-05,2.1795495328980037,-1.7401106817425023,80.6430930409232,1.8538801368734257,-0.5811857861698494,0.8210538901365148,0.0064531686820638425,0.263969837635355,-0.01716215174314488,25.032972172565557,121.56541583501159,85.39056282380126,1,100374.27713875865,-0.23686028029290776,-0.009207253892986773,8.052457663583732,-0.003751957340747833,-0.0016098811357725122,-0.0030825015174468723
40.6,2.645301030100809,0.00652647193922922,79.13095638281992,1.7861295628460134,0.0019414106573225677,1.1075249703592582,-0.0009979680285794777,0.26204708435392754,2.8310192033508756e-05,2.3742196947575644,-1.7987969936051456,80.71538005020051,2.039164650748087,-0.5930189258310791,0.6245219246866011,0.006507302940729214,0.2638673863607408,-0.017157304746784893,25.032972172565557,121.56541583501159,85.39056282380126,1,100393.28680841907,-0.3079071756418184,-0.06660541590913352,8.122751458105004,-0.006489783960017856,-0.002197354269985345,-0.0036362790574922563
40.7,2.8564320045093914,0.006881159074806142,79.18095997671787,2.010476149707911,0.002819461520307796,0.9658897896929244,-0.0010201796091892687,0.26177282588876105,5.110412206180072e-05,2.587709759036015,-1.8587600316555775,80.70935509964272,2.2225834977949557,-0.6074696022667498,0.42014977795944947,0.006497183731874073,0.2636530984788188,-0.017136353744557787,25.032972172565557,121.56541583501159,85.39056282380126,1,100353.24677630303,-0.22537986077212244,-0.02812234793317452,8.145337400421925,-0.006130475658722751,-0.0019740930672649077,-0.003492289210393861
40.800000000000004,3.0853513963585217,0.007317531776191881,79.21157658961144,2.231056401415112,0.0036961628440948663,0.8239334966461576,-0.0010314195999101003,0.2614664247385168,8.013090403837506e-05,2.819045652432858,-1.9202801598108086,80.74173177723696,2.4031248810829937,-0.622769560582878,0.22738663451840202,0.006634890796600465,0.2634677377390513,-0.017110460275046417,25.032972172565557,121.56541583501159,85.39056282380126,1,100371.35160400886,-0.327317143873885,-0.05957922713158825,8.105264101444018,-0.0068941604847882285,-0.003145230288957847,-0.00379098626538797
40.900000000000006,3.3316996247919537,0.007835784189624143,79.22289216673688,2.447883688024909,0.00455178767968666,0.6817203402611394,-0.0010426231338173568,0.2611462237730855,0.00011549224858900878,3.068167873165293,-1.9832458489584928,80.76139012716524,2.579091028571296,-0.6367637826815872,0.035421696135923296,0.006725714624838366,0.26320691971544674,-0.01711353887921598,25.032972172565557,121.56541583501159,85.39056282380126,1,100366.42474827201,-0.3919141542203631,-0.033590611847808344,8.109354600091953,-0.007064300320196198,-0.00313577327999203,-0.003321289435099841
41.0,3.595122771723604,0.008436169756358655,79.21499565966941,2.660997710503279,0.005382959498686929,0.5393266821681656,-0.0010607243000097105,0.26082125503291187,0.00015724939052355304,3.3346716787748676,-2.0476672549544905,80.75533171128026,2.751246354762927,-0.6515082810761043,-0.1572993434643484,0.006712717499793791,0.26295653583608725,-0.017073606170465286,25.032972172565557,121.56541583501159,85.39056282380126,1,100368.85654773744,-0.38541827440924253,-0.004687138761403252,8.013875278852202,-0.005020257630210407,-0.0021292070680376677,-0.0035941233237150524
41.1,3.8752725457084045,0.00911957547821209,79.18797610785806,2.870450118060062,0.0061960865256125,0.3967522732372696,-0.001090121551956579,0.26049698881645256,0.00020539774269258296,3.5413010234257993,-0.32111568765964593,80.81301882831566,2.9009447396352415,-0.16637031915788547,-0.3344861127470308,-0.0015683774376750777,0.26231836058617763,-0.011155230153778553,25.03302064305323,121.5654311601695,91.83136499855368,1,100372.25638047574,-0.4952211436421038,0.0018425293355825642,8.062501932752934,-0.00515335760878568,-0.002834176344924489,-0.003591132728820041
41.2,4.171806621865606,0.009887794942331978,79.14192264250654,3.0762987481015918,0.007002805166112689,0.25404264433619134,-0.0011322273185034948,0.26017514155910826,0.00025977138547970426,3.8395990666917323,-0.3380265588472327,80.77003238373253,3.064616871537093,-0.1720833808810013,-0.5247048609850925,-0.0016081442551670409,0.2621543003116491,-0.011120032402122913,25.03302064305323,121.5654311601695,91.83136499855368,1,100373.74547007942,-0.42541164048253266,-0.04168200779163851,8.082127147849956,-0.006786023356367556,-0.00437807227616168,-0.00219605626116901
41.300000000000004,4.484464514772879,0.010744175640794043,79.07721832701942,3.2785106663912478,0.007816261512407854,0.1263167065303536,-0.0011921060086215727,0.2593809925591346,0.0003209538840760451,4.154240708622443,-0.3556392379464502,80.70723098094398,3.230386383108186,-0.1800567660939832,-0.695710140080718,-0.0017264695094817116,0.2614273549248256,-0.011048725910595709,25.03302064305323,121.5654311601695,91.83136499855368,1,100365.90723319714,-0.5073272760411965,0.006969071461616856,8.784617151288785,-0.007883283247185676,-0.032738711093159206,-0.002276101123613567
41.400000000000006,4.8141877820907855,0.011700695438496916,78.99948959083963,3.4730524275675863,0.008676974381810565,0.04908128927268423,-0.0013521269931938372,0.25187345169162745,0.0003959528858645984,4.4862317140932655,-0.3738462502162587,80.63253007413634,3.4089384745852316,-0.18447062869186853,-0.7926912138756685,-0.0017723862949870842,0.25410282643482107,-0.010950122938881337,25.03302064305323,121.5654311601695,91.83136499855368,1,100395.53318780368,-0.5495544045515357,-0.07535671632932855,9.082030640440635,-0.007659678084027302,-0.1039016901330566,-0.0032446805894088167
41.5,5.161061690431855,0.012777419527124249,78.91376117518006,3.6523123989032746,0.009701522174084633,-0.010240822476080377,-0.0015897515901687612,0.2401682397994922,0.00048275220194841733,4.83708329157361,-0.39257002102623384,80.48654496591898,3.5831559226565974,-0.18832068309462516,-0.8609806430611305,-0.001971658911526711,0.2424717122078326,-0.010849667141191219,25.03302064305323,121.5654311601695,91.83136499855368,1,100382.80453447145,-0.6039111313387444,0.011517603405144163,9.545163323575949,-0.005950144283350216,-0.12392604485490682,-0.0032780809245099795
41.6,5.524516334620664,0.014001264796591592,78.82425299598002,3.8148754892015964,0.010929806305361917,-0.03510478199654099,-0.0018432029888870187,0.22829606370659983,0.0005758557324872459,5.203761758570793,-0.41159334157877936,80.39919211738383,3.7491086949774224,-0.19247417273720344,-0.8779660209223258,-0.002221763878599313,0.2307234740151931,-0.010728370186502849,25.03302064305323,121.5654311601695,91.83136499855368,1,100377.18252878448,-0.6478034044457948,-0.00697543489476173,9.947317141224016,-0.010684059320428249,-0.11162795152573703,-0.0021037937123440068
41.7,5.903906689729112,0.015400863867856886,78.73502313446174,3.962833714896979,0.012331942052469328,-0.022141255738339423,-0.0020486979083641625,0.21820742014107397,0.0006702847734824361,5.86648970412763,-0.4458350561100474,80.28689751192775,4.074603136881219,-0.2078893597133901,-0.8773062971077854,-0.0021714966940113946,0.22900545906492975,-0.01142752652750786,25.03302064305323,121.5654311601695,91.83136499855368,1,100387.65911761261,-0.7091687865748528,-0.010942303748434412,10.281899389312583,-0.009240468206966624,-0.08836499446612658,-0.0028710446312333526
41.800000000000004,6.2985658451686435,0.016999860407043342,78.64928842256425,4.099242780282803,0.013839866864107403,0.024560088307108974,-0.0021719938088056705,0.21054820687477527,0.0007624017517041183,6.282157504184248,-0.46675638747236275,80.20122430881383,4.23812113336046,-0.2104439207378895,-0.8317620411330493,-0.002241146427570572,0.22147217639484484,-0.011344686511885705,25.03302064305323,121.5654311601695,91.83136499855368,1,100359.06113740314,-0.7161660091192472,0.014419751159599228,10.44656414250366,-0.006953921344608446,-0.06508622841894336,-0.0027816686907202667
41.900000000000006,6.707869956482146,0.018812493034473986,78.56929378525176,4.22690967813663,0.015379101343423093,0.09487364918229584,-0.0022007073047464808,0.20523332692372787,0.0008502413088179924,6.711887916693617,-0.4879674846004092,80.18404528989494,4.393785746113368,-0.21482793147132503,-0.7588633396700473,-0.0022494037908897205,0.21628313076835504,-0.011259280653490017,25.03302064305323,121.5654311601695,91.83136499855368,1,100373.3752785679,-0.7418439980285939,0.029088847279001143,10.604688127971384,-0.005959599607560527,-0.0434704255604734,-0.003216941645733017
42.0,7.131257752747166,0.020841998072679103,78.496325429356,4.348135897777036,0.016874237903830296,0.18026602649646634,-0.0021360818699906513,0.20190640788272263,0.0009339769173273098,7.158916446543214,-0.5096394347939271,80.11172419803552,4.546612543064269,-0.21890510315182996,-0.6876174829550808,-0.0021790477142100174,0.21310494547967007,-0.011178891542335843,25.03302064305323,121.5654311601695,91.83136499855368,1,100399.43560123244,-0.7102644053829886,0.01929165536171096,10.660816991586636,-0.003851953470368133,-0.023595098974260525,-0.00252541010785079
42.1,7.568249018845319,0.023080482272390575,78.43091269191159,4.464735221446298,0.018257865265877412,0.27372270398392423,-0.001993612421492351,0.2001550508631489,0.0010142730689631286,6.937105710548759,-0.7767515982814375,79.93884115707053,4.510881000880098,-0.29672271487430946,-0.618021250731192,-0.0009028530155371049,0.20860023619138968,-0.01372289234238616,25.032990283173145,121.56545465980338,89.17496383633016,1,100386.36158383603,-0.8146934714838062,0.009631721099253098,10.581084808836547,-0.004887538614947179,-0.010895187841511972,-0.0022597846965451145
42.2,8.01844329266055,0.025511075350515694,78.37302380947574,4.578105677719569,0.01947720422986394,0.3692559484475034,-0.0017959703201932001,0.19958056371898758,0.001092079329298912,7.395277511025735,-0.8066696212717641,79.88058150541782,4.651806093373934,-0.3020452718587299,-0.5475719311281699,-0.0006552175335979302,0.2082132181291665,-0.013633025770549864,25.032990283173145,121.56545465980338,89.17496383633016,1,100380.44153505776,-0.7838093524996939,-0.03512587131258384,10.538331544623608,-0.0014292817703447022,0.0013825320146467405,-0.0038068981009759598
42.300000000000004,8.481509255222482,0.028110887462619652,78.32224658675933,4.689291537934574,0.020494537191771765,0.46266805218620155,-0.0015704530916446535,0.19982632284288981,0.0011684275432854718,7.867124188459298,-0.8371370047516374,79.83984324383489,4.79087417961169,-0.3078263666326497,-0.47761096202234615,-0.0003599082900230229,0.2086384505340586,-0.013589165699387357,25.032990283173145,121.56545465980338,89.17496383633016,1,100373.4511367817,-0.7927159274574482,-0.01943580249322588,10.54170520759056,-0.003864319858575934,0.005026337819728571,-0.003071122554962027
42.400000000000006,8.957174643841205,0.030854354939997802,78.27796433746285,4.799033346196351,0.02128978351090799,0.5515273475788148,-0.0013442192943307037,0.20057806643755582,0.0012441174907901853,8.353003963136395,-0.8681442264633771,79.79515157395858,4.926624193626201,-0.3129442819912458,-0.4176547626926693,-0.00016575977639289238,0.20959832356235752,-0.013541804469275557,25.032990283173145,121.56545465980338,89.17496383633016,1,100392.92275310998,-0.8427218415498541,-0.008543866407159905,10.451764258424477,-0.005175602553013153,0.011650898565063515,-0.003025081768247961
42.5,9.445207472896902,0.0337163589712889,78.2394585972658,4.907807128618106,0.02186181814489998,0.6343600414575761,-0.001140754235256865,0.20161133280851096,0.0013196128937070532,8.850512396122546,-0.899546527509158,79.80567854054208,5.059581544920053,-0.3177414596418154,-0.3585357494710806,1.8418475003819344e-05,0.2107765814392093,-0.013488229675685907,25.032990283173145,121.56545465980338,89.17496383633016,1,100382.31165552419,-0.8728465505078895,-0.06036492017579043,10.423976946992916,-0.002758432823875466,0.010126655542039365,-0.003700465581001665
42.6,9.945404880733408,0.03667473144835034,78.2059968937742,5.015893784430341,0.022227551825006638,0.7105319858860256,-0.0009770129142748667,0.20275948410946731,0.0013951468298447967,9.363024913279396,-0.9315651664231509,79.77206765886919,5.190427347127071,-0.3228476050492149,-0.31466484372671333,0.00024007570811084098,0.21215377259467294,-0.013427364355689392,25.032990283173145,121.56545465980338,89.17496383633016,1,100390.05012897901,-0.8733215441389847,-0.0030624588903528016,10.268753649820562,-0.004802788203540294,0.011864114171237413,-0.003701262066378658
42.7,10.457583508076887,0.03971201556262593,78.17688776157422,5.123420869144881,0.022419681076957163,0.7800460569616474,-0.0008618609610977913,0.203903120022225,0.0014708515233006743,9.890005155344873,-0.9642480038563732,79.7133880502991,5.322107685074584,-0.3288594804637302,-0.2801144374703842,0.0003792936132055195,0.21352633762758488,-0.013352125650117681,25.032990283173145,121.56545465980338,89.17496383633016,1,100397.5461070033,-0.9040248504131406,0.02970524112468939,10.251685883480798,-0.005432549526868252,0.010792354130275326,-0.0021024240348661277
42.800000000000004,10.981569619132664,0.04281634188324459,78.15149897076078,5.2304023826183785,0.022478742124755126,0.8433829271235984,-0.0007983288698025605,0.20497497349893812,0.001546901452201619,10.428572181062588,-0.9973377028200577,79.68706748469836,5.449627880863046,-0.3334913639183525,-0.24713525457632443,0.00039407996316576446,0.21480886081805695,-0.013264436776277998,25.032990283173145,121.56545465980338,89.17496383633016,1,100384.48890137361,-0.8495085118470888,-0.04453919530977245,10.135024050631552,-0.00523725763639929,0.010632367156316849,-0.0027593085399579657
42.900000000000006,11.517197000805549,0.045981391703022546,78.12928736708633,5.336779298606689,0.02245003867243552,0.9008935688734061,-0.0007835502653623534,0.20592749685131095,0.0016233498955323395,10.979682401397937,-1.0311150930575164,79.6693429465866,5.578643116633745,-0.34174853707070074,-0.21776796088711808,0.0005062751300605713,0.21598552824932393,-0.013195724129865215,25.032990283173145,121.56545465980338,89.17496383633016,1,100396.42700320508,-0.9207130878467557,-0.025412763495613944,10.078375901508181,-0.005116562630005041,0.011403073079689527,-0.0028997700038042432
43.0,12.064299866927966,0.04920593693773145,78.10978450683076,5.442446312266411,0.022379396110428086,0.9534396888219956,-0.0008081307001440048,0.20674574324106,0.001700280401994796,11.380518738629672,-0.949774346179258,79.66344490866273,5.611902667451125,-0.27661115685493765,-0.18229280995924602,-0.0009567187367755885,0.21277358664872192,-0.0059608527066938,25.032990283173145,121.56545465980338,89.17496383633016,1,100378.9445833917,-0.9579033638567399,-0.023114030261917606,10.077190007279892,-0.004874336227085566,0.006871119621640385,-0.002422943146585298
43.1,12.62271307665331,0.05249284811246481,78.09260434585569,5.547274228609227,0.022308026020430312,1.0014641058673983,-0.0008605338249059605,0.20742723950133946,0.00177776465008758,12.521687953264308,-0.8387985512201152,79.44575500065223,5.890610264521041,-0.23688659627634173,-0.19883164502664435,-0.001333915870643476,0.21611720153491643,-0.003806753064531663,25.03299420258237,121.56552601648619,86.61575340891893,1,100406.39180533552,-0.861187789207038,-0.009205571762594525,10.00114081160463,-0.00750767743330993,0.007211223363085826,-0.0034354799092202676
43.2,13.19227055253575,0.05584779953199806,78.07743264668784,5.651135852494404,0.02226458229226083,1.0458370397012622,-0.0009297905339972166,0.20797386417347052,0.001855794442360581,13.116891418849326,-0.8627019346604755,79.42673826649381,6.012501718269666,-0.24090918748302217,-0.18129619405248332,-0.0014205199777819436,0.2167868930945238,-0.003719771198667651,25.03299420258237,121.56552601648619,86.61575340891893,1,100377.76346212122,-0.9535072816847423,-0.015550229733980563,9.986933689802742,-0.007700290252762027,0.006349506125815361,-0.002991934680070858
43.300000000000004,13.772803108623334,0.05927799522398752,78.06401050083613,5.753897187996012,0.02227126366378767,1.086992680696096,-0.0010042089625396666,0.20840781164542688,0.0019342933612595543,13.724099190284111,-0.8870233582498819,79.41013582753185,6.132309519323932,-0.24563440356635924,-0.1663584259304522,-0.0013631933996012498,0.21732903428925043,-0.003628311115955708,25.03299420258237,121.56552601648619,86.61575340891893,1,100387.72406418817,-0.9225713208082583,-0.08419066140799525,9.972920606938105,-0.006947663729260363,0.0038287917448662735,-0.002931688827138342
43.400000000000006,14.364140110781879,0.06279107387316121,78.0521282230847,5.855452458198694,0.02233873198793878,1.1254725113035935,-0.0010735473722321542,0.20874656275346504,0.002013229155967803,14.343281587740675,-0.9117287555349742,79.39415305722035,6.250034263517043,-0.2477192962627479,-0.15373435733623064,-0.0014201688013530174,0.21777546331858177,-0.0035608211819260606,25.03299420258237,121.56552601648619,86.61575340891893,1,100377.84979639298,-1.0189140677258657,-0.03192838076099524,9.94184447724996,-0.008445387119655184,0.0032176588891398936,-0.0028748402018905295
43.5,14.966109673994556,0.06639409164470028,78.04161429954291,5.955712990746485,0.022467212011341674,1.1616141410523375,-0.001131206267015661,0.20900874929602287,0.002092529366071535,14.975425607432351,-0.9366763539211966,79.35746628445771,6.368585574379478,-0.2503533257760002,-0.14349104971585072,-0.001392656951850071,0.21826652463416485,-0.0034762698194223153,25.03299420258237,121.56552601648619,86.61575340891893,1,100400.54194858341,-0.9851472991201261,-0.025472330938368003,9.900951949790892,-0.004623333047209479,0.003976632568587536,-0.002640592840397161
43.6,15.578539577570092,0.0700928025575373,78.03232779854324,6.054614239798447,0.022647724193907974,1.195833509774299,-0.0011734273758935803,0.2092081800591039,0.0021720607338573472,15.617980592991492,-0.9619059292792361,79.34360948826868,6.482128959289398,-0.2541021178808341,-0.13426486616997804,-0.001363064490802992,0.21860850074419935,-0.0033781833667732306,25.03299420258237,121.56552601648619,86.61575340891893,1,100390.55164084426,-1.0256520044638284,-0.03745785230305505,9.883258662372555,-0.0035449550390688356,0.0034275358560478695,-0.0031914194861737077
43.7,16.201256679172683,0.07389134563907356,78.02414578326531,6.152103541798949,0.022868626885449765,1.228327834983801,-0.0011984958591554644,0.20936487029826467,0.00225176297250752,16.27193689930367,-0.9875439443802191,79.32977620647297,6.595816601866156,-0.2587383847721111,-0.12455648468222225,-0.0013482505083283062,0.2189207345284525,-0.0032737810685545144,25.03299420258237,121.56552601648619,86.61575340891893,1,100369.48262893913,-1.0038353800481392,-0.026267530729495614,9.952905983719953,-0.004649469143150428,0.002243249723754063,-0.003705625634449423
43.800000000000004,16.834089462514992,0.07779208872527343,78.01696510014807,6.248156175201486,0.023113346898413514,1.2593298094357386,-0.0012069943652856397,0.20948656086643136,0.002331540027460894,16.937145302781474,-1.0134600009996568,79.31781010132497,6.708121052233631,-0.26000573535837124,-0.11611114243991763,-0.0012825483753839233,0.21916397630597984,-0.00319051462062119,25.03299420258237,121.56552601648619,86.61575340891893,1,100403.74420511484,-1.0373074480271876,0.01436310836788732,9.974200219765242,-0.002867861313746828,0.0014619607600742765,-0.0018707347209598198
43.900000000000006,17.476867432241807,0.08179569424991519,78.01069417057327,6.342754789496884,0.023365375455420372,1.2889981267652904,-0.0012017001387829372,0.20958230079508677,0.002411225076145335,17.616900432666547,-1.039750485490349,79.26367832449323,6.8212470121538304,-0.26213507907203104,-0.11341665414363922,-0.0012337933013750854,0.21933453367477695,-0.0030684561821022415,25.03299420258237,121.56552601648619,86.61575340891893,1,100401.42013232259,-1.0181704135005532,-0.018840343966302017,9.893916139632823,-0.007539992344462246,0.0011221419489636465,-0.0022268221728294693
44.0,18.129421755686906,0.08590143086446204,78.00525122933615,6.435892636759446,0.023611083337563583,1.3174211737518058,-0.0011859067599737658,0.20965935821915438,0.002490667754742561,18.304384246374624,-1.066230546170491,79.2526741894816,6.927939379756514,-0.2663655539499706,-0.1075184081776324,-0.0011634654152217435,0.21951812335359167,-0.002924793718358551,25.03299420258237,121.56552601648619,86.61575340891893,1,100373.73919951238,-1.0948501450023003,-0.019687203292926423,9.840559034084123,-0.004174932879073842,0.001673012819175481,-0.0029886457007084386
44.1,18.791585342490084,0.09010759557246847,78.00056004231863,6.5275723541837065,0.023838166629073516,1.3447354415900121,-0.0011631001318364391,0.209723614367749,0.0025698632702276076,19.462538911342655,-0.04383345054684612,79.19067801933812,7.145279799537058,0.1271420855607439,-0.11366413920102118,-0.006638414271140366,0.22011605836002945,0.02666004791918822,25.033007358342598,121.56559266779972,87.87083534268552,1,100387.99868094762,-1.1030926667250454,-0.05043420874976516,9.841146316391848,-0.00456887023804275,-0.0021726708497760757,-0.0029612314710254894
44.2,19.463193767985963,0.09441177372680264,77.99655188450886,6.617804006444622,0.024038138570843907,1.3709816859339266,-0.0011369268098644471,0.20977689083523243,0.0026487087343474445,20.182401920603795,-0.03100563023086812,79.17957601912464,7.251732370726651,0.13013392223247564,-0.10935693688260126,-0.00665598916145844,0.22021211874629,0.02687071817788101,25.033007358342598,121.56559266779972,87.87083534268552,1,100401.40765165811,-1.101530422903887,-0.06787051651699613,9.789573477545115,-0.007670778628527303,0.00012524914191832932,-0.0022045261151601467
44.300000000000004,20.144085020582967,0.098811232004163,77.99316331776751,6.706600181114825,0.024205681704617614,1.3962611085724799,-0.0011104983470995112,0.20982015251295594,0.0027270770078892614,20.912368999371477,-0.017771962020522076,79.17572218903847,7.356133508736219,0.13417415379188918,-0.10355506008467828,-0.006580944010409663,0.22024972274192112,0.027072168959015007,25.033007358342598,121.56559266779972,87.87083534268552,1,100379.32476017796,-1.1234899520587962,-0.068237656684794,9.83086794145908,-0.005583029761622147,0.00041351476898316287,-0.0033916321609838273
44.400000000000006,20.83409938202729,0.10330324948484682,77.99033525499864,6.793972835292659,0.024341133342929304,1.4205853354177465,-0.001086063977521499,0.20985586760715025,0.002804857479285216,21.653139235214866,-0.003940455754589407,79.16559761250711,7.460006704958181,0.14208694832905905,-0.09909830549229105,-0.006565162574284751,0.22032042063025337,0.027270305468978323,25.033007358342598,121.56559266779972,87.87083534268552,1,100373.99270632534,-1.1517839471629014,-0.0011830442515613406,9.76540882755996,-0.0034119410544292137,-0.0012930321925882743,-0.0031315450392853435
44.5,21.53307974185074,0.1078853533813238,77.98801334413173,6.87993820534025,0.02444536992823883,1.4440331100888182,-0.0010650476023977402,0.2098841157577631,0.002881972425430802,22.400114152034565,0.010808373999551478,79.21401112038107,7.5598039195713485,0.14826115211273566,-0.0860513536671296,-0.0065456009300827855,0.2204492257987143,0.027435090237232514,25.033007358342598,121.56559266779972,87.87083534268552,1,100405.61167945054,-1.094775928278714,0.062068253697788525,9.850237301387516,-0.006543482239288609,0.001236239323299585,-0.0030027905085168566
44.6,22.240871361553005,0.11255544517023888,77.98614674016868,6.964511319765521,0.02452224619732302,1.4666500306594439,-0.0010480943654224057,0.20990601430489697,0.0029583592901192405,23.161118793533767,0.025949338937780366,79.20557597515628,7.66005794981759,0.15388291246637878,-0.08240654634159206,-0.006573485592367385,0.22055102634521173,0.027618381682841486,25.033007358342598,121.56559266779972,87.87083534268552,1,100379.58424257138,-1.1433643203262864,-0.062323846264709305,9.840797415191751,-0.0075705937024804475,-0.0004058787331135442,-0.0037734851826146387
44.7,22.957322156815408,0.11731181594560612,77.98468943927047,7.047708868693118,0.02457745752956616,1.4884642680172304,-0.0010350170946259582,0.20992125366924452,0.003033891937195869,23.928764176055555,0.041643680429716425,79.23759848605911,7.756830556602673,0.15709592926598773,-0.07257922120624155,-0.006639876535734338,0.2206488135304192,0.027818298607812268,25.033007358342598,121.56559266779972,87.87083534268552,1,100374.85744480319,-1.1883170211821137,-0.08383282000349321,9.784227501911868,-0.006906283913745504,0.0008462356264368677,-0.0024075738705616554
44.800000000000004,23.682282356337932,0.12215319254829848,77.98359867128595,7.129546447448568,0.024615899162835745,1.5095356202089398,-0.0010250112978596043,0.2099303603392504,0.003108528879670714,24.709297967063478,0.05762711863452436,79.23050197719482,7.8544690637423775,0.16298961719177832,-0.0687478147831478,-0.006607740494431304,0.2207465304013716,0.02800842920265635,25.033007358342598,121.56559266779972,87.87083534268552,1,100392.6733698789,-1.159027979099473,-0.04263547346143401,9.846902228471796,-0.005167163160977146,0.0016860937222628514,-0.004194427701850486
44.900000000000006,24.415604644051694,0.12707860146771788,77.98283559779846,7.2100398688910685,0.024643077076901644,1.5298918803837627,-0.001017125067652158,0.2099336257051636,0.003182201781629525,25.499834123681673,0.07415990852686304,79.22002199319849,7.949692113779132,0.1677028042536744,-0.06896093664349895,-0.006630505112477035,0.2208629162615967,0.028176689114071674,25.033007358342598,121.56559266779972,87.87083534268552,1,100382.12936631379,-1.2739828595322333,-0.003986551198066762,9.760847431941555,-0.007664780000496254,-0.0012697583223880817,-0.0027373381491033566
45.0,25.15717261190485,0.13208745019664492,77.98249942324858,7.289492596989641,0.024657327966805222,1.5565114453239934,-0.0010110766176373357,0.20965631127438922,0.0032550065726691486,26.299483568660932,0.09110206545803363,79.21332008130793,8.044918040510177,0.17161311906948593,-0.05688966763201036,-0.0067117220894903126,0.22067201105357137,0.028329974907607518,25.033007358342598,121.56559266779972,87.87083534268552,1,100379.10691168725,-1.2518146877951297,-0.02956653364533152,10.349402544119853,-0.004064335884195293,-0.02382776720052146,-0.0032890825742868386
45.1,25.907533673741128,0.13718423594323628,77.98637644755273,7.376313014000118,0.024644596882448317,1.574209933757227,-0.0010263168917185863,0.20130812206271043,0.0033322773214951246,27.040835597960847,0.012011986171349544,79.27296323917601,8.125746861288052,0.14683270685783636,0.009137773229675829,-0.006434708728926255,0.21216483724731705,0.027362800478374805,25.032998941459816,121.56565911678794,90.33242355440439,1,100374.64625779884,-1.2788060036445124,0.008125567370503847,10.201026736468178,-0.00693080133792554,-0.13343402671405452,-0.002607254336468386
45.2,26.66571584955112,0.14236878742385015,77.99520359905661,7.459758083655049,0.02455501677161067,1.5163710965602588,-0.001168127613620257,0.1854173006130817,0.003411994284438274,27.975787494791742,0.05172173640173665,79.25954800712047,8.290606128153872,0.16625774304675275,0.04444490305582546,-0.005943790971277344,0.20048546564223257,0.03333176399261702,25.032998941459816,121.56565911678794,90.33242355440439,1,100376.88001724075,-1.27296265303888,-0.00874379157573749,10.215690669787598,-0.0068304402667801085,-0.1792901201075023,-0.0031672459026387202
45.300000000000004,27.42969954539755,0.14764962816270322,78.00874030893424,7.525821095061552,0.024567289139409948,1.437417823813669,-0.0013968919582624526,0.16725770835570963,0.0034932620265060704,28.807696374838624,0.06857553755639902,79.27385795354486,8.354569008851149,0.1697561441616081,0.09386031410513472,-0.006226216817992998,0.18241610451048929,0.03363151728898932,25.032998941459816,121.56565911678794,90.33242355440439,1,100385.25695387606,-1.280019527476184,-0.018344427621154645,10.256300267074963,-0.006977740837466908,-0.18145459186383076,-0.0038512419194381194
45.400000000000006,28.197462751429324,0.15304444204146256,78.0275750890358,7.569613737403438,0.024830926844552115,1.3688439299501642,-0.0016393760470013144,0.15039514557998768,0.003573767717984445,29.645565773345826,0.0856502644412527,79.28581088296693,8.399959690506952,0.1713603515717283,0.14651325197583265,-0.006398607598558764,0.16569788706401023,0.033904078429305796,25.032998941459816,121.56565911678794,90.33242355440439,1,100363.76810758197,-1.3308893347207384,-0.06419996621112029,10.296656431093291,-0.01038775852999817,-0.15469345975542903,-0.002904991792696286
45.5,28.96722007330309,0.15857086466504275,78.05226115785354,7.592276393475425,0.025417012843940462,1.3260732747958797,-0.0018162381261577762,0.13684841605176135,0.0036480585803461973,30.489447888081894,0.10274069629672039,79.27546179759334,8.4302512478317,0.17187399386706934,0.20055169578018295,-0.006612797312531501,0.15229902281937524,0.034169537431836136,25.032998941459816,121.56565911678794,90.33242355440439,1,100394.40953835376,-1.3455158787690022,-0.05534085916425044,10.302606373345434,-0.005406223465495499,-0.11686335315526375,-0.002804905130488024
45.6,29.737561084050334,0.1642384676257728,78.08289955480134,7.597941661947092,0.026319908946782045,1.3111813599364939,-0.0018475214645036974,0.12742492933947802,0.0037107052047447558,31.33350366043237,0.11997854830306251,79.29838329240818,8.449399445718962,0.1722942494654276,0.25749974458743363,-0.006605509638169416,0.14297892357044284,0.034409057196869736,25.032998941459816,121.56565911678794,90.33242355440439,1,100390.65193471198,-1.322649424499815,-0.07643914387912894,10.219518029794184,-0.006294553033582029,-0.07502741127812527,-0.002872939707702727
45.7,30.507505642162876,0.17004191599055202,78.1190364503044,7.591691126702889,0.02743911854012134,1.3194128224438113,-0.0016967906917196515,0.12208793192805611,0.0037575645113872447,32.17897262432313,0.137241116304493,79.32713852113318,8.459135558906059,0.1738705181639869,0.30892057226697583,-0.0065434311541494195,0.13779293626767664,0.034608491649506905,25.032998941459816,121.56565911678794,90.33242355440439,1,100392.54411270104,-1.3112242097392968,-0.021910120447497586,10.16072865522222,-0.0014019353005114699,-0.03339139470810795,-0.0031794742663937233
45.800000000000004,31.27649043698061,0.1759594345548341,78.15971571490792,7.578523367446124,0.028613713322101005,1.3425745568130019,-0.0013832729852926635,0.12024412515841032,0.0037879801088939687,33.025335769121796,0.15468712476348837,79.36006278181176,8.467054781943427,0.17512557936534734,0.3473109844565176,-0.00627319375372847,0.13608706690348327,0.03472998114950044,25.032998941459816,121.56565911678794,90.33242355440439,1,100399.22617627804,-1.282261042723921,-0.05624439764036412,10.006929505955084,-0.004206401520349214,-0.0024843282088723045,-0.0034041515545449675
45.900000000000006,32.044301783561316,0.18195518843356262,78.20360476246313,7.5627575409379,0.02966671195897731,1.371523579258703,-0.000952623915035575,0.12100819864226242,0.0038039272785658825,33.87562473489947,0.17207576530600083,79.36425609222948,8.474647842099111,0.17533577341242101,0.36806620609675916,-0.005829615094461034,0.13704102795343953,0.034879492337555905,25.032998941459816,121.56565911678794,90.33242355440439,1,100375.72319534927,-1.2878999357127265,-0.047613452500080165,9.964441404061047,-6.968870139545044e-06,0.0173429934057378,-0.00338634003583442
46.0,32.81098440296459,0.18798426003675192,78.24922507363839,7.547763072218316,0.03043787991865718,1.3983025388789212,-0.00046869154427410845,0.12338031019865459,0.0038083017649023637,34.72342488282198,0.18974893860266967,79.40172291212362,8.482142292339768,0.1779367743352714,0.3791440955783054,-0.005368887726554059,0.1395899988373812,0.03498209186595176,25.032998941459816,121.56565911678794,90.33242355440439,1,100381.29878277298,-1.2711131311192017,0.02206043829454295,9.79317444059272,0.0013764032919572579,0.028459293985955664,-0.0037615807594440307
46.1,33.57673901737996,0.19399920970701878,78.29513987221448,7.535833017397016,0.030802551330350834,1.416944453286148,-8.115165477715243e-06,0.126402938009482,0.003803394782818608,33.515702967180374,-0.22526123090494996,79.5296154818095,7.933322869379852,0.05720237644953661,0.4132093613632617,-0.003884369007838822,0.13427009832525783,0.029295918321178196,25.032993313315853,121.56569790974402,89.06112970921191,1,100386.96956290252,-1.2163974322926205,-0.061323042443377176,9.61924335761505,-0.0011221583937456254,0.0325242886723614,-0.003494778051952334
46.2,34.3418270278983,0.19995688210030063,78.34009666019423,7.528095514636384,0.030710518435697155,1.4238531067102815,0.00036135049001166674,0.12930023867188156,0.0037905802230936442,34.30924371399826,-0.21958998271062538,79.57024214718633,7.937967238440005,0.055618860050198365,0.39820656661635623,-0.003511451412414329,0.13728181331006617,0.02939433302128123,25.032993313315853,121.56569790974402,89.06112970921191,1,100375.71002766902,-1.2689736996519014,-0.019034296991288856,9.572768040307762,-0.003560653414344279,0.027364430962781152,-0.004635538745025056
46.300000000000004,35.10649577508842,0.20582411306285417,78.38310629399832,7.524637545908433,0.030201373575569762,1.4176966717520987,0.0006008548004153816,0.13155329744055377,0.0037707873396659957,35.10574787088769,-0.21431918543908182,79.57682660572146,7.945659636069196,0.052505409161970794,0.3709433501354586,-0.003210056005401722,0.13968792238721606,0.029475095160760592,25.032993313315853,121.56569790974402,89.06112970921191,1,100387.27024586491,-1.1997539221007203,-0.05098293332037702,9.410357826335886,-0.002715340558217744,0.0189923392904777,-0.00481504674056909
46.400000000000006,35.87093106446183,0.2115811008518637,78.42347529492265,7.524696639833311,0.029372061168757724,1.3998084357603746,0.0006871739540716616,0.13293610470891148,0.003745108027608392,35.90074805726001,-0.2090812955875497,79.61243183404267,7.9544697794679236,0.05131924301497651,0.34159167490356673,-0.0030657782717125673,0.141204615934706,0.029563042291462296,25.032993313315853,121.56569790974402,89.06112970921191,1,100383.7538591212,-1.2246875603557448,-0.024206692218905625,9.498209541643465,-0.008475811622641643,0.010631879561738855,-0.0041219844202700666
46.5,36.63523985499488,0.21722242185882346,78.46080616678634,7.527076461424177,0.028377967546981193,1.3728137236799025,0.0006342959866311589,0.13347207012229823,0.003715083242306053,36.6915046788222,-0.20396875809367776,79.70654350448818,7.961473396914155,0.047606600567143116,0.3190070370175598,-0.0030444507453570285,0.1418824117617199,0.029650633644413248,25.032993313315853,121.56569790974402,89.06112970921191,1,100393.07565512773,-1.2276504582403902,0.009432536756451608,9.422178450411742,-0.006217818884105147,0.0006561843626299853,-0.004669769969739093
46.6,37.39945540101541,0.22275528242992113,78.49495090273479,7.530510634791237,0.027383315002570574,1.3402609720851446,0.000478437762139182,0.13334487380981241,0.003682347705181469,37.48805465035994,-0.1993602562349177,79.73685138260984,7.969093404731136,0.045536568401557086,0.28712415536245817,-0.0031422046046595594,0.14190686937627484,0.02972170139369628,25.032993313315853,121.56569790974402,89.06112970921191,1,100388.19065862059,-1.2337984228619663,0.014077996625116985,9.453654321387225,-0.008539277991344317,-0.0014970985639753821,-0.0037563171174973035
46.7,38.16355566616707,0.22819602699650257,78.52594256506845,7.533964978709579,0.026521810320275212,1.3054185187366836,0.0002618791887992666,0.1328084913094214,0.003648209815766729,38.28618147215397,-0.19485762083770494,79.75502501293293,7.977393265338459,0.04343754740785215,0.25293051820341894,-0.003291421304037116,0.1415110906126451,0.029822516973085217,25.032993313315853,121.56569790974402,89.06112970921191,1,100386.05386476769,-1.2573875105897396,-0.09102475568095418,9.41149259250204,-0.0055959403944815245,-0.006263261773462243,-0.004187542165722108
46.800000000000004,38.92748684985346,0.23356607723210185,78.55392347901031,7.5367721120195785,0.02588684564029815,1.2708381556831574,3.207971096760745e-05,0.13210816375057943,0.0036134907739001493,39.08430395473468,-0.19057028759224304,79.77891303139153,7.984962351702615,0.04333494283680142,0.2248296522440819,-0.0034912503541551163,0.14095702500028073,0.02988878433323161,25.032993313315853,121.56569790974402,89.06112970921191,1,100397.9176244766,-1.1991247205736721,0.01897937616069964,9.529001943434004,-0.0065590289079950756,-0.005948281173995034,-0.004348540150442137
46.900000000000006,39.691186394957356,0.2388877308277525,78.57910826676755,7.538573789673144,0.025508924115839982,1.2389376490897246,-0.00018249232658340032,0.1314421012973821,0.0035783164939821757,39.87807772260848,-0.18602815801480413,79.85114375947609,7.992017426945545,0.0438488069614911,0.20360230690494377,-0.0036629623636332247,0.14041660941300949,0.029966044218463883,25.032993313315853,121.56569790974402,89.06112970921191,1,100418.69778420233,-1.196311558158084,-0.04020849846240649,9.483846019920156,-0.006930027713447429,-0.006925298985976782,-0.003372238168074352
47.0,40.454600886166666,0.24418133770993738,78.60174945609644,7.539378544948588,0.025389825892614865,1.2104106908537524,-0.0003505162941144892,0.13092944131733586,0.0035426217634790163,40.67761925989327,-0.18166012137964402,79.87020550614022,7.998594858551962,0.042854521222611526,0.17763912399535825,-0.003889598803399298,0.13996028222572554,0.03004261738430284,25.032993313315853,121.56569790974402,89.06112970921191,1,100381.98016246443,-1.2531884907724309,-0.028843194453476766,9.519228010402957,-0.007294978662234561,-0.004833876949041655,-0.00489085187147314
47.1,41.21769259814883,0.2494625906124332,78.62206510422911,7.539361064151469,0.025488573025775424,1.1854334527273,-0.0004590127909771199,0.13061958492260173,0.003505968316597983,40.28574339102928,0.032081766838421975,80.0638066944194,7.5358249752823205,0.11708501357549399,0.19770061159047936,-0.005508770721419027,0.1305205524407549,0.031101013661163822,25.032999743251626,121.56579740276906,90.93891858341496,1,100387.54932105028,-1.2174848790358854,-0.05868780726253563,9.472429773023,-0.005143857753485758,-0.0017325582373166684,-0.004011523518926355
47.2,41.98044456493314,0.2547414750482765,78.64025433734339,7.538774038457836,0.025743028491260422,1.1638254985766079,-0.0005095623916915053,0.1305090495892327,0.003467953142999092,41.03933830015214,0.0437473147983128,80.08251774293683,7.535483027723548,0.1156501312592608,0.176296588443943,-0.0055716729576695614,0.13043149012041244,0.03117207021328306,25.032999743251626,121.56579740276906,90.93891858341496,1,100384.38214567272,-1.269425252423551,-0.009474847601826517,9.483136493417756,-0.005801136599498687,0.0010083999035311614,-0.00441555055485348
47.300000000000004,42.74285886892416,0.26002236978619986,78.65648780732049,7.537883345730625,0.02608933755792512,1.145034587412595,-0.0005082810919094167,0.1305605525578668,0.003428353932426605,41.7931186845874,0.05532749023755955,80.08985959314963,7.532946204218118,0.11772465951504152,0.1570684269659919,-0.005678470378440759,0.13049564001917902,0.03122347540500339,25.032999743251626,121.56579740276906,90.93891858341496,1,100374.57703792992,-1.2807647846452699,0.015047923738463326,9.5625776193268,-0.006367141531667687,0.0004943924892527379,-0.004021763405049021
47.400000000000006,43.50495266565902,0.2653047419077507,78.67091440851365,7.536906975057012,0.026466259179492857,1.12851373521158,-0.00046887444228624255,0.13072234933510063,0.0033870690340806167,42.54645530134187,0.06715051285564883,80.10463401239163,7.533664233959275,0.11890201939909552,0.1383715894594259,-0.005703242035861877,0.13064750321946694,0.03126567916688852,25.032999743251626,121.56579740276906,90.93891858341496,1,100386.68975607812,-1.244952915811577,-0.05147218230908095,9.50231391352823,-0.00451605856836585,0.002894190391251343,-0.00531160852309557
47.5,44.26675276715933,0.27058443584877606,78.68366461676628,7.535998979401621,0.026826057772407465,1.11373729628053,-0.0004054703730428544,0.13094230276128127,0.0033441310351322584,43.298903436404814,0.07902520988826031,80.1377855638931,7.5338674090910045,0.11884078301660676,0.12303832634055081,-0.005653080423531473,0.1309496654356268,0.03134359823550481,25.032999743251626,121.56579740276906,90.93891858341496,1,100372.54551846677,-1.2294294517221174,-0.02488394873649488,9.57128737065947,-0.0018083689828705873,0.002589024535483906,-0.00379441897965225
47.6,45.02829084837999,0.275855083674153,78.69486149013115,7.535244822976223,0.027135801189602637,1.100312168699245,-0.0003321603564301239,0.1311774312715035,0.00329966054635395,44.052213742645584,0.09084642618092678,80.14939655282137,7.533143046593185,0.11881581785158789,0.10933803693797862,-0.0056164928584860295,0.13119883861227288,0.03138665557612087,25.032999743251626,121.56579740276906,90.93891858341496,1,100374.90008917019,-1.2330016431762447,-0.00037435972544254056,9.524457392339642,-0.007871149885318875,0.001649803324760959,-0.004405742707897975
47.7,45.789599227768285,0.28110945813676846,78.7046229367066,7.53467432267816,0.027377783623577744,1.0879758055392887,-0.000261511248709983,0.13139708494017377,0.0032538086137965877,44.80466954467367,0.10286942418759888,80.17822708325929,7.533675379738606,0.12054725340951811,0.09671683948074183,-0.005581225365059389,0.1314493583152223,0.031457291326961616,25.032999743251626,121.56579740276906,90.93891858341496,1,100378.11217979429,-1.231178539855732,-0.00253707361444523,9.579477388610421,-0.005799364158257093,1.8513853556911786e-05,-0.004327790754379403
47.800000000000004,46.550708056114175,0.2863406243520748,78.71306560501675,7.534273509008479,0.027549896036050743,1.0766142376269237,-0.0002004227928631365,0.13158507141388176,0.003206778917006289,45.5580757349551,0.1148990070705635,80.18716826012758,7.534792093345689,0.12071323738379536,0.08268765091294666,-0.005609994996534327,0.13163996538104317,0.03151472041846375,25.032999743251626,121.56579740276906,90.93891858341496,1,100375.80394133624,-1.232659315539216,0.021073967747414355,9.620259671910496,-0.0017388119992131747,-0.0004056421086418416,-0.0055336512415149
47.900000000000006,47.311643948972105,0.29154263119404433,78.72030662834068,7.5340102896531675,0.027658792405046477,1.0661416940418946,-0.00015317059735806882,0.13173560064607748,0.003158747982658235,46.310837130247506,0.12702037325819945,80.20932565928209,7.535070473295754,0.12104128036950662,0.07129726464144527,-0.00551118820086967,0.13183417407335463,0.03155577728984787,25.032999743251626,121.56579740276906,90.93891858341496,1,100382.06315808091,-1.243234160227876,-0.04670723273271664,9.535530640182218,-0.0012806653119962546,0.0019208222619254973,-0.003650478921167593
48.0,48.07242915521547,0.2967108988199918,78.72645770238125,7.533843113280466,0.02771701206286341,1.0565455566218365,-0.00012151667407189889,0.13184991940781687,0.0031098539528189133,47.06436850033346,0.1391767334502775,80.21584694156233,7.535638830448054,0.1213421879842269,0.05947596950969583,-0.005492171994614549,0.1319702590784786,0.031612388379894406,25.032999743251626,121.56579740276906,90.93891858341496,1,100382.39647705779,-1.2651017067059773,-0.06835297228324154,9.610388097307888,-0.006415542665438742,-0.0008707984888484633,-0.004085816523380502
48.1,48.83308268759301,0.30184239605866114,78.73163916473497,7.533724901759858,0.027740455570910334,1.0479493038154544,-0.00010421997803709447,0.1319363656956809,0.0030602675826632234,48.149124043775224,0.1358664396052011,80.13271144968023,7.615761507972627,0.11635739210363505,0.03685701125317965,-0.00550828975216359,0.13315231044797748,0.03169924944988611,25.033000855184838,121.56587576254587,89.22950008410324,1,100400.07037403036,-1.2387927866048976,-0.045068186022917456,9.562889879688335,-0.005654222764424327,0.0027167622836997175,-0.004586230243240129
48.2,49.59362023620956,0.3069354666385485,78.73596265666512,7.53363079570852,0.027744656170981662,1.0402780651859607,-9.787013501694045e-05,0.13200240477006986,0.003010084119766762,48.91076673219297,0.14745815503412635,80.1359246495289,7.617208358276156,0.11536631845638512,0.027837460312037893,-0.005526688279516721,0.13327762312248037,0.031752056915988605,25.033000855184838,121.56587576254587,89.22950008410324,1,100382.80566274317,-1.2700869303886004,-0.009405957435491146,9.699154127570644,-0.005739221126542961,0.002269039038438461,-0.0037120930159316116
48.300000000000004,50.35405502185256,0.31198952040280453,78.7395327849587,7.53354033269772,0.02774212452985756,1.03352921220081,-9.93526860464727e-05,0.13205544412308723,0.0029593595494096007,49.67286128596911,0.1590096594041642,80.131894767796,7.61883632336743,0.11498360659909553,0.017929261353481166,-0.00550804296500396,0.13332513392804546,0.031800135869089155,25.033000855184838,121.56587576254587,89.22950008410324,1,100392.38516592057,-1.2694288255464559,-0.05730765364984128,9.704109976541085,-0.005313961618196179,0.0006463866412764865,-0.004150060408534723
48.400000000000006,51.11439853975901,0.31700471076096437,78.74244642189059,7.533443183120977,0.027742258142978714,1.027667105240989,-0.00010512692300206636,0.13210141520948793,0.0029081286373366577,50.434815033567986,0.17046841942577057,80.13335110632289,7.62125768435759,0.1138454284797248,0.011855055135888267,-0.005494855314239542,0.13336646167101351,0.03185024649885577,25.033000855184838,121.56587576254587,89.22950008410324,1,100378.1502055362,-1.2839906240653598,-0.032316841089910175,9.66235609639595,-0.006282244495076184,0.00237668718393481,-0.004721857557551396
48.5,51.95068332385179,0.32247719947299935,78.74499893811256,7.533325290786675,0.02775220981193139,1.0221775171151188,-0.00011286411472809666,0.13214851104614733,0.002851210184978252,51.199222183509306,0.18181244770931562,80.0874125050685,7.624549572741603,0.11388924030560953,-0.0016998549509686625,-0.005512036999728515,0.1334880202614146,0.03192545420938995,25.033000855184838,121.56587576254587,89.22950008410324,1,100378.00351695632,-1.2662997756667265,-0.046267407436654306,9.640630345664167,-0.007153648531514212,-0.0006730552661769554,-0.0038684938546552903
48.6,52.634852382354175,0.3269208315520838,78.74665092652057,7.5332228530636245,0.027769912729381972,1.0183626080971977,-0.00011836023331685246,0.132186164823054,0.0028042010363357804,51.96184124602093,0.1930361344050018,80.08701483659547,7.628179733147316,0.11056933443979078,-0.00584509019525005,-0.00546545604000555,0.13361570365562625,0.031998240470189586,25.033000855184838,121.56587576254587,89.22950008410324,1,100377.79511867107,-1.2841759258353127,-0.028126191226445194,9.69546622217835,-0.008171248644509174,-0.0013500921961166947,-0.00432590507359064
48.7,53.39498118261725,0.3318229974818605,78.7480930758992,7.533107406057222,0.02779949465790011,1.0147631891535338,-0.00012233039632289782,0.13222753900491013,0.00275149928035675,52.72365611386533,0.2040036321979452,80.10934140721596,7.630876653682572,0.10851523208832965,-0.006029416295871475,-0.005525530463737053,0.1337071291375871,0.032070672067238945,25.033000855184838,121.56587576254587,89.22950008410324,1,100383.1909319769,-1.2504108501711786,-0.006150893129855534,9.61435865742802,-0.006152791605254166,-0.00011062365539109688,-0.004805595374461703
48.800000000000004,54.155055914733914,0.3366884298084689,78.7491818554159,7.53299491522134,0.027837598363380078,1.0117616295845693,-0.0001233937106906982,0.13226821020612678,0.002698300305623366,53.48688214354153,0.21479647314638328,80.10850960493394,7.633323665492034,0.10823558681852387,-0.011008661623613527,-0.005628337340302389,0.13373179216474118,0.0321251782653741,25.033000855184838,121.56587576254587,89.22950008410324,1,100378.18847380721,-1.2755280493358099,0.08720383351672964,9.733315144416125,-0.004692121998019626,-0.0016323378016019864,-0.004777774001508584
48.900000000000006,54.9150844063577,0.34151717794478537,78.74997275841945,7.532890385383212,0.027881325104227972,1.009273115101996,-0.00012152155070570291,0.13230730347873565,0.0026445995749412527,54.24981110090413,0.22559111795734554,80.11715094716958,7.635547134402014,0.10724604728075049,-0.01299423034076018,-0.005610241763064044,0.13374301650496423,0.032176933670869226,25.033000855184838,121.56587576254587,89.22950008410324,1,100384.35881520584,-1.2650667216556049,-0.038243838094615,9.689840996355757,-0.006122406178068641,-0.0027871298093797535,-0.005175061921962468
49.0,55.67507386784918,0.3463090029620182,78.75051430970403,7.53279689514976,0.02792752831207803,1.0072287926965067,-0.0001171566559590941,0.1323439018522159,0.002590396613858559,55.013512247235006,0.23630265544426948,80.11564461650798,7.638130788944842,0.10723790519812106,-0.01638401426611587,-0.0056219119678383965,0.13376770538485405,0.03220012228714031,25.033000855184838,121.56587576254587,89.22950008410324,1,100383.53439167158,-1.232006976550357,-0.058878706842947506,9.704902006893239,-0.00686049474443746,-0.0015560357712994647,-0.004431670857260051
49.1,56.43503083736989,0.3510634185534084,78.75084877645115,7.532716045270166,0.027973408442467936,1.0055630546729246,-0.0001109023221012083,0.13237728215278555,0.002535694198629675,55.90719753794784,0.4832074745048384,80.15909035119778,7.67427546520092,0.1658420610767983,-0.013657528864485203,-0.0066685581251703825,0.13430756258384902,0.032307743397296876,25.033007965008256,121.5659486637568,90.90703949417791,1,100368.38195384017,-1.2487507394649133,-0.013534141075894766,9.713478682820146,-0.0036157666392399182,0.0012914835534786333,-0.004725848185621646
49.2,57.194961163527914,0.35577975741600376,78.75101310320527,7.532648087308,0.02801671298605015,1.004218726258531,-0.00010344553479692568,0.13240694510871442,0.0024805026996615603,56.67476448261147,0.4998848694476669,80.15770497541682,7.676887958962085,0.16794910565523932,-0.014766758037438652,-0.006736010677600705,0.13433062316773103,0.032365782779897295,25.033007965008256,121.5659486637568,90.90703949417791,1,100381.01239831932,-1.2208108227553554,-0.043944663091918704,9.735271008520897,-0.002655049081543108,0.0013939901890878945,-0.004437082287082681
49.300000000000004,57.954869982431106,0.36045723850045686,78.7510393392065,7.532592258913461,0.028055918617196824,1.0031491869879514,-9.547892266996254e-05,0.13243266223744765,0.0024248305932749797,57.44420374588526,0.5167031468577331,80.11831722077211,7.6808051521748695,0.16864853773266947,-0.021420876397098772,-0.006776346513875242,0.13444536025792475,0.03239173605785066,25.033007965008256,121.5659486637568,90.90703949417791,1,100385.78875151562,-1.3254945083372918,-0.04408145799030967,9.708580464596396,-0.0065948959430764675,0.0007223123968712797,-0.004316276587262302
49.400000000000006,58.7147617352806,0.3650950351175512,78.75095523438783,7.532547097840653,0.028090200333344566,1.0023140859561674,-8.757590798269283e-05,0.13245453339295965,0.0023686867021857684,58.2124631093357,0.5335321168582651,80.11600882930323,7.684506100581323,0.16906488165097097,-0.02472833426915267,-0.006886378220005814,0.134524536996103,0.03243959082634813,25.033007965008256,121.5659486637568,90.90703949417791,1,100395.07749488977,-1.2445018356060225,-0.017942893332321082,9.669341364182586,-0.005690242344512084,0.0005589146377655577,-0.004293560653961494
49.5,59.47464021312028,0.3696923303596537,78.75078471849702,7.532510891702927,0.02811945341275185,1.0016773659121034,-8.010957731075072e-05,0.13247284278880977,0.002312080424647993,58.983173634257234,0.5505625020874867,80.066183152997,7.6901598842425765,0.17147992737147738,-0.03369100345207481,-0.006918879308850668,0.13455366845191374,0.03248371873127379,25.033007965008256,121.5659486637568,90.90703949417791,1,100389.94583788147,-1.2647505773871142,-0.004399643589994624,9.689364045197097,-0.005229938820525952,0.00012051294774978938,-0.004439593606743187
49.6,60.234508617374956,0.374248354854626,78.75054834207121,7.532481909007768,0.028143996253251657,1.001210008482931,-7.331474935946976e-05,0.13248797451372685,0.002255018531583642,59.75229221052903,0.5678234614105511,80.0626747614323,7.692415623243749,0.17367095207423539,-0.035882570516509456,-0.0070409442544903215,0.13463185502596442,0.03249527366908826,25.033007965008256,121.5659486637568,90.90703949417791,1,100372.76646947136,-1.2989202823546362,-0.041958245846585446,9.748869231966111,-0.005580177055265985,0.00042966652397522344,-0.005072243743529277
49.7,60.99436962175515,0.37876241283900675,78.75026357320063,7.532458697038147,0.02816447401898265,1.0008855190242012,-6.731173053066506e-05,0.13250037443860618,0.0021975106982321424,60.52030282815129,0.5852386224831044,80.08824692977359,7.694497475572899,0.1743240437276532,-0.03304376463342563,-0.0071111120767532,0.13465998695323922,0.032534252595807445,25.033007965008256,121.5659486637568,90.90703949417791,1,100388.18939244085,-1.2954115762040435,-0.007916585322178362,9.661305171304495,-0.004084699741020878,-0.001117228904213037,-0.00524933990918465
49.800000000000004,61.754225441550645,0.38323388618398596,78.74994513475414,7.532439899308548,0.02818162610010167,1.0006819063646835,-6.208995563268972e-05,0.13251049893188904,0.0021395601412674465,61.28991697702874,0.6027909776155598,80.08487904226477,7.6978724883102165,0.17595175219738246,-0.03402908459127145,-0.0071596579908503166,0.13463709172632687,0.03256670649680837,25.033007965008256,121.5659486637568,90.90703949417791,1,100377.91688691563,-1.2920604565773877,-0.04311262175364322,9.697078091058303,-0.005850753858260873,-0.00048684759338256254,-0.004915007899205956
49.900000000000006,62.51407790795465,0.38766223494129565,78.74960540897605,7.532424610923864,0.028196374375534506,1.000578087799941,-5.752249547716728e-05,0.13251874769700622,0.002081168004911607,62.0619777302156,0.6204151883706517,80.03836944074148,7.702178193127335,0.17600732600605956,-0.042036814459893705,-0.007269999658474859,0.13462821505652012,0.03257759459372458,25.033007965008256,121.5659486637568,90.90703949417791,1,100380.11157497403,-1.2522283527175524,0.0074727698033847,9.6241343869284,-0.004704434783308922,0.0025319698851476603,-0.0042806512485950975
50.001000000000005,63.34991352178932,0.3924830506707669,78.74921914552333,7.532411081397091,0.02821069358244103,1.0005572378554155,-5.311524922879435e-05,0.13252604170658366,0.002016431647740154,62.832446134177516,0.6381767662005956,80.03416504210554,7.707217287019337,0.17878218779458563,-0.041025286888491434,-0.00732823631637813,0.13461345006415915,0.03262060082525234,25.032986105885104,121.56602917718917,89.54512491462688,1,100381.05837639657,-1.2565112006036026,-0.06450193563062218,9.762107888636192,-0.007016707327744697,0.00011441165214219498,-0.004590977280792067
50.1,64.03377848461915,0.39638772566862535,78.74890085262652,7.532401836516298,0.02822138966549615,1.0006028732545587,-4.988318019536961e-05,0.13253089580130784,0.0019630590011982104,63.861678035665726,-0.19317908568020617,79.99995000666847,7.778776543287461,-0.05611598997013261,-0.04824258294068658,-0.003240918302790559,0.13568900385167892,0.03693364656146479,25.032986105885104,121.56602917718917,89.54512491462688,1,100398.6491672294,-1.2819202641011118,-0.05613071178147256,9.678592922582375,-0.006776367899453543,0.0011274273880544487,-0.004158573496588442
50.2,64.79362880226432,0.4006840698431049,78.7485510494548,7.5323937675862185,0.028232930139433964,1.0006985913049722,-4.6463149161578114e-05,0.13253528354063882,0.0019033362692019563,64.63979875395663,-0.1988919375346733,79.99508508071912,7.782898171648478,-0.05832188077334955,-0.04936025561226113,-0.0032817430269621757,0.13577399572873117,0.037005574716817036,25.032986105885104,121.56602917718917,89.54512491462688,1,100375.59521891423,-1.252128890936663,-0.033696630185910445,9.737044789145077,-0.005314857372642581,0.0009617787756161668,-0.004468262809414182
50.300000000000004,65.55348023687765,0.40493566519948276,78.74821011817436,7.532387357280731,0.028244119910474864,1.0008348374088525,-4.318037242680714e-05,0.13253876796456265,0.0018431674838228587,65.41764286845913,-0.2047782302733131,80.01230168213628,7.788599345611362,-0.059887839907542983,-0.04735275242895656,-0.0033765471424144038,0.13577609579876193,0.037080119551637675,25.032986105885104,121.56602917718917,89.54512491462688,1,100366.19663295883,-1.297046518922904,-0.04229684776657759,9.71646163737355,-0.007305111053353171,-0.0035605248321413296,-0.0037740379637572793
50.400000000000006,66.31333341296404,0.4091421646493452,78.74788225759097,7.532382504817193,0.02825544592458215,1.0010009539511675,-3.9906519922212414e-05,0.13254150177412893,0.0017825429278887832,66.19682080227749,-0.210872104212737,80.00755008003564,7.7944331933801,-0.0616508112559792,-0.04864081956232282,-0.0035114723183239972,0.1357756705239641,0.03714981986715425,25.032986105885104,121.56602917718917,89.54512491462688,1,100389.29151281847,-1.2402645158120638,-0.06141690797517213,9.676631824657564,-0.00549076784536835,3.09940434747312e-05,-0.004922255961472567
50.5,67.07318877677842,0.41330323279689324,78.7475700873264,7.532379203975838,0.02826670624469992,1.0011850801332076,-3.6582512549766365e-05,0.13254353966631882,0.0017214756233454784,66.9773633886326,-0.21701508638809464,79.9794517050413,7.79963108399964,-0.06184180560337712,-0.05195780800041936,-0.003550772668625357,0.13581495487121864,0.03721999645345414,25.032986105885104,121.56602917718917,89.54512491462688,1,100394.20578048006,-1.2577625354537323,-0.012810841635487177,9.685735830468385,-0.008819498922945503,-0.00048530745521164543,-0.005239654171411487
50.6,67.83304666064892,0.41741851900590754,78.74727560057576,7.5323770847910065,0.028277926717051444,1.0013812965182578,-3.3199913021180394e-05,0.1325449896954054,0.0016599570435494391,67.75765395507162,-0.22331590214977812,79.97415143780105,7.8057680423131,-0.06403743257546453,-0.05365893948781362,-0.0036063645662700317,0.13578685462953666,0.03729653851175868,25.032986105885104,121.56602917718917,89.54512491462688,1,100382.70888273811,-1.2816015878004547,-0.03766628266192239,9.660283424194132,-0.005354692735557564,-0.0013944334952562803,-0.003968075491495512
50.7,68.5929072933095,0.42148766822894024,78.74700012512184,7.532375965602149,0.028289132606885804,1.001584123048675,-2.9746372375320123e-05,0.13254594501101002,0.0015979803752512313,68.5398666474901,-0.22969103946080344,79.93171231877434,7.8105199862832535,-0.06592170425898107,-0.05990012296672388,-0.003666580586152466,0.13575234547437187,0.03735565464688789,25.032986105885104,121.56602917718917,89.54512491462688,1,100387.22536309707,-1.2319913863465126,-0.11784086500940878,9.69980339393734,-0.0054139016138010435,-0.0008088086165468588,-0.004927785220144084
50.800000000000004,69.35277081307044,0.42551031905744363,78.7467443629163,7.532375665769544,0.028300273395480385,1.00178928484451,-2.6230013758262566e-05,0.13254647729683233,0.0015355403407265465,69.32118270961364,-0.23639817535354027,79.92564267528705,7.815881284700204,-0.0679064227553153,-0.061334355988788905,-0.0037738587205063193,0.13579144447800484,0.03740873010268437,25.032986105885104,121.56602917718917,89.54512491462688,1,100372.97428895805,-1.2663299360804194,-0.04144495704511274,9.674050957316291,-0.004891395476544207,0.0017393005551312895,-0.004913073034270427
50.900000000000006,70.11263728471351,0.4294861042968675,78.74650855357201,7.532376035405392,0.028311359689212483,1.0019914687431384,-2.2656435822799204e-05,0.1325466588243065,0.0014726320293864973,70.10168584257339,-0.2433134533602781,79.95407557695845,7.820443570178403,-0.06984834184220812,-0.059492752366940856,-0.003900805562835001,0.1358915707028019,0.037479689142258084,25.032986105885104,121.56602917718917,89.54512491462688,1,100382.36786516052,-1.2908380081171358,0.0012367371462947453,9.678887945068041,-0.0061066508363194745,-0.0005273953158510938,-0.004741597585261842
51.0,70.87250670757388,0.43341465177625044,78.74629249693687,7.532376867362378,0.028322288006783512,1.002188427278171,-1.9048018812800518e-05,0.13254656029309841,0.0014092509539372074,70.8840241442505,-0.2504046380847274,79.94792810123187,7.825956144915619,-0.07146923857549638,-0.06259823687323138,-0.003978024059381607,0.13587889765509975,0.03754238312440234,25.032986105885104,121.56602917718917,89.54512491462688,1,100389.42609735603,-1.3059277227326584,-0.03585281023605154,9.757203421932703,-0.006658719079346245,-0.0024178627704331693,-0.004533109558338792
51.1,71.63237904089318,0.43729558269240376,78.74609580161348,7.532378040085969,0.028333140960299475,1.0023791056672169,-1.541339721636162e-05,0.13254623710471836,0.0013453868734461553,72.54213926201622,0.9441364447986962,79.78920020536265,8.076403905461216,0.28955242486622224,-0.08521481516126185,-0.010764335604484703,0.14009585484680231,0.0264996059025202,25.033023603842253,121.56612354465274,87.86972930625473,1,100379.74774141818,-1.3193350436429132,-0.023699416415125393,9.72030879128088,-0.002694921029810361,-0.0021337044089316352,-0.00464618035824302
51.2,72.39225420279504,0.44112851919310286,78.74591778813833,7.53237947439109,0.02834394641600843,1.0025602129557423,-1.1754791097049301e-05,0.13254574028956778,0.001281035940563901,73.35014445161713,0.973331137640918,79.78068144538726,8.083636631932766,0.29396132092884647,-0.08611549043799475,-0.010918112858608177,0.14015087292269168,0.026551121393800704,25.033023603842253,121.56612354465274,87.86972930625473,1,100387.80183394667,-1.2740356720885746,-0.05792420288310425,9.697885953165247,-0.004534639818766374,-0.000809944274796024,-0.004624789001485146
51.300000000000004,73.15213208027757,0.44491308033800436,78.74575758480961,7.532381045595431,0.02835468536690424,1.0027305886999582,-8.085122813636337e-06,0.13254512270984065,0.001216192161428215,74.15922529791655,1.0030579984497503,79.76296910238884,8.093578236462088,0.2996111819869933,-0.08836982443713463,-0.010987456156419198,0.14019654675121518,0.026573786295167025,25.033023603842253,121.56612354465274,87.86972930625473,1,100382.87782739446,-1.252973175690289,-0.0705533106485451,9.680227011690297,-0.005006910785288253,-0.0018980582989979703,-0.005555484885838
51.400000000000006,73.91201254153786,0.4486488841987414,78.74561420737597,7.532382707112568,0.028365391200927535,1.0028904553450215,-4.403515221622031e-06,0.1325444076344755,0.0011508505443687828,74.96895131609067,1.03318373770671,79.75402563656303,8.101516460004525,0.30285649836443757,-0.09035087380587654,-0.011110715090463383,0.14025454351374544,0.026625164776780525,25.033023603842253,121.56612354465274,87.86972930625473,1,100388.69887926694,-1.2588673325740989,-0.07259382561523484,9.748185560605856,-0.003255021931436089,0.0005924616287263592,-0.004260158503991531
51.5,74.67189544089699,0.45233554606121845,78.7454866023574,7.532384375518831,0.02837612200739716,1.003039063846341,-7.090511774095285e-07,0.13254363025639937,0.00108500224344415,75.77982866485267,1.0637265599750074,79.73386348170442,8.110496585842034,0.30713760131606094,-0.0917629880824788,-0.011266034760370032,0.14036102342505785,0.026689459743740103,25.033023603842253,121.56612354465274,87.86972930625473,1,100399.79014060124,-1.2287827322629556,0.0029460155518548393,9.731110105167556,-0.006038363427137978,0.0013640278715974354,-0.0038698373940088873
51.6,75.43178062090321,0.45597268281643616,78.74537364182231,7.532386017239847,0.028386906761801695,1.0031751609627595,2.999487069847836e-06,0.1325428266112434,0.001018644197510563,76.59127800085521,1.0947665190294815,79.72462547910199,8.11883808570438,0.3126044900358291,-0.09330003999061043,-0.01139884606675489,0.1403845148703482,0.026724251501016524,25.033023603842253,121.56612354465274,87.86972930625473,1,100376.74899221057,-1.2374150803437205,-0.010144400777630083,9.722791695924862,-0.00414710393370947,-0.0038923029544402662,-0.0048304954983884926
51.7,76.19166792134223,0.4595599075823829,78.74527418990638,7.5323875902591695,0.02839775431130361,1.0033000914983634,6.726726740394185e-06,0.1325420056312656,0.0009517693274787583,77.40277978140132,1.1262345997099354,79.74536249857678,8.128770170347828,0.31832049263749673,-0.08880225664356559,-0.011587506830559303,0.14046228039457498,0.02674179514233486,25.033023603842253,121.56612354465274,87.86972930625473,1,100361.76103479906,-1.2852723087316913,-0.03703938841503057,9.67845930582721,-0.0070062623683786315,0.0012292283044272193,-0.004969350149834455
51.800000000000004,76.95155718198487,0.46309683104833577,78.74518712650277,7.532389061301738,0.028408718665281284,1.0034141711025308,1.0479948998906618e-05,0.13254118363176515,0.0008843692230064487,78.21611709867037,1.1583827803008675,79.73637807500329,8.138343829956867,0.3241922501447843,-0.09097235037775939,-0.01170570513512316,0.14050099071538136,0.02679561037823218,25.033023603842253,121.56612354465274,87.86972930625473,1,100381.39580073512,-1.263280817660107,-0.06055955978517735,9.675441561962119,-0.0053232778893981805,-0.0009333864664482885,-0.003998739394525044
51.900000000000006,77.71144824326481,0.466583061495701,78.74511134912701,7.532390394894359,0.028419832594421,1.0035169287856835,1.425913834986512e-05,0.13254038780957722,0.0008164358024854411,79.03028840780067,1.191008995458689,79.72876144409773,8.145880028787174,0.3293667539147548,-0.09298683130243354,-0.011848653704458298,0.14063969148093025,0.02685599182312569,25.033023603842253,121.56612354465274,87.86972930625473,1,100387.62831591409,-1.226390415436089,-0.0593057821739445,9.68848995115032,-0.007641984340134836,-0.0008591537489067299,-0.00488192896412865
52.0,78.4713409517386,0.470018204032231,78.74504580509625,7.532391591744419,0.028431136355809183,1.0036094154824675,1.8082527106411085e-05,0.1325396168961528,0.0007479613797696488,79.84539792180989,1.224239973754398,79.71931824062607,8.155282855152507,0.3349957992519191,-0.09525451213095311,-0.012028372597467817,0.1407688141149286,0.0269233286726975,25.033023603842253,121.56612354465274,87.86972930625473,1,100382.47386612042,-1.2650394356773529,-0.027581760733839392,9.724972348949402,-0.0077973578110648945,-0.00024725947864293827,-0.0035653397571203055
52.1,79.23123515966603,0.47340185933426615,78.74498948264217,7.532392642839975,0.028442643707509884,1.003692614397848,2.195373768240351e-05,0.1325388777288916,0.0006789380210123878,80.1495149648731,-0.43869387492244344,79.5476731012667,7.975462499448416,-0.24448144700167138,-0.12341957852747416,-0.0005414410700651726,0.13652832766630607,0.051771971627811844,25.032982179427506,121.56618472952655,88.05647104778038,1,100372.77008138559,-1.230329699199994,0.00035856294503856453,9.694634195425165,-0.004626236613786999,-0.0010362055803004291,-0.003986478632274074
52.2,79.99113072570266,0.4767336229417247,78.7449414185291,7.5323935359817025,0.028454364928263677,1.003766460346158,2.587107067037348e-05,0.13253818626625846,0.0006093571375444258,80.94738953359933,-0.46330842439479636,79.53507127993089,7.981101933955568,-0.24955532467363625,-0.12785014920585297,-0.0006345327972698787,0.1365743277138114,0.051876102192330534,25.032982179427506,121.56618472952655,88.05647104778038,1,100376.9991005146,-1.301884278299817,-0.11795968440921188,9.718806999249164,-0.006086085017729555,-0.00062425942683422,-0.004521138945384304
52.300000000000004,80.7510275178766,0.48001308467739245,78.74490071856172,7.532394281921695,0.028466324179233476,1.0038315889117073,2.985117292330199e-05,0.13253753623110343,0.0005392095982928604,81.74536161286699,-0.48846968514215283,79.55902469978768,7.987900008587799,-0.25263722063526745,-0.1236546786750788,-0.0006880417382257968,0.1366125163982994,0.05198704499584876,25.032982179427506,121.56618472952655,88.05647104778038,1,100388.4844610543,-1.22847878458091,-0.045584564109921843,9.663915314999628,-0.004214765606389162,0.0010724133516577161,-0.005429415321149234
52.400000000000006,81.51092541244564,0.48323982785218395,78.74486654711043,7.532394883177618,0.02847853115385949,1.003889215087243,3.389877380474457e-05,0.13253692609442802,0.00046848589658101997,82.54445402949378,-0.5140718162001318,79.54659090443936,7.9939274491628955,-0.25929809605417525,-0.1252061643114209,-0.0007075854306731397,0.1366770435142437,0.05208486000687667,25.032982179427506,121.56618472952655,88.05647104778038,1,100377.45416704194,-1.2479173569325075,-0.014883008322376197,9.667858730779727,-0.0070342386805560975,0.0010503316564612667,-0.00489920406747941
52.5,82.27082429372291,0.4864134285486001,78.74483812749348,7.53239533405632,0.02849099585406078,1.0039396583752944,3.800718512866796e-05,0.13253636521669754,0.0003971753972050859,83.3438126544205,-0.540232490261047,79.56567678398007,8.001515430898609,-0.2623625261764366,-0.12289070811392072,-0.0007093959495528337,0.13679531209113693,0.05216171506459437,25.032982179427506,121.56618472952655,88.05647104778038,1,100377.31703510217,-1.2932197236886995,-0.065965505360311,9.740484401997383,-0.005191324772666941,-0.00013272051138714,-0.0047519232075550295
52.6,83.10671407607329,0.4898424972593548,78.74481266261027,7.53239567005009,0.028505015580441807,1.0039873958755232,4.2609211244209284e-05,0.13253579943119553,0.0003180474546595178,84.14428827232891,-0.5667072279383725,79.55334397808075,8.007804551680609,-0.2668540856290756,-0.12434268572461166,-0.0007535441891142435,0.13681246424419147,0.0522398003222648,25.032982179427506,121.56618472952655,88.05647104778038,1,100394.25053308008,-1.1726879665667398,-0.053469698935834954,9.726781742420235,-0.007261715448722391,-0.002419049202993879,-0.004406696839650155
52.7,83.79062459959829,0.4925994757556354,78.74479576454556,7.5323958230415355,0.02851667451170157,1.0040210607407145,4.644612647398048e-05,0.1325353745390505,0.0002527599499386926,84.94567001981201,-0.593686433688413,79.52523543497307,8.01547883991973,-0.27274967019326307,-0.13082227626723764,-0.0008320496655777262,0.1367786542927465,0.05232095166362478,25.032982179427506,121.56618472952655,88.05647104778038,1,100383.26659178967,-1.2829898956741168,-0.08621097330322759,9.696142956498841,-0.006085153981771726,0.0018734708527360301,-0.004887357324208497
52.800000000000004,84.55052583712504,0.49561103762087466,78.74478058750681,7.532395868667665,0.028529906202624956,1.0040536594172278,5.0774487270464116e-05,0.1325349428032907,0.00017963286151489387,85.74760570337097,-0.6213107325839903,79.51209634733785,8.023779372930036,-0.27962601814258264,-0.13190316095389776,-0.0008200429544833292,0.1368025244188209,0.05240227041247464,25.032982179427506,121.56618472952655,88.05647104778038,1,100387.74260169621,-1.2390560112835938,-0.024449538526717687,9.688569216509174,-0.005257177522925596,-0.001671497955973537,-0.0042651346173424596
52.900000000000006,85.31042768662988,0.49856768944855434,78.74476868760274,7.532395789781903,0.02854340030133074,1.0040813233612638,5.5177124706256013e-05,0.1325345523360839,0.00010587907502446648,86.55028098478752,-0.6494785887667416,79.50064363168386,8.030077594388672,-0.28430704134815643,-0.13409399861452245,-0.0008653175887963355,0.13679796123764643,0.05245382895931624,25.032982179427506,121.56618472952655,88.05647104778038,1,100366.45680165096,-1.2783919974203004,-0.049098688569995524,9.627720081179625,-0.009841826709173815,0.000838386512255986,-0.00499184500380855
53.0,86.07033007456704,0.5014689697275082,78.74475959132224,7.532395593357416,0.02855716700554018,1.0041046152978583,5.966431305974929e-05,0.13253419953827006,3.1488006099382054e-05,87.35354457824259,-0.678118736938473,79.48707697213017,8.03610584662356,-0.28790610590518406,-0.1363251261963827,-0.0009198232249332389,0.13682480015744725,0.05250275071950513,25.032982179427506,121.56618472952655,88.05647104778038,1,100390.24353564209,-1.263773867955408,0.007797752835613077,9.684238015217531,-0.006721108239221357,-0.000580068235074555,-0.005301700316524235
53.1,86.83023293453623,0.5043144084987404,78.74475287521726,7.532395286066103,0.028571195124683136,1.0041242697380697,6.422836144547032e-05,0.13253388337957484,-4.355136390265353e-05,88.01901254905384,0.23316020997868792,79.71469299792241,8.008734834619847,-0.04750608355045482,-0.10377138308190535,-0.005043593060132023,0.1365726421236535,0.0458259384358966,25.033018339922588,121.56626157409862,92.88338350664066,1,100368.04224899883,-1.2874822015379204,0.01884017022776554,9.73254931327267,-0.007489916879533824,0.0004989500515381856,-0.00602304749708887
53.2,87.59013620728662,0.5071035267241936,78.7447481648139,7.532394876423467,0.028585479008902986,1.004140691780925,6.886635993672638e-05,0.13253360023694527,-0.00011925133749429027,88.8202028137655,0.2285046285174467,79.70419292619778,8.014831267571477,-0.046053648017160845,-0.10678314650334247,-0.005190622262817291,0.13656650771874923,0.04587143414177998,25.033018339922588,121.56626157409862,92.88338350664066,1,100376.75604313216,-1.2983193292971458,-0.03942313595966965,9.676403315748441,-0.0058081274390243826,-0.0016161234017455595,-0.005110170432187961
53.300000000000004,88.35003983949522,0.5098358373803171,78.74474512900264,7.53239436722445,0.028600076194677006,1.0041539990576016,7.359077501169957e-05,0.13253335095924035,-0.00019562437075575225,89.62168098064207,0.22380416103156567,79.7231241951987,8.020995169233878,-0.04659834977098066,-0.10421559034664182,-0.005367414311064772,0.13657139330723944,0.045930752424485514,25.033018339922588,121.56626157409862,92.88338350664066,1,100386.72823342127,-1.2103684311374092,0.0013873822350033774,9.743965634082818,-0.006781087980940312,-0.0018028078503508484,-0.004640177754585284
53.400000000000006,89.1099437838715,0.5125108479838383,78.74474347849015,7.5323937692856475,0.028614935804570658,1.004164748709994,7.840163070167704e-05,0.1325331324777641,-0.0002726768697648286,90.42415019294131,0.21917006874734654,79.7126182108852,8.02840074588703,-0.04567619254811963,-0.10591678886318241,-0.0055170766437034335,0.13654380590257165,0.04595972685417782,25.033018339922588,121.56626157409862,92.88338350664066,1,100385.35194593736,-1.2706283577922892,-0.009322993380148097,9.781591593288601,-0.005565420628393684,0.0004689426014995601,-0.004126972480478604
53.5,89.86984799920918,0.5151280527643961,78.7447429640577,7.5323930957274765,0.02863005739043581,1.0041735602848798,8.329203311987525e-05,0.1325329354934046,-0.00035042340325722773,91.22721017582279,0.21451488180391262,79.70549440281667,8.033629364582914,-0.046733750211602816,-0.10719305965079994,-0.005550143249524592,0.13657071646096597,0.04599802100144615,25.033018339922588,121.56626157409862,92.88338350664066,1,100371.55847042167,-1.276785953837986,-0.01189196354148984,9.702397140553467,-0.009502307489436439,-0.0012122920274220922,-0.005256138685974057
53.6,90.62975244829212,0.5176869394686415,78.74474336569492,7.532392346892756,0.028645432645229667,1.004180394406935,8.827036837696892e-05,0.13253276007392656,-0.0004288742829398339,92.03090135815242,0.20992527737972158,79.69465004152113,8.03991977598608,-0.044539560704673305,-0.10889513016708774,-0.005656505318600489,0.13661018729082963,0.04602501378388524,25.033018339922588,121.56626157409862,92.88338350664066,1,100383.1868470414,-1.2495092532601002,-0.027194977945248708,9.726462902464837,-0.006882171669532059,-0.001038573855616553,-0.005015674484291447
53.7,91.38965709742658,0.5201869838051273,78.74474449234435,7.532391519739335,0.028661106531838516,1.0041852751450104,9.333316838295143e-05,0.13253261139712635,-0.0005080472328571914,92.83438313665037,0.20530635623157417,79.77197588439839,8.046681636667323,-0.04557881609830976,-0.09581141647244837,-0.005766216093584756,0.13664399823389162,0.046086400193039244,25.033018339922588,121.56626157409862,92.88338350664066,1,100388.69560617868,-1.2573081886015764,-0.0950577954010523,9.702568743268912,-0.004718934031299802,-0.002810580068745084,-0.004527668466370095
53.800000000000004,92.14956191826936,0.5226276560218942,78.74474618780243,7.532390633879748,0.02867708306452401,1.004189148129285,9.848652081482834e-05,0.1325324773330827,-0.0005879520838123755,93.63947190594348,0.20070333198244383,79.76240013628751,8.055300212584534,-0.04617397470381737,-0.09608971307121747,-0.005867303469197078,0.13662833044900258,0.0461104019488571,25.033018339922588,121.56626157409862,92.88338350664066,1,100379.86853927746,-1.2316177109440138,-0.07130238123624785,9.766904844130668,-0.004111565128708624,-0.0014762404906183814,-0.004671506635667101
53.900000000000006,92.90946688574236,0.525008410978352,78.74474831796374,7.532389691927428,0.028693293932044374,1.0041920031359362,0.00010373579966634007,0.13253234927088542,-0.0006686102336096801,94.4233927174572,0.1634407757478308,79.78948870465015,8.044154123355828,-0.06979031290215956,-0.09266542929442786,-0.004803407952005439,0.13591017188240473,0.04233403419573126,25.033018339922588,121.56626157409862,92.88338350664066,1,100372.94197472098,-1.2994412093999363,-0.09264116108390857,9.72475607141515,-0.006779514924626781,-0.0012027076475061554,-0.004594283284070805
54.0,93.66937197454996,0.5273286940806573,78.7447507558196,7.532388671541403,0.028710125497895173,1.0041931904836143,0.0001090908380867634,0.13253224955876708,-0.0007500432693740675,95.22798761454007,0.15639765838816921,79.780238177714,8.048714958690482,-0.06977652948214384,-0.09211431429191544,-0.004957736761490798,0.1359065931913921,0.042344884953301555,25.033018339922588,121.56626157409862,92.88338350664066,1,100394.34034476311,-1.2487645747294567,0.022961893455330878,9.67831373468818,-0.008437946691976757,-0.00197584868869153,-0.005239610699884876
54.1,94.42927716525739,0.5295879563559865,78.74475341147301,7.532387600138321,0.028727050343939343,1.0041941051158036,0.00011455245235559089,0.13253216636664922,-0.0008322382955290856,95.18777957757965,0.37004141226552895,80.03624204873408,7.827731058892554,-0.006534515361394653,-0.05690549033847177,-0.006275856314505206,0.13245166294235666,0.04050124785171108,25.033006668698363,121.56632091294577,93.25299814520467,1,100394.83673589333,-1.2693378030192417,-0.014142181275896275,9.67599895728346,-0.00549359357400046,0.0002909110191357926,-0.005040102981041977
54.2,95.1891824420697,0.5317856105857246,78.74475621289947,7.532386498327185,0.02874448074872623,1.004194470116857,0.00012012763197710881,0.13253207550474277,-0.0009152367368813256,95.97068598904322,0.3694514998644897,80.03043637502299,7.830672415547441,-0.004719911337558963,-0.058366511142072135,-0.006384223653846097,0.13232826490382643,0.04050911282301525,25.033006668698363,121.56632091294577,93.25299814520467,1,100379.30681876629,-1.2500150540032389,-0.07619302492212009,9.705183096286992,-0.004863723094746066,-0.0012637986452702773,-0.004294924952237221
54.300000000000004,95.94908778607503,0.5339210845735931,78.74475907659962,7.532385323621879,0.028762153887182562,1.004193958102295,0.00012580260883102645,0.13253201524430813,-0.000999027507896674,96.75380894877017,0.36905931325414376,80.03365545857383,7.833496469657947,-0.002920356378646595,-0.05868461830906761,-0.006406840565627896,0.1323028473269332,0.04057190395627902,25.033006668698363,121.56632091294577,93.25299814520467,1,100383.07975736364,-1.234045630978161,-0.018024216382453846,9.697767129493167,-0.008699859509914483,-0.0024139367846980845,-0.003964607221576098
54.400000000000006,96.70899318464409,0.5359937804845847,78.74476195908557,7.532384111742418,0.028780051262503666,1.0041929934687819,0.00013157082526835709,0.13253196741689166,-0.0010836304418804419,97.5372759792872,0.3688222800512042,80.02771400482807,7.835695494959556,-0.002410461762454715,-0.059537415619272845,-0.006442607463162813,0.13223060598888647,0.04058463634839525,25.033006668698363,121.56632091294577,93.25299814520467,1,100378.0256784864,-1.2746347607786792,-0.02259621582658701,9.743000718199443,-0.008600148850542708,-0.0018983108424038113,-0.005031123838056183
54.5,97.46889862756778,0.5380030899157616,78.7447648272269,7.532382881305104,0.02879827017650354,1.0041922144592377,0.00013744933835159,0.13253190855010066,-0.0011690651909345045,98.32080947848401,0.3686122233284538,80.03530900188909,7.836651369465477,-0.0009754714746778568,-0.058260765616788175,-0.006482861770866714,0.13222707285847202,0.04059676272124198,25.033006668698363,121.56632091294577,93.25299814520467,1,100393.83026081827,-1.2328422750998216,-0.05579604899766854,9.742379444771345,-0.008016167239927072,-0.0007342593200297621,-0.005282661597708302
54.6,98.2288041020868,0.5399483936793731,78.74476763845735,7.532381603890793,0.028816771181387618,1.0041908285309191,0.0001434181981617667,0.13253185830679692,-0.001255352542241981,99.10455463995171,0.36859251298008794,80.029373090211,7.838199456030621,0.0005901693520913096,-0.06060150695026396,-0.006584483179500566,0.13224888662808998,0.040631360828116234,25.033006668698363,121.56632091294577,93.25299814520467,1,100372.75482736244,-1.2685330029210133,-0.020193309442988017,9.707945382402201,-0.0055776163328486224,-0.000694564333543624,-0.004439166869884573
54.7,99.06470014687234,0.542013550146211,78.74477063175495,7.532380141019589,0.02883768438083529,1.004188923574079,0.00015010905172674859,0.13253182228553118,-0.0013512789136670505,99.88821218137983,0.36864215891266583,80.054562246957,7.839318133694062,0.0004522965400768807,-0.05576853309251282,-0.006673564959648284,0.1321943479508656,0.040657305260770764,25.033006668698363,121.56632091294577,93.25299814520467,1,100387.71385039412,-1.277215596430076,-0.04722305573094013,9.703258980234425,-0.004303151338017675,0.0009127121463451972,-0.004525051661153154
54.800000000000004,99.74861510415836,0.543644456802607,78.74477300245943,7.532378933486081,0.028855087100156752,1.0041874675619007,0.00015569793762012206,0.13253177595014565,-0.0014305689762365075,100.67224419379774,0.36875523411658556,80.04887488118509,7.840970237617534,0.000921056643622426,-0.056703443798489774,-0.0067957010944554724,0.13217774850632802,0.04068850096380415,25.033006668698363,121.56632091294577,93.25299814520467,1,100387.70201858383,-1.2448124022915612,-0.06539160185189041,9.745906413392609,-0.006277084032504516,-0.0009458400858628485,-0.004905934194891274
54.900000000000006,100.50852061388163,0.5453939233460922,78.74477553048432,7.532377540449547,0.02887495769015669,1.0041857557041123,0.0001620405485574821,0.13253173025063258,-0.0015195352787689704,101.45661584932397,0.36885414942750966,80.0226755327785,7.84281224507491,0.0010861335924609134,-0.06236307797794383,-0.006856340137906446,0.13216127137668954,0.04071674471979305,25.033006668698363,121.56632091294577,93.25299814520467,1,100370.49020663436,-1.2611980101946227,-0.03344969646544732,9.723424268147292,-0.005639243479456501,-0.002782198282152822,-0.005355586642347827
55.0,101.26842611508273,0.5470767981396981,78.7447779335812,7.532376088892136,0.028895242373028086,1.0041835902121357,0.00016850809730072688,0.1325317078631918,-0.0016094268480522248,102.24095233516769,0.3689217545008587,80.01641827305198,7.8440545792292475,0.000839141043405547,-0.06353261325063621,-0.006891329706106564,0.13214124094971846,0.04075794438949691,25.033006668698363,121.56632091294577,93.25299814520467,1,100383.82173322394,-1.2284263795220842,0.003700655652047479,9.647020518125387,-0.00715780988793407,-0.0016589572454689054,-0.004789700424968147
55.1,102.02833160201675,0.5486924003259667,78.74478022258556,7.53237461825948,0.028916006258853273,1.0041818533714442,0.000175131159917198,0.13253167681700462,-0.001700262216625872,103.06320639689628,0.7044024014730687,79.83599158584144,7.856492946078791,0.10156767980284306,-0.08900631898363436,-0.008578506968922983,0.1321813014420703,0.03762332019394212,25.033010688544582,121.56641395779661,87.42065524229888,1,100379.4227028111,-1.243422078205321,-0.03934019432578683,9.782579405346262,-0.0069370188041981435,0.0009039593717562354,-0.004755743547666267
55.2,102.78823706714016,0.5502400336073544,78.74478239631436,7.532373119828575,0.028937132835999285,1.0041803001362384,0.0001819009615339199,0.1325316363278437,-0.0017920598961680776,103.84900908691111,0.714705295125704,79.82711889048237,7.859506037331746,0.10414250419284574,-0.08854919721795128,-0.008637802307349209,0.13217198271323594,0.0376620583448203,25.033010688544582,121.56641395779661,87.42065524229888,1,100379.46873492631,-1.254298249837947,-0.01570632543720625,9.74161293962518,-0.004791105002938828,-0.0014297521573230843,-0.004130421650278596
55.300000000000004,103.54814250026263,0.5517189791758026,78.74478444540073,7.532371562306889,0.02895866146598387,1.0041782626932405,0.00018879346758143498,0.13253161166874805,-0.0018848555612606408,104.63488444137087,0.7253138119271734,79.83483774467915,7.8599849024398845,0.10745849842704189,-0.08697331217149472,-0.008686282937846606,0.13211404904314672,0.037686373725550976,25.033010688544582,121.56641395779661,87.42065524229888,1,100361.00170881292,-1.2669138884361466,-0.03133477830454129,9.691351372783451,-0.005667268858969496,-0.0031182527152680594,-0.006062459834918623
55.400000000000006,104.30804789466903,0.5531285067258269,78.74478638456533,7.532369978410398,0.028981013893895558,1.004176268606416,0.0001958585726510115,0.13253157971954277,-0.0019786787278403147,105.42098364743045,0.7361867436644198,79.82627349099192,7.862229572743344,0.11017798639010738,-0.0843812015184108,-0.008777368073273199,0.13214288504798022,0.03767279896686183,25.033010688544582,121.56641395779661,87.42065524229888,1,100373.37330165242,-1.24445234470104,-0.02646470445893173,9.6867587050163,-0.0074227029349627225,-0.0003978300817205598,-0.005007331071050001
55.5,105.06795324228254,0.5544678894214375,78.74478821637825,7.532368358345764,0.029003716259108213,1.0041748719383254,0.00020310153510985532,0.13253154453258964,-0.002073515567189381,106.20696160985125,0.747373735364312,79.85461876185758,7.862451738594354,0.11440347227436591,-0.0807208217200787,-0.008890881486337307,0.13211780880813428,0.037703813290516454,25.033010688544582,121.56641395779661,87.42065524229888,1,100367.53472163113,-1.2370099324673458,-0.0217860388013632,9.718738837986193,-0.00476384899518785,-0.0011345247046227057,-0.005443618059075001
55.6,105.82785853390698,0.5557363624324766,78.74478993985885,7.532366686417606,0.029026765221050077,1.0041730934463224,0.00021047944874387384,0.13253152348925767,-0.002169395473412929,106.99335011186281,0.7590638731696157,79.84647181277727,7.865019050264061,0.11885685788935763,-0.08122525947596301,-0.008961499971944283,0.132079225020735,0.03773687418406682,25.033010688544582,121.56641395779661,87.42065524229888,1,100388.29780418758,-1.2918956801007178,-0.08344193585959894,9.67930703798298,-0.008424212754889714,-0.0024462086586104614,-0.005599123874515533
55.7,106.58776376264817,0.5569331450787447,78.74479156875898,7.532364986123909,0.029050229773684256,1.0041714555468855,0.00021799873341364585,0.13253150211265297,-0.002266349940582539,107.77975899179687,0.7711008533046484,79.87221040233152,7.867713094638706,0.12294834019670958,-0.07852762728697368,-0.008976871281275872,0.1320401914605187,0.03774548068304852,25.033010688544582,121.56641395779661,87.42065524229888,1,100363.78705855482,-1.2540813025176385,-0.013891501825743226,9.738894934309023,-0.0025066260423718656,-0.0028083929870547043,-0.004772607768289564
55.800000000000004,107.34766892183602,0.5580574423318465,78.74479311711643,7.532363264032978,0.029074255715349828,1.0041700756234961,0.00022568442178030716,0.1325314637486712,-0.0023644082036320476,108.56674632785234,0.783567662698227,79.86427558127592,7.871514064237731,0.1259226315118231,-0.0802427406681887,-0.008985252827362589,0.13192820802716776,0.037777913349868145,25.033010688544582,121.56641395779661,87.42065524229888,1,100375.22880985201,-1.2103483445213137,-0.05602215509931732,9.660444013456015,-0.0058674087835482915,-0.0014026628965783825,-0.005022885923925724
55.900000000000006,108.10757400107029,0.5591084467684971,78.74479458322412,7.532361490464663,0.029098814114377293,1.0041685207937041,0.00023352950466882074,0.13253142993241007,-0.0024635917785442865,109.35354178166865,0.7962868191005191,79.92262621577693,7.874141894940676,0.12973279203814755,-0.07100253410799143,-0.00903722344665693,0.13189776443284384,0.0377979064597988,25.033010688544582,121.56641395779661,87.42065524229888,1,100387.45256612058,-1.2755605622992507,-0.03019829834498697,9.684201207538273,-0.007626126828168397,-0.00016738418357775404,-0.004491470953512185
56.0,108.86747899092666,0.5600853352510741,78.744795974648,7.532359669180534,0.029123906747785294,1.0041670706226784,0.00024153920487998237,0.1325314040156751,-0.002563919995945964,110.14100763385677,0.8093497326342762,79.91549962248091,7.87504007829443,0.13150523977975426,-0.07154682052655043,-0.009195712561345569,0.13185191303005261,0.03779677052694299,25.033010688544582,121.56641395779661,87.42065524229888,1,100374.34404715848,-1.2872297994569948,-0.04503465096108942,9.646097588651756,-0.00617822538526886,-0.003152607499413716,-0.005593175333507046
56.1,109.62738388372497,0.5609872600446603,78.74479730763481,7.532357817980694,0.029149579122450475,1.0041658135906,0.00024973016786187727,0.13253136730076465,-0.0026654259905770105,110.45342935664452,0.6981240605776607,79.91151654544416,7.736714060341745,0.09799955934670061,-0.07395259766124844,-0.008629362103125506,0.12943522712214306,0.03898466183587791,25.033004721212542,121.56648013974339,89.54358502896048,1,100367.9355154865,-1.2286432294312077,-0.005603544659843505,9.681037688915312,-0.007035642952259873,-0.0006329420859942331,-0.004449392598792743
56.2,110.38728866932243,0.561813356957489,78.74479858781207,7.532355923322688,0.029175841036381323,1.004164463099853,0.0002581078637105289,0.13253132490453945,-0.0027681390634719453,111.22712337821561,0.7081635845039094,79.90408737469964,7.736398594862218,0.10181653722663822,-0.07436832664983765,-0.008704159069158699,0.1293619471440135,0.0389920320774107,25.033004721212542,121.56648013974339,89.54358502896048,1,100403.16003622567,-1.2370152844996691,-0.045718776922225646,9.728962214432743,-0.004252839033009369,-0.0011184260230924048,-0.005026091269067032
56.300000000000004,111.14719333660453,0.5625627396135463,78.74479982088073,7.532353974423411,0.029202799209648866,1.0041631702677747,0.0002666808885000375,0.13253128306423956,-0.002872094507144361,112.00110691979533,0.7184780425186779,79.82862376640564,7.736633072250489,0.10355696853718258,-0.08371353544347324,-0.008759324136973478,0.12921853924756488,0.03895244419074427,25.033004721212542,121.56648013974339,89.54358502896048,1,100377.32170901496,-1.2405848211018824,0.008550235447173597,9.722279739341634,-0.006199248702314732,-0.0016764961009771528,-0.005149766870548962
56.400000000000006,111.90709787467915,0.5632345052215536,78.74480101506488,7.532351973615656,0.029230467432386276,1.0041620429569986,0.0002754636157706275,0.13253124151738382,-0.0029773186006986216,112.77473894663865,0.7289478485285243,79.82026460121914,7.735502640705308,0.1061224984032018,-0.08330658618459019,-0.00885738466963168,0.1291576905860108,0.03894469876791985,25.033004721212542,121.56648013974339,89.54358502896048,1,100383.93843537601,-1.2469596843642472,-0.01611436470237286,9.753640955439296,-0.00431311516283309,-0.0007955106231026617,-0.005216800413916244
56.5,112.66700227242715,0.5638277277897719,78.74480217904092,7.532349922730864,0.029258842921453827,1.0041607698867638,0.0002844690490860012,0.13253119740693275,-0.00308384041938843,113.54826673913003,0.73971274349875,79.81310044830622,7.735120073411738,0.10905726002792158,-0.08316612024160337,-0.008916365740749894,0.12907121786484854,0.038906558734204344,25.033004721212542,121.56648013974339,89.54358502896048,1,100389.21567437483,-1.26333857680206,0.01187389380617225,9.738862445559295,-0.004610805091880173,-0.0003957812277264413,-0.00562311336619693
56.6,113.42690651805685,0.5643414612999507,78.74480332026275,7.532347820139177,0.029287897458361724,1.0041597316845432,0.00029370523921371764,0.1325311502101265,-0.003191683264385084,114.32179659038954,0.7507286316512398,79.80476232541788,7.734893077100217,0.11120991442281251,-0.08350439459804285,-0.008976657320163261,0.12895802511154297,0.03889834048038612,25.033004721212542,121.56648013974339,89.54358502896048,1,100387.78773257157,-1.2543997903521995,-0.010290070346091156,9.743448516230702,-0.004547359819473666,-0.002039172896859205,-0.0058126554034178095
56.7,114.18681059914597,0.5647747246894979,78.74480444406859,7.53234566071842,0.029317642448330423,1.0041587496027304,0.0003031570261902397,0.13253110163279036,-0.0033008939643013506,115.0948242667366,0.761923583362098,79.8498609026214,7.732388094709327,0.11409298279505414,-0.07843396567452054,-0.009107680439583396,0.1289241976475599,0.03884239766106276,25.033004721212542,121.56648013974339,89.54358502896048,1,100370.05012974956,-1.2629967217677454,-0.07892113325893295,9.657355303299559,-0.007405614678607259,0.001035825923408056,-0.004693320660979781
56.800000000000004,114.9467145023396,0.5651265210337723,78.74480555353607,7.53234344081383,0.029348172493492697,1.0041575066992892,0.0003128397999278892,0.1325310580585375,-0.0034115047790151862,115.8680588674441,0.7734640965768889,79.84194454139683,7.732697040893141,0.11780725825203402,-0.07923180324779922,-0.00924066854676706,0.1288632422413698,0.038833233040961035,25.033004721212542,121.56648013974339,89.54358502896048,1,100374.4870897091,-1.3060058743161902,0.026878428837940487,9.731055964115683,-0.005324619060245733,-0.0006389460500693799,-0.004441097125424395
56.900000000000006,115.70661821584862,0.5653958281409721,78.7448066647303,7.532341177484595,0.02937950473772153,1.0041564846541946,0.0003227866124646912,0.1325309973326958,-0.0035235496825134346,116.6410298031,0.7853148222636837,79.86792747108835,7.732108207779617,0.11905327943398049,-0.07416216744868667,-0.00933595985866066,0.12877857170967522,0.03880730830187083,25.033004721212542,121.56648013974339,89.54358502896048,1,100374.75004737491,-1.2676065779757926,-0.045435488507386115,9.717529586723344,-0.007331433244485116,-0.00020297851857792814,-0.004551799248385668
57.0,116.46652172430738,0.5655815947175455,78.74480777551925,7.532338844235754,0.029411618686902785,1.0041557011575744,0.0003329827109741048,0.13253093538955452,-0.003637068260767597,117.41422287533541,0.7973772135342349,79.86045306208834,7.732513250623185,0.12264877372475823,-0.07421812602159218,-0.009442698642383403,0.12869300545705542,0.038800112142347805,25.033004721212542,121.56648013974339,89.54358502896048,1,100364.02664956512,-1.2504863332576321,-0.0026225441441817265,9.761652242685969,-0.0075900897297476785,-0.0002982481793622567,-0.005282403674562989
57.1,117.2264250113045,0.5656827446597585,78.7448088815783,7.532336428410467,0.029444607396744527,1.0041544687700683,0.0003434218260932628,0.13253089273566143,-0.0037520977115029267,117.81467622510668,2.044308067275576,79.90282198220649,7.602129164861779,0.5812989666085365,-0.06403461157225787,-0.018510946957830465,0.1263969440449857,0.026357856368444784,25.033021489790396,121.56655774138538,89.14753851437801,1,100379.75869863536,-1.266356396925761,-0.077940751216444,9.687575623984753,-0.0057906391126898715,-0.0018654238074812986,-0.0052678658797739334
57.2,117.98632806490872,0.5656981741655541,78.74481000778196,7.5323339761503165,0.0294784311376316,1.0041534149942333,0.0003541535737832777,0.13253082589423815,-0.0038686772294383213,118.57475090988437,2.102927104356502,79.89639007971208,7.599968967619557,0.5915339242626558,-0.06453058284075523,-0.018695026242335155,0.12629902933998194,0.02630161208096319,25.033021489790396,121.56655774138538,89.14753851437801,1,100387.45798898647,-1.1890013348937207,-0.025524756935290535,9.73087466527656,-0.005946035485585537,0.0007078757744880318,-0.005057533952920283
57.300000000000004,118.74623086809703,0.5656267486578159,78.74481115181472,7.532331451229988,0.029513200911658793,1.0041527106638208,0.00036517796324457953,0.13253074790476527,-0.003986849229781401,119.33457510511137,2.162581995531383,79.91108475576934,7.5973169608381514,0.6028635449190973,-0.0598942141763999,-0.018828053076050087,0.12617357392968032,0.026252449122539517,25.033021489790396,121.56655774138538,89.14753851437801,1,100387.54303759296,-1.2235691715298918,-0.041613489811192395,9.785279026440259,-0.005297996924503467,-0.0017802778212934775,-0.005418180230765653
57.400000000000006,119.50613340076409,0.5654673073736447,78.74481229944469,7.532328822903398,0.029548810510037743,1.0041515767346532,0.00037645547906904934,0.13253069985326738,-0.004106649853829273,120.09409508169087,2.223439651119985,79.90517231531088,7.593254427632782,0.6139621699590148,-0.05804260763993576,-0.01897562657707566,0.1260572102005877,0.02622547406162603,25.033021489790396,121.56655774138538,89.14753851437801,1,100366.16779184085,-1.2559112882887837,-0.0012896081017916457,9.712944692746115,-0.0059771933706421415,-0.0002419444221152191,-0.005136871018276223
57.50000000000001,120.26603564919571,0.5652186512769724,78.74481347626923,7.532326148592138,0.02958538677186886,1.0041503515219588,0.00038803951569047943,0.13253063420897093,-0.004228134789857307,120.85311675797152,2.28546019101776,79.95584679229549,7.590998344478009,0.6264355381893033,-0.04968291044885126,-0.01914899767974769,0.12596852661844804,0.026148944865553372,25.033021489790396,121.56655774138538,89.14753851437801,1,100373.05940069564,-1.2161137428649464,-0.038081326581481625,9.648422853515573,-0.007331707640690354,-0.0021397175197096505,-0.0054546407287661474
57.6,121.02593759662294,0.5648795526271161,78.7448146935221,7.532323417990609,0.02962301855864281,1.004149687151886,0.00039997000652304895,0.13253053309560392,-0.004351353942034148,121.61208214493465,2.3487332293259784,79.95090817569447,7.587971153327421,0.6390214878225303,-0.04974069082281307,-0.019287750789991412,0.12587632219365785,0.026098515743677504,25.033021489790396,121.56655774138538,89.14753851437801,1,100377.71280149564,-1.2785712662427737,0.03004359726252017,9.68380590424275,-0.006081626387266314,-0.0008005012387988857,-0.005106507997623083
57.7,121.78583921801093,0.5644487513603014,78.74481592306219,7.5323205540907825,0.02966176853702183,1.0041485886312935,0.0004121962906551884,0.13253046645319455,-0.00447635490302503,122.37067073878089,2.4133940836811996,79.96392074871093,7.584495411194954,0.6538065093912443,-0.047705965508027706,-0.01936934434713668,0.1258387144631281,0.026028562732147004,25.033021489790396,121.56655774138538,89.14753851437801,1,100361.0926334691,-1.2613745250567623,0.011929538849185985,9.710466835107393,-0.0027407167718108394,0.0006881892284514922,-0.005235805859143872
57.800000000000004,122.54574049553999,0.5639249542028655,78.74481718369147,7.532317614889048,0.02970160622637836,1.0041472234880724,0.0004247596814021446,0.13253040305475783,-0.00460318502794819,123.12897696810082,2.4793662317567122,79.95903822938746,7.58171143111577,0.6646385228620216,-0.049085863132412096,-0.01954836897462454,0.1257470794687654,0.025966891777135213,25.033021489790396,121.56655774138538,89.14753851437801,1,100373.17550986608,-1.230307479276387,-0.030159335496878076,9.652334518780235,-0.003145036366847883,-0.0015163987125211792,-0.005651727814910336
57.900000000000006,123.3056414124102,0.5633068334073766,78.74481849867989,7.532314627330402,0.0297425982341882,1.0041465256999125,0.00043773024495702244,0.13253029673543693,-0.004731888296703738,123.88679509339372,2.5464533114113213,79.98740014687712,7.576754734654797,0.6782914944945148,-0.042536091797610635,-0.019742486454512227,0.12567940775782938,0.02589114676220011,25.033021489790396,121.56655774138538,89.14753851437801,1,100370.23415618636,-1.2674596636317577,-0.03626059918389141,9.738580338056337,-0.004243846477110901,-0.0007324047116046225,-0.006160325849589997
58.00000000000001,124.06554194231552,0.562593012612828,78.74481984564193,7.53231151286186,0.029784704885109876,1.0041455110130177,0.00045104075708048445,0.13253020227949697,-0.0048625297048975145,124.64433323497566,2.6148813194802893,79.98311222121684,7.574580390658537,0.6905521434417864,-0.04336051090217821,-0.019940064900588618,0.1256170781734769,0.025833740723010763,25.033021489790396,121.56655774138538,89.14753851437801,1,100367.30131375519,-1.264022132480069,-0.08343447491744012,9.719085687422744,-0.005430941813154915,-0.0014357472734066916,-0.005704171710481258
58.1,124.82544206082908,0.561782075978913,78.74482122283443,7.5323082807043225,0.029828075371473427,1.004144012293539,0.00046469569989881143,0.13253013315376072,-0.004995179181654916,125.00890167578424,1.4267625458590172,79.87126177173889,7.472337190331767,0.38358786787273585,-0.057426742499963275,-0.01526816727682991,0.12385572639728015,0.03309905960413445,25.032991084779287,121.56662377507168,87.8582758002484,1,100401.79845887655,-1.2247567522604403,-0.06913952780376086,9.785903835234194,-0.007186956893976172,-0.001743015345339341,-0.005005208884043965
58.2,125.58534175017626,0.5608725721902147,78.74482266944217,7.532304998123367,0.029872940291879164,1.004142945090831,0.0004788182303183848,0.13253001038664158,-0.0051298988978708574,125.75585115367485,1.4655935657318333,79.8657137334669,7.466894612127666,0.39321209616552627,-0.05419115820292469,-0.015299648988184002,0.12373485362263059,0.03301974907848319,25.032991084779287,121.56662377507168,87.8582758002484,1,100365.17709824702,-1.256716849473727,-0.01850127761095583,9.748724368602378,-0.003620822192412513,0.0006259225733697886,-0.005458666791836246
58.300000000000004,126.34524098089113,0.5598630087930706,78.74482416533141,7.532301580735876,0.029919166508133012,1.0041419961663125,0.0004933806711037813,0.13252988483324324,-0.005266744132681625,126.50217526734468,1.5052750719047001,79.92074881396813,7.462995853114041,0.40104078943697724,-0.046123641593533805,-0.015448155504468831,0.12374907788545264,0.03293152653975222,25.032991084779287,121.56662377507168,87.8582758002484,1,100375.54134424789,-1.2500847871213505,-0.03629321424697007,9.80042038724191,-0.002121624702232332,5.8227043876500195e-05,-0.005492087836831736
58.400000000000006,127.10513972222866,0.5587518350900023,78.74482569451945,7.5322980018868195,0.02996686975672294,1.0041404502084927,0.0005083394257580998,0.13252980161239125,-0.005405796737495982,127.24828503387042,1.545807798632892,79.9162173049894,7.459666495767882,0.41019095712442055,-0.04553942618052599,-0.015523731599366323,0.12366671534432472,0.03282801106199397,25.032991084779287,121.56662377507168,87.8582758002484,1,100379.56106230294,-1.2170242087709968,-0.035776062081349945,9.747546580534255,-0.003232161549013359,-0.0005572360456324406,-0.006252203066082278
58.50000000000001,127.86503795312099,0.5575374622774223,78.74482729866017,7.532294354342565,0.030016214280255343,1.0041392117210841,0.0005238177112676947,0.13252967696124007,-0.0055471221380064915,127.99392953918206,1.587222526106413,79.9512446914798,7.455278352174907,0.4181023734862833,-0.03880134242574696,-0.015522751119284885,0.12362182031531144,0.03274387646125017,25.032991084779287,121.56662377507168,87.8582758002484,1,100371.4006037256,-1.234910662162923,-0.030825952983804354,9.706091662216537,-0.0053151802927573315,-0.0014860021470763465,-0.006159566203474064
58.6,128.62493564352266,0.5562182489414145,78.74482897442473,7.532290583151964,0.030067159035899932,1.0041381116498296,0.0005398325589366162,0.13252952327176226,-0.005690789034336903,128.73916378244934,1.6295204662120066,79.94733102411654,7.448674267297342,0.428391838573862,-0.03988003764021663,-0.015590419142980089,0.12353809556925666,0.03264746570216962,25.032991084779287,121.56662377507168,87.8582758002484,1,100362.93282934044,-1.2992610241385063,0.051483998244308354,9.753025133553093,-0.0051640356772578565,-0.0016731450927694033,-0.005541173457599198
58.7,129.38483275612353,0.5547924951393144,78.74483069076553,7.532286615381453,0.030119766783505926,1.004136571335718,0.0005563079745967009,0.13252941845326904,-0.005836877697708297,129.48364967148532,1.672900185585702,79.95726144796498,7.44164556557229,0.4391968252119465,-0.037432001093816204,-0.01563442260353955,0.12345414812247357,0.03257266764131668,25.032991084779287,121.56662377507168,87.8582758002484,1,100357.92478204882,-1.2505690623147825,-0.060477353045613996,9.734832810155575,-0.006661695577099039,-0.0004596442291824051,-0.005136525596216542
58.800000000000004,130.14472926464225,0.5532584466197005,78.7448324830506,7.532282548154318,0.030174046926093705,1.004135246687023,0.0005733236597932835,0.13252929276060255,-0.00598547136324404,130.2275563737647,1.7172307388883248,79.95353241881358,7.436984562413937,0.44760450861688045,-0.036667805409953375,-0.01571174009399962,0.12330086069790402,0.03248653854284242,25.032991084779287,121.56662377507168,87.8582758002484,1,100370.38121749011,-1.2157478246122542,-0.041251874494074484,9.738234145739357,-0.007720615903672291,-0.0015508650846882254,-0.005819218274475238
58.900000000000006,130.90462513828928,0.5516142875274644,78.74483436854385,7.532278365495351,0.03023033031283348,1.0041337302431075,0.0005909629966274199,0.13252911274409063,-0.0061366650888852285,130.97090063763562,1.7624171298822038,79.99689393433471,7.434142183460706,0.4574782267691348,-0.03226787383394945,-0.01576960928485575,0.12311630709322463,0.03238968449925911,25.032991084779287,121.56662377507168,87.8582758002484,1,100376.64710613407,-1.2386789790939563,-0.04294830021495187,9.713359158952002,-0.004094491136186751,0.0008558233729455331,-0.0065019416089549305
59.00000000000001,131.66452033393222,0.5498581477950893,78.74483631249372,7.532273966185789,0.030288490302569963,1.0041321094829052,0.0006091619362931025,0.1325289667899081,-0.006290541636260557,131.7139659157437,1.8085328123666733,79.99366611595488,7.427094259365157,0.4653760808944045,-0.03248592929178687,-0.015879453172960682,0.12305542709123474,0.03226828100859742,25.032991084779287,121.56662377507168,87.8582758002484,1,100384.79727825763,-1.2324453496308592,-0.00044435004949327367,9.769580060123475,-0.004037276852321519,0.0005465615038680588,-0.006341933539809235
59.1,132.42441481649212,0.547988090191022,78.74483833118671,7.532269408423639,0.030348594942741208,1.0041307239828612,0.0006279510498205373,0.1325288291265363,-0.006447194580354584,132.935571748761,1.1546066857619521,79.65313376180279,7.553229065260441,0.2863088974340577,-0.07786708389817434,-0.01283744403226434,0.12474111371617669,0.0353700253961452,25.032999537313266,121.56671772464072,85.57617972690788,1,100371.69593251144,-1.2433993816096165,-0.04625988733640811,9.665929471633193,-0.005340010762220959,0.0004507193738542203,-0.005297010072134019
59.2,133.18430855258075,0.546002106821816,78.74484045750481,7.5322647278610235,0.030410944304242078,1.0041289892510652,0.000647447261712336,0.13252863340865106,-0.00660673199797244,133.6906712416165,1.183591864310327,79.64538971685923,7.5494493279305654,0.29245790295270124,-0.07686521170295636,-0.01281096683419483,0.12458077119534239,0.03528189666729729,25.032999537313266,121.56671772464072,85.57617972690788,1,100389.12528771142,-1.1721763285052598,-0.027323692937863416,9.761284574237882,-0.005136384094147446,-0.0014048910220655737,-0.005924960555098052
59.300000000000004,133.94420149570558,0.5438981174955719,78.74484267189463,7.53225982876762,0.030475607352153,1.0041269970472944,0.000667635454307345,0.13252843534972647,-0.00676926921960933,134.44531382053,1.2129994269753943,79.68398347475997,7.5458866353028204,0.29732366124054094,-0.0705917612473919,-0.012961941049925988,0.12451543206352356,0.035166173694427885,25.032999537313266,121.56671772464072,85.57617972690788,1,100382.79664071134,-1.2187204036603967,0.0011630562464522085,9.718446020808358,-0.004218708473669534,-0.0035078984424928928,-0.005273551775559167
59.400000000000006,134.70409359954368,0.5416739769033564,78.74484496664425,7.532254702335017,0.03054264494897931,1.00412553879017,0.0006885086952793627,0.1325282662742331,-0.006934904834632793,135.19974878581723,1.2430625860794504,79.67695493016394,7.542596981825956,0.3045093657110322,-0.06977883714437406,-0.013002997290809906,0.12441672492430422,0.035065545593053415,25.032999537313266,121.56671772464072,85.57617972690788,1,100394.21584585287,-1.2826365062508334,-0.016564223897567912,9.686402289279906,-0.0028841485789770456,-0.0009037035494994824,-0.005383258447254525
59.50000000000001,135.4639848245447,0.5393274482636077,78.74484738098346,7.532249415972473,0.030612258343753286,1.0041235246295301,0.0007101786173094034,0.1325280496655008,-0.007103770827349625,135.95341072039727,1.2737332502083312,79.76304220316429,7.537678011607252,0.31136779664332265,-0.05511409232380831,-0.013013232166557689,0.1244580851328323,0.034951321775560706,25.032999537313266,121.56671772464072,85.57617972690788,1,100385.79316869326,-1.2158898744806892,-0.0049956363744106495,9.715547433079113,-0.0075772997806040614,-0.001826337108534696,-0.005768619449071128
59.6,136.22387511977607,0.5368562195644997,78.74484991178747,7.532243901033466,0.030684638560396188,1.004121082027503,0.0007327050145615765,0.13252780738027892,-0.007275989850439502,136.70690414924024,1.3051846031590626,79.75748708066425,7.532753968212565,0.3171294291063277,-0.054894746482270496,-0.01308365053952758,0.12433695898845865,0.03483801300500937,25.032999537313266,121.56671772464072,85.57617972690788,1,100389.32036700562,-1.2497765610467522,-0.023701700925713172,9.720483152264528,-0.004726095675235472,0.0010225834744675552,-0.005299722828670076
59.7,136.98376442955447,0.5342578889315124,78.74485254535375,7.53223811024326,0.03075984308216806,1.004119432842875,0.0007560532599823048,0.13252758707917556,-0.007451689573813985,137.45971803006807,1.3370873698399364,79.79909457569241,7.5289426247675495,0.3225911844687783,-0.04911806517890944,-0.013148205742251009,0.12429364809079435,0.034718188725111856,25.032999537313266,121.56671772464072,85.57617972690788,1,100397.2127835434,-1.1697274290658952,-0.023907049316278697,9.704302658272466,-0.004533897427167106,-0.003025188923575319,-0.007035813194413857
59.800000000000004,137.74365270348443,0.5315299559536083,78.74485530658121,7.532232095605757,0.030837907159957163,1.0041174567419777,0.0007802873168612614,0.13252734694506785,-0.007631016192544142,138.21245804294676,1.3695765251682563,79.79406474481172,7.525633390206574,0.3270154124083418,-0.050580787139398516,-0.013145319173074752,0.12424727073208319,0.03458310456391743,25.032999537313266,121.56671772464072,85.57617972690788,1,100379.25539923248,-1.2640433954617023,-0.0691144078671351,9.699193333969736,-0.00473769640803448,0.00048368902103552676,-0.0067983278605197785
59.900000000000006,138.50353988549784,0.5286698252157102,78.7448582125064,7.532225832966054,0.030919344994338977,1.004114347120675,0.000805535410560599,0.13252706557236382,-0.007814122029957663,138.96452643208366,1.4023387130712996,79.85007705555518,7.521512501813738,0.33096072041667357,-0.041297920394845575,-0.013228248804236618,0.1243187824702876,0.03442402636810833,25.032999537313266,121.56671772464072,85.57617972690788,1,100384.60955427296,-1.2027548343465537,-0.06368434688440422,9.691606296956737,-0.005061515765151161,-0.002234585829541588,-0.00606066068806671
60.00000000000001,139.26342591199042,0.5256748000215367,78.74486126220631,7.532219274141964,0.03100398638887007,1.0041124549238944,0.0008317952530846858,0.13252676816555153,-0.008001157595066696,139.71653711822685,1.4357168299279008,79.84603467429618,7.518541263949248,0.3368422856368749,-0.039231051457606,-0.013221844239570431,0.12424833444159189,0.03430190283746184,25.032999537313266,121.56671772464072,85.57617972690788,1,100379.00128767936,-1.2279916846603967,0.014269801878369789,9.746052771348749,-0.005361918606266948,-0.0019724878278607875,-0.005678680527663615
60.1,140.02331071654817,0.5225420549544196,78.74486445209348,7.532212387205371,0.031092310231113952,1.0041103533368714,0.0008590746184357297,0.1325264790246603,-0.00819231723803976,140.94610709353444,0.3932864829105594,79.5772147105988,7.649059294685494,0.037198770991750556,-0.07489804751900168,-0.007968907350639109,0.12616037917687906,0.037946085543133,25.032988878445707,121.56679613282643,85.71574357982593,1,100381.5755784324,-1.2822113495998895,-0.013033889446958493,9.745523611336518,-0.004140122979577806,-6.501707428423556e-05,-0.00587551631383318
60.2,140.7831942336006,0.5192686767804044,78.74486781050079,7.532205204400381,0.031184395663078512,1.0041069029725787,0.0008875339327291398,0.1325261594434164,-0.008387752183323122,141.7108870908562,0.3970985028578446,79.56980157224838,7.647521789343513,0.03844478898780026,-0.07322342692227052,-0.007940205752852505,0.12606401633157382,0.037797207926596646,25.032988878445707,121.56679613282643,85.71574357982593,1,100384.85582505411,-1.2518396587867227,0.016095968986907083,9.792922575277698,-0.005462893911957437,-0.0007929108566707761,-0.005362450176186846
60.300000000000004,141.54307639263683,0.5158515855848312,78.74487137331904,7.532197707564412,0.031280727841617804,1.0041039679233228,0.0009172690934418689,0.13252575831732738,-0.008587708324595817,142.47543731161628,0.40106654340025216,79.58128988369239,7.644537730013339,0.04078712727780563,-0.06839390865556051,-0.007900236863919044,0.12597647917459454,0.03765200420524665,25.032988878445707,121.56679613282643,85.71574357982593,1,100373.32498734955,-1.3009618462240702,-0.07713962962456941,9.698020528973254,-0.005173130483120752,-0.0017700620843445472,-0.005670953411334116
60.400000000000006,142.30295710683998,0.5122876003808595,78.74487510544763,7.5321897665345405,0.031381540209796124,1.004102035588776,0.000948268988225363,0.13252538086347587,-0.008792368809948518,143.23974200816286,0.40522978265468734,79.5744006112236,7.642122582450521,0.042481061975051373,-0.06886032028242546,-0.007916552776611055,0.1259165262697406,0.03750794661716234,25.032988878445707,121.56679613282643,85.71574357982593,1,100390.30986610484,-1.258972715183876,-0.07878200624480841,9.741682203972283,-0.0048915765115423795,-0.0019564639435555023,-0.005935317136176576
60.50000000000001,143.06283629407176,0.5085733890599122,78.74487903025806,7.5321814121074055,0.03148710917783725,1.0040978783780035,0.0009806493714700267,0.1325250064011112,-0.00900194940375696,144.00370225744103,0.40953426479485716,79.5881269793934,7.638069184881909,0.04406001267500549,-0.06671484138033372,-0.007843529727592643,0.12591581050598966,0.0373705247821141,25.032988878445707,121.56679613282643,85.71574357982593,1,100381.9738660405,-1.2080365407482114,-0.02262752711313943,9.716161333743546,-0.004725737021014806,-0.00027119823053210344,-0.006913251852703155
60.6,143.8227138720605,0.504705472314196,78.74488320627353,7.532172689776475,0.03159775156241496,1.0040939556524378,0.0010146205304861263,0.13252454262711932,-0.00921667112012736,144.76735687786763,0.41391674381140964,79.58145889080888,7.634382669905485,0.04371683942598845,-0.06622490721729514,-0.007850599925840182,0.12586872528024173,0.03720851960939012,25.032988878445707,121.56679613282643,85.71574357982593,1,100388.29082584435,-1.280608001263006,-0.05040308213528308,9.732707799020273,-0.006394706724702441,-0.0007915870433937022,-0.007977592537023993
60.7,144.5825897429441,0.5006801723457737,78.74488763540067,7.532163500966047,0.0317133209255246,1.0040919019573977,0.001050143583883014,0.13252402034327715,-0.00943683201347089,145.53070349708176,0.41833043659731195,79.5718109031747,7.63148683609789,0.04460370247637568,-0.0668286473955743,-0.007858572331727296,0.12582742844961592,0.03704133379732032,25.032988878445707,121.56679613282643,85.71574357982593,1,100381.35516738426,-1.2392669914984993,-0.019206652983369883,9.718394598599529,-0.005381344295655098,-0.0011047673002629712,-0.0063385437306185555
60.800000000000004,145.34246380118287,0.4964935839751148,78.74489234222479,7.532153779899718,0.03183509887608006,1.0040871721316296,0.0010872903067302535,0.13252345084838635,-0.009662858793437376,146.29372071133918,0.42299366319802906,79.56512969394159,7.628631185587836,0.04806704265729891,-0.06649673570473158,-0.007850660968830565,0.12580784012953816,0.03685488034618167,25.032988878445707,121.56679613282643,85.71574357982593,1,100375.62924628152,-1.2549736343579643,-0.00092010633423854,9.713751137113402,-0.004544536200284022,-0.0008787185154361659,-0.0060114896128836475
60.900000000000006,146.1023359281965,0.49214175322017395,78.74489731485504,7.532143413717567,0.031964103462450634,1.0040825830834834,0.0011265460983875255,0.13252288642472565,-0.009894914174922838,147.05626492482543,0.4277580759191224,79.61052688804291,7.626963322000831,0.04931672458878203,-0.06029843619321493,-0.007841267078798014,0.1257644019016133,0.03667863145162842,25.032988878445707,121.56679613282643,85.71574357982593,1,100363.23453180729,-1.3010221639433461,-0.037897894279769986,9.70943632097207,-0.00473411346872531,0.0010547572525962563,-0.006789472057683599
61.00000000000001,146.86220601190618,0.48762041243481485,78.74490265053124,7.532132496799095,0.03210121126520451,1.0040784342861804,0.0011679673740527799,0.13252219284958366,-0.010133369279098772,147.8187681414276,0.43279029961598725,79.60445731567408,7.622606559093978,0.05129942896245947,-0.060840497242169875,-0.007867486336542717,0.12571130490521099,0.036483139432580663,25.032988878445707,121.56679613282643,85.71574357982593,1,100355.71116343056,-1.2689043021864745,0.06366788942312931,9.735161475552946,-0.004460038990959883,-0.00018819898860922583,-0.0070764947604383885
61.1,147.62207390510102,0.4829251807334716,78.74490823775511,7.532120774471724,0.032244122802617056,1.0040747008902258,0.00121140548961126,0.13252164010328804,-0.01037837400629113,146.7748548260271,0.3566037453947964,79.78649697362557,7.092113488063366,0.029535878639210898,-0.033732456891540745,-0.007839758961836066,0.1166013100332064,0.037588416178138684,25.033002196631543,121.56682259629122,90.74355484514311,1,100375.3712411088,-1.2725651899141164,0.034900368735224466,9.713850543238143,-0.0045677866470618216,0.0014625393287762778,-0.006138147349834992
61.2,148.38193949388454,0.4780513132177479,78.74491421844607,7.532108523509523,0.03239362876829861,1.0040687855288848,0.0012570630658313214,0.13252097538495322,-0.010630375306449773,147.48347737867465,0.3595334528781408,79.78320895738663,7.08039551566814,0.028897496499787116,-0.03301607851852112,-0.007803992260294395,0.11648963422274128,0.037389396819501784,25.033002196631543,121.56682259629122,90.74355484514311,1,100394.8058024329,-1.278066459432533,-0.021726542628841255,9.709796912095799,-0.00728359032290703,-0.0008511334769609818,-0.007068281245890418
61.300000000000004,149.14180264160515,0.47299380781381656,78.7449206739459,7.532095664605071,0.03255145772340323,1.0040642922997607,0.00130521712685191,0.13252007231664154,-0.010889876512407795,148.191023090119,0.3625415883016014,79.74645525552958,7.068129451712795,0.030659189121847813,-0.035761898054193345,-0.007797249778619814,0.11637818718634252,0.0371926234566001,25.033002196631543,121.56682259629122,90.74355484514311,1,100360.17412415662,-1.2324949888151768,0.019188683876647027,9.763344861380402,-0.006748726691317215,-0.0002823063759364698,-0.007133123685188245
61.400000000000006,149.90166316482484,0.46774745325568745,78.74492750621421,7.532081797094714,0.03271843870115193,1.0040595477564889,0.0013558191502141366,0.1325192209925734,-0.011157293218997444,148.89722859986108,0.3657079942899766,79.74288916107484,7.055061559411787,0.03218397246737364,-0.035662816776497436,-0.0076917395800257336,0.11634863442909316,0.036973724058053416,25.033002196631543,121.56682259629122,90.74355484514311,1,100385.22302601817,-1.2591323974681885,-0.06498268195698231,9.750167827043,-0.004367942925459357,-0.00014352694181407009,-0.007445819711714595
61.50000000000001,150.66152089662347,0.4623067172586257,78.74493481393496,7.532067043585717,0.03289535306673959,1.0040516191606144,0.0014091958640035903,0.1325183041312561,-0.011433153066362112,149.60185790464067,0.36878372881972216,79.78917318046634,7.041809315292287,0.03168296875139305,-0.02805987487312182,-0.007668687161485287,0.11629731873611382,0.036727621739338676,25.033002196631543,121.56682259629122,90.74355484514311,1,100384.60633792134,-1.2482356325879609,-0.06864751600527672,9.729203534969333,-0.004342363931974624,-0.0008663657864862147,-0.007907037987512681
61.6,151.42137566293246,0.45666576908700157,78.7449427486619,7.532051447582194,0.033083613982055546,1.0040451992189117,0.0014659659790319819,0.13251709800285938,-0.011717988625128208,150.30542689039262,0.37199628967403015,79.78645736713275,7.0290998107924585,0.03340671862562377,-0.02714683776395179,-0.0075661610271952045,0.11621526403379367,0.03649930343041303,25.033002196631543,121.56682259629122,90.74355484514311,1,100385.51479636616,-1.2732502709651887,-0.06816046950536046,9.710665674739051,-0.0007112538501870764,-0.0012296485811973757,-0.007431140183106148
61.7,152.18122723405105,0.4508183873375099,78.74495126434515,7.532034558627503,0.033284477435776734,1.0040388983342416,0.00152616105145267,0.13251582575384746,-0.01201243673803365,151.00771724432886,0.3753911107847816,79.78187318599785,7.0152180001552935,0.03497989314561887,-0.027786624395499355,-0.0075747374863224075,0.1161822793318632,0.03625858355816135,25.033002196631543,121.56682259629122,90.74355484514311,1,100391.6153374115,-1.2573935080499716,-0.005307157266738444,9.751073387981034,-0.0030173841490928636,0.00019376944112715574,-0.00723897517331925
61.800000000000004,152.9410753716167,0.44475798068176764,78.74496039806617,7.532016303430789,0.03349861162493476,1.004030032079402,0.0015900242334877133,0.1325145600111297,-0.012317144331136416,151.70864660517032,0.3788757453699087,79.77910694910399,7.003435735270608,0.034663242672140784,-0.02706714082732831,-0.007452064377611242,0.11600028229008497,0.036020255551917825,25.033002196631543,121.56682259629122,90.74355484514311,1,100382.16446367887,-1.2075111172086925,0.01810381013674811,9.738527428916996,-0.0028740807048131837,7.481142397813373e-05,-0.007360077835076119
61.900000000000006,153.70091984606552,0.43847754343482004,78.7449703580857,7.531996823827879,0.03372817031032595,1.0040206250036574,0.0016583732563553479,0.13251300090847895,-0.012632792061759839,152.40837710344894,0.38248363560769333,79.7705446146376,6.990899135174337,0.03612861418840332,-0.026544364976588963,-0.007389677244129405,0.1159048855855418,0.03574507604759343,25.033002196631543,121.56682259629122,90.74355484514311,1,100373.27867329518,-1.2079887529573465,-0.043925880747291646,9.718393547964617,-0.0059601799217645825,-0.0017810812559898668,-0.007915687640803424
62.00000000000001,154.4607603736909,0.43196955692932276,78.74498120218274,7.531975773777918,0.03397359887556379,1.0040125704083904,0.0017314298121511923,0.13251119876159212,-0.012960185538020419,153.10687674261015,0.3860451149080238,79.76796177445655,6.978962098886931,0.035176665853252784,-0.02559375819579247,-0.007256374348208668,0.11573725762609022,0.03548074009756624,25.033002196631543,121.56682259629122,90.74355484514311,1,100372.11595660317,-1.2427115225899803,-0.06136863632243773,9.678603760886661,-0.004349019838293727,-0.0008191660561168422,-0.007439054703993697
62.1,155.22059662524066,0.4252259534406294,78.74499290912426,7.5319527740337,0.034236617519780695,1.0040021937472388,0.0018092794009671766,0.13250940539164602,-0.01330025232585717,155.52551569706833,0.2130410699561917,79.71079326939247,7.555250051421129,-0.08358957982280489,-0.03189842712123305,-0.0036474171864341355,0.12673046929905407,0.033630175405117604,25.03300764731023,121.5669454182873,88.64389990487062,1,100379.75293949341,-1.2412071904117554,-0.07038783695782616,9.68688490937874,-0.002751880493191257,0.0002736273309482353,-0.007895006757341973
62.2,155.98042828999388,0.4182380878964319,78.74500576919095,7.531928051741231,0.034519722323688204,1.0039899566478536,0.0018928800265445508,0.1325072215567764,-0.013654028731692925,156.28099355209554,0.20450646106247256,79.70763901935537,7.554574553204734,-0.08652467870339361,-0.031693835156097847,-0.0035111057015200665,0.12673111550037475,0.033341881790687325,25.03300764731023,121.5669454182873,88.64389990487062,1,100390.38400087599,-1.246099633052624,0.011961094226515718,9.655516006586785,-0.0029967673949231784,-0.0003707119584744957,-0.008319495311435492
62.300000000000004,156.7402549895448,0.41099666052740486,78.74501994415135,7.531901170239074,0.03482618596136611,1.0039768421625848,0.001983029886523063,0.13250456793091048,-0.014022677788534034,157.03632750817698,0.19591477134302557,79.68957814104327,7.551663339653815,-0.08659970659771944,-0.03318817812487448,-0.003383659336728311,0.1267391324169378,0.033038182940662346,25.03300764731023,121.5669454182873,88.64389990487062,1,100384.36312463626,-1.2752367679499914,-0.01519245347568821,9.766400226386448,-0.004717110404837755,0.002298680797051455,-0.007654862934351029
62.400000000000006,157.50007626034437,0.40349174005110017,78.74503538778353,7.53187143674752,0.035157080009664034,1.003963986878955,0.002079934815284793,0.1325018855548743,-0.01440728229876178,157.79131356747857,0.18717633927413602,79.68626023891039,7.54837201095053,-0.08985441135026848,-0.03273142494843161,-0.003343268866601013,0.1267296524843431,0.03270822737820306,25.03300764731023,121.5669454182873,88.64389990487062,1,100386.72046618549,-1.2315878948879992,-0.06538839428932398,9.74344987795513,-0.0018454012584949069,-0.0008270378912243827,-0.008784137693632416
62.50000000000001,158.26010540938304,0.3957048751348021,78.74670460564518,7.534049285674399,0.035494297866789246,1.0723191813984125,0.002180725805699041,0.12922464541103795,-0.014818126514041168,158.54619835519938,0.17807215712854038,79.6828559510484,7.55735776303447,-0.09240090120078939,0.06580909737745742,-0.0032777240464562252,0.12347368709866613,0.032385454061671544,25.03300764731023,121.5669454182873,88.64389990487062,1,100381.90617290922,-1.2749952290940096,-0.06658204346389887,12.375417349583769,-0.007643370711142258,-0.1976863855103096,-0.008022031827269613
62.6,159.02141671899076,0.3875655414619292,78.76708194250341,7.54655030430509,0.03582310380289231,0.9924513060361762,0.0021908967905463917,0.09076638555921202,-0.015335920694414208,159.30209361241972,0.16874869769683898,79.69997082279563,7.54922203130321,-0.09425208245040298,0.2620253724364837,-0.00333687567994336,0.08521180471867607,0.032127973106109944,25.03300764731023,121.5669454182873,88.64389990487062,1,100382.8716370842,-1.3732885949414044,0.0001254889114134239,10.789593876903691,-0.012570765231299637,-0.5209651411627145,-0.00837831940190474
62.7,159.77827634555413,0.3791723108912277,78.80271189668152,7.507161658769459,0.03629660917286613,0.7127344937490545,0.001907953545902544,0.035731175126580084,-0.015908627814017508,160.05347984389726,0.15907093471334893,79.74302894244255,7.467752559301455,-0.09927551171698763,0.40158521510757733,-0.003701475470945244,0.030191155015661275,0.03195844390306001,25.03300764731023,121.5669454182873,88.64389990487062,1,100367.82570076677,-1.5124439345491514,-0.013362977182484788,11.116216580335731,-0.0108316882061084,-0.5819790257191045,-0.008989094528107533
62.800000000000004,160.52378221647777,0.37067771471202426,78.85248877120344,7.394644152536995,0.03721794448800638,0.44053505235698454,0.0015344896698262275,-0.01856557691701921,-0.016477588592713324,160.79332084875955,0.1488239478159705,79.78987901773395,7.319117682059958,-0.1059860558335561,0.5408168079593533,-0.004078293264286357,-0.02415853968582682,0.031723132387035446,25.03300764731023,121.5669454182873,88.64389990487062,1,100382.78465109244,-1.429328062070923,-0.05382109760810071,11.884987957486912,-0.008724849248887088,-0.5039373127746021,-0.009732559385383973
62.900000000000006,161.2513993841021,0.3693573442018929,78.9261483295865,7.218616122315171,0.08867430328990819,0.25217691274329435,-0.0135942207222199,-0.08340944996575361,-0.002841150746048694,161.5145946857488,0.14449481183262652,79.86775218909042,7.096105583039968,0.033604514275545436,0.7981110508220906,-0.019292590632390576,-0.0887123916659549,0.045647684267665654,25.03300764731023,121.5669454182873,88.64389990487062,1,100385.06160900168,-1.5217322630078747,1.2297986986567615,8.452244606057643,-0.14042040345339676,-0.6692154973436046,0.2785189479413429
63.00000000000001,161.95576674092757,0.38122175098857425,79.00338876021712,6.969788829186723,-0.06945489142664638,-0.13285642338925727,-0.028078037572731893,-0.12874682523497483,0.034704345427029604,162.21178721692306,0.15231763160151454,79.94256696585401,6.840971643465411,0.11177449619816288,0.7295660687138461,-0.034030462991504515,-0.1340116403037055,0.0834408828256532,25.03300764731023,121.5669454182873,88.64389990487062,1,100365.89641761038,-1.331356884821986,0.40790250116900845,10.050073022647831,-0.08566357445518169,-0.3451476602407208,0.4137416518670879
63.1,162.63353258513726,0.3994778698388752,79.0779591782539,6.6811287582102405,-0.30793073715794494,-0.3064264529432197,-0.03877444226882451,-0.15479533252447863,0.0804911729093266,163.64857717669304,0.2504234555901282,80.40698140103831,6.755980372548115,0.16583135057146903,0.7642986214866188,-0.04493332517879665,-0.1565635961823868,0.1290755939791254,25.03300358840428,121.56702911292781,94.52208645347116,1,100349.39350374976,-1.266470695088251,0.1560522997089667,9.859602481790963,-0.02660184427066285,-0.21320560520959628,0.45619197065980965
63.2,163.28286618814826,0.4214450715702865,79.14974526487815,6.368904863130269,-0.5538565415945895,-0.39854349814378,-0.04656135731231426,-0.169770295519311,0.12866257191231115,164.30963337419558,0.26789772985841526,80.48209278227279,6.463731745548309,0.18198501570713796,0.7379891961744451,-0.05289033342697741,-0.17128041405857464,0.17740428258434343,25.03300358840428,121.56702911292781,94.52208645347116,1,100377.95313767713,-1.2053895999824853,0.17018337724013624,9.887951997880007,0.009763978603987549,-0.13878942515889583,0.469544697907228
63.300000000000004,163.90285763752388,0.445965882930681,79.21849657517684,6.042066580610553,-0.7848623851628839,-0.44497946933185756,-0.052395576514583916,-0.17836320539993533,0.17740630486256848,164.94121074700368,0.28656207527243094,80.54996008331366,6.167557963957576,0.1895649112168669,0.705766796153374,-0.05893018220075642,-0.179555464936906,0.22629800083983487,25.03300358840428,121.56702911292781,94.52208645347116,1,100375.72142881696,-1.1091225270652412,0.21078098374040194,9.830493737326275,0.02543194854641763,-0.09105110056374716,0.4717317554205139
63.400000000000006,164.49315845979757,0.4722773489115283,79.28391791636885,5.7061689329261185,-0.9937894976315121,-0.46484750613103304,-0.057760184940730416,-0.18308179670068947,0.22618052796666577,165.54315311459325,0.3057158718616995,80.61873825176446,5.871761381887762,0.1922299261150213,0.6681543154763017,-0.06445616762922492,-0.1839398289222589,0.2751688555567635,25.03300358840428,121.56702911292781,94.52208645347116,1,100377.8226175632,-1.0435683712820565,0.12557967147366492,9.78952285128324,0.024213353920282815,-0.05991301657747733,0.4726211284215012
63.50000000000001,165.05379311376407,0.4997676062352199,79.34557472297394,5.3651863348781434,-1.1778942200468407,-0.47018567176639225,-0.06381042345257215,-0.18496338415735192,0.27482425886456613,166.11562040676776,0.3247421620833827,80.67431431865289,5.577512595791988,0.1878955361368998,0.6286183918038513,-0.0706208963199457,-0.1855011122231729,0.3238870747348812,25.03300358840428,121.56702911292781,94.52208645347116,1,100376.08782012525,-1.0297284781895937,0.25114494186381786,9.811925782979307,0.014429407543112963,-0.03648479882532273,0.4705547948041958
63.6,165.58498422222868,0.5279760399073155,79.40317385049882,5.022585398779705,-1.3353596646781913,-0.4666788181759598,-0.07144520875817756,-0.18442508830378546,0.32327880301052203,166.6586653445371,0.34332308072269235,80.73519845053988,5.283998811211606,0.18241962733165612,0.5880587598295599,-0.07826578704738449,-0.18458443564946125,0.3723908741877475,25.03300358840428,121.56702911292781,94.52208645347116,1,100383.58198561902,-0.9757723676428718,0.2284238925256364,9.710133665170718,-0.0053301071488194175,-0.017139726920356663,0.47083963131821355
63.7,166.0870879032197,0.5566501619083704,79.45651666189913,4.681810241887923,-1.4644303360976547,-0.4571005418179525,-0.08127022393289743,-0.18144305516075532,0.371488614068485,167.1725718304865,0.3613667169866858,80.75793547523463,4.997833417337708,0.17605698905649111,0.5406911916860151,-0.08815286531808664,-0.18122308314503566,0.4206181217207514,25.03300358840428,121.56702911292781,94.52208645347116,1,100355.73451936278,-0.8319196327800273,0.2668278393963516,9.80911725209836,-0.03279142556851859,0.005844425270057478,0.4703778713615688
63.800000000000004,166.56053537932772,0.5858085134945682,79.50555033619554,4.346521020762102,-1.5633699636132568,-0.44245967563498373,-0.09363147208855557,-0.1757857346359919,0.4193798942149315,167.65825145822888,0.3786782457695104,80.80995300462872,4.717467293153168,0.17023543333720406,0.4989964570651826,-0.10052115222709102,-0.1751692037858943,0.4685009662746398,25.03300358840428,121.56702911292781,94.52208645347116,1,100387.97005552011,-0.7794898127718287,0.2898724265664026,9.760019831621985,-0.06123052961151824,0.028062198690135532,0.47016140902730685
63.901,167.0488045043113,0.6188518146829631,79.55459817545774,3.9887840314565395,-1.6354789794709603,-0.42106246621718046,-0.11036640833848332,-0.1660899240027156,0.4715649559229296,168.1163324508126,0.3955953468050952,80.8829202017117,4.440786499120619,0.17136181537498507,0.4614179835764102,-0.11554005418076779,-0.1661830541206677,0.5159535168759664,25.03300358840428,121.56702911292781,94.52208645347116,1,100360.39600471566,-0.7793894990555579,0.2252179035465911,9.840054780093572,-0.09283209690959342,0.05185876638062405,0.46946171299899003
64.0,167.42341075931034,0.6472676541509653,79.59109456293426,3.7085102332021025,-1.6648531620456466,-0.40022764004411504,-0.12636103939431304,-0.15520211915462667,0.513758342263428,168.54672520562113,0.4131259631916138,80.92725649598763,4.16783652904383,0.18162418673526975,0.424646571511041,-0.13323067115139403,-0.1539513155270913,0.5628291365553542,25.03300358840428,121.56702911292781,94.52208645347116,1,100362.85133619532,-0.6585985132388661,0.26891766475724616,9.77503763397475,-0.1285959425423787,0.07615587935753886,0.4690257186943802
64.10000000000001,167.81388816507965,0.6812993952757325,79.62797002003188,3.4145420198454297,-1.6653220001804663,-0.3731908583938674,-0.1464554415042481,-0.1395970923773775,0.5599334045208357,169.05687059346494,0.24809134039047387,80.99583040018598,3.930711879835978,0.15162256094295273,0.3941162314025183,-0.1522716049286894,-0.13804652186228106,0.6095505900231792,25.03299935411303,121.56707281618723,91.28837544526759,1,100387.35546687836,-0.7047126461924381,0.31289540254652554,9.90897033399826,-0.1577118010710363,0.10743679215934178,0.4688704919716925
64.2,168.1777639993507,0.7193106522746056,79.66131734583593,3.143331929372695,-1.6318601157134522,-0.34108798678048025,-0.16842210549662764,-0.12032812542721749,0.6052248418376829,169.4367277224144,0.2651462475591998,81.03374496522504,3.6679922727262793,0.19204614527898542,0.3615836144184324,-0.17412420785432528,-0.11848308388223039,0.6547529716065223,25.03299935411303,121.56707281618723,91.28837544526759,1,100374.7995956955,-0.5632191775534379,0.33897901622328197,9.846941191116615,-0.18046206189604955,0.13691095081548793,0.4693543339805576
64.3,168.5156120776301,0.763065611757894,79.69124401548439,2.8995394064884192,-1.5648807614430438,-0.30418162555225614,-0.19208574917660895,-0.09713001301649937,0.649417939568544,169.7909356546325,0.28706302260402683,81.08767485683286,3.412128984559838,0.25045262582199923,0.33475267475606657,-0.19770619306904175,-0.09504750011579355,0.6988654056883044,25.03299935411303,121.56707281618723,91.28837544526759,1,100379.77734384265,-0.549846731411182,0.25713480207547657,9.853900358392885,-0.21210728684131702,0.16519526551805305,0.4696640672109053
64.4,168.82794827048323,0.8146989976082222,79.71803083386241,2.6874748700918145,-1.465659749019175,-0.26057007302973834,-0.2165147954197354,-0.0704770575269249,0.6924577581770406,170.11940214008274,0.3159521571547375,81.1197957954794,3.158735526808793,0.3306580005928282,0.303446789706073,-0.22216038291789325,-0.06822059796250834,0.7418330637360255,25.03299935411303,121.56707281618723,91.28837544526759,1,100341.50986616377,-0.5545140246167181,0.2809901523724389,9.94799874616519,-0.23051278825412194,0.1888629736089865,0.4698835032061271
64.5,169.11532609051045,0.8765913255579767,79.74155943955978,2.511036402480699,-1.3362994573011195,-0.2132556263317916,-0.24121655901685526,-0.04055343929878075,0.7342611510577176,170.4245448011799,0.3536986319783179,81.23453756157414,2.9116132045717027,0.43604287088908,0.2804203269055395,-0.2467350341637411,-0.03795417327065809,0.7834747232014467,25.03299935411303,121.56707281618723,91.28837544526759,1,100352.08770853291,-0.5004788025612247,0.22897787644763617,9.512960408793905,-0.24869130620930419,0.22064318535372923,0.47064317235033054
64.60000000000001,169.3781264049306,0.9514805825030327,79.76232743884088,2.373725054412124,-1.1795768550333094,-0.12320073870133046,-0.26424612094938016,-0.009536666024654084,0.7752955440642818,170.70316793834087,0.4040796198299118,81.26213812571089,2.6587834485036064,0.57888289799165,0.28384862146374923,-0.26983914118374874,-0.00668918889354142,0.8243784051451827,25.03299935411303,121.56707281618723,91.28837544526759,1,100367.9522043792,-0.5036836254359095,0.22743055265093798,10.495022898633318,-0.18610963081613832,0.14568151168180724,0.4709339207255725
64.7,169.61603287635214,1.042646053388534,79.78380130326738,2.2719831246103124,-1.0040113188852724,-0.0416906225863727,-0.27831199911639853,0.013137450805075002,0.8183144228761066,170.95523957831318,0.470327822013501,81.25380949461471,2.4069431152348177,0.7424850687782147,0.2740400238836526,-0.28396570920997477,0.016261214675360014,0.8673130806060145,25.03299935411303,121.56707281618723,91.28837544526759,1,100350.71322548283,-0.44219986523269983,0.19302184728201563,9.97867084026553,-0.12035326084357129,0.07447520305406229,0.4702952719584951
64.8,169.83076141477142,1.1501489830927834,79.79849521377297,2.201674900699149,-0.8194761557997878,-0.08361497773378121,-0.2753802997491111,0.04038174230106217,0.8598892276488654,171.1846328848204,0.5521336103823029,81.27544779971497,2.1900850318458085,0.88607395961571,0.12035056985877637,-0.281033145021681,0.04371200591277202,0.9088099025792655,25.03299935411303,121.56707281618723,91.28837544526759,1,100371.91472480599,-0.486581153294471,0.20010161122809214,8.249718206747692,0.22352889432557738,0.29847661239597817,0.46925651243954664
64.9,170.02561027899816,1.2723280659756504,79.79585447804207,2.1747584551602985,-0.6512324538186494,-0.049378287527368565,-0.2381346444787767,0.09003491620873372,0.8958087621866666,171.39264463419687,0.6483934967071194,81.25426252198743,1.995373086308831,1.0375090583558844,-0.01914482572327137,-0.24389965082230564,0.09353434639501867,0.944509727904874,25.03299935411303,121.56707281618723,91.28837544526759,1,100356.58857444944,-0.5095280523734896,0.2761272455472226,9.144093275178678,0.43736415432353754,0.4453856385299109,0.4672391839532185
65.0,170.20354332489913,1.4109268495885037,79.78259690661154,2.2018029187190367,-0.5225923662869961,0.04215558370210499,-0.18634122803297332,0.1438204755806749,0.9326599950969066,171.58421918372073,0.7606014387625618,81.24803539302978,1.8459260934837929,1.2075113490423877,-0.10594270019041244,-0.19213158046388495,0.14750157402083808,0.9811094012165607,25.03299935411303,121.56707281618723,91.28837544526759,1,100366.82953187259,-0.4904655468516543,0.17865366144967929,9.245793041828192,0.485743399906592,0.44429978529217745,0.46667637818998486
65.10000000000001,170.370300564131,1.5668361740588983,79.76120719412451,2.281428677922466,-0.4464304281450575,0.12501122445344479,-0.1320051164530664,0.19233261785871814,0.9730689648833937,170.63055295281129,0.7123055848371037,80.7298437724119,1.4292987948376954,1.323783925671409,-0.279100750045692,-0.14226765849018663,0.19223621170123972,1.0239262903040074,25.03300306845703,121.56707289721864,84.8386481736235,1,100369.80460382756,-0.49722214693849304,0.16121250794070202,9.249137317840491,0.4546514790952411,0.38667300507636554,0.4662410684542522
65.2,170.53205118583796,1.7404181794939337,79.73166107951077,2.405817794812726,-0.42766624375728135,0.18182476763352443,-0.0815305012117945,0.23135190489243196,1.017194848769332,170.77144671311663,0.853793632428926,80.69793278055648,1.3983175199985776,1.5045783060870013,-0.36459833409719505,-0.09185776993775274,0.23166186102219344,1.0676790023448879,25.03300306845703,121.56707289721864,84.8386481736235,1,100365.74473844096,-0.5007835956265909,0.037034494218987676,9.147516802621773,0.3657770633645473,0.30050396582158334,0.4676144709187343
65.3,170.69408816597434,1.9318177771116776,79.69303786265937,2.5634568139390397,-0.46451531954831476,0.21020484024852287,-0.03998476902010151,0.2587031171384202,1.0641613639511078,170.91265056536702,1.01325038106851,80.68426222602368,1.4111898023298175,1.689909473572874,-0.45598527444364406,-0.050337521044168,0.2594771672788341,1.1144283659634362,25.03300306845703,121.56707289721864,84.8386481736235,1,100354.43123969858,-0.4905676724188836,0.10029340957610727,9.038416367012836,0.2353539953519068,0.19567169313932348,0.4674821173281504
65.4,170.860206092274,2.1411173141695223,79.64445051519294,2.7403400986558197,-0.548247147789113,0.20357413876733005,-0.011665671664845667,0.2732077467771219,1.112759473413461,171.05572372753934,1.1917106523695766,80.63379351712105,1.4533682631924427,1.8787329110868185,-0.5592740903338299,-0.021854462686061726,0.27452308272912496,1.162928089465665,25.03300306845703,121.56707289721864,84.8386481736235,1,100365.90879183337,-0.5318244227633193,0.11913647455521831,9.041909534646235,0.07979149626994436,0.08303600899781848,0.468807570664529
65.5,171.03232451336902,2.3681340874327885,79.58479468345479,2.921347953276393,-0.6658554113414544,0.15796260507201385,0.0027502386296623937,0.2763036945342121,1.1618438138753202,171.20516906262702,1.3883912642497263,80.60206820435337,1.507229024369687,2.0632741855321837,-0.6650059373403268,-0.00730801630046618,0.2780625812428208,1.2120618173680793,25.03300306845703,121.56707289721864,84.8386481736235,1,100367.62714080687,-0.557100202595646,0.05985978431823295,9.272286439110298,-0.08038252676084216,-0.023418505171120263,0.46569176868393525
65.60000000000001,171.21137778078474,2.612674845535599,79.51508807186372,3.0939857497032057,-0.8058087889809096,0.07819415920313773,-0.0015593649942284848,0.2679996685943222,1.2092617034456754,171.35892875391772,1.6038578344354022,80.53096793460239,1.5651249211994642,2.2433115683388336,-0.7634312387991231,-0.01140591703479299,0.27019563569172944,1.2596582439027655,25.03300306845703,121.56707289721864,84.8386481736235,1,100362.89652524852,-0.5144098601620417,-0.012586668835185975,9.135622878673612,-0.22803494609295624,-0.11998352950317698,0.43507153844085894
65.7,171.41548768282505,2.9010737879054718,79.42745882880403,3.2639221598218597,-0.9446789255553067,-0.04344323606650907,-0.02140982955170656,0.25128793913239944,1.256699262329926,171.52056850188512,1.836234521847123,80.49464249156887,1.609025975668479,2.4201199985766753,-0.8416546197523734,-0.028714688749480577,0.2556267947143298,1.3032459300714492,25.03300306845703,121.56707289721864,84.8386481736235,1,100379.35759993922,-0.5810775834445651,-0.016677125040898813,9.335037020089585,-0.33214223447902363,-0.17900331579144205,0.3900208272599401
65.8,171.5857059124689,3.15191351857713,79.34923546717219,3.3845084858119727,-1.0257329501185315,-0.14880642412511244,-0.045521735425134935,0.23514491693773798,1.2914477462079992,171.6822136581126,2.086895190913675,80.40727998672256,1.6170055823425953,2.592267974814917,-0.9014599612706096,-0.054957931767100066,0.2379884895391744,1.3423619193784273,25.03300306845703,121.56707289721864,84.8386481736235,1,100372.09808645457,-0.6536423266608814,0.06325893644448682,9.538857949428786,-0.3779519824175327,-0.1986427848823029,0.3429211793786343
65.9,171.77473131025263,3.446066818419735,79.258095140874,3.500832542277981,-1.072196374267215,-0.2468032710623652,-0.07524822135882203,0.2181928958751851,1.3259687335533328,171.84028366702228,2.3553699081615274,80.28468331978499,1.5832262011801315,2.760550831915456,-0.9345085864605103,-0.08454777954519588,0.2213192664239203,1.377134272542208,25.03300306845703,121.56707289721864,84.8386481736235,1,100374.96291826939,-0.5580654786560844,0.05522847812425449,9.903861759577662,-0.369015410843423,-0.17998448901073166,0.3003768020665675
66.0,171.95977540289226,3.756211386485826,79.1655652508917,3.603615384290877,-1.074802659337966,-0.3055691136278716,-0.10375438901014966,0.2044425447094529,1.3564324338038785,171.99533790302772,2.6396686581990747,80.19108994688479,1.5122070550270919,2.9234787303158307,-0.9335134505325643,-0.11300611200632704,0.20773637246570864,1.407862940770364,25.03300306845703,121.56707289721864,84.8386481736235,1,100388.20088891228,-0.6853743707880189,0.08380018161710928,10.090147527446996,-0.3282812234791086,-0.14597012122619818,0.26078107949453444
66.10000000000001,172.13705156111865,4.082021149904214,79.07446988483419,3.6987737659740083,-1.0408443299380692,-0.31750073725148165,-0.12782823231377416,0.19477097090577544,1.3830075655317624,172.4576141305887,3.330401192625462,80.33336981888527,1.5136001396905998,3.2038827466359376,-0.8719108455214855,-0.13589876065636552,0.20002177116907283,1.4283559630088918,25.03303160357917,121.56711101306561,93.58058810778658,1,100369.04030959027,-0.6739362087638054,-0.030986480531338643,10.324355013050797,-0.26316418653802537,-0.10843719994205793,0.2252159617603644
66.2,172.30334641044968,4.423137518015902,78.98696351711445,3.7911230528383646,-0.9778195891656957,-0.2887907135908298,-0.14569832062479482,0.18899180245693636,1.4058998465766381,172.60265128342292,3.6586108357484592,80.24829100469667,1.382182872849596,3.359507771980314,-0.8279325338850704,-0.15366768356849347,0.1943033924371973,1.4513783088773717,25.03303160357917,121.56711101306561,93.58058810778658,1,100384.17864241681,-0.6502754219164634,0.07035837033978165,10.521337641195055,-0.1906288505270649,-0.07466690666499386,0.19584217515164595
66.301,172.47065850910036,4.815578773403513,78.89623162928517,3.8932033683802962,-0.8858750870561904,-0.21922077479390695,-0.15721309616563428,0.18642526084296795,1.4273687805710518,172.73453024470965,4.001594472212047,80.18605194783139,1.2304754700591165,3.5083652090107322,-0.7751165553771925,-0.16439071402365724,0.19190640017687377,1.4711440862348732,25.03303160357917,121.56711101306561,93.58058810778658,1,100392.0322837409,-0.670836597335474,0.08443319131011476,10.477690265830153,-0.11171720090517173,-0.04063666933130482,0.1708826640906002
66.4,172.59404665970752,5.149750228819497,78.82676699883102,3.9787916570617767,-0.8001995033286791,-0.14219054597192868,-0.16018379900449897,0.18649002002369297,1.4424119333712695,172.84947426247356,4.359751984534094,80.1111965945318,1.0674895717741055,3.654188972579631,-0.72111835564387,-0.16795780662275428,0.19195107810321543,1.4880769795366344,25.03303160357917,121.56711101306561,93.58058810778658,1,100378.50922242533,-0.6563125175773672,-0.044451601295104455,10.585071307388816,-0.0359767205123644,-0.018374086094227755,0.14735840254342117
66.5,172.7163317538755,5.534549124884683,78.75463788076645,4.076871364445808,-0.6998714940558026,-0.04537498244728202,-0.1571894321422882,0.18805249750450037,1.4568949971807934,172.94884015851596,4.731941759587928,80.05092677615781,0.9051970380164042,3.7954136691556672,-0.6651497163073801,-0.16490496401007326,0.19355377381850247,1.5026145502668689,25.03303160357917,121.56711101306561,93.58058810778658,1,100370.1891340677,-0.6728931310261762,0.06360684012889734,10.538067604063054,0.030939107049967683,0.0007201877888034635,0.1292115770294687
66.60000000000001,172.82323606379336,5.933273722482531,78.68755248559293,4.178296481712161,-0.5997590528313637,0.05578069084008323,-0.14864410832056352,0.19053144475619987,1.4694357667599922,173.03132461072357,5.11856044763288,79.9869107712524,0.7451635327367451,3.936254100054094,-0.6150600336355136,-0.1562401419910574,0.19604503867788114,1.5152043230391103,25.03303160357917,121.56711101306561,93.58058810778658,1,100393.17517798053,-0.7236550887835324,0.0548996927395625,10.55188914927713,0.08142935486556883,0.008183698599836607,0.11326611147349394
66.7,172.92409605859507,6.387660997529998,78.61914505414262,4.293503109731523,-0.4951169467162373,0.16497816876198018,-0.13451430354376326,0.1936712384062076,1.4813957560757032,173.09855842262147,5.519040174056586,79.9305678837998,0.5963313473188745,4.075104570262508,-0.5689685638842629,-0.14356643982780926,0.19889437790331943,1.5261881086882814,25.03303160357917,121.56711101306561,93.58058810778658,1,100377.99066972671,-0.7314636438271868,0.014862110900030243,10.371923847191331,0.11780142506141786,0.013692096198068082,0.09905181567608731
66.8,172.9947639764248,6.771545658685527,78.56704564231886,4.390196821261624,-0.4169751856352013,0.25018039557082355,-0.12063232112125133,0.1962063202466382,1.4899936649139804,173.15138269863948,5.933310979674815,79.87574781086262,0.46277768741570224,4.210507199451401,-0.5261775470081849,-0.12811578394582934,0.20169666681063547,1.5358566926029782,25.03303160357917,121.56711101306561,93.58058810778658,1,100373.55913781574,-0.7800045016789423,-0.025348028686517098,10.352066570741863,0.14000030609909328,0.016806223295883195,0.08626216075041934
66.9,173.06227884214414,7.210687198942809,78.51293681961184,4.499634421408355,-0.34003431642159665,0.33782825310240516,-0.10414174283899202,0.1987639413896245,1.4984893138062971,173.1919125574879,6.361122166316439,79.82705665859024,0.34622067302714815,4.346681451448388,-0.48467158818668066,-0.1116638043838657,0.20424097720589396,1.544393460597023,25.03303160357917,121.56711101306561,93.58058810778658,1,100407.31011804228,-0.784351234983728,-0.04189886037165595,10.294517987966987,0.14460955458205696,0.015783955827951265,0.07462449864406481
67.0,173.1198468581696,7.662918579140137,78.46256004884688,4.6105396177976985,-0.27469324811441165,0.4184152517148386,-0.08775099293566702,0.20092608416117486,1.5060192678455875,173.22140509936855,6.802559980443224,79.78044500976463,0.2462567649808513,4.481824628721737,-0.4480137894612903,-0.09523733683140001,0.20636238030666898,1.551945477781394,25.03303160357917,121.56711101306561,93.58058810778658,1,100378.09946812573,-0.8166478824526296,0.05652687871003584,10.234401967328,0.1389999883252942,0.010672671535207639,0.06501333182026882
67.10000000000001,173.16913428609698,8.128058357244173,78.41571416713181,4.7222564209089395,-0.2211892703889708,0.49272878315656266,-0.07247985978780058,0.20265285013651368,1.5126993973954264,174.31211549315844,6.995979713018588,79.51312295267788,0.49419892502561286,4.556023439847055,-0.42025834133838375,-0.07476821577215176,0.20775138216065114,1.5546272023383434,25.033055426638157,121.56714027972205,86.27169719626674,1,100366.16334878955,-0.8504269158063842,0.0441395404168308,10.188060549590812,0.12731619063925712,0.010782617078352217,0.05856093852521936
67.2,173.21167860331704,8.605921924657922,78.37224341130108,4.834176261613118,-0.178920901757464,0.5615225888836834,-0.059028503959046796,0.20396218922698717,1.518621399650315,174.35825370359743,7.458149160716146,79.47283817137348,0.430914249317433,4.687092971729167,-0.384759891571578,-0.061244651973671904,0.20899536406863994,1.5605527105020598,25.033055426638157,121.56714027972205,86.27169719626674,1,100385.41474131132,-0.7996936522450518,-0.05812651741102007,10.219900381723612,0.10758749448412859,0.0070708115706994475,0.050542467343444385
67.3,173.24882018169626,9.096318569681227,78.33202394324073,4.945766457982225,-0.14656194141368636,0.6252613942201972,-0.04775677107772203,0.20491512736375594,1.523861687315791,174.39973171109858,7.932934906075539,79.44739433668579,0.3805610694141867,4.818235017908287,-0.3496396081211603,-0.04985035045121855,0.20994306210445912,1.5658459514737197,25.033055426638157,121.56714027972205,86.27169719626674,1,100388.4900990606,-0.8314001801408369,0.05723778230201947,10.240260967124577,0.08612560695678634,0.0035940982913775133,0.043670994943846575
67.4,173.28166505245028,9.59904933128225,78.29493275120882,5.05661218601563,-0.12248086336841672,0.6853010028633622,-0.038752425728281414,0.2055915916795914,1.5284957756151,174.43571108888807,8.42123276461592,79.41406576817114,0.34037040171211347,4.947347432094815,-0.3168533264027709,-0.04080008729374085,0.2104640325995384,1.5705462897613913,25.033055426638157,121.56714027972205,86.27169719626674,1,100375.08484505754,-0.8789518978470182,-0.017458092888137128,10.143463730330629,0.06318435780212343,0.0015302801079431216,0.0385111799610243
67.5,173.31108460338618,10.113912798030668,78.26085814000648,5.166401122983514,-0.10489973863616955,0.7423617723329679,-0.03190575254312267,0.20606239288215167,1.5325896111385862,174.47151210485984,8.920491004881312,79.41955915743954,0.30933780896887836,5.0750173716880145,-0.2816472756413135,-0.033784441282055155,0.21086289271945424,1.574679440298021,25.033055426638157,121.56714027972205,86.27169719626674,1,100375.4302873006,-0.8048263643129433,-0.01840147137740377,10.171539787658855,0.04437043524661352,0.00238201122074824,0.033173100990502254
67.60000000000001,173.33772905379632,10.640704899435232,78.22968393072844,5.2749143887665735,-0.09205828760619936,0.7967942667493079,-0.02694643765363336,0.20639566007996946,1.5362043412780033,174.50109059392312,9.43426269460471,79.39303485316236,0.2841669326574806,5.200018495582748,-0.2491489805702811,-0.028782190208371916,0.21110896741082308,1.5783332873122586,25.033055426638157,121.56714027972205,86.27169719626674,1,100369.15738024461,-0.9240497802116834,0.026985994294869562,10.152467730501424,0.027223785113556755,7.61277295188718e-05,0.02886837388318438
67.7,173.36205797846782,11.1792215334339,78.20128897077525,5.382013172026611,-0.08237024818364179,0.848830703955578,-0.023511605622260956,0.20664478744589831,1.539394910505182,174.5361820934028,9.95599946254484,79.43921139965225,0.2650684439554264,5.320512811249641,-0.21146523589046168,-0.025221953560586208,0.21130221301756213,1.5814796675971672,25.033055426638157,121.56714027972205,86.27169719626674,1,100387.58897800674,-0.926419915052279,-0.02052787023171858,10.112599520699117,0.013028782543900129,-0.0010231007735819104,0.024454653233410208
67.8,173.38437742337754,11.72925823913327,78.175532706529,5.48762344061049,-0.07453127869279105,0.8988352915697859,-0.02121162039914437,0.20686126106796454,1.5422135595754873,174.5616899770207,10.494179792091195,79.41959392993323,0.24530886392636217,5.4420365513146285,-0.18244529354810454,-0.022966317514188206,0.21148038171382155,1.5843778018999521,25.033055426638157,121.56714027972205,86.27169719626674,1,100381.95087190441,-0.9164316453571755,0.0008406961389968264,10.103725840699877,0.00950033935164396,0.0017224812836479201,0.022200613256588942
67.9,173.4048836670763,12.29061571575667,78.15227215939922,5.59173045310182,-0.06757157636501876,0.9469051484071933,-0.019677359489346125,0.20706522105549463,1.5447049838331224,174.58872225144043,11.04222305311089,79.42893328440128,0.2299515173498345,5.5573642327972355,-0.15320883488006254,-0.02136750336981974,0.21159898246355446,1.586896583776944,25.033055426638157,121.56714027972205,86.27169719626674,1,100394.20738781634,-0.941565359547435,-0.008274849923058353,10.01803954808887,0.0012322802942323907,-0.0008113606026077407,0.018519098917263235
68.0,173.42370059898244,12.86309780653562,78.1313517436877,5.694342463985445,-0.060823791917067514,0.9930514136218338,-0.018587291552262686,0.20727345497027017,1.5469082333735238,174.6109101739415,11.603890257284696,79.41482908405497,0.21355430997664396,5.675405351721098,-0.12826235893225202,-0.020208823539984766,0.21171755299592143,1.589172917301478,25.033055426638157,121.56714027972205,86.27169719626674,1,100372.16204053449,-0.8961517069163597,0.04027350997635169,10.079812481716797,-0.0011256414481056248,-0.0006166888266849869,0.01679340945412778
68.10000000000001,173.44091217646906,13.446512779379793,78.11260933007414,5.795486886011212,-0.0539133325169847,1.037287938059268,-0.01768692871841837,0.20749299818692712,1.5488576606059064,174.074927526987,13.36530297516308,79.15827568564221,0.020010111857549247,6.146093384017845,-0.16847078006047336,-0.02400939946212155,0.21573138410067982,1.584891745070611,25.033127611761476,121.56711793217227,86.37132049889699,1,100381.98699755376,-0.9781678775306428,-0.004278372915165914,10.011196489047206,-0.0009095765867439768,-0.0007911673319129439,0.013275212368882678
68.2,173.45658784597504,14.040673423674367,78.095878349667,5.895200524936282,-0.04671430581610829,1.079670698235057,-0.016798636272830847,0.20772430057365,1.5505836443662129,174.07595457660693,13.985728254143092,79.1424211421092,0.0008345920153063841,6.263417054487751,-0.14887614139456976,-0.023192302309227752,0.2159571726647982,1.5866614408236146,25.033127611761476,121.56711793217227,86.37132049889699,1,100389.19331322824,-0.9530579910709089,-0.0139237378988609,10.07597666980442,-0.000634800157435291,0.002355564256250834,0.011709403107850857
68.3,173.4708006341225,14.645397746489364,78.0809960662445,5.993520371027905,-0.039270003741592986,1.12011243979178,-0.015817297195870994,0.20796067201092083,1.552111671092651,174.0766872716236,14.61696937916881,79.14503059124573,-0.01640432397612903,6.381097338111605,-0.12930220093428713,-0.022190167435342634,0.2161254529750496,1.5882291495568146,25.033127611761476,121.56711793217227,86.37132049889699,1,100391.46975342686,-1.022141128216519,-0.01107211813244967,10.01396355981436,0.0006547652823137946,0.0023104763016913135,0.010714592189934638
68.4,173.48363570951204,15.260507123077627,78.06779868523122,6.090477040740613,-0.031754188229234356,1.1587199384398221,-0.014700272347500931,0.20819833049305414,1.553465445830149,174.0741422104615,15.26078216376029,79.13287294870365,-0.03463740184240572,6.4944175174009375,-0.11390486800627246,-0.02108175594708439,0.21623154009870316,1.5896411826394576,25.033127611761476,121.56711793217227,86.37132049889699,1,100389.7603245377,-1.0227301522512926,-0.00539583776226326,9.997650368484747,0.0044003755019453765,0.0020257751033800273,0.007690618285469152
68.5,173.4951947218749,15.885827336835519,78.05613089007193,6.186095847291264,-0.024393314733218853,1.195447421563323,-0.013454883231843073,0.20843012881071,1.5546652418299047,174.07093306362862,15.915086618645864,79.13286569286714,-0.05220197283398455,6.606185017228189,-0.09583850500267353,-0.019822036534176468,0.21642645264954763,1.5908439508094316,25.033127611761476,121.56711793217227,86.37132049889699,1,100393.6089453252,-1.0512052968240233,0.050026099843444055,9.927042576755483,0.004297067241437456,0.00048189796240270897,0.006375123411019297
68.60000000000001,173.5055940802133,16.521187945207156,78.04584722702364,6.280395692729025,-0.017423242872365238,1.2304392035509897,-0.012123683594391532,0.20864795844707862,1.5557287903642942,174.06486838496616,16.58120997234721,79.12398486129028,-0.06797256442266784,6.71552347666808,-0.0814545405764608,-0.018420795522074873,0.2165331173272682,1.5919389404928115,25.033127611761476,121.56711793217227,86.37132049889699,1,100399.21379768646,-1.0695240838374944,-0.05674535215842997,10.009270992199825,0.004664249561471078,0.0008339512704510915,0.0049947891356315706
68.7,173.51496005272756,17.16642139118479,78.03681192135784,6.37338375103676,-0.011036097394590124,1.263703552030901,-0.010765087185375166,0.2088483054141994,1.556671685741696,174.05451451032448,17.260144263708746,79.09379871307,-0.0827003490599361,6.825106251740774,-0.06945079261747797,-0.01713317215142407,0.21668250979579162,1.5929423890100411,25.033127611761476,121.56711793217227,86.37132049889699,1,100403.73947574412,-1.0594831257537036,-0.041863612078182635,9.954961829371772,0.008205920876982443,0.0007213312247812097,0.0037713401117422194
68.80000000000001,173.52342167629558,17.821362351826664,78.02889712615247,6.465062915247731,-0.005380275823623935,1.2953210645655089,-0.009441119610922644,0.20903091654351247,1.557508937779844,174.04570760729297,17.948011038760548,79.08736133140485,-0.0932373064559877,6.932379733495774,-0.05901542085396613,-0.015762607858765043,0.2167625377084701,1.5938216650600534,25.033127611761476,121.56711793217227,86.37132049889699,1,100386.21956931472,-1.0353652236001467,-0.13013617340743439,9.890100015707509,0.0054152745596788565,-0.0011191459004956399,0.003492914183827139
68.9,173.5311053235132,18.485849003372454,78.02199051414851,6.5554372130470515,-0.0005320925962261792,1.3253922734920935,-0.008209720705311452,0.20919042570116475,1.5582527698587345,174.03931954036028,18.64406547829249,79.10729241283646,-0.10380256672920214,7.037178300217836,-0.045004676715632776,-0.014437031723348537,0.21680956010165686,1.5945260119176963,25.033127611761476,121.56711793217227,86.37132049889699,1,100404.6324177105,-1.1292456583734858,-0.04316831539787368,9.939424339958501,0.0037406281381861207,0.0014543911928400746,0.0025504711800229066
69.0,173.53812806026056,19.159721340309094,78.01598822515412,6.644503606104611,0.0034984382772106173,1.3541324670762607,-0.007115320889802823,0.2093268567660891,1.5589144669592723,174.0283915861673,19.352959732074368,79.10313670082364,-0.11511425884332661,7.140539155681296,-0.037711465227063576,-0.013381024058139457,0.21685776927789524,1.5952173434713028,25.033127611761476,121.56711793217227,86.37132049889699,1,100391.49304719895,-1.0967659553619213,0.0075358100831396865,9.929348431159184,0.0036457775315036746,-4.895650395983367e-06,0.0007880084570679709
69.10000000000001,173.5445937332423,19.842821753014075,78.010798769007,6.732256831813255,0.006768654738127394,1.3815110993748165,-0.006183614883669364,0.2094408043146503,1.559503236156012,172.21656515580432,20.59808780103162,79.1258182237668,-0.7188186755579827,7.391864889088092,-0.0559754954758669,-0.020544986312963087,0.21848626828207185,1.6116358683414935,25.033186460574953,121.56708755598315,90.92924143927999,1,100403.70915607526,-1.1785608754139458,-0.0699781797051549,9.864827924093293,0.004445592276253363,-0.00019548040960555612,0.0005303298579921803
69.2,173.55058986339645,20.53499475022759,78.00634208194948,6.818693530738995,0.009399657267580245,1.4076006367349703,-0.005421354543398538,0.20953304683369156,1.5600273920366134,172.1437772952753,21.34240610434581,79.12058871251067,-0.7373864182847049,7.49422074028372,-0.04807924583612598,-0.01980446368399591,0.21848906665611545,1.612225162206789,25.033186460574953,121.56708755598315,90.92924143927999,1,100391.8679761387,-1.1140487425512715,-0.05376058796227237,9.902545213133958,-0.0012464720362406626,-0.0007626547013479404,0.0006450747068088734
69.30000000000001,173.55618615485508,21.236085612376904,78.00253889012848,6.903809581345338,0.011480550473989739,1.432709859354601,-0.004823427632383859,0.20961055049862742,1.5604964604429084,172.070319941295,22.095938393171334,79.12889735888722,-0.755538506006662,7.59486764516227,-0.03903056854865087,-0.01919423238577944,0.21835770927669773,1.6127415057867212,25.033186460574953,121.56708755598315,90.92924143927999,1,100397.23815547758,-1.2009162160985467,0.023164406347938378,9.91483287877617,-0.0018629926906342468,-0.0028713276693360297,3.496794992194612e-05
69.4,173.56143772879753,21.945943511830105,77.9993267537981,6.987611136805684,0.013173347523362739,1.456667363463732,-0.004371007255982384,0.20967016263988847,1.5609159770235945,171.9938365381389,22.86045440260699,79.12539120943462,-0.772716212475174,7.6951618990451935,-0.03221531032922353,-0.018697963015558372,0.21825638623237853,1.6132218726214178,25.033186460574953,121.56708755598315,90.92924143927999,1,100372.28497715735,-1.2235092410943242,-0.01671836131209791,9.845371146545045,-0.005060870141990697,-0.0017956794132882752,-0.00015952584062976956
69.5,173.5663839226927,22.66441779364575,77.99664015122497,7.0700975078338475,0.014580277743949816,1.479725826574843,-0.00403827715075078,0.20971958962951653,1.561293982651362,171.92317535604323,23.62869442203015,79.19140725319365,-0.7876272484359779,7.790589173523651,-0.01780678013534039,-0.01829328547638287,0.21815321891748485,1.6134765463998166,25.033186460574953,121.56708755598315,90.92924143927999,1,100396.33676935254,-1.167068177847949,-0.02922855953996526,9.833402976763171,-0.0026162810723457663,-0.001361540973809502,-0.0015765366400630975
69.60000000000001,173.5710540705314,23.391361699460013,77.9944275147508,7.151280795380638,0.015810874553043787,1.501889622606281,-0.003797756988230705,0.20975471575218196,1.5616346420404468,171.84357954832947,24.41260814263667,79.18985543975099,-0.8038774626019529,7.886835547389699,-0.013413112882838368,-0.01807909785421813,0.21799932219848617,1.6138813132595367,25.033186460574953,121.56708755598315,90.92924143927999,1,100386.25940356235,-1.2009563857314385,-0.06356543605935759,9.821077514381987,-0.0035856356084331773,-0.0019540658198078822,-0.0015227764816063824
69.7,173.57546861708525,24.12662980301266,77.9926403329372,7.231164633099608,0.016964023039755,1.5232205999771056,-0.003620828773537421,0.20977883129488895,1.5619418677629766,171.76492837923453,25.203862829606642,79.20926917053254,-0.8188010821414551,7.979621609320286,-0.0051703581872956155,-0.01800015922538767,0.21790669030313525,1.6141713476701796,25.033186460574953,121.56708755598315,90.92924143927999,1,100392.94092136047,-1.2149678944016042,0.0006498249260101785,9.831216254512878,-0.009250615000373273,-0.0020315505967009456,-0.0015050503994244822
69.80000000000001,173.579640920314,24.8702064462982,77.9918455551254,7.311218963198857,0.01811216282445642,1.5604713639621175,-0.00346947671060005,0.20853913189421958,1.5622239049732378,171.68211618697106,26.006550565519028,79.20955737073984,-0.8372030447768727,8.07680665646399,0.026034766515660945,-0.01789255173912263,0.21652016046323874,1.6145554959143822,25.033186460574953,121.56708755598315,90.92924143927999,1,100391.27989355882,-1.2415117236896802,-0.009860329560199216,10.546434131921723,-0.00772353407636059,-0.05927926892963595,-0.0019411537745282568
69.9,173.58357662506765,25.622584536440534,77.99621569917502,7.398882363986409,0.019307594045051522,1.5538650717434224,-0.003281544908951828,0.19763300165639675,1.5625091757367109,171.59599241169937,26.820519066770146,79.20394114223883,-0.8553855387729036,8.172842698583631,0.07806919841693426,-0.017766315637776198,0.20555444092739528,1.6150951794607646,25.033186460574953,121.56708755598315,90.92924143927999,1,100390.62750561451,-1.2679763879431112,-0.08121550349220988,10.299619719953183,-0.0031333001707334936,-0.14979608089362956,-0.0018005373751237897
70.0,173.5872841975786,26.382278214946602,78.00534807124303,7.478452187535689,0.020457060216950766,1.4876275565545805,-0.0031504588655132393,0.1808084570777324,1.5627815807668886,171.5096341711684,27.641748388247485,79.21414419119957,-0.8708509572278067,8.247519240074112,0.12684106820498137,-0.017532227410805623,0.18862344724400115,1.6156800809948038,25.033186460574953,121.56708755598315,90.92924143927999,1,100393.86044937605,-1.3485627580208686,-0.04827430859287324,10.251923711219886,-0.0033618905782867256,-0.18098536961771858,-0.003441725312774565
70.10000000000001,173.5907590116231,27.147256368179125,78.019375832015,7.5387502877219745,0.021605932576849875,1.4104406677001935,-0.0030915635792091445,0.16276914200918213,1.5630284629679503,172.25039977526322,27.77553053016434,79.23258804325279,-0.6072677839397941,8.091783719912494,0.20083568142450056,-0.013305628272842429,0.16784639382456934,1.608244232922024,25.033236014657746,121.56711613363986,88.37157172716954,1,100399.39597795415,-1.3073495179663654,-0.06582969218030867,10.352252924594065,-0.005593616246235352,-0.17772029902189074,-0.002715762233149548
70.2,173.59399111844502,27.915542696180452,78.0389177820076,7.5767372610688755,0.022878965490374503,1.3490540350103768,-0.0030282303598674343,0.1466797629207346,1.5632427460538834,172.18920173372237,28.586490422459683,79.25557668362731,-0.615888390718449,8.124346116961066,0.2595967653645908,-0.013195750722561073,0.15160549628768538,1.6086869068362584,25.033236014657746,121.56711613363986,88.37157172716954,1,100382.25011123782,-1.3349877277479527,-0.07085961699740398,10.312061326728342,-0.0034215082106675825,-0.14722825454633506,-0.003471760008132983
70.301,173.5969754273449,28.685443798482243,78.06443445796057,7.594581728483332,0.024325561056140303,1.314110890113676,-0.002875185390806889,0.1342012814361122,1.5634217875996463,172.12997369819035,29.397261142155447,79.31503055833363,-0.6218451005153607,8.140086522164118,0.3285600981721345,-0.01293470788569906,0.13899282788621403,1.60892507059821,25.033236014657746,121.56711613363986,88.37157172716954,1,100378.47768674178,-1.3310318397881935,-0.03533149488178762,10.386642927917519,-0.0017203174136960746,-0.10678036104502786,-0.0029114393796773924
70.4,173.59972092642624,29.455661626051683,78.09589361106482,7.596803766318795,0.025878224711038633,1.3062054422449296,-0.002598157625933406,0.12586289653304483,1.5635647114413076,172.06730454330554,30.21157272710394,79.35104648835848,-0.631935608981082,8.14487055206016,0.3900900874115814,-0.012672574118985258,0.13058655264869334,1.6092060176449454,25.033236014657746,121.56711613363986,88.37157172716954,1,100388.6800220843,-1.3092201548895923,-0.02815125346097575,10.264746603336796,-0.002477933301176663,-0.06177023997337763,-0.0030534156774195327
70.5,173.60225368333107,30.22532572032912,78.1327013478666,7.588471361607991,0.02742839199559935,1.3196686933617954,-0.00218703458185987,0.12147506239928152,1.5636738176627474,172.00413854504748,31.025632936565778,79.39770192405638,-0.6405404927917825,8.145370977280939,0.4419925311687125,-0.012318856731549532,0.12610631594791455,1.6093902475522817,25.033236014657746,121.56711613363986,88.37157172716954,1,100386.05423204145,-1.3375894415915195,-0.029039748950108434,10.145910664660128,-0.0016728576211260688,-0.03079878133111786,-0.003056073266156988
70.60000000000001,173.60461635913188,30.993966891581987,78.17378550913404,7.574416869909157,0.028832992723132677,1.3454556254786607,-0.0016630886170964088,0.12036202264962093,1.5637541229463339,171.93973392796335,31.840046714740275,79.44397831267517,-0.6480098731513539,8.142316075653229,0.4806743818844397,-0.011931510547426916,0.12488815602572267,1.6095467466733042,25.033236014657746,121.56711613363986,88.37157172716954,1,100375.74630621586,-1.2881913139866121,-0.026266140986585466,10.002233152511913,-0.0002602702594535454,0.0016979583067719493,-0.003828932367746462
70.7,173.6068639331596,31.76144314743863,78.21775711084302,7.558708855502379,0.02993880744369013,1.3747617600520603,-0.0010795961172517243,0.12159532713658217,1.5638113822992392,171.87971609516342,32.648819145549204,79.53882143070398,-0.6512867453468919,8.137031245081957,0.5106262952317979,-0.011265480241735126,0.12597728979246625,1.6094719888877334,25.033236014657746,121.56711613363986,88.37157172716954,1,100390.31726760679,-1.2681112534676222,0.021525549104938688,9.829167809717646,0.002917877142611402,0.02149399195044131,-0.004064045839986136
70.80000000000001,173.60905669082095,32.52784410445635,78.26313508795795,7.5444279219078965,0.030616011287325173,1.4002787518855686,-0.0005078213094269479,0.12418157187613277,1.563850656264362,171.8142982638931,33.46237746956654,79.5903790459887,-0.6573243216828323,8.134115055171453,0.5179136688261256,-0.010642062193077617,0.12848264430061396,1.6095309681216476,25.033236014657746,121.56711613363986,88.37157172716954,1,100386.08702334782,-1.2319441471371244,-0.03532697576484807,9.735855913429544,0.0026136197579003425,0.02964813842561279,-0.003637625952747873
70.9,173.61125260227496,33.29338997559929,78.30852293202165,7.533556856970416,0.030798522137375633,1.416465443705528,-1.3864252224937701e-05,0.12720621782204122,1.5638753668657668,171.74810406116654,34.276172445073314,79.63986827121673,-0.6610766307520937,8.13541536395031,0.5137246901202569,-0.01019304702501389,0.13145755263773795,1.6095680249255229,25.033236014657746,121.56711613363986,88.37157172716954,1,100398.42546189953,-1.336396186057799,-0.013633510513981683,9.585811298159593,-0.0032166945421918253,0.02782639612307349,-0.004349455493708972
71.0,173.613500338549,34.05834142136239,78.35273532576164,7.5269611048962535,0.03049495678648807,1.420411555413228,0.0003503962877756672,0.12995176812763476,1.563887568503047,171.68168601155298,35.08980406778133,79.69062723564251,-0.6668581076696385,8.138155089154077,0.4994167084120986,-0.009873821772527824,0.13406210857045298,1.609585970763413,25.033236014657746,121.56711613363986,88.37157172716954,1,100385.51044910906,-1.2157638816816414,-0.011170055342952198,9.579286652942537,-0.0052124843947411,0.024191652489658988,-0.004692154339679256
71.10000000000001,173.61583437835057,34.822930011473375,78.39484703213888,7.524472311015179,0.029784422511023666,1.411616998152289,0.0005516480589946582,0.13198115758111184,1.5638886699978776,172.70955935795385,36.5652977512612,79.05850324312281,-0.3555085762916965,8.357545494128972,0.378405322726455,-0.007232058020334442,0.13969137122637432,1.6021158319164284,25.033328379491515,121.56712414759066,81.61091674077568,1,100401.05148732357,-1.201376706434597,-0.07748664553271228,9.422077363395372,-0.005919234942992181,0.015756919856745696,-0.004808755806802692
71.2,173.61827249719093,35.587320803779036,78.43424131488543,7.525208618231043,0.028814812148899794,1.3914546659906333,0.0005918364072828863,0.13313604746844487,1.5638805234434572,172.67409734820086,37.40151160956107,79.0949838747739,-0.35376783371015225,8.366827788366965,0.351179867733251,-0.007219010927645542,0.14076434695069584,1.602093465002942,25.033328379491515,121.56712414759066,81.61091674077568,1,100410.83262687243,-1.2179107008759826,-0.020858206087136507,9.475036674706782,-0.0038136437450010416,0.006872291314553209,-0.004646566368447273
71.30000000000001,173.6208165770836,36.35160002965636,78.4705778636522,7.5279324569021755,0.027759534258411888,1.363098784302854,0.0004997114379255985,0.13348354688421038,1.5638651405876192,172.63402083382462,38.24450678292552,79.06615942934738,-0.35415202035280297,8.379374716673738,0.3128236688278143,-0.007339273359548093,0.14108309002723285,1.6023445222211996,25.033328379491515,121.56712414759066,81.61091674077568,1,100378.20358301059,-1.2803644282538842,0.009558882724076158,9.416627489831258,-0.006034513575476977,6.811735775755115e-05,-0.003998772221250029
71.4,173.62345581894658,37.11578464895615,78.50375297422248,7.531422538713639,0.026777984417359353,1.3299809772792293,0.0003162759958321715,0.13323312185200398,1.563844364137609,172.59863532674575,39.08293544329946,79.09581089163927,-0.35484978969105513,8.389663502402968,0.2804805103658317,-0.007671992112978088,0.14070926692046037,1.6023370994071322,25.033328379491515,121.56712414759066,81.61091674077568,1,100376.1778666083,-1.2221447083815944,-0.010819321745881438,9.484711960141636,-0.009618052619368359,-0.006148091752759889,-0.004940046604660472
71.5,173.6261709760276,37.87984296896693,78.53383133356648,7.534730114476328,0.025993662583041144,1.2953498163987445,9.073354855893001e-05,0.13263990795680525,1.5638197303209995,172.56663587474264,39.91790480114446,79.16508088652844,-0.3544062587488124,8.397812221640867,0.2599987580462185,-0.0078445963548891,0.13992001319008884,1.6022189685513917,25.033328379491515,121.56712414759066,81.61091674077568,1,100393.14595174015,-1.2245354543408655,-0.017577387248936725,9.458429242138362,-0.007589413675397569,-0.009179462010230878,-0.004019125257059985
71.60000000000001,173.62893913255337,38.6437184171272,78.56098563880116,7.537268055246995,0.025473269315940843,1.2617654633559536,-0.00013597582911584194,0.13194150151767947,1.5637921290377266,172.53116906286172,40.758122205782534,79.18962898996897,-0.35625581227032255,8.406916745855487,0.23185840955005205,-0.008183813854599764,0.1391227846827927,1.6022186556235911,25.033328379491515,121.56712414759066,81.61091674077568,1,100402.84558918791,-1.2077053555265063,-0.037387607584100285,9.43267184312195,-0.009762406342924641,-0.008373774206484578,-0.005101446584112121
71.7,173.6317378496901,39.40734996615813,78.58543206586259,7.538812451570726,0.025237100323550164,1.230785208412319,-0.00032703642198395055,0.13130976360248914,1.5637618785382985,172.49911544529536,41.59435365111103,79.2520369648252,-0.355185138062553,8.411927015453157,0.2125666881788203,-0.00837996437985511,0.13828518843781357,1.6020747081158624,25.033328379491515,121.56712414759066,81.61091674077568,1,100381.23465498807,-1.2440629632971658,-0.05867506124033791,9.49908321519315,-0.006872219047195148,-0.007214411418252685,-0.004670724561903587
71.80000000000001,173.63454848263015,40.170687121805635,78.60740165472554,7.539396498499381,0.025257506346984405,1.2032763330710108,-0.0004625308618025903,0.1308466378131019,1.5637289227535693,172.46357069913068,42.43601583927469,79.2721324411638,-0.3557765765325628,8.420731666057762,0.1897182551559094,-0.008462539480454723,0.13769821619700662,1.6020341643295137,25.033328379491515,121.56712414759066,81.61091674077568,1,100382.1273068175,-1.293836127909317,-0.05349727638175976,9.501206011961255,-0.00347429900616315,-0.005974315457513389,-0.004268141642541041
71.9,173.6373580689321,40.93369734126444,78.62710644486822,7.5392257612048255,0.025478052907498872,1.1792051303339595,-0.0005364640080172123,0.13058760490607946,1.5636930235796294,172.4308685730411,43.274147024292134,79.32148062853851,-0.35706196626972786,8.423701254933013,0.17378994192366068,-0.008613009411212902,0.13724118229376914,1.6019113506236107,25.033328379491515,121.56712414759066,81.61091674077568,1,100388.57650432338,-1.2296741852486954,-0.048591723464559686,9.499663631989788,-0.0062830675287187995,-0.005983703506138923,-0.005120490308054319
72.0,173.64015991007588,41.69636763113359,78.64472235511245,7.538559267869543,0.025832433919793524,1.1582614325731986,-0.0005507966941727949,0.1305174663897546,1.5636540091043196,172.3950640628207,44.116771760076695,79.33782509508987,-0.35918163391934504,8.429271364886912,0.15358616536288067,-0.00856938097441462,0.13704550495368806,1.6018945021667412,25.033328379491515,121.56712414759066,81.61091674077568,1,100378.16009063466,-1.1864619137423558,-0.014674072987166014,9.559024414701573,-0.004269239092392763,-0.00023877248735968272,-0.00424178293946622
72.10000000000001,173.6429530735567,42.45870470182875,78.66042918721702,7.537631135083531,0.026249929255086096,1.140192910262217,-0.0005185078990345149,0.1305989474392475,1.5636119726523172,172.91188399842508,43.41427377076253,79.41616420469337,-0.22331435067933972,7.7459990368355,0.17184706242895326,-0.006382333871950974,0.12365705822357875,1.5657923504504936,25.033385584707915,121.56712335436333,87.84808852712919,1,100390.5949530829,-1.242018307545287,-0.06659813252971306,9.53574946831998,-0.005929120027158938,-0.0021001893384789486,-0.0055169785074107025
72.2,173.64574129699855,43.22072857319935,78.67437388463492,7.536661123967006,0.026673059775721937,1.1242302530848376,-0.0004525773474343131,0.13077786199418107,1.5635670103235495,172.88958308202464,44.188392233852916,79.43259701687484,-0.22366035982017937,7.736026130793741,0.15771961047600794,-0.006231557973167656,0.12367608197370172,1.5656969582401077,25.033385584707915,121.56712335436333,87.84808852712919,1,100376.9830489695,-1.306007264788497,0.010409946033047943,9.626575373795323,-0.0022424456344294413,0.0005623441580107362,-0.004602438941339198
72.30000000000001,173.64853155588494,43.98246737600907,78.68668328961046,7.535784314754811,0.027057033396756535,1.109910839387102,-0.000369198487846889,0.13100385478026988,1.5635192823748112,172.86848663024224,44.95996449949355,79.4869654017487,-0.22414967648716275,7.727122165071403,0.14950819003928556,-0.006075686723294504,0.12370467578492561,1.5655409225568664,25.033385584707915,121.56712335436333,87.84808852712919,1,100391.06207888764,-1.23345367043279,-0.024236480757829443,9.625631569656603,-0.004356180868000856,0.00035917282202153726,-0.005765042746636386
72.4,173.65133245487243,44.743952956263314,78.69747682216159,7.535074221767355,0.02737458930761505,1.0968357892615408,-0.00028278779683943434,0.13123660345704824,1.5634690245743579,172.84604876889094,45.732288189939865,79.50134461733415,-0.2244178700909909,7.719114392016883,0.1376945469269912,-0.005969424579122307,0.12377843018750156,1.5654586302996059,25.033385584707915,121.56712335436333,87.84808852712919,1,100391.30099622371,-1.213743748504966,-0.06401905257644229,9.538039481233731,-0.0037135332576608425,0.001986551267189546,-0.004124104638934055
72.5,173.65415283725662,45.50521702736792,78.7068701558339,7.534545796674218,0.027615801628005577,1.0848145728249574,-0.00020279236891906915,0.13144911417150373,1.5634165274975862,172.82336114952534,46.50424635675366,79.50469155425318,-0.2239935619102515,7.7115348334572875,0.12565061073676154,-0.005860081519318938,0.12379392794043675,1.5653605449061172,25.033385584707915,121.56712335436333,87.84808852712919,1,100390.5683529025,-1.2583161213862648,-0.027736847682002214,9.584854270314159,-0.00529608041426904,-0.0008665471443564986,-0.005698400576337901
72.60000000000001,173.65700080589116,46.266288883124794,78.71498056982746,7.53418095708773,0.02778193483709036,1.0737341000274663,-0.00013647596566146447,0.1316277294250252,1.5633620639502601,172.80106849262685,47.27504988061971,79.5167487246573,-0.2231808458561817,7.704342679026668,0.11507981190539096,-0.005760796676812396,0.12382102778656368,1.5652312519272709,25.033385584707915,121.56712335436333,87.84808852712919,1,100371.6232744653,-1.2761051979614944,-0.025681624101386757,9.600243441970102,-0.006502763608815336,0.0003226288901513649,-0.005802784921508474
72.7,173.6598830546704,47.027193934610594,78.72192324642074,7.533942600149686,0.02788363117085888,1.06354847274639,-8.745217691052964e-05,0.13176891052629247,1.5633058752796911,172.78073859899206,48.04243456600726,79.58226586591401,-0.2231851713247325,7.695611530481981,0.11188766443811911,-0.005704440810438971,0.12374603622583669,1.565007466758643,25.033385584707915,121.56712335436333,87.84808852712919,1,100372.75380456155,-1.2783248713993174,-0.0358290325230593,9.720285618026208,-0.005590988571401334,0.0002719518348502012,-0.0052689292487755925
72.80000000000001,173.6630990023811,47.86402239500173,78.72835010491202,7.533775813820958,0.027941083300393698,1.0533963289941635,-5.2356718817092585e-05,0.1318852397902892,1.5632423646370954,172.75839732941708,48.811646059439774,79.59305916406142,-0.22460617833992602,7.6882848287283725,0.10391668020761209,-0.005619583014170537,0.12368483364305227,1.5649263836280844,25.033385584707915,121.56712335436333,87.84808852712919,1,100392.00881410725,-1.2821530391737748,-0.0021715603319515803,9.63584216245526,-0.004464738102449423,-0.0008915035283468262,-0.005405861105195928
72.9,173.66576863087633,48.548585954802896,78.73276665988318,7.533680704873729,0.027960477661756206,1.0459099602330995,-3.646502181953171e-05,0.131956457022536,1.563189220803824,172.73268838854443,49.58469429566172,79.52037098375303,-0.22686350288278323,7.682946010836756,0.08436134773552567,-0.0056431999583792525,0.12359312807104095,1.564981551422076,25.033385584707915,121.56712335436333,87.84808852712919,1,100382.043534797,-1.2492861118774612,0.037738500167672905,9.698990228798442,-0.0024490431496723046,0.0002295386269133108,-0.0058113856536635864
73.0,173.6687771823423,49.30910558333762,78.7368889486341,7.533589960940509,0.027967647837128136,1.0384880116989843,-2.9415455655823486e-05,0.13201818503055796,1.5631290696999978,172.70996948178575,50.3526081488964,79.52842708130476,-0.22699272202631912,7.675529345413796,0.07733187626713327,-0.005539405000627884,0.12335360852815347,1.5648736942654526,25.033385584707915,121.56712335436333,87.84808852712919,1,100388.4803624611,-1.1939905499750576,-0.031399674707016705,9.693450138123968,-0.004186111592458672,0.00010067366715105393,-0.005752763732931606
73.10000000000001,173.67183101509096,50.069525248497214,78.74028389790908,7.533500396111407,0.0279717367813531,1.0319612633068451,-2.937459927643271e-05,0.13206842957003162,1.5630678501479802,173.57777161008647,50.76990891719581,79.444967199305,-0.007617543773705708,7.581918664406891,0.0615725657254573,-0.0028228141097959014,0.12269868294779629,1.559260734749511,25.03344564709977,121.56713592522209,87.90678864843484,1,100401.45217615546,-1.2678703968209843,-0.042133025461489476,9.727765096993044,-0.0069265834883610895,-0.00017263994863970394,-0.004633910994862741
73.2,173.67493025858707,50.82985590540601,78.74304412464159,7.533402601857544,0.027981460650897037,1.0262989247377496,-3.28407330344449e-05,0.1321125212538763,1.5630056108370365,173.57719339476665,51.527676263279496,79.45102169582725,-0.003276132859458191,7.574590613571406,0.058894874841554826,-0.0027372245542529594,0.12261493745406549,1.5591630000011607,25.03344564709977,121.56713592522209,87.90678864843484,1,100383.60362441817,-1.2545753609516654,-0.04962340364785639,9.704949086042681,-0.003991218451315737,-0.0005028827349718439,-0.005897173378046488
73.30000000000001,173.67807467500947,51.59010773250101,78.74525853626446,7.533293363051049,0.028001013256641505,1.0214734426362644,-3.71889790263813e-05,0.1321545804781179,1.5629424333112447,173.57738145758074,52.28391615307892,79.47438605471585,-0.0015215520455081305,7.565159731552635,0.05949705489013805,-0.0026523539709160104,0.12250148736655464,1.5590323967088582,25.03344564709977,121.56713592522209,87.90678864843484,1,100386.71838756466,-1.2628846229206467,-0.06543941516489714,9.746666540118404,-0.007052794981440499,-0.003973916150599154,-0.004873757466757586
73.4,173.68126397695764,52.350290092796634,78.74700520443383,7.53317764384015,0.02803197109205479,1.0173872724797608,-4.0151501256802113e-05,0.13219610802375303,1.5628783403150255,173.57753910942205,53.03993407830298,79.48019604162415,0.004137380096609776,7.555290852618947,0.05697842977984787,-0.0025558296183347817,0.12239603116353304,1.558902785475202,25.03344564709977,121.56713592522209,87.90678864843484,1,100380.23312118172,-1.1995639150270654,-0.0360062256566091,9.758568443498714,-0.005992650511210332,-0.0009701769841025068,-0.0053774767412258576
73.5,173.68449802227562,53.11041176064307,78.74835329105352,7.533061067083868,0.028073389081441098,1.0139562344949997,-4.045815046826995e-05,0.13223735017108496,1.562813346898528,173.57890978355474,53.79379514367143,79.5134880084643,0.008683491465404062,7.547761687823511,0.05776872121101154,-0.0025287476883731896,0.12222371380310348,1.5587201554405627,25.03344564709977,121.56713592522209,87.90678864843484,1,100376.38968727905,-1.204831937693699,-0.11382211499365377,9.674021127040987,-0.0039946951637370096,-0.00013809601429530137,-0.005504655320358245
73.60000000000001,173.68777693745986,53.87048093818118,78.7493631859386,7.532949890036479,0.028122718929839315,1.011087927813556,-3.768883850563398e-05,0.1322776135953403,1.5627474462792883,173.57980495481078,54.548070696619675,79.51916352414565,0.00952113469552805,7.53818255379498,0.05592589396776496,-0.0025860207032608606,0.12208152767168512,1.5585633307844493,25.03344564709977,121.56713592522209,87.90678864843484,1,100385.41747622713,-1.241090103543129,0.005183498123818787,9.744508352380159,-0.003069952739966936,-0.0014817355492307066,-0.006307930753435719
73.7,173.69110113134246,54.6305052649171,78.75008821978167,7.5328466085636965,0.028176753420802992,1.008727059432191,-3.2162979067718034e-05,0.1323162321479634,1.5626806692971185,173.5809164106462,55.301475727125286,79.5243533411804,0.01305010557340323,7.530109695205587,0.05533175997817283,-0.0025583189768050296,0.12195298468856608,1.5584177918087083,25.03344564709977,121.56713592522209,87.90678864843484,1,100380.07992538506,-1.257111821118214,-0.055874218461203704,9.689424248607608,-0.007432238807852955,-0.002595410037662375,-0.005048341371824026
73.80000000000001,173.6944712911626,55.39049182335792,78.75057579217317,7.532755148532897,0.02823209686204039,1.006789599382053,-2.4217745519639067e-05,0.13235220648556978,1.5626130399314564,173.58247125195933,56.054001174005634,79.52986585187406,0.017944428304770305,7.520099095124964,0.054732686476854676,-0.002504710740059868,0.1218123095120176,1.5583058861871515,25.03344564709977,121.56713592522209,87.90678864843484,1,100383.70229999883,-1.2589620639639787,0.0009522758119974023,9.678211397276643,-0.004838971850490935,-0.0016719522697771993,-0.006019104147137756
73.9,173.69788833649406,56.1504469739952,78.7508665939199,7.532676813361154,0.028285927694670414,1.005213379590917,-1.4611549928322809e-05,0.13238476676377653,1.5625445660283277,173.58490883865198,56.80471023572108,79.55007039176628,0.021821016531535366,7.510085167880958,0.055277820638474945,-0.002462841729680032,0.12167356947195573,1.5581402829343487,25.03344564709977,121.56713592522209,87.90678864843484,1,100401.01945272584,-1.219871107653132,-0.07604534558332406,9.758839696959706,-0.007737253543387026,-0.0027072275592167436,-0.0056683364510268005
74.0,173.70135334050804,56.91037636074158,78.75099592575927,7.532611508061622,0.028336435595149256,1.0039450541237631,-4.112940448663949e-06,0.1324134662048555,1.5624752534147763,173.5873678555095,57.55522238326023,79.55559972314974,0.026253403980999315,7.499964949921064,0.05514959348320379,-0.002474302141586393,0.12148550906557398,1.558002154177812,25.03344564709977,121.56713592522209,87.90678864843484,1,100378.83070891509,-1.2882921175684792,-0.0806820419218276,9.719791135857653,-0.0034886776944582742,-0.0023810490034946613,-0.005635569511319191
74.10000000000001,173.7048674348197,57.67028493546229,78.75099475862628,7.532557988945086,0.028381974994690685,1.0029404418930534,6.6105191606213864e-06,0.1324382495336518,1.562405146581363,174.1269069486572,58.00254598174551,79.60192040881527,0.17381283704785916,7.407931646255652,0.06125274271126573,-0.0003426703224719274,0.12051988413924675,1.5550477233931481,25.033512567288472,121.56713393567252,89.49726533993471,1,100374.04662887563,-1.2501116531085794,-0.06532859033063272,9.678445851803136,-0.0059643596556838195,-0.002052559039997629,-0.005699531619749637
74.2,173.70843177638656,58.430176961062045,78.75088978525616,7.532514853607282,0.028422048908314373,1.0021585886212936,1.7058490429877615e-05,0.13245919820449115,1.5623342581800297,174.14460539621774,58.74274070721901,79.60801293617456,0.18014785614196033,7.396444078672673,0.06089901486770612,-0.00032852185646836674,0.12036640937331322,1.5549081359018098,25.033512567288472,121.56713393567252,89.49726533993471,1,100394.76484257363,-1.185722938453461,-0.03859240164077852,9.7549876882097,-0.005244470822186422,-0.0022601607619306303,-0.005636601655998185
74.30000000000001,173.71204748296697,59.190056057030176,78.75070396284235,7.532480301091782,0.028456741180752892,1.0015677090441273,2.6854477887305883e-05,0.1324766317148105,1.562262595828658,174.1624339514871,59.48294531587624,79.58851982426232,0.1868384399230922,7.386975401429822,0.05964092813752441,-0.00023744322169771959,0.12018182170757785,1.5548174842669633,25.033512567288472,121.56713393567252,89.49726533993471,1,100383.09316937096,-1.2245500608630409,-0.07283919264973993,9.808557488857595,-0.006222146715099584,-0.0038541586751364852,-0.005094193335337286
74.4,173.71571559562048,59.94992526492393,78.75045694834492,7.532452575228932,0.028486597817783,1.0011384790724605,3.57877191223821e-05,0.13249100025185423,1.562190168286034,174.18139435653396,60.22115709012918,79.59454972869575,0.19159624893222665,7.376925324489082,0.0606615171996391,-0.00020669800025541196,0.11992878824823294,1.554701081459429,25.033512567288472,121.56713393567252,89.49726533993471,1,100379.81854184053,-1.2778844628723727,-0.07015651326111388,9.801074339271526,-0.008863095451323827,-0.0010449983184766822,-0.004792497323309704
74.5,173.71943706173252,60.70978712159055,78.7501654719773,7.53243023656985,0.02851248473538038,1.0008451914415102,4.385422621377977e-05,0.13250274723444377,1.5621169855772201,174.20146501759024,60.95704676961579,79.62624378658543,0.199253889506569,7.363940548862772,0.06552366641910622,-0.0001769580124070247,0.11979307593042932,1.5545010976216949,25.033512567288472,121.56713393567252,89.49726533993471,1,100384.06381432728,-1.2690070713219532,-0.04426605563126452,9.749997785987066,-0.006314796472533562,-0.0006999624730598686,-0.004139322752707333
74.60000000000001,173.72321273550318,61.46964372326695,78.74984360050004,7.532412050728398,0.02853526732116609,1.000667161917179,5.1125437290133746e-05,0.13251231117431783,1.5620430538074332,174.2216630599343,61.69285869981637,79.63288900834257,0.2042021270303861,7.353527215486012,0.06667025386805278,-0.00016409780863024803,0.11962187777856559,1.5543549704769566,25.033512567288472,121.56713393567252,89.49726533993471,1,100384.51231779475,-1.2362888746345881,-0.03299279001897369,9.74802690239972,-0.006363056924289303,-0.004525949869111085,-0.005635688720675218
74.7,173.7270433841294,62.22949679155378,78.74950304048336,7.532397181100533,0.028555829547359135,1.0005835289985954,5.77013335613108e-05,0.1325200907399695,1.5619683786791652,174.24269364370136,62.42702649587039,79.6519545015079,0.2119440991455845,7.342171529658759,0.07002203256742379,-0.00011286690947553968,0.11937342068798085,1.5541873845951502,25.033512567288472,121.56713393567252,89.49726533993471,1,100372.0762464499,-1.204435028857981,-0.07366316762812944,9.761542328581298,-0.004152815169464377,-0.0014920499745933603,-0.006032232584327475
74.80000000000001,173.73092970686304,62.9893477336225,78.74915343965479,7.532384903295457,0.02857490939418327,1.0005779114898186,6.374721935464844e-05,0.13252641030850976,1.561892956403498,174.2641248448008,63.16061695405716,79.65905091647745,0.2174227446610384,7.32951888996577,0.07186524553482004,-9.611586806967942e-05,0.11916551991105284,1.554051446768603,25.033512567288472,121.56713393567252,89.49726533993471,1,100396.66361932806,-1.2089680561044505,-0.04475900798101212,9.728136180576879,-0.005420199559621107,-0.001108783156155884,-0.005312856836669271
74.9,173.73487234757454,63.749197691817635,78.74880263918173,7.532374832677485,0.028593217883408684,1.000634627497964,6.9475139262698e-05,0.13253152599282503,1.5618167829161267,174.28541794714286,63.89482700713127,79.63054963963843,0.22291982789485257,7.318482754649798,0.06904408670378188,-5.802415684796891e-05,0.11900122948584224,1.5540045642565665,25.033512567288472,121.56713393567252,89.49726533993471,1,100382.5523244094,-1.294211311987863,-0.01857090184642262,9.748256636191803,-0.00486092977731023,-0.0019759540257830066,-0.005025463599609157
75.0,173.73887191280485,64.50904757873829,78.74845681953485,7.532366699964252,0.02861120147818943,1.00073930897182,7.499108434294577e-05,0.1325356397570372,1.561739853654837,174.3079901124455,64.62605077080582,79.6374521869546,0.2278489164177313,7.306305715388723,0.06779685604148275,-8.57772072587748e-05,0.11879573916671426,1.5538710419343293,25.033512567288472,121.56713393567252,89.49726533993471,1,100385.96098897963,-1.212411757091441,-0.015652874114413955,9.697003163167276,-0.005595219494942382,-0.0008657937849678693,-0.005513478190111655
75.10000000000001,173.7429289875871,65.26889811787731,78.74812081796127,7.532360209405994,0.028629139827021772,1.000881316365709,8.044902817172517e-05,0.13253890306562766,1.56166216362322,174.361990070291,65.81915320505793,79.93641137859215,0.24561986942523176,7.436965690957203,0.1091042691296981,1.783694158941085e-05,0.12096617817499467,1.5586857350346301,25.03359344493283,121.56712763031857,93.68786717069243,1,100384.82545222086,-1.2610661332198896,-0.08926915488428483,9.80619256225734,-0.005047197971755377,-0.0027707854997925776,-0.004944149125898775
75.2,173.74704415228769,66.02874987440879,78.74779836759274,7.532355182846304,0.02864722823107311,1.0010507292885589,8.593676351087431e-05,0.13254143775519012,1.5615837034451103,174.3868671446602,66.56230342795685,79.9473716169597,0.25187710515689943,7.4257305736939845,0.11028861638848236,1.0279718798633652e-05,0.12077214785441304,1.5585725024075667,25.03359344493283,121.56712763031857,93.68786717069243,1,100378.39400409495,-1.1981011360427398,-0.05344429339479151,9.747693269827826,-0.005495209157756588,-0.0028591895786416505,-0.005445311190762915
75.30000000000001,173.7512179840949,66.78860327016055,78.74749214406904,7.532351489300618,0.02866552670768726,1.001238002226357,9.151588608191652e-05,0.13254333969948862,1.561504470023888,174.4122462060887,67.3048730102079,79.94589124523651,0.25901237403288463,7.4164257332648,0.10985816874993434,1.0674944518007656e-05,0.12053306481465698,1.558460327188394,25.03359344493283,121.56712763031857,93.68786717069243,1,100390.583915609,-1.2964981482185296,-0.07887834263536844,9.770037253718158,-0.005528208736022483,-0.0016420384113454115,-0.004756989132975838
75.4,173.7554510683502,67.54845860514814,78.74720395346401,7.532348983777742,0.028683959844553415,1.0014359025911388,9.721756696545736e-05,0.13254468616236514,1.5614244591556492,174.43847865537631,68.04603992877128,79.95698803967714,0.26497040250570647,7.406571267435282,0.11214848184004,6.331149410065962e-05,0.12029095433971149,1.5583550157197186,25.03359344493283,121.56712763031857,93.68786717069243,1,100384.26828770604,-1.2612828207496054,-0.04045621300795194,9.78216985365804,-0.005166527157449825,-0.000293762321401238,-0.005459182931358189
75.5,173.75974400721833,68.30831607971577,78.74693494668364,7.532347447220519,0.028702465584144958,1.0016396368087868,0.00010302456333721732,0.13254555383594835,1.5613436572610135,174.46541120459264,68.78565543169759,79.97928324836424,0.27077222420229885,7.394163930318251,0.11261055668569142,0.00010147481244449086,0.12005705772913267,1.5582242718909072,25.03359344493283,121.56712763031857,93.68786717069243,1,100390.46319317796,-1.2689134461294924,-0.03517170219850411,9.742949755920547,-0.00580515578716809,-0.003431564742578273,-0.00544402643751918
75.60000000000001,173.7640974078628,69.06817580636867,78.7466856824307,7.532346741289592,0.02872104162394894,1.0018432059707254,0.00010894688101314998,0.13254601220818252,1.561262058480043,174.49287190479757,69.52447492402845,79.99065575197955,0.2780011968918284,7.382204247122643,0.11547786743854899,0.00015348089157318778,0.1198975618212419,1.5580579723156727,25.03359344493283,121.56712763031857,93.68786717069243,1,100374.90623701274,-1.2664184369426643,-0.03955364481904655,9.721504009450753,-0.006237960504446033,-0.0003793132587599317,-0.0057608179440619516
75.7,173.76851189097707,69.82803782674382,78.74645628784157,7.532346650159032,0.0287396198372385,1.002043757343333,0.00011496224988272186,0.1325461342365919,1.561179648560008,174.52134180350447,70.26112860981192,80.02770257085297,0.284719950192997,7.371080412969413,0.12091392524279747,0.000222110648507301,0.11964934136788052,1.557889570105507,25.03359344493283,121.56712763031857,93.68786717069243,1,100369.5175574223,-1.2584003380153015,-0.02422175903270624,9.777321961348797,-0.0035904250776793946,-0.0017108776902992914,-0.0055442034653182485
75.80000000000001,173.77298808608236,70.58790212509437,78.74624652825912,7.53234704652689,0.02875818881260387,1.0022388749568185,0.00012104163853288163,0.13254597428999904,1.5610964155823739,174.55013004704836,70.99758741024327,80.03985245423429,0.2905784160067,7.358329562931586,0.12248516669792282,0.00023778674397323396,0.11941072715569412,1.5577418092405533,25.03359344493283,121.56712763031857,93.68786717069243,1,100409.93831590946,-1.1985655722769277,-0.03562459200687691,9.77609662399727,-0.004116665532844788,-0.0017761005320931457,-0.005806054116541828
75.9,173.7775266281856,71.34776863753193,78.7460558737267,7.53234778009279,0.028776791238039213,1.0024256465231032,0.00012719037210373596,0.13254559360980833,1.561012348316373,174.57908744561234,71.73426332269246,80.01981159531529,0.2972950921970901,7.348356346150724,0.12067250103725877,0.00029678672469346523,0.11928912704859806,1.5576567464927376,25.03359344493283,121.56712763031857,93.68786717069243,1,100397.23467156921,-1.2249197052593883,-0.05578574735662153,9.699896019506635,-0.004690306438579033,-0.0012410639806909889,-0.005097278362754731
76.0,173.7821281580818,72.10763726315322,78.74588358254562,7.532348721266679,0.028795436851283614,1.0026025381848986,0.00013340035577880105,0.13254505065569222,1.5609274340463077,174.609111391324,72.46852479009537,80.03188072991838,0.30375048039372937,7.335995731130327,0.12057081436120137,0.00032021847206642473,0.11909239930753612,1.5575244106411628,25.03359344493283,121.56712763031857,93.68786717069243,1,100378.7295741577,-1.2543621843202293,-0.040974545708616444,9.710326922053744,-0.005981458019538683,-0.002107458363257988,-0.004510893735531504
76.10000000000001,173.78679332364138,72.86750787530674,78.74572876111712,7.532349792329373,0.028814155328015262,1.0027693446694095,0.0001396517245246809,0.13254438036823046,1.5608416593508065,174.40886985832594,72.64791457712425,79.75785671276685,0.23273505395828714,7.142612455126346,0.08241469119895178,-0.0007244810161196602,0.1157302432223466,1.5496358382500484,25.033643158523727,121.56712521738262,85.94166505681574,1,100393.33480211027,-1.2099682893462516,-0.040262553397334234,9.749093291027393,-0.004749085483423884,-0.0017099247055360183,-0.005488150825695574
76.2,173.7915227770791,73.62738032631154,78.74559038707056,7.532350898931602,0.028832979481263926,1.0029249091407182,0.0001459563250307827,0.1325436220707905,1.5607550115261677,174.43245315781235,73.36135138119113,79.76613785300546,0.2395314524847009,7.126847799579137,0.08332704245132036,-0.0006662036758556811,0.11549914035411302,1.5494995746544706,25.033643158523727,121.56712521738262,85.94166505681574,1,100381.637119348,-1.228139825155159,-0.03380410448450414,9.74577960445934,-0.003015184672814641,-0.0020343235355902685,-0.005442821830572084
76.30000000000001,173.79631717835488,74.38725445651954,78.7454674031735,7.532351957385957,0.02885204039375679,1.0030686102233706,0.0001523264413181291,0.13254281966481973,1.5606674705518178,174.45678137403334,74.072923720785,79.78618103316202,0.24520554691446758,7.110419096977203,0.08447961697818637,-0.0006161313194043005,0.11531590229672184,1.5492920255146192,25.033643158523727,121.56712521738262,85.94166505681574,1,100394.0735890544,-1.2358560894485489,-0.051667243525621354,9.724633391405298,-0.007235730724346191,-0.002201770581175025,-0.00549439756503234
76.4,173.80117719094878,75.14713009876034,78.7453586966808,7.532352945342657,0.028871328619707204,1.0032012666604602,0.00015875965638856293,0.13254198868238976,1.5605790233900836,174.48146993197864,74.78320696860504,79.79468483113239,0.24875941388039705,7.095532900674444,0.08656623841478771,-0.0005529013009379913,0.1150425452064201,1.549158735637377,25.033643158523727,121.56712521738262,85.94166505681574,1,100378.21412531173,-1.183872055037939,0.008385804220059488,9.745509591303867,-0.006285867871829984,-0.002891855681769428,-0.005729107194349631
76.5,173.8061034898622,75.90700708387098,78.74526316141308,7.532353821354929,0.028890975129321123,1.0033227955887765,0.0001652741042068584,0.132541149266741,1.5604896490451943,174.50647739439674,75.4929011652449,79.76824064052357,0.2552756692351446,7.079882293053891,0.08229963331110682,-0.0005058938634001642,0.11488566988554516,1.5490356187126841,25.033643158523727,121.56712521738262,85.94166505681574,1,100379.42001779913,-1.2043875531167847,-0.02236841683573971,9.711137242880442,-0.005046770591259935,-0.00025902219065535546,-0.005474339898129349
76.60000000000001,173.81109675510348,76.66688524064746,78.74517968209557,7.532354551053492,0.028910990252839712,1.0034328565386823,0.0001718917646575946,0.13254032808598915,1.5603993322221474,174.53223630880652,76.20009955164569,79.77656522478469,0.25909198495828095,7.064266516939597,0.08439093574941893,-0.0004318493645920629,0.11471901068713719,1.5488524644155093,25.033643158523727,121.56712521738262,85.94166505681574,1,100379.28953250256,-1.2191495350187487,0.030200393424700114,9.696269685836667,-0.004598689850661412,-0.0032803509837585907,-0.006006622627620785
76.7,173.81615767719325,77.42676440234987,78.74510718084203,7.532355145386137,0.028931434154379772,1.003532408282907,0.00017862010489277935,0.13253952847438488,1.5603080577870447,174.55822738086854,76.90678287135623,79.74598079667858,0.265045219114285,7.048201922124744,0.07984568218398734,-0.0004037189768538729,0.11448970412073955,1.5487067390158895,25.033643158523727,121.56712521738262,85.94166505681574,1,100366.48125550762,-1.2759644426458214,-0.06809995340029298,9.728103343708788,-0.0034223545069280506,-0.0027296902834488207,-0.0055592117247911695
76.80000000000001,173.82128696342565,78.18664440720582,78.74504461558335,7.532355582279438,0.02895227464802492,1.003622273279213,0.0001854596068933123,0.13253875254741443,1.5602158012238423,174.58497341747784,77.61076404391008,79.7540268734632,0.2706895960621034,7.031682598356429,0.08070017052656571,-0.0004091553345793031,0.11433221594446685,1.5485465963722025,25.033643158523727,121.56712521738262,85.94166505681574,1,100386.95842943234,-1.220810607917898,-0.04421591479802499,9.723963670003807,-0.006259847616132026,-0.000162707532683485,-0.005498430556557373
76.9,173.8264853326295,78.94652509854855,78.74499099399986,7.532355846127288,0.028973562882395533,1.0037022723090687,0.00019243471485719255,0.13253801613351457,1.5601225387298048,174.61233443759306,78.31326072502158,79.75656709747486,0.27679893893363106,7.014831360726726,0.07956788738646317,-0.0003541626164924594,0.11410207794417437,1.5483697352153392,25.033643158523727,121.56712521738262,85.94166505681574,1,100390.74924685374,-1.182982928312691,0.006309761401401649,9.679608117797311,-0.004283444256095145,-0.0013605828366577654,-0.006104961783923992
77.0,173.83175352171753,79.70640632855039,78.74494540282944,7.5323559370445725,0.02899565050961265,1.0037732991023172,0.0001995678827927394,0.1325373180200904,1.5600282376765766,174.6402416993962,79.01395138314054,79.76456706286228,0.28084330088657056,6.9992984352813865,0.08119711107547284,-0.0002605968277324955,0.1139605753343178,1.5481726449310236,25.033643158523727,121.56712521738262,85.94166505681574,1,100395.74243225929,-1.244640052583555,-0.048983673068684806,9.762125235722273,-0.004103170449578087,-0.00034207440991433375,-0.005268895592229908
77.10000000000001,173.83709226380603,80.46628795347463,78.7449069261413,7.532355880482704,0.029018128889402424,1.0038362390512732,0.00020685763114602906,0.13253666567858713,1.5599329072365007,174.21046176899088,79.60468707221867,79.50867198714,0.10694406056795061,6.983043565508473,0.04367753906487077,-0.003541271179754668,0.11436417479606464,1.5436912644215388,25.033706975721046,121.56712410501959,86.53143032009683,1,100377.10607420879,-1.233757267726391,-0.06990192047170211,9.78677800316285,-0.00266949047146292,-0.0022144115597470945,-0.006418730359068488
77.2,173.8425023284812,81.2261698403903,78.74487474329179,7.532355662042394,0.029041023814118744,1.0038912440074255,0.00021429519664950547,0.13253605425856918,1.5598365161273777,174.2213141290071,80.30224898640131,79.51302129540736,0.10939054516762856,6.967514637016797,0.043175301506668706,-0.003471064915175681,0.11417876741077748,1.5434623668783474,25.033706975721046,121.56712410501959,86.53143032009683,1,100394.14453709373,-1.2600749818915726,-0.10936466186334294,9.743613483316073,-0.006797798543877894,-0.0007951352245630131,-0.005628562119190659
77.30000000000001,173.84798450121266,81.9860518645653,78.74484810706576,7.532355278032104,0.02906448036383239,1.0039391439093852,0.00022189294472441112,0.13253548199068943,1.5597390318508273,174.23258446471993,80.99763380465536,79.56299297044698,0.11200262237760687,6.950365865152782,0.05041807041968256,-0.003443164900871709,0.1139852250745157,1.543215636690181,25.033706975721046,121.56712410501959,86.53143032009683,1,100367.45022605099,-1.2377327744080513,-0.057091582198994635,9.753853864900952,-0.005381239882779149,-0.0011949598424095516,-0.005586484658803851
77.4,173.85353957814195,82.74593390866522,78.74482632347275,7.5323547279572285,0.0290884690713685,1.0039809288452801,0.00022965062236735,0.13253495370390023,1.5596404334875245,174.24381683619376,81.69185139978603,79.56793991981151,0.11367169377896492,6.934200164693877,0.04857955006086565,-0.00348997638163695,0.11381065674539292,1.5429975538635083,25.033706975721046,121.56712410501959,86.53143032009683,1,100373.36419221862,-1.2379760694948534,-0.004922047365681376,9.760479389722255,-0.0042944215479288105,-0.0020755318116789712,-0.006400957170957171
77.5,173.85916838043005,83.50581586443212,78.74480877040719,7.532354010972213,0.02911297183528826,1.0040169099239218,0.0002375711282276427,0.13253446584027184,1.559540684263982,174.25550879027986,82.38389630255747,79.63184872712334,0.11617584465030935,6.91925128992629,0.05610133516892492,-0.0033801797193008243,0.1136008401976687,1.5427150057517478,25.033706975721046,121.56712410501959,86.53143032009683,1,100384.1855868083,-1.2386129725312987,-0.05444222037241299,9.71551137911046,-0.004029333190992234,-0.0014099863317374407,-0.005759955635535727
77.60000000000001,173.8648717501492,84.26569763153476,78.7447948940785,7.53235313458958,0.029138480629045026,1.0040475062333034,0.00024569331519563864,0.132534012762614,1.5594397410708272,174.2671755722792,83.07499134117366,79.63744745832955,0.11733720011257147,6.902194440534496,0.056521603274603836,-0.0032998558185661775,0.11340508534256455,1.5425096680952282,25.033706975721046,121.56712410501959,86.53143032009683,1,100373.96295694368,-1.2381535602113356,-0.010255050307087229,9.743806397521897,-0.007645966181252652,0.00011865147504755663,-0.006218843989800608
77.7,173.870650519905,85.02557911441298,78.74478416092832,7.532352100964596,0.029164521097989688,1.0040737705543947,0.00025402839280530554,0.1325336123606653,1.5593376214896155,174.27903081904321,83.76383837737711,79.68511834290528,0.11725172835820491,6.883868301409667,0.06324681004119072,-0.0032663288677495794,0.11326460786446724,1.5422501528476666,25.033706975721046,121.56712410501959,86.53143032009683,1,100369.03084863827,-1.1823585356094592,-0.0539150044058668,9.722009137924301,-0.005568795048788255,-0.0024206705184707895,-0.005056596304833038
77.80000000000001,173.87650556937913,85.78546022778889,78.7447761145364,7.532350923273517,0.029191029590863116,1.0040957162661113,0.0002625355370442506,0.1325332580090275,1.559234291041517,174.29089655305026,84.4513965399675,79.69149699507948,0.1202453196494148,6.8663629028272,0.06523431483489191,-0.003215309380307896,0.11298149461263796,1.5420634584457114,25.033706975721046,121.56712410501959,86.53143032009683,1,100375.036728924,-1.2037267107594383,-0.05234271082413347,9.750085415081886,-0.005116760113559061,-0.0014312046715036872,-0.005325201047064274
77.9,173.882437797618,86.5453408946623,78.7447703577346,7.532349629188433,0.029218121372985222,1.0041141496657848,0.00027123194578693166,0.13253292623631885,1.5591297151986547,174.30317831404352,85.13680568554041,79.73500810083235,0.12345090737478538,6.849871196375147,0.07027986648046636,-0.0031378261327594803,0.11279386727352936,1.5418571152351648,25.033706975721046,121.56712410501959,86.53143032009683,1,100383.25953207762,-1.240463638351946,-0.055924623553668604,9.760273110545414,-0.005620276708148639,-0.0006780892603888973,-0.006501426778935441
78.0,173.88844812464527,87.30522104241345,78.74476653277335,7.532348210875642,0.029245834051980918,1.004129371393408,0.00028013457755349247,0.1325326111908991,1.5590238554868732,174.3156827597774,85.82089444861501,79.74202244869086,0.126645328348655,6.8317655605175345,0.07009936312867675,-0.0031241707449403133,0.1125870694542701,1.541661192903518,25.033706975721046,121.56712410501959,86.53143032009683,1,100397.8535628398,-1.2004012192198226,0.004092244207064201,9.772135611643185,-0.002461003617644589,-0.0022245225366550863,-0.006412950194176829
78.10000000000001,173.89453748770015,88.06510060045478,78.74476430834002,7.532346639348253,0.02927428903415838,1.0041414777778037,0.00028922355609484196,0.13253234653965285,1.5589166801066625,174.8268589882798,87.61331674674537,79.76435504562525,0.2635506011786844,7.111625529519386,0.07583064706082634,-0.0014928835855393396,0.11685099149267497,1.5517488058557611,25.033803456105062,121.56714101756391,90.56580988542329,1,100401.09065399859,-1.2372551025271665,-0.028876445734953776,9.756525022113092,-0.004964632407075058,-0.0026070802893658988,-0.005493797280231173
78.2,173.9007068455043,88.82497950886808,78.74476342363457,7.5323449656173835,0.029303451955507105,1.0041514453237308,0.00029853231195242635,0.1325320953362692,1.5588081571999735,174.85335183513527,88.3237585825695,79.77195127252361,0.2671791808763685,7.097185678055385,0.07591416338195427,-0.0013627691088627936,0.11668161409633582,1.5515719992166028,25.033803456105062,121.56714101756391,90.56580988542329,1,100401.05911707267,-1.2324106479779589,0.002338973303839243,9.745105573896735,-0.006570321543717286,-0.003226151212434357,-0.00522231086028642
78.30000000000001,173.9069571805948,89.58485770977947,78.74476363804682,7.532343177934138,0.029333455272939922,1.0041593710235697,0.0003080942254296559,0.13253185288280833,1.5586982528259898,174.88026144207436,89.03262949184189,79.78718831606022,0.2707230436456811,7.081083581037181,0.07885546633207437,-0.0013086277634787313,0.11653481942813748,1.5514043964495086,25.033803456105062,121.56714101756391,90.56580988542329,1,100398.49406291396,-1.2667250373701082,-0.026980423317865578,9.740509419562182,-0.001842126983677108,-0.0015871222526435945,-0.006500160494060014
78.4,173.91328950048833,90.34473514547527,78.74476472586217,7.5323412445994204,0.029364194373709657,1.0041650302461036,0.00031787745163014414,0.13253165623197494,1.5585869316487526,174.9075266331228,89.73994672525518,79.794978327429,0.2747449136163795,7.065875698804301,0.07677048428203118,-0.0013330583748059066,0.11633738505710722,1.5511985092033396,25.033803456105062,121.56714101756391,90.56580988542329,1,100385.24457502508,-1.2594286407859128,-0.05804565516120015,9.672710679919994,-0.005602155398403487,-0.0012897254623799453,-0.005761632424058222
78.5,173.91970483865606,91.10461176714388,78.74476651885618,7.53233921105284,0.029395804502007884,1.0041693432756214,0.00032790820699135637,0.13253147904863005,1.558474156400227,174.93524064573782,90.44568024595817,79.81535292338903,0.2797176978025674,7.050883779022594,0.08007810933178143,-0.0013403363408744928,0.11623748822549973,1.5509892310168127,25.033803456105062,121.56714101756391,90.56580988542329,1,100368.2382298031,-1.2700959809991965,-0.04184729899920503,9.662508790444193,-0.006726693965176108,-0.0017875768379730641,-0.005760235969289709
78.60000000000001,173.92620425535756,91.86448753001629,78.74476887636578,7.532337098253903,0.029428243408202548,1.0041727533936826,0.0003382256462327593,0.13253128864720054,1.5583598893136443,174.96343830042107,91.15003803014861,79.82346134626611,0.28342878907672503,7.036712505367473,0.0823637269552374,-0.00123098667129673,0.1160997088054776,1.5507917131561189,25.033803456105062,121.56714101756391,90.56580988542329,1,100381.25956927784,-1.2098483738719201,0.016499760010060843,9.711255239268414,-0.00521142578086368,-0.0017341545531443553,-0.005470454370847128
78.7,173.93278884053046,92.62436238455079,78.74477164327291,7.532334843560352,0.029461585483843637,1.0041744016390204,0.00034879945958654623,0.13253113741123235,1.5582440876623966,174.9919459350096,91.85294993721045,79.84272007298202,0.2881991342712884,7.022062827016071,0.08426805010853664,-0.0012435301832453005,0.11590591751164059,1.550589539453028,25.033803456105062,121.56714101756391,90.56580988542329,1,100395.86530227287,-1.2252937144947167,-0.05535550053194507,9.762124046099045,-0.007870891739789311,-0.0027287265878470097,-0.00609357392513149
78.80000000000001,173.93945970813095,93.3842362887218,78.74477471718222,7.532332486859775,0.029495821694343605,1.0041751622512165,0.00035964304274915815,0.1325310111180773,1.5581267166662052,175.02100189107804,92.55443826662368,79.85118255782687,0.2939422223101423,7.007830483617706,0.08443899108378197,-0.0011386581313690414,0.11573155261606938,1.550409108635244,25.033803456105062,121.56714101756391,90.56580988542329,1,100394.71467786595,-1.2578737170096834,-0.1255760784285789,9.796642468688942,-0.004454867597033895,-0.002521353561290563,-0.005786532089454534
78.9,173.94621800950986,94.14410920594257,78.74477802838068,7.532330069663577,0.029531011756250142,1.0041757497741892,0.0003708046273139809,0.1325308579312059,1.5580077261182863,175.05071918408885,93.25448710908351,79.85405627764386,0.29927405334775586,6.992271263985617,0.0835483094795057,-0.0011450782866563314,0.11558260632524853,1.5502208185198914,25.033803456105062,121.56714101756391,90.56580988542329,1,100399.32183043746,-1.2561111675131182,0.009787387226783736,9.744040485764202,-0.004415492886566971,-8.316434166771316e-05,-0.005820668099846212
79.0,173.95306492056758,94.9039810923625,78.74478147634484,7.532327520793109,0.029567171178288432,1.004175212810834,0.00038225922428170023,0.13253073118827996,1.557887077915707,175.08078185363252,93.95288978476252,79.86234178180666,0.3024418286467777,6.976200617774405,0.08196325151018025,-0.00115145225854274,0.1153753735791907,1.5500347210153786,25.033803456105062,121.56714101756391,90.56580988542329,1,100373.96478723729,-1.270463454525981,-0.040569928847480966,9.75487948548903,-0.005219157730924038,-0.0010926344523005669,-0.006256775491241115
