event,start_stamp_s,end_stamp_s,frame_dt_s,imu_state_stamp_s,tracks,inliers,inlier_ratio,rotation_accepted,rotation_nis,rotation_reason,rotation_innovation_deg,visual_relative_rotation_body,predicted_relative_rotation_body,gt_rotation_error_deg,gt_rotation_error_if_inverse_deg,direction_accepted,direction_nis,direction_reason,direction_innovation_deg,visual_direction_world,gt_direction_error_deg
visual_span,2.04,2.08,0.040000000000000036,2.08,28,0,0.0,False,,disabled_or_unavailable,,null,"[[0.9999999930049501, 0.00011754824767032184, -1.313427808595414e-05], [-0.00011754806445364932, 0.9999999929939333, 1.3949405900446756e-05], [1.3135917722154149e-05, -1.3947861893902966e-05, 0.9999999998164525]]",nan,nan,False,,disabled_or_unavailable,,null,nan
visual_span,2.08,2.12,0.040000000000000036,2.12,28,0,0.0,False,,disabled_or_unavailable,,null,"[[0.9999999989190616, 4.6359130591407745e-05, -3.564778664189544e-06], [-4.6359338846373765e-05, 0.9999999972176549, -5.844229366190062e-05], [3.5620693203471665e-06, 5.84424588595101e-05, 0.9999999982858953]]",nan,nan,False,,disabled_or_unavailable,,null,nan
visual_span,2.12,2.16,0.040000000000000036,2.16,28,0,0.0,False,,disabled_or_unavailable,,null,"[[0.9999999947073803, -0.00010236775518593579, -1.0299630436798375e-05], [0.00010236917782070693, 0.9999999852079953, 0.00013821925000818042], [1.0285481090099369e-05, -0.00013822030364133814, 0.9999999903946785]]",nan,nan,False,,disabled_or_unavailable,,null,nan
visual_span,2.16,2.2,0.040000000000000036,2.2,28,0,0.0,False,,disabled_or_unavailable,,null,"[[0.9999999998905817, -1.0516478795581569e-05, -1.040387740058187e-05], [1.0517178356092115e-05, 0.9999999976839115, 6.724259523002952e-05], [1.0403170221158668e-05, -6.724270464210614e-05, 0.9999999976850966]]",nan,nan,False,,disabled_or_unavailable,,null,nan
visual_span,2.2,2.24,0.040000000000000036,2.24,28,0,0.0,False,,disabled_or_unavailable,,null,"[[0.9999999997404475, -1.7737969053864347e-05, -1.4299295325854693e-05], [1.7738878545144168e-05, 0.9999999978197853, 6.360630559125402e-05], [1.4298167047998946e-05, -6.36065592282079e-05, 0.9999999978748842]]",nan,nan,False,,disabled_or_unavailable,,null,nan
visual_span,2.24,2.2800000000000002,0.040000000000000036,2.2800000000000002,28,0,0.0,False,,disabled_or_unavailable,,null,"[[0.9999999999675523, 7.954911559563623e-06, 1.2707293711334775e-06], [-7.954855466233735e-06, 0.9999999989943433, -4.4136532427774184e-05], [-1.271080472067569e-06, 4.413652231787357e-05, 0.9999999990251759]]",nan,nan,False,,disabled_or_unavailable,,null,nan
visual_span,2.2800000000000002,2.32,0.03999999999999959,2.32,28,0,0.0,False,,disabled_or_unavailable,,null,"[[0.9999999932989431, 0.00011510577741569428, 1.2360170321699458e-05], [-0.00011510585467225451, 0.9999999933557904, 6.249915191228568e-06], [-1.2359450838229026e-05, -6.251337877316304e-06, 0.9999999999040824]]",nan,nan,False,,disabled_or_unavailable,,null,nan
visual_span,2.32,2.36,0.040000000000000036,2.36,28,0,0.0,False,,disabled_or_unavailable,,null,"[[0.9999999999945821, -2.0890188181642834e-06, -2.544051125284504e-06], [2.0890711982274076e-06, 0.9999999997858563, 2.058940507730138e-05], [2.54400811308505e-06, -2.058941039189376e-05, 0.9999999997848024]]",nan,nan,False,,disabled_or_unavailable,,null,nan
visual_span,2.36,2.4,0.040000000000000036,2.4,28,0,0.0,False,,disabled_or_unavailable,,null,"[[0.9999999999637821, -3.6205251203581128e-06, -7.702438183118543e-06], [3.6207789965578794e-06, 0.9999999994502398, 3.2960739575513776e-05], [7.70231884369843e-06, -3.296076746314641e-05, 0.999999999427131]]",nan,nan,False,,disabled_or_unavailable,,null,nan
visual_span,2.4,2.48,0.08000000000000007,2.48,28,0,0.0,False,,disabled_or_unavailable,,null,"[[0.9999999976654035, 6.296849226104128e-05, -2.6536064878486733e-05], [-6.296854925368203e-05, 0.9999999980151766, -2.1469127462913616e-06], [2.6535929637958674e-05, 2.148583678787486e-06, 0.9999999996456144]]",nan,nan,False,,disabled_or_unavailable,,null,nan
visual_span,2.48,2.52,0.040000000000000036,2.52,28,0,0.0,False,,disabled_or_unavailable,,null,"[[0.9999999998346718, -1.592875707504607e-05, -8.771027699378237e-06], [1.5929140408576644e-05, 0.999999998918016, 4.370618185633558e-05], [8.77033150473466e-06, -4.370632156404147e-05, 0.9999999990064193]]",nan,nan,False,,disabled_or_unavailable,,null,nan
visual_span,2.52,2.6,0.08000000000000007,2.6,28,0,0.0,False,,disabled_or_unavailable,,null,"[[0.9999999976019017, 6.879413755311233e-05, -7.972688762197244e-06], [-6.879613977062244e-05, 0.9999999660308165, -0.00025140695575528944], [7.955393166675477e-06, 0.00025140750364260124, 0.9999999683654892]]",nan,nan,False,,disabled_or_unavailable,,null,nan
visual_span,2.6,2.64,0.040000000000000036,2.64,28,0,0.0,False,,disabled_or_unavailable,,null,"[[0.999999998921847, -4.639468334533821e-05, 1.9594051050241074e-06], [4.6394701534985075e-05, 0.9999999988806674, -9.284224744177098e-06], [-1.9589743641637683e-06, 9.284315640182319e-06, 0.9999999999549819]]",nan,nan,False,,disabled_or_unavailable,,null,nan
visual_span,2.64,2.72,0.08000000000000007,2.72,28,0,0.0,False,,disabled_or_unavailable,,null,"[[0.9999999969162275, 7.852219492493153e-05, 1.345517419424515e-06], [-7.85221649091802e-05, 0.9999999966686347, -2.2293512731143663e-05], [-1.347267950494341e-06, 2.229340700945484e-05, 0.9999999997505947]]",nan,nan,False,,disabled_or_unavailable,,null,nan
visual_span,2.72,2.76,0.03999999999999959,2.76,28,0,0.0,False,,disabled_or_unavailable,,null,"[[0.9999999999928145, -7.996300795144303e-07, 3.70569835257039e-06], [8.001541239777294e-07, 0.9999999900001546, -0.0001414180011071837], [-3.705585233426508e-06, 0.0001414180040712973, 0.9999999899936086]]",nan,nan,False,,disabled_or_unavailable,,null,nan
visual_span,2.76,2.8,0.040000000000000036,2.8,28,0,0.0,False,,disabled_or_unavailable,,null,"[[0.9999999999532516, -9.663681425553203e-06, -3.318900755997502e-07], [9.66363500608959e-06, 0.9999999902119725, -0.00013958033215747206], [3.332389322144437e-07, 0.00013958032894368237, 0.9999999902586103]]",nan,nan,False,,disabled_or_unavailable,,null,nan
visual_span,2.8,2.84,0.040000000000000036,2.84,28,0,0.0,False,,disabled_or_unavailable,,null,"[[0.9999999941243025, -0.0001083801881496784, 2.264861291966315e-06], [0.00010838035086727287, 0.9999999915371388, -7.196820017130046e-05], [-2.257061345723749e-06, 7.196844521489858e-05, 0.9999999974077243]]",nan,nan,False,,disabled_or_unavailable,,null,nan
visual_span,2.84,2.92,0.08000000000000007,2.92,28,0,0.0,False,,disabled_or_unavailable,,null,"[[0.9999999973969411, 7.135030284935341e-05, 1.0735562168592364e-05], [-7.134713037236773e-05, 0.999999953876842, -0.0002952217830221324], [-1.0756625837060687e-05, 0.000295221016302099, 0.9999999563644225]]",nan,nan,False,,disabled_or_unavailable,,null,nan
visual_span,2.92,3.0,0.08000000000000007,3.0,28,0,0.0,False,,disabled_or_unavailable,,null,"[[0.9999999975499398, -6.875758277271854e-05, -1.3134513917298623e-05], [6.875586547842978e-05, 0.9999999890947525, -0.00013070243308024052], [1.3143500557424607e-05, 0.00013070152968513966, 0.9999999913721793]]",nan,nan,False,,disabled_or_unavailable,,null,nan
visual_span,3.0,3.04,0.040000000000000036,3.04,28,0,0.0,False,,disabled_or_unavailable,,null,"[[0.9999999986967604, -4.9564577491113315e-05, 1.2240605953378038e-05], [4.956471932205775e-05, 0.9999999987045415, -1.158689031632103e-05], [-1.2240031638197875e-05, 1.1587497003418942e-05, 0.9999999998579561]]",nan,nan,False,,disabled_or_unavailable,,null,nan
visual_span,3.04,3.08,0.040000000000000036,3.08,28,0,0.0,False,,disabled_or_unavailable,,null,"[[0.9999999963218958, -8.57676245127674e-05, -3.513576816445325e-07], [8.576761962804933e-05, 0.9999999962256458, -1.3878913592273312e-05], [3.5254804176801134e-07, 1.3878883406113225e-05, 0.9999999999036264]]",nan,nan,False,,disabled_or_unavailable,,null,nan
visual_span,3.08,3.12,0.040000000000000036,3.12,28,0,0.0,False,,disabled_or_unavailable,,null,"[[0.9999999958231041, 9.139425360638719e-05, -9.396833994781542e-07], [-9.13943397061975e-05, 0.9999999915880122, -9.203831103483296e-05], [9.312716188333276e-07, 9.20383965321423e-05, 0.9999999957640334]]",nan,nan,False,,disabled_or_unavailable,,null,nan
visual_span,3.12,3.16,0.040000000000000036,3.16,28,0,0.0,False,,disabled_or_unavailable,,null,"[[0.9999999984997301, -5.3929735348789264e-05, 9.598127824849254e-06], [5.39299718472355e-05, 0.9999999982421774, -2.4641507171432032e-05], [-9.596798898017096e-06, 2.4642024761226495e-05, 0.9999999996503364]]",nan,nan,False,,disabled_or_unavailable,,null,nan
visual_span,3.16,3.2,0.040000000000000036,3.2,28,0,0.0,False,,disabled_or_unavailable,,null,"[[0.9999999982148633, -5.975168940627554e-05, -9.603340855583113e-08], [5.975166572023561e-05, 0.9999999717273033, -0.0002301632708762209], [1.097860501148361e-07, 0.00023016326472719185, 0.9999999735124295]]",nan,nan,False,,disabled_or_unavailable,,null,nan
visual_span,3.2,3.24,0.040000000000000036,3.24,28,0,0.0,False,,disabled_or_unavailable,,null,"[[0.9999999994490595, -2.4991045205702014e-05, 2.184786126832338e-05], [2.4991722472946633e-05, 0.9999999992072218, -3.099952346387503e-05], [-2.1847086540510627e-05, 3.100006946248157e-05, 0.9999999992808504]]",nan,nan,False,,disabled_or_unavailable,,null,nan
visual_span,3.24,3.2800000000000002,0.040000000000000036,3.2800000000000002,28,0,0.0,False,,disabled_or_unavailable,,null,"[[0.9999999939531102, -0.00010995990540602393, 1.6121221408560878e-06], [0.00010995984678646252, 0.9999999932949595, 3.631684559394004e-05], [-1.6161155269528984e-06, -3.631666810563246e-05, 0.999999999339244]]",nan,nan,False,,disabled_or_unavailable,,null,nan
visual_span,3.2800000000000002,3.32,0.03999999999999959,3.32,28,0,0.0,False,,disabled_or_unavailable,,null,"[[0.9999999997589938, -2.021673761406855e-05, 8.561293688209922e-06], [2.0216588129359677e-05, 0.9999999996432144, 1.7460254676194974e-05], [-8.561646674542841e-06, -1.7460081591838597e-05, 0.9999999998109218]]",nan,nan,False,,disabled_or_unavailable,,null,nan
visual_span,3.32,3.36,0.040000000000000036,3.36,28,0,0.0,False,,disabled_or_unavailable,,null,"[[0.999999998354484, -5.183046990187662e-05, 2.4589315711959537e-05], [5.1832811712559846e-05, 0.9999999941207945, -9.524584339461162e-05], [-2.4584378930574554e-05, 9.524711777125449e-05, 0.9999999951617975]]",nan,nan,False,,disabled_or_unavailable,,null,nan
visual_span,3.36,3.4,0.040000000000000036,3.4,28,0,0.0,False,,disabled_or_unavailable,,null,"[[0.9999999989987675, -4.406100373696257e-05, -7.816233628030817e-06], [4.4059703737083127e-05, 0.999999985211041, -0.00016624277611470645], [7.82355833601649e-06, 0.00016624243156732076, 0.9999999861511231]]",nan,nan,False,,disabled_or_unavailable,,null,nan
visual_span,3.4,3.44,0.040000000000000036,3.44,28,0,0.0,False,,disabled_or_unavailable,,null,"[[0.9999999945925543, 0.00010335119337553052, 1.1550856453845228e-05], [-0.00010335118210965427, 0.9999999946587904, -9.759208612892404e-07], [-1.1550957254735337e-05, 9.747270613431176e-07, 0.9999999999328127]]",nan,nan,False,,disabled_or_unavailable,,null,nan
visual_span,3.44,3.48,0.040000000000000036,3.48,28,0,0.0,False,,disabled_or_unavailable,,null,"[[0.9999999985950141, 5.21620219450184e-05, -9.439038190372994e-06], [-5.2160755581652735e-05, 0.9999999896464956, 0.00013411287946306233], [9.44603369160753e-06, -0.00013411238692727164, 0.9999999909623201]]",nan,nan,False,,disabled_or_unavailable,,null,nan
visual_span,3.48,3.52,0.040000000000000036,3.52,28,0,0.0,False,,disabled_or_unavailable,,null,"[[0.9999999935826184, -0.00011317713528103974, -5.069446857419063e-06], [0.00011317741488555113, 0.9999999920725484, 5.518854874397263e-05], [5.063200735384108e-06, -5.518912213669687e-05, 0.9999999984642625]]",nan,nan,False,,disabled_or_unavailable,,null,nan
visual_span,3.52,3.56,0.040000000000000036,3.56,28,0,0.0,False,,disabled_or_unavailable,,null,"[[0.9999999999282829, -4.938606366780225e-06, -1.0910736426186822e-05], [4.937683071245698e-06, 0.9999999964074472, -8.4621065927602e-05], [1.0911154297124378e-05, 8.46210120477747e-05, 0.9999999963601154]]",nan,nan,False,,disabled_or_unavailable,,null,nan
visual_span,3.56,3.6,0.040000000000000036,3.6,28,0,0.0,False,,disabled_or_unavailable,,null,"[[0.9999999887802205, -0.0001497415379885981, -4.126844417886552e-06], [0.00014974192787029007, 0.9999999843106241, 9.463670841474778e-05], [4.112673306870736e-06, -9.463732531458393e-05, 0.9999999955134312]]",nan,nan,False,,disabled_or_unavailable,,null,nan
visual_span,3.6,3.64,0.040000000000000036,3.64,28,0,0.0,False,,disabled_or_unavailable,,null,"[[0.9999999996335253, -2.3442338349255623e-05, 1.3542756671157392e-05], [2.344286109673218e-05, 0.9999999989802008, -3.860091446015013e-05], [-1.3541851761649135e-05, 3.860123192696738e-05, 0.9999999991632815]]",nan,nan,False,,disabled_or_unavailable,,null,nan
visual_span,3.64,3.68,0.040000000000000036,3.68,28,0,0.0,False,,disabled_or_unavailable,,null,"[[0.9999999979302999, -6.433817060693797e-05, -2.3441117852931392e-08], [6.433817014115956e-05, 0.999999997742973, -1.935599324245044e-05], [2.4686446995523663e-08, 1.9355991694230705e-05, 0.9999999998126727]]",nan,nan,False,,disabled_or_unavailable,,null,nan
visual_span,3.68,3.72,0.040000000000000036,3.72,28,0,0.0,False,,disabled_or_unavailable,,null,"[[0.9999999959947612, -8.949104441648933e-05, 1.3530641269806406e-06], [8.949086622224785e-05, 0.9999999873983825, 0.00013112825794154233], [-1.3647989146855473e-06, -0.00013112813632946158, 0.9999999914017746]]",nan,nan,False,,disabled_or_unavailable,,null,nan
visual_span,3.72,3.76,0.03999999999999959,3.76,28,0,0.0,False,,disabled_or_unavailable,,null,"[[0.9999999984450015, -5.279539892633577e-05, 1.7962274298078444e-05], [5.2794651106541915e-05, 0.999999997739804, 4.16307283302064e-05], [-1.7964472168389968e-05, -4.162977995346602e-05, 0.9999999989721199]]",nan,nan,False,,disabled_or_unavailable,,null,nan
visual_span,3.76,3.8,0.040000000000000036,3.8,28,0,0.0,False,,disabled_or_unavailable,,null,"[[0.9999999957507025, -9.157504125495388e-05, 1.061162947558867e-05], [9.157469442171245e-05, 0.999999995273042, 3.26801363516669e-05], [-1.0614622110262565e-05, -3.267916445607273e-05, 0.999999999409701]]",nan,nan,False,,disabled_or_unavailable,,null,nan
visual_span,3.8,3.84,0.040000000000000036,3.84,28,0,0.0,False,,disabled_or_unavailable,,null,"[[0.9999999998729775, -1.5128710787573584e-05, 5.0166835568323e-06], [1.5128518290661385e-05, 0.9999999991494675, 3.836916644644222e-05], [-5.017264028587776e-06, -3.836909054657953e-05, 0.99999999925132]]",nan,nan,False,,disabled_or_unavailable,,null,nan
visual_span,3.84,3.88,0.040000000000000036,3.88,28,0,0.0,False,,disabled_or_unavailable,,null,"[[0.9999999996347259, -2.6348335635513654e-05, 6.0260560312171285e-06], [2.634772169251975e-05, 0.999999994465292, 0.00010185879197280957], [-6.028739807502995e-06, -0.00010185863316275598, 0.9999999947942365]]",nan,nan,False,,disabled_or_unavailable,,null,nan
visual_span,3.88,3.92,0.040000000000000036,3.92,28,0,0.0,False,,disabled_or_unavailable,,null,"[[0.9999999978269044, -6.523198021885541e-05, -9.538365345343709e-06], [6.523312715484826e-05, 0.9999999906370358, 0.00012029367278080357], [9.530518261553043e-06, -0.00012029429473679332, 0.9999999927192261]]",nan,nan,False,,disabled_or_unavailable,,null,nan
visual_span,3.92,3.96,0.040000000000000036,3.96,28,0,0.0,False,,disabled_or_unavailable,,null,"[[0.9999999997511737, -9.725567253874528e-06, -2.0076518507032217e-05], [9.724991065232966e-06, 0.9999999995408811, -2.8699527560151933e-05], [2.0076797617000143e-05, 2.8699332309047627e-05, 0.9999999993866355]]",nan,nan,False,,disabled_or_unavailable,,null,nan
visual_span,3.96,4.0,0.040000000000000036,4.0,28,0,0.0,False,,disabled_or_unavailable,,null,"[[0.9999999836077105, -0.0001809624922122415, -6.095534425980504e-06], [0.00018096132303606832, 0.9999999653351261, -0.00019126616636763687], [6.13014621682134e-06, 0.00019126506017637214, 0.999999981690049]]",nan,nan,False,,disabled_or_unavailable,,null,nan
visual_span,4.0,4.04,0.040000000000000036,4.04,28,0,0.0,False,,disabled_or_unavailable,,null,"[[0.9999999984625004, -4.737985096732553e-05, -2.8812312061773366e-05], [4.738010983852038e-05, 0.9999999988372056, 8.984125967734726e-06], [2.8811886361721137e-05, -8.985491084431822e-06, 0.9999999995445683]]",nan,nan,False,,disabled_or_unavailable,,null,nan
visual_span,4.04,4.08,0.040000000000000036,4.08,28,0,0.0,False,,disabled_or_unavailable,,null,"[[0.999999994477097, -0.00010428150212354453, 1.3083380912461036e-05], [0.00010428194059063268, 0.9999999940009413, -3.351708116543696e-05], [-1.3079885622402334e-05, 3.3518445340676405e-05, 0.9999999993527154]]",nan,nan,False,,disabled_or_unavailable,,null,nan
visual_span,4.08,4.12,0.040000000000000036,4.12,28,0,0.0,False,,disabled_or_unavailable,,null,"[[0.9999999993250699, 3.674025242823341e-05, 1.1830998878582927e-07], [-3.674024084551341e-05, 0.9999999946731176, -9.645682673665568e-05], [-1.21853836318337e-07, 9.64568223248166e-05, 0.9999999953480333]]",nan,nan,False,,disabled_or_unavailable,,null,nan
visual_span,4.12,4.16,0.040000000000000036,4.16,28,0,0.0,False,,disabled_or_unavailable,,null,"[[0.9999999994746133, -2.208994412594028e-05, 2.3723578918123207e-05], [2.2092421449602503e-05, 0.9999999943032182, -0.00010442934876311889], [-2.3721271944495865e-05, 0.00010442987281955684, 0.9999999942658516]]",nan,nan,False,,disabled_or_unavailable,,null,nan
visual_span,4.16,4.2,0.040000000000000036,4.2,28,0,0.0,False,,disabled_or_unavailable,,null,"[[0.9999999931319977, -0.00011703535768694826, 6.223334149385883e-06], [0.00011703548252892587, 0.9999999929500715, -2.0063725577712127e-05], [-6.220985940212302e-06, 2.0064453790829525e-05, 0.9999999997793586]]",nan,nan,False,,disabled_or_unavailable,,null,nan
visual_span,4.2,4.24,0.040000000000000036,4.24,28,0,0.0,False,,disabled_or_unavailable,,null,"[[0.9999999951539695, -9.615468647381828e-05, 2.1126704851413652e-05], [9.615956427973852e-05, 0.999999968695281, -0.00023100384361119815], [-2.1104492087891404e-05, 0.00023100587402647958, 0.9999999730954431]]",nan,nan,False,,disabled_or_unavailable,,null,nan
visual_span,4.24,4.28,0.040000000000000036,4.28,28,0,0.0,False,,disabled_or_unavailable,,null,"[[0.9999999955785603, -8.947142519652694e-05, 2.8943800741931116e-05], [8.947304125249329e-05, 0.999999994438358, -5.58377937006673e-05], [-2.8938804693973825e-05, 5.584038314366165e-05, 0.9999999980221987]]",nan,nan,False,,disabled_or_unavailable,,null,nan
visual_span,4.28,4.32,0.040000000000000036,4.32,28,0,0.0,False,,disabled_or_unavailable,,null,"[[0.999999998317011, 5.7952037344223e-05, 2.7457686853649427e-06], [-5.79520312998585e-05, 0.999999998318358, -2.201366261708436e-06], [-2.74589625440735e-06, 2.201207135130765e-06, 0.9999999999938074]]",nan,nan,False,,disabled_or_unavailable,,null,nan
visual_span,4.32,4.36,0.040000000000000036,4.36,28,0,0.0,False,,disabled_or_unavailable,,null,"[[0.9999999923541647, -0.00012357880357798007, 4.466557057220767e-06], [0.00012357860131085932, 0.9999999913400787, 4.525673736344698e-05], [-4.472149791997951e-06, -4.525618504654761e-05, 0.9999999989659389]]",nan,nan,False,,disabled_or_unavailable,,null,nan
visual_span,4.36,4.44,0.08000000000000007,4.44,28,0,0.0,False,,disabled_or_unavailable,,null,"[[0.9999999997433355, 2.1029465346091608e-05, -8.431531630238497e-06], [-2.1029404797995313e-05, 0.9999999997530976, 7.181174693676414e-06], [8.431682644421094e-06, -7.180997381741541e-06, 0.9999999999386702]]",nan,nan,False,,disabled_or_unavailable,,null,nan
visual_span,4.44,4.48,0.040000000000000036,4.48,28,0,0.0,False,,disabled_or_unavailable,,null,"[[0.9999999988658982, -3.89304333110826e-05, 2.7434010015515115e-05], [3.892962141192105e-05, 0.999999998804324, 2.9594534778344158e-05], [-2.7435162110775488e-05, -2.959346674915723e-05, 0.9999999991857692]]",nan,nan,False,,disabled_or_unavailable,,null,nan
visual_span,4.48,4.52,0.03999999999999915,4.52,28,0,0.0,False,,disabled_or_unavailable,,null,"[[0.999999999250345, -3.656921494582108e-05, 1.2728025463002974e-05], [3.6568631820934065e-05, 0.9999999982820226, 4.581146364651222e-05], [-1.2729700730397586e-05, -4.5810998165692465e-05, 0.9999999988696536]]",nan,nan,False,,disabled_or_unavailable,,null,nan
visual_span,4.52,4.5600000000000005,0.040000000000000924,4.5600000000000005,28,0,0.0,False,,disabled_or_unavailable,,null,"[[0.9999999948835019, -0.00010091242149648343, 7.048358676070999e-06], [0.0001009125045002993, 0.9999999948389847, -1.1776969874624708e-05], [-7.047170197146372e-06, 1.1777681081894481e-05, 0.9999999999058118]]",nan,nan,False,,disabled_or_unavailable,,null,nan
visual_span,4.5600000000000005,4.6,0.03999999999999915,4.6,28,0,0.0,False,,disabled_or_unavailable,,null,"[[0.999999999308041, -3.071761688936939e-05, 2.0984440547641168e-05], [3.071869466649056e-05, 0.999999998209134, -5.136238318030366e-05], [-2.0982862780051785e-05, 5.136302775938491e-05, 0.9999999984607798]]",nan,nan,False,,disabled_or_unavailable,,null,nan
visual_span,4.6,4.64,0.040000000000000036,4.64,28,0,0.0,False,,disabled_or_unavailable,,null,"[[0.999999996983193, 7.7651720157743e-05, 1.9557029205387784e-06], [-7.765172567723385e-05, 0.9999999969811222, 2.8223364471478e-06], [-1.955483755354765e-06, -2.8224883023400467e-06, 0.999999999994105]]",nan,nan,False,,disabled_or_unavailable,,null,nan
visual_span,4.64,4.68,0.040000000000000036,4.68,28,0,0.0,False,,disabled_or_unavailable,,null,"[[0.9999999954666777, -9.449570145327545e-05, 1.1713536628297938e-05], [9.449732647500076e-05, 0.9999999859013801, -0.00013880740284052977], [-1.1700419760254912e-05, 0.00013880850910916604, 0.999999990297649]]",nan,nan,False,,disabled_or_unavailable,,null,nan
visual_span,4.68,4.72,0.040000000000000036,4.72,28,0,0.0,False,,disabled_or_unavailable,,null,"[[0.9999999976499735, -6.807861550717642e-05, 8.084260453439412e-06], [6.807924606836464e-05, 0.9999999946387373, -7.802398143421105e-05], [-8.078948645465168e-06, 7.80245316212093e-05, 0.9999999969234517]]",nan,nan,False,,disabled_or_unavailable,,null,nan
visual_span,4.72,4.76,0.040000000000000036,4.76,28,0,0.0,False,,disabled_or_unavailable,,null,"[[0.9999999921390396, -0.00012223740321499408, 2.7927373962599753e-05], [0.00012223681210778918, 0.9999999923050684, 2.1166597904911427e-05], [-2.7929961097663314e-05, -2.1163183985357908e-05, 0.9999999993860185]]",nan,nan,False,,disabled_or_unavailable,,null,nan
visual_span,4.76,4.8,0.040000000000000036,4.8,28,0,0.0,False,,disabled_or_unavailable,,null,"[[0.9999999996821748, -1.5067331961394664e-05, 2.021449514111886e-05], [1.506685821158348e-05, 0.9999999996118696, 2.3436091201602606e-05], [-2.0214848252639014e-05, -2.3435786625221915e-05, 0.9999999995210618]]",nan,nan,False,,disabled_or_unavailable,,null,nan
visual_span,4.8,4.84,0.040000000000000036,4.84,28,0,0.0,False,,disabled_or_unavailable,,null,"[[0.9999999969906416, -7.699364550385847e-05, -9.523440747793497e-06], [7.699432548938482e-05, 0.9999999944854219, 7.142149862904049e-05], [9.51794169372894e-06, -7.142223166500429e-05, 0.999999997404137]]",nan,nan,False,,disabled_or_unavailable,,null,nan
visual_span,4.84,4.88,0.040000000000000036,4.88,28,0,0.0,False,,disabled_or_unavailable,,null,"[[0.9999999979553909, -6.364613290957925e-05, -6.195847418233745e-06], [6.364590232900527e-05, 0.9999999972823662, -3.72084272794341e-05], [6.198215573903684e-06, 3.7208032863057775e-05, 0.9999999992885724]]",nan,nan,False,,disabled_or_unavailable,,null,nan
visual_span,4.88,4.92,0.040000000000000036,4.92,28,0,0.0,False,,disabled_or_unavailable,,null,"[[0.999999990176797, -0.00013982536906387237, 9.760757043186336e-06], [0.00013982512749570981, 0.9999999899183041, 2.474521343382278e-05], [-9.764216953382299e-06, -2.4743848391647506e-05, 0.9999999996462011]]",nan,nan,False,,disabled_or_unavailable,,null,nan
visual_span,4.92,4.96,0.040000000000000036,4.96,28,0,0.0,False,,disabled_or_unavailable,,null,"[[0.9999999961900408, -8.706451735715568e-05, 6.299908544229056e-06], [8.706546188400993e-05, 0.9999999849474326, -0.00015008244584400273], [-6.286841593688065e-06, 0.00015008299377664193, 0.9999999887177855]]",nan,nan,False,,disabled_or_unavailable,,null,nan
visual_span,4.96,5.04,0.08000000000000007,5.04,28,0,0.0,False,,disabled_or_unavailable,,null,"[[0.9999999996071651, 2.7945632157249844e-05, 2.1706878095667247e-06], [-2.7945713416541687e-05, 0.9999999989084993, 3.744380749037517e-05], [-2.169641416326724e-06, -3.744386813708537e-05, 0.9999999992966249]]",nan,nan,False,,disabled_or_unavailable,,null,nan
visual_span,5.04,5.08,0.040000000000000036,5.08,28,0,0.0,False,,disabled_or_unavailable,,null,"[[0.9999999998826868, -1.3330230891968245e-05, 7.5453167711320545e-06], [1.3328991302264023e-05, 0.9999999864201359, 0.00016426218842227028], [-7.547506321566166e-06, -0.00016426208783153852, 0.999999986480501]]",nan,nan,False,,disabled_or_unavailable,,null,nan
visual_span,5.08,5.12,0.040000000000000036,5.12,28,0,0.0,False,,disabled_or_unavailable,,null,"[[0.999999998377519, -5.696017609077492e-05, -7.076508872623897e-07], [5.69601256997899e-05, 0.9999999958568514, -7.100592702775941e-05], [7.116953944374766e-07, 7.100588660467014e-05, 0.999999997478829]]",nan,nan,False,,disabled_or_unavailable,,null,nan
visual_span,5.12,5.16,0.040000000000000036,5.16,28,0,0.0,False,,disabled_or_unavailable,,null,"[[0.9999999966347912, -8.203485128481972e-05, 8.370815367436922e-07], [8.203498341133886e-05, 0.9999999839816053, -0.00015908189952825892], [-8.240312633650824e-07, 0.00015908196766288511, 0.9999999873461242]]",nan,nan,False,,disabled_or_unavailable,,null,nan
visual_span,5.16,5.2,0.040000000000000036,5.2,28,0,0.0,False,,disabled_or_unavailable,,null,"[[0.9999999999695852, -7.552272703426061e-06, 1.947512704835997e-06], [7.552347451738129e-06, 0.9999999992348048, -3.8384274023637146e-05], [-1.9472228148408197e-06, 3.838428873076231e-05, 0.9999999992614274]]",nan,nan,False,,disabled_or_unavailable,,null,nan
visual_span,5.2,5.24,0.040000000000000036,5.24,28,0,0.0,False,,disabled_or_unavailable,,null,"[[0.9999999946431157, -0.00010347901909381034, -2.421033458851857e-06], [0.00010347888899002474, 0.9999999932054231, -5.367749603695773e-05], [2.4265879370392748e-06, 5.3677245223561056e-05, 0.9999999985564327]]",nan,nan,False,,disabled_or_unavailable,,null,nan
visual_span,5.24,5.28,0.040000000000000036,5.28,28,0,0.0,False,,disabled_or_unavailable,,null,"[[0.9999999908390969, -0.00013534490650968318, -1.8874767153918127e-06], [0.00013534472558019315, 0.9999999862778365, -9.55307917357261e-05], [1.9004062955678165e-06, 9.553053540055968e-05, 0.9999999954351526]]",nan,nan,False,,disabled_or_unavailable,,null,nan
visual_span,5.28,5.36,0.08000000000000007,5.36,28,0,0.0,False,,disabled_or_unavailable,,null,"[[0.9999999998353957, -1.5557471806818315e-05, 9.33671961349678e-06], [1.5557295978338108e-05, 0.9999999997016689, 1.88317103871812e-05], [-9.337012584514767e-06, -1.8831565129970923e-05, 0.9999999997790965]]",nan,nan,False,,disabled_or_unavailable,,null,nan
visual_span,5.36,5.4,0.040000000000000036,5.4,28,0,0.0,False,,disabled_or_unavailable,,null,"[[0.9999999995997112, -2.8238461531579e-05, -1.7795732652258486e-06], [2.8238306173341698e-05, 0.9999999957958485, -8.724047783935922e-05], [1.7820367946217164e-06, 8.724042755230313e-05, 0.9999999961929661]]",nan,nan,False,,disabled_or_unavailable,,null,nan
visual_span,5.4,5.44,0.040000000000000036,5.44,28,0,0.0,False,,disabled_or_unavailable,,null,"[[0.9999999984664405, -5.474549902239102e-05, 8.369587005288508e-06], [5.474527597671709e-05, 0.9999999981464344, 2.6647450412238435e-05], [-8.371045817745419e-06, -2.6646992176022563e-05, 0.999999999609932]]",nan,nan,False,,disabled_or_unavailable,,null,nan
visual_span,5.44,5.48,0.040000000000000036,5.48,28,0,0.0,False,,disabled_or_unavailable,,null,"[[0.9999999991819827, -3.9978369537237835e-05, 6.145333543619015e-06], [3.9978272532110814e-05, 0.9999999990762942, 1.5784481183881846e-05], [-6.145964575764255e-06, -1.5784235491150658e-05, 0.9999999998565428]]",nan,nan,False,,disabled_or_unavailable,,null,nan
visual_span,5.48,5.52,0.03999999999999915,5.52,28,0,0.0,False,,disabled_or_unavailable,,null,"[[0.999999998803382, -4.888401745353964e-05, 1.8945657549684775e-06], [4.888381834096763e-05, 0.9999999932974507, 0.0001049546151760361], [-1.8996963455101516e-06, -0.00010495452243683729, 0.9999999944904698]]",nan,nan,False,,disabled_or_unavailable,,null,nan
visual_span,5.52,5.5600000000000005,0.040000000000000924,5.5600000000000005,28,0,0.0,False,,disabled_or_unavailable,,null,"[[0.9999999897764927, -0.0001429644013186016, -2.8626291297459498e-06], [0.00014296458648168145, 0.9999999876818545, 6.478748319656809e-05], [2.8533667907355313e-06, -6.478789178880257e-05, 0.9999999978971937]]",nan,nan,False,,disabled_or_unavailable,,null,nan
visual_span,5.5600000000000005,5.6,0.03999999999999915,5.6,28,0,0.0,False,,disabled_or_unavailable,,null,"[[0.9999999968100223, -7.987213226059904e-05, 6.307045929273364e-07], [7.987214109726389e-05, 0.9999999967118952, -1.4023209186172752e-05], [-6.295845272346776e-07, 1.4023259517165266e-05, 0.9999999999014758]]",nan,nan,False,,disabled_or_unavailable,,null,nan
visual_span,5.6,5.68,0.08000000000000007,5.68,28,0,0.0,False,,disabled_or_unavailable,,null,"[[0.9999999999103953, 1.0301672642283051e-05, 8.548991196717753e-06], [-1.0301222795444852e-05, 0.9999999985626025, -5.261824971942367e-05], [-8.549533240413072e-06, 5.261816164964583e-05, 0.9999999985791175]]",nan,nan,False,,disabled_or_unavailable,,null,nan
visual_span,5.68,5.72,0.040000000000000036,5.72,28,0,0.0,False,,disabled_or_unavailable,,null,"[[0.9999999989315999, -4.583326571542713e-05, -6.009348233594208e-06], [4.5832807489084385e-05, 0.9999999960441529, -7.623023052272211e-05], [6.012842090233241e-06, 7.622995501597698e-05, 0.99999999707642]]",nan,nan,False,,disabled_or_unavailable,,null,nan
visual_span,5.72,5.76,0.040000000000000036,5.76,28,0,0.0,False,,disabled_or_unavailable,,null,"[[0.9999999996713658, 2.049098994425286e-05, 1.540740028311849e-05], [-2.0489813770381738e-05, 0.9999999968766039, -7.633452637606622e-05], [-1.5408964405007444e-05, 7.63342106562176e-05, 0.999999996967826]]",nan,nan,False,,disabled_or_unavailable,,null,nan
visual_span,5.76,5.8,0.040000000000000036,5.8,28,0,0.0,False,,disabled_or_unavailable,,null,"[[0.9999999993861065, 3.493073062466588e-05, -2.7624587187715557e-06], [-3.493083454571148e-05, 0.9999999986819874, -3.762794362250504e-05], [2.7611443435679624e-06, 3.762804009439394e-05, 0.9999999992882534]]",nan,nan,False,,disabled_or_unavailable,,null,nan
visual_span,5.8,5.84,0.040000000000000036,5.84,28,0,0.0,False,,disabled_or_unavailable,,null,"[[0.9999999995042677, 6.0229386484068265e-06, 3.09061291411758e-05], [-6.02461111878168e-06, 0.999999998517651, 5.411471325691061e-05], [-3.0905803165764205e-05, -5.4114899427493466e-05, 0.9999999980582045]]",nan,nan,False,,disabled_or_unavailable,,null,nan
visual_span,5.84,5.88,0.040000000000000036,5.88,28,0,0.0,False,,disabled_or_unavailable,,null,"[[0.9999999948288953, -0.00010031093783895803, 1.673097348569492e-05], [0.00010030851896902512, 0.9999999845271542, 0.00014451260383325538], [-1.6745469421639204e-05, -0.00014451092482679429, 0.9999999894180911]]",nan,nan,False,,disabled_or_unavailable,,null,nan
visual_span,5.88,5.92,0.040000000000000036,5.92,28,0,0.0,False,,disabled_or_unavailable,,null,"[[0.9999999964645347, -8.320464703128418e-05, -1.2162128774001628e-05], [8.32043323583711e-05, 0.999999996203855, -2.587139373834096e-05], [1.2164281348016628e-05, 2.5870381705068847e-05, 0.9999999995913769]]",nan,nan,False,,disabled_or_unavailable,,null,nan
visual_span,5.92,5.96,0.040000000000000036,5.96,28,0,0.0,False,,disabled_or_unavailable,,null,"[[0.999999999567189, 2.7441412638928364e-05, 1.06109048926205e-05], [-2.744221161243675e-05, 0.9999999967880726, 7.530458325742934e-05], [-1.0608838394396272e-05, -7.530487441153413e-05, 0.9999999971083144]]",nan,nan,False,,disabled_or_unavailable,,null,nan
visual_span,5.96,6.0,0.040000000000000036,6.0,28,0,0.0,False,,disabled_or_unavailable,,null,"[[0.9999999968803917, 7.87350382909745e-05, 6.325374246081804e-06], [-7.873511271473606e-05, 0.9999999968311655, 1.1766519142985782e-05], [-6.3244477887024665e-06, -1.1767017135333079e-05, 0.9999999999107694]]",nan,nan,False,,disabled_or_unavailable,,null,nan
visual_span,6.0,6.04,0.040000000000000036,6.04,28,0,0.0,False,,disabled_or_unavailable,,null,"[[0.9999999928999981, -0.00011678179612569207, 2.3706883606230135e-05], [0.00011678072422722253, 0.9999999921591141, 4.521100107282571e-05], [-2.3712163242257086e-05, -4.520823224479081e-05, 0.9999999986969748]]",nan,nan,False,,disabled_or_unavailable,,null,nan
visual_span,6.04,6.08,0.040000000000000036,6.08,28,0,0.0,False,,disabled_or_unavailable,,null,"[[0.9999999993819727, 3.729447652017103e-06, 3.495920046495239e-05], [-3.7277672156845156e-06, 0.9999999988377642, -4.80684420582563e-05], [-3.495937969305993e-05, 4.8068311708787316e-05, 0.9999999982336396]]",nan,nan,False,,disabled_or_unavailable,,null,nan
visual_span,6.08,6.12,0.040000000000000036,6.12,28,0,0.0,False,,disabled_or_unavailable,,null,"[[0.9999999992320958, 2.099418978729297e-05, 3.309157981478196e-05], [-2.0994839796688325e-05, 0.9999999995866942, 1.964251794520767e-05], [-3.309116742235537e-05, -1.9643212682540926e-05, 0.9999999992595595]]",nan,nan,False,,disabled_or_unavailable,,null,nan
visual_span,6.12,6.16,0.040000000000000036,6.16,28,0,0.0,False,,disabled_or_unavailable,,null,"[[0.9999999994585678, -9.73530612379495e-06, 3.143387283363023e-05], [9.735276317427473e-06, 0.9999999999521626, 9.483773416775006e-07], [-3.143388206487026e-05, -9.480713237262562e-07, 0.9999999995055062]]",nan,nan,False,,disabled_or_unavailable,,null,nan
visual_span,6.16,6.2,0.040000000000000036,6.2,28,0,0.0,False,,disabled_or_unavailable,,null,"[[0.9999999967332618, 7.592054707096586e-05, 2.7740715225024038e-05], [-7.592126061622834e-05, 0.9999999967871757, 2.5721801373791263e-05], [-2.7738762322666043e-05, -2.572390739983515e-05, 0.999999999284421]]",nan,nan,False,,disabled_or_unavailable,,null,nan
visual_span,6.2,6.24,0.040000000000000036,6.24,28,0,0.0,False,,disabled_or_unavailable,,null,"[[0.9999999974487486, 6.715902701807472e-05, 2.4334501353854294e-05], [-6.715871257784723e-05, 0.9999999976613625, -1.2922167627985681e-05], [-2.4335369137149575e-05, 1.2920533321235834e-05, 0.9999999996204249]]",nan,nan,False,,disabled_or_unavailable,,null,nan
visual_span,6.24,6.28,0.040000000000000036,6.28,28,0,0.0,False,,disabled_or_unavailable,,null,"[[0.9999999895378229, 0.00014348367060048556, 1.835186016463187e-05], [-0.00014348269416764907, 0.9999999882914268, -5.319645965040917e-05], [-1.835949277305136e-05, 5.319382591951897e-05, 0.9999999984166732]]",nan,nan,False,,disabled_or_unavailable,,null,nan
visual_span,6.28,6.32,0.040000000000000036,6.32,28,0,0.0,False,,disabled_or_unavailable,,null,"[[0.9999999992803768, -3.693687160227284e-05, 8.655299777893658e-06], [3.6937427224443616e-05, 0.9999999972567954, -6.42030812787349e-05], [-8.652928293180739e-06, 6.420340093703853e-05, 0.9999999979015252]]",nan,nan,False,,disabled_or_unavailable,,null,nan
visual_span,6.32,6.36,0.040000000000000036,6.36,28,0,0.0,False,,disabled_or_unavailable,,null,"[[0.9999999976197399, -6.798611063489524e-05, 1.1764733628298382e-05], [6.798556414823829e-05, 0.9999999966103928, 4.644542335877146e-05], [-1.176789123211151e-05, -4.644462341616649e-05, 0.9999999988522069]]",nan,nan,False,,disabled_or_unavailable,,null,nan
visual_span,6.36,6.4,0.040000000000000036,6.4,28,0,0.0,False,,disabled_or_unavailable,,null,"[[0.9999999979535028, 5.6949344916512974e-05, 2.9150758873752646e-05], [-5.694675221777204e-05, 0.999999994423893, -8.89341419168306e-05], [-2.915582345232777e-05, 8.893248169378456e-05, 0.9999999956204759]]",nan,nan,False,,disabled_or_unavailable,,null,nan
visual_span,6.4,6.44,0.040000000000000036,6.44,28,0,0.0,False,,disabled_or_unavailable,,null,"[[0.9999999994948554, 2.8131873164160406e-05, 1.4794831541062343e-05], [-2.813242641176486e-05, 0.9999999989050613, 3.7395775318564074e-05], [-1.4793779511654771e-05, -3.73961915141834e-05, 0.9999999991913345]]",nan,nan,False,,disabled_or_unavailable,,null,nan
visual_span,6.44,6.48,0.040000000000000036,6.48,28,0,0.0,False,,disabled_or_unavailable,,null,"[[0.999999999139283, -3.866446908326739e-05, 1.5049704404898805e-05], [3.866694241591845e-05, 0.9999999857422578, -0.00016437868620171672], [-1.50433485756934e-05, 0.00016437926798628673, 0.9999999863765772]]",nan,nan,False,,disabled_or_unavailable,,null,nan
visual_span,6.48,6.52,0.03999999999999915,6.52,28,0,0.0,False,,disabled_or_unavailable,,null,"[[0.9999999973096014, 7.163835321149526e-05, 1.5771615646024823e-05], [-7.163787007831973e-05, 0.9999999969648631, -3.0631514779291946e-05], [-1.577380998943097e-05, 3.0630384851928385e-05, 0.9999999994064834]]",nan,nan,False,,disabled_or_unavailable,,null,nan
visual_span,6.52,6.5600000000000005,0.040000000000000924,6.5600000000000005,28,0,0.0,False,,disabled_or_unavailable,,null,"[[0.9999999987973285, -4.55754023305907e-05, 1.811701907012165e-05], [4.5574622594270065e-05, 0.9999999980353869, 4.303696932076792e-05], [-1.8118980461720593e-05, -4.303614359270192e-05, 0.9999999989097967]]",nan,nan,False,,disabled_or_unavailable,,null,nan
visual_span,6.5600000000000005,6.6,0.03999999999999915,6.6,28,0,0.0,False,,disabled_or_unavailable,,null,"[[0.9999999965548027, 8.150987501357234e-05, 1.570144581885568e-05], [-8.151079893190906e-05, 0.9999999949462612, 5.885123294991698e-05], [-1.569664878286253e-05, -5.885251258455594e-05, 0.9999999981449987]]",nan,nan,False,,disabled_or_unavailable,,null,nan
visual_span,6.6,6.64,0.040000000000000036,6.64,28,0,0.0,False,,disabled_or_unavailable,,null,"[[0.9999999999284475, -1.1788056243503883e-05, 2.036420828701797e-06], [1.178814124492848e-05, 0.9999999990591711, -4.174563060422223e-05], [-2.03592872694439e-06, 4.174565460685158e-05, 0.9999999991265778]]",nan,nan,False,,disabled_or_unavailable,,null,nan
visual_span,6.64,6.68,0.040000000000000036,6.68,28,0,0.0,False,,disabled_or_unavailable,,null,"[[0.9999999849231644, -0.00017215239822520627, 2.2742541913073653e-05], [0.00017214989323669392, 0.9999999791210291, 0.00011010157231424512], [-2.276149568795504e-05, -0.00011009765552809951, 0.9999999936802105]]",nan,nan,False,,disabled_or_unavailable,,null,nan
visual_span,6.68,6.72,0.040000000000000036,6.72,28,0,0.0,False,,disabled_or_unavailable,,null,"[[0.9999999997050615, -1.7751460724729543e-05, 1.657596078754526e-05], [1.7751219728553606e-05, 0.9999999997367568, 1.4538930297435214e-05], [-1.6576218870431905e-05, -1.4538636049624974e-05, 0.9999999997569284]]",nan,nan,False,,disabled_or_unavailable,,null,nan
visual_span,6.72,6.76,0.040000000000000036,6.76,28,0,0.0,False,,disabled_or_unavailable,,null,"[[0.999999997646167, -6.639030494972409e-05, 1.7320327772675995e-05], [6.63934434723389e-05, 0.9999999813670977, -0.00018126697260097336], [-1.7308293080359722e-05, 0.00018126812213050406, 0.9999999834211455]]",nan,nan,False,,disabled_or_unavailable,,null,nan
visual_span,6.76,6.8,0.040000000000000036,6.8,28,0,0.0,False,,disabled_or_unavailable,,null,"[[0.9999999896544128, -0.00014156453407104453, 2.5507971419869307e-05], [0.00014156298630441206, 0.999999988139575, 6.066935483242745e-05], [-2.551655974628317e-05, -6.0665743220158596e-05, 0.9999999978342863]]",nan,nan,False,,disabled_or_unavailable,,null,nan
visual_span,6.8,6.84,0.040000000000000036,6.84,28,0,0.0,False,,disabled_or_unavailable,,null,"[[0.9999999989028391, -4.522816538199082e-05, 1.219570506179441e-05], [4.522848400721105e-05, 0.999999998635882, -2.6127008832315422e-05], [-1.2194523368481622e-05, 2.612756039690123e-05, 0.9999999995843223]]",nan,nan,False,,disabled_or_unavailable,,null,nan
visual_span,6.84,6.96,0.1200000000000001,6.96,28,0,0.0,False,,disabled_or_unavailable,,null,"[[0.9999999888056071, -0.00013996706281830975, 5.289619128913437e-05], [0.0001399560663562575, 0.9999999686086322, 0.0002078341511916986], [-5.29252795643462e-05, -0.00020782674572226338, 0.9999999770034791]]",nan,nan,False,,disabled_or_unavailable,,null,nan
visual_span,6.96,7.0,0.040000000000000036,7.0,28,0,0.0,False,,disabled_or_unavailable,,null,"[[0.9999999747066469, -0.00022151123273932586, 3.898050054489631e-05], [0.0002215052325420704, 0.9999999636304612, 0.0001538652280062318], [-3.901458200352486e-05, -0.00015385658972962645, 0.9999999874030061]]",nan,nan,False,,disabled_or_unavailable,,null,nan
visual_span,7.0,7.04,0.040000000000000036,7.04,28,0,0.0,False,,disabled_or_unavailable,,null,"[[0.9999999881347879, -0.00015028387233358373, 3.3840540047323736e-05], [0.0001502787531304725, 0.9999999772734909, 0.00015122603733733759], [-3.386326611273511e-05, -0.00015122095002884499, 0.9999999879927518]]",nan,nan,False,,disabled_or_unavailable,,null,nan
visual_span,7.04,7.08,0.040000000000000036,7.08,28,0,0.0,False,,disabled_or_unavailable,,null,"[[0.9999999953803387, -9.443043616384438e-05, 1.795035754096318e-05], [9.442742242080817e-05, 0.9999999814599592, 0.00016781997282769998], [-1.7966204521393945e-05, -0.0001678182770464344, 0.9999999857571206]]",nan,nan,False,,disabled_or_unavailable,,null,nan
visual_span,7.08,7.12,0.040000000000000036,7.12,28,0,0.0,False,,disabled_or_unavailable,,null,"[[0.9999999837519381, -0.00017974551221256634, 1.3699434593284181e-05], [0.00017974584859196355, 0.9999999835441923, -2.4556979401493158e-05], [-1.3695020361008003e-05, 2.4559441418986036e-05, 0.9999999996046403]]",nan,nan,False,,disabled_or_unavailable,,null,nan
visual_span,7.12,7.16,0.040000000000000036,7.16,28,0,0.0,False,,disabled_or_unavailable,,null,"[[0.9999999996082387, 1.6009933758166567e-07, 2.7991015512390794e-05], [-1.631452899315844e-07, 0.9999999940792035, 0.00010881896130463582], [-2.7990997924818065e-05, -0.0001088189658286071, 0.9999999936874684]]",nan,nan,False,,disabled_or_unavailable,,null,nan
visual_span,7.16,7.2,0.040000000000000036,7.2,28,0,0.0,False,,disabled_or_unavailable,,null,"[[0.9999999983438176, -5.523071077231087e-05, 1.6184367169389693e-05], [5.522910569389251e-05, 0.9999999935586901, 9.915828730999773e-05], [-1.6189843647828264e-05, -9.915739329764853e-05, 0.9999999949528503]]",nan,nan,False,,disabled_or_unavailable,,null,nan
visual_span,7.2,7.24,0.040000000000000036,7.24,28,0,0.0,False,,disabled_or_unavailable,,null,"[[0.9999999965319827, -7.827457933666786e-05, 2.844512370814326e-05], [7.827369769072446e-05, 0.9999999964562872, 3.0994416630689734e-05], [-2.8447549682265465e-05, -3.099219001818665e-05, 0.9999999991151106]]",nan,nan,False,,disabled_or_unavailable,,null,nan
visual_span,7.24,7.28,0.040000000000000036,7.28,28,0,0.0,False,,disabled_or_unavailable,,null,"[[0.9999999967855884, -7.846878305960074e-05, 1.6476461970764834e-05], [7.846660452525843e-05, 0.9999999881857137, 0.00013218004675282207], [-1.6486833783520645e-05, -0.00013217875347591555, 0.9999999911284808]]",nan,nan,False,,disabled_or_unavailable,,null,nan
visual_span,7.28,7.32,0.040000000000000036,7.32,28,0,0.0,False,,disabled_or_unavailable,,null,"[[0.9999999959676287, -8.399606066424331e-05, 3.1771127773354314e-05], [8.398927875203386e-05, 0.9999999737025604, 0.0002134026230497978], [-3.17890519175266e-05, -0.00021339995375517235, 0.9999999767249578]]",nan,nan,False,,disabled_or_unavailable,,null,nan
visual_span,7.32,7.36,0.040000000000000036,7.36,28,0,0.0,False,,disabled_or_unavailable,,null,"[[0.9999999981295536, -5.277233433413906e-05, 3.091882253161124e-05], [5.277264334756148e-05, 0.999999998557588, -9.993615803165456e-06], [-3.091829510057919e-05, 9.995247452467122e-06, 0.9999999994720772]]",nan,nan,False,,disabled_or_unavailable,,null,nan
visual_span,7.36,7.44,0.08000000000000007,7.44,28,0,0.0,False,,disabled_or_unavailable,,null,"[[0.9999999944344097, -8.86028053391348e-05, 5.727760003188401e-05], [8.860848457916315e-05, 0.9999999911581171, -9.915796545728843e-05], [-5.726881385153094e-05, 9.916304018675496e-05, 0.9999999934434871]]",nan,nan,False,,disabled_or_unavailable,,null,nan
visual_span,7.44,7.48,0.040000000000000036,7.48,28,0,0.0,False,,disabled_or_unavailable,,null,"[[0.9999999921169994, -0.00011876133330924397, 4.0764529562161996e-05], [0.0001187632220086391, 0.9999999918742919, -4.633263832028789e-05], [-4.0759026705018677e-05, 4.633747928192215e-05, 0.9999999980957699]]",nan,nan,False,,disabled_or_unavailable,,null,nan
visual_span,7.48,7.52,0.03999999999999915,7.52,28,0,0.0,False,,disabled_or_unavailable,,null,"[[0.9999999972074726, -6.983275673938527e-05, 2.6616560915581673e-05], [6.983058377484685e-05, 0.9999999942299731, 8.163175596728716e-05], [-2.6622261332560067e-05, -8.162989708934141e-05, 0.9999999963139077]]",nan,nan,False,,disabled_or_unavailable,,null,nan
visual_span,7.52,7.5600000000000005,0.040000000000000924,7.5600000000000005,28,0,0.0,False,,disabled_or_unavailable,,null,"[[0.9999999858888781, -0.00016583934687890183, 2.6824528802394823e-05], [0.00016583731529170963, 0.9999999833821822, 7.57206760171542e-05], [-2.6837085824085598e-05, -7.571622644080994e-05, 0.9999999967734122]]",nan,nan,False,,disabled_or_unavailable,,null,nan
visual_span,7.5600000000000005,7.6,0.03999999999999915,7.6,28,0,0.0,False,,disabled_or_unavailable,,null,"[[0.9999999899139275, -0.00013775046541144093, 3.459702532152946e-05], [0.0001377474211514653, 0.9999999866426776, 8.797893172699123e-05], [-3.4609143998197643e-05, -8.79741651886118e-05, 0.9999999955313766]]",nan,nan,False,,disabled_or_unavailable,,null,nan
visual_span,7.6,7.64,0.040000000000000036,7.64,28,0,0.0,False,,disabled_or_unavailable,,null,"[[0.9999999948176593, -9.570522987715539e-05, 3.471585553316227e-05], [9.569919621583588e-05, 0.9999999803243271, 0.0001737613579702915], [-3.4732484720812756e-05, -0.00017375803479033046, 0.9999999843009]]",nan,nan,False,,disabled_or_unavailable,,null,nan
visual_span,7.64,7.68,0.040000000000000036,7.68,28,0,0.0,False,,disabled_or_unavailable,,null,"[[0.9999999997713613, -5.9499730033268025e-06, 2.053960847061379e-05], [5.9451426535122555e-06, 0.9999999723311588, 0.00023516448971696888], [-2.054100712467178e-05, -0.00023516436755229874, 0.9999999721378934]]",nan,nan,False,,disabled_or_unavailable,,null,nan
visual_span,7.68,7.72,0.040000000000000036,7.72,28,0,0.0,False,,disabled_or_unavailable,,null,"[[0.9999999999171675, 2.2272411798244697e-06, 1.2676924847859942e-05], [-2.2298443378262785e-06, 0.9999999789132306, 0.0002053498631307217], [-1.2676467216873116e-05, -0.00020534989138128114, 0.9999999788353644]]",nan,nan,False,,disabled_or_unavailable,,null,nan
visual_span,7.72,7.76,0.040000000000000036,7.76,28,0,0.0,False,,disabled_or_unavailable,,null,"[[0.9999999961695955, -8.194647938514842e-05, 3.07503530717571e-05], [8.194611541952369e-05, 0.9999999965723575, 1.1837217849634598e-05], [-3.0751322984684365e-05, -1.183469793231125e-05, 0.9999999994571482]]",nan,nan,False,,disabled_or_unavailable,,null,nan
visual_span,7.76,7.8,0.040000000000000036,7.8,28,0,0.0,False,,disabled_or_unavailable,,null,"[[0.9999999993567169, -3.008633242584286e-05, 1.9528932471933835e-05], [3.0084395705865314e-05, 0.9999999946306608, 9.916454928540252e-05], [-1.953191586467103e-05, -9.916396170547944e-05, 0.9999999948925067]]",nan,nan,False,,disabled_or_unavailable,,null,nan
visual_span,7.8,7.84,0.040000000000000036,7.84,28,0,0.0,False,,disabled_or_unavailable,,null,"[[0.9999999996105615, -1.6350019745604997e-06, 2.7860444648719043e-05], [1.6371788056973955e-06, 0.9999999969462342, -7.813355169579749e-05], [-2.786031681512846e-05, 7.813359727789876e-05, 0.9999999965594721]]",nan,nan,False,,disabled_or_unavailable,,null,nan
visual_span,7.84,7.88,0.040000000000000036,7.88,28,0,0.0,False,,disabled_or_unavailable,,null,"[[0.9999999860184221, -0.0001636185882988905, 3.452699878139379e-05], [0.00016361611488737628, 0.9999999840496202, 7.162769526385983e-05], [-3.453871785305722e-05, -7.162204508899227e-05, 0.99999999683868]]",nan,nan,False,,disabled_or_unavailable,,null,nan
visual_span,7.88,7.96,0.08000000000000007,7.96,28,0,0.0,False,,disabled_or_unavailable,,null,"[[0.9999999928999193, -9.386648383315815e-05, 7.341147629546682e-05], [9.385440462668284e-05, 0.9999999820610659, 0.00016452725914233227], [-7.342691857385358e-05, -0.00016452036798377497, 0.999999983770768]]",nan,nan,False,,disabled_or_unavailable,,null,nan
visual_span,7.96,8.04,0.07999999999999918,8.04,28,0,0.0,False,,disabled_or_unavailable,,null,"[[0.9999999613504057, -0.00020536282567154907, 0.00018741744007849654], [0.0002053368494638777, 0.9999999693120889, 0.00013860952155932347], [-0.00018744589957005918, -0.0001385710324954414, 0.9999999728310515]]",nan,nan,False,,disabled_or_unavailable,,null,nan
visual_span,8.04,8.08,0.040000000000000924,8.08,28,0,0.0,False,,disabled_or_unavailable,,null,"[[0.999999991018452, -9.113311682315129e-05, 9.827436600885063e-05], [9.113937750203364e-05, 0.9999999938177373, -6.370352689908526e-05], [-9.826855990033373e-05, 6.371248299147142e-05, 0.9999999931420048]]",nan,nan,False,,disabled_or_unavailable,,null,nan
visual_span,8.08,8.12,0.03999999999999915,8.12,28,0,0.0,False,,disabled_or_unavailable,,null,"[[0.9999999920597971, -6.243325348791358e-05, 0.00010946458309220932], [6.242929404879708e-05, 0.9999999973970124, 3.617400434843111e-05], [-0.00010946684126805751, -3.6167170264556375e-05, 0.9999999933544733]]",nan,nan,False,,disabled_or_unavailable,,null,nan
visual_span,8.12,8.16,0.040000000000000924,8.16,28,0,0.0,False,,disabled_or_unavailable,,null,"[[0.9999999912128299, 9.08587891475331e-05, 9.653507635421953e-05], [-9.084153770587666e-05, 0.99999997990781, -0.00017869581706371395], [-9.655131050018255e-05, 0.00017868704609870481, 0.9999999793743919]]",nan,nan,False,,disabled_or_unavailable,,null,nan
visual_span,8.16,8.2,0.03999999999999915,8.2,28,0,0.0,False,,disabled_or_unavailable,,null,"[[0.9999999953140134, -8.552672489947513e-06, 9.643041798807664e-05], [8.555324972356447e-06, 0.9999999995851047, -2.750631929841494e-05], [-9.643018269552772e-05, 2.7507144163083797e-05, 0.9999999949722886]]",nan,nan,False,,disabled_or_unavailable,,null,nan
visual_span,8.2,8.24,0.040000000000000924,8.24,28,0,0.0,False,,disabled_or_unavailable,,null,"[[0.9999999926800196, -6.4563253164782e-05, 0.00010233057815549671], [6.456755205254908e-05, 0.9999999970332192, -4.200705943794921e-05], [-0.0001023278657394911, 4.2013666365389984e-05, 0.99999999388193]]",nan,nan,False,,disabled_or_unavailable,,null,nan
visual_span,8.24,8.28,0.03999999999999915,8.28,28,0,0.0,False,,disabled_or_unavailable,,null,"[[0.9999999861512289, -0.0001454974339985414, 8.079628160269933e-05], [0.00014549573927213368, 0.9999999891953983, 2.0980783638403248e-05], [-8.079933337991034e-05, -2.096902783312295e-05, 0.9999999965158839]]",nan,nan,False,,disabled_or_unavailable,,null,nan
visual_span,8.28,8.32,0.040000000000000924,8.32,28,0,0.0,False,,disabled_or_unavailable,,null,"[[0.9999999906022666, -5.8194935992193466e-05, 0.00012413225350783508], [5.8203142964012805e-05, 0.9999999961207888, -6.611215345132503e-05], [-0.0001241284056337614, 6.611937771731799e-05, 0.9999999901101835]]",nan,nan,False,,disabled_or_unavailable,,null,nan
visual_span,8.32,8.36,0.03999999999999915,8.36,28,0,0.0,False,,disabled_or_unavailable,,null,"[[0.9999999966391977, -8.944173480453767e-06, 8.149605170329355e-05], [8.953376335185554e-06, 0.9999999935839733, -0.00011292426853781543], [-8.149504116616475e-05, 0.00011292499782312002, 0.9999999903032516]]",nan,nan,False,,disabled_or_unavailable,,null,nan
visual_span,8.36,8.4,0.040000000000000924,8.4,28,0,0.0,False,,disabled_or_unavailable,,null,"[[0.9999999827647708, -0.00015690348037199735, 9.925601471887438e-05], [0.0001569082374329065, 0.9999999865416815, -4.792120890770994e-05], [-9.924849437859405e-05, 4.793678216810106e-05, 0.9999999939259008]]",nan,nan,False,,disabled_or_unavailable,,null,nan
visual_span,8.4,8.44,0.03999999999999915,8.44,28,0,0.0,False,,disabled_or_unavailable,,null,"[[0.9999999946774657, -2.0307658351283866e-05, 0.00010115664983570346], [2.0302523996094195e-05, 0.9999999985057548, 5.075724546304562e-05], [-0.00010115768044535034, -5.075519145757778e-05, 0.9999999935955172]]",nan,nan,False,,disabled_or_unavailable,,null,nan
visual_span,8.44,8.48,0.040000000000000924,8.48,28,0,0.0,False,,disabled_or_unavailable,,null,"[[0.9999999935896854, 1.5939518580787046e-06, 0.00011321699955999071], [-1.6052074003253865e-06, 0.9999999950569778, 9.941563439660884e-05], [-0.00011321684053662137, -9.941581549608887e-05, 0.9999999886492216]]",nan,nan,False,,disabled_or_unavailable,,null,nan
visual_span,8.48,8.56,0.08000000000000007,8.56,28,0,0.0,False,,disabled_or_unavailable,,null,"[[0.9999999671357362, -0.0001519199138396163, 0.00020651601892449938], [0.00015187248831053895, 0.9999999620996368, 0.00022964205237880573], [-0.00020655089829827862, -0.0002296106807301187, 0.9999999523078297]]",nan,nan,False,,disabled_or_unavailable,,null,nan
visual_span,8.56,8.6,0.03999999999999915,8.6,28,0,0.0,False,,disabled_or_unavailable,,null,"[[0.9999999925179172, -7.813815697919114e-05, 9.412010549554675e-05], [7.812524206134642e-05, 0.9999999875344813, 0.00013721327960253415], [-9.413082591507202e-05, -0.0001372059254198683, 0.9999999861569608]]",nan,nan,False,,disabled_or_unavailable,,null,nan
visual_span,8.6,8.64,0.040000000000000924,8.64,28,0,0.0,False,,disabled_or_unavailable,,null,"[[0.9999999952988085, -5.252846836222069e-05, 8.150547876490438e-05], [5.2524922364382816e-05, 0.9999999976741027, 4.350778187574712e-05], [-8.150776397247478e-05, -4.3503500602264306e-05, 0.9999999957319649]]",nan,nan,False,,disabled_or_unavailable,,null,nan
visual_span,8.64,8.68,0.03999999999999915,8.68,28,0,0.0,False,,disabled_or_unavailable,,null,"[[0.9999999949604618, -2.288651711898289e-06, 0.00010036851462848616], [2.273031172646305e-06, 0.999999987886803, 0.0001556317042445207], [-0.00010036886959946892, -0.00015563147531944628, 0.9999999828524668]]",nan,nan,False,,disabled_or_unavailable,,null,nan
visual_span,8.68,8.72,0.040000000000000924,8.72,28,0,0.0,False,,disabled_or_unavailable,,null,"[[0.9999999901942394, -0.00010720200724887768, 9.010688682718053e-05], [0.00010718809929634907, 0.9999999823449138, 0.0001543401555472987], [-9.012343081080943e-05, -0.00015433049564794355, 0.9999999840299326]]",nan,nan,False,,disabled_or_unavailable,,null,nan
visual_span,8.72,8.76,0.03999999999999915,8.76,28,0,0.0,False,,disabled_or_unavailable,,null,"[[0.999999993901342, 8.501619701758401e-06, 0.00011011375370513854], [-8.504728323543074e-06, 0.9999999995653526, 2.823056619043787e-05], [-0.00011011351365174013, -2.8231502505829246e-05, 0.9999999935389984]]",nan,nan,False,,disabled_or_unavailable,,null,nan
visual_span,8.76,8.8,0.040000000000000924,8.8,28,0,0.0,False,,disabled_or_unavailable,,null,"[[0.9999999904727717, -7.093501888376193e-05, 0.00011841739760451706], [7.095820265216849e-05, 0.9999999783161201, -0.00019578736728715704], [-0.00011840350685617269, 0.00019579576810754284, 0.9999999738223132]]",nan,nan,False,,disabled_or_unavailable,,null,nan
visual_span,8.8,8.84,0.03999999999999915,8.84,28,0,0.0,False,,disabled_or_unavailable,,null,"[[0.9999999947860375, -7.757319153369918e-06, 0.00010182214367819738], [7.763533718441031e-06, 0.9999999981073332, -6.10332787139254e-05], [-0.00010182167003086002, 6.10340688953459e-05, 0.999999992953595]]",nan,nan,False,,disabled_or_unavailable,,null,nan
visual_span,8.84,8.88,0.040000000000000924,8.88,28,0,0.0,False,,disabled_or_unavailable,,null,"[[0.9999999945576594, -3.318287575347503e-05, 9.891197157971371e-05], [3.3174876498054364e-05, 0.9999999961794918, 8.087301331107294e-05], [-9.89146548009722e-05, -8.086973147849311e-05, 0.9999999918379889]]",nan,nan,False,,disabled_or_unavailable,,null,nan
visual_span,8.88,8.92,0.03999999999999915,8.92,28,0,0.0,False,,disabled_or_unavailable,,null,"[[0.9999999933206658, -4.6935891592418897e-05, 0.00010562050321460759], [4.693642901559411e-05, 0.9999999988855535, -5.085773711671272e-06], [-0.00010562026439157558, 5.0907311269534125e-06, 0.9999999944092223]]",nan,nan,False,,disabled_or_unavailable,,null,nan
visual_span,8.92,9.0,0.08000000000000007,9.0,28,0,0.0,False,,disabled_or_unavailable,,null,"[[0.9999999905407259, -0.00010179114974511647, 9.250464861737762e-05], [0.00010177682139120223, 0.999999982826081, 0.0001548848486026697], [-9.252041293552764e-05, -0.00015487543230847129, 0.9999999837267867]]",nan,nan,False,,disabled_or_unavailable,,null,nan
visual_span,9.0,9.04,0.03999999999999915,9.04,28,0,0.0,False,,disabled_or_unavailable,,null,"[[0.9999999982436317, -1.7296606099109207e-05, 5.668831148605244e-05], [1.7291570454404892e-05, 0.9999999959051455, 8.882967432950643e-05], [-5.668984770580883e-05, -8.882869394355679e-05, 0.9999999944478625]]",nan,nan,False,,disabled_or_unavailable,,null,nan
visual_span,9.04,9.08,0.040000000000000924,9.08,28,0,0.0,False,,disabled_or_unavailable,,null,"[[0.9999999985545212, -1.7459715005064426e-05, 5.085387276555338e-05], [1.7465478010923534e-05, 0.999999993426022, -0.00011332657828205486], [-5.085189378148182e-05, 0.00011332746630544023, 0.9999999922854853]]",nan,nan,False,,disabled_or_unavailable,,null,nan
visual_span,9.08,9.12,0.03999999999999915,9.12,28,0,0.0,False,,disabled_or_unavailable,,null,"[[0.999999975897809, -0.00021304973747940438, 5.304894995418465e-05], [0.0002130434924805097, 0.9999999703796749, 0.00011769927797865375], [-5.307402418313236e-05, -0.00011768797340827259, 0.9999999916663446]]",nan,nan,False,,disabled_or_unavailable,,null,nan
visual_span,9.12,9.16,0.040000000000000924,9.16,28,0,0.0,False,,disabled_or_unavailable,,null,"[[0.9999999980812617, -1.2312453647594944e-05, 6.0711450469641835e-05], [1.2314216444594238e-05, 0.9999999995026537, -2.903537111123766e-05], [-6.0711092942786275e-05, 2.9036118669468127e-05, 0.9999999977355335]]",nan,nan,False,,disabled_or_unavailable,,null,nan
visual_span,9.16,9.2,0.03999999999999915,9.2,28,0,0.0,False,,disabled_or_unavailable,,null,"[[0.9999999982103732, -2.3394828524665684e-05, 5.506301738382303e-05], [2.339640811244346e-05, 0.9999999993148483, -2.868643984642703e-05], [-5.506234623175531e-05, 2.868772807191562e-05, 0.9999999980725762]]",nan,nan,False,,disabled_or_unavailable,,null,nan
visual_span,9.2,9.24,0.040000000000000924,9.24,28,0,0.0,False,,disabled_or_unavailable,,null,"[[0.999999996923698, -3.998740190561066e-05, 6.748045276137343e-05], [3.998035847536779e-05, 0.9999999937536668, 0.00010437546239937128], [-6.74846260434321e-05, -0.00010437276418558937, 0.9999999922760756]]",nan,nan,False,,disabled_or_unavailable,,null,nan
visual_span,9.24,9.28,0.03999999999999915,9.28,28,0,0.0,False,,disabled_or_unavailable,,null,"[[0.9999999967481361, -6.120346199002769e-05, 5.251537123148673e-05], [6.120259233530033e-05, 0.9999999979899806, 1.656145066300429e-05], [-5.2516384744045966e-05, -1.6558236532291888e-05, 0.9999999984839272]]",nan,nan,False,,disabled_or_unavailable,,null,nan
visual_span,9.28,9.32,0.040000000000000924,9.32,28,0,0.0,False,,disabled_or_unavailable,,null,"[[0.9999999964732349, -5.581520498735303e-05, 6.275502818922282e-05], [5.580959660940652e-05, 0.9999999944493626, 8.93675793909497e-05], [-6.276001591065534e-05, -8.936407674296275e-05, 0.9999999940376213]]",nan,nan,False,,disabled_or_unavailable,,null,nan
visual_span,9.32,9.36,0.03999999999999915,9.36,28,0,0.0,False,,disabled_or_unavailable,,null,"[[0.999999996656944, 4.9562795920815106e-05, 6.503569464627388e-05], [-4.955866091712462e-05, 0.9999999967507235, -6.358059750303784e-05], [-6.503884566713348e-05, 6.357737420854584e-05, 0.9999999958639331]]",nan,nan,False,,disabled_or_unavailable,,null,nan
visual_span,9.36,9.4,0.040000000000000924,9.4,28,0,0.0,False,,disabled_or_unavailable,,null,"[[0.9999999976178167, 2.899316862912283e-05, 6.263994653991903e-05], [-2.9000274247851662e-05, 0.9999999931454054, 0.00011343797007793609], [-6.263665718435219e-05, -0.00011343978638333457, 0.999999991604032]]",nan,nan,False,,disabled_or_unavailable,,null,nan
visual_span,9.4,9.44,0.03999999999999915,9.44,28,0,0.0,False,,disabled_or_unavailable,,null,"[[0.9999999977409042, 1.6465155278273233e-05, 6.516970876524182e-05], [-1.6477120400608918e-05, 0.9999999830091911, 0.00018360316618417198], [-6.516668460331492e-05, -0.00018360423957853258, 0.9999999810213933]]",nan,nan,False,,disabled_or_unavailable,,null,nan
visual_span,9.44,9.48,0.040000000000000924,9.48,28,0,0.0,False,,disabled_or_unavailable,,null,"[[0.9999999957296072, -6.100727012966346e-05, 6.941828557195935e-05], [6.100011908899505e-05, 0.9999999928338343, 0.00010301124431055011], [-6.942456950930447e-05, -0.00010300700934696481, 0.9999999922848924]]",nan,nan,False,,disabled_or_unavailable,,null,nan
visual_span,9.48,9.52,0.03999999999999915,9.52,28,0,0.0,False,,disabled_or_unavailable,,null,"[[0.9999999987399313, 3.3942919507257256e-05, 3.698669502720925e-05], [-3.39365180893645e-05, 0.9999999844492026, -0.00017306041566883133], [-3.699256862779558e-05, 0.00017305916025111846, 0.9999999843410383]]",nan,nan,False,,disabled_or_unavailable,,null,nan
visual_span,9.52,9.56,0.040000000000000924,9.56,28,0,0.0,False,,disabled_or_unavailable,,null,"[[0.9999999982858638, -2.640165460773289e-05, 5.226112774868619e-05], [2.6399948989819987e-05, 0.9999999991189388, 3.2636875207554023e-05], [-5.226198937014762e-05, -3.2635495460503254e-05, 0.9999999981018047]]",nan,nan,False,,disabled_or_unavailable,,null,nan
visual_span,9.56,9.6,0.03999999999999915,9.6,28,0,0.0,False,,disabled_or_unavailable,,null,"[[0.9999999944821967, 8.381969769657095e-05, 6.332349437830634e-05], [-8.382346855753863e-05, 0.99999999471378, 5.954885422310728e-05], [-6.331850267660526e-05, -5.955416188946839e-05, 0.9999999962220345]]",nan,nan,False,,disabled_or_unavailable,,null,nan
visual_span,9.6,9.64,0.040000000000000924,9.64,28,0,0.0,False,,disabled_or_unavailable,,null,"[[0.9999999986766931, -3.759847862346395e-06, 5.130767381955666e-05], [3.7577852242672063e-06, 0.9999999991848635, 4.020139354507944e-05], [-5.1307824928857485e-05, -4.020120068866208e-05, 0.9999999978756853]]",nan,nan,False,,disabled_or_unavailable,,null,nan
visual_span,9.64,9.68,0.03999999999999915,9.68,28,0,0.0,False,,disabled_or_unavailable,,null,"[[0.9999999962315052, 7.154858174865298e-05, 4.917102949200955e-05], [-7.155376716509717e-05, 0.9999999918787994, 0.00010546307262947594], [-4.916348335940826e-05, -0.00010546659060443443, 0.9999999932298751]]",nan,nan,False,,disabled_or_unavailable,,null,nan
visual_span,9.68,9.72,0.040000000000000924,9.72,28,0,0.0,False,,disabled_or_unavailable,,null,"[[0.9999999944814716, -8.65248079171866e-05, 5.958619328254277e-05], [8.652432638929209e-05, 0.9999999962240972, 8.083729563265407e-06], [-5.95868925006988e-05, -8.078573863419242e-06, 0.9999999981920695]]",nan,nan,False,,disabled_or_unavailable,,null,nan
visual_span,9.72,9.76,0.03999999999999915,9.76,28,0,0.0,False,,disabled_or_unavailable,,null,"[[0.999999993443111, -9.155763350867914e-05, 6.878210468167639e-05], [9.155826788976242e-05, 0.9999999957660379, -9.219962086909735e-06], [-6.878126023254584e-05, 9.226259596821932e-06, 0.9999999975920072]]",nan,nan,False,,disabled_or_unavailable,,null,nan
visual_span,9.76,9.8,0.040000000000000924,9.8,28,0,0.0,False,,disabled_or_unavailable,,null,"[[0.9999999968250727, -5.9899631510794846e-05, 5.2553676606686494e-05], [5.9899010372811256e-05, 0.999999998136191, 1.1820610035826638e-05], [-5.255438455892185e-05, -1.1817462085076866e-05, 0.9999999985491922]]",nan,nan,False,,disabled_or_unavailable,,null,nan
visual_span,9.8,9.84,0.03999999999999915,9.84,28,0,0.0,False,,disabled_or_unavailable,,null,"[[0.9999999923767487, 0.00011112320169367264, 5.383434755530468e-05], [-0.00011111680935621358, 0.9999999867782022, -0.00011872931635966152], [-5.38475404252866e-05, 0.00011872333355362397, 0.9999999915026064]]",nan,nan,False,,disabled_or_unavailable,,null,nan
visual_span,9.84,9.88,0.040000000000000924,9.88,28,0,0.0,False,,disabled_or_unavailable,,null,"[[0.999999998052202, -3.588427491237267e-05, 5.106774686792271e-05], [3.588377942377703e-05, 0.9999999993090986, 9.70345722876591e-06], [-5.106809503416673e-05, -9.701624706101257e-06, 0.9999999986489639]]",nan,nan,False,,disabled_or_unavailable,,null,nan
visual_span,9.88,9.92,0.03999999999999915,9.92,28,0,0.0,False,,disabled_or_unavailable,,null,"[[0.9999999978634838, 3.567054788768674e-06, 6.5271043386482e-05], [-3.5702181923230788e-06, 0.99999999881917, 4.846559782920016e-05], [-6.527087042996513e-05, -4.846583075751914e-05, 0.9999999966953886]]",nan,nan,False,,disabled_or_unavailable,,null,nan
visual_span,9.92,9.96,0.040000000000000924,9.96,28,0,0.0,False,,disabled_or_unavailable,,null,"[[0.9999999974246494, 5.359842887400091e-05, 4.772745227094944e-05], [-5.3600506840575005e-05, 0.9999999976157156, 4.353796880057161e-05], [-4.772511859042954e-05, -4.3540526904078006e-05, 0.9999999979132679]]",nan,nan,False,,disabled_or_unavailable,,null,nan
visual_span,9.96,10.0,0.03999999999999915,10.0,28,0,0.0,False,,disabled_or_unavailable,,null,"[[0.9999999957435283, 6.141279245831095e-05, -6.885791328255487e-05], [-6.142021070975621e-05, 0.9999999923102777, -0.00010773579833502105], [6.885129639683315e-05, 0.00010774002714398953, 0.9999999918257927]]",nan,nan,False,,disabled_or_unavailable,,null,nan
visual_span,10.0,10.04,0.03999999999999915,10.04,28,0,0.0,False,,disabled_or_unavailable,,null,"[[0.9999999965596413, -3.0070810615875383e-05, -7.730759204713915e-05], [3.0073201594673736e-05, 0.9999999990695572, 3.0927147665764304e-05], [7.73066619708085e-05, -3.092947244616426e-05, 0.9999999965335239]]",nan,nan,False,,disabled_or_unavailable,,null,nan
visual_span,10.04,10.08,0.040000000000000924,10.08,28,0,0.0,False,,disabled_or_unavailable,,null,"[[0.9999999941465371, -8.226188297437718e-05, -7.028448460698145e-05], [8.226439390170091e-05, 0.9999999959782165, 3.57230567409706e-05], [7.028154567839934e-05, -3.572883844239389e-05, 0.9999999968919774]]",nan,nan,False,,disabled_or_unavailable,,null,nan
visual_span,10.08,10.12,0.03999999999999915,10.12,28,0,0.0,False,,disabled_or_unavailable,,null,"[[0.9999999945762488, -5.301077563004809e-05, -8.965132613953134e-05], [5.3003431139843635e-05, 0.9999999952396113, -8.19232201712911e-05], [8.965566852619955e-05, 8.191846789906831e-05, 0.9999999926256129]]",nan,nan,False,,disabled_or_unavailable,,null,nan
visual_span,10.12,10.16,0.040000000000000924,10.16,28,0,0.0,False,,disabled_or_unavailable,,null,"[[0.9999999963153869, 6.288063715263001e-05, -5.844015943125973e-05], [-6.288338167043351e-05, 0.9999999969201153, -4.6962222457908765e-05], [5.84372062368005e-05, 4.696589719972153e-05, 0.999999997189649]]",nan,nan,False,,disabled_or_unavailable,,null,nan
visual_span,10.16,10.2,0.03999999999999915,10.2,28,0,0.0,False,,disabled_or_unavailable,,null,"[[0.999999997234257, -4.244991865888717e-05, -6.106955572246815e-05], [4.243880076356331e-05, 0.999999982529689, -0.0001820427699836499], [6.107728235634226e-05, 0.00018204017776145834, 0.9999999815654697]]",nan,nan,False,,disabled_or_unavailable,,null,nan
visual_span,10.2,10.24,0.040000000000000924,10.24,28,0,0.0,False,,disabled_or_unavailable,,null,"[[0.9999999965332704, -4.831640924186394e-05, -6.781580983308919e-05], [4.830844319291028e-05, 0.9999999919344068, -0.00011746267935261772], [6.78214846610007e-05, 0.00011745940286920946, 0.9999999908017676]]",nan,nan,False,,disabled_or_unavailable,,null,nan
visual_span,10.24,10.28,0.03999999999999915,10.28,28,0,0.0,False,,disabled_or_unavailable,,null,"[[0.9999999972230602, 1.8554064831401297e-05, -7.217774201049257e-05], [-1.8565552770984943e-05, 0.9999999871610087, -0.0001591643895153814], [7.217478793740123e-05, 0.00015916572909306965, 0.9999999847285354]]",nan,nan,False,,disabled_or_unavailable,,null,nan
visual_span,10.28,10.32,0.040000000000000924,10.32,28,0,0.0,False,,disabled_or_unavailable,,null,"[[0.9999999967787832, 4.094126350945431e-05, -6.903800745256195e-05], [-4.0947790933037644e-05, 0.9999999946918353, -9.454949882603733e-05], [6.90341361101507e-05, 9.455232547536848e-05, 0.9999999931470728]]",nan,nan,False,,disabled_or_unavailable,,null,nan
visual_span,10.32,10.36,0.03999999999999915,10.36,28,0,0.0,False,,disabled_or_unavailable,,null,"[[0.9999999951405172, 6.706315857254804e-05, -7.225993723084484e-05], [-6.707760157254012e-05, 0.9999999777719433, -0.00019989174177076195], [7.224653025307113e-05, 0.00019989658782267066, 0.9999999774108963]]",nan,nan,False,,disabled_or_unavailable,,null,nan
visual_span,10.36,10.4,0.040000000000000924,10.4,28,0,0.0,False,,disabled_or_unavailable,,null,"[[0.9999999971725594, 2.125480529700084e-05, -7.21326195385689e-05], [-2.1268666665394405e-05, 0.9999999813092206, -0.00019216972314641095], [7.212853366030457e-05, 0.0001921712567677031, 0.9999999789338413]]",nan,nan,False,,disabled_or_unavailable,,null,nan
visual_span,10.4,10.48,0.08000000000000007,10.48,28,0,0.0,False,,disabled_or_unavailable,,null,"[[0.9999999856060867, 6.08471292614266e-05, -0.0001583838802756296], [-6.0919892237169616e-05, 0.9999998925996629, -0.00045944469691565115], [0.00015835590737428576, 0.0004594543390313625, 0.9999998819125516]]",nan,nan,False,,disabled_or_unavailable,,null,nan
visual_span,10.48,10.52,0.03999999999999915,10.52,28,0,0.0,False,,disabled_or_unavailable,,null,"[[0.9999999954953318, -2.3239785884692184e-05, -9.202852368667308e-05], [2.323979775348508e-05, 0.999999999729948, 1.2789927295381242e-07], [9.202852068946884e-05, -1.3003799665569871e-07, 0.9999999957653675]]",nan,nan,False,,disabled_or_unavailable,,null,nan
visual_span,10.52,10.56,0.040000000000000924,10.56,28,0,0.0,False,,disabled_or_unavailable,,null,"[[0.9999999951034787, 6.192369183781764e-05, -7.719131606896978e-05], [-6.192988579466018e-05, 0.9999999948629699, -8.024182020500088e-05], [7.718634680268877e-05, 8.024660026148356e-05, 0.9999999938013756]]",nan,nan,False,,disabled_or_unavailable,,null,nan
visual_span,10.56,10.64,0.08000000000000007,10.64,28,0,0.0,False,,disabled_or_unavailable,,null,"[[0.9999999892767739, -1.5285437893060303e-05, -0.00014564617414975352], [1.5244997608785004e-05, 0.9999999613367523, -0.00027765821520724386], [0.0001456504126460034, 0.00027765599185427533, 0.9999999508465528]]",nan,nan,False,,disabled_or_unavailable,,null,nan
visual_span,10.64,10.68,0.03999999999999915,10.68,28,0,0.0,False,,disabled_or_unavailable,,null,"[[0.9999999962216554, 2.297819343746415e-05, -8.383729498088114e-05], [-2.2995833125528126e-05, 0.9999999775996358, -0.00021040893437367154], [8.38324582857002e-05, 0.00021041086148711915, 0.9999999743496939]]",nan,nan,False,,disabled_or_unavailable,,null,nan
visual_span,10.68,10.72,0.040000000000000924,10.72,28,0,0.0,False,,disabled_or_unavailable,,null,"[[0.9999999952886588, 6.299312640276034e-05, -7.38549158230493e-05], [-6.30039205523711e-05, 0.9999999873338482, -0.0001461602188288267], [7.384570779845199e-05, 0.00014616487128946495, 0.9999999865913209]]",nan,nan,False,,disabled_or_unavailable,,null,nan
visual_span,10.72,10.76,0.03999999999999915,10.76,28,0,0.0,False,,disabled_or_unavailable,,null,"[[0.9999999960004128, -1.5686939036051356e-05, -8.805166063934142e-05], [1.567183622410375e-05, 0.9999999851676006, -0.0001715202398668682], [8.805434996087024e-05, 0.00017151885924965318, 0.9999999814138564]]",nan,nan,False,,disabled_or_unavailable,,null,nan
visual_span,10.76,10.8,0.040000000000000924,10.8,28,0,0.0,False,,disabled_or_unavailable,,null,"[[0.9999999933167887, 6.707260029993929e-05, -9.416840676679055e-05], [-6.708605413227297e-05, 0.9999999875432368, -0.00014287402699950468], [9.415882266125084e-05, 0.00014288034343148127, 0.9999999853596617]]",nan,nan,False,,disabled_or_unavailable,,null,nan
visual_span,10.8,10.88,0.08000000000000007,10.88,28,0,0.0,False,,disabled_or_unavailable,,null,"[[0.9999999815517212, 0.00011939047293771508, -0.0001504741577824969], [-0.00011942837692491397, 0.9999999611383054, -0.0002519131804797664], [0.0001504440759010594, 0.0002519311467168349, 0.9999999569486377]]",nan,nan,False,,disabled_or_unavailable,,null,nan
visual_span,10.88,10.92,0.03999999999999915,10.92,28,0,0.0,False,,disabled_or_unavailable,,null,"[[0.9999999944689242, -6.57260886541866e-05, -8.21111012409994e-05], [6.570914089386623e-05, 0.9999999765435629, -0.0002063860039218641], [8.212466425975628e-05, 0.0002063806073304071, 0.999999975331292]]",nan,nan,False,,disabled_or_unavailable,,null,nan
visual_span,10.92,10.96,0.040000000000000924,10.96,28,0,0.0,False,,disabled_or_unavailable,,null,"[[0.999999993024179, 6.973655543430571e-05, -9.533338998613165e-05], [-6.975541577240255e-05, 0.9999999779954545, -0.00019784658889709505], [9.53195907487496e-05, 0.00019785323753720806, 0.9999999758841359]]",nan,nan,False,,disabled_or_unavailable,,null,nan
visual_span,10.96,11.0,0.03999999999999915,11.0,28,0,0.0,False,,disabled_or_unavailable,,null,"[[0.9999999767269818, 0.00019895571740463457, -8.344254594179725e-05], [-0.00019896401718570668, 0.9999999752594683, -9.947051297952482e-05], [8.342275365011385e-05, 9.948711272869055e-05, 0.9999999915714793]]",nan,nan,False,,disabled_or_unavailable,,null,nan
visual_span,11.0,11.04,0.03999999999999915,11.04,28,0,0.0,False,,disabled_or_unavailable,,null,"[[0.9999999967748469, 5.9020489444406046e-05, -5.446915119678886e-05], [-5.9026261052958934e-05, 0.9999999926436038, -0.00010596552792613433], [5.4462896658769764e-05, 0.00010596874269471713, 0.9999999929022094]]",nan,nan,False,,disabled_or_unavailable,,null,nan
visual_span,11.04,11.08,0.040000000000000924,11.08,28,0,0.0,False,,disabled_or_unavailable,,null,"[[0.9999999970214721, 2.8560909308510386e-05, -7.170307238083997e-05], [-2.8551631979041895e-05, 0.9999999912224127, 0.00012938307252957995], [7.170676704966053e-05, -0.00012938102490447445, 0.9999999890593452]]",nan,nan,False,,disabled_or_unavailable,,null,nan
visual_span,11.08,11.12,0.03999999999999915,11.12,28,0,0.0,False,,disabled_or_unavailable,,null,"[[0.9999999889644711, 0.00012295807510675718, -8.338087073072215e-05], [-0.00012297092909294475, 0.999999980554527, -0.00015417229399995408], [8.336191238083666e-05, 0.00015418254572172358, 0.999999984639267]]",nan,nan,False,,disabled_or_unavailable,,null,nan
visual_span,11.12,11.16,0.040000000000000924,11.16,28,0,0.0,False,,disabled_or_unavailable,,null,"[[0.9999999918274048, 0.00011512848059972127, -5.5593373881859284e-05], [-0.00011512780463860805, 0.9999999932988364, 1.2162070120306039e-05], [5.5594773709972884e-05, -1.2155669677822891e-05, 0.9999999983807305]]",nan,nan,False,,disabled_or_unavailable,,null,nan
visual_span,11.16,11.2,0.03999999999999915,11.2,28,0,0.0,False,,disabled_or_unavailable,,null,"[[0.9999999948138126, 6.064906232847648e-05, -8.181727271952538e-05], [-6.064877763159432e-05, 0.9999999981548003, 3.48214379411566e-06], [8.181748375731218e-05, -3.47718165847702e-06, 0.9999999966469043]]",nan,nan,False,,disabled_or_unavailable,,null,nan
visual_span,11.2,11.28,0.08000000000000007,11.28,28,0,0.0,False,,disabled_or_unavailable,,null,"[[0.9999999824215381, 0.00011379010787134061, -0.00014902595410255307], [-0.00011383170596865777, 0.9999999545575501, -0.00027915451025060267], [0.00014899418230861442, 0.0002791714692220848, 0.999999949932011]]",nan,nan,False,,disabled_or_unavailable,,null,nan
visual_span,11.28,11.32,0.040000000000000924,11.32,28,0,0.0,False,,disabled_or_unavailable,,null,"[[0.999999993186414, 7.194923118118444e-05, -9.192649541108978e-05], [-7.19545414788145e-05, 0.9999999957428873, -5.7764778629264164e-05], [9.19223388883366e-05, 5.777139276450593e-05, 0.9999999941063751]]",nan,nan,False,,disabled_or_unavailable,,null,nan
visual_span,11.32,11.36,0.03999999999999915,11.36,28,0,0.0,False,,disabled_or_unavailable,,null,"[[0.999999993333611, -7.672255924305966e-05, -8.629268086661677e-05], [7.672151056225592e-05, 0.9999999969830226, -1.215584889019766e-05], [8.629361323411034e-05, 1.2149228304335488e-05, 0.9999999962029043]]",nan,nan,False,,disabled_or_unavailable,,null,nan
visual_span,11.36,11.44,0.08000000000000007,11.44,28,0,0.0,False,,disabled_or_unavailable,,null,"[[0.9999999788089419, 0.00012941036166500298, -0.0001601095690609218], [-0.00012944823434881496, 0.9999999636425512, -0.00023655454149092728], [0.0001600789506309785, 0.00023657526237910351, 0.9999999592034367]]",nan,nan,False,,disabled_or_unavailable,,null,nan
visual_span,11.44,11.48,0.040000000000000924,11.48,28,0,0.0,False,,disabled_or_unavailable,,null,"[[0.9999999908967183, 0.00010550254358241397, -8.411763729882213e-05], [-0.0001055183624038215, 0.9999999767470817, -0.00018807368578334052], [8.409779309061052e-05, 0.00018808256002658978, 0.9999999787762558]]",nan,nan,False,,disabled_or_unavailable,,null,nan
visual_span,11.48,11.52,0.03999999999999915,11.52,28,0,0.0,False,,disabled_or_unavailable,,null,"[[0.9999999953961531, 3.0405958409221944e-05, -9.101193007250451e-05], [-3.0413468452120405e-05, 0.9999999961329927, -8.251687941994146e-05], [9.100942071575703e-05, 8.25196470285104e-05, 0.9999999924538966]]",nan,nan,False,,disabled_or_unavailable,,null,nan
visual_span,11.52,11.56,0.040000000000000924,11.56,28,0,0.0,False,,disabled_or_unavailable,,null,"[[0.9999999962569159, 1.1619217276278217e-05, -8.573891844567589e-05], [-1.1629740139583226e-05, 0.999999992400804, -0.00012273198987564136], [8.57374917444719e-05, 0.00012273298653758656, 0.9999999887928483]]",nan,nan,False,,disabled_or_unavailable,,null,nan
visual_span,11.56,11.64,0.08000000000000007,11.64,28,0,0.0,False,,disabled_or_unavailable,,null,"[[0.9999999860901514, -7.194564723755095e-05, -0.00015047764248945117], [7.19401133996605e-05, 0.999999996735917, -3.678023949871862e-05], [0.00015048028817641593, 3.6769413608446246e-05, 0.9999999880018464]]",nan,nan,False,,disabled_or_unavailable,,null,nan
visual_span,11.64,11.68,0.03999999999999915,11.68,28,0,0.0,False,,disabled_or_unavailable,,null,"[[0.9999999970632406, 6.043281314260288e-06, -7.640024994254972e-05], [-6.0515444124667585e-06, 0.9999999941328713, -0.0001081556133319248], [7.63995958795025e-05, 0.0001081560753538034, 0.9999999912326828]]",nan,nan,False,,disabled_or_unavailable,,null,nan
visual_span,11.68,11.72,0.040000000000000924,11.72,28,0,0.0,False,,disabled_or_unavailable,,null,"[[0.999999995508166, 1.5189671258735564e-05, -9.35571595227761e-05], [-1.5194503409975446e-05, 0.9999999985507699, -5.1648692913206804e-05], [9.355637486052394e-05, 5.165011423578884e-05, 0.9999999942897353]]",nan,nan,False,,disabled_or_unavailable,,null,nan
visual_span,11.72,11.76,0.03999999999999915,11.76,28,0,0.0,False,,disabled_or_unavailable,,null,"[[0.9999999944727549, -2.1206495706785935e-05, -0.00010297948773513791], [2.120814906341459e-05, 0.9999999996462396, 1.6054138007462662e-05], [0.00010297914724669912, -1.6056321923053864e-05, 0.999999994568745]]",nan,nan,False,,disabled_or_unavailable,,null,nan
visual_span,11.76,11.8,0.040000000000000924,11.8,28,0,0.0,False,,disabled_or_unavailable,,null,"[[0.9999999964582603, -1.2890673577599144e-05, -8.317036880995127e-05], [1.2873698030929492e-05, 0.9999999790881143, -0.00020410301095860137], [8.317299809599249e-05, 0.0002041019395255084, 0.9999999757123252]]",nan,nan,False,,disabled_or_unavailable,,null,nan
visual_span,11.8,11.84,0.03999999999999915,11.84,28,0,0.0,False,,disabled_or_unavailable,,null,"[[0.9999999876514294, 0.00013198748962563653, -8.530207588311041e-05], [-0.00013198847854761387, 0.9999999912223841, -1.1587650518098159e-05], [8.5300545709459e-05, 1.1598909266219999e-05, 0.9999999962946413]]",nan,nan,False,,disabled_or_unavailable,,null,nan
visual_span,11.84,11.88,0.040000000000000924,11.88,28,0,0.0,False,,disabled_or_unavailable,,null,"[[0.9999999943058627, 8.07663465065859e-05, -6.975006965340364e-05], [-8.077381032636373e-05, 0.9999999910120252, -0.00010701187545265921], [6.974142606827862e-05, 0.00010701750882221531, 0.9999999918416933]]",nan,nan,False,,disabled_or_unavailable,,null,nan
visual_span,11.88,11.92,0.03999999999999915,11.92,28,0,0.0,False,,disabled_or_unavailable,,null,"[[0.9999999940770645, 8.339241899811567e-05, -6.993979840301886e-05], [-8.340572773966041e-05, 0.9999999784133256, -0.0001903072071541676], [6.992392671489384e-05, 0.00019031303940677407, 0.9999999794457956]]",nan,nan,False,,disabled_or_unavailable,,null,nan
visual_span,11.92,11.96,0.040000000000000924,11.96,28,0,0.0,False,,disabled_or_unavailable,,null,"[[0.9999999853667678, 0.00014900213909975954, -8.405252540580225e-05], [-0.00014901309001789375, 0.9999999804091051, -0.00013029539116729606], [8.403310946713926e-05, 0.00013030791418718786, 0.9999999879791421]]",nan,nan,False,,disabled_or_unavailable,,null,nan
visual_span,11.96,12.0,0.03999999999999915,12.0,28,0,0.0,False,,disabled_or_unavailable,,null,"[[0.9999999937658011, 6.28830279811717e-05, -9.227200693043709e-05], [-6.287912869077346e-05, 0.9999999971301143, 4.22609419895571e-05], [9.227466416162459e-05, -4.2255139742695634e-05, 0.9999999948499451]]",nan,nan,False,,disabled_or_unavailable,,null,nan
visual_span,12.0,12.04,0.03999999999999915,12.04,28,0,0.0,False,,disabled_or_unavailable,,null,"[[0.9999999860946764, -0.00014102542126099682, -8.900830010133068e-05], [0.0001410148681634288, 0.9999999830293783, -0.00011855821450682547], [8.902501831294926e-05, 0.00011854566136453089, 0.9999999890107362]]",nan,nan,False,,disabled_or_unavailable,,null,nan
visual_span,12.04,12.08,0.040000000000000924,12.08,28,0,0.0,False,,disabled_or_unavailable,,null,"[[0.9999999946645513, 5.83941983735252e-05, -8.521158960623788e-05], [-5.84037583860558e-05, 0.999999992000834, -0.00011219328344186931], [8.520503748776675e-05, 0.00011219825952035887, 0.9999999900758261]]",nan,nan,False,,disabled_or_unavailable,,null,nan
visual_span,12.08,12.12,0.03999999999999915,12.12,28,0,0.0,False,,disabled_or_unavailable,,null,"[[0.9999999930724034, 6.289726154253378e-05, -9.949435899889259e-05], [-6.290085746461073e-05, 0.9999999973687183, -3.613925313730179e-05], [9.949208567703837e-05, 3.6145511167437555e-05, 0.9999999943974134]]",nan,nan,False,,disabled_or_unavailable,,null,nan
visual_span,12.12,12.16,0.040000000000000924,12.16,28,0,0.0,False,,disabled_or_unavailable,,null,"[[0.9999999971415238, -7.225242326871443e-06, -7.526452582451575e-05], [7.217480484563906e-06, 0.9999999946563384, -0.00010312726007707216], [7.526527054177215e-05, 0.000103126716562039, 0.99999999185001]]",nan,nan,False,,disabled_or_unavailable,,null,nan
visual_span,12.16,12.24,0.08000000000000007,12.24,28,0,0.0,False,,disabled_or_unavailable,,null,"[[0.999999976562501, -0.00011340951976366677, -0.00018442689286412683], [0.00011339538197026654, 0.9999999906318576, -7.666663168408709e-05], [0.00018443558586227058, 7.664571672925106e-05, 0.9999999800544743]]",nan,nan,False,,disabled_or_unavailable,,null,nan
visual_span,12.24,12.28,0.03999999999999915,12.28,28,0,0.0,False,,disabled_or_unavailable,,null,"[[0.9999999946820354, -6.040211143917591e-05, -8.359135193087036e-05], [6.0403778544676865e-05, 0.9999999979768673, 1.9941135521645e-05], [8.359014727506396e-05, -1.994618464910903e-05, 0.9999999963074184]]",nan,nan,False,,disabled_or_unavailable,,null,nan
visual_span,12.28,12.32,0.040000000000000924,12.32,28,0,0.0,False,,disabled_or_unavailable,,null,"[[0.9999999967132677, 8.531990507828493e-06, -8.062673137828063e-05], [-8.5328567415647e-06, 0.9999999999058847, -1.0743415727918032e-05], [8.06266397079714e-05, 1.074410366895569e-05, 0.9999999966919546]]",nan,nan,False,,disabled_or_unavailable,,null,nan
visual_span,12.32,12.36,0.03999999999999915,12.36,28,0,0.0,False,,disabled_or_unavailable,,null,"[[0.9999999970466221, 5.0824338079581596e-05, -5.765104246647627e-05], [-5.0834244399734725e-05, 0.9999999839427586, -0.0001718440065472988], [5.764230768287384e-05, 0.00017184693668696112, 0.9999999835729974]]",nan,nan,False,,disabled_or_unavailable,,null,nan
visual_span,12.36,12.4,0.040000000000000924,12.4,28,0,0.0,False,,disabled_or_unavailable,,null,"[[0.9999999943208966, 6.87395589635093e-05, -8.144372223145263e-05], [-6.875320002581819e-05, 0.9999999836084248, -0.00016749969461392193], [8.143220704132744e-05, 0.00016750529317919926, 0.9999999826553861]]",nan,nan,False,,disabled_or_unavailable,,null,nan
visual_span,12.4,12.44,0.03999999999999915,12.44,28,0,0.0,False,,disabled_or_unavailable,,null,"[[0.999999997135203, 2.1546283183062737e-05, -7.256274091204439e-05], [-2.1561846069834387e-05, 0.9999999767665041, -0.0002144809498814685], [7.255811795887473e-05, 0.0002144825138536741, 0.999999974366285]]",nan,nan,False,,disabled_or_unavailable,,null,nan
visual_span,12.44,12.48,0.040000000000000924,12.48,28,0,0.0,False,,disabled_or_unavailable,,null,"[[0.9999999948485357, -2.4812240099966017e-05, -9.842398849488378e-05], [2.4816450950670395e-05, 0.9999999987769318, 4.278177784472392e-05], [9.842292686276072e-05, -4.278422015841797e-05, 0.9999999942412192]]",nan,nan,False,,disabled_or_unavailable,,null,nan
visual_span,12.48,12.52,0.03999999999999915,12.52,28,0,0.0,False,,disabled_or_unavailable,,null,"[[0.9999999959090011, 3.790023342694772e-05, -8.213142216431749e-05], [-3.791138703705759e-05, 0.9999999900599076, -0.00013580468293768235], [8.212627431873973e-05, 0.0001358077960982391, 0.9999999874057589]]",nan,nan,False,,disabled_or_unavailable,,null,nan
visual_span,12.52,12.56,0.040000000000000924,12.56,28,0,0.0,False,,disabled_or_unavailable,,null,"[[0.9999999956929587, 2.3441543334858338e-05, -8.980298774462918e-05], [-2.345718333025429e-05, 0.9999999845587016, -0.00017416187061879102], [8.979890373491706e-05, 0.0001741639763938158, 0.999999980801533]]",nan,nan,False,,disabled_or_unavailable,,null,nan
visual_span,12.56,12.6,0.03999999999999915,12.6,28,0,0.0,False,,disabled_or_unavailable,,null,"[[0.999999994299382, 7.869753005833092e-05, -7.216602316303934e-05], [-7.869547681776792e-05, 0.9999999964986954, 2.8454022292250052e-05], [7.216826217163872e-05, -2.844834299044168e-05, 0.999999996991217]]",nan,nan,False,,disabled_or_unavailable,,null,nan
visual_span,12.6,12.64,0.040000000000000924,12.64,28,0,0.0,False,,disabled_or_unavailable,,null,"[[0.9999999929937767, 7.000104837548978e-05, -9.545836728873123e-05], [-7.000650889001546e-05, 0.9999999959135697, -5.720095842775304e-05], [9.545436277158921e-05, 5.720764073402858e-05, 0.9999999938078754]]",nan,nan,False,,disabled_or_unavailable,,null,nan
visual_span,12.64,12.68,0.03999999999999915,12.68,28,0,0.0,False,,disabled_or_unavailable,,null,"[[0.999999995968215, 2.3144702978196183e-05, -8.676343056046896e-05], [-2.314446624986493e-05, 0.999999999728442, 2.7294374842825766e-06], [8.676349370892751e-05, -2.7274293799877424e-06, 0.9999999962323287]]",nan,nan,False,,disabled_or_unavailable,,null,nan
visual_span,12.68,12.72,0.040000000000000924,12.72,28,0,0.0,False,,disabled_or_unavailable,,null,"[[0.9999999957758754, 1.442973957996107e-05, -9.077462400704005e-05], [-1.4447266208065138e-05, 0.9999999812555395, -0.00019308080585758922], [9.077183619977227e-05, 0.00019308211648714978, 0.999999977239885]]",nan,nan,False,,disabled_or_unavailable,,null,nan
visual_span,12.72,12.76,0.03999999999999915,12.76,28,0,0.0,False,,disabled_or_unavailable,,null,"[[0.9999999930124883, 8.643069689828677e-05, -8.065207954316103e-05], [-8.642403912317463e-05, 0.9999999928582605, 8.254916393129571e-05], [8.065921374893185e-05, -8.254219307600466e-05, 0.9999999933404388]]",nan,nan,False,,disabled_or_unavailable,,null,nan
visual_span,12.76,12.84,0.08000000000000007,12.84,28,0,0.0,False,,disabled_or_unavailable,,null,"[[0.9999999835210184, 5.765998451234333e-05, -0.00017214322251655378], [-5.770747687101719e-05, 0.9999999602755064, -0.0002758964165582145], [0.00017212730749514567, 0.0002759063459627544, 0.9999999471239377]]",nan,nan,False,,disabled_or_unavailable,,null,nan
visual_span,12.84,12.88,0.040000000000000924,12.88,28,0,0.0,False,,disabled_or_unavailable,,null,"[[0.9999999932726468, -6.521539721730696e-05, -9.59252774410079e-05], [6.522434551859855e-05, 0.9999999935219487, 9.328391026639096e-05], [9.591919327233699e-05, -9.32901663022769e-05, 0.9999999910482268]]",nan,nan,False,,disabled_or_unavailable,,null,nan
visual_span,12.88,12.92,0.03999999999999915,12.92,28,0,0.0,False,,disabled_or_unavailable,,null,"[[0.9999999863725644, -0.0001398915060625671, -8.76654868469441e-05], [0.00013989282170752033, 0.9999999901024751, 1.5001606672893199e-05], [8.766338738192194e-05, -1.5013870240781152e-05, 0.9999999960448571]]",nan,nan,False,,disabled_or_unavailable,,null,nan
visual_span,12.92,12.96,0.040000000000000924,12.96,28,0,0.0,False,,disabled_or_unavailable,,null,"[[0.9999999900693529, 0.0001166275802751951, -7.911574971823365e-05], [-0.00011662510879507659, 0.9999999927112395, 3.124268201468126e-05], [7.911939289998258e-05, -3.1233454821502906e-05, 0.9999999963822966]]",nan,nan,False,,disabled_or_unavailable,,null,nan
visual_span,12.96,13.0,0.03999999999999915,13.0,27,0,0.0,False,,disabled_or_unavailable,,null,"[[0.9999991880581691, 0.00013020780185294596, 0.0012676470056864778], [-0.0001301159644837387, 0.999999988904667, -7.252931667121155e-05], [-0.0012676564355044056, 7.236431666885555e-05, 0.9999991939049587]]",nan,nan,False,,disabled_or_unavailable,,null,nan
visual_span,13.0,13.04,0.03999999999999915,13.04,28,0,0.0,False,,disabled_or_unavailable,,null,"[[0.9999887513657754, 3.4540115949268814e-05, 0.0047429894473962585], [-3.345681049818655e-05, 0.9999999733386381, -0.00022848055759732913], [-0.004742997212686652, 0.00022831930220397283, 0.9999887258603154]]",nan,nan,False,,disabled_or_unavailable,,null,nan
visual_span,13.04,13.08,0.040000000000000924,13.08,28,0,0.0,False,,disabled_or_unavailable,,null,"[[0.9999915873066947, 1.2747724312473118e-05, 0.004101847551135606], [-1.2609047509325391e-05, 0.9999999993481283, -3.383423424622225e-05], [-0.004101847979771218, 3.378222921853804e-05, 0.9999915868155651]]",nan,nan,False,,disabled_or_unavailable,,null,nan
visual_span,13.08,13.12,0.03999999999999915,13.12,28,0,0.0,False,,disabled_or_unavailable,,null,"[[0.9999944634779713, 1.7760022725760624e-05, 0.0033275663759018397], [-1.765853056364725e-05, 0.9999999993780541, -3.052979458104109e-05], [-0.0033275669160421186, 3.047086561960943e-05, 0.9999944631696446]]",nan,nan,False,,disabled_or_unavailable,,null,nan
visual_span,13.12,13.16,0.040000000000000924,13.16,29,0,0.0,False,,disabled_or_unavailable,,null,"[[0.9999959206601824, 5.453590648335316e-05, 0.0028558166658622292], [-5.454299957107006e-05, 0.9999999985096365, 2.4058510644029895e-06], [-0.0028558165304007556, -2.561606057300126e-06, 0.9999959221443769]]",nan,nan,False,,disabled_or_unavailable,,null,nan
visual_span,13.16,13.2,0.03999999999999915,13.2,29,0,0.0,False,,disabled_or_unavailable,,null,"[[0.9999973095387746, 0.00012422954359349986, 0.00231635105996483], [-0.0001242178852465232, 0.9999999922715583, -5.176931289432764e-06], [-0.002316351685190857, 4.88918513094249e-06, 0.9999973172418848]]",nan,nan,False,,disabled_or_unavailable,,null,nan
visual_span,13.2,13.44,0.2400000000000002,13.44,29,0,0.0,False,,disabled_or_unavailable,,null,"[[0.9999992165113806, 0.00028687687986529855, 0.0012184737508492394], [-0.0002865012329792197, 0.999999911385866, -0.0003084563249114767], [-0.0012185621318633079, 0.0003081069890074853, 0.9999992100878954]]",nan,nan,False,,disabled_or_unavailable,,null,nan
visual_span,13.44,13.6,0.16000000000000014,13.6,29,0,0.0,False,,disabled_or_unavailable,,null,"[[0.999965985382156, 0.0001144407314190262, -0.008247119619184434], [-0.00011496292649367391, 0.9999999914170509, -6.284444276400813e-05], [0.00824711235643583, 6.37904181408687e-05, 0.9999659899559401]]",nan,nan,False,,disabled_or_unavailable,,null,nan
visual_span,13.6,14.12,0.5199999999999996,14.12,28,0,0.0,False,,disabled_or_unavailable,,null,"[[0.9997278541271231, 0.000286912471948875, -0.023326709232361194], [-0.00030500906641278973, 0.9999996553117211, -0.0007722343611020891], [0.023326479628248464, 0.0007791390585132666, 0.9997275970435548]]",nan,nan,False,,disabled_or_unavailable,,null,nan
visual_span,14.12,14.52,0.40000000000000036,14.52,29,0,0.0,False,,disabled_or_unavailable,,null,"[[0.9999895742049194, -0.00010538699097478523, 0.0045651259616992955], [0.00010906668681013096, 0.9999996693926941, -0.0008058033011555209], [-0.004565039531250074, 0.0008062928031789411, 0.9999892550952704]]",nan,nan,False,,disabled_or_unavailable,,null,nan
visual_span,14.52,14.76,0.2400000000000002,14.76,29,0,0.0,False,,disabled_or_unavailable,,null,"[[0.9999873566889744, -0.0002429392766201502, 0.005022692774361469], [0.0002455255690417318, 0.9999998376005308, -0.0005143112937034928], [-0.005022567012265178, 0.0005155379906073894, 0.9999872539393626]]",nan,nan,False,,disabled_or_unavailable,,null,nan
visual_span,14.76,15.12,0.35999999999999943,15.12,29,0,0.0,False,,disabled_or_unavailable,,null,"[[0.999996889735786, -0.0004406698977188649, 0.0024548582027857898], [0.00044073085155644864, 0.9999999025831766, -2.4288969840337805e-05], [-0.0024548472602234465, 2.5370826041388224e-05, 0.9999969865360847]]",nan,nan,False,,disabled_or_unavailable,,null,nan
visual_span,15.12,15.36,0.2400000000000002,15.36,29,0,0.0,False,,disabled_or_unavailable,,null,"[[0.9999958743533015, -0.00021008311772212018, -0.002864810894246404], [0.0002106215172873075, 0.9999999602158289, 0.00018763506320160607], [0.0028647713613132062, -0.0001882376799029144, 0.9999958788173196]]",nan,nan,False,,disabled_or_unavailable,,null,nan
visual_span,15.36,15.48,0.120000000000001,15.48,26,0,0.0,False,,disabled_or_unavailable,,null,"[[0.9999981708926339, -0.0001931871170656921, -0.0019028636641154034], [0.00019276868977842113, 0.9999999572037402, -0.000220074418421369], [0.0019029060982223907, 0.00021970720334627073, 0.99999816533688]]",nan,nan,False,,disabled_or_unavailable,,null,nan
visual_span,15.48,15.6,0.11999999999999922,15.6,29,0,0.0,False,,disabled_or_unavailable,,null,"[[0.9999984218570652, -0.0002234984622742136, -0.0017624788841082177], [0.0002227896045467445, 0.9999998942276891, -0.0004023796754418846], [0.0017625686289254646, 0.0004019863784556301, 0.999998365878055]]",nan,nan,False,,disabled_or_unavailable,,null,nan
visual_span,15.6,15.72,0.120000000000001,15.72,29,0,0.0,False,,disabled_or_unavailable,,null,"[[0.9999992350992719, -0.0003134069353546697, -0.0011964852546746607], [0.0003129849645680255, 0.9999998887699639, -0.0003528462445796172], [0.0011965957060497275, 0.00035247149279222725, 0.9999992219609791]]",nan,nan,False,,disabled_or_unavailable,,null,nan
visual_span,15.72,15.84,0.11999999999999922,15.84,26,0,0.0,False,,disabled_or_unavailable,,null,"[[0.9999998397777928, -0.0002460041376234932, -0.0005098297300941323], [0.00024590993328991637, 0.9999999526829911, -0.0001848305190279541], [0.0005098751750429542, 0.00018470511721908368, 0.9999998529556523]]",nan,nan,False,,disabled_or_unavailable,,null,nan
visual_span,15.84,15.96,0.120000000000001,15.96,29,0,0.0,False,,disabled_or_unavailable,,null,"[[0.9999999134752556, -0.0003369398017889247, 0.0002439693653906613], [0.0003369226739073104, 0.9999999407745325, 7.024274673929473e-05], [-0.000243993018518625, -7.016054185062014e-05, 0.9999999677724521]]",nan,nan,False,,disabled_or_unavailable,,null,nan
visual_span,15.96,16.12,0.16000000000000014,16.12,28,0,0.0,False,,disabled_or_unavailable,,null,"[[0.9999993294209549, -0.00039448728598652077, 0.001088823870815724], [0.00039487230987758154, 0.9999998595843061, -0.0003534221654068298], [-0.0010886842973769257, 0.00035385187480625047, 0.999999344777461]]",nan,nan,False,,disabled_or_unavailable,,null,nan
visual_span,16.12,16.24,0.11999999999999744,16.24,29,0,0.0,False,,disabled_or_unavailable,,null,"[[0.9999993776553613, -0.0003238734271741251, 0.001067611771071498], [0.0003243791622256088, 0.999999835255847, -0.0004735677760439099], [-0.001067458219170074, 0.00047391379233342566, 0.9999993179691016]]",nan,nan,False,,disabled_or_unavailable,,null,nan
visual_span,16.24,16.64,0.40000000000000213,16.64,29,0,0.0,False,,disabled_or_unavailable,,null,"[[0.9999986275212461, -0.0010347960217503146, 0.0012938905739206597], [0.0010352652178965006, 0.9999993985882045, -0.0003620071238203285], [-0.0012935151922280322, 0.0003633461468801865, 0.9999990973986052]]",nan,nan,False,,disabled_or_unavailable,,null,nan
visual_span,16.64,16.96,0.3200000000000003,16.96,29,0,0.0,False,,disabled_or_unavailable,,null,"[[0.9999966904399317, -0.0006942052800582113, -0.0024773349012777047], [0.0006933556917051685, 0.9999997005341984, -0.0003437868510120644], [0.002477572818047809, 0.00034206803897476943, 0.9999968723063031]]",nan,nan,False,,disabled_or_unavailable,,null,nan
visual_span,16.96,17.56,0.5999999999999979,17.56,28,0,0.0,False,,disabled_or_unavailable,,null,"[[0.9999981175504574, -0.0010601611981290472, -0.0016251011586380535], [0.00105996850814962, 0.9999994311017242, -0.0001194277610050419], [0.001625226846799003, 0.00011770498013759401, 0.9999986723907359]]",nan,nan,False,,disabled_or_unavailable,,null,nan
visual_span,17.56,18.56,1.0,18.56,30,26,0.8666666666666667,False,,disabled_or_unavailable,,null,"[[0.9999986408327276, -0.0006531014023120158, 0.0015138663269735446], [0.0006535472871852567, 0.9999997432029234, -0.0002940578700749592], [-0.0015136738886097905, 0.0002950468536322807, 0.9999988108686496]]",nan,nan,False,,disabled_or_unavailable,,null,nan
visual_span,18.56,19.08,0.5199999999999996,19.08,29,0,0.0,False,,disabled_or_unavailable,,null,"[[0.999999999648903, 2.3168798053291307e-05, -1.2860838895122909e-05], [-2.31698313412528e-05, 0.9999999965035656, -8.034941135995898e-05], [1.285897725087033e-05, 8.034970931521664e-05, 0.9999999966892856]]",nan,nan,False,,disabled_or_unavailable,,null,nan
visual_span,19.08,20.12,1.0400000000000027,20.12,35,34,0.9714285714285714,True,0.08671242257673278,,0.07751875199317808,"[[0.9999999253807713, 6.741245940220463e-05, 0.00038038666168926276], [-6.782638533802453e-05, 0.9999994055408089, 0.001088263575765393], [-0.0003803130730407954, -0.0010882892948122973, 0.9999993354939679]]","[[0.9999986981235138, -0.0007754714833302675, 0.0014150601599494119], [0.000774245737189243, 0.9999993248108795, 0.0008665571670673102], [-0.001415731194887923, -0.0008654604346202032, 0.9999986233407625]]",0.06555485612725145,0.07913371937236154,True,0.34792145737014135,,2.9508101241248768,"[0.07310999647052298, 0.018680285545326168, 0.997148923354995]",3.2654224927994777
visual_span,20.12,21.2,1.0799999999999983,21.2,41,30,0.7317073170731707,False,12.039874857911975,Mahalanobis gate,0.8492584019079992,"[[0.9999663720903516, 8.648255259980123e-05, -0.008200439575322162], [-0.00016726523237412699, 0.9999514652679062, -0.00985084417240545], [0.00819918964303503, 0.009851884557538796, 0.9999178534559038]]","[[0.9999986313258089, -6.434156930442771e-05, 0.0016532412624966127], [6.23247882741318e-05, 0.9999992539578962, 0.0012199177318256067], [-0.0016533185205303107, -0.0012198130242440405, 0.9999978892948006]]",0.7504048580511202,0.7191692512323792,False,32.918002132167395,Mahalanobis gate,14.317881483597938,"[-0.08115723058103061, -0.11580056216488128, 0.9899513794761413]",8.816398315726493
visual_span,21.2,22.32,1.120000000000001,22.32,37,31,0.8378378378378378,True,4.463428484755037,,0.523122260316335,"[[0.9999865148911097, 0.00036436541391325145, -0.005180470420502511], [-0.0003865003786618473, 0.9999907985130402, -0.004272412282273239], [0.005178866033201852, 0.004274356922107559, 0.9999774543556034]]","[[0.9999996670343209, 0.0003394407490231618, 0.0007420992019786166], [-0.0003414255297108625, 0.9999963610583301, 0.0026760602955891518], [-0.0007411881376117414, -0.0026763127761660513, 0.9999961439876001]]",0.3704801210897026,0.4009180567460279,False,13.163720168207618,Mahalanobis gate,11.644151924921086,"[-0.04583175245685022, 0.03089408907338126, 0.998471334454355]",4.141658678309977
visual_span,22.32,23.4,1.0799999999999983,23.4,37,28,0.7567567567567568,False,,disabled_or_unavailable,,null,"[[0.9999996453649177, 0.000645295090912011, 0.0005411693681229638], [-0.0006459418757457136, 0.9999990763629064, 0.0011958396329399942], [-0.0005403971988342072, -0.0011961887728100487, 0.9999991385512729]]",nan,nan,False,,disabled_or_unavailable,11.644151924921086,null,nan
visual_span,23.4,24.6,1.2000000000000028,24.6,32,26,0.8125,False,,disabled_or_unavailable,,null,"[[0.9999997758959894, 0.0003110763103799772, 0.0005928233298879749], [-0.00031187662661467415, 0.9999990395839623, 0.0013503940621277762], [-0.0005924026849285357, -0.0013505786472393546, 0.9999989124975971]]",nan,nan,False,,disabled_or_unavailable,11.644151924921086,null,nan
visual_span,24.6,25.8,1.1999999999999993,25.8,34,27,0.7941176470588235,False,,disabled_or_unavailable,,null,"[[0.9999996870833332, 0.0007139118787820023, 0.0003408270307291381], [-0.000713962130255533, 0.9999997342743299, 0.00014734091801860589], [-0.0003407217517310428, -0.00014758420950608498, 0.999999931063792]]",nan,nan,False,,disabled_or_unavailable,11.644151924921086,null,nan
visual_span,25.8,26.88,1.0799999999999983,26.88,33,25,0.7575757575757576,False,,disabled_or_unavailable,,null,"[[0.999995977004989, 0.002823576078976277, 0.00027090951205799914], [-0.0028238757963493255, 0.9999953941261038, 0.0011124082276594946], [-0.0002677672950212736, -0.0011131687672608459, 0.9999993445777708]]",nan,nan,False,,disabled_or_unavailable,11.644151924921086,null,nan
visual_span,26.88,28.0,1.120000000000001,28.0,31,24,0.7741935483870968,False,,disabled_or_unavailable,,null,"[[0.9999981182698375, 0.001908745989825802, 0.0003466201533082766], [-0.0019094841129008418, 0.9999958832938599, 0.0021417903155385347], [-0.00034253059269913127, -0.0021424481509430496, 0.9999976462915869]]",nan,nan,False,,disabled_or_unavailable,11.644151924921086,null,nan
visual_span,28.0,29.08,1.0799999999999983,29.08,37,29,0.7837837837837838,False,,disabled_or_unavailable,,null,"[[0.9999973365230309, 0.0022521787749513987, 0.000504616299419754], [-0.002253705760877062, 0.9999928207727637, 0.003046180111986255], [-0.0004977521344717787, -0.0030473092552167178, 0.9999952330631959]]",nan,nan,False,,disabled_or_unavailable,11.644151924921086,null,nan
visual_span,29.08,30.16,1.0800000000000018,30.16,36,22,0.6111111111111112,False,,disabled_or_unavailable,,null,"[[0.9999960163044975, 0.002796117030439933, 0.00038614076116068216], [-0.002797189148130873, 0.9999921553909784, 0.002804441009383355], [-0.00037829618677018257, -0.002805509946091088, 0.9999959929949408]]",nan,nan,False,,disabled_or_unavailable,11.644151924921086,null,nan
visual_span,30.16,31.24,1.0799999999999983,31.24,39,28,0.717948717948718,False,,disabled_or_unavailable,,null,"[[0.9999962037894944, 0.0027297179725300135, 0.0003755614334379774], [-0.002730565737665774, 0.999993682709849, 0.002275643018135265], [-0.0003693471972617666, -0.002276659874497867, 0.9999973401976946]]",nan,nan,False,,disabled_or_unavailable,11.644151924921086,null,nan
visual_span,31.24,32.4,1.1600000000000001,32.4,29,0,0.0,False,,disabled_or_unavailable,,null,"[[0.9999913301365777, 0.004146404005530611, 0.00038338688229583984], [-0.004147296020220713, 0.9999886247496957, 0.002355908939950314], [-0.00037361397090881495, -0.0023574785334327187, 0.9999971513497254]]",nan,nan,False,,disabled_or_unavailable,11.644151924921086,null,nan
visual_span,32.4,33.6,1.2000000000000028,33.6,30,27,0.9,False,,disabled_or_unavailable,,null,"[[0.9999920076116543, 0.003985621069895213, 0.0003154956423370444], [-0.003986007801993822, 0.9999912934623242, 0.0012348041748739063], [-0.0003105714339257758, -0.0012360518739312602, 0.9999991878602449]]",nan,nan,False,,disabled_or_unavailable,11.644151924921086,null,nan
visual_span,33.6,33.92,0.3200000000000003,33.92,29,0,0.0,False,,disabled_or_unavailable,,null,"[[0.9999996512331946, 0.0008198851761344143, 0.00015912821150878339], [-0.0008199747591231566, 0.999999504933463, 0.000563714665234553], [-0.00015866595143213533, -0.0005638449497464914, 0.9999998284519798]]",nan,nan,False,,disabled_or_unavailable,11.644151924921086,null,nan
visual_span,33.92,35.0,1.0799999999999983,35.0,29,0,0.0,False,,disabled_or_unavailable,,null,"[[0.9999977775039194, 0.0020647543985595805, 0.00042635254866785736], [-0.002065756444070287, 0.9999950735684263, 0.002363363956694412], [-0.000421470682146218, -0.0023642394446521373, 0.9999971163629987]]",nan,nan,False,,disabled_or_unavailable,11.644151924921086,null,nan
visual_span,35.0,35.28,0.28000000000000114,35.28,29,0,0.0,False,,disabled_or_unavailable,,null,"[[0.9999998827226995, 0.00047108741774952787, 0.00011238875540747503], [-0.0004711351810732026, 0.9999997985605115, 0.00042533584118493566], [-0.00011218836240484146, -0.0004253887415993258, 0.9999999032290904]]",nan,nan,False,,disabled_or_unavailable,11.644151924921086,null,nan
visual_span,35.28,35.64,0.35999999999999943,35.64,29,0,0.0,False,,disabled_or_unavailable,,null,"[[0.9999996778959864, 0.0007805497977222077, 0.00018694902286173605], [-0.0007805887017228845, 0.999999673684237, 0.00020811703121106754], [-0.00018678651615070864, -0.00020826289447078045, 0.9999999608686816]]",nan,nan,False,,disabled_or_unavailable,11.644151924921086,null,nan
visual_span,35.64,36.24,0.6000000000000014,36.24,29,0,0.0,False,,disabled_or_unavailable,,null,"[[0.9999998829137743, 0.0004037130916702663, 0.000266811126785368], [-0.00040408632617589836, 0.9999989379347192, 0.001400301279968434], [-0.0002662455234555278, -0.0014004089307404475, 0.9999989839835578]]",nan,nan,False,,disabled_or_unavailable,11.644151924921086,null,nan
visual_span,36.24,37.32,1.0799999999999983,37.32,32,28,0.875,False,,disabled_or_unavailable,,null,"[[0.9999962876677885, 0.0027072000014924046, 0.00030938453965974913], [-0.002707737584906268, 0.999994801790872, 0.0017505851609821684], [-0.00030464374726378753, -0.0017514163943747121, 0.9999984198651519]]",nan,nan,False,,disabled_or_unavailable,11.644151924921086,null,nan
visual_span,37.32,38.36,1.0399999999999991,38.36,31,28,0.9032258064516129,False,,disabled_or_unavailable,,null,"[[0.9999992661769529, 0.0011861419051318297, 0.0002463999523768511], [-0.0011868933209674658, 0.9999945765720175, 0.0030721508419963247], [-0.00024275460919187663, -0.0030724410380389955, 0.9999952505768552]]",nan,nan,False,,disabled_or_unavailable,11.644151924921086,null,nan
visual_span,38.36,39.4,1.0399999999999991,39.4,32,29,0.90625,False,,disabled_or_unavailable,,null,"[[0.9999984314080537, 0.0012641153975036243, -0.001240642452140568], [-0.0012611283701344047, 0.9999963115991561, 0.002405481930411229], [0.00124367868290055, -0.0024039135477980584, 0.9999963372247863]]",nan,nan,False,,disabled_or_unavailable,11.644151924921086,null,nan
visual_span,39.4,40.52,1.1200000000000045,40.52,33,31,0.9393939393939394,False,,disabled_or_unavailable,,null,"[[0.9656160542086714, 0.0002034061094738416, 0.2599722956017253], [-0.0012075406447813754, 0.9999924156632896, 0.003702764033794145], [-0.2599695707194737, -0.0038893755094342873, 0.9656089762725278]]",nan,nan,False,,disabled_or_unavailable,11.644151924921086,null,nan
visual_span,40.52,41.68,1.1599999999999966,41.68,57,55,0.9649122807017544,True,0.5857546773492898,,0.2214458816461191,"[[0.9994001412676647, -0.0029536283900447624, -0.034505560617168037], [0.003183812245862573, 0.9999730331366438, 0.006617880256076702], [0.03448508335142358, -0.006723769689258839, 0.999382594378855]]","[[0.9994306699432807, 0.0006223936152822736, -0.03373349378455632], [-0.0004372801690282291, 0.9999848088175812, 0.0054946264767686435], [0.033736401153336114, -0.00547674723290095, 0.9994157595700439]]",0.36793638932500083,3.883350122602209,True,1.5541183922357398,,25.55417075812814,"[0.9993346661338584, -0.0032208551778915595, -0.036329755780260674]",0.9797209149418766
visual_span,41.68,42.76,1.0799999999999983,42.76,41,38,0.926829268292683,True,1.9324693925123497,,0.3469777660153891,"[[0.9997343081526573, -0.00022024668790690752, -0.023049177727723705], [0.00016204323993511884, 0.9999967939439827, -0.002527022703559569], [0.023049660399149477, 0.002522616330792343, 0.9997311386379498]]","[[0.9997172122891056, -0.0015557914128844193, -0.023729200702486443], [0.0016347303165213769, 0.9999931936256754, 0.00330762136810288], [0.023723893223742472, -0.0033454768572028634, 0.9997129511389289]]",0.202925215998191,2.819562080485122,False,10.61626849225289,Mahalanobis gate,10.832732850467304,"[0.9943315230059587, 0.011073178301650364, -0.10574595537868375]",1.6469081866003852
visual_span,42.76,43.92,1.1600000000000037,43.92,44,40,0.9090909090909091,True,2.672972896001266,,0.42036367095763355,"[[0.9999880813819895, 0.0015689735976659135, 0.004623355471671074], [-0.0015595927944451447, 0.9999967194996963, -0.0020319104708118674], [-0.00462652831863357, 0.0020246757013673575, 0.9999872478807023]]","[[0.9999740611821928, -0.002338562642583336, 0.0068123481678100326], [0.0023127040966684003, 0.9999901009298691, 0.0038012421696087843], [-0.006821170174831021, -0.0037853886243650785, 0.9999695707722356]]",0.21609359224895258,0.6140969024237756,True,6.586257809916124,,8.76007537346931,"[0.996727040443441, 0.07327403289418602, -0.03414854246203252]",3.8928084838288095
visual_span,43.92,45.08,1.1599999999999966,45.08,47,41,0.8723404255319149,True,1.0705265278611842,,0.2693830151990563,"[[0.9999776230784595, -0.006655337617467443, -0.0006781029067281876], [0.006658275365591211, 0.9999680371532301, 0.004426289763697345], [0.0006486227798587396, -0.004430705712837791, 0.9999899740174277]]","[[0.9999967111793223, -0.0025644453436281796, 3.536409109093519e-05], [0.002564360395437559, 0.999994241186136, 0.0022229823046603673], [-4.106460405587124e-05, -0.0022228843073955826, 0.9999975285464733]]",0.4215135125380164,0.5006610020082051,True,1.202906704487754,,2.71942888363357,"[0.9995680043152705, -0.018561582398942834, 0.02278754940827698]",2.1058815368290755
visual_span,45.08,45.68,0.6000000000000014,45.68,29,0,0.0,False,,disabled_or_unavailable,,null,"[[0.9966127370099332, -0.0007699918110922052, -0.08223417502584009], [0.0009691022468110732, 0.9999966949424413, 0.002381374609161882], [0.08223206959821013, -0.00245300159086498, 0.9966101893482678]]",nan,nan,False,,disabled_or_unavailable,2.71942888363357,null,nan
visual_span,45.68,46.12,0.4399999999999977,46.12,29,0,0.0,False,,disabled_or_unavailable,,null,"[[0.9999942828313524, -0.0006741221580661676, -0.0033135877723663157], [0.0006728757843977906, 0.9999997024637876, -0.00037724065962158233], [0.0033138410927415346, 0.00037500886990160867, 0.9999944388973169]]",nan,nan,False,,disabled_or_unavailable,2.71942888363357,null,nan
visual_span,46.12,46.52,0.4000000000000057,46.52,29,0,0.0,False,,disabled_or_unavailable,,null,"[[0.9999626728515926, -0.00016486651303437285, 0.008638618091564137], [0.00016910429927181555, 0.9999998657327692, -0.0004898348494500264], [-0.008638536174317217, 0.0004912773927709566, 0.9999625664690096]]",nan,nan,False,,disabled_or_unavailable,2.71942888363357,null,nan
visual_span,46.52,46.72,0.19999999999999574,46.72,27,0,0.0,False,,disabled_or_unavailable,,null,"[[0.9999999769013679, -0.0001517254644057603, -0.00015223878523582898], [0.00015176284342382847, 0.9999999583372627, 0.00024554737345236196], [0.00015220152310387375, -0.0002455704719714802, 0.9999999582649193]]",nan,nan,False,,disabled_or_unavailable,2.71942888363357,null,nan
visual_span,46.72,46.76,0.03999999999999915,46.76,28,0,0.0,False,,disabled_or_unavailable,,null,"[[0.9999999711104721, -4.179902655125096e-05, -0.00023671057517172565], [4.180563770752092e-05, 0.9999999987362582, 2.7924402377072934e-05], [0.0002367094076597482, -2.7934297406897297e-05, 0.9999999715941653]]",nan,nan,False,,disabled_or_unavailable,2.71942888363357,null,nan
visual_span,46.76,46.84,0.0800000000000054,46.84,27,0,0.0,False,,disabled_or_unavailable,,null,"[[0.9999998359449426, 0.0001445013104919269, -0.0005542828335344498], [-0.00014440255543852568, 0.9999999736957709, 0.00017820314178833234], [0.0005543085695419893, -0.00017812307269560757, 0.9999998305070761]]",nan,nan,False,,disabled_or_unavailable,2.71942888363357,null,nan
visual_span,46.84,46.92,0.0799999999999983,46.92,29,0,0.0,False,,disabled_or_unavailable,,null,"[[0.9999998101634344, -0.00010057862720148367, -0.0006079120286606659], [0.00010074819421900583, 0.9999999560297027, 0.00027890929330135676], [0.0006078839496167593, -0.0002789704863933061, 0.9999997763262607]]",nan,nan,False,,disabled_or_unavailable,2.71942888363357,null,nan
visual_span,46.92,47.0,0.0799999999999983,47.0,29,0,0.0,False,,disabled_or_unavailable,,null,"[[0.9999998458105727, -0.00013232714939645415, -0.0005393221267746607], [0.00013243978812637177, 0.9999999694265255, 0.00020882205496887028], [0.0005392944774584444, -0.00020889345047891912, 0.9999998327624825]]",nan,nan,False,,disabled_or_unavailable,2.71942888363357,null,nan
visual_span,47.0,47.76,0.759999999999998,47.76,29,0,0.0,False,,disabled_or_unavailable,,null,"[[0.9999999644985206, -0.00013198299565268576, -0.00023148098475536162], [0.0001325269646264826, 0.9999972264098868, 0.002351512095909972], [0.0002311699831112592, -0.002351542689900092, 0.9999972083998117]]",nan,nan,False,,disabled_or_unavailable,2.71942888363357,null,nan
visual_span,47.76,48.76,1.0,48.76,32,27,0.84375,False,,disabled_or_unavailable,,null,"[[0.9999996431354438, -0.0005094630108725637, 0.0006739261279000496], [0.0005076238373602349, 0.9999961545096538, 0.0027264049487433824], [-0.0006753125387976754, -0.0027260618748189483, 0.9999960562620384]]",nan,nan,False,,disabled_or_unavailable,2.71942888363357,null,nan
visual_span,48.76,48.84,0.0800000000000054,48.84,29,0,0.0,False,,disabled_or_unavailable,,null,"[[0.9999999964313417, -8.165922151321875e-05, 2.1658434531941863e-05], [8.165187096341269e-05, 0.999999939148639, 0.00033916911714381603], [-2.168612950006394e-05, -0.00033916734748173574, 0.9999999422476094]]",nan,nan,False,,disabled_or_unavailable,2.71942888363357,null,nan
visual_span,48.84,49.44,0.5999999999999943,49.44,29,0,0.0,False,,disabled_or_unavailable,,null,"[[0.9999997481661035, -0.0007047024464467736, 8.403684916460772e-05], [0.0007045460005686433, 0.9999980454445783, 0.0018473553952909221], [-8.533852077644672e-05, -0.001847295722238235, 0.999998290106464]]",nan,nan,False,,disabled_or_unavailable,2.71942888363357,null,nan
visual_span,49.44,50.16,0.7199999999999989,50.16,29,0,0.0,False,,disabled_or_unavailable,,null,"[[0.9999997969696958, -0.0006253697683493671, -0.0001223651103158654], [0.0006256398467068147, 0.9999973407403995, 0.002219704239700675], [0.00012097664898908528, -0.0022197803455223076, 0.9999975289668811]]",nan,nan,False,,disabled_or_unavailable,2.71942888363357,null,nan
visual_span,50.16,50.6,0.44000000000000483,50.6,29,0,0.0,False,,disabled_or_unavailable,,null,"[[0.9999999183478937, -0.00039546110079612346, -8.315481903024445e-05], [0.0003956154442753371, 0.9999981838486751, 0.0018643464731137559], [8.241739149998675e-05, -0.0018643792182166134, 0.999998258647236]]",nan,nan,False,,disabled_or_unavailable,2.71942888363357,null,nan
visual_span,50.6,51.72,1.1199999999999974,51.72,53,52,0.9811320754716981,False,,disabled_or_unavailable,,null,"[[0.999999951215266, -9.038278788816132e-05, -0.0002989990263469321], [9.160421710913563e-05, 0.9999916416448508, 0.004087572519749232], [0.0002986270810068506, -0.004087599709909818, 0.9999916011399688]]",nan,nan,False,,disabled_or_unavailable,2.71942888363357,null,nan
visual_span,51.72,52.92,1.2000000000000028,52.92,62,61,0.9838709677419355,False,,disabled_or_unavailable,,null,"[[0.9999997239953435, -0.0006788232188549132, -0.00030200707651788624], [0.0006804247542425701, 0.999985538054684, 0.005334857414942472], [0.0002983812838255174, -0.005335061435587803, 0.999985723942141]]",nan,nan,False,,disabled_or_unavailable,2.71942888363357,null,nan
visual_span,52.92,54.12,1.1999999999999957,54.12,57,55,0.9649122807017544,True,1.3270174842785059,,0.30009462458699093,"[[0.9999996350740721, 0.0008444391634904306, -0.00012951533437593771], [-0.0008444746562088572, 0.9999996058292836, -0.000274233171617683], [0.00012928371009474342, 0.00027434244396035926, 0.9999999540109719]]","[[0.9999998312121151, -0.0005461899484068907, -0.00019812188584283262], [0.0005471297075542096, 0.9999884513296647, 0.004774710083558327], [0.0001955116991442902, -0.004774817676014571, 0.9999885813804757]]",0.010075731575677937,0.10490144469834965,True,0.5006243748614682,,4.964880707156874,"[0.9991464029492156, 0.04073162235335637, -0.0068847958653431175]",2.1724455660106186
visual_span,54.12,55.24,1.1200000000000045,55.24,50,49,0.98,False,,disabled_or_unavailable,,null,"[[0.9999999637322857, 1.1530954831590338e-05, -0.00026907706134072525], [-1.091065445876863e-05, 0.9999973430174942, 0.002305176546415131], [0.00026910292729431605, -0.0023051735270048068, 0.9999973068756863]]",nan,nan,False,,disabled_or_unavailable,4.964880707156874,null,nan
visual_span,55.24,56.48,1.2399999999999949,56.48,60,60,1.0,False,,disabled_or_unavailable,,null,"[[0.9999995920501441, 0.0008580917762683302, -0.00028209581563840274], [-0.0008567325011740763, 0.999988190546122, 0.004783803686862179], [0.0002861974268438573, -0.004783560054656451, 0.9999885177561973]]",nan,nan,False,,disabled_or_unavailable,4.964880707156874,null,nan
visual_span,56.48,57.64,1.1600000000000037,57.64,46,46,1.0,False,,disabled_or_unavailable,,null,"[[0.9999991079711991, 0.0012369601653080958, -0.0005039705905902198], [-0.0012347619388555302, 0.999989824063518, 0.004339024356844588], [0.0005093326625032193, -0.004338398202606329, 0.999990459395126]]",nan,nan,False,,disabled_or_unavailable,4.964880707156874,null,nan
visual_span,57.64,58.88,1.240000000000002,58.88,33,33,1.0,False,,disabled_or_unavailable,,null,"[[0.9999997004918251, 0.0005094851799653864, -0.0005826157495711458], [-0.0005069946051302261, 0.9999907677793913, 0.004267002748279244], [0.0005847843453971356, -0.004266706087235142, 0.9999907265802191]]",nan,nan,False,,disabled_or_unavailable,4.964880707156874,null,nan
visual_span,58.88,60.0,1.1199999999999974,60.0,31,27,0.8709677419354839,False,,disabled_or_unavailable,,null,"[[0.9999984757375315, 0.00152763950012419, -0.0008454822124829565], [-0.001525613635150882, 0.99999597640056, 0.0023915864457252863], [0.0008491322925236513, -0.002390292921128185, 0.9999967827318753]]",nan,nan,False,,disabled_or_unavailable,4.964880707156874,null,nan
visual_span,60.0,60.72,0.7199999999999989,60.72,27,0,0.0,False,,disabled_or_unavailable,,null,"[[0.9999993428074485, 0.0009914841744330923, -0.0005756247068366707], [-0.000990794110414401, 0.9999987917298087, 0.0011978589039663354], [0.0005768116694729824, -0.0011972877911730429, 0.9999991168947318]]",nan,nan,False,,disabled_or_unavailable,4.964880707156874,null,nan
visual_span,60.72,61.04,0.3200000000000003,61.04,29,0,0.0,False,,disabled_or_unavailable,,null,"[[0.9999998693297885, 0.00044443958055193197, -0.0002526140641900334], [-0.00044443125583967335, 0.9999999006956127, 3.3009450250970136e-05], [0.0002526287098105723, -3.289717635182755e-05, 0.9999999675482549]]",nan,nan,False,,disabled_or_unavailable,4.964880707156874,null,nan
visual_span,61.04,61.32,0.28000000000000114,61.32,28,0,0.0,False,,disabled_or_unavailable,,null,"[[0.9999996827745439, 0.0007609832381002775, -0.0002352771207674007], [-0.0007609867433787835, 0.9999997103398881, -1.4809347452274278e-05], [0.00023526578295182516, 1.4988385524296595e-05, 0.9999999722126798]]",nan,nan,False,,disabled_or_unavailable,4.964880707156874,null,nan
visual_span,61.32,61.52,0.20000000000000284,61.52,28,0,0.0,False,,disabled_or_unavailable,,null,"[[0.9999999224154832, 0.00036291998951584325, -0.00015316040275547578], [-0.00036292269681093155, 0.9999999339878162, -1.7648785186489853e-05], [0.00015315398754808828, 1.770436920363005e-05, 0.9999999881152057]]",nan,nan,False,,disabled_or_unavailable,4.964880707156874,null,nan
visual_span,61.52,61.76,0.23999999999999488,61.76,27,0,0.0,False,,disabled_or_unavailable,,null,"[[0.9999997998468787, 0.0006090053290095589, -0.00017151883805694286], [-0.0006089925509888149, 0.9999998117857934, 7.454160250768262e-05], [0.00017156420200782092, -7.443713389321729e-05, 0.9999999825124187]]",nan,nan,False,,disabled_or_unavailable,4.964880707156874,null,nan
visual_span,61.76,61.88,0.12000000000000455,61.88,28,0,0.0,False,,disabled_or_unavailable,,null,"[[0.9999999607937017, 0.00027131132687933365, -6.930194522169763e-05], [-0.00027130124833817955, 0.9999999526276081, 0.0001453974368700754], [6.934138991022077e-05, -0.00014537862946532913, 0.9999999870284131]]",nan,nan,False,,disabled_or_unavailable,4.964880707156874,null,nan
visual_span,61.88,62.04,0.1599999999999966,62.04,27,0,0.0,False,,disabled_or_unavailable,,null,"[[0.9999999806992075, 0.00015868605292706362, -0.00011584611023495112], [-0.00015867785878815818, 0.9999999849086845, 7.073873016479954e-05], [0.00011585733373655984, -7.072034658676496e-05, 0.9999999907878554]]",nan,nan,False,,disabled_or_unavailable,4.964880707156874,null,nan
visual_span,62.04,62.36,0.3200000000000003,62.36,28,0,0.0,False,,disabled_or_unavailable,,null,"[[0.9999997528069484, 0.0006541527635647146, -0.00025781816176326185], [-0.0006541447508636778, 0.999999785561765, 3.116198507896309e-05], [0.0002578384911758478, -3.099332697874214e-05, 0.9999999662793627]]",nan,nan,False,,disabled_or_unavailable,4.964880707156874,null,nan
visual_span,62.36,62.48,0.11999999999999744,62.48,24,0,0.0,False,,disabled_or_unavailable,,null,"[[0.9999999610548765, 0.0002586680016834661, -0.00010479079479587146], [-0.00025864753450600926, 0.9999999474833628, 0.00019528114261695582], [0.0001048413022755385, -0.00019525403113099468, 0.9999999754420822]]",nan,nan,False,,disabled_or_unavailable,4.964880707156874,null,nan
visual_span,62.48,62.6,0.12000000000000455,62.6,26,0,0.0,False,,disabled_or_unavailable,,null,"[[0.9999552064040584, 0.0005457264469581531, -0.009449199334453566], [-0.0005467208132984487, 0.9999998452796436, -0.00010265009232534057], [0.009449141853599912, 0.00010781156820373317, 0.9999553500506393]]",nan,nan,False,,disabled_or_unavailable,4.964880707156874,null,nan
visual_span,62.6,62.64,0.03999999999999915,62.64,28,0,0.0,False,,disabled_or_unavailable,,null,"[[0.99990547933618, 3.96735507367548e-05, -0.01374884793332266], [-4.043909221762114e-05, 0.9999999976476268, -5.54024052085483e-05], [0.013748845702970101, 5.595315946589245e-05, 0.9999054785883914]]",nan,nan,False,,disabled_or_unavailable,4.964880707156874,null,nan
visual_span,62.64,62.68,0.03999999999999915,62.68,24,0,0.0,False,,disabled_or_unavailable,,null,"[[0.9998329649465668, 7.358801686377859e-05, -0.018276673410690895], [-7.469945897638072e-05, 0.9999999954022243, -6.012937902468245e-05], [0.018276668901857095, 6.148459292631077e-05, 0.9998329658465441]]",nan,nan,False,,disabled_or_unavailable,4.964880707156874,null,nan
visual_span,62.68,62.76,0.0799999999999983,62.76,21,0,0.0,False,,disabled_or_unavailable,,null,"[[0.9990828126889442, 0.0002238921252486039, -0.04281919268114115], [-0.00021445666176618574, 0.9999999517030639, 0.00022494935086200512], [0.04281924097749357, -0.0002155601690498436, 0.999082812451463]]",nan,nan,False,,disabled_or_unavailable,4.964880707156874,null,nan
visual_span,62.76,62.8,0.03999999999999915,62.8,11,0,0.0,False,,disabled_or_unavailable,,null,"[[0.9997380084390033, 0.00016697165049939754, -0.02288856926248357], [-0.00016227257783151086, 0.9999999653763084, 0.00020715934134234553], [0.022888603059733944, -0.00020339088020603386, 0.9997380009193029]]",nan,nan,False,,disabled_or_unavailable,4.964880707156874,null,nan
visual_span,62.8,62.84,0.04000000000000625,62.84,13,0,0.0,False,,disabled_or_unavailable,,null,"[[0.9997451610336165, 4.2884029235057996e-05, -0.022574568674244875], [-4.129079954504315e-05, 0.9999999966240221, 7.104242269515507e-05], [0.02257457164461896, -7.009219632764202e-05, 0.9997451594292148]]",nan,nan,False,,disabled_or_unavailable,4.964880707156874,null,nan
visual_span,62.84,62.88,0.03999999999999915,62.88,15,0,0.0,False,,disabled_or_unavailable,,null,"[[0.9998035954612535, 0.00014836959399590848, -0.01981788306590382], [-0.00014481900299054208, 0.9999999732062728, 0.0001805959863409261], [0.019817909329862035, -0.00017769051040254197, 0.9998035901595252]]",nan,nan,False,,disabled_or_unavailable,4.964880707156874,null,nan
visual_span,62.88,63.04,0.1599999999999966,63.04,0,0,nan,False,,disabled_or_unavailable,,null,"[[0.9947081453360889, -0.0329868687973884, -0.09730144957287334], [0.03510509643843885, 0.9991807055899712, 0.02013826657821941], [0.09655743268172803, -0.023447474569159982, 0.9950511937233392]]",nan,nan,False,,disabled_or_unavailable,4.964880707156874,null,nan
visual_span,63.52,63.56,0.03999999999999915,63.56,0,0,nan,False,,disabled_or_unavailable,,null,"[[0.9998165106716381, -0.01906686959114103, -0.001843765816186293], [0.019064864663227776, 0.9998176450063124, -0.0010989401278050336], [0.001864382944387851, 0.001063587338262795, 0.9999976964264522]]",nan,nan,False,,disabled_or_unavailable,4.964880707156874,null,nan
visual_span,63.56,63.6,0.03999999999999915,63.6,0,0,nan,False,,disabled_or_unavailable,,null,"[[0.9998178209389958, -0.019025896735996334, -0.0015297667108728713], [0.01902462626115061, 0.9998186618754288, -0.0008408098780038816], [0.0015454864677599972, 0.0008115534601087177, 0.9999984764251193]]",nan,nan,False,,disabled_or_unavailable,4.964880707156874,null,nan
visual_span,63.6,63.68,0.0799999999999983,63.68,0,0,nan,False,,disabled_or_unavailable,,null,"[[0.9992678050873918, -0.03820518707561301, -0.0020536300407057815], [0.03820286124362205, 0.99926933083917, -0.001160102167141895], [0.002096451436889764, 0.001080798202746191, 0.9999972183794402]]",nan,nan,False,,disabled_or_unavailable,4.964880707156874,null,nan
visual_span,63.68,63.72,0.03999999999999915,63.72,3,0,0.0,False,,disabled_or_unavailable,,null,"[[0.9997163462929444, -0.02380858400948116, -0.0006150464610131089], [0.023808741154029735, 0.9997165006228146, 0.0002494536721797006], [0.0006089329570139075, -0.00026402639570881136, 0.9999997797453339]]",nan,nan,False,,disabled_or_unavailable,4.964880707156874,null,nan
visual_span,63.72,63.76,0.03999999999999915,63.76,5,0,0.0,False,,disabled_or_unavailable,,null,"[[0.9998991071528286, -0.014204078817036475, -0.00014021389357316417], [0.014204147442582298, 0.999898990388563, 0.0005012138885649982], [0.0001330804490448857, -0.0005031549384865506, 0.9999998645623419]]",nan,nan,False,,disabled_or_unavailable,4.964880707156874,null,nan
visual_span,63.76,63.8,0.03999999999999915,63.8,7,0,0.0,False,,disabled_or_unavailable,,null,"[[0.9998167023831169, -0.019145194367057614, 0.00015221168781678505], [0.019145049409442488, 0.9998163092224289, 0.0009027158749836398], [-0.00016946639881828483, -0.0008996363090310857, 0.9999995809677381]]",nan,nan,False,,disabled_or_unavailable,4.964880707156874,null,nan
visual_span,63.8,63.84,0.04000000000000625,63.84,8,0,0.0,False,,disabled_or_unavailable,,null,"[[0.9998195053367925, -0.01899256189705522, 0.0004892245683156357], [0.01899181989376702, 0.9998185450024962, 0.0014791369830242961], [-0.0005172283967771256, -0.0014695787418036509, 0.9999987864058174]]",nan,nan,False,,disabled_or_unavailable,4.964880707156874,null,nan
visual_span,63.84,63.88,0.03999999999999915,63.88,10,0,0.0,False,,disabled_or_unavailable,,null,"[[0.9998172306983395, -0.019099444069884782, 0.0008464247897900549], [0.019097689560543116, 0.999815552325357, 0.002034596222945021], [-0.0008851283254707552, -0.0020180596033424337, 0.9999975719886948]]",nan,nan,False,,disabled_or_unavailable,4.964880707156874,null,nan
visual_span,63.88,63.92,0.03999999999999915,63.92,13,0,0.0,False,,disabled_or_unavailable,,null,"[[0.9998187428568001, -0.019000813056769657, 0.0012043817625457282], [0.018997748258474265, 0.9998163833463056, 0.0025070208258651757], [-0.001251796052038411, -0.002483685868900395, 0.9999961321480945]]",nan,nan,False,,disabled_or_unavailable,4.964880707156874,null,nan
visual_span,63.92,63.96,0.03999999999999915,63.96,13,0,0.0,False,,disabled_or_unavailable,,null,"[[0.9998160373218011, -0.019112150795225196, 0.0016177781405525761], [0.01910732722526737, 0.9998130971602377, 0.0029463185775188], [-0.0016737862581683138, -0.0029148651485530292, 0.9999943509844085]]",nan,nan,False,,disabled_or_unavailable,4.964880707156874,null,nan
visual_span,63.96,64.04,0.0800000000000054,64.04,10,0,0.0,False,,disabled_or_unavailable,,null,"[[0.9992684142275755, -0.03799501387704521, 0.00436064761128762], [0.03796162643399725, 0.9992510544500309, 0.007499673258687493], [-0.004642331913201299, -0.007328649328803602, 0.99996236911867]]",nan,nan,False,,disabled_or_unavailable,4.964880707156874,null,nan
visual_span,64.04,64.08,0.03999999999999204,64.08,18,0,0.0,False,,disabled_or_unavailable,,null,"[[0.9998170177005089, -0.018922082256052453, 0.0028081879487425756], [0.01890972012660676, 0.9998116655682084, 0.004365303936537936], [-0.0028902597104207253, -0.004311403115012018, 0.9999865290102593]]",nan,nan,False,,disabled_or_unavailable,4.964880707156874,null,nan
visual_span,64.08,64.12,0.04000000000000625,64.12,14,0,0.0,False,,disabled_or_unavailable,,null,"[[0.9998142959911859, -0.018992338991806558, 0.0032656685793136984], [0.018976264774639824, 0.9998080022758674, 0.004884665837300456], [-0.0033578128078224057, -0.004821788543645473, 0.9999827375751984]]",nan,nan,False,,disabled_or_unavailable,4.964880707156874,null,nan
visual_span,64.12,64.16,0.03999999999999204,64.16,21,0,0.0,False,,disabled_or_unavailable,,null,"[[0.999813984501514, -0.01892738652975655, 0.0037081578121429125], [0.018906985055855835, 0.9998063292106477, 0.0054616834792821055], [-0.0038108150446079492, -0.005390557437168193, 0.9999782095521945]]",nan,nan,False,,disabled_or_unavailable,4.964880707156874,null,nan
visual_span,64.16,64.2,0.04000000000000625,64.2,20,0,0.0,False,,disabled_or_unavailable,,null,"[[0.9998108684427199, -0.018992176283101042, 0.00418623743309903], [0.018966909314702372, 0.9998021387316969, 0.005994976111128399], [-0.004299266781966629, -0.005914442286197242, 0.9999732674814769]]",nan,nan,False,,disabled_or_unavailable,4.964880707156874,null,nan
visual_span,64.2,64.24,0.03999999999999204,64.24,28,0,0.0,False,,disabled_or_unavailable,,null,"[[0.9998099208157959, -0.01893472081240117, 0.004647427898197541], [0.018903629591008046, 0.9997992272633915, 0.006645144980481119], [-0.004772318786343567, -0.006556028621205865, 0.999967121190552]]",nan,nan,False,,disabled_or_unavailable,4.964880707156874,null,nan
visual_span,64.24,64.28,0.04000000000000625,64.28,20,0,0.0,False,,disabled_or_unavailable,,null,"[[0.9998063821146312, -0.019006805720596695, 0.005093095242770119], [0.018971192380404338, 0.9997958619091672, 0.006951860827971311], [-0.005224188216184707, -0.006853892733716106, 0.9999628653164462]]",nan,nan,False,,disabled_or_unavailable,4.964880707156874,null,nan
visual_span,64.28,64.32,0.03999999999999204,64.32,23,0,0.0,False,,disabled_or_unavailable,,null,"[[0.9998048643852917, -0.018973879790451304, 0.005497730186726447], [0.01893304673191726, 0.9997934685097659, 0.007386478637270489], [-0.0056367448900563845, -0.007280948489676311, 0.9999576065494653]]",nan,nan,False,,disabled_or_unavailable,4.964880707156874,null,nan
visual_span,64.32,64.36,0.04000000000000625,64.36,23,0,0.0,False,,disabled_or_unavailable,,null,"[[0.9998011106169529, -0.019032840246887683, 0.005957365293836381], [0.01898677152568128, 0.9997901119956145, 0.007696392845245764], [-0.006102599129824314, -0.007581750980691989, 0.9999526365463154]]",nan,nan,False,,disabled_or_unavailable,4.964880707156874,null,nan
visual_span,64.36,64.4,0.04000000000000625,64.4,29,0,0.0,False,,disabled_or_unavailable,,null,"[[0.9997990143018725, -0.01898982626765789, 0.006427868957023456], [0.018936683492592872, 0.9997868130724256, 0.008229849621003954], [-0.006582782033901472, -0.008106473018961374, 0.9999454745514313]]",nan,nan,False,,disabled_or_unavailable,4.964880707156874,null,nan
visual_span,64.4,64.44,0.03999999999999204,64.44,24,0,0.0,False,,disabled_or_unavailable,,null,"[[0.9997948500707946, -0.019063945429715217, 0.006842788654512583], [0.019005645124761352, 0.9997833614006113, 0.008486207626872005], [-0.007003086841466478, -0.00835441506914672, 0.9999405784963142]]",nan,nan,False,,disabled_or_unavailable,4.964880707156874,null,nan
visual_span,64.44,64.48,0.04000000000000625,64.48,19,0,0.0,False,,disabled_or_unavailable,,null,"[[0.9997937028503179, -0.01902972008308632, 0.007100809419318786], [0.018969059038223903, 0.9997838150449557, 0.008514574173613733], [-0.007261304294304239, -0.008378121968136728, 0.9999385383773507]]",nan,nan,False,,disabled_or_unavailable,4.964880707156874,null,nan
visual_span,64.48,64.52,0.03999999999999204,64.52,22,0,0.0,False,,disabled_or_unavailable,,null,"[[0.9997900635213323, -0.019078653001188963, 0.007472207416184756], [0.019012759859614325, 0.9997805805547094, 0.008792366473741969], [-0.007638314377590212, -0.008648453350060165, 0.999933427988144]]",nan,nan,False,,disabled_or_unavailable,4.964880707156874,null,nan
visual_span,64.52,64.56,0.04000000000000625,64.56,21,0,0.0,False,,disabled_or_unavailable,,null,"[[0.9997887543569631, -0.018978253726816535, 0.007891295637129477], [0.018904676157182807, 0.9997780720425532, 0.009296229465069746], [-0.00806597053949792, -0.009145083288618058, 0.9999256510215647]]",nan,nan,False,,disabled_or_unavailable,4.964880707156874,null,nan
visual_span,64.56,64.6,0.03999999999999204,64.6,27,0,0.0,False,,disabled_or_unavailable,,null,"[[0.9997844618961172, -0.019028655475528903, 0.008303012819757441], [0.018949601127308435, 0.9997753234639565, 0.009498168752830775], [-0.008481884708444423, -0.009338782754458097, 0.9999204192176785]]",nan,nan,False,,disabled_or_unavailable,4.964880707156874,null,nan
visual_span,64.6,64.68,0.0800000000000125,64.68,23,0,0.0,False,,disabled_or_unavailable,,null,"[[0.9991581605573077, -0.0383582072692149, 0.014547100289381623], [0.03810676245749218, 0.9991258892265852, 0.017185230059376874], [-0.015193579128883448, -0.01661641995970837, 0.9997464927375225]]",nan,nan,False,,disabled_or_unavailable,4.964880707156874,null,nan
visual_span,64.68,64.84,0.1599999999999966,64.84,24,0,0.0,False,,disabled_or_unavailable,,null,"[[0.9965519628752234, -0.08113019413205862, 0.01738035930681564], [0.08081707464475606, 0.9965660553464117, 0.018019372274215874], [-0.018782591285641526, -0.016552611014197607, 0.9996865635453992]]",nan,nan,False,,disabled_or_unavailable,4.964880707156874,null,nan
visual_span,64.84,65.0,0.1599999999999966,65.0,26,0,0.0,False,,disabled_or_unavailable,,null,"[[0.9959667614034534, -0.06956906140982808, 0.056660002418570124], [0.07221589963449415, 0.996323630623831, -0.04608781726800574], [-0.053245413131061986, 0.049993687152519485, 0.9973292120585855]]",nan,nan,False,,disabled_or_unavailable,4.964880707156874,null,nan
visual_span,65.0,65.08,0.0799999999999983,65.08,28,0,0.0,False,,disabled_or_unavailable,,null,"[[0.9986371075433372, -0.037184558223637934, 0.03662288993498164], [0.03856915831242484, 0.9985386256352368, -0.037855424202662274], [-0.0351617329571227, 0.039216345370333514, 0.9986119019875772]]",nan,nan,False,,disabled_or_unavailable,4.964880707156874,null,nan
visual_span,65.08,65.2,0.12000000000000455,65.2,21,0,0.0,False,,disabled_or_unavailable,,null,"[[0.9971865075461749, -0.05512266173181194, 0.05079922569747608], [0.05790971481851353, 0.9967984012858607, -0.055130863620942674], [-0.047597627015443886, 0.05791752202531443, 0.9971860541267844]]",nan,nan,False,,disabled_or_unavailable,4.964880707156874,null,nan
visual_span,65.2,65.36,0.1599999999999966,65.36,29,0,0.0,False,,disabled_or_unavailable,,null,"[[0.9960338392122702, -0.074447729103142, 0.04872501180554784], [0.07711104768941109, 0.9954890632591145, -0.05527577458283485], [-0.044390060467484886, 0.05881377868217773, 0.997281535961043]]",nan,nan,False,,disabled_or_unavailable,4.964880707156874,null,nan
visual_span,65.36,65.72,0.35999999999999943,65.72,26,0,0.0,False,,disabled_or_unavailable,,null,"[[0.985972160022611, -0.1668826733565042, 0.0030121410547584034], [0.16686770248611305, 0.9859681864154319, 0.004680303801116386], [-0.003750936863438519, -0.0041120201909771266, 0.9999845107613398]]",nan,nan,False,,disabled_or_unavailable,4.964880707156874,null,nan
visual_span,65.72,65.92,0.20000000000000284,65.92,27,0,0.0,False,,disabled_or_unavailable,,null,"[[0.9964839294175005, -0.07400033441478367, -0.03929031584446685], [0.07652071776329901, 0.9948091971163013, 0.06707638247408305], [0.03412269282526388, -0.06984706034845077, 0.9969739364672642]]",nan,nan,False,,disabled_or_unavailable,4.964880707156874,null,nan
visual_span,65.92,66.0,0.0799999999999983,66.0,22,0,0.0,False,,disabled_or_unavailable,,null,"[[0.9994766669618332, -0.027582184694243336, -0.0169001564003794], [0.02813013671368673, 0.9990563659657975, 0.03309188770203146], [0.015971462279138062, -0.03354997333392705, 0.999309417388808]]",nan,nan,False,,disabled_or_unavailable,4.964880707156874,null,nan
visual_span,66.0,66.12,0.12000000000000455,66.12,23,0,0.0,False,,disabled_or_unavailable,,null,"[[0.9994120769082929, -0.029693636150383427, -0.017140259683595817], [0.030295949869049783, 0.9988917029013185, 0.0360211229202562], [0.016051665065795515, -0.036519225718418875, 0.99920402831531]]",nan,nan,False,,disabled_or_unavailable,4.964880707156874,null,nan
visual_span,66.12,66.4,0.28000000000000114,66.4,28,0,0.0,False,,disabled_or_unavailable,,null,"[[0.9980300870648956, -0.05815319087830365, -0.023540427012026927], [0.05937348001506531, 0.9967212077547714, 0.05496929945679341], [0.020266602678732985, -0.05625869179550452, 0.9982105110713475]]",nan,nan,False,,disabled_or_unavailable,4.964880707156874,null,nan
visual_span,66.4,67.12,0.7199999999999989,67.12,28,0,0.0,False,,disabled_or_unavailable,,null,"[[0.996673939868581, -0.08107957028878804, 0.00819517349576029], [0.08143132186053767, 0.9947765875101245, -0.061550635754288124], [-0.003161867626206444, 0.062013258449278505, 0.9980703173472385]]",nan,nan,False,,disabled_or_unavailable,4.964880707156874,null,nan
visual_span,67.12,68.0,0.8799999999999955,68.0,27,0,0.0,False,,disabled_or_unavailable,,null,"[[0.9993453946537121, -0.035925852854893484, 0.004256205007439524], [0.03610129168540624, 0.9979378131979806, -0.053073700909942415], [-0.0023407099482912748, 0.05319261308002593, 0.9985815274631596]]",nan,nan,False,,disabled_or_unavailable,4.964880707156874,null,nan
visual_span,68.0,68.4,0.4000000000000057,68.4,27,0,0.0,False,,disabled_or_unavailable,,null,"[[0.9999713660879163, -0.007536733104285444, 0.0006816585524072604], [0.007537965663022479, 0.9999699255014397, -0.0018240521672500975], [-0.0006678906575152498, 0.0018291382562626553, 0.9999981040858577]]",nan,nan,False,,disabled_or_unavailable,4.964880707156874,null,nan
visual_span,68.4,69.04,0.6400000000000006,69.04,29,0,0.0,False,,disabled_or_unavailable,,null,"[[0.9999731332325754, -0.007254682390347302, 0.0010499506853453068], [0.007261147907623539, 0.9999538484055075, -0.006291008669464968], [-0.00100426295863515, 0.006298463497620181, 0.999979660199886]]",nan,nan,False,,disabled_or_unavailable,4.964880707156874,null,nan
visual_span,69.04,69.92,0.8799999999999955,69.92,26,0,0.0,False,,disabled_or_unavailable,,null,"[[0.9999760410729174, -0.005437022775659888, -0.004284397679045006], [0.005429377905226295, 0.999983651636175, -0.0017939665391146502], [0.004294081473084916, 0.001770661943505341, 0.9999892127521098]]",nan,nan,False,,disabled_or_unavailable,4.964880707156874,null,nan
visual_span,69.92,70.2,0.28000000000000114,70.2,29,0,0.0,False,,disabled_or_unavailable,,null,"[[0.9989384899368597, -0.001279251855292077, -0.046046246723886734], [0.0012890791093083595, 0.9999991522592435, 0.00018372763570139922], [0.04604597265468787, -0.00024288986168104608, 0.9989392921528308]]",nan,nan,False,,disabled_or_unavailable,4.964880707156874,null,nan
visual_span,70.2,70.36,0.1599999999999966,70.36,25,0,0.0,False,,disabled_or_unavailable,,null,"[[0.9997341834025256, -0.0009630588450396721, -0.02303551723200889], [0.0009715033469492717, 0.9999994649366305, 0.0003553979452917766], [0.023035162637412697, -0.00037768255670881404, 0.9997345840962761]]",nan,nan,False,,disabled_or_unavailable,4.964880707156874,null,nan
visual_span,70.36,70.56,0.20000000000000284,70.56,25,0,0.0,False,,disabled_or_unavailable,,null,"[[0.9998969709544705, -0.0008571139146142613, -0.014328741459476515], [0.0008523251955518171, 0.9999995788663332, -0.00034030709313078464], [0.014329027107105846, 0.00032805928424933263, 0.9998972804039774]]",nan,nan,False,,disabled_or_unavailable,4.964880707156874,null,nan
visual_span,70.56,70.68,0.12000000000000455,70.68,28,0,0.0,False,,disabled_or_unavailable,,null,"[[0.9999984885573364, -0.00037117444195781924, -0.0016985619142284851], [0.0003705841587743167, 0.9999998708439876, -0.00034782091594701836], [0.0016986907970833792, 0.0003471909300975362, 0.9999984969528875]]",nan,nan,False,,disabled_or_unavailable,4.964880707156874,null,nan
visual_span,70.68,70.88,0.19999999999998863,70.88,28,0,0.0,False,,disabled_or_unavailable,,null,"[[0.9999926221068989, -0.0007637396983329787, 0.0037646292569276985], [0.0007680784695700113, 0.9999990423982069, -0.0011511985640339656], [-0.003763746435867955, 0.0011540816012921816, 0.9999922511241895]]",nan,nan,False,,disabled_or_unavailable,4.964880707156874,null,nan
visual_span,70.88,71.08,0.20000000000000284,71.08,28,0,0.0,False,,disabled_or_unavailable,,null,"[[0.9999832879990722, -0.0006272210223632667, 0.0057472007407052385], [0.0006306728505019107, 0.9999996218344878, -0.0005988176996090544], [-0.005746822976262367, 0.0006024322956406501, 0.9999833054111498]]",nan,nan,False,,disabled_or_unavailable,4.964880707156874,null,nan
visual_span,71.08,71.24,0.1599999999999966,71.24,29,0,0.0,False,,disabled_or_unavailable,,null,"[[0.9999960050096823, -0.0006006143911879804, 0.002762105542612127], [0.0006008151088722137, 0.999999816930152, -7.183917667690247e-05], [-0.0027620618893105225, 7.349840442238826e-05, 0.9999961827987666]]",nan,nan,False,,disabled_or_unavailable,4.964880707156874,null,nan
visual_span,71.24,71.88,0.6400000000000006,71.88,28,0,0.0,False,,disabled_or_unavailable,,null,"[[0.9999968125015524, -0.0015445139362240097, -0.001997364122122399], [0.0015467791767444054, 0.9999981618139121, 0.0011330679484702762], [0.001995610411358356, -0.0011361538180504245, 0.9999973633433182]]",nan,nan,False,,disabled_or_unavailable,4.964880707156874,null,nan
visual_span,71.88,72.96,1.0799999999999983,72.96,41,40,0.975609756097561,False,,disabled_or_unavailable,,null,"[[0.9999961470568864, -0.002612402410876085, 0.0009387358656512976], [0.0026112275067013443, 0.9999958086930173, 0.001250634761355344], [-0.0009419990923867992, -0.001248178689816837, 0.9999987773430866]]",nan,nan,False,,disabled_or_unavailable,4.964880707156874,null,nan
visual_span,72.96,74.12,1.1600000000000108,74.12,39,38,0.9743589743589743,False,,disabled_or_unavailable,,null,"[[0.9999980059335861, -0.0019903523254424195, 0.00016317620086169776], [0.00199030006924046, 0.9999979682200532, 0.00031978336462842817], [-0.00016381235088699098, -0.0003194579573552876, 0.9999999355560617]]",nan,nan,False,,disabled_or_unavailable,4.964880707156874,null,nan
visual_span,74.12,75.28,1.1599999999999966,75.28,38,38,1.0,False,,disabled_or_unavailable,,null,"[[0.9999967331729477, -0.00253769999166801, -0.0003061407923906681], [0.0025381989623916336, 0.9999954329022714, 0.0016406464049919776], [0.0003019759258474722, -0.0016414180915255104, 0.9999986072776247]]",nan,nan,False,,disabled_or_unavailable,4.964880707156874,null,nan
visual_span,75.28,76.52,1.2399999999999949,76.52,39,39,1.0,False,,disabled_or_unavailable,,null,"[[0.9999961696231111, -0.0027194715102210366, -0.0005149891367642935], [0.002720655367722466, 0.9999936258044085, 0.002312225102026805], [0.0005086978238326284, -0.002313617353292469, 0.999997194196697]]",nan,nan,False,,disabled_or_unavailable,4.964880707156874,null,nan
visual_span,76.52,77.52,1.0,77.52,50,50,1.0,False,,disabled_or_unavailable,,null,"[[0.9999991277897617, -0.0012155056707200374, -0.0005166872173091646], [0.0012158771174985282, 0.9999990021998527, 0.0007191954770872037], [0.0005158125155778274, -0.0007198230779619753, 0.9999996078960158]]",nan,nan,False,,disabled_or_unavailable,4.964880707156874,null,nan
visual_span,77.52,78.56,1.0400000000000063,78.56,48,48,1.0,False,,disabled_or_unavailable,,null,"[[0.9999975380730004, -0.002124164274910897, -0.0006416962451919579], [0.0021251112507197118, 0.9999966486999318, 0.0014786788282441868], [0.0006385531379342643, -0.001480038863755058, 0.9999987008665819]]",nan,nan,False,,disabled_or_unavailable,4.964880707156874,null,nan
visual_span,78.56,79.76,1.2000000000000028,79.76,38,38,1.0,False,,disabled_or_unavailable,,null,"[[0.9999941249297541, -0.003272503346578867, -0.0010202096949424953], [0.0032739534412074655, 0.9999936281947968, 0.001422954205588664], [0.0010155465719652351, -0.0014262859646742602, 0.9999984671855787]]",nan,nan,False,,disabled_or_unavailable,4.964880707156874,null,nan
visual_span,79.76,80.76,1.0,80.76,37,37,1.0,False,,disabled_or_unavailable,,null,"[[0.9999956674916674, -0.0027900333904883057, -0.0009384623459351386], [0.0027918216074727335, 0.9999942795760839, 0.001909593470154872], [0.0009331291479887, -0.0019122052162804319, 0.9999977363680401]]",nan,nan,False,,disabled_or_unavailable,4.964880707156874,null,nan
visual_span,80.76,81.84,1.0799999999999983,81.84,30,30,1.0,False,,disabled_or_unavailable,,null,"[[0.99999843748039, -0.0014724940124900012, -0.0009781606013457402], [0.001474048264162647, 0.9999976493195366, 0.001590137451962969], [0.000975816834125673, -0.0015915768232785035, 0.9999982573308426]]",nan,nan,False,,disabled_or_unavailable,4.964880707156874,null,nan
visual_span,81.84,82.96,1.1199999999999903,82.96,29,0,0.0,False,,disabled_or_unavailable,,null,"[[0.9999992512065706, -0.0007051155940339241, -0.0010001991289895773], [0.0007068803437870275, 0.9999981922924966, 0.0017651435972356668], [0.0009989526906459868, -0.0017658492966118944, 0.9999979419327741]]",nan,nan,False,,disabled_or_unavailable,4.964880707156874,null,nan
visual_span,82.96,83.88,0.9200000000000017,83.88,29,0,0.0,False,,disabled_or_unavailable,,null,"[[0.999999538384289, 0.0001082577204360738, -0.0009547311007950136], [-0.00010738953986526061, 0.9999995807749131, 0.0009093500341999694], [0.000954829144709566, -0.0009092470862960974, 0.9999991307851425]]",nan,nan,False,,disabled_or_unavailable,4.964880707156874,null,nan
visual_span,83.88,84.12,0.2400000000000091,84.12,26,0,0.0,False,,disabled_or_unavailable,,null,"[[0.9999969461605588, 0.00018513815183931716, -0.002464425576422132], [-0.00018444192380995906, 0.9999999430208897, 0.00028273555632547294], [0.002464477781139712, -0.00028228014950207775, 0.999996923328859]]",nan,nan,False,,disabled_or_unavailable,4.964880707156874,null,nan
visual_span,84.12,84.16,0.03999999999999204,84.16,28,0,0.0,False,,disabled_or_unavailable,,null,"[[0.9999497637814003, 0.00019615197464120822, -0.010021548678961342], [-0.00019682569990380486, 0.9999999784358583, -6.624142982539714e-05], [0.010021535469467982, 6.821060043930468e-05, 0.9999497808260914]]",nan,nan,False,,disabled_or_unavailable,4.964880707156874,null,nan
visual_span,84.16,84.2,0.04000000000000625,84.2,22,0,0.0,False,,disabled_or_unavailable,,null,"[[0.9998655092969572, 3.911403439410166e-05, -0.016400054525176053], [-3.68109028965987e-05, 0.9999999894191358, 0.00014073622769422467], [0.01640005985641095, -0.00014011359916539328, 0.9998655001573389]]",nan,nan,False,,disabled_or_unavailable,4.964880707156874,null,nan
visual_span,84.2,84.24,0.03999999999999204,84.24,26,0,0.0,False,,disabled_or_unavailable,,null,"[[0.9998048323449861, 5.512031141737795e-05, -0.019755864480353984], [-5.485989835909418e-05, 0.9999999984010287, 1.3723512232767106e-05], [0.019755865205209187, -1.2637029129677819e-05, 0.9998048337702212]]",nan,nan,False,,disabled_or_unavailable,4.964880707156874,null,nan
visual_span,84.24,84.28,0.04000000000000625,84.28,19,0,0.0,False,,disabled_or_unavailable,,null,"[[0.999770654653372, 3.4510193435843433e-05, -0.021415809651154867], [-3.082156309015876e-05, 0.999999984635036, 0.00017256870777743546], [0.02141581527748121, -0.00017186906121904319, 0.99977064035559]]",nan,nan,False,,disabled_or_unavailable,4.964880707156874,null,nan
visual_span,84.28,84.32,0.03999999999999204,84.32,21,0,0.0,False,,disabled_or_unavailable,,null,"[[0.9997453488851922, 6.455549237636369e-05, -0.022566196290338653], [-6.099784207515472e-05, 0.9999999856034959, 0.00015834226089093574], [0.02256620618732693, -0.00015692544958012362, 0.9997453384300997]]",nan,nan,False,,disabled_or_unavailable,4.964880707156874,null,nan
visual_span,84.32,84.36,0.04000000000000625,84.36,23,0,0.0,False,,disabled_or_unavailable,,null,"[[0.9997377305720628, 4.13242563932706e-05, -0.02290127426427134], [-3.668053852339387e-05, 0.999999978683939, 0.00020319119011299138], [0.022901282172831217, -0.00020229786820291317, 0.9997377107773884]]",nan,nan,False,,disabled_or_unavailable,4.964880707156874,null,nan
visual_span,84.36,84.4,0.04000000000000625,84.4,19,0,0.0,False,,disabled_or_unavailable,,null,"[[0.999750847241849, 9.499152630988678e-05, -0.02232116519842416], [-8.85968489682261e-05, 0.999999954754744, 0.0002874736661812656], [0.022321191496059645, -0.0002854244564225611, 0.9997508104238158]]",nan,nan,False,,disabled_or_unavailable,4.964880707156874,null,nan
visual_span,84.4,84.44,0.03999999999999204,84.44,15,0,0.0,False,,disabled_or_unavailable,,null,"[[0.9997998507815894, 7.48496681692068e-05, -0.020006318367933092], [-7.048541315713905e-05, 0.999999973568484, 0.00021884889331003096], [0.02000633421990281, -0.00021739493725916786, 0.9997998296311733]]",nan,nan,False,,disabled_or_unavailable,4.964880707156874,null,nan
visual_span,84.44,84.48,0.04000000000000625,84.48,17,0,0.0,False,,disabled_or_unavailable,,null,"[[0.9997353454137976, -0.0026453721792063676, -0.022852595834804867], [0.002752505693472922, 0.9999853640055002, 0.00465784147382407], [0.02283993964008791, -0.004719510654862152, 0.9997279946947651]]",nan,nan,False,,disabled_or_unavailable,4.964880707156874,null,nan
visual_span,84.48,84.52,0.03999999999999204,84.52,13,0,0.0,False,,disabled_or_unavailable,,null,"[[0.9995271521185569, -0.007883635905838791, -0.029720707640826696], [0.008235361172649782, 0.9998972809413369, 0.011730575112813078], [0.029625175174559516, -0.011969789096951816, 0.9994894062194213]]",nan,nan,False,,disabled_or_unavailable,4.964880707156874,null,nan
visual_span,84.52,84.56,0.04000000000000625,84.56,7,0,0.0,False,,disabled_or_unavailable,,null,"[[0.9996347385025586, -0.012078808143948988, -0.024176268792832356], [0.012259601116852963, 0.9998978793182555, 0.0073439168916320284], [0.02408509413262206, -0.00763762585344505, 0.9996807364913789]]",nan,nan,False,,disabled_or_unavailable,4.964880707156874,null,nan
visual_span,84.56,84.6,0.03999999999999204,84.6,12,0,0.0,False,,disabled_or_unavailable,,null,"[[0.9997339901417989, -0.014748645293065611, -0.017732073121244], [0.014848264976387443, 0.9998746339891976, 0.0054995756344602496], [0.01764873883167849, -0.005761403213410468, 0.9998276492729453]]",nan,nan,False,,disabled_or_unavailable,4.964880707156874,null,nan
visual_span,84.6,84.64,0.04000000000000625,84.64,14,0,0.0,False,,disabled_or_unavailable,,null,"[[0.999761595373308, -0.01645963650015178, -0.014346873628099477], [0.016529187140502916, 0.9998521351584903, 0.004742762009872191], [0.014266688091215072, -0.004978773472545741, 0.9998858301954363]]",nan,nan,False,,disabled_or_unavailable,4.964880707156874,null,nan
visual_span,84.64,84.68,0.04000000000000625,84.68,14,0,0.0,False,,disabled_or_unavailable,,null,"[[0.9997711949261537, -0.017674889389650235, -0.012048073746221072], [0.017710448097592056, 0.9998390926297758, 0.002851118631180847], [0.011995741915915408, -0.0030638430655303044, 0.9999233545835183]]",nan,nan,False,,disabled_or_unavailable,4.964880707156874,null,nan
visual_span,84.68,84.72,0.03999999999999204,84.72,11,0,0.0,False,,disabled_or_unavailable,,null,"[[0.9997823662422523, -0.018315421276544674, -0.009988267843108517], [0.018333622183205472, 0.9998304218907174, 0.0017337126271276088], [0.009954820374394368, -0.0019164564416339245, 0.9999486130527012]]",nan,nan,False,,disabled_or_unavailable,4.964880707156874,null,nan
visual_span,84.72,84.76,0.04000000000000625,84.76,15,0,0.0,False,,disabled_or_unavailable,,null,"[[0.9997921395079702, -0.018684156364935835, -0.008159661696824054], [0.018691333282664032, 0.9998249783587716, 0.0008041828143293863], [0.008143208101993081, -0.0009565306127430439, 0.9999663860405484]]",nan,nan,False,,disabled_or_unavailable,4.964880707156874,null,nan
visual_span,84.76,84.8,0.03999999999999204,84.8,14,0,0.0,False,,disabled_or_unavailable,,null,"[[0.9997989969620692, -0.018870558364934408, -0.0067725697217861005], [0.01887067747799436, 0.999821931838859, -4.631990899788761e-05], [0.006772237825295744, -8.149238036159309e-05, 0.9999770648139037]]",nan,nan,False,,disabled_or_unavailable,4.964880707156874,null,nan
visual_span,84.8,84.84,0.04000000000000625,84.84,18,0,0.0,False,,disabled_or_unavailable,,null,"[[0.9998041788910524, -0.018931948431938753, -0.005760659733001704], [0.01892728394922069, 0.9998204903258744, -0.0008631609550374878], [0.005775966957539515, 0.0007539582874007067, 0.9999830347323933]]",nan,nan,False,,disabled_or_unavailable,4.964880707156874,null,nan
visual_span,84.84,84.88,0.03999999999999204,84.88,17,0,0.0,False,,disabled_or_unavailable,,null,"[[0.9998058385671904, -0.019085067781393617, -0.004903606299142194], [0.01907804373661141, 0.9998169092053583, -0.001475233618304828], [0.004930863427567011, 0.001381395969389611, 0.9999868890795692]]",nan,nan,False,,disabled_or_unavailable,4.964880707156874,null,nan
visual_span,84.88,84.92,0.04000000000000625,84.92,12,0,0.0,False,,disabled_or_unavailable,,null,"[[0.9998047960953498, -0.019307623658047682, -0.0041934917926669335], [0.019299636890267334, 0.9998118688014593, -0.0019367549244043375], [0.0042300970012281785, 0.0018554439933799551, 0.9999893317465679]]",nan,nan,False,,disabled_or_unavailable,4.964880707156874,null,nan
visual_span,84.92,84.96,0.03999999999999204,84.96,12,0,0.0,False,,disabled_or_unavailable,,null,"[[0.9998084275197552, -0.019236038454761805, -0.0036170547468381874], [0.019229098302619884, 0.9998132142285268, -0.0019438190477793118], [0.003653770510429019, 0.001873893964250272, 0.9999915692056949]]",nan,nan,False,,disabled_or_unavailable,4.964880707156874,null,nan
visual_span,84.96,85.04,0.0800000000000125,85.04,9,0,0.0,False,,disabled_or_unavailable,,null,"[[0.9992543768403349, -0.038170944334408805, -0.005802531693484076], [0.03814536277724316, 0.9992622599389199, -0.004457259287437503], [0.005968388729542908, 0.0042325961752097555, 0.9999732313745159]]",nan,nan,False,,disabled_or_unavailable,4.964880707156874,null,nan
visual_span,85.04,85.08,0.03999999999999204,85.08,16,0,0.0,False,,disabled_or_unavailable,,null,"[[0.9998153999928926, -0.01907310965257002, -0.0023200054383033567], [0.019068165520173864, 0.9998159067741895, -0.0021348594803938877], [0.0023602967499807025, 0.0020902271376133613, 0.9999950299625322]]",nan,nan,False,,disabled_or_unavailable,4.964880707156874,null,nan
visual_span,85.08,85.12,0.04000000000000625,85.12,18,0,0.0,False,,disabled_or_unavailable,,null,"[[0.9998158033963482, -0.019091446300075816, -0.0019687450535828166], [0.01908754660725038, 0.9998158537950119, -0.001980925204890678], [0.002006201243826247, 0.0019429818122277934, 0.9999960999815183]]",nan,nan,False,,disabled_or_unavailable,4.964880707156874,null,nan
visual_span,85.12,85.16,0.03999999999999204,85.16,18,0,0.0,False,,disabled_or_unavailable,,null,"[[0.9998167180193263, -0.019076717470748464, -0.0016153078977186133], [0.01907414466029333, 0.9998168021495236, -0.0015934694784681346], [0.001645410143822891, 0.0015623668077139785, 0.9999974258143953]]",nan,nan,False,,disabled_or_unavailable,4.964880707156874,null,nan
visual_span,85.16,85.2,0.04000000000000625,85.2,22,0,0.0,False,,disabled_or_unavailable,,null,"[[0.9998162774949187, -0.01912440452642565, -0.001291668577398562], [0.01912277143920811, 0.9998163427557799, -0.0012650576830351722], [0.0013156248279868183, 0.0012401249804877726, 0.9999983656093371]]",nan,nan,False,,disabled_or_unavailable,4.964880707156874,null,nan
visual_span,85.2,85.24,0.03999999999999204,85.24,24,0,0.0,False,,disabled_or_unavailable,,null,"[[0.9998141724360414, -0.01925293654590173, -0.0009721267371328642], [0.019252284777827287, 0.9998144294501459, -0.0006754214333701981], [0.000984950185038145, 0.0006565802606671675, 0.9999992993875017]]",nan,nan,False,,disabled_or_unavailable,4.964880707156874,null,nan
visual_span,85.24,85.28,0.04000000000000625,85.28,25,0,0.0,False,,disabled_or_unavailable,,null,"[[0.9998162079214752, -0.019161033985972072, -0.0006365171721285582], [0.01916091208112276, 0.9998163934504655, -0.0001970683226654135], [0.0006401763362350146, 0.00018483585349549916, 0.9999997780049584]]",nan,nan,False,,disabled_or_unavailable,4.964880707156874,null,nan
visual_span,85.28,85.32,0.03999999999999204,85.32,22,0,0.0,False,,disabled_or_unavailable,,null,"[[0.9998183634760762, -0.01905701714987457, -0.00026486481498666026], [0.01905703453656574, 0.9998183962254825, 6.327540001204204e-05], [0.00026361087415332715, -6.831144481505583e-05, 0.9999999629214261]]",nan,nan,False,,disabled_or_unavailable,4.964880707156874,null,nan
visual_span,85.32,85.36,0.04000000000000625,85.36,27,0,0.0,False,,disabled_or_unavailable,,null,"[[0.9998166148491117, -0.019150070255312936, 0.0001071488675781707], [0.01914998397051519, 0.9998163368420122, 0.0007554453979534077], [-0.00012159602072363707, -0.0007532549613885354, 0.9999997089106432]]",nan,nan,False,,disabled_or_unavailable,4.964880707156874,null,nan
visual_span,85.36,85.4,0.04000000000000625,85.4,25,0,0.0,False,,disabled_or_unavailable,,null,"[[0.9998184016793209, -0.019050927393950628, 0.00047521451837105643], [0.01905028673802398, 0.9998176579932906, 0.0013180819436845296], [-0.0005002385502105705, -0.0013087896093799984, 0.9999990184150938]]",nan,nan,False,,disabled_or_unavailable,4.964880707156874,null,nan
visual_span,85.4,85.44,0.03999999999999204,85.44,27,0,0.0,False,,disabled_or_unavailable,,null,"[[0.9998143163979724, -0.019249769245624403, 0.0008826718789678818], [0.019248193761057096, 0.999813187357228, 0.0017599498623156028], [-0.0009163856134349149, -0.0017426332291319694, 0.9999980617315399]]",nan,nan,False,,disabled_or_unavailable,4.964880707156874,null,nan
visual_span,85.44,85.52,0.0799999999999983,85.52,28,0,0.0,False,,disabled_or_unavailable,,null,"[[0.9992712094425282, -0.038063201197530254, 0.0028710092063701413], [0.0380474549922818, 0.9992615951612066, 0.005353092983590198], [-0.003072645094543419, -0.005239957106408695, 0.9999815506806342]]",nan,nan,False,,disabled_or_unavailable,4.964880707156874,null,nan
visual_span,85.52,85.6,0.0799999999999983,85.6,29,0,0.0,False,,disabled_or_unavailable,,null,"[[0.9992656303629966, -0.03804487883372043, 0.004559294876503559], [0.03800818249870594, 0.9992463433626029, 0.007881836055927056], [-0.004855722231393024, -0.007702757363112181, 0.9999585438860038]]",nan,nan,False,,disabled_or_unavailable,4.964880707156874,null,nan
visual_span,85.6,85.68,0.0800000000000125,85.68,29,0,0.0,False,,disabled_or_unavailable,,null,"[[0.9992530360602182, -0.03813560982630307, 0.006248614855494574], [0.03807068713009849, 0.9992230010718348, 0.010198868095938946], [-0.006632699742825996, -0.009953360848084668, 0.9999284663924463]]",nan,nan,False,,disabled_or_unavailable,4.964880707156874,null,nan
visual_span,85.68,85.88,0.19999999999998863,85.88,22,0,0.0,False,,disabled_or_unavailable,,null,"[[0.9951759668771574, -0.09552608846986715, 0.022350869597448624], [0.09473123366124675, 0.9949129471878986, 0.03426690658504587], [-0.02551055309344177, -0.03198427644229429, 0.999162758383903]]",nan,nan,False,,disabled_or_unavailable,4.964880707156874,null,nan
visual_span,85.88,86.12,0.2400000000000091,86.12,22,0,0.0,False,,disabled_or_unavailable,,null,"[[0.9925565036458746, -0.11526743250634379, 0.039306565274424596], [0.1130580537835962, 0.992095861985565, 0.054439664820647764], [-0.04527100114800413, -0.04959051960319113, 0.9977431116377317]]",nan,nan,False,,disabled_or_unavailable,4.964880707156874,null,nan
visual_span,86.12,86.36,0.23999999999999488,86.36,28,0,0.0,False,,disabled_or_unavailable,,null,"[[0.9929672283855095, -0.11456205681808262, 0.029859981413426405], [0.11328068770278357, 0.9926934208578952, 0.0415602932982245], [-0.0344030397782548, -0.03788545001792157, 0.998689703326792]]",nan,nan,False,,disabled_or_unavailable,4.964880707156874,null,nan
visual_span,86.36,86.6,0.23999999999999488,86.6,29,0,0.0,False,,disabled_or_unavailable,,null,"[[0.9893464550949836, -0.10911626244230486, 0.09637029138490447], [0.1164619530939978, 0.9904198831161961, -0.07419614956068561], [-0.08735104620163858, 0.0846291699044852, 0.9925762934549448]]",nan,nan,False,,disabled_or_unavailable,4.964880707156874,null,nan
visual_span,86.6,87.0,0.4000000000000057,87.0,26,0,0.0,False,,disabled_or_unavailable,,null,"[[0.9751773412232372, -0.1781052478164077, 0.13155863280315128], [0.1949322166415561, 0.972356193755282, -0.1285490699342095], [-0.10502658749091985, 0.15100315614581317, 0.9829381785005686]]",nan,nan,False,,disabled_or_unavailable,4.964880707156874,null,nan
visual_span,87.0,88.04,1.0400000000000063,88.04,35,26,0.7428571428571429,False,,disabled_or_unavailable,,null,"[[0.9394120055165613, -0.3075495374554636, -0.15138812999136575], [0.33359742175037616, 0.9218239165316596, 0.19736622586383293], [0.0788533074312924, -0.23591089190870831, 0.968570186917801]]",nan,nan,False,,disabled_or_unavailable,4.964880707156874,null,nan
visual_span,88.04,89.2,1.1599999999999966,89.2,62,46,0.7419354838709677,False,24.833568153882936,Mahalanobis gate,1.425518411007919,"[[0.9930313344787166, -0.1132082451320324, 0.03275151870593085], [0.11605088721486026, 0.9877287972637386, -0.10451801104389656], [-0.020517317565000002, 0.10759050278743922, 0.9939835629374779]]","[[0.9953365063530554, -0.09510897361769846, 0.016109694543433584], [0.09629703086851327, 0.9894751044958279, -0.10800879329424877], [-0.0056675362198576554, 0.1090564107256382, 0.9940194054005375]]",1.415535179888116,17.4181525890901,False,10.750917952628186,Mahalanobis gate,77.22075397788211,"[-0.8873872455753881, 0.4123285724686327, 0.20622566454276708]",24.254913208358957
visual_span,89.2,90.44,1.2399999999999949,90.44,57,54,0.9473684210526315,True,0.4215558931234482,,0.19091579068261563,"[[0.9997369093910771, -0.022792456496778073, 0.0025721446343306073], [0.022826391247639542, 0.9996408384074948, -0.014041013160405241], [-0.0022511916371383625, 0.014096031881471722, 0.9998981118201041]]","[[0.9996849789225986, -0.025097708341055597, 0.00021898070957689032], [0.025098372395835837, 0.9995932980124335, -0.013539212373940896], [0.0001209115536417129, 0.013540443296068154, 0.9999083166849561]]",0.12856119268731012,3.1980656425646927,False,nan,visual direction is in the opposite hemisphere from predicted velocity,95.45442668759364,"[-0.9955128495312335, -0.08931387544658544, -0.03126016748060139]",7.003328257903566
visual_span,90.44,91.56,1.1200000000000045,91.56,64,62,0.96875,True,0.9468851462228076,,0.26123184020552254,"[[0.9998544023783462, -0.0023533988789865546, -0.0169007561474873], [0.0022747062438996054, 0.9999864902076018, -0.0046738756707924425], [0.01691152731554454, 0.004634750910075556, 0.999846247844066]]","[[0.9997805958387121, -0.005400128189917426, -0.0202385473767731], [0.005293284751995633, 0.9999717907197138, -0.005329061957151538], [0.020266754079618192, 0.005220764344550365, 0.999780977163866]]",0.18392973899827367,2.094532045717397,True,1.1700588315170906,,87.04691531158706,"[-0.9932912369845032, -0.11237217079550732, -0.02729494019962934]",7.250304779987916
visual_span,91.56,92.72,1.1599999999999966,92.72,54,51,0.9444444444444444,True,0.7917448290545214,,0.23494681060413508,"[[0.998158551886016, 0.00021986844839049681, -0.06065852746874914], [-0.0005526892811252221, 0.9999848863187429, -0.0054700702599971614], [0.0606564079992388, 0.005493522727374347, 0.9981435875547534]]","[[0.9982809530504826, 6.622138970667696e-05, -0.058610019547408604], [-0.0001801882324991816, 0.9999981034939317, -0.0019392113708206512], [0.05860977997587896, 0.0019464386112581626, 0.9982790717369124]]",0.1264315498963236,6.924291724979678,True,4.7993467520660165,,39.44861969222377,"[-0.9988886829260911, -0.02442261755318341, 0.040310480945167065]",1.817214915559869
visual_span,92.72,94.0,1.2800000000000011,94.0,51,45,0.8823529411764706,True,11.189864585908886,,0.9037425418799856,"[[0.9998915608592556, -0.012330280714799026, -0.008051751358297344], [0.01237634849861296, 0.9999071812416566, 0.005696920150905263], [0.00798075938006332, -0.005795953662613679, 0.9999513560173106]]","[[0.9999949076618889, 0.001709798850134744, -0.0026946684736568285], [-0.0017071609189746365, 0.9999980616764175, 0.0009809408775608044], [0.0026963404621018817, -0.0009763356495703686, 0.999995888249953]]",0.9120343849322075,0.9054380688237316,False,53.652060062976595,Mahalanobis gate,34.43015354238062,"[-0.9980922725944525, 0.051995678220821406, -0.03329061179368143]",4.4748680790849455
visual_span,94.0,95.12,1.1200000000000045,95.12,67,66,0.9850746268656716,True,0.2087950913191001,,0.11682977840409918,"[[0.9999999513007907, -8.590287064424171e-05, -0.0003000318531996584], [8.573734143371136e-05, 0.9999998441520261, -0.0005516747515891123], [0.0003000791968851255, 0.0005516490007895493, 0.9999998028179082]]","[[0.9999974582927361, -0.0018747742772813444, -0.001252449391125873], [0.0018738007233841728, 0.9999979417588886, -0.0007780416673868004], [0.0012539054657877157, 0.0007756928492575489, 0.9999989130102528]]",0.10793802234958598,0.0998377851582864,False,41.07073981326262,Mahalanobis gate,33.084520443596446,"[-0.9983242561049184, -0.05745891763662683, 0.006866764637671341]",3.7695116040487013
visual_span,95.12,96.28,1.1599999999999966,96.28,56,54,0.9642857142857143,True,0.7803994089627908,,0.2257340570971628,"[[0.9999991770022846, 0.0011161887852890067, 0.0006325482976490812], [-0.0011164771514068045, 0.999999272903137, 0.0004557103988554651], [-0.0006320391788886562, -0.00045641624952833453, 0.9999996961052955]]","[[0.9999965251966292, -0.0017941979491247547, -0.0019314368710046065], [0.0017937429153617533, 0.9999983630862227, -0.00023729987061381022], [0.0019318594723501652, 0.00023383454483958695, 0.9999981066183999]]",0.062380708475285235,0.1643066012429848,False,32.745080048064544,Mahalanobis gate,32.03267047326026,"[-0.9950219760176616, -0.09590504024732814, 0.02708302968772984]",6.250117196649128
visual_span,96.28,97.4,1.1200000000000045,97.4,60,58,0.9666666666666667,True,1.0793886472800225,,0.2630659429903546,"[[0.9999986797538731, 0.0014691253587800384, -0.0006943782763257273], [-0.0014693821492606912, 0.9999988522114177, -0.00036944816481258006], [0.0006938347136585892, 0.0003704679840941389, 0.9999996906733835]]","[[0.9999943240331864, -0.00297744896704701, -0.0015769270939511636], [0.002975712637767203, 0.9999949650349429, -0.001102288102693097], [0.0015802011607510991, 0.001097589364260099, 0.9999981491292269]]",0.049902151829596376,0.20525153386708717,False,30.3328252212278,Mahalanobis gate,33.55578319859148,"[-0.9967611465434161, -0.08032781309109592, -0.003828731572818079]",5.260326400049068
visual_span,97.4,98.48,1.0799999999999983,98.48,59,54,0.9152542372881356,True,0.8053230168939766,,0.22279161741080775,"[[0.9999928074825668, -0.0027003620610743678, -0.002663273901260822], [0.0027064005854865298, 0.9999937695309408, 0.002266339597358893], [0.0026571373703489654, -0.002273531182717513, 0.9999938853197835]]","[[0.999993702024627, -0.00324119566572937, -0.0014458774976592232], [0.003239189200280652, 0.9999937906677074, -0.0013879046633375758], [0.001450366990304641, 0.0013832124515728392, 0.999997991577437]]",0.37142163127629113,0.1779293396866009,False,29.911604907022653,Mahalanobis gate,36.14759447640919,"[-0.9986527159471721, -0.048102113393215955, -0.019466371476048412]",3.695003720938924
visual_span,98.48,99.64,1.1599999999999966,99.64,54,53,0.9814814814814815,True,2.9158324502953135,,0.4333471710106761,"[[0.9999799820483112, 0.005517131222642888, -0.003097864705175732], [-0.00552608235394975, 0.9999805596906349, -0.0028883653892622513], [0.003081868990855993, 0.002905426625585624, 0.9999910302495951]]","[[0.9999967082123123, -0.0018459572113198467, -0.0017821353803168971], [0.0018427759868107616, 0.9999967088666561, -0.0017850581275675095], [0.0017854246559949319, 0.0017817681752510493, 0.9999968187754238]]",0.2251487004704098,0.6046666284795902,False,24.53878158727349,Mahalanobis gate,33.36385563844395,"[-0.991456143026811, -0.12271609877520467, -0.04422075933082218]",8.37439497963051
visual_span,99.64,100.96,1.3199999999999932,100.96,35,27,0.7714285714285715,False,,disabled_or_unavailable,,null,"[[0.869777150953822, -0.36846716789106154, -0.3282067242836325], [0.39244467293946445, 0.9197454839998447, 0.007444685576167093], [0.2991235302681635, -0.13527819797820878, 0.9445765838679675]]",nan,nan,False,,disabled_or_unavailable,33.36385563844395,null,nan
visual_span,100.96,102.08,1.1200000000000045,102.08,69,46,0.6666666666666666,False,22.250114856718145,Mahalanobis gate,1.188539253033833,"[[0.8622781751026579, -0.4986432813674064, 0.08849421839179811], [0.47841806774321843, 0.8593572477904, 0.18061360172189078], [-0.16610990698472772, -0.11340193392201982, 0.9795649545508816]]","[[0.8518903547004456, -0.5159844634556865, 0.08968197723454145], [0.49602934632900225, 0.8498744942638989, 0.1779557011733684], [-0.16804080203561333, -0.10711385284840524, 0.9799433204931796]]",0.8227830825374821,64.14809752476526,False,50.32176843812587,Mahalanobis gate,30.608885416336932,"[-0.7966288875825815, -0.5765256164588186, -0.18166075260143086]",30.97350785493978
visual_span,102.08,103.28,1.2000000000000028,103.28,94,78,0.8297872340425532,True,7.955267351797623,,0.7247573457397722,"[[0.8709661095699107, -0.4843147421665592, 0.08280861368718626], [0.49006951202516386, 0.8684089713022886, -0.07548332229783454], [-0.03535405725050701, 0.10632539246031632, 0.9937026726109212]]","[[0.8672628398179624, -0.4923344935562026, 0.07390475712456837], [0.49715958941851945, 0.8642817997468056, -0.07648080331450702], [-0.02622039893085314, 0.10307141738222417, 0.9943283027243702]]",0.37346544425521316,60.18501585382645,False,42.587341591053296,Mahalanobis gate,16.004208411550067,"[-0.33387754189864205, -0.8969885075527265, -0.2897195270154454]",18.387177537750613
visual_span,103.28,104.36,1.0799999999999983,104.36,93,77,0.8279569892473119,False,13.718057693959732,Mahalanobis gate,0.925129930274212,"[[0.9906505261542127, -0.13590107871915064, -0.011934480858121528], [0.1358725292746234, 0.9907212397270072, -0.0031750499678747934], [0.012255236386877784, 0.0015237968214685304, 0.9999237407044342]]","[[0.9884916738394391, -0.15065447588170738, -0.013690859977071061], [0.15053609686299108, 0.988560705768421, -0.00930669392949765], [0.014936341297649933, 0.007138620836634462, 0.9998629635110957]]",0.6683783993783265,16.340062408505744,False,23.679624384015508,Mahalanobis gate,11.817187990824873,"[-0.027687239489524118, -0.9685192019527642, -0.2473943657770542]",13.557649499168607
visual_span,104.36,105.44,1.0799999999999983,105.44,93,83,0.8924731182795699,True,1.5825731182059557,,0.31551661679468646,"[[0.9994239894870453, -0.03383706921746502, 0.002596533183107928], [0.03392525119317342, 0.9981366343542556, -0.05071820670566927], [-0.0008755394214910601, 0.050777080525876934, 0.9987096282323455]]","[[0.9992398212935617, -0.03883233203146328, 0.0034394084097398797], [0.03895363319599044, 0.9980606601427844, -0.048554434773578556], [-0.0015472562951979998, 0.048651502179764744, 0.9988146160993087]]",0.16096616882725334,6.961167265302258,True,7.1272970615018085,,6.6971345935827875,"[0.042030086104638584, -0.9937524710663065, -0.10339002907266386]",5.3952704207231506
visual_span,105.44,106.56,1.1200000000000045,106.56,85,72,0.8470588235294118,True,6.7149075748172455,,0.6500422576318952,"[[0.9999449748962849, -0.00951940456267855, 0.004407733707958904], [0.009521714796364157, 0.9999545407126242, -0.000503443682417864], [-0.0044027408514381375, 0.0005453851636425296, 0.9999901591655881]]","[[0.9999103468605776, -0.013377704100797411, 0.0005790286273078294], [0.013383027116881793, 0.9998558136476469, -0.010452105060280378], [-0.0004391199705552716, 0.010458917152068859, 0.999945207611726]]",0.5320304898997144,1.2707496267274578,True,1.0075379138679033,,2.101377998231184,"[0.11166670599586206, -0.9925074754283294, -0.04959292279063206]",7.146065737258443
visual_span,106.56,107.8,1.2399999999999949,107.8,84,71,0.8452380952380952,True,11.127559858714223,,0.8591753439576563,"[[0.9960240362181058, 0.004626149383690221, -0.08896470096433302], [-0.00538311619810804, 0.9999513086613686, -0.008270572314761117], [0.08892210825093545, 0.008716596141603028, 0.9960004415741556]]","[[0.995942508702076, -0.007757891033097808, -0.08965675929306256], [0.007700748134819707, 0.999969865396648, -0.0009832480735261996], [0.08966168545359633, 0.00028883443112413554, 0.995972237934518]]",0.6106584289358797,10.180254699151643,True,3.1725016360746547,,3.1182578500942832,"[0.06331609710072067, -0.9975358280813714, 0.03022157411428194]",3.720679472501237
visual_span,107.8,108.88,1.0799999999999983,108.88,87,79,0.9080459770114943,True,4.373388947952155,,0.5191347447464385,"[[0.9999336429021352, 0.0029846891679184955, 0.011126608784178815], [-0.0029017938803190396, 0.999967971698391, -0.0074588986909546965], [-0.011148514911924284, 0.007426116614805663, 0.9999102776785935]]","[[0.9999431440473452, -0.003972879159865787, 0.009895701283463202], [0.003990031826022905, 0.9999905705273232, -0.0017142060745467392], [-0.009888797638629048, 0.0017535927747891582, 0.9999495670250788]]",0.36822229164741765,1.372060892338,True,2.9514511548673044,,2.8457931544016706,"[0.028943848270601542, -0.9976123785657071, 0.0627040332017114]",1.665622749562989
visual_span,108.88,109.92,1.0400000000000063,109.92,89,83,0.9325842696629213,True,0.09045797909904169,,0.07393656277508465,"[[0.9999939225768268, -0.0026945828208104275, -0.0022122461058056877], [0.0026969369326854667, 0.9999957995101422, 0.0010618348517704274], [0.0022093756113382395, -0.0010677946867776304, 0.999996989232425]]","[[0.999996565005365, -0.0024157796131096853, -0.0010168511848592323], [0.0024172633230038695, 0.9999960119820142, 0.0014604307909524676], [0.0010133190507072775, -0.0014628837714546488, 0.999998416576533]]",0.20056829967389575,0.21920543606409718,True,1.3734719657695873,,2.271172978177547,"[-0.033430685790411425, -0.9993671966750156, -0.012148887089113462]",2.75020403274487
visual_span,109.92,110.96,1.039999999999992,110.96,82,72,0.8780487804878049,True,6.763508328759389,,0.6371841384255127,"[[0.9999521181206842, 0.004121341797288648, 0.00887558492421164], [-0.004128617419792866, 0.999991155964274, 0.0008015681104993586], [-0.008872202892064307, -0.0008381736244407796, 0.9999602899519646]]","[[0.9999978354198146, -0.002051399204757292, -0.0003477312014268354], [0.002051930720853227, 0.9999967164827182, 0.0015351234801629905], [0.0003445809085590154, -0.0015358336775999298, 0.9999987612386889]]",0.5245092039578333,0.6009224408099584,False,12.774020253289823,Mahalanobis gate,6.2875423507331245,"[0.029732994781073583, -0.9952737216529819, 0.09244548668470233]",5.308596582536924
visual_span,110.96,112.08,1.1200000000000045,112.08,71,63,0.8873239436619719,True,0.7686778442071549,,0.21868110636431717,"[[0.9999992121064571, 0.0004459695978830749, 0.001173412792928784], [-0.0004509634384929444, 0.9999908286959153, 0.00425900880883469], [-0.0011715026427573866, -0.004259534619457021, 0.9999902419255818]]","[[0.9999971724828701, -0.0023766940084698094, -7.969852597511301e-05], [0.0023768500010387513, 0.9999951393017451, 0.0020179090554151287], [7.490218622298478e-05, -0.002018092781184255, 0.9999979608435154]]",0.2552327246762514,0.2554595711444768,True,1.7824067933451007,,3.416259411642256,"[0.044897271674291805, -0.9988584100207148, -0.01631293128456089]",2.639064943847831
visual_span,112.08,113.24,1.1599999999999966,113.24,65,57,0.8769230769230769,True,0.6753583602141295,,0.20623395544008621,"[[0.9999858314002894, -0.0051797836529531875, 0.0012275341056449068], [0.005173645336199065, 0.9999743550709546, 0.0049520293177444455], [-0.0012531530661288642, -0.004945608328322592, 0.9999869851981353]]","[[0.9999958509376184, -0.002878088664550062, -0.00012129792885938359], [0.002878386858786455, 0.9999926458230629, 0.0025344010893492354], [0.00011400280576627327, -0.0025347397163254424, 0.9999967810437846]]",0.43175201777483263,0.4014385088021448,True,0.3747746370301088,,1.0270539459740688,"[0.008447447525170097, -0.9999492943720673, 0.005481725559930608]",0.5197414781566103
visual_span,113.24,114.36,1.1200000000000045,114.36,65,60,0.9230769230769231,True,1.5286751678661483,,0.3069079300697261,"[[0.9999943487669951, -0.002063147422983691, -0.002654403282171479], [0.0020567754204539254, 0.9999950023406333, -0.0024010349074192004], [0.0026593437053497883, 0.0023955618271847435, 0.9999935945667797]]","[[0.9999966793184988, -0.0025747080366950474, -0.00011059159908038042], [0.002574953968480423, 0.9999940755583266, 0.0022843949545519847], [0.00010470929383843147, -0.00228467213708085, 0.9999973846511752]]",0.2445182279832674,0.2300014701872349,True,0.568666682086328,,1.4389407157189227,"[-0.0020260660956505014, -0.9999776123532852, -0.006377291619458873]",0.40278741534628004
visual_span,114.36,115.36,1.0,115.36,64,59,0.921875,True,0.4044234101653152,,0.1545474014672723,"[[0.9999988133582524, 0.0005215253089867955, 0.0014495838848025116], [-0.0005234315482916026, 0.9999989984532182, 0.001314957023914853], [-0.0014488966496082351, -0.0013157142214691529, 0.9999980847954589]]","[[0.9999989811435713, -0.0013679238349712064, -0.0004080394604339132], [0.0013686646741947173, 0.9999974055604174, 0.0018208869937780103], [0.0004055475670806077, -0.001821443607750764, 0.9999982589356619]]",0.11486251705981211,0.11984983633513524,True,0.1980903157302058,,0.8169659235118777,"[0.029294391572379803, -0.9995677485112507, -0.002480878584909546]",1.6348209651685925
visual_span,115.36,116.52,1.1599999999999966,116.52,57,55,0.9649122807017544,True,4.066473824742353,,0.5049326275127957,"[[0.9999864242283983, 0.0040321367901588875, -0.0033004896314077696], [-0.004046430894945265, 0.9999824137011066, -0.004335745094103629], [0.0032829492707039313, 0.004349041436231484, 0.999985153931133]]","[[0.9999996796278742, -0.0006845501967006609, -0.00041489176617033244], [0.000685592657229415, 0.9999965955787357, 0.0025176960990697904], [0.00041316686434413047, -0.00251797973921857, 0.9999967445302886]]",0.3743222855243475,0.40354999900556593,True,2.4753235948581795,,2.7101468891972544,"[0.05179641868507934, -0.9978689580666025, -0.03968215642418685]",3.716839946068069
visual_span,116.52,117.6,1.0799999999999983,117.6,61,56,0.9180327868852459,True,0.650240749815034,,0.19906503737382478,"[[0.9999985773120615, 0.0014280540278161361, 0.0008977948242316883], [-0.0014291450590692182, 0.9999982397225976, 0.0012157697587675182], [-0.0008960570589628422, -0.0012170511081436553, 0.9999988579335215]]","[[0.9999987997840266, -0.001288650061581517, -0.000860122970891433], [0.0012907803981240889, 0.9999960896548911, 0.002480838747480601], [0.0008569226745090659, -0.0024819459998091115, 0.9999965528078505]]",0.10841161721535135,0.13224880734954073,True,0.05880254434555534,,0.4302299076736423,"[0.040441961385606615, -0.9991774817050192, -0.002967795967029598]",2.313899200617723
visual_span,117.6,118.76,1.1600000000000108,118.76,66,61,0.9242424242424242,True,0.13839480586536038,,0.09342901437188621,"[[0.9999995064359047, 0.0009587763888472295, -0.000260529811877806], [-0.0009588812592882623, 0.9999994591890589, -0.0004027012788916121], [0.0002601435705024734, 0.00040295089728681533, 0.9999998849779418]]","[[0.9999996697750331, -0.00027518123004555844, -0.000764673208615468], [0.00027559107041809795, 0.9999998184226788, 0.0005359143324767492], [0.0007645255962029449, -0.0005361248926125388, 0.9999995640352614]]",0.04038993064825044,0.0835569876887095,True,0.3417590049871753,,1.096467551810169,"[0.022879516923849288, -0.9996779580959135, -0.010977604589194832]",1.464443052645604
visual_span,118.76,119.88,1.1199999999999903,119.88,58,52,0.896551724137931,True,0.36818515941811075,,0.15052152343262593,"[[0.9999983019929732, -0.00021060794877251693, 0.0018307527037078567], [0.00021299437604326533, 0.9999991278576374, -0.0013034252414770829], [-0.0018304765953143828, 0.00130381296828168, 0.9999974747104003]]","[[0.9999996872905311, -0.0002862468557344462, -0.0007372120302112192], [0.00028569075225374086, 0.9999996746849555, -0.0007543280300794579], [0.0007374277144118574, 0.0007541171795344588, 0.999999443753668]]",0.13140759045296382,0.13145039016256121,True,5.462521835296664,,3.9599210558499474,"[0.008301045396008632, -0.9987234176222701, 0.04982597453363363]",2.9012284913284856
visual_span,119.88,120.96,1.0799999999999983,120.96,57,56,0.9824561403508771,True,0.3912902100052623,,0.1538876559161199,"[[0.999999767533033, 0.0006681130833939376, 0.0001362306408332069], [-0.000668075944322329, 0.9999997397138539, -0.00027248258094106776], [-0.00013641265455158213, 0.00027239150518384834, 0.9999999535972266]]","[[0.9999995715204811, -0.0008577670834727686, -0.00034812998241533455], [0.0008584214685728494, 0.9999978569415766, 0.001883938649828722], [0.00034651325579133815, -0.0018842366848503549, 0.9999981647886554]]",0.02056560526391206,0.0650709313189228,True,0.8669863541174183,,1.7221821710048901,"[0.011182016113379541, -0.9999340969272724, -0.0026008302290981816]",0.7139669331817627
visual_span,120.96,122.0,1.0400000000000063,122.0,41,40,0.975609756097561,True,0.09632897215113963,,0.07565403227840023,"[[0.9999999493547804, -2.4861792781818864e-06, -0.0003182518748528857], [2.862462015657833e-06, 0.9999993010227731, 0.0011823475681410108], [0.00031824871287404916, -0.0011823484192446615, 0.9999992503847053]]","[[0.9999992469954821, -0.0012217167131174885, -0.0001158306592606528], [0.0012217994964660236, 0.9999989963167581, 0.0007173363694572294], [0.00011495416117186829, -0.0007174773511408623, 0.9999997360058609]]",0.07766348976553794,0.07037427639581245,True,0.22883465323839725,,0.8595078153204773,"[0.04278822758421101, -0.9990618058095422, -0.006683992278457689]",2.562134690998102
visual_span,122.0,123.52,1.519999999999996,123.52,48,46,0.9583333333333334,True,1.0560381664242895,,0.2747203956513428,"[[0.9999983518287862, 0.0006299955040614989, -0.001702775785550634], [-0.0006324543475571785, 0.9999987576222993, -0.0014438681920772327], [0.0017018640395905025, 0.0014449427402837287, 0.9999975078965286]]","[[0.9999992553089191, -0.0012158969211079778, 0.00010476776394277258], [0.0012156210828818876, 0.9999958970253102, 0.00259387700709299], [-0.00010792122114994597, -0.002593747717553263, 0.9999966304072168]]",0.12401034561273319,0.1507257391140848,True,0.27848433207575934,,0.9955059267894414,"[0.021522915261879105, -0.999764012402763, -0.002946798764422341]",1.354747940453781
visual_span,123.52,124.6,1.0799999999999983,124.6,60,55,0.9166666666666666,True,0.15572471938161148,,0.09654492741655131,"[[0.9999997697302105, 0.0006566670439529669, 0.0001712539622902435], [-0.0006566604449996717, 0.9999997836540468, -3.858652384907215e-05], [-0.00017127926373869414, 3.8474059260675954e-05, 0.9999999845915803]]","[[0.9999995180113117, 0.0009659511985461032, -0.0001758278314685905], [-0.0009656720153130686, 0.9999982838920837, 0.001581040937615342], [0.000177354738117697, -0.0015808703835551322, 0.9999987346962631]]",0.014129459202548622,0.06650120759043544,False,17.72913576609246,Mahalanobis gate,6.973292243749593,"[-0.006179037242317609, -0.9933529815648952, -0.1149420441565734]",6.603720113423076
