timestamp_sim_s,gt_x,gt_y,gt_z,gt_vx,gt_vy,gt_vz,gt_roll,gt_pitch,gt_yaw,est_x,est_y,est_z,est_vx,est_vy,est_vz,est_roll,est_pitch,est_yaw,gps_x_lat_deg,gps_y_lon_deg,gps_z_alt_m,gnss_available,barometer_pa,imu_ax,imu_ay,imu_az,imu_gx,imu_gy,imu_gz
0.1,2.6509683337394563e-11,5.070964041218754e-20,0.029641980835759918,2.933648448787333e-10,-4.9191872785971817e-20,0.0009997873051000726,-2.538913990698178e-18,8.836660292388387e-10,-2.649720825074589e-20,nan,nan,nan,nan,nan,nan,nan,nan,nan,25.032984929614063,121.56539534955107,12.487541744920122,1,101329.11128357648,0.046235168498553116,-0.025436017413642636,9.800696023742931,0.0032430626119299803,0.0008321746566225588,-0.0006262982350873906
0.2,5.593059348996121e-11,5.552543831284542e-20,0.029741959566269936,2.923843141875241e-10,8.132447501125765e-20,0.0009997873051000726,-2.5794068572787273e-18,1.864405074769593e-09,-1.746320504743475e-20,nan,nan,nan,nan,nan,nan,nan,nan,nan,25.032984929614063,121.56539534955107,12.487541744920122,1,101313.9758007628,0.06386202641127472,-0.06185019885295558,9.787810348379272,0.01157999992086786,0.00018658465237894254,0.0006218227480221509
0.30000000000000004,8.535150364252786e-11,5.158394593007932e-20,0.02984193829677995,2.914037834907194e-10,-8.392955364256394e-20,0.000999787305100073,-2.378964704519157e-18,2.8451445643895568e-09,-2.266845765295962e-20,nan,nan,nan,nan,nan,nan,nan,nan,nan,25.032984929614063,121.56539534955107,12.487541744920122,1,101319.15083343214,0.022411194717814414,-0.01614830468061925,9.81366533742039,0.0079987880833507,0.0015451966663168754,-0.003686762223162156
0.4,7.794981327080563e-11,2.999380293925812e-20,0.029934377724887797,-5.151835186450871e-10,1.1386730231027314e-19,0.0006935822437131853,-1.1207105009883118e-18,2.5984476792473288e-09,-1.3904063157866584e-20,nan,nan,nan,nan,nan,nan,nan,nan,nan,25.032984929614063,121.56539534955107,12.487541744920122,1,101317.74184501194,0.07249412046008913,-0.02731051853187556,9.80361198429909,0.007988891811764615,0.0006659907979620402,-0.0010949700794440254
0.5,4.7175319206615995e-11,3.492999452722926e-20,0.02997596664614939,-2.484712707597894e-10,-7.281793435966053e-19,0.0003351459557432431,-8.117172329481845e-20,1.5726278057570653e-09,2.123558373527639e-20,nan,nan,nan,nan,nan,nan,nan,nan,nan,25.032984929614063,121.56539534955107,12.487541744920122,1,101342.68210766515,0.07652209874856786,-0.05599118096373029,9.796542949066186,0.007510666139387648,4.388422100064899e-05,-0.004087511574760255
0.6000000000000001,3.604755383079805e-11,2.129793430650951e-20,0.02999101107664806,-7.765284619756517e-11,8.349271643237427e-20,0.00010482859660633495,1.299453752701653e-18,1.2016987405161217e-09,3.8547536454254907e-20,nan,nan,nan,nan,nan,nan,nan,nan,nan,25.032984929614063,121.56539534955107,12.487541744920122,1,101312.91195915517,0.0797805369415987,-0.002291694876816651,9.845247987503466,-0.0025419090516788888,0.0004646607873626268,0.0009297875325159073
0.7000000000000001,3.226752198770555e-11,2.787237769832545e-20,0.029996123635354675,0.0,0.0,0.0,1.1932687841893128e-18,1.0756942003808945e-09,5.13698411612138e-20,nan,nan,nan,nan,nan,nan,nan,nan,nan,25.032984929614063,121.56539534955107,12.487541744920122,1,101313.84606046863,0.05753950425499553,-0.0967236730406671,9.75917453377916,0.007253624378549127,-3.806801113071282e-05,0.0007142553396044228
0.8,3.078642896170436e-11,3.7784260604285445e-20,0.02999812773980606,0.0,0.0,0.0,7.217639002754439e-19,1.0263172534052956e-09,4.8807298302669824e-20,nan,nan,nan,nan,nan,nan,nan,nan,nan,25.032984929614063,121.56539534955107,12.487541744920122,1,101322.8913456307,0.06379440985244997,-0.03263591105928565,9.741232848490798,0.005432219603307197,0.0004772942523958385,0.0022232843716846057
0.9,3.0042968113264124e-11,4.1062264043350927e-20,0.0299991335502575,0.0,0.0,0.0,6.008798259710597e-19,1.0015439588784147e-09,4.8545740576734306e-20,nan,nan,nan,nan,nan,nan,nan,nan,nan,25.032984929614063,121.56539534955107,12.487541744920122,1,101324.2267140941,0.06820867809149188,-0.004256712500622949,9.82991159578403,0.002011502329998754,0.00041605165567988947,-0.002378519462623125
1.0,3.0042968113264124e-11,4.1062264043350927e-20,0.0299991335502575,0.0,0.0,0.0,6.008798259710597e-19,1.0015439588784147e-09,4.8545740576734306e-20,nan,nan,nan,nan,nan,nan,nan,nan,nan,25.032984929614063,121.56539534955107,12.487541744920122,1,101326.23724556125,0.05360586202959697,0.010921176812467799,9.79714052104072,0.012785962144426134,0.00035179981879157726,-0.002320570364517351
1.1,3.0042968113264124e-11,4.1062264043350927e-20,0.0299991335502575,0.0,0.0,0.0,6.008798259710597e-19,1.0015439588784147e-09,4.8545740576734306e-20,nan,nan,nan,nan,nan,nan,nan,nan,nan,25.0330061278806,121.56538254706787,5.733708522649836,1,101339.7995091532,0.06266281202707018,-0.004392181771935379,9.817295890904143,0.006870331546465344,0.001377432759758909,0.00030330459594327466
1.2000000000000002,3.0042968113264124e-11,4.1062264043350927e-20,0.0299991335502575,0.0,0.0,0.0,6.008798259710597e-19,1.0015439588784147e-09,4.8545740576734306e-20,nan,nan,nan,nan,nan,nan,nan,nan,nan,25.0330061278806,121.56538254706787,5.733708522649836,1,101312.5701766621,0.06786373523625305,0.005766595847181116,9.763007354043701,0.004692642272885999,0.0006332884206961061,-0.004930083002826561
1.3,3.0042968113264124e-11,4.1062264043350927e-20,0.0299991335502575,0.0,0.0,0.0,6.008798259710597e-19,1.0015439588784147e-09,4.8545740576734306e-20,nan,nan,nan,nan,nan,nan,nan,nan,nan,25.0330061278806,121.56538254706787,5.733708522649836,1,101301.91654086788,0.09331708702805039,-0.020470885972519007,9.792916586824871,0.005433172064146347,0.0004036562340651297,-0.001438123567798212
1.4000000000000001,3.0042968113264124e-11,4.1062264043350927e-20,0.0299991335502575,0.0,0.0,0.0,6.008798259710597e-19,1.0015439588784147e-09,4.8545740576734306e-20,nan,nan,nan,nan,nan,nan,nan,nan,nan,25.0330061278806,121.56538254706787,5.733708522649836,1,101334.80406246026,0.06144402399036951,0.04157278774371544,9.800035249123981,0.010794471568012061,0.00013369707821015868,-0.0030003069441542586
1.5,3.0042968113264124e-11,4.1062264043350927e-20,0.0299991335502575,0.0,0.0,0.0,6.008798259710597e-19,1.0015439588784147e-09,4.8545740576734306e-20,nan,nan,nan,nan,nan,nan,nan,nan,nan,25.0330061278806,121.56538254706787,5.733708522649836,1,101318.62647580287,0.09222146411877385,0.0021186028713181676,9.779715053800228,0.01018414482033999,0.0004631661695536593,0.0017398673034045634
1.6,3.0042968113264124e-11,4.1062264043350927e-20,0.0299991335502575,0.0,0.0,0.0,6.008798259710597e-19,1.0015439588784147e-09,4.8545740576734306e-20,nan,nan,nan,nan,nan,nan,nan,nan,nan,25.0330061278806,121.56538254706787,5.733708522649836,1,101304.8496911122,0.05026195220049502,-0.10497895179902086,9.811191651276944,0.004028873010123163,0.0006799822133073204,0.003769450169822727
1.7000000000000002,3.0042968113264124e-11,4.1062264043350927e-20,0.0299991335502575,0.0,0.0,0.0,6.008798259710597e-19,1.0015439588784147e-09,4.8545740576734306e-20,nan,nan,nan,nan,nan,nan,nan,nan,nan,25.0330061278806,121.56538254706787,5.733708522649836,1,101341.12871812259,0.04272437770871726,-0.0391123365619271,9.77169122831722,0.0025902435741842105,0.0009440747223568045,0.007606793480024918
1.8,3.0042968113264124e-11,4.1062264043350927e-20,0.0299991335502575,0.0,0.0,0.0,6.008798259710597e-19,1.0015439588784147e-09,4.8545740576734306e-20,nan,nan,nan,nan,nan,nan,nan,nan,nan,25.0330061278806,121.56538254706787,5.733708522649836,1,101303.66746892415,0.06388294606386834,-0.0529770819844957,9.798767430686894,0.006437139628926725,0.000538944892562326,-0.0002521434766005975
1.9000000000000001,3.0042968113264124e-11,4.1062264043350927e-20,0.0299991335502575,0.0,0.0,0.0,6.008798259710597e-19,1.0015439588784147e-09,4.8545740576734306e-20,nan,nan,nan,nan,nan,nan,nan,nan,nan,25.0330061278806,121.56538254706787,5.733708522649836,1,101339.01100460428,0.07242526571728893,0.02235002177356577,9.784310036512384,0.007213761490093322,0.0004582248011832191,0.0005487565574813418
2.0,3.0042968113264124e-11,4.1062264043350927e-20,0.0299991335502575,0.0,0.0,0.0,6.008798259710597e-19,1.0015439588784147e-09,4.8545740576734306e-20,nan,nan,nan,nan,nan,nan,nan,nan,nan,25.0330061278806,121.56538254706787,5.733708522649836,1,101302.66291697464,0.04906274495891989,-0.06851215828258846,9.810905281372678,0.005423316743189443,0.0004410840734743566,0.0011923169363688819
2.1,3.0042968113264124e-11,4.1062264043350927e-20,0.0299991335502575,0.0,0.0,0.0,6.008798259710597e-19,1.0015439588784147e-09,4.8545740576734306e-20,-1.938510390099857,-1.643342713168998,-2.3130715132172774,-2.099636784668203e-05,0.0017797083474679126,0.0005960014132687292,-0.003932507023907011,-0.006616953601266129,-0.0001520223415306162,25.032985163983568,121.56538079229686,7.686909586816399,1,101327.44586701904,0.08338821292116413,-0.07533891265674922,9.837453266374002,0.006538028775503193,0.0007793255193110904,-0.002189054075086025
2.2,3.0042968113264124e-11,4.1062264043350927e-20,0.0299991335502575,0.0,0.0,0.0,6.008798259710597e-19,1.0015439588784147e-09,4.8545740576734306e-20,-1.9385004721277768,-1.6432135345615193,-2.3130571697834212,-0.0003847740077951222,0.0027654915093173436,-3.77542645593485e-05,-0.004113589942620985,-0.006629166578600243,-7.278613799932207e-05,25.032985163983568,121.56538079229686,7.686909586816399,1,101309.8221483091,0.06285559782445399,-0.03318232317239229,9.80606387290167,0.013476378708151875,0.0006819979371323205,0.0033967385745650664
2.3000000000000003,3.0042968113264124e-11,4.1062264043350927e-20,0.0299991335502575,0.0,0.0,0.0,6.008798259710597e-19,1.0015439588784147e-09,4.8545740576734306e-20,-1.938566440630558,-1.6428615143355378,-2.313119033323524,-0.0007303896310561153,0.005643347231786245,-0.0008032742072273811,-0.004099504170257977,-0.006653935210805484,-7.556152398542019e-05,25.032985163983568,121.56538079229686,7.686909586816399,1,101306.81184238271,0.08113280364570714,-0.017633309173758247,9.796368416535415,0.00797766141298729,0.0005032298142523203,0.00011651883479855605
2.4000000000000004,3.0042968113264124e-11,4.1062264043350927e-20,0.0299991335502575,0.0,0.0,0.0,6.008798259710597e-19,1.0015439588784147e-09,4.8545740576734306e-20,-1.9386260021382697,-1.642271176722807,-2.3132319284677014,-0.0005785761709814308,0.005633486934870702,-0.0007101161818698461,-0.00415028526829892,-0.006654118228293315,-0.00019077027280259068,25.032985163983568,121.56538079229686,7.686909586816399,1,101316.45974758765,0.041015002101678605,-0.010334456450665244,9.807066324657683,0.013746017580974712,3.742474245281688e-05,-0.0023507061619533294
2.5,3.0042968113264124e-11,4.1062264043350927e-20,0.0299991335502575,0.0,0.0,0.0,6.008798259710597e-19,1.0015439588784147e-09,4.8545740576734306e-20,-1.938696055050766,-1.6418341591885932,-2.313406284382132,-0.00040441327965635754,0.003050108853075849,-0.001944929321718554,-0.004156010882623166,-0.006679067967712671,-0.0002478265262464002,25.032985163983568,121.56538079229686,7.686909586816399,1,101332.58365872873,0.09273236190100266,-0.12951965744409671,9.832441955843855,0.007653080559887958,0.0001593636320564362,-0.0028988179669107335
2.6,3.0042968113264124e-11,4.1062264043350927e-20,0.0299991335502575,0.0,0.0,0.0,6.008798259710597e-19,1.0015439588784147e-09,4.8545740576734306e-20,-1.9387407096504885,-1.6414739184997178,-2.313526407315612,-0.000618353458034759,0.004085707711453408,-0.0012615067476447444,-0.004072356078455946,-0.0066940223549025735,-0.0002647260791983487,25.032985163983568,121.56538079229686,7.686909586816399,1,101326.50866415031,0.06328129834394855,-0.03648802060813956,9.820220926394517,0.015310645470437544,0.0003001483101100896,-0.0020717435237977097
2.7,3.0042968113264124e-11,4.1062264043350927e-20,0.0299991335502575,0.0,0.0,0.0,6.008798259710597e-19,1.0015439588784147e-09,4.8545740576734306e-20,-1.938832517968413,-1.6412252779491054,-2.3136224703333044,-0.001376938490731675,0.0007127487832415139,-0.0005043807173477472,-0.004022237850599896,-0.006690478466596206,-0.00019986130159239902,25.032985163983568,121.56538079229686,7.686909586816399,1,101326.79191430529,0.06531971610630835,-0.06886029099057812,9.786605674933986,0.0039411786355220135,0.0007024407306374767,-0.003486968650336566
2.8000000000000003,3.0042968113264124e-11,4.1062264043350927e-20,0.0299991335502575,0.0,0.0,0.0,6.008798259710597e-19,1.0015439588784147e-09,4.8545740576734306e-20,-1.9389789585722195,-1.6411966546924315,-2.313721934746684,-0.0018299250618830662,0.0009961521700503212,-0.0011691135501370963,-0.0036336961922033666,-0.006685908452707556,-0.00031838454719111784,25.032985163983568,121.56538079229686,7.686909586816399,1,101314.17474025188,0.055347870221179915,-0.06906439720592294,9.811522824194451,0.013261527491615233,0.0009725798406219806,-0.0068626830750366016
2.9000000000000004,3.0042968113264124e-11,4.1062264043350927e-20,0.0299991335502575,0.0,0.0,0.0,6.008798259710597e-19,1.0015439588784147e-09,4.8545740576734306e-20,-1.9391725090707468,-1.6410387487701616,-2.461561479861714,-0.0022312400819795406,0.0016822724657315736,-0.006710136120784822,-0.0034050707563200366,-0.006686166369569868,-0.00019979149310326108,25.032985163983568,121.56538079229686,7.686909586816399,1,101317.9153507471,0.0674947528649308,0.010009088002582205,9.790532325644099,0.00516038156634533,0.0012319618236432172,-0.00294257364751312
3.0,3.0042968113264124e-11,4.1062264043350927e-20,0.0299991335502575,0.0,0.0,0.0,6.008798259710597e-19,1.0015439588784147e-09,4.8545740576734306e-20,-1.9393963434154093,-1.640879054368126,-2.4623479253257545,-0.0023541852531062737,0.0006392850018144227,-0.008682836823513992,-0.003072584732126622,-0.0066919515119192585,-0.0002670312852279394,25.032985163983568,121.56538079229686,7.686909586816399,1,101328.51442321377,0.05609746207650366,-0.05068363795284993,9.87283517698333,0.017114259701626392,0.00019175389779378747,-0.0011963506327011832
3.1,3.0042968113264124e-11,4.1062264043350927e-20,0.0299991335502575,0.0,0.0,0.0,6.008798259710597e-19,1.0015439588784147e-09,4.8545740576734306e-20,-1.7352553566392734,-1.6363583090667462,-2.4569037160864085,0.0016022323174089122,0.00015672759336102221,-0.009051678052246171,-0.003114940283954523,-0.006613572522027322,-8.124192620066815e-05,25.032985588413027,121.56540073496166,8.89413471906909,1,101342.27973706227,0.04910295836108742,-0.07210811453339136,9.773364123477316,0.0026084412874691886,0.0008957032776630951,-0.0013579412647364995
3.2,3.0042968113264124e-11,4.1062264043350927e-20,0.0299991335502575,0.0,0.0,0.0,6.008798259710597e-19,1.0015439588784147e-09,4.8545740576734306e-20,-1.7351243756578842,-1.6365178001019238,-2.4578802898348733,0.0009585895699880909,-0.0031669711942398666,-0.009747453115254288,-0.002908041445749245,-0.006609765543250656,-6.77898038888619e-05,25.032985588413027,121.56540073496166,8.89413471906909,1,101317.67917382297,0.04003927462981531,-0.059032462229608965,9.856204931048998,0.01148580898411404,0.00013527662204228556,-0.0014221849294088662
3.3000000000000003,3.0042968113264124e-11,4.1062264043350927e-20,0.0299991335502575,0.0,0.0,0.0,6.008798259710597e-19,1.0015439588784147e-09,4.8545740576734306e-20,-1.7351035586274584,-1.6369190743049098,-2.606816861863985,-0.0003179819294656427,-0.00421255590348074,-0.026513354265653766,-0.0027744531439708713,-0.006581212773617562,7.590911174514556e-05,25.032985588413027,121.56540073496166,8.89413471906909,1,101323.30175342035,0.06078857211335714,-0.07780909567492653,9.77423856410761,0.004059787159369178,0.0004048017836934742,0.0017844928170789433
3.4000000000000004,3.0042968113264124e-11,4.1062264043350927e-20,0.0299991335502575,0.0,0.0,0.0,6.008798259710597e-19,1.0015439588784147e-09,4.8545740576734306e-20,-1.73515272602953,-1.6374564603762618,-2.6095319370779935,-0.0007797823986202144,-0.006824222544830875,-0.02770524174251409,-0.0026200366418021354,-0.0065609519444462805,0.00016408773230057678,25.032985588413027,121.56540073496166,8.89413471906909,1,101320.25563956719,0.08382055741287987,-0.16730106467771838,9.780380814251345,0.00795165458711547,0.0002651255689160455,0.002343011607326472
3.5,3.0042968113264124e-11,4.1062264043350927e-20,0.0299991335502575,0.0,0.0,0.0,6.008798259710597e-19,1.0015439588784147e-09,4.8545740576734306e-20,-1.7352292928010955,-1.6384269661527846,-2.7443701440572847,-0.0006021823385916433,-0.011907264292483882,-0.052513859188062686,-0.002663141284379855,-0.006554024576723272,3.642777245399086e-05,25.032985588413027,121.56540073496166,8.89413471906909,1,101315.57084168529,0.06720594359946469,-0.024802651262276553,9.746302032350174,0.002678076683926652,0.0002860199844661282,-0.0020569686676916595
3.6,3.0042968113264124e-11,4.1062264043350927e-20,0.0299991335502575,0.0,0.0,0.0,6.008798259710597e-19,1.0015439588784147e-09,4.8545740576734306e-20,-1.7353110197289427,-1.639987242432431,-2.7496926828265753,-0.0009027874989961963,-0.01884341468112846,-0.05473464322081398,-0.002625345215607087,-0.0065733691732619,0.00021633886226901482,25.032985588413027,121.56540073496166,8.89413471906909,1,101319.82641247833,0.0793112404194727,-0.08834038236950112,9.775946429467417,0.005227516586209073,-0.0001475254848515333,0.005130234926210066
3.7,3.0042968113264124e-11,4.1062264043350927e-20,0.0299991335502575,0.0,0.0,0.0,6.008798259710597e-19,1.0015439588784147e-09,4.8545740576734306e-20,-1.7353906237631915,-1.6418829694388506,-2.834034292606397,-0.0006907365272550372,-0.021018673250761104,-0.07771151657542263,-0.0026723225413464655,-0.006559820978276454,0.0003920866575129831,25.032985588413027,121.56540073496166,8.89413471906909,1,101319.86635650921,0.06369585158748782,-0.029715394637143604,9.795117292668237,0.00762292457138611,0.0008953875914491836,0.0013682178226775378
3.8000000000000003,3.0042968113264124e-11,4.1062264043350927e-20,0.0299991335502575,0.0,0.0,0.0,6.008798259710597e-19,1.0015439588784147e-09,4.8545740576734306e-20,-1.7355253402022477,-1.6440698094456245,-2.841946796920239,-0.0016458448890583621,-0.022348027085539207,-0.08001448197186872,-0.0028388436525530938,-0.006531553261968304,0.0005963784111577305,25.032985588413027,121.56540073496166,8.89413471906909,1,101327.66630696501,0.06850937593845705,-0.008278327331750018,9.827738626864122,0.010249595458927237,0.0009109165489775785,0.004313891777405942
3.9000000000000004,3.0042968113264124e-11,4.1062264043350927e-20,0.0299991335502575,0.0,0.0,0.0,6.008798259710597e-19,1.0015439588784147e-09,4.8545740576734306e-20,-1.7357280334381562,-1.6464037729544159,-3.018584427523143,-0.002464212917070499,-0.02514472578905141,-0.13948427053883317,-0.003017779491107808,-0.006518616473714767,0.0006672984249824847,25.032985588413027,121.56540073496166,8.89413471906909,1,101337.20101363504,0.041862163052377374,-0.020795387430140533,9.836244317726665,0.010125595314745202,0.0006455598581260253,0.0009253092327160923
4.0,3.0042968113264124e-11,4.1062264043350927e-20,0.0299991335502575,0.0,0.0,0.0,6.008798259710597e-19,1.0015439588784147e-09,4.8545740576734306e-20,-1.7359432588110189,-1.649051623883545,-3.03274146917607,-0.0019888688403217683,-0.02896434466924102,-0.1444818771091897,-0.0029845071130258053,-0.006542218948582201,0.0008785126187304199,25.032985588413027,121.56540073496166,8.89413471906909,1,101319.38734813673,0.03862706803808393,-0.05160522993626957,9.828829997618218,0.015519980717346166,0.000925992916657877,0.004748033159849659
4.1000000000000005,3.0042968113264124e-11,4.1062264043350927e-20,0.0299991335502575,0.0,0.0,0.0,6.008798259710597e-19,1.0015439588784147e-09,4.8545740576734306e-20,-1.7361544853215256,-1.6520582308217864,-3.0606242879115895,-0.002299540529302192,-0.03197382511672999,-0.15545600647080632,-0.0028959810107235546,-0.006568912750019917,0.0010750416907318325,25.0330023788363,121.56543500716569,12.91641244262314,1,101327.09532179964,0.03753794494864984,0.04569524975298731,9.809875445805696,0.002846511347514382,0.0009971538822103531,-0.0026039497219539466
4.2,3.0042968113264124e-11,4.1062264043350927e-20,0.0299991335502575,0.0,0.0,0.0,6.008798259710597e-19,1.0015439588784147e-09,4.8545740576734306e-20,-1.7364134512916,-1.6553108966127357,-3.0764779274966316,-0.0027055415486386815,-0.032792779539753555,-0.16067449844136106,-0.002693693585229881,-0.006543377427789432,0.0011048704793221336,25.0330023788363,121.56543500716569,12.91641244262314,1,101335.61951839733,0.049731538769080826,-0.11482722386420238,9.831143448141376,0.0005850736275504987,0.0007415268859665745,0.002029582910562447
4.300000000000001,3.0042968113264124e-11,4.1062264043350927e-20,0.0299991335502575,0.0,0.0,0.0,6.008798259710597e-19,1.0015439588784147e-09,4.8545740576734306e-20,-1.7366946616951204,-1.6587535505184334,-3.09280545156175,-0.0028458801240538126,-0.035291282732704904,-0.1659892607157969,-0.0023900638548030365,-0.006488058574713573,0.0013628563392726165,25.0330023788363,121.56543500716569,12.91641244262314,1,101326.33021461335,0.06555132181676217,-0.09541341320766056,9.820147093097315,0.008789250331611223,0.0006949234285220689,-0.0004081026335394542
4.4,3.0042968113264124e-11,4.1062264043350927e-20,0.0299991335502575,0.0,0.0,0.0,6.008798259710597e-19,1.0015439588784147e-09,4.8545740576734306e-20,-1.7369644506765092,-1.6623411106803407,-3.1097493877862954,-0.0027182201754097518,-0.03621180606651533,-0.1721917297203125,-0.0024797344492048013,-0.006491535909368462,0.0013969287416199304,25.0330023788363,121.56543500716569,12.91641244262314,1,101331.56954058836,0.0708676009089307,-0.015227598107131687,9.837703011999173,0.0022007088270602744,0.0009582103459525374,-0.00017337496311577096
4.5,3.0042968113264124e-11,4.1062264043350927e-20,0.0299991335502575,0.0,0.0,0.0,6.008798259710597e-19,1.0015439588784147e-09,4.8545740576734306e-20,-1.7372734306017896,-1.6662678123547339,-3.327943118236735,-0.0030630726607164993,-0.03986835708280778,-0.29217980268034427,-0.0024628876810746424,-0.00646295305529887,0.0014462716924951789,25.0330023788363,121.56543500716569,12.91641244262314,1,101336.77779750976,0.052518630044608314,-0.07514002943026381,9.84589485001771,0.0029097773561761993,0.0017801128117691132,0.003223330596042012
4.6000000000000005,3.0042968113264124e-11,4.1062264043350927e-20,0.0299991335502575,0.0,0.0,0.0,6.008798259710597e-19,1.0015439588784147e-09,4.8545740576734306e-20,-1.7376007405630407,-1.6703124855711522,-3.3576198871167238,-0.003247360997540214,-0.04175142857288192,-0.3014354779353661,-0.0024516749959660293,-0.006431640454233056,0.001617630638965901,25.0330023788363,121.56543500716569,12.91641244262314,1,101313.41838171512,0.04480775915341483,-0.03670711898807547,9.808635115343899,0.0040184521017683165,0.0006221521697592672,0.0022228935057740573
4.7,3.0042968113264124e-11,4.1062264043350927e-20,0.0299991335502575,0.0,0.0,0.0,6.008798259710597e-19,1.0015439588784147e-09,4.8545740576734306e-20,-1.7378889122960153,-1.6745190818603857,-3.3882180062229,-0.0026906664507032815,-0.04159034046516385,-0.3106334327237477,-0.0023107642275553304,-0.00640807608606897,0.0016311854929339483,25.0330023788363,121.56543500716569,12.91641244262314,1,101320.63388024562,0.0869768430520905,-0.029163009624629345,9.815250028475353,0.011505920044210456,0.0007798335253922039,0.005102149216764074
4.800000000000001,3.0042968113264124e-11,4.1062264043350927e-20,0.0299991335502575,0.0,0.0,0.0,6.008798259710597e-19,1.0015439588784147e-09,4.8545740576734306e-20,-1.7380988991648993,-1.678821270800458,-3.4197922487372767,-0.0016879125381060978,-0.04423827624460527,-0.3205850456952614,-0.002283902699340504,-0.006357940123931538,0.001800889073115394,25.0330023788363,121.56543500716569,12.91641244262314,1,101318.20554405327,0.06266136024338222,-0.011392556858221822,9.862130146057401,0.008542870122577605,0.0009071579247626658,0.0018672355083448697
4.9,3.0042968113264124e-11,4.1062264043350927e-20,0.0299991335502575,0.0,0.0,0.0,6.008798259710597e-19,1.0015439588784147e-09,4.8545740576734306e-20,-1.7382699192254578,-1.6833411010226913,-3.347894914278111,-0.001964586615710826,-0.04800457602583457,-0.26505749156079245,-0.0023188411597386085,-0.006366060870144574,0.0019771571416354896,25.0330023788363,121.56543500716569,12.91641244262314,1,101314.65542433967,0.05111533826142181,-0.14397947325477228,9.811488529354863,0.0003371319228460687,0.0014821481993653773,-0.00013371406155289326
5.0,3.0042968113264124e-11,4.1062264043350927e-20,0.0299991335502575,0.0,0.0,0.0,6.008798259710597e-19,1.0015439588784147e-09,4.8545740576734306e-20,-1.7384524879165566,-1.6882846129685352,-3.3747487896468513,-0.001813959916893402,-0.05057049674455189,-0.2721342030253967,-0.002272115467986151,-0.006355698611383076,0.0021895542377068995,25.0330023788363,121.56543500716569,12.91641244262314,1,101336.71587892938,0.06098534884126202,-0.044339246053953674,9.841236653556459,0.0006339445874823484,0.001053229114221999,-0.0028145560994170104
5.1000000000000005,3.0042968113264124e-11,4.1062264043350927e-20,0.0299991335502575,0.0,0.0,0.0,6.008798259710597e-19,1.0015439588784147e-09,4.8545740576734306e-20,-1.6486729640239288,-2.027439594322759,-3.3572907983495694,0.02125387801730332,-0.1373023379736468,-0.2531103339083291,-0.000699130504164355,-0.005885164604253257,0.0021803886286989177,25.03296351708107,121.56538905283705,7.953847411826197,1,101330.49238500065,0.05504225111340894,0.008153746982664384,9.799871975549156,0.01278441178498084,0.0002420280362432914,0.0008573840596108964
5.2,3.0042968113264124e-11,4.1062264043350927e-20,0.0299991335502575,0.0,0.0,0.0,6.008798259710597e-19,1.0015439588784147e-09,4.8545740576734306e-20,-1.6464486298178953,-2.04158282158236,-3.3828902876278675,0.023033838190024587,-0.1445233300826196,-0.2591157277932904,-0.0004325335966847074,-0.005871397287144697,0.0022971492222425504,25.03296351708107,121.56538905283705,7.953847411826197,1,101332.3390904524,0.04924670603470457,-0.13312648201834276,9.861061018117715,0.004058056121077541,0.0012556544280412623,-0.0022318134954130413
5.300000000000001,3.0042968113264124e-11,4.1062264043350927e-20,0.0299991335502575,0.0,0.0,0.0,6.008798259710597e-19,1.0015439588784147e-09,4.8545740576734306e-20,-1.6441186533691925,-2.056687466246068,-3.593033156179298,0.023530963935784577,-0.15209554234031658,-0.377865853285848,-0.00027261751063653,-0.00588810716908017,0.00256570054927731,25.03296351708107,121.56538905283705,7.953847411826197,1,101311.80885554237,0.053795309968965546,-0.07396272837788932,9.800210919145107,0.01130416338833417,0.0009906714423983797,0.0013012990176168844
5.4,3.0042968113264124e-11,4.1062264043350927e-20,0.0299991335502575,0.0,0.0,0.0,6.008798259710597e-19,1.0015439588784147e-09,4.8545740576734306e-20,-1.6417284937052459,-2.0722235087488663,-3.631257970723568,0.024309307459684844,-0.15957045876861983,-0.3869320199642345,-0.00025806608790271196,-0.005884355607516989,0.0026581235752373973,25.03296351708107,121.56538905283705,7.953847411826197,1,101318.68624496109,0.08711166477487389,-0.09320244939884188,9.834135846059894,0.0046438537281288375,0.0008767667256632912,-0.0013687793290994108
5.5,3.0042968113264124e-11,4.1062264043350927e-20,0.0299991335502575,0.0,0.0,0.0,6.008798259710597e-19,1.0015439588784147e-09,4.8545740576734306e-20,-1.6392191207927393,-2.088930897158457,-3.819500907173088,0.025513770122128257,-0.16739413348396492,-0.4860110159606948,-0.00023659553565974533,-0.0058663264452814,0.0027041518917188664,25.03296351708107,121.56538905283705,7.953847411826197,1,101322.73888385415,0.05752647514716161,-0.0343088465013604,9.818782338932264,0.008981183856710314,0.001527064406539943,-0.00704574218716669
5.6000000000000005,3.0042968113264124e-11,4.1062264043350927e-20,0.0299991335502575,0.0,0.0,0.0,6.008798259710597e-19,1.0015439588784147e-09,4.8545740576734306e-20,-1.6366089741161667,-2.1059207243142937,-3.868606080218977,0.0267133028328897,-0.1729596650607844,-0.4961077607163869,-0.00041462216299796226,-0.0058657823366565776,0.0029148312130764455,25.03296351708107,121.56538905283705,7.953847411826197,1,101330.39195964803,0.09755624123729398,-0.09205598167402973,9.819309856332401,0.004002337390207255,0.0009484954923606969,-0.0024250792416387235
5.7,3.0042968113264124e-11,4.1062264043350927e-20,0.0299991335502575,0.0,0.0,0.0,6.008798259710597e-19,1.0015439588784147e-09,4.8545740576734306e-20,-1.6338589853613548,-2.1236968293819296,-3.953394395646912,0.028757529207527225,-0.17967292538259555,-0.528764863117258,-0.000338072834503941,-0.005857966351188182,0.0029655537262761713,25.03296351708107,121.56538905283705,7.953847411826197,1,101312.83205276575,0.08431342818413427,-0.0863706573492464,9.83959390199816,0.00930606544412339,1.5720690787628913e-05,0.002231831255758173
5.800000000000001,3.0042968113264124e-11,4.1062264043350927e-20,0.0299991335502575,0.0,0.0,0.0,6.008798259710597e-19,1.0015439588784147e-09,4.8545740576734306e-20,-1.63088734964591,-2.142054794744508,-4.006884014709914,0.030205888545559823,-0.18731885918464336,-0.5411809966002036,-0.00016194017676835078,-0.0058527913426960065,0.002982272568409286,25.03296351708107,121.56538905283705,7.953847411826197,1,101326.95682155521,0.06357732896084443,-0.0563438861134739,9.774646616791006,0.003593938930475539,0.0006601367798871002,-0.0049944739251383975
5.9,3.0042968113264124e-11,4.1062264043350927e-20,0.0299991335502575,0.0,0.0,0.0,6.008798259710597e-19,1.0015439588784147e-09,4.8545740576734306e-20,-1.6278301657878733,-2.160792611596715,-3.999517047382639,0.031430816066678836,-0.192960825905102,-0.5166978912079079,-0.00035410031984163927,-0.005804060339626771,0.0030502837921323744,25.03296351708107,121.56538905283705,7.953847411826197,1,101346.51664516256,0.08333011881616474,-0.1361507845052641,9.784156717402634,0.0005724979170858213,0.0012403400427146265,0.0027115211423327282
6.0,3.0042968113264124e-11,4.1062264043350927e-20,0.0299991335502575,0.0,0.0,0.0,6.008798259710597e-19,1.0015439588784147e-09,4.8545740576734306e-20,-1.624556154847764,-2.180344832523787,-4.051775784063071,0.03386494518312212,-0.19890829371831578,-0.5274919457136522,-0.0003637419485832045,-0.0058122404593599075,0.0030424952077638032,25.03296351708107,121.56538905283705,7.953847411826197,1,101327.68113619689,0.06500749762215968,-0.10077630606589638,9.853359335885392,0.01453130783653027,0.0003327504338057868,-0.004314145606034279
6.1000000000000005,3.0042968113264124e-11,4.1062264043350927e-20,0.0299991335502575,0.0,0.0,0.0,6.008798259710597e-19,1.0015439588784147e-09,4.8545740576734306e-20,-1.3819754114859875,-1.5239543594293987,-4.0570117077955805,0.12326391860174465,0.04672097858901241,-0.5124783922048872,-0.005570663309412951,-0.0039050904284481103,0.0031724411729287293,25.03300845705868,121.5653948257721,3.399827793915631,1,101325.05226753824,0.08935355264408779,-0.16518550209565974,9.796238092088856,0.006482778881052742,0.0007123508462628267,-0.00622237931600775
6.2,3.0042968113264124e-11,4.1062264043350927e-20,0.0299991335502575,0.0,0.0,0.0,6.008798259710597e-19,1.0015439588784147e-09,4.8545740576734306e-20,-1.369424819494904,-1.5192062414352154,-4.108840705984967,0.1277589518764334,0.04802979539753996,-0.5234236656721302,-0.005598109196397218,-0.003822279876501522,0.0031597694463822417,25.03300845705868,121.5653948257721,3.399827793915631,1,101318.57432103783,0.06661491280611799,-0.04307936825587722,9.86322948835389,0.00305268154563339,0.0009197971168315568,-0.00466984209127019
6.300000000000001,3.0042968113264124e-11,4.1062264043350927e-20,0.0299991335502575,0.0,0.0,0.0,6.008798259710597e-19,1.0015439588784147e-09,4.8545740576734306e-20,-1.3563565601450456,-1.5146195613746896,-4.226885113250375,0.13268863390805846,0.05057153979090099,-0.5719858423094858,-0.005539513217983265,-0.0037703178668728743,0.0028738259822985958,25.03300845705868,121.5653948257721,3.399827793915631,1,101332.3978950561,0.06983451348421023,-0.01528092212892411,9.752877834063039,0.005483921241447158,6.424924813202193e-05,-0.003977111886026937
6.4,3.0042968113264124e-11,4.1062264043350927e-20,0.0299991335502575,0.0,0.0,0.0,6.008798259710597e-19,1.0015439588784147e-09,4.8545740576734306e-20,-1.342890263290021,-1.5094660495697694,-4.284783524297784,0.13688526388523836,0.051411185562101586,-0.5857584328436347,-0.0055400004946369544,-0.0037270080397153738,0.0029586352109007234,25.03300845705868,121.5653948257721,3.399827793915631,1,101327.87979925318,0.06757961235927301,-0.024636490455139173,9.834491260998973,0.005387364736664223,0.0009550239974750776,-0.0037199802611128175
6.5,3.0042968113264124e-11,4.1062264043350927e-20,0.0299991335502575,0.0,0.0,0.0,6.008798259710597e-19,1.0015439588784147e-09,4.8545740576734306e-20,-1.3288905075169524,-1.5045729102470893,-4.408430523861338,0.14139576602515982,0.054369471623313834,-0.6329565489358907,-0.005295069845720276,-0.003688054909029459,0.0029318557498524845,25.03300845705868,121.5653948257721,3.399827793915631,1,101324.1108024704,0.1030924671201658,0.09209952921525492,9.853064449351113,0.006618511059435089,0.0005590917973145901,-0.00446693597311414
6.6000000000000005,3.0042968113264124e-11,4.1062264043350927e-20,0.0299991335502575,0.0,0.0,0.0,6.008798259710597e-19,1.0015439588784147e-09,4.8545740576734306e-20,-1.3145008772266866,-1.498940916950281,-4.472297384308196,0.14658693054526314,0.05677424305704448,-0.6450019299427481,-0.005374328430457825,-0.0036468580616142443,0.002859587677194283,25.03300845705868,121.5653948257721,3.399827793915631,1,101344.1548271329,0.10429297909442264,-0.042458126675802205,9.74441687465878,0.005812447278406482,-0.00039559627585813984,-0.0015580316481386275
6.7,3.0042968113264124e-11,4.1062264043350927e-20,0.0299991335502575,0.0,0.0,0.0,6.008798259710597e-19,1.0015439588784147e-09,4.8545740576734306e-20,-1.29922074913083,-1.4941344379042942,-4.67270336407126,0.1515750531471652,0.0572914054095507,-0.7277985840664497,-0.0054113360924494935,-0.003604888903366188,0.0030077270743484002,25.03300845705868,121.5653948257721,3.399827793915631,1,101324.91286965446,0.06463705227424602,-0.10447857851582898,9.818429416332059,0.0013952643269870288,-2.9944150960446356e-05,0.0035180495836706098
6.800000000000001,3.0042968113264124e-11,4.1062264043350927e-20,0.0299991335502575,0.0,0.0,0.0,6.008798259710597e-19,1.0015439588784147e-09,4.8545740576734306e-20,-1.2838372117033532,-1.488293910634066,-4.74616380480096,0.15568784999646687,0.05897255967005093,-0.7415810419798953,-0.005263330562564407,-0.0035565747679118243,0.0032166645538716093,25.03300845705868,121.5653948257721,3.399827793915631,1,101342.0669491422,0.04703596637447103,-0.0030048846945485777,9.77941235441484,0.002107913749190912,0.0010303121438933363,0.0002800158531018603
6.9,3.0042968113264124e-11,4.1062264043350927e-20,0.0299991335502575,0.0,0.0,0.0,6.008798259710597e-19,1.0015439588784147e-09,4.8545740576734306e-20,-1.2677947378344132,-1.4824726579645988,-4.86884638334904,0.16114961918776408,0.06470171487962564,-0.7805909747482975,-0.005481974056278344,-0.003503865100560999,0.0033152613020849594,25.03300845705868,121.5653948257721,3.399827793915631,1,101334.03953587721,0.06976391927775229,-0.01454417565692568,9.813909665642482,0.00028092122168951045,0.0016445668021572027,0.004775986698615836
7.0,3.0042968113264124e-11,4.1062264043350927e-20,0.0299991335502575,0.0,0.0,0.0,6.008798259710597e-19,1.0015439588784147e-09,4.8545740576734306e-20,-1.2514109012596708,-1.4759020297596521,-4.947681386582788,0.16629574406577832,0.06827557353279326,-0.796511088218822,-0.005524928944996496,-0.003459677742573941,0.003504276132143911,25.03300845705868,121.5653948257721,3.399827793915631,1,101318.50825824408,0.06431570203831947,-0.0022999879113249425,9.787056829081259,0.004160070210454928,0.0003740320117838193,0.008251810299951989
7.1000000000000005,3.0042968113264124e-11,4.1062264043350927e-20,0.0299991335502575,0.0,0.0,0.0,6.008798259710597e-19,1.0015439588784147e-09,4.8545740576734306e-20,-1.003657866857947,-0.28778669049566724,-5.0207094861953205,0.26458953886755765,0.5491726099149673,-0.8083102461304055,-0.015862710918379187,-0.0014130272684853562,0.003926315246600143,25.033018850836932,121.56539450498386,6.6379454221512475,1,101331.14449829346,0.0659053371490757,0.010362629224519568,9.844195945611158,0.002241993375131741,0.0006523965556396061,0.006995120775837391
7.2,3.0042968113264124e-11,4.1062264043350927e-20,0.0299991335502575,0.0,0.0,0.0,6.008798259710597e-19,1.0015439588784147e-09,4.8545740576734306e-20,-0.9768308083223787,-0.23220564876177352,-5.102269999954343,0.27214476327635545,0.563921485736351,-0.8231544246628716,-0.016016593712062127,-0.001358800526280568,0.004091330075466843,25.033018850836932,121.56539450498386,6.6379454221512475,1,101312.92076828639,0.060611036307474,0.04854635658916684,9.871243842508159,0.007986760194505418,-0.0001506441182616788,-0.003554228895305811
7.300000000000001,3.0042968113264124e-11,4.1062264043350927e-20,0.0299991335502575,0.0,0.0,0.0,6.008798259710597e-19,1.0015439588784147e-09,4.8545740576734306e-20,-0.9492128420334266,-0.17497016447555108,-5.185246100305518,0.2800123935566343,0.5794001077690484,-0.8367651303909902,-0.016209834938573114,-0.0013039833509291832,0.004316177647221915,25.033018850836932,121.56539450498386,6.6379454221512475,1,101339.17038277292,0.06534086124059221,0.048028330198112625,9.812830832534006,0.0035225026946701272,0.001651500416196531,-0.0023984089386329525
7.4,3.0042968113264124e-11,4.1062264043350927e-20,0.0299991335502575,0.0,0.0,0.0,6.008798259710597e-19,1.0015439588784147e-09,4.8545740576734306e-20,-0.9208206703456999,-0.11608536598620146,-5.269619480020629,0.28788006056705057,0.5964947909468284,-0.850793941719663,-0.016259135492497603,-0.0012241660639882301,0.0044649913473478785,25.033018850836932,121.56539450498386,6.6379454221512475,1,101341.36873164645,0.044453492019424175,-0.1435735227769161,9.828847882024728,0.0122903789349651,0.0005196246278452522,0.0012261042147668152
7.500000000000001,3.0042968113264124e-11,4.1062264043350927e-20,0.0299991335502575,0.0,0.0,0.0,6.008798259710597e-19,1.0015439588784147e-09,4.8545740576734306e-20,-0.8916477696639462,-0.055490293494251365,-5.355402251139488,0.29580418244703194,0.6161481335175428,-0.8647195847966637,-0.016268162162257058,-0.0011376498084176845,0.004657637736175147,25.033018850836932,121.56539450498386,6.6379454221512475,1,101317.72222483529,0.08541025780523048,-0.009846627904676351,9.770172107523864,0.013424141495319428,0.000515060985912564,0.006812929359287315
7.6000000000000005,3.0042968113264124e-11,4.1062264043350927e-20,0.0299991335502575,0.0,0.0,0.0,6.008798259710597e-19,1.0015439588784147e-09,4.8545740576734306e-20,-0.8616699074096084,0.006998830271729939,-5.442613046810281,0.30380340672979034,0.6328301890246422,-0.8797370993690903,-0.016442642615849865,-0.0010653944048730768,0.004968650237730793,25.033018850836932,121.56539450498386,6.6379454221512475,1,101324.89676281465,0.07633941590165108,-0.07909462946835784,9.823550528534135,0.009728645771928949,0.0005982650098306953,0.0068572061513533
7.7,3.0042968113264124e-11,4.1062264043350927e-20,0.0299991335502575,0.0,0.0,0.0,6.008798259710597e-19,1.0015439588784147e-09,4.8545740576734306e-20,-0.8331129321908148,0.07106428048330968,-5.322732811977762,0.31005365804320045,0.6503208748901057,-0.8025383498688123,-0.016921865327965344,-0.001029700880826212,0.005130386376333127,25.033018850836932,121.56539450498386,6.6379454221512475,1,101335.40401147536,0.0711005223061296,-0.10746566594296655,9.833584744145284,-0.0011295678651994327,0.00043925337036276375,9.353934560213709e-05
7.800000000000001,3.0042968113264124e-11,4.1062264043350927e-20,0.0299991335502575,0.0,0.0,0.0,6.008798259710597e-19,1.0015439588784147e-09,4.8545740576734306e-20,-0.8017179194887838,0.13690332906690297,-5.403561272578906,0.3177741772132247,0.667484054405869,-0.8151753432999463,-0.017126725695153326,-0.000972396511669249,0.005243314354584668,25.033018850836932,121.56539450498386,6.6379454221512475,1,101308.9539430556,0.030145533733589205,-0.08769936020750657,9.805750191554052,0.006368254199310506,0.0012096968068685263,6.366559408917246e-05
7.9,3.0042968113264124e-11,4.1062264043350927e-20,0.0299991335502575,0.0,0.0,0.0,6.008798259710597e-19,1.0015439588784147e-09,4.8545740576734306e-20,-0.7720823502480684,0.2036114933114183,-5.304626201831224,0.32458549599239844,0.6873984094327779,-0.7519353045235874,-0.017213520483434292,-0.0009458404666815579,0.005403356047164131,25.033018850836932,121.56539450498386,6.6379454221512475,1,101334.94281770782,0.08958789815646757,-0.04931030673287095,9.799755529289971,0.013073646675341877,0.0005056581572467405,0.005260115588594919
8.0,3.0042968113264124e-11,4.1062264043350927e-20,0.0299991335502575,0.0,0.0,0.0,6.008798259710597e-19,1.0015439588784147e-09,4.8545740576734306e-20,-0.7392376001269774,0.2731267022251683,-5.380429841427056,0.3328203487406773,0.7039048759064501,-0.7632681327920903,-0.017469418160613086,-0.0008706248622853963,0.005600903407201886,25.033018850836932,121.56539450498386,6.6379454221512475,1,101337.46644153813,0.09924941240029847,-0.02319037947305035,9.81574356433603,0.0008713678300547858,-0.00026345769884093557,0.0017215409823316485
8.1,3.0042968113264124e-11,4.1062264043350927e-20,0.0299991335502575,0.0,0.0,0.0,6.008798259710597e-19,1.0015439588784147e-09,4.8545740576734306e-20,0.8810209593480647,-0.2845610384608863,-5.446371771244914,0.9715503038702527,0.4728760552921582,-0.7715439466941656,-0.012202777901957505,0.012482952711823758,0.005778602777707359,25.032989477554395,121.56542864216371,6.546900797838353,1,101325.15795341966,0.06626776047353282,-0.0486306191524204,9.782422400854218,0.014005369813880623,0.0004779823071571586,0.0017356600514650527
8.200000000000001,3.0042968113264124e-11,4.1062264043350927e-20,0.0299991335502575,0.0,0.0,0.0,6.008798259710597e-19,1.0015439588784147e-09,4.8545740576734306e-20,0.979382237358646,-0.23667473603362593,-5.52412929523669,0.9957863274943042,0.484718146606144,-0.7836745260344447,-0.01205034521499236,0.012737860716709903,0.005700074209979559,25.032989477554395,121.56542864216371,6.546900797838353,1,101306.93766439527,0.06983020778381092,-0.041792618204942976,9.77701220352365,0.005937292745026779,0.00048369913983558813,0.00046538867934462034
8.3,3.0042968113264124e-11,4.1062264043350927e-20,0.0299991335502575,0.0,0.0,0.0,6.008798259710597e-19,1.0015439588784147e-09,4.8545740576734306e-20,1.0801869025793818,-0.18758061009402127,-5.6031064566483435,1.0202068434962088,0.4963945731935271,-0.7952950509848589,-0.01200933632490301,0.012970767075439094,0.0059629306100992185,25.032989477554395,121.56542864216371,6.546900797838353,1,101335.20262368713,0.04955427247387085,-0.06720191226139939,9.827161379961847,0.002179258541953206,0.0015905321092787449,-0.00019740844918295455
8.4,3.0042968113264124e-11,4.1062264043350927e-20,0.0299991335502575,0.0,0.0,0.0,6.008798259710597e-19,1.0015439588784147e-09,4.8545740576734306e-20,1.1833902192019214,-0.13743639226624038,-5.68320706367584,1.0441937067289098,0.5064638178694407,-0.8070958665252002,-0.011759849019729705,0.013220126310905078,0.00613754933191254,25.032989477554395,121.56542864216371,6.546900797838353,1,101310.19358967616,0.04622915586190324,-0.009276828753982932,9.759235900541578,0.012886655708615732,0.0008356817539479399,0.006301927454548308
8.5,3.0042968113264124e-11,4.1062264043350927e-20,0.0299991335502575,0.0,0.0,0.0,6.008798259710597e-19,1.0015439588784147e-09,4.8545740576734306e-20,1.2890367753009206,-0.08620503209443654,-5.764519044966681,1.0687788585255569,0.5182109208563946,-0.8190375706923781,-0.011929419765779038,0.013492858848921152,0.0061995275038770475,25.032989477554395,121.56542864216371,6.546900797838353,1,101324.43085713591,0.07332171427631576,-0.08468578732883766,9.82291137852564,0.002915763563289619,0.0007234592071913059,0.004438583703584651
8.600000000000001,3.0042968113264124e-11,4.1062264043350927e-20,0.0299991335502575,0.0,0.0,0.0,6.008798259710597e-19,1.0015439588784147e-09,4.8545740576734306e-20,1.397163058527013,-0.03383439260384784,-5.846934534376307,1.093940391568487,0.5294641265073112,-0.829968383858223,-0.012186729628668406,0.01374854845687934,0.006348345517111358,25.032989477554395,121.56542864216371,6.546900797838353,1,101328.547187396,0.06679667301332814,-0.07033985068379506,9.783056170523626,0.0029588481272457764,-5.0457006063643736e-05,0.0033912272499910944
8.700000000000001,3.0042968113264124e-11,4.1062264043350927e-20,0.0299991335502575,0.0,0.0,0.0,6.008798259710597e-19,1.0015439588784147e-09,4.8545740576734306e-20,1.5078050612088247,0.019743756347355902,-5.93056685283758,1.1186707576962684,0.5407211069589763,-0.8429157126586487,-0.012491575755274107,0.01397881672534762,0.006478480506609147,25.032989477554395,121.56542864216371,6.546900797838353,1,101331.4901369658,0.038230056330612126,-0.04511508972646103,9.789930267608959,0.007196930661884324,-0.0004794333020465076,0.0022105954375253273
8.8,3.0042968113264124e-11,4.1062264043350927e-20,0.0299991335502575,0.0,0.0,0.0,6.008798259710597e-19,1.0015439588784147e-09,4.8545740576734306e-20,1.620943548623238,0.07460492333818708,-6.015484731303097,1.1440503878403114,0.5547608293760947,-0.8547393888564189,-0.012561332094503008,0.014240877509264616,0.006620868398298369,25.032989477554395,121.56542864216371,6.546900797838353,1,101340.27687447655,0.07082574385383525,-0.061113890048067464,9.80795903673461,0.01919058895104478,0.0009018305633762566,0.000294284282101161
8.9,3.0042968113264124e-11,4.1062264043350927e-20,0.0299991335502575,0.0,0.0,0.0,6.008798259710597e-19,1.0015439588784147e-09,4.8545740576734306e-20,1.736621695377952,0.1307401220956989,-6.101492185597586,1.1694982736709794,0.5669135508492428,-0.8661791162784814,-0.01249529668367511,0.01450079179372521,0.006682547805754066,25.032989477554395,121.56542864216371,6.546900797838353,1,101326.61533326015,0.07373749287033728,-0.013026279544040727,9.794645222656117,0.003496533812481116,4.617492713451782e-05,0.007891418269531771
9.0,3.0042968113264124e-11,4.1062264043350927e-20,0.0299991335502575,0.0,0.0,0.0,6.008798259710597e-19,1.0015439588784147e-09,4.8545740576734306e-20,1.8548494513637286,0.18801330101515953,-6.188675642492251,1.1950697889696902,0.5785117652955476,-0.8771391172085373,-0.012569317232642395,0.014736505771667074,0.00680857410759244,25.032989477554395,121.56542864216371,6.546900797838353,1,101329.40804066531,0.05707035104612387,-0.04132043967641402,9.794066087913595,0.007254860976990648,0.0005788954824006358,-5.799397887920599e-05
9.100000000000001,3.0042968113264124e-11,4.1062264043350927e-20,0.0299991335502575,0.0,0.0,0.0,6.008798259710597e-19,1.0015439588784147e-09,4.8545740576734306e-20,0.9520447779976897,0.7786722521503371,-6.248017616280605,0.8337440849467406,0.7913926997235785,-0.8767850468150684,-0.016875428021881494,0.006701143665913012,0.006917171522768509,25.03301137828142,121.56539820671874,5.928894450894634,1,101323.70208100586,0.08485993758659909,0.02196222434227884,9.780841831892733,0.010977257488658963,-0.0004925397476319593,0.004376727572914443
9.200000000000001,3.0042968113264124e-11,4.1062264043350927e-20,0.0299991335502575,0.0,0.0,0.0,6.008798259710597e-19,1.0015439588784147e-09,4.8545740576734306e-20,1.0363005948299393,0.8586504347292603,-6.336258803095418,0.8513983654895401,0.8072601042327691,-0.8884010188933547,-0.016901572035092082,0.006834596970187068,0.007164695895948726,25.03301137828142,121.56539820671874,5.928894450894634,1,101316.2506187266,0.08969808155327816,-0.03147327160927079,9.797981988597748,0.015850971699965185,0.00031414353941973427,-0.00043299489324487067
9.3,3.0042968113264124e-11,4.1062264043350927e-20,0.0299991335502575,0.0,0.0,0.0,6.008798259710597e-19,1.0015439588784147e-09,4.8545740576734306e-20,1.122351190923022,0.9401974599115688,-6.425628955111,0.8694940931046474,0.823837397571864,-0.8995087101266152,-0.017053986469025888,0.0069958712273945345,0.007262168017860488,25.03301137828142,121.56539820671874,5.928894450894634,1,101314.18742698104,0.08375888793257412,-0.07906518157148337,9.758472197400517,0.001725260624699283,0.0015504245407833516,0.005134642714351566
9.4,3.0042968113264124e-11,4.1062264043350927e-20,0.0299991335502575,0.0,0.0,0.0,6.008798259710597e-19,1.0015439588784147e-09,4.8545740576734306e-20,1.21015642998794,1.0233348227533923,-6.516165852979575,0.8867575231645861,0.8393665022507097,-0.9102464170415866,-0.01716812757576189,0.007163218752829437,0.0072705580987010585,25.03301137828142,121.56539820671874,5.928894450894634,1,101327.95542368336,0.05462386864007932,-0.14665704244013975,9.80004806076497,0.005646363083344883,0.0011770353469485618,0.005734999515129486
9.5,3.0042968113264124e-11,4.1062264043350927e-20,0.0299991335502575,0.0,0.0,0.0,6.008798259710597e-19,1.0015439588784147e-09,4.8545740576734306e-20,1.2996698259027533,1.108250026388157,-6.607791155573924,0.9034659559380733,0.8587215223509678,-0.9220952850096169,-0.017479706223678067,0.007321233597210597,0.007278357093505236,25.03301137828142,121.56539820671874,5.928894450894634,1,101332.33165488,0.04317649818508555,-0.03132241444952773,9.796467661872002,0.010732418592181108,0.0011938729958278094,0.0006050875277852925
9.600000000000001,3.0042968113264124e-11,4.1062264043350927e-20,0.0299991335502575,0.0,0.0,0.0,6.008798259710597e-19,1.0015439588784147e-09,4.8545740576734306e-20,1.3908898351758638,1.1949551861091574,-6.700677321386465,0.9211969921280738,0.8762457237297877,-0.9346496273729841,-0.01740699457469592,0.007443692234985422,0.00721510961312585,25.03301137828142,121.56539820671874,5.928894450894634,1,101333.92854473914,0.0558081946914586,-0.07596107204813274,9.827982779924076,0.007798877413649196,0.001574624127065073,-0.00026552713013188833
9.700000000000001,3.0042968113264124e-11,4.1062264043350927e-20,0.0299991335502575,0.0,0.0,0.0,6.008798259710597e-19,1.0015439588784147e-09,4.8545740576734306e-20,1.4838526410310167,1.2835512909411142,-6.794644105994831,0.9381196835420632,0.8943902342246137,-0.9444341310699881,-0.0175457226258796,0.007571467577741631,0.007114821695215136,25.03301137828142,121.56539820671874,5.928894450894634,1,101323.22242706934,0.05816005505903144,-0.1273919263904862,9.852581176407808,0.005664342021942674,0.0008427388522486985,-0.004623511014078104
9.8,3.0042968113264124e-11,4.1062264043350927e-20,0.0299991335502575,0.0,0.0,0.0,6.008798259710597e-19,1.0015439588784147e-09,4.8545740576734306e-20,1.5785155822374966,1.373904012882948,-6.889605553844446,0.9548319140514964,0.9118111330025173,-0.954663779702072,-0.017581698703981668,0.007733030386164463,0.007358365383893224,25.03301137828142,121.56539820671874,5.928894450894634,1,101324.00112797764,0.06621632755697487,-0.09589796138830056,9.825989637086217,0.011791903095078072,0.00047921040976328655,-0.0004008202046457794
9.9,3.0042968113264124e-11,4.1062264043350927e-20,0.0299991335502575,0.0,0.0,0.0,6.008798259710597e-19,1.0015439588784147e-09,4.8545740576734306e-20,1.6749058389342784,1.4660284951341498,-6.985595408041423,0.9730393468926435,0.9312229188342968,-0.96521236833124,-0.017446175579726608,0.007860112740479819,0.007272539630049105,25.03301137828142,121.56539820671874,5.928894450894634,1,101337.27844047346,0.06691649609223212,0.027034612834022503,9.801505497352258,0.010106264453639859,0.0004367995964024623,0.0031116363367497154
10.0,3.0042968113264124e-11,4.1062264043350927e-20,0.0299991335502575,0.0,0.0,0.0,6.008798259710597e-19,1.0015439588784147e-09,4.8545740576734306e-20,1.773117274359202,1.5600887633965221,-7.082731332410574,0.9910758929814822,0.9497452584680285,-0.977360621765788,-0.01747089340563278,0.007998518056298032,0.007179321902999526,25.03301137828142,121.56539820671874,5.928894450894634,1,101316.77625097151,0.05295345112105639,-0.02481943134538999,9.833290969908491,0.006723920296371847,0.00014378804060439794,-0.0035901466879880986
10.100000000000001,3.0042968113264124e-11,4.1062264043350927e-20,0.0299991335502575,0.0,0.0,0.0,6.008798259710597e-19,1.0015439588784147e-09,4.8545740576734306e-20,-0.6659007410611326,-0.5487219675639682,-6.711308329286447,-0.05542442294797677,0.13906293558238123,-0.8303224198334448,0.0011856090142980569,-0.01998598076077074,0.007493134786275661,25.03297948158218,121.56538938714927,12.248576795283643,1,101319.24364383101,0.0333618056959322,-0.07861254967739603,9.770129801370445,0.006823968103870655,-0.0011651398858589374,-0.004664434354170846
10.200000000000001,3.0042968113264124e-11,4.1062264043350927e-20,0.0299991335502575,0.0,0.0,0.0,6.008798259710597e-19,1.0015439588784147e-09,4.8545740576734306e-20,-0.671956135449948,-0.5350900265867886,-6.794784424984433,-0.06561404705523358,0.1345444719640128,-0.8394255990339802,0.0013728011493002214,-0.020160031976936388,0.007473079218780614,25.03297948158218,121.56538938714927,12.248576795283643,1,101328.37606573661,0.062486391412545646,0.01908952101436455,9.839522127971318,0.009216895514587492,0.0009733203500642617,-0.0024637227212085623
10.3,3.0042968113264124e-11,4.1062264043350927e-20,0.0299991335502575,0.0,0.0,0.0,6.008798259710597e-19,1.0015439588784147e-09,4.8545740576734306e-20,-0.6789775933854362,-0.5216840097187554,-6.879186246572778,-0.07504530487960089,0.13314701587425407,-0.8484412472554328,0.0017719174024431981,-0.020335228070690325,0.007554970616679884,25.03297948158218,121.56538938714927,12.248576795283643,1,101327.99829825747,0.06436760575205666,-0.061740398648891144,9.898376603020944,0.011247717636656532,0.0015264379465386975,-0.00135240556423187
10.4,3.0042968113264124e-11,4.1062264043350927e-20,0.0299991335502575,0.0,0.0,0.0,6.008798259710597e-19,1.0015439588784147e-09,4.8545740576734306e-20,-0.6869680400638141,-0.5085329190816589,-6.964452522398384,-0.08468673139834097,0.13038012541902955,-0.856893564072429,0.0021818620785207504,-0.02050527914362199,0.007378519170356659,25.03297948158218,121.56538938714927,12.248576795283643,1,101331.06636575823,0.05487732376480273,-0.03268734234189531,9.836079385985396,0.012618034087558478,0.0006812235977638617,0.00316170738991914
10.5,3.0042968113264124e-11,4.1062264043350927e-20,0.0299991335502575,0.0,0.0,0.0,6.008798259710597e-19,1.0015439588784147e-09,4.8545740576734306e-20,-0.6959419088633757,-0.4956113997082703,-7.050562319688286,-0.0949337023646328,0.1288238637275375,-0.8650648099214258,0.002721896823592757,-0.020706612721908213,0.007363952238860595,25.03297948158218,121.56538938714927,12.248576795283643,1,101329.36803523744,0.05160219325276964,-0.0003403317060598557,9.839016621866934,0.007306257629336257,7.694630272291872e-05,-0.0018990009998815795
10.600000000000001,3.0042968113264124e-11,4.1062264043350927e-20,0.0299991335502575,0.0,0.0,0.0,6.008798259710597e-19,1.0015439588784147e-09,4.8545740576734306e-20,-0.7059219849518265,-0.48289283648609055,-7.137562442840103,-0.1047519379727452,0.1233799314009042,-0.874451233890705,0.002847705284253997,-0.02092045290878608,0.007301973068078443,25.03297948158218,121.56538938714927,12.248576795283643,1,101319.91354304759,0.07515293165680921,-0.15172410563069783,9.814556528129854,0.005417049917437538,0.00017191249505973824,0.010533071455570402
10.700000000000001,3.0042968113264124e-11,4.1062264043350927e-20,0.0299991335502575,0.0,0.0,0.0,6.008798259710597e-19,1.0015439588784147e-09,4.8545740576734306e-20,-0.7168569143865827,-0.4707141651516765,-7.22539151179596,-0.11440615820979315,0.11943082666646981,-0.8820734550309526,0.0032910759480998955,-0.02110517543626078,0.007316374048063551,25.03297948158218,121.56538938714927,12.248576795283643,1,101335.61666641828,0.05101869655939385,-0.03283112269963425,9.82260687121994,0.012335356339706852,0.0005165570164515113,-0.003977607604943206
10.8,3.0042968113264124e-11,4.1062264043350927e-20,0.0299991335502575,0.0,0.0,0.0,6.008798259710597e-19,1.0015439588784147e-09,4.8545740576734306e-20,-0.7288487090070983,-0.45893152354834865,-7.314015696252584,-0.1253558065969644,0.1147201522154187,-0.889748804836419,0.003734413693987062,-0.021309993704403674,0.007247415796108196,25.03297948158218,121.56538938714927,12.248576795283643,1,101306.73908935534,0.08007249299048733,-0.07829435860207264,9.836842515884154,0.008569500566974048,0.0003811463367853124,-0.004090501144586186
10.9,3.0042968113264124e-11,4.1062264043350927e-20,0.0299991335502575,0.0,0.0,0.0,6.008798259710597e-19,1.0015439588784147e-09,4.8545740576734306e-20,-0.7418498042234789,-0.4476297171644809,-7.403322742276028,-0.1344723574684789,0.11119267370958136,-0.8968716968730582,0.004008578388364274,-0.021510831583193113,0.00708102471501004,25.03297948158218,121.56538938714927,12.248576795283643,1,101328.03330645771,0.05873383085254205,-0.041332485429026226,9.854376083737064,0.014376557214275741,0.0007451066419753923,-0.003786935954840814
11.0,3.0042968113264124e-11,4.1062264043350927e-20,0.0299991335502575,0.0,0.0,0.0,6.008798259710597e-19,1.0015439588784147e-09,4.8545740576734306e-20,-0.755829825844495,-0.43670013364530075,-7.493439441543217,-0.14522355852709468,0.10750906938704057,-0.9048655819834324,0.0044706674361643765,-0.02172958694397331,0.006952958963247947,25.03297948158218,121.56538938714927,12.248576795283643,1,101310.32107414324,0.05370318124116305,0.016610962943332683,9.807190278951037,0.019068682614409735,-6.458167471269806e-05,-0.004618153819736126
11.100000000000001,3.0042968113264124e-11,4.1062264043350927e-20,0.0299991335502575,0.0,0.0,0.0,6.008798259710597e-19,1.0015439588784147e-09,4.8545740576734306e-20,-0.5466934645154903,0.10296657799347911,-7.534024383447386,-0.10987645722505632,0.21255199374703093,-0.9008644473586144,0.003988606446717921,-0.02168336807464044,0.006707516551520055,25.033015617870248,121.5654016140837,3.873795784663727,1,101335.82319053594,0.04102894688339396,0.05404526974555856,9.792657788929938,0.006716424579719986,0.00020467830066027299,-0.003272214419483369
11.200000000000001,3.0042968113264124e-11,4.1062264043350927e-20,0.0299991335502575,0.0,0.0,0.0,6.008798259710597e-19,1.0015439588784147e-09,4.8545740576734306e-20,-0.5582406521102387,0.12401447854795404,-7.624479296365904,-0.1206222072614624,0.20769347339811206,-0.9072409527130142,0.00411167233561317,-0.02186010867753274,0.006412442831021661,25.033015617870248,121.5654016140837,3.873795784663727,1,101322.980540272,0.05420805223462283,-0.041683388925275684,9.835628751425935,0.00255249522533171,0.000370157203434605,-0.006716005814341749
11.3,3.0042968113264124e-11,4.1062264043350927e-20,0.0299991335502575,0.0,0.0,0.0,6.008798259710597e-19,1.0015439588784147e-09,4.8545740576734306e-20,-0.5708190437072905,0.1446947402268242,-7.715538526709367,-0.1307485966600302,0.20569708137791518,-0.9149927330050095,0.004415351084898641,-0.022051443709005802,0.006293324409138166,25.033015617870248,121.5654016140837,3.873795784663727,1,101321.88046104807,0.049729026269969376,-0.019736908089921235,9.782533396163691,0.0037970352168200192,0.0006243085418410817,-0.0015377312931956445
11.4,3.0042968113264124e-11,4.1062264043350927e-20,0.0299991335502575,0.0,0.0,0.0,6.008798259710597e-19,1.0015439588784147e-09,4.8545740576734306e-20,-0.5844262962679944,0.16505539340217668,-7.807466619788743,-0.1414320662715464,0.20195175535698193,-0.9234137960719415,0.004637398677234899,-0.02226688337822269,0.006320798678406316,25.033015617870248,121.5654016140837,3.873795784663727,1,101331.58082518271,0.06314677866818882,0.021421492501208346,9.871629136104179,0.01340956823170099,-0.00042072010760439314,-0.0033274971506531657
11.5,3.0042968113264124e-11,4.1062264043350927e-20,0.0299991335502575,0.0,0.0,0.0,6.008798259710597e-19,1.0015439588784147e-09,4.8545740576734306e-20,-0.5990818395737825,0.18504873561608623,-7.90021834742207,-0.15185322600475795,0.19754255367119486,-0.9312493036243786,0.004915100645487381,-0.02247277813200821,0.00606116161665728,25.033015617870248,121.5654016140837,3.873795784663727,1,101314.08877271516,0.09289366376840204,-0.09863186257969947,9.819793934049647,0.01349232209628102,3.1095591075524435e-05,-0.001135358406506043
11.600000000000001,3.0042968113264124e-11,4.1062264043350927e-20,0.0299991335502575,0.0,0.0,0.0,6.008798259710597e-19,1.0015439588784147e-09,4.8545740576734306e-20,-0.6148060244105844,0.2045985654607559,-7.993763528397055,-0.16320698465634972,0.19297815274985092,-0.9395101348659902,0.0051095652953300945,-0.022693300754802248,0.0059909584563770145,25.033015617870248,121.5654016140837,3.873795784663727,1,101323.47498190629,0.08562868898310123,-0.06969115914008302,9.824646339484415,0.0016029977528406892,3.010934855057361e-05,0.00239738544690691
11.700000000000001,3.0042968113264124e-11,4.1062264043350927e-20,0.0299991335502575,0.0,0.0,0.0,6.008798259710597e-19,1.0015439588784147e-09,4.8545740576734306e-20,-0.6316974644362765,0.22370054870589434,-8.08809060715653,-0.17461232238269866,0.18930113287102188,-0.9466535364662093,0.0052647794086601455,-0.022876529308471616,0.006082972026325423,25.033015617870248,121.5654016140837,3.873795784663727,1,101330.27972428658,0.05266578454175858,0.1503754499391192,9.831744561363436,0.009848067377160846,-0.0005657805833125869,-0.001908766031105904
11.8,3.0042968113264124e-11,4.1062264043350927e-20,0.0299991335502575,0.0,0.0,0.0,6.008798259710597e-19,1.0015439588784147e-09,4.8545740576734306e-20,-0.6497353159193274,0.24256861051296008,-8.183084473720676,-0.18605613984794256,0.1860085051940241,-0.9541317995027007,0.005313939579371985,-0.023111385511410454,0.006081796731070616,25.033015617870248,121.5654016140837,3.873795784663727,1,101337.04236901556,0.07962860256091372,-0.08274874032149976,9.86859975246565,0.00921901990158028,0.0010241307420854882,0.0004808732075272308
11.9,3.0042968113264124e-11,4.1062264043350927e-20,0.0299991335502575,0.0,0.0,0.0,6.008798259710597e-19,1.0015439588784147e-09,4.8545740576734306e-20,-0.6689177611352911,0.26085485780231266,-8.27880423790306,-0.19758879638006863,0.17861988384845856,-0.9614029073739478,0.005627643220373621,-0.023310201996441515,0.005886711616698992,25.033015617870248,121.5654016140837,3.873795784663727,1,101328.01847324472,0.03654570904738151,-0.08320383659562214,9.835479142277746,0.009769392739615926,-6.724880948969089e-05,-0.0020315411322096013
12.0,3.0042968113264124e-11,4.1062264043350927e-20,0.0299991335502575,0.0,0.0,0.0,6.008798259710597e-19,1.0015439588784147e-09,4.8545740576734306e-20,-0.6893001516961972,0.27840912203065227,-8.375267224060936,-0.2096983750144574,0.17176496938220298,-0.9678951943432172,0.005937689855944901,-0.023502386681497178,0.005625936509403472,25.033015617870248,121.5654016140837,3.873795784663727,1,101329.50416728953,0.06888472203029784,-0.05632457474951692,9.845823773786956,0.00642789155384937,0.00019091808524776495,0.0004312861413646636
12.100000000000001,3.0042968113264124e-11,4.1062264043350927e-20,0.0299991335502575,0.0,0.0,0.0,6.008798259710597e-19,1.0015439588784147e-09,4.8545740576734306e-20,-1.1157479376950865,-0.6193565378468495,-8.032577480840304,-0.3314770266511001,-0.08058406179465676,-0.8731191339123333,0.01051872404086292,-0.02573480115761906,0.005847145287731195,25.03297384712218,121.56537928775579,8.957468386904491,1,101348.20816193309,0.06997185162741422,-0.013332665710648877,9.835280407528733,0.0016350508782320607,0.0007323536717840658,-0.001224662108558322
12.200000000000001,3.0042968113264124e-11,4.1062264043350927e-20,0.0299991335502575,0.0,0.0,0.0,6.008798259710597e-19,1.0015439588784147e-09,4.8545740576734306e-20,-1.1495753896253478,-0.6280442878805707,-8.120137856578207,-0.34520050460042523,-0.09392493150938602,-0.8784879681623091,0.010723498077674743,-0.025956782522237543,0.005860385195059235,25.03297384712218,121.56537928775579,8.957468386904491,1,101323.61639867531,0.04558429461871416,-0.1178197982327717,9.788218804915022,0.008684341535392886,-2.4327983806406443e-05,0.003175370065079472
12.3,3.0042968113264124e-11,4.1062264043350927e-20,0.0299991335502575,0.0,0.0,0.0,6.008798259710597e-19,1.0015439588784147e-09,4.8545740576734306e-20,-1.1848412458438624,-0.6380541667892751,-8.208250126995011,-0.359924436425754,-0.10514012372982492,-0.883956266320694,0.010711735411962686,-0.026178830590880775,0.005960589222688151,25.03297384712218,121.56537928775579,8.957468386904491,1,101330.82833134884,0.06822537343054527,-0.1707255983451294,9.806024982040215,-0.0042312103235673856,0.0007071196822120201,-0.00014215433112560504
12.4,3.0042968113264124e-11,4.1062264043350927e-20,0.0299991335502575,0.0,0.0,0.0,6.008798259710597e-19,1.0015439588784147e-09,4.8545740576734306e-20,-1.2215413416998393,-0.6491524056607834,-8.29689002453315,-0.3742304823785983,-0.1172061232984036,-0.888759044944573,0.010983473532532052,-0.02635198338771816,0.005862577251475978,25.03297384712218,121.56537928775579,8.957468386904491,1,101331.6201654405,0.05483371414804824,-0.032720001481079584,9.804819632522436,0.01624236160607833,0.0005702800338927101,-0.0033989454973634937
12.5,3.0042968113264124e-11,4.1062264043350927e-20,0.0299991335502575,0.0,0.0,0.0,6.008798259710597e-19,1.0015439588784147e-09,4.8545740576734306e-20,-1.2596869787699478,-0.661489824885063,-8.3861189762114,-0.3887269086777585,-0.12888314489894065,-0.8959371114464784,0.011236923423095204,-0.026568144963181828,0.005831403917188294,25.03297384712218,121.56537928775579,8.957468386904491,1,101328.26946440627,0.041500251644060945,-0.04146292080632929,9.799333144201618,0.00800641513168698,-0.00041065763288328434,0.0011611095065902372
12.600000000000001,3.0042968113264124e-11,4.1062264043350927e-20,0.0299991335502575,0.0,0.0,0.0,6.008798259710597e-19,1.0015439588784147e-09,4.8545740576734306e-20,-1.2993282946068143,-0.674986496620084,-8.476070813679712,-0.4040575434892646,-0.14114343530241863,-0.9034272542686088,0.011516913681513082,-0.026772392370921105,0.005730002437884057,25.03297384712218,121.56537928775579,8.957468386904491,1,101309.85425757669,0.04711052653400371,-0.037859638799169086,9.814910497276133,0.003721026266436291,0.0006556017948308453,-0.0038087825130298327
12.700000000000001,3.0042968113264124e-11,4.1062264043350927e-20,0.0299991335502575,0.0,0.0,0.0,6.008798259710597e-19,1.0015439588784147e-09,4.8545740576734306e-20,-1.3405185433949371,-0.6894895195347128,-8.56666033167103,-0.41989311084319586,-0.14986032012186795,-0.9082932964468984,0.01157929511875151,-0.02699175186779601,0.005593236351662626,25.03297384712218,121.56537928775579,8.957468386904491,1,101339.39154990052,0.06512683522223547,-0.004993590047176838,9.800796682386254,0.017766336482187832,0.0014094868023240424,-0.0024076789901424332
12.8,3.0042968113264124e-11,4.1062264043350927e-20,0.0299991335502575,0.0,0.0,0.0,6.008798259710597e-19,1.0015439588784147e-09,4.8545740576734306e-20,-1.3832590986944602,-0.704983966442738,-8.657827876924557,-0.435184062136668,-0.16079468820265416,-0.9156310624148878,0.01180864955189378,-0.027210668424228812,0.005428011981857458,25.03297384712218,121.56537928775579,8.957468386904491,1,101331.79947556797,0.047450798902375996,-0.028862404726756313,9.796071968549606,0.00214239448243652,0.00041466192206000884,-0.002434916322899661
12.9,3.0042968113264124e-11,4.1062264043350927e-20,0.0299991335502575,0.0,0.0,0.0,6.008798259710597e-19,1.0015439588784147e-09,4.8545740576734306e-20,-1.4275475534918345,-0.7216610659663321,-8.749748568600069,-0.4508410009262754,-0.17300472885211413,-0.9217706595463006,0.011875107239462751,-0.027430120171419548,0.005494690692131432,25.03297384712218,121.56537928775579,8.957468386904491,1,101313.90440408717,0.04465011223633989,-0.008553077193791572,9.876038642159475,0.0071990095973390065,-0.000768253101098835,0.0029211520575382587
13.0,1.6106994483733317e-06,-5.1154726223452794e-11,0.02998008481587804,0.00016114150712582482,-5.1154628277537055e-09,-0.0019048678328666773,-7.723409370850708e-15,6.218220278486619e-05,-1.5985775450773136e-10,-1.4734363288226986,-0.7393580753704455,-8.842248778960002,-0.4666679845518451,-0.18172548538162672,-0.9349943893248145,0.011856938736065753,-0.02754203845963077,0.005442765263877604,25.03297384712218,121.56537928775579,8.957468386904491,1,101329.86821094646,0.08302697966396322,-0.04463886993190744,8.501517006015746,0.014709039092067711,0.018548540092260712,-0.0024250999074834443
13.100000000000001,0.00018842502203719746,2.6263360128276457e-08,0.0339458750552385,0.0037473632585404925,6.106036492302396e-07,0.13231657253868034,-2.5360727856274634e-06,0.010358900132058313,-8.035424415194092e-09,-0.735214893970619,-0.5205423763719579,-8.282413197154481,-0.2305153663869994,-0.12045495215127412,-0.6559764197845862,0.010484693519229264,-0.011663761114810267,0.005667931867897311,25.032999558865413,121.56540776715363,8.859202360302419,1,101314.38773493227,0.05910316265783851,0.017186320433093594,12.022419971012647,0.000364030406343677,0.09246496027628862,0.0007112759652043426
13.200000000000001,0.0015133607000462068,3.6072797620281033e-07,0.0591020476313332,0.015176633818358942,3.604178295198093e-06,0.34914051527733336,-8.435106688716484e-06,0.017916726372822822,-3.2565896664300275e-08,-0.7583166816589909,-0.5333000943138974,-8.337501464062614,-0.22992013646735535,-0.13451782866999243,-0.4449156019591377,0.010505576720002758,-0.0042439790268227195,0.005612547492414755,25.032999558865413,121.56540776715363,8.859202360302419,1,101345.19101321757,0.0779496276926535,-0.06313771009179896,12.080118826987759,0.006553219688193789,0.06073906346112314,0.0011745555802042378
13.3,0.00489796973391432,1.7329645848039978e-06,0.10603178040862038,0.03243172547651804,1.0380017989687865e-05,0.5686888506516214,-2.045171799002076e-05,0.021867529227866056,-5.7902325983230524e-08,-0.7809619485536823,-0.5474315230004498,-8.371249301734165,-0.222212610525023,-0.1482394643969997,-0.23057996490324123,0.01078402418427178,-0.0004344288290791809,0.005605418712909175,25.032999558865413,121.56540776715363,8.859202360302419,1,101329.36420154983,0.07462046391526658,-0.02247371390960129,12.049238402318327,0.008454192586443676,0.020748498422839597,0.0005163835378992207
13.4,0.01079972578561117,5.520896055071829e-06,0.17478288539755843,0.05326321050322027,2.480311992558563e-05,0.786408470739345,-3.861351539023084e-05,0.02206149004782265,-1.3014279993877145e-07,-0.8027186331601215,-0.5629770993771792,-8.383674093680497,-0.21299857802033614,-0.16233953051073494,-0.018920351924197543,0.010967344844164699,-0.00037233139753456435,0.005553497958878112,25.032999558865413,121.56540776715363,8.859202360302419,1,101323.38559005539,0.038679883420664724,-0.07860249839462367,11.97083505011625,0.0026235640863936788,-0.014455979697958194,-0.0014879343800606054
13.5,0.0192048783867379,1.3888162133042418e-05,0.26506559860144907,0.07518000076624268,5.150944295939004e-05,1.0001039380759509,-6.114577242691019e-05,0.019057373845980496,-1.1007048012019109e-07,-0.8236239087752903,-0.5799603006572217,-8.375050871047915,-0.2056275935253412,-0.17693434871437405,0.18981400578833876,0.010809578420039122,-0.0035436700457120995,0.005284339589647898,25.032999558865413,121.56540776715363,8.859202360302419,1,101343.04241695529,0.0603577012492563,-0.07327054817195278,11.908706780033311,0.010382333423014912,-0.042743243657765675,0.0022026221600754954
13.600000000000001,0.029707822242743265,2.9463130965854554e-05,0.37640633184091415,0.09570945915786547,9.495943076272384e-05,1.2081137965398212,-8.46023582344539e-05,0.013809819093184128,1.1744336056092352e-07,-0.8440876234215555,-0.5981841199854946,-8.345849357394012,-0.2042939328777258,-0.18870304507783114,0.3928750421804481,0.010809385256359048,-0.008951761300008965,0.005192145776311946,25.032999558865413,121.56540776715363,8.859202360302419,1,101313.77572077408,0.05929132750258331,-0.05478245507304384,11.846833971022154,0.01046054503276609,-0.05878723167816924,0.006362615684527567
13.700000000000001,0.0416415453731912,5.489686093723404e-05,0.5082472465640798,0.11263878108035134,0.00015899203735156834,1.4100138324970757,-0.00010459621237253842,0.007467419295534405,5.703613266641757e-07,-0.8647575039567009,-0.61783987327826,-8.29671097191212,-0.2104629469805951,-0.20483995491133,0.5888992401726851,0.011250137962186728,-0.0154226703031346,0.005045872494631497,25.032999558865413,121.56540776715363,8.859202360302419,1,101341.96106175143,0.05632816230081296,0.024350902292347244,11.802667332832003,0.00722096026073735,-0.06404066287570463,-0.0027331411409884654
13.8,0.05422671298314846,9.234266808349829e-05,0.6600425001728287,0.12425138116672925,0.0002457299232600422,1.6065349574210217,-0.00011667351007918999,0.0011697357398923192,1.1602451953417482e-06,-0.8864312028806711,-0.6389710290338405,-8.228155046339026,-0.22409861479204565,-0.21844266106138172,0.7814048104730045,0.011256064857771348,-0.02186382897776018,0.004984058821033114,25.032999558865413,121.56540776715363,8.859202360302419,1,101326.59892589966,0.01574266543953723,-0.11594852304613698,11.818065506499012,0.005494439015939474,-0.05906804889616755,-0.00044995565704766057
13.9,0.06671018855182409,0.0001429599915400473,0.8313360585504223,0.1295192389341468,0.0003544616101362996,1.7991643675292117,-0.00011723449899260594,-0.004123051430408031,1.740035989842217e-06,-0.9098993318864199,-0.661720579067826,-8.14064391031267,-0.2462158759693278,-0.23583231598221824,0.9681823867918955,0.011324491621761832,-0.027313720477682102,0.00493346674499173,25.032999558865413,121.56540776715363,8.859202360302419,1,101329.00885422343,0.04363775517141517,-0.08336910089655565,11.776321496276447,0.01031135572306861,-0.044472430336208915,0.0011832458103191302
14.0,0.07847390969923196,0.00020653779790492715,1.021815235981012,0.12821982837624785,0.00048079683671414683,1.9896759468486276,-0.000104304189554628,-0.007749551217024919,2.186298015375394e-06,-0.9358497630914142,-0.6861778875929344,-8.034573089250394,-0.273634483205428,-0.25207645418128577,1.1530648761391722,0.01166104206896418,-0.031114909774029753,0.004782199932130514,25.032999558865413,121.56540776715363,8.859202360302419,1,101328.66829963507,0.01559099051866971,-0.08416967233953959,11.74884314311167,0.0070101484408697755,-0.025964972369824244,-0.010917809408663293
14.100000000000001,0.08910491147018962,0.0002812938891987025,1.2313371649504166,0.1209553878944288,0.0006157478881086879,2.179827519424386,-7.816340565733665e-05,-0.009405592070439228,2.4396978766590374e-06,-1.906198777182622,-0.6088170927987888,-6.990671193818817,-0.6520082178928054,-0.2273681883500863,1.5134349279186092,0.010806948404812429,-0.04129090640367794,0.004138320271107001,25.03299606263098,121.56536872873566,10.057174624186814,1,101301.2323430703,0.034812757818395476,-0.03870468025539323,11.723919947436894,0.004402804521112782,-0.006917401134551174,-0.0013256581005225503
14.200000000000001,0.09842524389128182,0.0003639187220115879,1.4598779012868137,0.1091965753207695,0.0007492285729501797,2.368794448828521,-4.028137231917948e-05,-0.00921306443480474,2.5243247536253602e-06,-1.9733613726085644,-0.632265741840753,-6.82999128579761,-0.6910053748306021,-0.24030059952456367,1.6977211008432689,0.010861254358939499,-0.04134893020291197,0.00391507711794439,25.03299606263098,121.56536872873566,10.057174624186814,1,101321.45067158036,0.051602056362986884,-0.04300657194355839,11.579676217666549,0.008085320142535098,0.007585710422639216,0.0025394746734068263
14.3,0.10648113517910907,0.0004497510599053701,1.7058767894233335,0.09648692126362234,0.0008720968306138305,2.525948758223191,8.434885856063901e-06,-0.0083375211178367,2.6397235533562384e-06,-2.04433379905795,-0.6570161862045808,-6.652325126995202,-0.7282501810299884,-0.2547883357967983,1.8482348425505624,0.010995221285624652,-0.040708437932461816,0.004067368281250663,25.03299606263098,121.56536872873566,10.057174624186814,1,101309.17789368123,0.02208204114311909,-0.10687776612428304,11.15489308634411,0.0006149817258218277,0.011496484140076068,0.0005230964531644914
14.4,0.11343550876821895,0.0005331140606731287,1.9652005154044008,0.0835659143815226,0.0009589984198107075,2.64213713109404,6.025863117737168e-05,-0.006894433536217326,2.8450239335482423e-06,-2.1189314785637285,-0.6832398280740349,-6.4616966668654285,-0.7628762019778946,-0.2694252546953342,1.9581916211400663,0.011402398981903619,-0.0395036395743571,0.004075422573027193,25.03299606263098,121.56536872873566,10.057174624186814,1,101307.30296365937,0.07059702313781809,-0.056410570120510276,10.80816056766213,0.008039682893359771,0.01783152796339247,-0.004780968714882931
14.500000000000002,0.11949641495803387,0.0006083780267044214,2.234424829863956,0.07099711794502252,0.000989849078571609,2.7287422891305644,0.00010768574817362659,-0.004935226472538634,3.1803284541897904e-06,-2.1968006048583066,-0.7107726063630296,-6.261496523140614,-0.7940415706068812,-0.28179464744072896,2.041272458381254,0.011504995335095023,-0.03776651829512323,0.004151407515306708,25.03299606263098,121.56536872873566,10.057174624186814,1,101313.63657826923,0.024508526853892015,-0.01891202679799781,10.610762196762396,0.009785906672405273,0.022011218249872656,0.002498893320410469
14.600000000000001,0.12490914122764318,0.000670704925270737,2.5110570493399424,0.0596380469492402,0.0009520518574067327,2.7938898045084297,0.00014387888396356923,-0.0026404173601544123,3.64985132172414e-06,-2.2776471435729677,-0.7395694863076148,-6.054240128762878,-0.8223074447210718,-0.29407011381465653,2.1001734705449193,0.01166064060293604,-0.035653375882727545,0.004196153489045744,25.03299606263098,121.56536872873566,10.057174624186814,1,101290.86862951839,0.04524570399822238,-0.009453335616105452,10.384467967668467,0.009727169112849827,0.024390392950165783,0.003888740755043122
14.700000000000001,0.12993881648003192,0.0007166405146490337,2.793302215061968,0.05041029555499828,0.0008427528674658286,2.8436802872736617,0.00016350135735684174,-0.0002754782869212047,4.198897372860891e-06,-2.3612077199040544,-0.7696693923010574,-5.841799437695349,-0.8479785151003225,-0.3082385587300164,2.146342248475911,0.011893002364443975,-0.03351218996625538,0.004386435127761054,25.03299606263098,121.56536872873566,10.057174624186814,1,101309.73990133496,0.069131267032716,-0.04911673213590216,10.222778770143394,0.01609894410581484,0.024462138404245676,0.0040826586978283345
14.8,0.1348457372389424,0.0007445574656014229,3.0798648883754187,0.04405830231570906,0.000669764472367023,2.882279814436196,0.00016343851712806223,0.001873564652391746,4.733182804663764e-06,-2.447182047677029,-0.8012241723044782,-5.625331198292231,-0.8708233515185069,-0.32286715056825915,2.1817613769697966,0.01210449978552694,-0.031566539356941536,0.004490397044904281,25.03299606263098,121.56536872873566,10.057174624186814,1,101285.11697554046,0.06169498379986493,-0.0024258779687576573,10.178474072983418,0.00924769044021557,0.020395330713222356,-0.0006716726503247035
14.9,0.13985829968719,0.0007548919028317557,3.3698020623242364,0.04099831890740422,0.00045078598840416677,2.912550840482679,0.00014333101094294454,0.003546285541502492,5.16039728898914e-06,-2.5353005803932858,-0.8341430402155533,-5.405753141348095,-0.8912126875445804,-0.3356337807264901,2.208784978357212,0.012221343472777379,-0.030138092365433078,0.004704861871737139,25.03299606263098,121.56536872873566,10.057174624186814,1,101274.42121238123,0.059107065120098744,0.0339294168846039,10.105579679408972,-0.0027501694651778123,0.014675349025182074,0.0004941562551089251
15.000000000000002,0.1451488203662959,0.0007501263370479665,3.6624057866141024,0.0412056719216559,0.00021057501822722497,2.936558926338685,0.00010544899172481903,0.0045580909949258785,5.433360523413159e-06,-2.625443903513223,-0.8683460346539349,-5.183853266625687,-0.9113668596533235,-0.3496863364713005,2.2286908419168325,0.012294891330252456,-0.029352607422043375,0.004816175247274263,25.03299606263098,121.56536872873566,10.057174624186814,1,101279.9876264402,0.030168298242072622,-0.13732395439979891,9.977851778257984,0.006110583003862345,0.007659228069223896,-0.002334322737594608
15.100000000000001,0.15081692684290882,0.0007345017633649489,3.9571181196690994,0.04420880176361217,-2.1769099982825006e-05,2.9554912147682417,5.461901847829805e-05,0.0048329400782878285,5.568206276300635e-06,-2.717550552333787,-0.9039422629766624,-4.9602460479237385,-0.9307596980012435,-0.3624393968683682,2.242234354601887,0.012156044830267217,-0.029304126988515256,0.004904884432772184,25.032997826588137,121.56542010059339,16.269081888798798,1,101277.13627742999,0.05299327864199805,-0.1266140679288774,9.968356766870931,0.006155057801230051,0.0008174393345220633,-0.0016947454709575513
15.200000000000001,0.1568837358601079,0.0007134820984930741,4.253478461587222,0.04918467763914762,-0.00021723892052922869,2.970084753212282,-2.4022344993350947e-06,0.004405956729069738,5.6278733405839e-06,-2.811527936777159,-0.9410094360815205,-4.735489769574472,-0.9491315491501606,-0.376912633561452,2.2520385930854854,0.012077256626376258,-0.02992474641269549,0.004903439423152436,25.032997826588137,121.56542010059339,16.269081888798798,1,101261.24863251722,0.036513152580465565,0.021483594824757223,9.949539505655455,0.0020591023529045027,-0.005734616185058925,0.0036309437017532937
15.3,0.16329772065982257,0.0006930408715355323,4.551088651338726,0.05508600243301335,-0.00035167647875794094,2.9809148250334965,-5.815659150260009e-05,0.003416063923347812,5.684329849682234e-06,-2.9074428695306533,-0.9793077361603978,-4.509849127501196,-0.9694506541978891,-0.3889184406294562,2.2601462335204863,0.011995210315822721,-0.031127173716342327,0.005059990663834787,25.032997826588137,121.56542010059339,16.269081888798798,1,101270.40479242949,0.04419988112404992,-0.06224821543077004,9.891728443120977,0.013673618935555439,-0.012219863249231022,0.003168809473315666
15.4,0.16995096924934844,0.000678872628303067,4.849597724392258,0.060819962732976185,-0.00040824871510095723,2.988370237152653,-0.00010518033241275584,0.0020779782568716154,5.7798508610582935e-06,-3.005415687927411,-1.0187189071251306,-4.283645873414919,-0.9903332537689211,-0.40016603687220587,2.263873699592251,0.011969502757752586,-0.03265705782260797,0.005052396978731551,25.032997826588137,121.56542010059339,16.269081888798798,1,101263.30968830812,0.06353258387875808,-0.0758585772938076,9.89572073229221,0.00855137390452761,-0.013079277244139714,-0.0008750198094620688
15.500000000000002,0.17670259101200964,0.0006756438838510909,5.148700313813483,0.06542406569681533,-0.0003806138991207281,2.9929573558312716,-0.00013714598860843576,0.0006409598158565455,5.9099792708695815e-06,-3.10558754094998,-1.05953171513118,-4.057268427967436,-1.0136098570804633,-0.4154544016578154,2.2635132090103967,0.01215631692645273,-0.0342442894330901,0.005254921077599855,25.032997826588137,121.56542010059339,16.269081888798798,1,101268.78466345857,0.03127681661931091,-0.09794149285200898,9.8951587276292,0.0060092437424266835,-0.01343375245622609,0.006585208885122513
15.600000000000001,0.18340496913509802,0.0006863919922015634,5.448138984210225,0.06819790757417218,-0.00027426867536243106,2.9952393017672834,-0.0001499982323083397,-0.000649335804439044,6.0348590948223975e-06,-3.2081398334779108,-1.1016884337747028,-3.830970979343868,-1.0376534584438366,-0.4274508866462644,2.2615836571137673,0.012456460015523859,-0.035749678350745606,0.00536605797706302,25.032997826588137,121.56542010059339,16.269081888798798,1,101276.2324896025,0.07095137951342559,-0.06278207030523812,9.838900048553349,0.011566992585033213,-0.010246286170403766,-0.0022419208317301575
15.700000000000001,0.18992852020140077,0.0007121557866265168,5.7477121643636755,0.06880174316953928,-0.00010508247197921711,2.9957848399108133,-0.0001422610699284132,-0.0015916328452643125,6.110762305105088e-06,-3.3131311540623476,-1.1452431963864713,-3.6049766454500767,-1.0625741034622933,-0.4432077258326832,2.2583840279664247,0.012769344831030042,-0.03687284824731929,0.005660782834470267,25.032997826588137,121.56542010059339,16.269081888798798,1,101250.57719142656,0.06445211680760897,-0.026676930852770092,9.81543054520751,0.011883542827846257,-0.00594952068365555,0.00527417442969223
15.8,0.1961812637465314,0.0007518830959781389,6.047279473383703,0.06727959465120277,0.00010236062437351619,2.9952441476656704,-0.00011538445869104834,-0.002057762169960231,6.1212691926611814e-06,-3.420660175289611,-1.190302616464284,-3.3793230949752946,-1.0877977500129052,-0.45797097861613306,2.2541658856409716,0.012964760758642422,-0.0375570299143444,0.00593897108180709,25.032997826588137,121.56542010059339,16.269081888798798,1,101269.34580027164,0.0499592724069402,-0.14994180437913385,9.784698306691903,0.0018531625215392322,-0.0016277827615426214,0.00010349462502103534
15.9,0.2021207061607569,0.0008026238318960122,6.346762243719916,0.06402014235032308,0.0003184480148702074,2.994221581393732,-7.352683904382888e-05,-0.002006570455859835,6.089991292256541e-06,-3.530743278021705,-1.2368808644155047,-3.1542219796035535,-1.1140611978071226,-0.4726130532571028,2.2481654678178957,0.013053729288361059,-0.037736634104668765,0.006148805104526521,25.032997826588137,121.56542010059339,16.269081888798798,1,101266.7275955562,0.05814347674657614,-0.008585901044909174,9.799715602459866,0.002499317087528748,0.004478236242628722,0.006814684537361408
16.0,0.20775694307964354,0.0008599774108910117,6.646139160977673,0.05966760402170308,0.0005127715650476504,2.9932542575147223,-2.2900381160985923e-05,-0.0014843147226020204,6.06864613546126e-06,-3.6434333343868124,-1.2847346368298531,-2.9296977992430593,-1.1400799771785628,-0.4854769769680757,2.242171713347958,0.013033051718271288,-0.03739149157847965,0.006444366781892053,25.032997826588137,121.56542010059339,16.269081888798798,1,101273.42869548319,0.03648960375287487,-0.060060626633814375,9.771711105514445,0.006136956810840689,0.007872604848515931,0.0001423784691154922
16.1,0.21314722861682905,0.000918732443561005,6.945435502357138,0.05499616755729268,0.0006584302532091248,2.9927118686494807,2.907989666681896e-05,-0.000609649369223364,6.108884924412231e-06,-3.7467688037997484,-1.335196162243581,0.513996910341741,-1.1618250741383296,-0.5016613297296413,2.7621689422550464,0.013158658810430051,-0.036534060647267275,0.006647033647555223,25.03300282095436,121.56539815701723,22.773890063665398,1,101247.70937422245,0.05489057135939311,-0.0416523238799062,9.785871132976974,0.0015635346408198417,0.011241376880513434,0.005516014913907822
16.2,0.21838347562658234,0.000973611620175608,7.2447092627398835,0.0507783669748332,0.0007362245192417754,2.992842239851443,7.506542947591796e-05,0.0004493335774666818,6.234588807260925e-06,-3.864189495571281,-1.386013392966774,0.7901661104216763,-1.1862809382118447,-0.5155682512354477,2.7615593633777267,0.013477597029573548,-0.035661105057510856,0.006921854216124986,25.03300282095436,121.56539815701723,22.773890063665398,1,101231.54039412168,0.04828923633187943,-0.08891046462314056,9.803250780669082,0.008759707537850428,0.01151150020567003,0.0026263833750413616
16.3,0.2235750904090565,0.001020015851872296,7.544032729664364,0.04765198861356063,0.0007364352082679231,2.993751606277092,0.00010855109647236343,0.001508483693467788,6.424619736001624e-06,-3.9840276438882007,-1.4383035753383442,1.0662798462878844,-1.2102683677882744,-0.530715091437922,2.7619017874426874,0.013924694535171438,-0.03477965496487445,0.007133687667018785,25.03300282095436,121.56539815701723,22.773890063665398,1,101245.89300575184,0.04764767071765319,-0.09166281026923463,9.839446330973214,0.00858142817023714,0.01136815998334904,0.003604712256260003
16.400000000000002,0.22883013036943461,0.0010546775023458767,7.843475798970432,0.046031459268552136,0.0006613203910688807,2.9952691878733564,0.00012511785455458844,0.002398364653287244,6.640093890473288e-06,-4.106195199800327,-1.4920840487206766,1.3425561204310774,-1.2331535436972634,-0.5454796773077899,2.764229822158466,0.014066136655737317,-0.0341178558752373,0.007288166154731017,25.03300282095436,121.56539815701723,22.773890063665398,1,101225.37772794394,0.04546536912324676,-0.04275431882565143,9.90902665820576,0.005043126585249223,0.009106060786774034,-0.005387461630835104
16.5,0.23423797648883932,0.001076090623961363,8.143093133713492,0.04606162421205575,0.0005236713919716809,2.997200350968381,0.00012289877802430758,0.0029878412129840104,6.838470370767887e-06,-4.230629289423817,-1.5474998997626734,1.6190844364586514,-1.2557477706997888,-0.5623166272886332,2.7657398019392803,0.014012398176758357,-0.033710077993066134,0.007570881566988895,25.03300282095436,121.56539815701723,22.773890063665398,1,101236.58071672445,0.03795382123504311,-0.08298537512628634,9.833033469438357,0.010765792073526056,0.004796443149729641,0.005746548043236771
16.6,0.23985625248678494,0.0010846815861103396,8.442912699784467,0.04760542366694713,0.0003445878133781527,2.999292210861763,0.0001026602200261784,0.0032057169558066256,6.987444827290751e-06,-4.357362437348791,-1.6045778847903225,1.895754324891903,-1.2789151997188064,-0.5793086155443954,2.7680303030907285,0.013986011528179458,-0.03368182053331248,0.00805504290238325,25.03300282095436,121.56539815701723,22.773890063665398,1,101231.87945625916,0.060490196965445935,-0.0745037080942749,9.859028072235038,0.011415327291745712,0.0015122264678614399,0.0018759793044699146
16.7,0.24570387719969028,0.0010826982775068246,8.742932552216347,0.05029464232792671,0.00015131587812907448,3.001194401387856,6.801766279395039e-05,0.0030461873741236545,7.0742949425738875e-06,-4.486419439316446,-1.663048885637824,2.172613152281286,-1.3023826508835326,-0.5913953667045468,2.768803574915017,0.01407295625078244,-0.03400651798302601,0.00825340177500091,25.03300282095436,121.56539815701723,22.773890063665398,1,101233.48643276385,0.04224574472134895,-0.025947849289306234,9.803032065021034,0.006996042076876126,-0.002056524057867256,0.003760450222087786
16.8,0.2517610216613815,0.0010738236290509628,9.043122452184779,0.053604041839316344,-2.8167004318977172e-05,3.0026829443396865,2.43899060424448e-05,0.0025646486421244674,7.107839175387706e-06,-4.617805096040381,-1.7230711321648786,2.4494555527338955,-1.325349748311966,-0.60994330833793,2.768177840980374,0.014106626559660296,-0.03469240573001087,0.008333899250457537,25.03300282095436,121.56539815701723,22.773890063665398,1,101209.78362315544,0.04408501165908674,-0.026780330827293287,9.761315112549587,0.007020230094242722,-0.0048771318574001975,-0.00022351628416583213
16.900000000000002,0.25797546197612087,0.0010626040583852023,9.343429647682767,0.05694944004856919,-0.00016893438288574802,3.0035455843535153,-2.1792546979336964e-05,0.001864578469761069,7.121801581054303e-06,-4.751542173489451,-1.7848796552685073,2.7262969602963985,-1.3491784436731626,-0.6262832356247546,2.7689426950513396,0.014390056401953281,-0.03556380742137466,0.008676030647046026,25.03300282095436,121.56539815701723,22.773890063665398,1,101212.2117863947,0.08447591717741645,-0.09093122745731064,9.782842426779519,0.007372425487532667,-0.00642919136801601,0.0046077140991661655
17.0,0.2642736489954706,0.0010537566156730552,9.643789398400093,0.05979159538615856,-0.0002516339602853284,3.003693472539962,-6.365414123572706e-05,0.00107487765676062,7.137645388678819e-06,-4.887697737067088,-1.848282710782522,3.0032399833346184,-1.3743459635141706,-0.6413813504714451,2.7700136605649766,0.014335884784248272,-0.036519246133879024,0.008882748505215426,25.03300282095436,121.56539815701723,22.773890063665398,1,101206.87721638715,0.046647120693618344,-0.0416666057162577,9.78119751867705,0.0053622458769294785,-0.005719291366534217,-0.0010705376173934485
17.1,0.27057429917126463,0.0010514790229516646,9.944134637546377,0.06171035070677807,-0.0002665266395429947,3.0032274718382905,-9.529998414536367e-05,0.0003294635985844341,7.15642072302258e-06,-2.424273072551432,-1.2040080076282191,3.5921775091840207,-0.5968325933008913,-0.4361615144077928,2.8291022795382634,0.009945941412162054,-0.020999884745865227,0.01012321899443987,25.0329912551872,121.56538360946452,20.884506932183328,1,101230.4971480517,0.05434344406600676,-0.047275668039253364,9.8203755776474,-0.0004153892928409515,-0.006632683726982136,-0.0004201302711446713
17.200000000000003,0.27680210307454817,0.0010588640782654337,10.244406207963278,0.062465103806025477,-0.00021396476222956291,3.0022436428156274,-0.00011257375987086008,-0.00025395123663574104,7.167167499683727e-06,-2.48457843036001,-1.2482271096830844,3.8750524518122877,-0.6096248742027391,-0.44813519430134113,2.8289859130259702,0.009927627613096509,-0.02165533653172602,0.010420106525749779,25.0329912551872,121.56538360946452,20.884506932183328,1,101197.68711515129,0.04086959223392696,-0.14577308379934956,9.794788546607128,0.008999938282424983,-0.004561005082953958,0.004925284478061382
17.3,0.28289934245580284,0.0010774958621607468,10.544562885627803,0.06202580244022963,-0.00010373897080929232,3.0009390499037036,-0.00011341316185159425,-0.0005943698985355628,7.1595067098301926e-06,-2.5264389959385176,-1.2816581129220814,5.0348382332934705,-0.6124722908996167,-0.4557723322464168,2.966547867964584,0.009827997294222334,-0.021784918567724576,0.010473654635859224,25.0329912551872,121.56538360946452,20.884506932183328,1,101201.47820527348,0.046639541580004815,-0.11048809129641249,9.752434430235642,0.008865458086679132,-0.0007932752538500527,-0.004472695810453442
17.400000000000002,0.28883374468570955,0.0011072731398205512,10.844585347747099,0.060553769949838965,4.594146700671017e-05,2.9995759131812023,-9.830956827473655e-05,-0.0006553640429349805,7.125348908446694e-06,-2.588319397813012,-1.3279023032503208,5.331479611661457,-0.6252318773708382,-0.46825184734556624,2.9665199181907056,0.010091987262613207,-0.0219146446148768,0.010636543667235746,25.0329912551872,121.56538360946452,20.884506932183328,1,101194.50830429516,0.08050717126251342,-0.03763113866559238,9.788552301628513,0.003084978159835621,0.0015692128086903622,0.0010021183455337147
17.5,0.29460168865617087,0.0011464890043607957,11.144478132951763,0.058365857265889734,0.0002117596392891846,2.998376139073078,-7.014442339462177e-05,-0.00044852263781236523,7.06599368841664e-06,-2.64873141781586,-1.3736098687941107,5.717279642865176,-0.636809925629938,-0.4792264662741576,2.981144494980286,0.009992007365502502,-0.02171314149306669,0.010821497417053861,25.0329912551872,121.56538360946452,20.884506932183328,1,101201.52395799592,0.03080274486185622,0.004321968094799261,9.805470093448893,0.0027463969968571497,0.003978218310481672,0.006694160199502265
17.6,0.3002265807062227,0.0011921554178122124,11.444266993446714,0.05587060511110946,0.0003692747632075545,2.9975253009532254,-3.3464300423832055e-05,-2.810158254917816e-05,7.011759403798821e-06,-2.7130664318485347,-1.4221247407426183,6.015451739126328,-0.6496285303207574,-0.4915773531127835,2.9818007423003223,0.009989863044463967,-0.02133868131294836,0.010804568522402505,25.0329912551872,121.56538360946452,20.884506932183328,1,101190.86914445972,0.05052206345152348,-0.022145269334153103,9.785566333787479,0.004563584431043813,0.006892106894024738,-0.00013102389664816508
17.700000000000003,0.3057530357267162,0.0012404726064429127,11.743992508734985,0.05349365837818433,0.0004958789903669316,2.9971298296815254,6.005153715991145e-06,0.0005217487202735516,6.99235716311681e-06,-2.762465078707056,-1.4615169791395757,6.691833556439709,-0.6547411368411139,-0.49846721889443385,3.044462326964486,0.010072658666644833,-0.020650603675227863,0.010872417555783076,25.0329912551872,121.56538360946452,20.884506932183328,1,101187.03778410426,0.041042393060722895,-0.07131815001435973,9.836013779732783,0.0074181842842787,0.007532401784067425,0.0011380461751067166
17.8,0.31123811913869504,0.0012874106178247802,12.043702615736745,0.05160930533819674,0.0005745169235682005,2.9972273912955383,4.243918708211541e-05,0.0011022424203603887,7.022384555748283e-06,-2.8285566805206517,-1.5118797843696283,6.996325630184188,-0.666740223160159,-0.5087515405043608,3.046336323894151,0.010141045433173658,-0.020119686127163527,0.01103825562585439,25.0329912551872,121.56538360946452,20.884506932183328,1,101174.67197769792,0.059945993838712006,-0.10614069085309635,9.832146899698666,0.007152479886049137,0.007639388609205855,0.005050494039484818
17.900000000000002,0.31674122294919427,0.0013293058493037363,12.343443898514234,0.050482406710398685,0.00059556633706721,2.9977605004444094,7.059247599003744e-05,0.0016177184237666786,7.0982437730615026e-06,-2.914640389481396,-1.575801836800321,6.978936813087292,-0.6857769028477418,-0.5269989529549073,2.9961538928079445,0.010271396896275741,-0.019833759409143115,0.011232047365478124,25.0329912551872,121.56538360946452,20.884506932183328,1,101180.83466425787,0.041246072396724454,-0.0583521357383773,9.838163643136614,0.012290681567741227,0.005203152451596975,-8.340048788515336e-05
18.0,0.3223143041128149,0.0013633831138019938,12.64325459080631,0.05023694213945147,0.0005584463664254849,2.998602571005024,8.67039950731106e-05,0.001989917859663848,7.20279984897607e-06,-2.983822610486225,-1.629046033249572,7.278708719367769,-0.6978933452404755,-0.5372648532743629,2.9991294805592545,0.01046296810746579,-0.01948781582283865,0.01131102973592343,25.0329912551872,121.56538360946452,20.884506932183328,1,101173.7108701651,0.04780015494521869,-0.0398824692145942,9.849796697265273,0.01234622546666602,0.004436941525513244,0.0022852287316662773
18.1,0.3279940399618305,0.0013881270713171773,12.943158775074474,0.05084424186358559,0.0004710597457808349,2.999612381283966,8.896001423558977e-05,0.002169808055095368,7.315227634673894e-06,-1.1362526020596744,-0.12414147746132398,7.928708580734758,-0.06430771416479204,-0.028865801545008788,3.0694514361274776,-0.0003243197465040426,-0.005303380302970284,0.011561362536294202,25.033003330833782,121.56539429724249,25.822669370980297,1,101161.32034638495,0.05641948790103717,-0.06093681695603073,9.85265159119096,0.004453903871437949,0.0013733213877741204,-0.0061366862431533895
18.200000000000003,0.3337970491005532,0.0014034469236943485,13.243163426520955,0.05213952704438578,0.0003482699801242533,3.000601748996729,7.762037392950636e-05,0.0021436966380783407,7.4098504707264325e-06,-1.142616454495457,-0.1271514857923048,8.235815944311252,-0.06297545616608902,-0.03097982061940494,3.072973823078959,-0.000508395080051508,-0.005302726824889525,0.011464217912614774,25.033003330833782,121.56539429724249,25.822669370980297,1,101163.58788824292,0.04449958838439938,-0.01831137516890379,9.854079269971223,0.010335134980601835,-0.0010339054309058792,-0.007167458019266963
18.3,0.3397187564750651,0.0014106351744318278,13.543259410857319,0.05386200774262421,0.00020966925382819623,3.001424206282504,5.496818263100491e-05,0.001931307762244261,7.475063798336323e-06,-1.147842552637284,-0.12981787050312213,8.742362287220077,-0.061608708268351256,-0.036302183888133194,3.10982532471685,-0.0003168422260408253,-0.005414721370243125,0.011280012559666836,25.033003330833782,121.56539429724249,25.822669370980297,1,101175.8567219339,0.04188697857688799,-0.023819355437100283,9.812546637363365,0.010161394582751355,-0.0015837297819748916,0.0018901576858349096
18.400000000000002,0.3457357728348488,0.0014121192085706806,13.84342326534438,0.05569999766597762,7.612505271486665e-05,3.0019572693879426,2.4802150146660598e-05,0.001581599652330068,7.517555999436923e-06,-1.153930472566796,-0.13360378297332814,9.05344113976741,-0.060648654631005834,-0.03904651232947648,3.112563436555935,-0.00021156887656194247,-0.005704757938506111,0.01136972312842266,25.033003330833782,121.56539429724249,25.822669370980297,1,101162.9492442268,0.028473319945373554,0.016424883033294077,9.805210695624526,0.006581879785301598,-0.002402560260315156,-0.0003359323514603165
18.5,0.3518111484186037,0.0014110455215047024,14.143622632959405,0.05734943047081205,-3.2886926063850925e-05,3.002115355929614,-8.078806004837493e-06,0.0011613809164607858,7.546713461642575e-06,-1.1593049811016218,-0.1372565066504236,9.462501798619831,-0.06049941377952532,-0.044019580429400684,3.129130366183618,-0.00018777044594581703,-0.006007593978070602,0.011475021798711384,25.033003330833782,121.56539429724249,25.822669370980297,1,101145.18387617319,0.06386162073237563,-0.015266964793836692,9.793888577503042,0.009764842429757113,-0.002602705754359151,0.0038843985508525284
18.6,0.35790140564292106,0.001410781659411659,14.44382208625907,0.058559813780775294,-0.00010243376445056008,3.001935634169922,-3.865027549983328e-05,0.0007432936305564741,7.567459039072101e-06,-1.1653859876726276,-0.14192095368382665,9.775574969315022,-0.06125047922927048,-0.04852999679480419,3.132242116945187,-0.00046635957637325334,-0.006339073266150352,0.011495528231980884,25.033003330833782,121.56539429724249,25.822669370980297,1,101155.08003760349,0.062377273357386916,-0.12870519274402348,9.791313912040014,0.011732025105422149,-0.0021297588564140792,-0.004881754734267052
18.700000000000003,0.3639640572501671,0.001414410773916428,14.743988302897172,0.05916791606808756,-0.00012448308837097698,3.0014647226252893,-6.262034077921701e-05,0.00039521728366187503,7.579451491695833e-06,-1.1699487821727126,-0.1458580121627188,10.254496655968529,-0.06076777075905448,-0.05202065387684183,3.1630928336818283,-0.0005069780536686623,-0.006578580371702225,0.011493268323064715,25.033003330833782,121.56539429724249,25.822669370980297,1,101163.43117677541,0.05894807544360297,-0.05392490288657829,9.81150174367034,0.009700515427256109,-0.0016282042091542018,0.00521625164165441
18.8,0.36996436347191625,0.0014242946171827088,15.04409625989454,0.059123265462094364,-9.791756085459756e-05,3.000778815470926,-7.676056656733739e-05,0.000167696742279011,7.5815510252850055e-06,-1.176055474467737,-0.15128732003076495,10.570837024744028,-0.061327476947135404,-0.055683364470110706,3.1640559355913145,-0.0003412715038432412,-0.006711353883980475,0.011485685795064135,25.033003330833782,121.56539429724249,25.822669370980297,1,101128.650049318,0.0706638394029448,-0.03299535234308111,9.828496375632438,0.006959912254047617,0.00015844394597863145,-0.006137749991503161
18.900000000000002,0.37588030872492073,0.0014417610696360094,15.34413227494423,0.058483580243712155,-2.8970173130793155e-05,3.0000273153160224,-7.942800358151228e-05,8.787255598607935e-05,7.571494460221478e-06,-1.1799081295952278,-0.155341769352906,11.072887841715746,-0.060373682530922186,-0.05816260777167327,3.200593742342666,-0.00029046093788498775,-0.006677715930605732,0.011441632735390329,25.033003330833782,121.56539429724249,25.822669370980297,1,101162.277489221,0.051908845931454874,-0.10581894191208434,9.779031770573004,0.004278998202433246,0.00117312110487849,-0.00641634022074674
19.0,0.3817051505903941,0.0014669573941859368,15.64409510249268,0.05739698799541063,6.997266109380832e-05,2.9993297415108557,-7.086392725853587e-05,0.00015756705336089638,7.54446234543381e-06,-1.1859218623148151,-0.16127398182953673,11.393076737197482,-0.06022151855867923,-0.06200576822727303,3.2038340394974805,-0.00010388509266619824,-0.0065298251920193895,0.011462957716473415,25.033003330833782,121.56539429724249,25.822669370980297,1,101128.76542997023,0.026892721308251318,-0.090994127296769,9.802322023823674,0.0035443207775492864,0.0020104984630012696,-0.0008037529903251442
19.1,0.3874473283024152,0.0014988970562415573,15.943995792357246,0.05607397736701425,0.0001830614219392511,2.9987959173472776,-5.28447577678328e-05,0.0003537360677177137,7.509976889788194e-06,-0.5313304814568032,0.15031866643427577,11.742116494594605,0.046509695237763965,-0.016668295427323492,3.211712158654082,-0.0008473869760968235,-0.005242079321605697,0.011525026781566194,25.033008433974082,121.5654108010307,21.894258251138567,1,101134.71585129474,0.0321208136046467,-0.04645435381987996,9.802949515448493,0.005331468345758988,0.004487485524426582,-0.00864106535440653
19.200000000000003,0.39312793828318643,0.0015356588124685148,16.24385433516531,0.05474544292922449,0.000292852760298722,2.9985035775185103,-2.8546274931353814e-05,0.0006351416394951848,7.484417296252816e-06,-0.5266262942622121,0.1484928777556044,12.063401699751862,0.04757392955399578,-0.019580678387311166,3.213708404712735,-0.0008152553172306844,-0.004875297439139281,0.011400990149564878,25.033008433974082,121.5654108010307,21.894258251138567,1,101135.02496878477,0.059146744947464414,0.0017623595049481924,9.807630645537346,0.010025019357354802,0.003773822704824458,0.004121246671971376
19.3,0.3987763769207899,0.0015747134813067715,16.543695990599613,0.05362616029269494,0.000383459453396897,2.9984682752462963,-1.8616444733289156e-06,0.0009498848096067825,7.480833599286561e-06,-0.5214306848991314,0.14682779291318895,12.409294186966271,0.049481576812065046,-0.020146355074766,3.2210512774756284,-0.0009557053546122947,-0.004485412678048473,0.011425665289697576,25.033008433974082,121.5654108010307,21.894258251138567,1,101115.699321062,0.02783991834328055,-0.05807949754831316,9.785740043087008,0.0021019213305511885,0.003986703253558308,-0.0009597017321419307
19.400000000000002,0.4044249744136467,0.00161332675575214,16.843546895462165,0.05288084466881034,0.0004425845550972164,2.998685178847468,2.3183078276253817e-05,0.0012444274980853987,7.505332889003401e-06,-0.5163856461776644,0.1446950881966948,12.731559991460397,0.05160146244682853,-0.02236335930068999,3.2241646012431757,-0.0010217249267387334,-0.004123577179376836,0.011459921847189844,25.033008433974082,121.5654108010307,21.894258251138567,1,101126.8955997217,0.057220071729846306,0.006663814229601994,9.796545029697102,0.008307220292034068,0.0034697194652154257,-0.0009289410456709454
19.5,0.41010355284282984,0.0016489724506493072,17.143429457459646,0.052600248973282394,0.00046308414407180185,2.999099480196373,4.2942674986587955e-05,0.0014730015600274982,7.5561659842360164e-06,-0.5108637656755174,0.14231530525174477,13.067357101254572,0.054143428820904144,-0.027450420613691778,3.2293897137153427,-0.0011397533810678746,-0.0038173002358032893,0.011674632503539503,25.033008433974082,121.5654108010307,21.894258251138567,1,101119.19337814431,0.037589629904463434,-0.03858832427792139,9.796205977648128,0.010487931409288512,0.0021883516977138457,0.003450479022929059
19.6,0.4158348075843708,0.0016796947260830808,17.443359315412092,0.05279388300481436,0.0004440619467980259,2.999626193089316,5.480780991262913e-05,0.0016038257210451157,7.625881162267873e-06,-0.5053164606436246,0.1395585414530207,13.390518101923224,0.05683755525015427,-0.029251701846706703,3.2340111849037485,-0.0012999336692820817,-0.003645426759101289,0.011856036379350739,25.033008433974082,121.5654108010307,21.894258251138567,1,101112.0156283267,0.051887298363299424,-0.06979238458625292,9.820721431014578,0.009748753250416346,0.0003202135646846741,0.001951187163598093
19.700000000000003,0.4216311830682666,0.001704365846796978,17.74334321398376,0.053393619833339526,0.00039037379897787877,3.0001727166418144,5.745450092051215e-05,0.0016234523587383975,7.702971267593234e-06,-0.5022248290884601,0.1345896145746338,13.582292831886516,0.05797073038579306,-0.032101139838824524,3.209792394065549,-0.0011072385111648682,-0.003603837595967496,0.011965949776439298,25.033008433974082,121.5654108010307,21.894258251138567,1,101117.31637975415,0.04383840650775299,-0.11233779255284285,9.775174592641367,0.00759621509771287,0.0004910368560194912,-0.0046310192600786445
19.8,0.427493657001493,0.0017228076229921895,18.043378800964234,0.05427156643970028,0.00031179143784488904,3.0006511821929256,5.09844191556145e-05,0.001537284555706453,7.773368982172255e-06,-0.4963510285415075,0.13134254734700948,13.903354584626861,0.059516670409779544,-0.03332076380979271,3.211918108426412,-0.0013324453669263563,-0.003620271511120876,0.012049317804403194,25.033008433974082,121.5654108010307,21.894258251138567,1,101092.53724688159,0.011246248152768895,-0.05930993364463855,9.830474695398815,0.006979998442337432,-0.00010055394942733663,-0.0038737951445570093
19.900000000000002,0.4334124703596737,0.0017357714736563818,18.34345559852783,0.055264720465856655,0.00022126894319443596,3.000991669192845,3.6862464056865824e-05,0.0013673675906178406,7.832430489210692e-06,-0.48745213346612204,0.12989809181500367,14.341244536088961,0.06345731359144473,-0.03755931462093802,3.2382462248907524,-0.0013522693668386902,-0.003671297029206766,0.012254803186645891,25.033008433974082,121.5654108010307,21.894258251138567,1,101114.72464523955,0.011151357965881986,-0.15049666923951405,9.837348893291585,-0.002309646658767384,-0.00022752509246070675,0.005326408765509447
20.0,0.439369532745693,0.0017447737325525974,18.6435572309998,0.05620415291077167,0.00013275755307202072,3.001140380054829,1.7573400163604414e-05,0.0011476191807642255,7.880221684465292e-06,-0.48099281215201867,0.1259925884866585,14.665306627776241,0.06584588893757574,-0.03973120735174621,3.2426136528983096,-0.001505128718182168,-0.0038154145148534546,0.012220291762532035,25.033008433974082,121.5654108010307,21.894258251138567,1,101119.32663945969,0.04962662197826128,-0.08080418401563787,9.81534901914325,-0.0018840445235985184,-0.0012419145796175532,-0.0032919909389383835
20.1,0.4453419916992059,0.0017518279638043702,18.94366472387615,0.05694325893076657,5.932750378336307e-05,3.00109664792226,-3.700100784942779e-06,0.0009170325259710843,7.918156338894309e-06,0.44669377184538933,0.20729059411135242,14.926277103044823,0.26100589630687376,-0.023591012072662444,3.232245548947465,-0.0018629802112548307,-0.000979899202691259,0.011925683749790368,25.03300373922043,121.56542567700409,27.049599006592615,1,101099.09435685613,0.04815921512019495,-0.06090265191045274,9.822723531636155,0.015800298268416876,-0.0010922273971699877,-0.005898446252616903
20.200000000000003,0.4513062888230892,0.0017591186695601654,19.243759369539916,0.05737758796878173,1.0825040670545501e-05,3.0008870611280463,-2.3728308121631122e-05,0.0007138036465832442,7.946634274309974e-06,0.7367218067330309,0.359258432086568,15.251562518701224,0.39814702607651764,0.05683776601301584,3.2357772461767507,-0.004186611440480912,0.001834005858929233,0.006393765274044706,25.03300373922043,121.56542567700409,27.049599006592615,1,101106.1862557757,0.05581817399429414,-0.07696786821762966,9.8399795167201,0.0011756003993339485,-0.0006857581284642896,-0.006188103771095907
20.3,0.4572420044712717,0.0017686699956572078,19.543826011319084,0.05746074544485206,-7.048823093259654e-06,3.0005430373572044,-3.965909705556599e-05,0.0005686597770053758,7.966370020792101e-06,0.7771633159707648,0.3646667702702387,15.613114553054732,0.40440114277890044,0.05486896719049175,3.2468420038368166,-0.004269005734801043,0.001792380111454106,0.006376972229936739,nan,nan,nan,0,101082.96214073845,0.04142939949305505,-0.04361379636813846,9.818980076788497,0.012514672001784088,-1.729464593282692e-05,-0.000341180582765116
20.400000000000002,0.46313490201976487,0.0017820567177529673,19.843855316731666,0.05720694705475867,6.72403930976637e-06,3.0001397338858546,-4.9327089146321764e-05,0.0005002783817449341,7.978546314001545e-06,0.8180017223574938,0.3702045231257724,15.937924482690509,0.4117786069199527,0.05556688551278763,3.24825309723535,-0.004313273615688368,0.0018270646870237606,0.006504099799420087,nan,nan,nan,0,101088.33337191108,0.025718522718817756,-0.08273091524005767,9.787109739442446,0.006991373987318178,0.001140590268944924,-0.0035366550640664376
20.5,0.46897873916306276,0.001800195651688695,20.1438444806034,0.056682391602168224,4.817618471024909e-05,2.9997470818405225,-5.1685906034105506e-05,0.0005139843933490429,7.981419215159128e-06,0.8595700015120351,0.37587548160359846,16.273935636386337,0.41746041867442624,0.057196471541493474,3.252523871552963,-0.004372601122023459,0.0019162283992610885,0.006731114344708999,nan,nan,nan,0,101082.83520276364,0.02714647732586626,-0.05177908173184735,9.866212982091403,0.01099211448209841,0.0014539732552696378,0.00046690920060753134
20.6,0.4747756586406569,0.0018232506253788908,20.44379761251651,0.055993040944114225,0.0001096281250877863,2.9994245656253105,-4.6817993744724946e-05,0.0006011100222680366,7.975801086351504e-06,0.9017012724296849,0.3814518433075827,16.599358923797055,0.4247303542535257,0.05495147025821776,3.2555372351997396,-0.004634843698190498,0.0021325552336080023,0.006748638481580518,nan,nan,nan,0,101070.03001897651,0.024481445446187786,-0.0734141636608539,9.795666991432352,0.0038527063385943253,0.0027367505621093483,-0.00044405388356773707
20.700000000000003,0.48053519549069945,0.001850654778501683,20.743724254581,0.055262540050076525,0.0001808424511814427,2.9992263550721767,-3.5863396935802124e-05,0.0007419387789402432,7.968774553153458e-06,0.9451655904467021,0.3865736988939091,16.984844633002332,0.4315167741477655,0.054112735911516295,3.2709924347726327,-0.004704689397668188,0.002409068298250494,0.006691610069672277,nan,nan,nan,0,101081.88241276077,0.04357456112496896,-0.029641840696072605,9.763888170920836,0.0029019746016236392,0.002718194191403978,-0.0034803987280708055
20.8,0.4862721738285921,0.001881235450432183,21.043637373710506,0.05461156306743853,0.00025070608454185015,2.999163497424735,-2.082866979889984e-05,0.0009097917253757526,7.968371496898892e-06,0.9887265713416538,0.39200771954671904,17.31204208023094,0.4398500306094575,0.05404354929947825,3.2732610097009354,-0.004693459070678995,0.0026811799001642544,0.006618503829059034,nan,nan,nan,0,101078.02411322034,0.055928965903464356,-0.07917560305960478,9.81372803623656,0.011790818549678497,0.0034114497608625453,0.0013904670574728857
20.900000000000002,0.4920039141046297,0.0019134226411721877,21.343551308839153,0.05413963691999714,0.0003091030790287364,2.9992385911109407,-4.138894227856671e-06,0.0010752684462369544,7.980683092614293e-06,1.0328087155773822,0.39760090707680634,17.61863421387452,0.44730147393952163,0.055743144440365,3.2716609656029836,-0.004905072323470264,0.002914496972019842,0.006642872027737124,nan,nan,nan,0,101072.86920458484,0.04144113289174893,-0.07785501232170874,9.834481280150444,0.009695765828254096,0.0019508893069485158,0.0034732581166522524
21.0,0.49774724354658834,0.0019455042273385484,21.643478990651186,0.053908562308699594,0.00034803609367931634,2.9994368950849144,1.1627706496994861e-05,0.001211931442292924,8.008767248128734e-06,1.0778945007727823,0.40312448433625797,17.946019522046935,0.45474857738475866,0.05375114818862678,3.275428829788141,-0.004828803904259306,0.0031733212707778513,0.006548243431044744,nan,nan,nan,0,101064.76180902992,0.05721757953584104,-0.12844878324735143,9.806580757870972,0.003884711567989792,0.0018499326294703679,-0.0013708216579734274
21.1,0.5035158245300636,0.0019758872797820378,21.943430081722873,0.05393678205269011,0.0003629211004312495,2.999708414252868,2.417839019673156e-05,0.0013001081311483365,8.051949544739435e-06,1.1238611217648673,0.40849518768644627,18.281576948930685,0.46208627211318365,0.05459560605939025,3.2794592491452486,-0.004874493434396837,0.0033752919513125867,0.006385451980326605,nan,nan,nan,0,101064.2280520482,0.028563681921311576,-0.0984422393685268,9.861126666550959,0.009841120007790607,0.0025113137975182006,0.002194944915978247
21.200000000000003,0.5093181927561656,0.002003326491737592,22.243409828545126,0.054199972771907454,0.00035308740590760395,3.0000052378944693,3.188296598018131e-05,0.0013292394694115472,8.107092300249355e-06,1.170446523657423,0.4139342234017465,18.609715252006925,0.4698322008162714,0.05381496660452517,3.282801459440172,-0.005146774299771115,0.003542188233553789,0.0063947102946935305,nan,nan,nan,0,101067.51228213731,0.04261888331071274,-0.10250939583017833,9.815448283943963,0.0012615418672009323,0.0019508725994524137,0.0033003712433003927
21.3,0.5151567752944868,0.0020270855738998166,22.543418394235353,0.05463727362283556,0.00032144034213184167,3.000279900797911,3.389150386784237e-05,0.0012992788809873534,8.167306646403824e-06,1.21709022536962,0.41960427786279875,18.891941525892694,0.4773953837375967,0.054391546683768895,3.275995312598507,-0.00549462707474563,0.0036180993624488345,0.006505735420531818,nan,nan,nan,0,101067.48677416895,0.046557519391712834,-0.046820574556031856,9.831663615311719,0.00827979424079374,0.0009666831449250988,-0.0004504552646811604
21.400000000000002,0.5210279746059111,0.002047016140332473,22.84345138517267,0.05516497575846716,0.00027401852105175936,3.000488823128962,3.0263966518419387e-05,0.0012195636802583287,8.225873270937994e-06,1.265259184351956,0.4251949513147933,19.21976297882177,0.4860533941417359,0.05775069973383614,3.280678774362619,-0.005676461314393405,0.003644303833172824,0.006427574107590595,nan,nan,nan,0,101059.84990057212,0.04261450805440203,-0.031841261923565456,9.824740112239201,0.009372150524079616,0.0006869819185555771,0.0018924826316312577
21.5,0.5269232122259832,0.002063544406097133,23.14350076393271,0.05569100360745973,0.000218777782582989,3.0006034620057145,2.1882663601017837e-05,0.0011067949600100935,8.279573188001713e-06,1.3135525035910187,0.43122791604982486,19.504467219253097,0.49457676732738126,0.0584836532767299,3.274558280041033,-0.006010213799990494,0.0036216876294767886,0.006345095728397072,nan,nan,nan,0,101053.52142777605,0.07024388301436243,-0.07073872462092914,9.818710380771503,0.006362925269817799,-0.0013172343263291352,-0.0033526484834150595
21.6,0.5328306985088479,0.0020775713725321174,23.44355647405941,0.056130808545733324,0.00016438179182330274,3.000611524149048,1.0286528643383686e-05,0.0009816767380952385,8.327145173221694e-06,1.363504526469828,0.43716987050045986,19.83207195588343,0.5038752506321039,0.060204019082392354,3.2773100680172202,-0.006239456209737258,0.0035699911617452784,0.006372045324165347,nan,nan,nan,0,101053.52630761222,0.019445350711762885,-0.09194223005884057,9.80157409133213,-9.856369529174635e-05,-0.00021633810115488455,-0.002846052327007937
21.700000000000003,0.5387375853857965,0.002090309167550658,23.743608194474266,0.05642013998878209,0.00011882326293512209,3.000522920784017,-2.5934412704053625e-06,0.0008653196067895941,8.36801248354258e-06,1.4121493826420692,0.4440279942868643,20.047485748555314,0.5104457720809096,0.06550569044645276,3.2548654894987443,-0.006496831211962373,0.003559713103816975,0.006295856060639343,nan,nan,nan,0,101045.4519666236,0.013708159900235231,-0.05479512315441887,9.808586893800882,0.003958484688083438,0.0008545738665482277,0.003889787730214904
21.8,0.5446321144806379,0.002103082050638941,24.04364700291351,0.05652385045947998,8.818997985775702e-05,3.000355642128077,-1.4797747402572123e-05,0.0007758551027272631,8.401804707535709e-06,1.4636555692458677,0.45073493800302106,20.37311408449727,0.5198381650717869,0.06776748112559743,3.258005797759869,-0.006818135610891463,0.0035709537389070345,0.006250611630285102,nan,nan,nan,0,101027.90276765014,0.028429203524561703,-0.05617057811536109,9.836940773268584,0.005006488181038894,-0.0002784604563937105,0.0012931694582730413
21.900000000000002,0.5505054261683552,0.0021171242802456042,24.343666802227617,0.0564397828614432,7.611238517916879e-05,3.000143286278662,-2.4555722900933848e-05,0.0007255513672643765,8.429285248565947e-06,1.5168571221286382,0.4575933119727896,20.7402179282055,0.528145661744869,0.07302536572917795,3.269367279230653,-0.006951706058876417,0.0036317230831459657,0.006199988890689721,nan,nan,nan,0,101035.95208609813,0.044737718841474525,-0.046864988268667265,9.80205744519843,-0.0006394356855892779,0.0012286548336118929,0.005273762709442556
22.0,0.5563527633038391,0.002133403495307974,24.643664962201623,0.05619573142088065,8.316853609145184e-05,2.9999258218560163,-3.05747766473699e-05,0.0007195574498808366,8.451563559524797e-06,1.5701506947719581,0.4651447671346494,21.06725076284667,0.5375221842391142,0.07702625691931363,3.271368505667764,-0.0069426990486350405,0.0037169208547771504,0.006284362605606964,nan,nan,nan,0,101045.96427761005,0.047012473140326055,-0.20593849930304825,9.807312665238497,0.008344076432093665,0.0010356475416138198,0.0026604206364295706
22.1,0.5621739225685071,0.002152493767462368,24.943642604328122,0.05584348270570516,0.00010703776725664869,2.9997362926147746,-3.222750817321796e-05,0.0007554188747900259,8.468006122472535e-06,1.6238068977373177,0.47304949804172175,21.36592445227418,0.5470469637891464,0.07847908590853793,3.2678228469860726,-0.007156309241912438,0.0038420298143420073,0.006077778818416174,nan,nan,nan,0,101023.04481940599,0.03702693624626589,-0.06133563076968021,9.788356534415577,0.0013126383340560724,0.0022285028599078995,-0.0036423709177601277
22.200000000000003,0.5679729358258024,0.0021745185297360587,25.24360411005671,0.055448268799940734,0.00014315543040114735,2.9996071346517312,-2.9540625906120266e-05,0.0008240613495853477,8.48036205780519e-06,1.6789820269309883,0.4809858181759043,21.692883340172475,0.5565059376408351,0.08051311695473949,3.2721504063294367,-0.007462601539062986,0.003991893871406527,0.006143291306711349,nan,nan,nan,0,101027.4750508962,0.04821126176977547,-0.03650000731345664,9.832222348313456,0.0026687381834244227,0.0018921555607692884,0.0018834296430968174
22.3,0.5737570930362748,0.0021991620341146613,25.54355602241272,0.05507683921861082,0.0001853545135985322,2.9995505212425835,-2.3211394353913055e-05,0.0009120047913955265,8.492663504847935e-06,1.7344694357631742,0.4892906329057141,21.99229271958631,0.5653293160195388,0.0835853542867745,3.2674837896926534,-0.007875082823995747,0.004195441121306764,0.006111556963345529,nan,nan,nan,0,101028.27557678129,0.020997955974346068,-0.09071464790081363,9.839776721418593,0.010570559439002102,0.001970762299104309,-0.004317905774198719
22.400000000000002,0.5795355174064396,0.002225744151386643,25.843506026434,0.05478764263133519,0.00022705823429226176,2.999567693514094,-1.4406845190989506e-05,0.0010034738822395362,8.508983873530905e-06,1.7854905160693115,0.4906552886148683,22.319012856609387,0.5270946613960138,0.030315685877768953,3.2703993658304515,-0.003779126087591971,0.0007832982925890519,0.006065562650618195,nan,nan,nan,0,101014.66596085734,0.04444908881509814,-0.09262883217589224,9.842495124108357,0.00429013722177951,0.00198714200076717,-0.0017959374238875783
22.5,0.5853175496604638,0.0022533445493564653,26.143461492154596,0.05462088545536501,0.0002621654720357085,2.999657667715305,-4.574874276008508e-06,0.0010833861949202106,8.532557211577152e-06,1.8384046939889371,0.4936232223341345,22.643163555878882,0.5331419561283203,0.030189642769344608,3.2718275256892966,-0.004069549297275778,0.0009209486818617663,0.006092434152684655,nan,nan,nan,0,101024.78679377367,0.040360230717565476,-0.07050193917430075,9.794507699717728,-0.0007482102939918404,0.0016623718002182378,0.001357078604775333
22.6,0.5911112256455864,0.0022809542304682877,26.443428223576927,0.054593630680467534,0.00028587158028140023,2.9997955580963795,4.736743744542958e-06,0.0011399056111691674,8.565128339661434e-06,1.8919926509202967,0.4967063544793384,22.97044318183054,0.5389695032701467,0.030844973984059696,3.2736898323522046,-0.0043412768206292736,0.0010244522739177864,0.005810580518819281,nan,nan,nan,0,101010.26279100921,0.0852598937845738,-0.008636241317476097,9.81703578944073,0.005904011543982618,0.0005105421658143719,-0.0042831257728267276
22.700000000000003,0.5969220845417149,0.0023076305780555953,26.743409867429307,0.05469976123129072,0.00029549171017512557,2.9999539601852856,1.2198826621854553e-05,0.0011656568068181272,8.606984379153084e-06,1.945492006661977,0.4998217213124984,23.26719499346931,0.5454431406391033,0.02821012836685818,3.270198300979121,-0.004364510641676712,0.0011087390570971856,0.005896960862667881,nan,nan,nan,0,100986.96546243121,0.044476599204331446,-0.048955029616597506,9.8083486218867,0.006260807380525617,0.0009172328616250243,-0.0016079125774883468
22.8,0.6027524662942914,0.0023326316168087954,27.043407340522005,0.054911691208318104,0.0002905605559168908,3.000109032612145,1.684929930496364e-05,0.0011588989050308474,8.656068637589768e-06,2.000382235707336,0.5028326638900125,23.59434872728339,0.5522226700842949,0.03146233935863698,3.2728176014151162,-0.004645354678227778,0.0011706514463236672,0.005824917026193943,nan,nan,nan,0,100988.37102355722,0.01912507475551229,-0.06675530897619265,9.833170962288788,0.008455639635972298,0.001076933406265968,-0.006250735065921968
22.900000000000002,0.6086013838333948,0.0023555111910125285,27.34341897034027,0.05518713131538437,0.000272747869694485,3.0002340491278527,1.8178058254977625e-05,0.0011232412497215183,8.707538396211413e-06,2.056968727435885,0.5059122612586076,23.965156771256385,0.5588679463208029,0.032585710220928474,3.2849231980595066,-0.004676049864838799,0.001192333522415323,0.00581572938166376,nan,nan,nan,0,100994.37017614316,0.05893134325916282,-0.02378930318375836,9.785159598098318,0.008620415169530559,0.0006616448309724279,0.001611622782549487
23.0,0.6144649387750892,0.0023761667811329924,27.64344095880289,0.05547689421219091,0.000245580277109616,3.0003130267531306,1.6222499449497986e-05,0.0010666121385674021,8.75854544782663e-06,2.1132076156295,0.509154294223122,24.293743366338955,0.5655677710025613,0.03334003298800719,3.2868601503708086,-0.004704845907566152,0.001198154350448677,0.005827468398661594,nan,nan,nan,0,100988.85700066866,0.045324716263516404,-0.05853349541590735,9.849325167059686,0.0035438708661970296,-0.0002999000558467559,0.0017414995730316402
23.1,0.6203371741762927,0.002394830480527271,27.94346807230105,0.05573302035971315,0.00021368331105018826,3.000335998445698,1.1490842230443887e-05,0.0009998089965976842,8.807254675153562e-06,2.170255115434867,0.5124127515927764,24.629069398747056,0.5719670417329022,0.03346070994386739,3.2905859128251316,-0.004790748219008174,0.0011731077204890639,0.005805909393444868,nan,nan,nan,0,100989.3507469114,0.014725199992692388,-0.032889248521696696,9.80013640758323,0.00010187659889517725,-0.00032629224323797506,-0.0035519918260414544
23.200000000000003,0.6262111972410831,0.002412011583924713,28.243494676981335,0.055916942659491195,0.00018210825625670818,3.000302088528675,4.879523709647565e-06,0.0009343760403852652,8.85266131758781e-06,2.227779873948267,0.5159412887523104,24.95825937357705,0.5784164528527563,0.036901253237507904,3.293374284002085,-0.004644503188831181,0.001162253725654594,0.0058737921957671795,nan,nan,nan,0,100974.42130714934,0.06404258137426486,0.036457387965951125,9.824043950495875,0.006380148316981522,-3.924064057784669e-06,-0.000859028389467712
23.3,0.6320803605186689,0.0024284019364229567,28.54351566379267,0.05600461777070039,0.00015547058694645794,3.0002229119074073,-2.506207912337535e-06,0.000880717393150654,8.893833829418531e-06,2.2826056218742954,0.5200112960978682,25.15438612326965,0.5846974199058024,0.03535128613450472,3.267953206654869,-0.004737147669212793,0.0011801977704311017,0.005789021997579143,nan,nan,nan,0,100981.48378875577,0.013390811557859962,-0.036638644826951595,9.775396643309811,0.007620471609075163,0.0014052126127502003,0.0015521813571437728
23.400000000000002,0.6379393111389458,0.0024447615527809245,28.84352719071594,0.05598929337812715,0.00013733629668646644,3.000113883268883,-9.53136605815595e-06,0.0008465936397363816,8.930552218465902e-06,2.341411650724145,0.5236125636546533,25.481178819526924,0.5913445980813363,0.036178914824430475,3.2683584881189423,-0.004749935310073075,0.001201319105362586,0.005427638575448281,nan,nan,nan,0,100967.97308324644,0.0494634582071893,-0.04618835253237548,9.810399608106348,0.00779521851269157,-0.00014368512093830034,-0.004386259693113189
23.5,0.6437847554454542,0.0024618019772746744,29.143527243912903,0.055881385069846426,0.00012980802629398335,2.999995036356724,-1.5178734112795482e-05,0.0008359989286499392,8.9634988766598e-06,2.40086725027739,0.5272615203560737,25.80670678075336,0.598637855211221,0.037052475804840244,3.271062630410106,-0.004859580476486564,0.0012203399808856652,0.005409153433142392,nan,nan,nan,0,100980.14309970365,0.05557073744553444,0.0037512977857349986,9.796262695350329,0.01045166880220719,0.0006234763412070396,0.002525094942710548
23.6,0.6496158314904659,0.002480084435478542,29.44351581803916,0.055705395068954555,0.00013322721568175073,2.9998862641681048,-1.8715987155591617e-05,0.0008488451829176125,8.993230836563142e-06,2.4610519580355845,0.5309378250884068,26.134001055629504,0.604974656672707,0.03645998265955141,3.2743356679375704,-0.004955498530270861,0.0012678606338039078,0.0054297089786083715,nan,nan,nan,0,100971.9917244669,0.01733435705413145,-0.07847841298096808,9.803374253568979,-0.0009273074467377827,0.0015067162741783694,0.0009309250826597776
23.700000000000003,0.6554340611068428,0.00249994723982219,29.743494795733973,0.05549504898629347,0.0001463266174295317,2.999805024520923,-1.9772060678893953e-05,0.0008812176486965306,9.01939699658379e-06,2.5221627542774523,0.5344810578524357,26.471886477475568,0.6117760089365017,0.03561007464914805,3.27823071901778,-0.0051342122921806165,0.0013096165861368192,0.005621849060975824,nan,nan,nan,0,100968.97505237395,0.044001307618286856,-0.03053138341477235,9.813332672323709,0.005092924721271843,0.0017339187964403296,0.0019205201981716807
23.8,0.661242919680396,0.0025214731744973747,30.04346742259438,0.05528681252650327,0.00016649467370231046,2.9997620686480952,-1.8366184618096178e-05,0.0009264214783473168,9.043456690114062e-06,2.583642631304073,0.5379983769997108,26.79988100202643,0.6183873905370582,0.03591482417095194,3.281343550305307,-0.005146718131454094,0.0014159474786035187,0.005784717055928612,nan,nan,nan,0,100980.4976388912,0.06707920607298812,-0.09427794473158588,9.840079621593777,0.008265833816857833,0.0015197711352204722,0.0026002768765753265
23.900000000000002,0.6670471253362228,0.0025444951234535164,30.343437733051154,0.05511419229846828,0.00019025401083004782,2.999759175552962,-1.4888699082702778e-05,0.0009761654058102476,9.06760444729901e-06,2.6434084942724043,0.541793019396203,27.032526056357927,0.6251517425630918,0.03347228390237139,3.2634066688907835,-0.005474733856404802,0.001498275065041632,0.005766760537056414,nan,nan,nan,0,100985.12071488838,0.0673908695891936,-0.0628719826659703,9.800572149067884,-0.00011441660345945948,0.0009590414581520745,-0.004705617340754633
24.0,0.672851781614803,0.0025686383343503337,30.643409843893043,0.05500235541985542,0.0002138848189466893,2.9997969141082286,-9.987279609855627e-06,0.0010220160436604786,9.093925072801192e-06,2.7062372036696685,0.5454134601553322,27.359054295938133,0.6319304058874808,0.03900774559295921,3.2666653187982937,-0.0052953270094983655,0.001617077190507521,0.005532153791900662,nan,nan,nan,0,100975.83418533257,0.06328543753889856,-0.02625834381826861,9.769032237045051,0.009724551829708558,0.0010584445424000107,-0.0018041364751445513
24.1,0.6786615206637606,0.0025933904199845308,30.94338719466832,0.05496440501804638,0.0002338916150832478,2.999865216042731,-4.494177758455182e-06,0.0010569499430037599,9.124233932858281e-06,2.767234921685293,0.5496803966423848,27.5837258845785,0.6386088552247001,0.03980367897740041,3.246763977237484,-0.005329240976162639,0.0016685683798467466,0.005532371200267627,nan,nan,nan,0,100957.37864088228,0.059667316561915595,-0.033665946424880806,9.80632532991977,0.013376311585595171,0.0019477942397447112,-0.0035704829442215155
24.200000000000003,0.6844797985735456,0.0026181866461293174,31.243372147383038,0.055000839069679716,0.00024759551114094937,2.9999485420643905,7.335351029789468e-07,0.0010761743394398504,9.159703857181194e-06,2.8314752892160535,0.5538442021357783,27.90856078040954,0.6464046487985717,0.043137608410958365,3.2504526122658017,-0.005401072345092951,0.0017164021912956517,0.005399777358082403,nan,nan,nan,0,100933.79755105963,0.06103462590973659,-0.022307337879750005,9.871487504830371,0.01036747457655196,0.0009086612349146104,-0.005624021027159015
24.3,0.6903084276299699,0.0026424969661620144,31.543365660091833,0.055100016107461805,0.00025346953196767345,3.0000345042747694,4.960903372950348e-06,0.0010777938291768319,9.20082253706614e-06,2.896995756220049,0.5582563296427858,28.25336809445971,0.6541477640484442,0.04506676187060113,3.256049820812025,-0.005619922196768468,0.0017435061075314895,0.005301725762467802,nan,nan,nan,0,100945.71538455646,0.041934368122046956,-0.05546112250743573,9.843595226993207,0.00426498013047382,0.0010962956003700754,-0.002721496287052434
24.400000000000002,0.6961474116840264,0.0026659003052694444,31.843367226557756,0.0552410371046103,0.00025118074072976034,3.0001080771098945,7.630925485979766e-06,0.0010629392792298464,9.245271896814288e-06,2.9627944910514623,0.5629248723314865,28.579181695585092,0.6620747710009627,0.04831027468183352,3.259514661927585,-0.005858648019229244,0.0017561045457881175,0.005301292309398433,nan,nan,nan,0,100944.18214547263,0.05169858963820664,-0.04790163647370624,9.84395317436308,0.005254904579609211,0.000968823408651785,0.0011801649932422097
24.5,0.7019950855928087,0.002688139832387693,32.14337512312085,0.05539807126038706,0.00024167109155088926,3.0001589558888635,8.463799964110039e-06,0.001035231591348884,9.291123794770406e-06,3.028882411369942,0.5680771705909533,28.88289057957624,0.6697920918654272,0.05377522845936815,3.2577368343649256,-0.0061933567223507,0.0017601538438563047,0.0053483162683207125,nan,nan,nan,0,100941.1472005226,0.04984293802830966,0.05859167540850602,9.85781215715286,0.0010965322876834126,0.0008378951922571151,-0.002640314510789531
24.6,0.7078485117422078,0.0027091486860760716,32.44338669671349,0.05554444913458122,0.00022687527145732003,3.000181500656181,7.476165253226025e-06,0.0010001583338619113,9.336980019864912e-06,3.096251829631849,0.5736512430987354,29.2087952700868,0.677186810960548,0.05772044032241428,3.260708062096445,-0.006143723443035931,0.001786713113427929,0.005189506377875823,nan,nan,nan,0,100928.05051035962,0.046641134743729135,-0.12406245136132191,9.816422988201602,-0.0013007312814941946,0.00011171492625730009,-0.0053177611203067
24.700000000000003,0.7137040548140479,0.0027290456172894967,32.743398902069195,0.055657427155022685,0.00020935040716917036,3.000171655881232,4.9449677927398834e-06,0.0009639707040238754,9.381930106713779e-06,3.1646795229878415,0.5793691662442613,29.549514776526756,0.6846625023819904,0.057951896833792975,3.2663447314444216,-0.006357357560012084,0.0017858826963250696,0.004986088802646269,nan,nan,nan,0,100921.57360909428,0.03911103252110179,0.0008842812372105782,9.798517640425668,0.003931085284574369,0.0008041946195334246,0.0011264193067684776
24.8,0.7195580202047451,0.0027481035001336233,33.04340887218354,0.05572151198323803,0.00019188772566017958,3.000135259129933,1.3631991147427461e-06,0.0009325186714719269,9.425019835947492e-06,3.233567125209246,0.5853070307943551,29.876236214454913,0.693027762835496,0.06217649291338997,3.2677070475531518,-0.006665886253957789,0.0017942322148130074,0.0049324652158184825,nan,nan,nan,0,100933.42934747504,0.04390297039333235,-0.05792739959531473,9.823671660263393,0.008506088047130404,0.0008211982242631381,0.0011740135085499628
24.900000000000002,0.7254072506104812,0.0027666979048382397,33.3434142706265,0.0557300352459588,0.0001770264414633961,3.0000806943939518,-2.6690675938826084e-06,0.0009105354237048946,9.46569701587825e-06,3.3023222428626395,0.5918384099028149,30.159314942543826,0.7009827795750695,0.06464719975016256,3.2620034318462587,-0.006638355695969524,0.0017998146359947675,0.004704755387212026,nan,nan,nan,0,100932.30293896096,0.03820630505431234,0.040516926271214074,9.877112627694643,0.0024583385930363466,0.0012105932068573865,0.002301342757279115
25.0,0.7312495957633915,0.002785244366012258,33.64341368633938,0.055685918416737624,0.00016675436019804844,3.000016856070723,-6.52920245680856e-06,0.0009008428294901005,9.504037666755319e-06,3.3727505791480463,0.5986325557795472,30.485668197908062,0.7073135413898514,0.06903299894061588,3.2648291900478914,-0.006688803576288014,0.0018285313518149326,0.004657052811533837,nan,nan,nan,0,100921.55399181978,0.03263489975085941,-0.09560370427832053,9.820151380678599,0.0026217081824962815,0.0013879317892810683,-0.00018306416212701996
25.1,0.7370841815659901,0.0028041343992960513,33.94340679051617,0.055600337625338225,0.00016225020852347254,2.999955445823475,-9.655938162915106e-06,0.000904052809663769,9.540585604914092e-06,3.4434276750666255,0.605739982940656,30.789148833914894,0.7152667911421743,0.0714935194836317,3.2606738587162005,-0.0067025287885910025,0.0018909499437460564,0.004659372127451012,nan,nan,nan,0,100921.20919596165,0.026396706152610912,-0.07833296567639786,9.826976948953472,0.001598726107306058,0.0008801289623228414,0.0024377116202389
25.200000000000003,0.7429114530872163,0.0028236789027844345,34.24339430510501,0.055490304582862325,0.00016372267336617875,2.999906122531082,-1.1650172375592348e-05,0.000918650510089547,9.57479890050505e-06,3.51531418570384,0.613142152220753,31.115359968608107,0.7225691915050652,0.0772177825456501,3.2631719081030495,-0.006757629813178054,0.0019153596195082834,0.004742843313401112,nan,nan,nan,0,100918.26549843479,0.0482799345717642,-0.028884946493064022,9.821756478829244,0.0025382826643421588,0.0010415168523190015,-0.0014938385774776791
25.3,0.7487330006620739,0.0028440696011870496,34.54337779754548,0.05537546238487969,0.00017050999899729272,2.999876012868618,-1.230411009814183e-05,0.000941398188315512,9.606894188528182e-06,3.587155869354915,0.621271627602697,31.39985591743031,0.7294657620708169,0.08231622524996919,3.2569315259840668,-0.006863917420888302,0.00195340234675645,0.004611604690221711,nan,nan,nan,0,100902.26668050847,0.0208570508051876,0.01737703044500711,9.880419425564515,0.015367934470169802,0.0003490257130059276,-0.004254883954881419
25.400000000000002,0.7545512148768876,0.002865360081684675,34.84335935415723,0.05527469288966771,0.00018120594831026962,2.9998680971874316,-1.1627880041263718e-05,0.0009680036712076401,9.637845326224183e-06,3.6605145369599783,0.6297769533283024,31.7257046937977,0.7374833011846841,0.08714124504420342,3.259551551482774,-0.006760274006833289,0.0019605819015233727,0.004532745571207761,nan,nan,nan,0,100916.89638878165,0.01807445943463965,0.011954738677106606,9.836701779883304,0.008073824416993,-9.106370822565754e-05,-0.00022054230300954834
25.5,0.7603688392871426,0.0028874683405065416,35.14334121980472,0.05520320115596735,0.0001939566442423829,2.999882159214569,-9.820309166476929e-06,0.0009938632024071303,9.668833536617346e-06,3.7348133873117293,0.638617903790272,32.063391755262224,0.7446412200614198,0.09136519974502659,3.264265758879168,-0.0066032660532686594,0.0020097633778273227,0.004488340992097083,nan,nan,nan,0,100909.99640019167,0.047662554126603945,-0.01874591554353922,9.905634812924205,0.011786942829647026,0.0014287937562574857,-0.0028318347762940808
25.6,0.7661884990313912,0.0029101990994810836,35.4433254078153,0.05517020473497495,0.0002067360799126548,2.999914744450154,-7.231111210413173e-06,0.0010148612825637837,9.700898166561165e-06,3.8096408397218537,0.6480932281476718,32.38996083194776,0.7518536518952519,0.09723924577505588,3.266945393695562,-0.006345002117484947,0.0020758625365786543,0.004462285316160944,nan,nan,nan,0,100890.22695981551,0.03291088003319447,-0.05312371426711565,9.836162951254058,0.00817696942703888,0.0006882642054261586,-0.007059587115692095
25.700000000000003,0.7720122846520537,0.0029332812162167713,35.74331338755013,0.055178014240733875,0.00021766073823570174,2.999957992739039,-4.3063196337240015e-06,0.001028008681637882,9.734995418186895e-06,3.885386098504882,0.6578704758672592,32.73017501544629,0.7593343557944388,0.09986119419404892,3.2722165191268267,-0.006295950732091285,0.0021068210579306967,0.004409899823098012,nan,nan,nan,0,100886.74496324963,0.04602258098098875,-0.04563626027581152,9.792719489425352,0.009658617872753452,0.00014783509515111357,0.0035986348566238798
25.8,0.7778414619195728,0.0029564134830602664,36.04330591773972,0.05522223967424481,0.00022529388887288274,3.000004808624925,-1.495323473085512e-06,0.0010317837673134989,9.77215589259971e-06,3.961695671317433,0.6680563679691333,33.05742196099818,0.7668689883950598,0.10502560333470237,3.2729535951259865,-0.006297138748983392,0.0021210060606342562,0.00430182824237544,nan,nan,nan,0,100903.81914120064,0.05606873069815959,-0.010954093597867226,9.844735099425309,0.010440919588940053,0.0005150722758150467,-0.00011784123919878278
25.900000000000002,0.783676329581555,0.002979310436564215,36.34330295426156,0.055292873217909724,0.0002287670537164106,3.0000473614872725,8.01948609002505e-07,0.0010263242467702938,9.812133534586963e-06,4.038085385090772,0.6790185912394201,33.32431017364098,0.7752983917742367,0.10790516763872257,3.2633535128996862,-0.006458081091073379,0.0021069574215730746,0.0044077972854770185,nan,nan,nan,0,100909.63445679414,0.04338415163505843,-0.04554873795548536,9.837586239277464,0.006967621358068076,0.0015898714848923104,-0.0011717866382176662
26.0,0.7895162463938794,0.003001742881439853,36.643303754878495,0.055376561475748785,0.00022787950930950335,3.000078926051103,2.282181305589957e-06,0.0010132029838114676,9.853774216198542e-06,4.115997289621677,0.6899837028374752,33.65081216124617,0.7826846762755387,0.11262060719368273,3.266274203765741,-0.0065574756273129335,0.00213399692152616,0.00422293598316919,nan,nan,nan,0,100899.90112014665,0.035261410545420084,-0.0086429953310777,9.858472329070253,0.007554679377839014,0.0008043159345859087,-0.009158363142783274
26.1,0.7953598067032932,0.0030235676969529533,36.94330701232083,0.055458771330765565,0.00022312168429257785,3.000096120998355,2.7984287284961256e-06,0.000995132681901989,9.896302916017336e-06,4.193686025386498,0.7019384299249762,33.879806433800404,0.7902468618957631,0.11471673660780285,3.2496305412682154,-0.006528883279110926,0.0021633159400928914,0.003938716271356843,nan,nan,nan,0,100882.1033563485,0.04949671385441315,-0.023598971770096414,9.855368383682464,0.010688971569886654,0.0005318073178695299,-0.0010344681641580695
26.200000000000003,0.8012051295727791,0.0030447417956146056,37.24331111104337,0.055526347590861204,0.00021548167020161594,3.000096009828025,2.349175506141421e-06,0.0009754359426281667,9.93908016079717e-06,4.273064549909894,0.7134343145544036,34.20485225635129,0.7972663369675843,0.1150214320064271,3.2513548057221633,-0.0067603825676766215,0.0021719170878262695,0.0036837646023913325,nan,nan,nan,0,100878.38509523435,0.035784038619749145,0.06973937608717169,9.835842243987015,-0.0029088457617855714,0.0005832499784566407,-0.0002532904403836395
26.3,0.8070501943630217,0.003065320403632812,37.54331445964041,0.05556963908792441,0.00020630978652168402,3.00008012786271,1.077403913621818e-06,0.0009573662561803697,9.981403740916647e-06,4.352692606444692,0.7256951420851627,34.45945392375513,0.8051184778792948,0.12027654866369379,3.2401702876635716,-0.006783408438235548,0.002189524490312067,0.0034762182868357493,nan,nan,nan,0,100897.60300794782,0.04341565606432047,-0.10433973580730058,9.824561805674577,0.007710520638495487,0.0008735515203105206,-0.0035089438998799987
26.400000000000002,0.8128931766325174,0.0030854412908185675,37.84331568192592,0.05558348458666453,0.0001970665584259011,3.0000534103186207,-7.640391487895854e-07,0.0009437182508136299,1.0022808699759598e-05,4.433575780753124,0.7379796699720008,34.783551529923706,0.812510909312389,0.12502473481973164,3.242394340554539,-0.006954186402567679,0.002223079711647369,0.0031503810224329633,nan,nan,nan,0,100878.28652457219,0.04502510983242597,-0.07446927512428148,9.80237739320914,0.0036721494292162662,0.0005197719711272795,-0.0027143522128029035
26.5,0.818732728462966,0.003105298104903993,38.1433138437161,0.055567891830149006,0.0001890943396589052,3.0000198310220023,-2.8661573735731678e-06,0.0009363706003830963,1.0063132764217241e-05,4.514980975948818,0.7512852099259386,35.04927025166111,0.8201146833296555,0.1296308419727243,3.234249979168197,-0.006865106214065302,0.0022579212581235186,0.0029310242104637523,nan,nan,nan,0,100864.83001056392,0.012411211587982883,-0.0825410069386621,9.833695467365327,0.009314330066085591,0.0007862040920376935,0.006091082659763558
26.6,0.8245681591794232,0.003125107665268041,38.443308592758065,0.05552768601432664,0.00018347482995170235,2.999985618760126,-4.8954419703394274e-06,0.0009360086525833644,1.0102486090424301e-05,4.597297016439969,0.7643660789382366,35.3727484570106,0.8266572199068963,0.13190810982970858,3.2363286063668633,-0.006907397927676022,0.0022926253441084565,0.0025760417784339465,nan,nan,nan,0,100880.49527913929,0.046895845911076414,0.019824054911693333,9.842580229056127,0.0014037266385650742,0.001401330075459773,0.0030419804944810075
26.700000000000003,0.8303994961750825,0.0031450759178527866,38.7433001480875,0.05547122172254811,0.0001808299931127015,2.999956565799499,-6.561614110852063e-06,0.0009421602769803528,1.014053582381281e-05,4.680333590464467,0.7777254827537533,35.68189851767685,0.8344092106800225,0.13374637814776602,3.23449429654288,-0.0068006041892108736,0.0023055216850618176,0.0021987775343814504,nan,nan,nan,0,100860.18992116506,0.043828911231888895,0.04275215763520718,9.820397704221115,0.00999389219428886,0.0008013690127592723,-0.0007393937792840243
26.8,0.8362274252024511,0.003165369084039913,39.043289234744,0.055408888918335765,0.00018130046938521596,2.999936627623403,-7.653805319147486e-06,0.000953324655312171,1.0177111595585192e-05,4.764161005174943,0.7911058274029742,36.005432980057435,0.8416636167851773,0.13496516607354525,3.2361385044886566,-0.007156869268621406,0.002356502768093849,0.0018130183063374094,nan,nan,nan,0,100866.1796623125,0.016911118941517228,-0.06710172981149981,9.834864667473395,0.004428832510808881,0.0011110963763051424,-0.008411485706204841
26.900000000000002,0.8420531287611686,0.00318609287247759,39.34327691708546,0.05535119365013706,0.0001845679055295054,2.9999288103162427,-8.059564049541554e-06,0.0009673100377745047,1.0212515987173309e-05,4.848738812029893,0.8049007213270647,36.321592756187,0.8493607809347533,0.13847665783965207,3.2359203137922483,-0.007449616937558675,0.0024033952739628273,0.0015563784760148263,nan,nan,nan,0,100856.3565219246,0.031816540572047046,-0.027602192379638988,9.814590561094786,0.01011702924020159,0.001336380347928867,-0.004209482823641471
27.0,0.8478780569638846,0.003207281917975735,39.64326439579268,0.055307065103200534,0.00018993108815898248,2.999933040326617,-7.775899505599455e-06,0.000981651361739555,1.0247297103475869e-05,4.9340601508538855,0.8190875824632973,36.64523079716709,0.8566990346951191,0.14411565049305813,3.2368325075018083,-0.007843877482806983,0.0024408979634702455,0.0012079121661806393,nan,nan,nan,0,100851.36867841583,0.011458210998629606,-0.14253133100888665,9.813658835919618,0.004081196757056033,0.0014805960078353862,0.0019795579264513473
27.1,0.8537036729983196,0.0032289005051031557,39.943252818055676,0.05528259493313117,0.00019644305650383512,2.999947697849925,-6.898770254408626e-06,0.0009940010462616833,1.0282082072751672e-05,5.020362046380787,0.8340814697412982,36.931690399535356,0.8650923196702321,0.14684775546472026,3.2304543316887004,-0.007869642503653584,0.00250916979776461,0.0010406081346833037,nan,nan,nan,0,100844.05406487659,0.039228942246598605,-0.12966616762529404,9.798417062231502,0.006501826195430721,0.0010910316488879546,0.0022516804777140353
27.200000000000003,0.8595312156766763,0.0032508534735198593,40.24324308801902,0.05528020077068727,0.00020305658460675473,2.999969824858296,-5.6061528960108175e-06,0.001002516649220686,1.031739763846572e-05,5.10724719661634,0.8489600273767124,37.25481675616449,0.8728840996671786,0.1502591867657887,3.23179642986685,-0.008119689819141233,0.0025541348353648186,0.000877838904924834,nan,nan,nan,0,100855.4745271536,0.045827702568029954,-0.0192133766986798,9.80130031735675,0.0020269886521109594,0.0013519197112470847,0.002736698422529508
27.3,0.8653615132518484,0.003273004984667729,40.54323573880235,0.0552985360806734,0.00020880542290016438,2.9999949670269244,-4.12102053736153e-06,0.0010061215424341796,1.0353704008625677e-05,5.195841648626521,0.8653976975299759,37.489063027318444,0.8803507259355424,0.15346216193357953,3.2143470962154357,-0.008241057583180103,0.002588714446666973,0.0006353649258789688,nan,nan,nan,0,100834.12264448094,0.043506880059758876,-0.112408139028073,9.817289028651953,0.011539287446305502,0.0012523810830847692,-0.005330785070794963
27.400000000000002,0.8711948869600642,0.003295201855720185,40.843230870748506,0.055333008315734754,0.00021293178275451352,3.0000190690383266,-2.671798839842604e-06,0.0010046329776156604,1.0391660934088352e-05,5.2842957012157905,0.8810090669779077,37.81050041858494,0.8882841487070161,0.15732897398258325,3.214931778749144,-0.008411178943942457,0.0026330967003120875,0.0005151474926792807,nan,nan,nan,0,100839.02182768696,0.04067086107908092,0.005014295233860336,9.838913808743241,0.004596842626037309,0.0002940747966441069,-0.0005270159251226638
27.5,0.8770311384228917,0.0033172965969051286,41.14322818985393,0.05537683280437712,0.00021495836965869513,3.000038117577237,-1.4694410108835995e-06,0.000998682597129319,1.0430918939473496e-05,5.3746196094067775,0.8981923733618515,38.06001267216429,0.8969736505426685,0.16343058986564424,3.2026231683446316,-0.008654715773643407,0.0026485826884836694,0.0002970039781543957,nan,nan,nan,0,100829.2042773435,0.03167164055091852,-0.02126199895155402,9.77048286320787,-0.0018382451468979821,0.0007768260879527551,-0.00033933763681414254
27.6,0.8828696241173641,0.00333916886571555,41.443227069245154,0.055422248245434756,0.0002147715771082009,3.000049974634072,-6.664406645784229e-07,0.000989576380020063,1.0471172902168621e-05,5.464736639924053,0.9146311344122336,38.38023458220466,0.9052129530540876,0.16523863445337234,3.201767397267654,-0.009104061005003735,0.0026563851497247715,5.797838828626792e-05,nan,nan,nan,0,100826.6105608945,0.04029218978104345,-0.10951175540593956,9.786819841542036,0.0009642530088673738,0.0007819694402092134,0.0001942400205014079
27.700000000000003,0.8887093897195906,0.0033607405454878217,41.743226681777855,0.055461802150068594,0.00021258258103193682,3.000052812903949,-3.453151592007463e-07,0.0009790198986829868,1.0511909188858282e-05,5.556006021917607,0.931690466008451,38.68071444506919,0.912542421207705,0.16937756442116636,3.198904993849997,-0.00932119046078259,0.0026725453848623903,-7.092470075798895e-05,nan,nan,nan,0,100826.67497498811,0.03819527152924286,-0.07005882493451115,9.806610538320458,0.00649324105388914,0.0004067064298728935,0.0023816889114830794
27.8,0.8945493466479888,0.0033819836798448825,42.043226145933836,0.055489603945858314,0.0002088723871718937,3.000046600856354,-5.139030034149287e-07,0.0009688184650091802,1.0552790006894182e-05,5.6476608651388185,0.9489373727181509,39.00063880270877,0.9207341648061639,0.1756109458609782,3.199518862072439,-0.009275929256014623,0.002699647475834288,-0.0001602018617962997,nan,nan,nan,0,100828.74873662955,0.03474321296230816,-0.0745718670425028,9.77170559013847,0.012370653874754826,0.00030128694034780635,0.003226988584618509
27.900000000000002,0.9003884593649281,0.003402920226478631,42.343224669479795,0.05550207362385325,0.0002043130616072154,3.000033779933851,-1.104114053667292e-06,0.0009605842838154022,1.059350469345471e-05,5.741625377455184,0.9679074904122865,39.25957484919516,0.929573050641972,0.17971864808125101,3.188154594041123,-0.009292654339810469,0.0027299654099643966,-0.00030217791457739195,nan,nan,nan,0,100824.53600980621,0.05566287710821869,-0.09312192232193911,9.80043721120707,0.007898445077889081,0.000936687151207922,-0.00280542423622448
28.0,0.9062259082540433,0.0034236146675657377,42.643221662597334,0.05549834676541562,0.00019962805486239385,3.000016476834012,-1.997027784349293e-06,0.0009555079812946232,1.0633837760523464e-05,5.83504534382001,0.9859991961294043,39.57834511101978,0.9384224998015449,0.1823276793726667,3.187553205520315,-0.009556527042486824,0.0027745623487687165,-0.0003637194131569099,nan,nan,nan,0,100807.36155336983,0.08133970120397926,-0.07134178827229846,9.837696145580141,0.0047521026595606876,0.0006054088730961485,0.00043067547630492014
28.1,0.9120612052719361,0.003444161147352982,42.943216838148444,0.05548030065262597,0.00019551216868422634,2.9999977007801313,-3.0369577971630174e-06,0.0009541577850220584,1.0673766319800152e-05,5.929260291653074,1.0044756859328052,39.89776664599994,0.9457006878293667,0.18617891056041502,3.1891653856520765,-0.009992498848356842,0.002803028170949462,-0.0005253461078696181,nan,nan,nan,0,100822.91480250306,0.0360901207575193,-0.03718027187727134,9.835094700650178,-0.0006720600279276397,0.0007054312300249005,0.000702104121859083
28.200000000000003,0.9178942471489928,0.0034646670869444745,43.243210221420554,0.05545193541458134,0.00019251500931411782,2.9999809369869577,-4.058287881806727e-06,0.0009564666936936472,1.0713128886114531e-05,6.024225326463205,1.0234274126667937,40.21680676058354,0.9536468585203346,0.19469220174329305,3.1907773404565902,-0.01032605320117502,0.002854583416290968,-0.0008141709945252073,nan,nan,nan,0,100806.52509067369,0.03515115673895842,-0.0289125729613642,9.800730292807794,0.008062223465461562,0.0011811225166397472,-0.0015511038793747166
28.3,0.9237253024665721,0.0034852365000386178,43.5432021270791,0.0554186297748111,0.00019096588081443487,2.9999683721018173,-4.917576380210153e-06,0.0009617809078701356,1.0751692106716528e-05,6.120588155216674,1.0433371883029792,40.51860870774366,0.9617647608708723,0.19692340431731833,3.1887599071787016,-0.010619128111733864,0.002931113103533667,-0.0008601030937103104,nan,nan,nan,0,100804.31705366453,0.042346035981544634,-0.0635629065288277,9.818875579027251,0.006665299336509502,0.0011078789441939416,-7.846732085740773e-05
28.400000000000002,0.9295549395815943,0.0035059554602939334,43.84319308757012,0.05538615385005856,0.00019096613183856233,2.999962116054646,-5.5052230780135876e-06,0.0009690028782556315,1.078946073629335e-05,6.217175703514241,1.0631712602745633,40.83755172008369,0.9697952451270571,0.19990668660199074,3.1908412745960355,-0.010834599569798018,0.002973966939018746,-0.0010317089775404445,nan,nan,nan,0,100799.85915336778,0.02785014305511603,-0.08515435373193118,9.795826762631746,-0.0020964407369542387,0.0012840543191670272,-0.006439914163535707
28.5,0.9353839117252342,0.0035268812033856204,44.14318373657019,0.055359651871250734,0.00019238532561423937,2.999962589550243,-5.758905099763964e-06,0.0009768303122765776,1.0826621315098746e-05,6.315791410094082,1.0841279838243099,41.12633104626696,0.978276467862119,0.20448967086661357,3.1858094198002753,-0.011007604159134746,0.003039150730074658,-0.0012901643060181066,nan,nan,nan,0,100802.57003989568,0.04804244731761951,-0.0819704934423427,9.864682129675012,0.00040099767748738146,0.001824774677409338,-0.0027606153874201334
28.6,0.9412130212702715,0.003548036338771582,44.44317471438411,0.05534295579907372,0.00019489616634236432,2.9999687928489562,-5.67116578958165e-06,0.000983951489681445,1.086345491080036e-05,6.414045605289571,1.1049462575463869,41.44499054015807,0.9868924309307988,0.21079796442570886,3.1872098245059837,-0.011413078180106277,0.0030715108134717894,-0.0015018740342999859,nan,nan,nan,0,100787.10181946789,0.05818148840973626,-0.026560523880238968,9.852178124328468,0.011591083906472444,0.0009317572039983391,-0.0018997239608027762
28.700000000000003,0.9470429864690326,0.0035694085880558593,44.74316656034813,0.05533801174774059,0.00019804270457431642,2.9999796878992186,-5.2842731475065906e-06,0.0009892657857712983,1.0900270545451604e-05,6.515940136493249,1.1280894406186373,41.704134861598554,0.9962047857000188,0.21774364845316216,3.175150861584606,-0.011462224233094117,0.003140629663960004,-0.001568568214816656,nan,nan,nan,0,100786.01180800599,0.05188079517879297,-0.038066825836238674,9.807445007310356,0.011334283001067858,0.0018488871845115597,-0.006096926926274122
28.8,0.9528743320374305,0.003590955591372938,45.043159625569864,0.055344692188106406,0.00020131599263453173,2.999993082989586,-4.680696895928779e-06,0.0009920612538225626,1.0937364261723317e-05,6.616002375502999,1.150223721656859,42.02161727097962,1.0050350763268525,0.22566762481561775,3.1742199854110384,-0.011834071394412997,0.003194979549098198,-0.0016212245348720703,nan,nan,nan,0,100780.62671563514,0.07320131663299706,-0.050955295438984256,9.786756143836477,0.002109759945112549,0.0005630723390061447,-0.007570731547634
28.900000000000002,0.9587073195099569,0.0036126137118580324,45.343154040016216,0.055361022714802754,0.00020423608482233465,3.0000065143286365,-3.965881156653358e-06,0.0009920825660982846,1.0975115221840416e-05,6.717451121702668,1.1733636468920332,42.32990431645196,1.0143293608119894,0.23099464683366422,3.1738841337673787,-0.011951449625813529,0.0032515276458418008,-0.001778219086628281,nan,nan,nan,0,100790.7726446371,0.06004966258455078,-0.07288366152539642,9.766982420907587,0.004092036390342244,0.0007039171197676733,-0.0006443184144961618
29.000000000000004,0.9645419255484138,0.0036343088490465173,45.643149708972,0.05538362731944933,0.00020641373629887622,3.000017923657376,-3.2518392413336703e-06,0.0009895393671146557,1.1013567733999069e-05,6.819332833338199,1.1967896632241428,42.64729283521092,1.0228076709478284,0.2383797822706769,3.174134031907691,-0.012412118196736197,0.0032898692671770036,-0.0021907102447054913,nan,nan,nan,0,100774.00806633742,0.03218325864802125,-0.061769850495181126,9.888273015708283,0.0056169952108461926,0.0013756894562891014,-0.008734578489978738
29.1,0.9703778676542474,0.0036559680383709448,45.94314634308987,0.055408381716142596,0.00020760084771426213,3.0000255935422566,-2.641410956807198e-06,0.0009850381184235424,1.1052572803158377e-05,6.926348668118697,1.2236853350825898,42.893017716460456,1.032633522291337,0.2483913508244065,3.1624824909514913,-0.012655139021216096,0.0033127343591992098,-0.002583902790464023,nan,nan,nan,0,100775.47179320545,0.08134137676569365,-0.08555732268481435,9.85388398560089,-0.0002574456100447285,0.00010426465764800058,-0.00599839225822035
29.200000000000003,0.9762146696019351,0.0036775299521251067,46.24314351774696,0.055431124100370065,0.00020771514605395254,3.0000286052105087,-2.2125119913706358e-06,0.000979456426546621,1.1092002560077189e-05,7.0300588367699195,1.2488263029629516,43.20925877799736,1.0414834848647352,0.2557196305366366,3.162070296840954,-0.012853879060532543,0.003336063356112806,-0.0028543145869647157,nan,nan,nan,0,100773.64335572315,0.030056796899816204,-0.08171938290029188,9.853558346916381,-0.0010306923288959597,0.0005652736801742659,0.003388020870362235
29.3,0.982051753166766,0.003698952628862675,46.54314075331786,0.0554483434602311,0.00020683231695057608,3.0000266856100177,-2.0114246233468142e-06,0.0009737782830638864,1.113171192249106e-05,7.137280842852899,1.2762407060590018,43.48673492827275,1.0516519366891743,0.2632827038872843,3.1559511942854184,-0.013172919908812197,0.003388840249780589,-0.0031986591516500462,nan,nan,nan,0,100765.20504504905,0.04031253662938304,-0.15404704510792158,9.805885839757572,0.004569466116680121,0.001305840833186629,-0.004857195741216295
29.400000000000002,0.9878885392417192,0.0037202177574785006,46.84313759891832,0.055457695697056844,0.000205170456301199,3.0000206940694,-2.0458009807314965e-06,0.0009689230668308291,1.1171546807916399e-05,7.242887312655968,1.3030492099036008,43.80224768405816,1.060789173564906,0.27284848920798116,3.154496579087898,-0.0134582322421916,0.0034133157937119574,-0.003357349379990167,nan,nan,nan,0,100766.77801781104,0.04323337446144728,-0.06619086021640402,9.839251882076724,0.002808717428541379,0.0014774258090212372,-0.00012406212810773436
29.500000000000004,0.9937245412740141,0.003741331166803689,47.14313369693494,0.05545826458352001,0.0002030358517837954,3.0000118944764322,-2.289353283782654e-06,0.0009656146822507594,1.1211340512209244e-05,7.352373820305512,1.332483710464652,44.078266730273164,1.0706938233712502,0.28300747081755206,3.1490178662152886,-0.013677094622752337,0.0034768238130120643,-0.003704096203751477,nan,nan,nan,0,100769.35372366238,0.04373420544751548,-0.07438223232847774,9.839693546032306,0.005720892995823298,0.000727136329999277,0.0013548787192697756
29.6,0.999559436637639,0.003762319862812817,47.443128839923794,0.055450640710234235,0.00020077329252982112,3.0000017564719315,-2.6897662058261207e-06,0.000964267232229421,1.1251002847011485e-05,7.459908469157205,1.3612029234202108,44.39320821535561,1.0800770087976537,0.2919722182494681,3.150218325919036,-0.013801826152735727,0.0034726466582553073,-0.0038806351350443155,nan,nan,nan,0,100767.58644813483,0.0348039410470799,-0.06042167557644509,9.838789857453262,0.010834021000675726,0.0002784299383227695,-0.0018402595917734305
29.700000000000003,1.0053931060930388,0.0037832262614262806,47.74312299116395,0.05543668263900438,0.00019872248874305782,2.999992209308108,-3.17376266559447e-06,0.0009649466189063372,1.1290494843087759e-05,7.568871697299313,1.3910944669963756,44.70249195028428,1.0892128926419424,0.299776032581122,3.151968018686507,-0.014206082009820842,0.0034837335144044523,-0.004075150494869782,nan,nan,nan,0,100762.0515605126,0.05344700516724508,-0.08053157699622837,9.830772925879698,0.0009180493998118657,0.00040228804259373024,-0.01111584201586915
29.8,1.0112256374260098,0.0038041006089836365,48.04311627677053,0.055419128545801735,0.000197152090212987,2.999984596368766,-3.6656755028520056e-06,0.0009673889742844999,1.13296589520255e-05,7.67827305497295,1.4215084455783191,45.01772383488429,1.0987971240056897,0.3102801100145619,3.1526113758017433,-0.014755989301935092,0.003486646971577967,-0.004367377449195026,nan,nan,nan,0,100749.35299816064,0.06644156204844835,-0.0275557036681909,9.774043629539722,-0.0006410720058819437,0.0004107196998884685,-0.006655722233118104
29.900000000000002,1.0170572952966683,0.003824993224085917,48.343108955973655,0.05540110126693028,0.00019624158258576838,2.99998011053969,-4.095667322175611e-06,0.0009710592016218822,1.1368412295140218e-05,7.792179738664902,1.4551501285762296,45.29392723801383,1.1084988974099925,0.32009581334532206,3.1444422107321373,-0.015056083686651123,0.0035374630565947474,-0.004726622622612018,nan,nan,nan,0,100747.99421075532,0.02098700944439246,-0.11705047699307172,9.841813909368726,8.62320550850705e-06,0.0010875359668717675,-0.006478286357290558
30.000000000000004,1.0228884648495145,0.003845947350380387,48.64310136082865,0.05538552975862495,0.0001960636216960582,2.9999793486265878,-4.407254903894625e-06,0.0009752742846509399,1.1406774110760076e-05,7.903444578450155,1.4877070099092862,45.6084176970317,1.1173236916305376,0.33076549191389093,3.1445699368652527,-0.01520149705497594,0.0036005946099522124,-0.005061725315893535,nan,nan,nan,0,100742.36908037716,0.032849937197011334,-0.00642559710435054,9.826032470240653,0.010181551400294043,0.0019934103646719573,-0.0021080883294098875
30.1,1.0287195802971678,0.003866993645782335,48.94309384220477,0.055374737897661244,0.00019657564339117676,2.9999817911968396,-4.5672698888752005e-06,0.0009793146638912287,1.1444838149470222e-05,8.01836041176743,1.5230010278007118,45.89543933790271,1.1270001892153227,0.3426021914728396,3.140727405764069,-0.015408606180650881,0.003671775472411598,-0.005296399870911597,nan,nan,nan,0,100749.99575383587,0.04336198954732337,-0.10528239820529461,9.836796706043431,0.0034830013786924913,0.0014901253928019686,-0.0025565068924903026
30.200000000000003,1.0345510510943627,0.0038881469756591926,49.24308671583087,0.055370114448707194,0.00019764194091842252,2.999987003653927,-4.567254733068665e-06,0.0009825352575441038,1.1482730949262804e-05,8.120167476413235,1.554303018277264,46.17812921846893,1.135416977178027,0.35172592855477,3.1412563026092144,-0.015511128515186164,0.0037138769312519138,-0.005519134423772828,nan,nan,nan,0,100738.81381894425,0.04863193088380915,-0.0760362014365904,9.841649022757217,0.00448964239878059,0.00042871984282444694,-0.007378466529755132
30.3,1.0403831977481393,0.003909405762659139,49.543080204401484,0.055371914607202435,0.000199061569592563,2.9999940327764203,-4.421706053762312e-06,0.0009844833518088958,1.1520602973619163e-05,8.250278211766805,1.5963859768436846,46.48152108348173,1.147291893277059,0.3634899442119033,3.1352264282710185,-0.01578924799762064,0.003798040175859052,-0.005869155949460462,nan,nan,nan,0,100708.66713421053,0.0499606363968235,-0.11783250753600882,9.80577836186653,-0.0006365894802376976,0.0009764159348930276,-0.0017828489464435735
30.400000000000002,1.046216207001899,0.0039307537390823625,49.843074415112554,0.055379352304887317,0.00020060049139557375,3.000001406697322,-4.165023618834846e-06,0.0009849445687815095,1.1558637794549098e-05,8.365491225783373,1.6332620876259865,46.795096224766986,1.156804248274429,0.3748012797692469,3.1359208888451913,-0.016161376461802168,0.0038450456273433353,-0.006197400117167011,nan,nan,nan,0,100736.74088752586,0.028822025992672088,-0.0012747880067934675,9.815525482568468,-0.006102605570373977,0.001458419470969865,-0.0079301731161234
30.500000000000004,1.052050112113308,0.00395216356096947,50.143069332773315,0.05539079537790191,0.00020203132596677818,3.000008046676848,-3.843344333760397e-06,0.0009839578684025518,1.1596935393893168e-05,8.484061417452184,1.6727832358820975,47.08859190158762,1.167684920150454,0.3850096351217679,3.131480918342885,-0.0165162061193106,0.003919895228425396,-0.006274189672954279,nan,nan,nan,0,100729.48821098704,0.05558603932118671,-0.0940092107012572,9.794910929893707,0.0037618173125734044,0.0005126177707196638,0.003240729067057755
30.6,1.0578847993598588,0.003973601676966883,50.44306482873331,0.05540408843961995,0.00020316204225343998,3.0000128668901853,-3.5079953379828645e-06,0.0009817949038817275,1.163549297140707e-05,8.601272830109046,1.711894484498907,47.40172271072652,1.1767495386032838,0.3953853004641725,3.1311947268155143,-0.016678778158831602,0.003925653263336049,-0.0065536931391557635,nan,nan,nan,0,100719.25620210878,0.045455181254305484,-0.05131139691798345,9.846960081690487,0.0008784415804046191,0.0012822762816922832,-0.0051393467261326925
30.700000000000003,1.0637200376397387,0.003995033689414715,50.743060692069825,0.05541695147152037,0.0002038603664505631,3.0000152403731377,-3.2076379732603856e-06,0.0009788930128107332,1.167430071377579e-05,8.72448678677784,1.7550655749379298,47.6759648067274,1.188144965206938,0.40629091034673265,3.1251003201944965,-0.017206069042582515,0.003982181621347003,-0.00674408798428204,nan,nan,nan,0,100724.53529274912,0.06875170779592905,-0.12629894299157243,9.821437096657826,0.002637345673963607,0.0007689262717624911,-0.0051193031541385756
30.8,1.0695555247564452,0.004016429267274096,51.04305666708352,0.055427338884025165,0.0002040675897103373,3.0000150323329926,-2.9815008288537755e-06,0.0009757777844534576,1.1713327566643355e-05,8.843804518148538,1.7963146146197602,47.9884584952353,1.1982833410878309,0.4192075776314054,3.1249899469949782,-0.017387948939719466,0.003992611168155635,-0.0070999143146154515,nan,nan,nan,0,100719.55058773798,0.04908234730450011,-0.07189968892006261,9.830080211682416,0.015046136516760622,0.0002927136767995824,-0.0004012984679642806
30.900000000000002,1.0753909416313483,0.004037766025500121,51.34305249946122,0.05543376566130477,0.00020380148551646152,3.0000123942612453,-2.854073488325186e-06,0.0009729687422228572,1.1752520276060805e-05,8.97113680140824,1.843359193997937,48.251000539906094,1.2099566075288537,0.43287155677459704,3.115240245597672,-0.01777080545334602,0.004023302427285991,-0.007420555191034634,nan,nan,nan,0,100720.99951888328,0.03191200326151255,-0.06049195995288158,9.809376643043212,0.000577540117985934,0.0013736806454263742,-0.0007381987665905027
31.000000000000004,1.0812260050642135,0.004059031915197494,51.643047978020235,0.055435502009715,0.00020314384144885659,3.000007975466074,-2.8336208862146416e-06,0.0009708944384747564,1.1791804436694973e-05,9.09262467300453,1.8872285908277866,48.56236116992768,1.2200852780671974,0.4440978573936798,3.1118401902870394,-0.017815071447894668,0.004069989889818215,-0.007606081763372797,nan,nan,nan,0,100690.05786709864,0.023358327919508336,0.0035234413454614533,9.764112849819153,-0.0011019022730686372,0.00048593327761885875,0.00192402584798629
31.1,1.0870605106388314,0.004080225940336866,51.94304296390758,0.05543262686705043,0.0002022218262167985,3.0000026050818667,-2.913405012988623e-06,0.0009698336156835907,1.1831102282084863e-05,9.209431075035821,1.9285783959646352,48.911238166242924,1.229016962683702,0.45657806408257257,3.1173727224020116,-0.01786270473313971,0.004063774939522702,-0.00789900038492506,nan,nan,nan,0,100702.26015854625,0.056424182039904326,-0.07515519836118773,9.836790776461108,0.013354119336894342,0.0006458506119308568,-0.006179663265514319
31.200000000000003,1.0928943596507612,0.00410135727398041,52.24303740878377,0.055425958075757675,0.00020119057929234198,2.9999972419527725,-3.072499124535055e-06,0.0009698796642354512,1.1870373226435463e-05,9.332845936823515,1.9749265579888577,49.222918530963234,1.2392795198305655,0.4702664443201276,3.116294886145697,-0.017932134361029934,0.00407431494939936,-0.008120225013801444,nan,nan,nan,0,100691.08299287516,0.07162560466024191,-0.05349254581031955,9.819362816469084,0.0069685679307709275,0.0007663333044047391,-0.001194243099422695
31.301000000000002,1.099310856138184,0.004124549850709346,52.573030727639676,0.055415883233656725,0.00020011285667222815,2.999992389870601,-3.303438326844779e-06,0.0009710934061664123,1.1913459675022123e-05,9.472857649768109,2.0330673798355234,49.438985471818576,1.251956292489118,0.4832487957557884,3.1007116925903873,-0.017898152528669914,0.004136338544804774,-0.008295269068968589,nan,nan,nan,0,100706.95649203974,0.055601196176160717,-0.1976881527271116,9.805394275250261,0.011220760593254957,-0.0004163111268867932,0.0010923278172743265
31.400000000000002,1.1045602497971339,0.004143504862272487,52.843024926750644,0.05540699992925243,0.00019939344627663055,2.9999897566404914,-3.5059617619001644e-06,0.0009727651645008439,1.1948566446931806e-05,9.59854211803061,2.081998082093997,49.74895216126731,1.2620773937632919,0.4966572862534244,3.0994835748148892,-0.018214833397224274,0.00413329048763833,-0.00852696717735351,nan,nan,nan,0,100690.17939728836,0.07030418357655456,-0.06861153902073518,9.800571605693973,0.006079654272750881,0.0008357082597797864,-0.0035511802832316934
31.500000000000004,1.1103926010126284,0.004164566066071151,53.14301829262109,0.05539801707139676,0.00019885717834171405,2.9999887405339134,-3.71395390148274e-06,0.000975000713201446,1.198739309361397e-05,9.748439623956086,2.148487931120186,49.92723518686884,1.277834235078189,0.5137387597497005,3.077537038716845,-0.018562174399569805,0.004265682386252134,-0.008932587019642602,nan,nan,nan,0,100694.14208578104,0.027875716158996575,-0.15122205186682947,9.823083908427682,0.014127509283862538,0.0007958698636593691,0.0011067020536395028
31.6,1.1162248520548759,0.0041856476793630274,53.44301164352424,0.055391291166206225,0.00019864293885479798,2.999989564353433,-3.87785081110366e-06,0.0009772572029764781,1.2026042178264236e-05,9.876676758957254,2.2005276835215177,50.23490966789077,1.286971925774125,0.5271355756234298,3.075381419752862,-0.018570818596370137,0.0042785750898000074,-0.009346771285763115,nan,nan,nan,0,100685.01925845629,0.0282275115991951,-0.08547356669819042,9.829751924678801,0.002800140275094983,0.0015072058314052012,-7.050171260720951e-05
31.700000000000003,1.1220572327066332,0.004206766032396512,53.74300515972933,0.055387742976233056,0.00019874922986591213,2.999991971072554,-3.979617898641258e-06,0.0009791658787117186,1.2064548365635837e-05,10.014324911127977,2.2600509723129996,50.497858313127374,1.300053951180774,0.544321670050517,3.067190447340389,-0.018866377685013366,0.004334555523940464,-0.009657173053913413,nan,nan,nan,0,100676.83989192256,0.08339766903912446,-0.09713516800948183,9.815457715443369,0.002984115509151929,0.0006240810914258462,-0.006280717211917511
31.8,1.1278899341162916,0.004227930890971708,54.042998979029036,0.05538769501678057,0.0001991319313755802,2.9999955753297174,-4.010882910524113e-06,0.0009804460909124124,1.2102961934058675e-05,10.144846480704377,2.315105210437949,50.80450929634998,1.3101927840010947,0.5575897856726215,3.065219484069054,-0.018931587571461562,0.004347921689870082,-0.010178069775762827,nan,nan,nan,0,100662.15950294337,0.06622156814531728,0.023821981400348843,9.772472055697138,0.008614735816593198,0.0004956453884103461,-0.011174294740396558
31.900000000000002,1.1337230809437968,0.004249144740414589,54.34299317882821,0.05539088186992254,0.00019971181330096007,2.9999995799555546,-3.97412889309754e-06,0.0009809417754504945,1.2141350837030581e-05,10.276385343665687,2.371718476457902,51.110934723311935,1.3199944482587955,0.5741697175541278,3.065107051161414,-0.01911677894720855,0.004352143529502195,-0.010602544571356695,nan,nan,nan,0,100678.9273545482,0.039358829222777614,-0.06256046621596584,9.752755898775963,0.007570605540443147,0.0005522296910692797,-0.003431042650359729
32.0,1.1395567164129898,0.0042704031351690356,54.64298777102639,0.05539654310936613,0.0002003903841590451,3.0000033591116995,-3.880968283416054e-06,0.0009806323843599696,1.2179782126879378e-05,10.408927855718861,2.4299387540259216,51.41730603231956,1.3302793055350175,0.5898568519414101,3.062850801562131,-0.019258546450409766,0.004366719879403735,-0.010988526255286566,nan,nan,nan,0,100663.32631376902,0.05118128288741479,-0.08099204201090532,9.764384485051124,0.009629696304120246,-5.850264075640691e-05,-0.003219810911563676
32.1,1.1453908016552108,0.0042916959600770585,54.9429827028099,0.05540357261904124,0.0002010655934183851,3.0000063203373393,-3.7493599823156527e-06,0.0009796306850149428,1.2218294432082526e-05,10.546816591677613,2.4928896401073444,51.70363097712822,1.341565815590716,0.6042798920732411,3.058072922148616,-0.01947100343568848,0.004433662396900573,-0.011276270129317577,nan,nan,nan,0,100676.47751908563,0.02245564506243241,-0.009436697981796457,9.785994342748314,-0.0007960826530021047,0.0005618961055291121,-0.000977615418495495
32.2,1.1512252282731572,0.004313009368268349,55.24297787148273,0.055410736213859,0.00020164455961135165,3.0000079966211546,-3.601114955495533e-06,0.0009781504489618786,1.2256912617803894e-05,10.681453545914543,2.5542734483681375,52.009302181376654,1.3512110254533816,0.6226147616239293,3.0560773939834505,-0.019725684594140078,0.00447724425306717,-0.011484510215119672,nan,nan,nan,0,100685.77253703686,0.054625308436505635,-0.09530504495961722,9.761842860354326,0.006485367166491628,-0.0001364134754573864,-0.007751369084927132
32.300000000000004,1.1576433060069822,0.0043364596120087,55.5729726708752,0.05541738541922203,0.00020208759103541667,3.0000082524371345,-3.4448865157425702e-06,0.0009762985099508459,1.2299530146023132e-05,10.834226960357215,2.630570219326304,52.24097363896263,1.3651924310256172,0.6405064935511026,3.0421621923227624,-0.02019619844029654,0.004557269767424765,-0.011974376514936325,nan,nan,nan,0,100665.08420941823,0.07479314194196235,-0.04564548195405759,9.82803020346834,0.0025778100732895075,0.0015138862443910494,-0.004531088018334063
32.4,1.1628944670501984,0.0043556373855229025,55.84296837810607,0.05542105366048452,0.00020226325830829717,3.0000072811521084,-3.3393740920373976e-06,0.0009748677138707862,1.2334502131764466e-05,10.971332791202355,2.695302568805868,52.545072022447414,1.3766768060906944,0.6535033914751963,3.0402006837739513,-0.0203504122598895,0.00458913584575571,-0.012305758052048334,nan,nan,nan,0,100650.10447189659,0.04886407608251799,-0.2615103836720203,9.789057341055884,0.002629380673899932,4.2447110173769666e-05,-0.005606024368005091
32.5,1.16872894396119,0.004376925507680433,56.14296345169703,0.05542277227565928,0.00020225478652970082,3.000005106235848,-3.258305257806266e-06,0.0009736046640065332,1.2373449591193003e-05,11.121599031527204,2.7710008869842966,52.80027875365447,1.389789804038406,0.6698884038809783,3.0305749895464236,-0.020455881318678343,0.0046464772708214586,-0.012687863363798797,nan,nan,nan,0,100652.52611185747,0.031451598798889174,-0.10876438574678976,9.807598296143091,0.008024459879484745,0.001424434055948538,-3.550459407334304e-05
32.6,1.1745631463484365,0.004398184510381419,56.44295827645273,0.05542193601423332,0.00020205242170736947,3.000002304731543,-3.222587891750686e-06,0.0009728546370162405,1.2412460875375528e-05,11.261069414733802,2.838902343917716,53.103224922558475,1.3995225303665195,0.6877899867548796,3.027571533356377,-0.02067060218428329,0.004679340440068236,-0.012925577775001014,nan,nan,nan,0,100668.86099616176,0.03774568557238222,-0.12029596328106329,9.745342297087733,0.006792005601424838,-9.69963263844825e-05,-0.005471964244999795
32.7,1.1803970025974682,0.0044194112099936326,56.74295281045316,0.05541887347137438,0.0002017023446342775,2.9999993446770183,-3.2326319557613676e-06,0.0009727002823325392,1.2451499217809354e-05,11.388944349120111,2.8979868588292472,53.45351693003881,1.4066344146294232,0.7004346054628007,3.0331760260459357,-0.020879850014333873,0.004638161750215586,-0.013338949422699213,nan,nan,nan,0,100649.56577341074,0.011562198792503933,-0.05919730487679989,9.76678831474532,0.009880753797481982,0.0005550360319591895,-0.0032632674284376276
32.800000000000004,1.1862305024536137,0.004440607109274163,57.04294706299265,0.055414251065345435,0.0002012658465972051,2.999996726923658,-3.282657434186689e-06,0.0009731203649736564,1.249052821667138e-05,11.530110709663274,2.968794755946423,53.75664426932609,1.4168431463224493,0.7153547043423047,3.030181232724443,-0.02081730896345348,0.004630069914986379,-0.013998812709950539,nan,nan,nan,0,100656.7576908878,0.05852482410569843,0.009323714626796806,9.81367214306389,0.002786645736747193,0.0007102188314685378,-0.012863159046303467
32.9,1.1920636939573406,0.00446177774813293,57.34294108808764,0.05540893484774747,0.00020080957112700082,2.9999948413417945,-3.362299432405919e-06,0.0009740028466806994,1.2529517783929005e-05,11.692785325426108,3.058570771649267,53.9865998834768,1.4307443956056394,0.7357694548141434,3.0175280427976503,-0.02093901431255875,0.004710419857136161,-0.01427037501500713,nan,nan,nan,0,100642.24467860686,0.08026671015554418,-0.036560814517813026,9.836818670863986,0.009664051190921888,0.0009490061233218743,-0.0034342773843991994
33.0,1.1978966711923802,0.004482931576763538,57.642934972260655,0.05540383655526575,0.00020039717799734077,2.999993948579241,-3.4579277962684815e-06,0.0009751694091550966,1.2568444019508206e-05,11.836400383605238,3.1329881439457345,54.28816026408075,1.441385558119037,0.7523544550359719,3.013013701122012,-0.02098577756223495,0.004740686901710811,-0.014610195744744111,nan,nan,nan,0,100647.49395439519,0.019805906423087313,-0.03693340062762215,9.778639036426641,0.006377141433925252,0.0009524359494454975,-0.007505688262376887
33.1,1.2037295555563374,0.0045040785503078435,57.9429288174604,0.055399760021183984,0.00020007956324230813,2.9999941044772993,-3.5552824657245332e-06,0.0009764106143397289,1.2607295610614664e-05,11.999237213316192,3.2249415270887214,54.52856683725463,1.4562321813307828,0.7715609756460047,3.0017929519010136,-0.021267514599942656,0.004789928469929539,-0.01486220567177674,nan,nan,nan,0,100658.558980563,0.05375398330065249,-0.04807251589106458,9.812243585707055,0.011255804866496535,0.00114119905221103,-0.005718830844121322
33.2,1.209562474075909,0.004525228656610253,58.24292272445893,0.055397286109507615,0.00019988997020701943,2.999995176779364,-3.6414522718714724e-06,0.0009775200878785473,1.264607131178871e-05,12.14536952596395,3.3027413167346675,54.82865770288433,1.4670354822773344,0.7849225311625225,3.000377766670591,-0.021079311319779855,0.004801496513382242,-0.015352135042235215,nan,nan,nan,0,100630.79948115027,0.09650628481623025,-0.0666400903143957,9.804462002997095,0.01727903740776442,-6.730511684351721e-05,-0.0035737751360081305
33.300000000000004,1.2153955384801163,0.00454639058432605,58.54291677626171,0.055396690663293155,0.00019984230678496192,2.9999969730991807,-3.705897365447275e-06,0.0009783285051239154,1.2684779385241376e-05,12.29905640098538,3.3877979260686018,55.108367756121055,1.4791620935501768,0.8012029707904262,2.996016798858355,-0.02113852851564921,0.004847199452248319,-0.01574511185700232,nan,nan,nan,0,100619.5375582195,0.0534081287745847,-0.09817722291718119,9.82953665490715,-0.0005684327307441039,0.000675718317889627,-0.00569001112582967
33.4,1.221228828353299,0.0045675706900703645,58.842911025298086,0.05539792248775225,0.0001999297150899602,2.9999991175858196,-3.7420539681325437e-06,0.0009787296649261812,1.2723435910740968e-05,12.447505510724374,3.468783334605862,55.40790298326757,1.4895689736631454,0.8183833018751273,2.995239212794442,-0.021393340822445702,0.004869060783859069,-0.016169565677856244,nan,nan,nan,0,100622.50310456449,0.04181075812808053,-0.1310211378114965,9.866182876641465,0.007126328284530581,0.0005539367702530739,-0.010278977027955742
33.5,1.2270623807874057,0.004588772369143994,59.142905488827395,0.05540064325834848,0.0002001279867514548,3.0000012328988492,-3.7478541649324667e-06,0.0009786900337984683,1.276205394867665e-05,12.602015940652793,3.555999310395239,55.69239685230372,1.5009663830766637,0.8338127349537686,2.9911451390644017,-0.021537762636674077,0.004914208728262759,-0.016297006195214847,nan,nan,nan,0,100614.38313186068,0.05043265994687008,-0.07981726188907433,9.791476405112121,0.0092947313057517,0.0007180543126001026,-0.0017141177360417558
33.6,1.2328961877016928,0.004609995891238967,59.442900148312724,0.05540429876089743,0.00020040100758542722,3.000003006457018,-3.7252600134839796e-06,0.0009782500727559817,1.2800664850174236e-05,12.752727569154763,3.640143456437535,55.99146028124777,1.5126857506982476,0.8491478259253211,2.9897682455344605,-0.021725105610125545,0.00494163454226082,-0.016370999383047546,nan,nan,nan,0,100592.34127144294,0.0730166433012569,0.015349330995270333,9.797894962228607,-0.004063920569124851,0.000982134528860134,0.0020083579651313625
33.7,1.2387302006140102,0.00463123864359027,59.74289495512394,0.0554082289076569,0.00020070579727036049,3.000004131234018,-3.67983184126856e-06,0.000977511511963236,1.283929707620607e-05,12.904226327659332,3.7256946491182426,56.291115491488625,1.5226793276715147,0.865456240240931,2.9881279045028264,-0.021793467074537623,0.005003959009243886,-0.0166688093840629,nan,nan,nan,0,100622.93887603965,0.012094560696888135,-0.09495725727143023,9.777776096122189,0.004091206643087193,0.001191834605154854,-0.0031983897648188535
33.800000000000004,1.2445643415539802,0.004652495736144979,60.042889841037,0.05541178095276428,0.00020099915753004342,3.000004534862415,-3.6196686011463607e-06,0.0009766152531336392,1.2877971656231852e-05,13.05703809785774,3.8130182744696874,56.58974132586916,1.5338062537962491,0.8807188453021988,2.984725039655704,-0.02195818533763184,0.005030791648469535,-0.01691794358325566,nan,nan,nan,0,100611.96554117424,0.043596581812612674,-0.021490254705889722,9.830375235868967,0.00779987658470695,0.000898283656744797,-0.002403594591466274
33.9,1.2503985178931496,0.004673760849823503,60.34288472894927,0.05541440672653741,0.00020124391967938916,3.000004196627794,-3.553853893087315e-06,0.0009757193620922866,1.2916701733975896e-05,13.221690103134366,3.912264453491444,56.859686550893734,1.546984297731891,0.8967957078800688,2.978275981519167,-0.022238750648888857,0.005102328651795274,-0.017068226413137644,nan,nan,nan,0,100602.56976775176,0.05948082122505356,-0.13269417861255095,9.809772944671998,0.006376031133496857,0.0007973206048659362,-0.00040611280651863
34.0,1.2562326384152311,0.004695027190199403,60.64287954808495,0.05541575630409644,0.00020141224219991544,3.0000031664307842,-3.4914315827517516e-06,0.0009749680785453574,1.2955490463787308e-05,13.376983897548227,4.002850561132881,57.15729263687256,1.5588311499214107,0.9141380326982557,2.9743989680007235,-0.0222614619412798,0.005130241956811332,-0.017297871428406927,nan,nan,nan,0,100606.9256616675,0.05439796509947442,-0.08564087213708156,9.800007160433925,0.007700723963382524,0.0009090354266899082,0.0011930281041797146
34.1,1.262066627913483,0.004716288416196043,60.94287424454436,0.055415711922486774,0.00020148842355001618,3.0000017227188014,-3.4403574000480528e-06,0.0009744704007133009,1.2994331934906854e-05,13.533266462893183,4.094786934785821,57.45500999253176,1.5695575788620377,0.9280195342497858,2.9734287620171687,-0.022414834008261657,0.005190057227672185,-0.017457125345366344,nan,nan,nan,0,100603.11669828495,0.020575661393798503,-0.045969894576692795,9.781634694687591,0.0108460222584399,0.0014972844599197032,-0.006156888173918506
34.2,1.267900438083178,0.004737539423774439,61.24286878731641,0.05541438478359344,0.00020147081422516449,3.0000001205105646,-3.4062197684143416e-06,0.0009742881106069579,1.3033210146946162e-05,13.690784752611574,4.18836417103494,57.75225377110053,1.5812366717227728,0.9446202772465873,2.9715166761616922,-0.022818902202517626,0.005236158742560892,-0.01775616797512101,nan,nan,nan,0,100590.85715132643,0.030639067109033323,-0.10501845987118383,9.787102491692202,-0.0011900873860699141,-0.0001254383014631015,-0.0020154738570650026
34.300000000000004,1.2737340532609236,0.004758776902940197,61.54286317326809,0.05541208865062488,0.00020136973698763717,2.999998617630615,-3.39197206534512e-06,0.0009744261935200615,1.3072102345473316e-05,13.866954540938327,4.301481641983037,58.00769399770951,1.596078705502985,0.9657522909746826,2.963348567439598,-0.022813750847803287,0.00528005715123836,-0.01794163042585132,nan,nan,nan,0,100597.90891528473,0.05899452224592904,1.977827266451404e-05,9.789404788853513,0.01044063904305129,0.0014748020485151822,-0.004556064547406265
34.400000000000006,1.2795674904464005,0.00477999962405821,61.84285742495776,0.05540926836696823,0.00020120535607549608,2.9999974660587503,-3.397849106073668e-06,0.000974837610689061,1.3111000691989398e-05,14.02712075021842,4.398985008024123,58.303961063236024,1.607300096970345,0.9834562017608844,2.9619595347232908,-0.023079235913468336,0.005314730698118497,-0.01826438001797458,nan,nan,nan,0,100583.53621145674,0.04907021540852372,-0.05614365790688877,9.798517839927042,0.0052586122657458205,0.0010029576579081766,-0.0065397375691399855
34.5,1.2854007940387073,0.004801208410144674,62.14285158464003,0.05540641906081698,0.00020100462441273204,2.9999968037583953,-3.4213166928459138e-06,0.0009754351537887285,1.3149894269337752e-05,14.187737526885526,4.49731168917711,58.60173260306429,1.619422213563843,0.9992262004676746,2.960976359357979,-0.023445299582901626,0.005313991650372829,-0.018342441648150305,nan,nan,nan,0,100594.74943778342,0.04243052628925804,0.03188238891761812,9.811128906526928,-0.0014744041198085566,0.0009208426133833848,-0.0032200800144066098
34.6,1.2912340265658642,0.004822405859732369,62.44284570636035,0.055404003444500985,0.0002007964239466344,2.999996713400807,-3.4579032724449722e-06,0.0009761077132175444,1.3188772696987434e-05,14.35027481835863,4.59829629830683,58.89777705642623,1.631267362066514,1.0192036565219136,2.959994320929138,-0.023637842318896173,0.005357515213056274,-0.01847509192415956,nan,nan,nan,0,100574.27709598052,0.022537277348349656,-0.030439673278551585,9.854290262170306,0.00661873573349025,0.0007443496872985983,-0.002069188616993502
34.7,1.2970672571997426,0.004843595865301898,62.74283984571167,0.055402376765099,0.00020060810461640925,2.99999716493056,-3.501963572866747e-06,0.0009767413242471878,1.3227627013037063e-05,14.54642576219779,4.735659314172487,59.12424867690418,1.6489752311903783,1.0421633328534883,2.9461743773011713,-0.023834853969644364,0.005459161841560256,-0.018431743563502506,nan,nan,nan,0,100561.33274136015,0.016977718824473742,-0.04620674239855252,9.774770351122386,0.000913597740928496,0.0005593559988020397,-0.0017596798715233488
34.800000000000004,1.302900550089857,0.004864783007793654,63.04283405129667,0.05540174109240444,0.00020046277770174176,2.999998036598194,-3.547122516656637e-06,0.0009772367011500194,1.326645147903064e-05,14.711884807152481,4.840954804390174,59.41870558560582,1.660534175074404,1.0634460658785132,2.9425153774480686,-0.02428449991781292,0.005494074397633497,-0.018602870405365405,nan,nan,nan,0,100571.2503716641,0.0733179803614149,-0.029041294865141322,9.773108364750563,0.006524254496673692,0.0009460504151373909,0.004309663309623118
34.900000000000006,1.3087339544030425,0.00488597191217633,63.34282835719245,0.055402122371075224,0.00020037572894781019,2.9999991612783568,-3.5874711264757856e-06,0.0009775246227656798,1.3305245559663754e-05,14.879520832988211,4.949383758193865,59.710800831320824,1.6722720328639529,1.0826577421072854,2.9396220604120846,-0.024568156144417416,0.005534536940835277,-0.018948949105326462,nan,nan,nan,0,100563.69516680832,0.06782879529537408,-0.1364951771745334,9.836136648259357,0.01059349121275571,0.0014420883478486984,-0.004142756021119774
35.0,1.315150859823878,0.004909286563752459,63.672822227073915,0.05540354493170792,0.00020035481565326422,3.0000004427008817,-3.6206498005288297e-06,0.0009775668300437967,1.3347875689437253e-05,15.047361109638322,5.05847326555566,60.00474996757321,1.6846489429048048,1.099544575613932,2.939280306221506,-0.02475522626028026,0.005586321903821689,-0.019231297471227662,nan,nan,nan,0,100572.22293961985,0.05811749029795661,-0.06557481092037319,9.786963903402452,-0.0017060799554557502,0.0006491831853425666,3.07513216986602e-05
35.1,1.320401182454101,0.00492837023040032,63.94281731114824,0.055405244969342106,0.00020039405519230307,3.000001366485004,-3.6361897393024485e-06,0.0009773974764291093,1.338272299637908e-05,15.232925135741626,5.187625954440476,60.26671021127777,1.6990973550291524,1.120244864960917,2.932329405161254,-0.02482829559912637,0.0056522894226442855,-0.019508370757997075,nan,nan,nan,0,100571.61804826987,0.043746191510521504,-0.12035234514939716,9.81319719382311,0.0063117218491405835,0.0012996438771676884,-0.0014497767380926637
35.2,1.3262349889719585,0.0049495843697113144,64.24281193292646,0.055407368743016286,0.00020048741013758406,3.0000020942758487,-3.6399864465536208e-06,0.0009770388020480247,1.3421428637533054e-05,15.403444412487945,5.300655885770564,60.55982047540232,1.711083519694307,1.1403535522373696,2.9298948265665015,-0.025150984466432807,0.005711833247813214,-0.01971991533293486,nan,nan,nan,0,100557.87991202118,0.05996725288270992,-0.06270561346018387,9.82329308795594,0.007779790229823769,0.00015315782905869996,0.0030887270833011827
35.300000000000004,1.3320688789025257,0.004970809288352604,64.54280660953938,0.05540939083905191,0.0002006176523220739,3.0000024336441435,-3.6301511011206158e-06,0.0009765700236323838,1.346013609775827e-05,15.5721217069188,5.4121948330431495,60.85807479496106,1.7220275310564848,1.1578921523412002,2.9273099444869133,-0.025261543683066927,0.0057217974696845975,-0.019715126091389007,nan,nan,nan,0,100543.74268768489,0.03328899035575145,-0.0670204759010577,9.843555428085647,0.01147108394721884,0.0011479534964265,-0.003056805374526546
35.400000000000006,1.3379028035306462,0.004992043825921898,64.84280129988841,0.05541099142207299,0.0002007653233078453,3.0000023726754455,-3.6088901385852116e-06,0.0009760755605332516,1.3498858418182786e-05,15.744930601501492,5.528976891847599,61.15064674426635,1.7345975711317587,1.1768499499991685,2.9239110852969605,-0.025133199025871408,0.00576977602612927,-0.02002149056889529,nan,nan,nan,0,100535.42354728915,0.07628666047420242,-0.04704538631643325,9.758868944998303,0.006219426293734205,0.001854325674624267,-0.0067360180344759515
35.5,1.3443201004994143,0.0050154101583991025,65.17279542749908,0.055411999881303874,0.00020092351805862732,3.0000018585560437,-3.5765956751595398e-06,0.0009755992375124478,1.3541481274433464e-05,15.889374513383476,5.613478579792334,61.49443412606854,1.7401369961697355,1.1891950434368255,2.9286977618126957,-0.025207959226730407,0.0057782107620796275,-0.020217417290345027,nan,nan,nan,0,100550.9045482133,0.034686715880240755,-0.13386799552204698,9.801023765648756,0.003453226620279015,0.0007311992969692351,-0.0024397739846600073
35.601,1.3501539413002255,0.005036656516431774,65.47279002527111,0.055412127520287346,0.00020104366304765373,3.000001102657655,-3.543781806054113e-06,0.0009752982153810041,1.3580259552872087e-05,16.064020668128787,5.733380537220912,61.7872292872269,1.7527809815871764,1.2085920495233726,2.9267402120863326,-0.02531120024077045,0.005801299108154634,-0.020523017750542535,nan,nan,nan,0,100536.61151705394,0.06693703870615557,-0.04064776283865475,9.768902236856391,0.002096971089619101,0.001359447462292922,-0.0015006567430880262
35.7,1.355987688841028,0.005057903417925099,65.77278454215384,0.05541153898534007,0.00020112660133192844,3.0000002400787804,-3.51232887691428e-06,0.0009751634023908995,1.3619063780230415e-05,16.241063234792264,5.856438414172864,62.07792980674705,1.7652898353960391,1.2255253688429968,2.9252212439093808,-0.02540595848449369,0.005859221403921033,-0.02042436281485178,nan,nan,nan,0,100535.96569553977,0.0605142337042232,-0.09257639901486699,9.795332239357021,0.010144165995266283,0.0020731024852336027,-0.004419401896148711
35.800000000000004,1.361237971444063,0.005077023437594239,66.04277953373168,0.05541051819783198,0.00020116259959718593,2.999999481012165,-3.488461418155496e-06,0.000975192596098351,1.3653999383904428e-05,16.418214140377437,5.97995092369868,62.370352325864665,1.7778164103808285,1.2443268923275366,2.922942985029625,-0.025703391209866304,0.00591724017542794,-0.02052239699238513,nan,nan,nan,0,100543.01638927321,0.06416847826713722,-0.0844431020769401,9.815969547643572,0.008825443191787668,0.0009873186661753235,0.005897164690529472
35.900000000000006,1.3670715230944817,0.0050982630406898165,66.34277389535846,0.05540904787447608,0.00020115762129975867,2.9999987910219037,-3.4697300025198286e-06,0.0009753747398810741,1.369282965725809e-05,16.59270348532558,6.100698556828713,62.66878129842971,1.7894924199629398,1.2636268870249106,2.922451209515753,-0.025920806971998483,0.0059442752053393555,-0.02076137277759264,nan,nan,nan,0,100534.82414311709,0.04327006802765236,-0.09180967730955286,9.781216454830561,-0.004589806306264136,0.0015038322734524916,0.0002625990470120712
36.0,1.3729049937335298,0.005119495793190446,66.64276819920343,0.05540747989070749,0.0002011091469655936,2.9999983443309057,-3.4610257267856425e-06,0.000975674064789267,1.373167271363379e-05,16.772202142051487,6.228076128051777,62.96087711498505,1.8004488566606407,1.2845734072048887,2.919839151274416,-0.02630138689926851,0.005988734843602739,-0.020841805737151095,nan,nan,nan,0,100543.55748268461,0.03250563370849421,-0.010197879390467512,9.835226615195294,0.020994587077265422,0.0010340058652141223,-0.0007556764515950574
36.1,1.378738414893332,0.005140720922666085,66.94276247330706,0.05540607591614065,0.0002010263655117256,2.999998194841561,-3.4627918525828254e-06,0.0009760328721379885,1.3770524278770166e-05,16.99043973285083,6.403394566130714,63.195818765226655,1.818144302991639,1.3126920813111744,2.907169193456053,-0.02655720046763161,0.006095349290652807,-0.020832677907727144,nan,nan,nan,0,100546.7502573475,0.03144405516007076,0.056139306037755174,9.788184519884334,0.0019254256718673375,0.0006803548995670243,0.0020672223740354928
36.2,1.384571823654704,0.005161938733708848,67.2427567480754,0.05540504902722824,0.00020092202957240052,2.999998361642486,-3.4742392266804448e-06,0.0009763887788853953,1.380937844677385e-05,17.172904405571092,6.535753873693818,63.48635722280904,1.831081023927619,1.3337287130118036,2.903708403063143,-0.02662328438471759,0.0061236340720676186,-0.02097084068672588,nan,nan,nan,0,100522.81142218492,0.04357785287835718,-0.06674822297774698,9.818710671417318,0.002167531503215381,0.001742112200061169,0.0003616782442967734
36.300000000000004,1.3904052562404576,0.0051831505023683735,67.54275105130488,0.05540453524077997,0.0002008112948501275,2.9999987743575627,-3.4932453645774813e-06,0.0009766849282624168,1.3848228440494867e-05,17.376560799067995,6.694816585227934,63.74789056366848,1.8470867932164823,1.359536288802337,2.8966279133772073,-0.02709941073267129,0.006187551777173672,-0.02102332640481186,nan,nan,nan,0,100510.86533518635,0.06782889244223946,-0.08375952885375802,9.82550333151288,-0.0014239705204245638,0.0006287010020253262,-0.005227866481141408
36.400000000000006,1.396238742242143,0.005204358251412337,67.8427454043333,0.05540457874009643,0.00020070902964827833,2.999999349914605,-3.516847784465772e-06,0.0009768778872116801,1.388706913029697e-05,17.561917967389487,6.831840060226333,64.03740581111889,1.860061786648004,1.3806164416653997,2.893981244107876,-0.027261769166049332,0.0062207731365258034,-0.021399673416162883,nan,nan,nan,0,100544.37900684886,0.04292116806320873,-0.06882670677800223,9.812790747208656,0.004041585287870138,0.0011315941346897098,-0.0047603563810119775
36.5,1.4020723003576523,0.005225564438740617,68.14273981862122,0.05540512911467097,0.00020062801666980503,2.999999988853412,-3.541724308782983e-06,0.0009769445909237895,1.3925892954860573e-05,17.829586580935963,7.073209821273274,64.21521391077819,1.8867293372473908,1.4186977926762359,2.8744942434747927,-0.027475232149270123,0.006382972296765876,-0.021696031213228665,nan,nan,nan,0,100508.20753592553,0.04606896790027491,-0.06834066690607639,9.781721543916115,0.005514760447220053,0.0006708351721467919,-0.00042338350462920176
36.6,1.407905936221402,0.0052467716067557645,68.44273429490585,0.05540605831768748,0.0002005776786275999,3.0000005808267423,-3.564528982030575e-06,0.0009768841549118168,1.39646870559414e-05,18.01886603826942,7.216074377362871,64.50251793766121,1.8992688747479674,1.4383460408483624,2.8712725261274485,-0.02776971716169622,0.00640524081830085,-0.02176029165819428,nan,nan,nan,0,100512.2478627869,0.04748969259461412,-0.09238913651779965,9.787722782972773,0.010612735833961516,0.001038427574525393,-0.005502924651523157
36.7,1.4137396425096607,0.0052679820575856915,68.74272882406174,0.055407187755982676,0.00020056289480090427,3.0000010350109165,-3.5823649582183794e-06,0.0009767160038567368,1.400345924936266e-05,18.21536512857661,7.36856588268482,64.78165257003745,1.9132481826079435,1.460650029414368,2.867163233851307,-0.027956612640500617,0.006439833923711946,-0.022026656412078023,nan,nan,nan,0,100506.65764700838,0.055662295783299294,-0.057531243972216185,9.82068778332514,-0.0013322574439799065,0.001129221359391742,0.0010221779557397477
36.800000000000004,1.4195734011115122,0.00528919755348438,69.04272338908588,0.05540832016144746,0.00020058358760995944,3.0000012867581716,-3.5931601330076316e-06,0.0009764754816143917,1.4042219268221837e-05,18.407362515413578,7.51575619067386,65.06819285523041,1.9261534384539623,1.482608588000833,2.8637468908447157,-0.02820115986303325,0.006473206114707919,-0.02215269862044891,nan,nan,nan,0,100490.00105268547,0.033810530791975046,-0.08924021431024615,9.797818844217266,0.0033131380207184788,0.0004623504973172426,0.005874521188288316
36.900000000000006,1.425407186875725,0.005310419112384173,69.34271796846087,0.055409272710238676,0.00020063511823696086,3.0000013172612947,-3.595811680155321e-06,0.0009762068843233163,1.4080975351963431e-05,18.563264754488785,7.616393477944206,65.40133804109834,1.9327020037395664,1.4967405366709916,2.867689424966815,-0.02810285771984688,0.006431543274563412,-0.022573579321804475,nan,nan,nan,0,100489.60528651495,0.03558290105283756,-0.06462906663689229,9.802470907889683,0.006574243037346507,0.0018331138161662144,-0.0018441294678723525
37.0,1.4312409722051707,0.005331646914682286,69.64271253986995,0.055409905280685776,0.00020070870581528742,3.000001129729381,-3.590462368443661e-06,0.0009759558585149541,1.4119734893754281e-05,18.757173754348194,7.767148936534234,65.68795535065432,1.9457001096967086,1.5176603352903182,2.8651914058915793,-0.028158825403628466,0.006449207163738313,-0.0228747108727486,nan,nan,nan,0,100498.37645953121,0.050985471875123006,-0.09159358177073923,9.793125876465744,0.0006752830128326373,0.0005754575449381413,-0.0025928697583670435
37.1,1.4370747316942178,0.005352880325936695,69.94270708417842,0.05541014123325448,0.00020079334521541647,3.00000077070096,-3.5782670419121506e-06,0.0009757612964336193,1.4158504686169648e-05,18.95962640632979,7.929663552824513,65.96559613042781,1.9597563989924378,1.5436838376608777,2.8603514282596203,-0.028433986383866114,0.006470556629302404,-0.02322001458704786,nan,nan,nan,0,100474.09864947153,0.047423113059366584,-0.0050705995149255,9.79655721266647,-0.0034273026468535778,0.0005562096052104224,-0.0018653663246580915
37.2,1.44290844605392,0.00537411802486551,70.24270158795713,0.055409972667030884,0.00020087721384842448,3.0000003215773487,-3.561189916152017e-06,0.0009756502388000854,1.4197288668494808e-05,19.15626448748567,8.085090770397983,66.25156860596397,1.9726217858304234,1.56469583908993,2.8586612731391408,-0.02888112156364703,0.006513242836134747,-0.02333129012682646,nan,nan,nan,0,100494.78627940027,0.03917893588745364,-0.025791351022584834,9.797454628279374,0.008578097091759251,0.001319610414082589,-0.0004130664435497888
37.300000000000004,1.4487421047524314,0.005395358213468752,70.5426960452582,0.0554094574837243,0.00020094903301074436,2.999999851939272,-3.5417877921178133e-06,0.0009756343702698178,1.4236082264886794e-05,19.371708460790426,8.266573188692375,66.51705086502189,1.9880307079150081,1.595372629454754,2.851711567802388,-0.028856051448072573,0.006533407183388684,-0.023564257807500905,nan,nan,nan,0,100486.55596329721,0.045612872305555684,-0.043982679108061355,9.77762132709415,0.0055204466926599485,0.00047315227541567184,-0.0043565661440061465
37.400000000000006,1.4545757070443863,0.005416598890053679,70.84269045832274,0.055408705852000126,0.00020099981295490797,2.999999444965749,-3.522806821750619e-06,0.0009757087575035239,1.427488363810682e-05,19.571161249973294,8.427224448498126,66.80205416187458,2.0011838052704305,1.6165373123479845,2.8479960500275308,-0.029020723597748342,0.006562262341167413,-0.023695161311747495,nan,nan,nan,0,100494.13641893314,0.03149038657207515,-0.11718379371192221,9.761163649150472,0.0068549534773220296,0.0004886363107538052,-0.003010206821568079
37.5,1.4604092613369524,0.005437838131462874,71.14268483621348,0.05540785669946415,0.00020102384036785984,2.999999159378075,-3.5068089393282494e-06,0.0009758546147973224,1.4313696843049426e-05,19.810350521709392,8.642442301223356,67.04440021610883,2.020342755425139,1.6483412203489962,2.8395680888608874,-0.029098540838434207,0.006640362479483519,-0.023924488159502797,nan,nan,nan,0,100485.5259311254,0.05909634323385647,-0.026486074101104422,9.836184212472341,0.00364278371641156,0.0016613500951713294,0.002656352912975279
37.6,1.4662427831289664,0.005459074343047323,71.44267919307912,0.05540705502368761,0.00020101941406066686,2.999999025367525,-3.49576183848817e-06,0.0009760427941944982,1.4352522394971552e-05,20.013045550514576,8.808529637869889,67.32825544097487,2.0331349158555456,1.6727142991738582,2.837394587973029,-0.02943902033351237,0.006664923206669338,-0.024186520635404368,nan,nan,nan,0,100464.15629481077,0.0615761638822818,0.022273399705778227,9.775432153066651,0.006387086706968855,-0.0001848500445971145,-0.0027282738453124904
37.7,1.4720762919645984,0.005480306457712884,71.74267354534881,0.055406426452832225,0.00020098857227241794,2.999999067323241,-3.4909153787890446e-06,0.00097623956223436,1.4391358668442944e-05,20.17614477663302,8.920358378064007,67.65493843249513,2.0401046493606994,1.6857467318564472,2.839899715439047,-0.029886426594261703,0.0066080477069909715,-0.02440042891260074,nan,nan,nan,0,100466.7945008841,0.06633058318460891,-0.13601343330897214,9.780021687939692,0.00281318469067286,-0.0002781647348507869,-0.0013641756974706043
37.800000000000004,1.477909807969419,0.00550153405333251,72.0426679086903,0.05540605822150294,0.0002009368692147308,2.999999256026761,-3.492633149016463e-06,0.0009764128355591595,1.443020208876727e-05,20.38077685494423,9.090235546540827,67.93870399681488,2.0526691048094863,1.7107577311784066,2.8353055238036564,-0.030132410643177805,0.006625702847022685,-0.024448668471161016,nan,nan,nan,0,100439.74259000945,0.021671678039302866,-0.06880740360236641,9.733373801552526,0.0010963893947228713,0.00025375573070695066,0.002375719212777557
37.900000000000006,1.4837433485626397,0.005522757377358148,72.34266229599345,0.05540599030164088,0.00020087250204701843,2.999999544103346,-3.5003105112121206e-06,0.0009765363308131825,1.446904834352554e-05,20.48827880322705,9.124224098217887,68.32153838580227,2.050468304518925,1.7134559450002722,2.8456862140011796,-0.030444541600176036,0.0065224811084194645,-0.02443880584852282,nan,nan,nan,0,100454.97390577648,0.026721821544732793,-0.08168779331216652,9.784957142066766,0.002227444602537074,0.0007886637169308274,0.0023553456942325525
38.0,1.4895769258562308,0.005543977277983884,72.642656715232,0.05540621042514501,0.00020080479590592915,2.9999998870597713,-3.512626142417069e-06,0.000976593919192581,1.4507891849824388e-05,20.693960281907625,9.296585786902387,68.60597147978766,2.0634441381616657,1.7355306354001236,2.843158794288028,-0.030833643442478992,0.006540993631351855,-0.02447744285794006,nan,nan,nan,0,100472.12841754545,0.07101665286498755,-0.020263388512289482,9.814143869515144,0.006175109553286191,-8.082343795804488e-05,0.0021380817782314463
38.1,1.495410545112563,0.005565195054892779,72.9426511685102,0.05540666047684327,0.0002007432482081199,3.000000220477941,-3.527637962187602e-06,0.0009765815850317772,1.4546721822245617e-05,20.833700938147913,9.375471119055844,68.95553571977658,2.066512536843506,1.7467523136884515,2.8515322711131446,-0.03099888554034401,0.0064632596486942084,-0.024647324049636828,nan,nan,nan,0,100463.99849821895,0.04413465227824387,-0.07005795325200741,9.847000712859948,0.0005143648265521997,0.0006809242521125569,0.00028405928721523524
38.2,1.501244204430118,0.00558641226454162,73.2426456524881,0.05540725061341637,0.00020069597860617426,3.000000494267092,-3.5431425817005735e-06,0.0009765065695221953,1.4585536072796061e-05,21.040986443019158,9.551339421533664,69.24061908843156,2.0792490629896014,1.769762282827076,2.8495510878357377,-0.031213789846121023,0.006468213341952245,-0.024834315868604784,nan,nan,nan,0,100454.86881938303,0.05595887986989862,-0.0730096050817979,9.816794795003382,0.0022968206799198346,0.0009628217531611879,-0.00217048527137684
38.300000000000004,1.5070778955987965,0.005607630492428657,73.54264015903348,0.05540787473093536,0.00020066866751588971,3.000000668496212,-3.557013042967845e-06,0.0009763858527322977,1.4624338016805414e-05,21.254237066035948,9.736416958619728,69.52108675282601,2.092871237074511,1.7984435961669198,2.8465496935972716,-0.03148216356239374,0.006494271148886455,-0.02482291401691648,nan,nan,nan,0,100439.19446941446,0.0560855369758312,-0.015778194481718903,9.815400424437296,0.006786602610276249,0.00024969281294584165,-0.003053890419734087
38.400000000000006,1.5129116059070982,0.005628851130272582,73.84263467702918,0.05540842981190649,0.0002006642005650801,3.0000007193470886,-3.567368443427728e-06,0.0009762423767503137,1.4663131385183308e-05,21.464195252861405,9.917489713962384,69.8055902429973,2.106055994620414,1.8226636678815984,2.842745301171145,-0.0316693617716855,0.006497498922324096,-0.024915662608448637,nan,nan,nan,0,100452.98046236766,0.04799965700284764,0.011455135710302378,9.776799843617958,0.007825561688489519,-0.00011174676247604478,-0.003967982030666355
38.5,1.5187453205365142,0.005650075193758325,74.14262919435649,0.0554088317368517,0.0002006819023625834,3.0000006516830084,-3.572968994578031e-06,0.0009761009757038863,1.4701919943110896e-05,21.650745995438953,10.064691365717758,70.11188812968095,2.115343227880994,1.8409888478475154,2.8444821128986093,-0.03192969382904746,0.00648672909686665,-0.025067437854838708,nan,nan,nan,0,100439.95996247987,0.039722327651651096,0.007858854194505965,9.789321688618813,-0.00016337649484939303,0.0006498424712920584,-0.002084119163698773
38.6,1.524579025111435,0.005671303202029033,74.44262369988176,0.05540902740531528,0.00020071811839111393,3.0000004834226717,-3.5733153315491416e-06,0.0009759843259586898,1.474070825869236e-05,21.86290341193813,10.250176511906577,70.39616984546196,2.1278460096082936,1.8685677362721456,2.841427781054151,-0.03229670120770917,0.006525283891820166,-0.02530378839632358,nan,nan,nan,0,100440.77189832444,0.05383212540543445,0.0009349757340792048,9.765443453622982,0.0035903360850031824,0.0015834421457324378,-0.002155114740117133
38.7,1.5304127079821526,0.00569253513113892,74.74261818526493,0.055409001258159396,0.00020076699050989495,3.000000250405093,-3.5685903898140874e-06,0.0009759092796626234,1.4779500658474638e-05,22.079962390245203,10.443774558093738,70.67700863494538,2.1407545438092668,1.894364772545744,2.8381918196670797,-0.03275950881359184,0.006572413712508052,-0.02523405235744123,nan,nan,nan,0,100433.28642907967,0.03668919394439932,-0.09979891876235363,9.78846379048252,0.006632840127442441,0.00043304829685621713,-0.0032986179970817637
38.800000000000004,1.5362463618923439,0.005713770443915565,75.04261264599927,0.055408774398652015,0.00020082100643643651,2.999999994643326,-3.5597173605496747e-06,0.0009758847901284451,1.4818298523600324e-05,22.294681475958054,10.634520572570157,70.9606570631409,2.1535987766275406,1.9214441549039212,2.834769065122926,-0.033178176864262436,0.006565680167578636,-0.025502637197057622,nan,nan,nan,0,100428.44248810866,0.04334145623529438,0.03525448139820769,9.783996280129852,0.002726141561536632,0.0009034002716016766,-0.0004954206296203828
38.900000000000006,1.5420799848128337,0.005735008190515182,75.34260708195454,0.055408398892844477,0.0002008723565864766,2.9999997593340835,-3.5481643268236927e-06,0.0009759109080849093,1.4857098891707477e-05,22.515771854394877,10.835738221502147,71.23971519879836,2.1677362341425055,1.9495462421811145,2.829802150718112,-0.03343034639177154,0.006586213769954163,-0.02543427473739479,nan,nan,nan,0,100412.51759367448,0.06763490856401534,-0.15227132320099732,9.792472751720311,0.007114615166657706,0.0003631353874016664,-0.00038630218693417283
39.0,1.547913579867896,0.005756247168081904,75.64260149702628,0.05540794669361328,0.0002009140662833545,2.9999995820553025,-3.5356789805862614e-06,0.0009759795249675296,1.4895905355768798e-05,22.733230174786534,11.031976236285834,71.5225142207486,2.1812666281335296,1.9772090951672057,2.8264029085794906,-0.03348551206063996,0.006597078177305926,-0.025412911879035018,nan,nan,nan,0,100415.36049769311,0.03515372360667101,-0.02209447937350062,9.766607247080374,0.00039942966103409094,0.0012973319582954557,-0.0033047180979374167
39.1,1.553747154432945,0.005777486097837211,75.94259589815988,0.05540749667633005,0.00020094082704927323,2.999999483057348,-3.524061945635701e-06,0.0009760763129569305,1.4934720632507414e-05,23.004945174133145,11.312143648256148,71.7627977003209,2.2016223838013853,2.0175894518161144,2.8170810459162228,-0.03374109011944747,0.006678445461255178,-0.025566796480213375,nan,nan,nan,0,100412.9512848512,0.04071814973254108,-0.060777198374887695,9.781055968124367,0.005864299848034729,0.0004993102937784761,-0.004345907750148033
39.2,1.5601640748912269,0.005800847473560336,76.272589733679,0.05540709019170775,0.00020094958622375955,2.999999480342516,-3.5141399789342036e-06,0.0009761940045966977,1.4977428572061126e-05,23.225793049797353,11.515297220620322,72.04439100615018,2.215562023414868,2.045435419599751,2.814916449577274,-0.03386002716842398,0.006671920902675987,-0.02566014089781009,nan,nan,nan,0,100423.15604742624,0.09225320341636986,-0.04234480552791557,9.829048856760133,0.01004224051604397,0.000575534451857015,-0.0017425407809674802
39.300000000000004,1.565414261493767,0.0058199590827826345,76.54253796192616,0.05555566535148847,0.00020133352374928463,2.997285519003409,-3.3271099244969617e-06,0.0009090462990917203,1.5012113358412681e-05,23.46153075969185,11.742217736940324,72.31531874286804,2.2301291552200806,2.075483761000651,2.8072422965397856,-0.034060115052615546,0.006659996746025021,-0.02594467510861196,nan,nan,nan,0,100409.18902745617,0.05870159017170676,-0.13229146341339865,9.661581695955572,0.008003303864465908,-0.0025634012277453585,0.003459932172641245
39.400000000000006,1.5712311365508986,0.005841148551829803,76.84036377871523,0.05812181664274023,0.00020641383488780536,2.9536437881727102,-1.2260632466507168e-06,-0.00014938996561419948,1.5049738823857302e-05,23.685213511155794,11.951106959931286,72.59397155891799,2.2429947821381466,2.1010916876563925,2.7565926119157513,-0.034099811681443264,0.005604360525855778,-0.026028382660642783,nan,nan,nan,0,100425.32573084177,0.06313881252886684,-0.10066176448420279,9.05636613190441,0.009163250542972649,-0.01576912726319674,0.0005697495015369563
39.5,1.576934706705992,0.005862108257137553,77.1308782808141,0.061185003629625125,0.00020976596814470207,2.858696345766762,1.0246135226802412e-06,-0.0018558134755057853,1.5084787403594582e-05,23.92031699260589,12.178559441675613,72.85738135556655,2.2552386802243842,2.1287062747648524,2.65558357286619,-0.03420165550440089,0.003937327377467881,-0.02614981587494159,nan,nan,nan,0,100410.49514589037,0.07851116456968035,-0.025201127385385193,8.63142422213494,0.008924740127082307,-0.017950989336112163,-0.005700510056626949
39.6,1.582045771809435,0.00588237365013283,77.38931283676898,-0.03231466608970364,0.00019558330055652256,2.0033481230422727,1.6662375187711712e-06,0.03948663150881471,1.4571119089553546e-05,24.145801527043034,12.391814164158781,73.09632368535675,2.233415206556098,2.1259954821003872,1.7630334268950951,-0.0342136084603264,0.04458722523541403,-0.027693067499839682,nan,nan,nan,0,100409.49913166817,-1.1793119144080144,-0.04716916789843255,1.5348891886685931,0.007623820688851578,1.5646905519984593,-0.004941679397507357
39.7,1.5859910051617314,0.0059014604715439825,77.5974534376789,-0.2501233605571332,0.0003783666031278622,2.2349438568170235,9.301245144539143e-05,0.1553217151546331,1.3563757738196887e-05,24.379119240636843,12.61928992683964,73.27785111278338,2.318759112139363,2.1657184872327226,2.0375111679918203,-0.034994066422807106,0.1606778370637263,-0.032089756510063246,nan,nan,nan,0,100390.32988758272,-0.11428426104782369,-0.0014661370151875797,10.003072642894095,0.016293884220430332,0.6490426338192554,-0.0032004208944733823
39.800000000000004,1.603382238932178,0.00591445522682059,77.81931241071266,-0.20252542097330334,0.00046101785585979003,2.199540439415118,0.00018266565871264312,0.20726691374055584,1.5495103380822145e-05,24.619126027008278,12.837160545013967,73.4784343034517,2.492022813888767,2.190741370396489,1.9760802358795841,-0.03583273473765583,0.21275132292013144,-0.033941795769706434,nan,nan,nan,0,100412.01497649561,0.04715911040079307,-0.04147817445782587,9.41750363343362,0.004295940599196634,0.3819870189810096,0.009905304432696427
39.900000000000006,1.6391097280280227,0.005911560115075683,78.03396964025964,-0.05134411820878602,0.000281262754859952,2.1404469254985274,0.00018311790794330992,0.23471198954688344,1.4854718090787046e-05,24.828615548566106,12.976858864374124,73.70550060636018,2.6935875765564625,2.1982649552128546,1.8705711529175986,-0.03628174500763359,0.24024250476745124,-0.034883637337778564,nan,nan,nan,0,100382.1882685681,0.004747104005555135,-0.2256848895682709,8.7010842792133,0.003588801792487542,0.19592877138959872,0.002403694247924526
40.0,1.6948385954969658,0.005892588660691381,78.23540212601763,0.15081369334244504,-8.677338195948355e-05,2.043991574888035,7.14042884972385e-05,0.24891377933098946,1.0278720876242074e-05,25.1086873218884,13.197494682621043,73.88499670392196,2.907916983813406,2.215353515669729,1.7130575083120383,-0.03688119081864301,0.25451483149280674,-0.03546682955223236,nan,nan,nan,0,100383.80867613734,0.03376515722002289,-0.03270830845774746,8.337916694226909,0.007530515512111041,0.1006120920260689,0.000749831964239117
40.1,1.7709084059278741,0.00586765431303014,78.42033397659934,0.37647187529163323,-0.00044282300916714,1.9274247730173701,-0.00011718184223087272,0.25614065448363266,3.7760582379400026e-06,25.43768449304436,13.462695451266534,74.03003681382086,3.1269027167032544,2.2381231052578157,1.5316529620898276,-0.03733593704724251,0.2618252108788275,-0.03569541211862851,nan,nan,nan,0,100372.35588338548,0.01868609519658515,-0.10162959573867496,8.23277536452319,0.010464811450637426,0.051807471314748554,0.0011982679558905371
40.2,1.86721262127449,0.005853283699693485,78.58708232564874,0.6117618427325965,-0.0006347467345678449,1.8002372743947739,-0.0003401558239585815,0.25972917051408917,-2.156895436970568e-06,25.761048979874662,13.687382875973436,74.17362166298871,3.3396726014329277,2.255949598070423,1.3385475330361791,-0.037842041779148225,0.2654253008778844,-0.03581988369726592,nan,nan,nan,0,100385.61281385426,-0.05080133543920377,-0.1270810037663649,8.183067988507126,0.003919056515394448,0.025240528463495667,-0.003074861944785671
40.300000000000004,1.9834815896305946,0.005868281414611429,78.73482053427384,0.8497741453826155,-0.0005690578106437281,1.6667311388212784,-0.0005553527005877513,0.2614247501179676,-5.5136233950547745e-06,26.06513242601712,13.854776373818016,74.3206162105151,3.543796461584988,2.265383405833666,1.1440684315521497,-0.0382504438360383,0.2670930835266032,-0.03586846712181306,nan,nan,nan,0,100399.56538738459,-0.08491484335898503,-0.15730932709495937,8.110288515223143,0.0026551318067263626,0.01152641965381478,-0.0016484385976978343
40.400000000000006,2.1193816209004037,0.0059303000302656315,78.86317162065866,1.0870834528833062,-0.00023009211383715232,1.5296605874457103,-0.0007348615874306409,0.26213220986367136,-4.933040797574129e-06,26.42984105505611,14.08237982436386,74.42498344477488,3.749427209684062,2.2869570724540553,0.9428671479183411,-0.03862534400865195,0.2678178322136546,-0.03609351793247211,nan,nan,nan,0,100391.0838759727,-0.11531589752930438,-0.041783273289223766,8.116871023032575,0.002776704758722513,0.005442789562660459,-0.003957968952408269
40.5,2.274552063427466,0.00605366100032417,78.97198724677797,1.3220008989324463,0.0003447445760258492,1.3905053946761512,-0.0008655412574146532,0.2623271361043782,4.797136520416569e-07,26.738260768591104,14.209156725589388,74.54772229237933,3.940896146810569,2.291106009793291,0.7487221745702642,-0.03910101709976631,0.26794004890169276,-0.03631108619925821,nan,nan,nan,0,100401.90016365136,-0.12629281352200264,-0.12097786018036646,8.050066278997532,-0.003653280388246233,0.00032221959159390494,-0.00483261820352709
40.6,2.4486230362949213,0.00624844712570836,79.0612390323522,1.5537160810192914,0.001085982946522794,1.2501192129215242,-0.0009500631844268088,0.26225709886564097,1.1300960905161488e-05,27.142289903139478,14.439221735696208,74.61246132649512,4.139024281752973,2.3108734170534753,0.5465886280202141,-0.03939391300499145,0.26786892684875707,-0.036613961725493506,nan,nan,nan,0,100388.20745481069,-0.19651802767398494,-0.04690392024190938,8.071820807507956,0.000285108270969928,-0.0010513393068841788,0.0004934426978182563
40.7,2.6412231235079195,0.006520795286821276,79.13095964796916,1.7818577284132182,0.0019247890305100455,1.1089802108041364,-0.0009969270178135491,0.2620516308427867,2.7921052991643116e-05,27.550952425989394,14.65313231078414,74.66362460525721,4.3329493642237065,2.329311442889447,0.34735804157325445,-0.039987220103063686,0.26765536535938184,-0.036727163827314,nan,nan,nan,0,100363.6860345923,-0.20530024047136122,-0.011688802103145116,8.13027608006833,-0.00016135117811831752,-0.0013265849985036934,-0.005213407069310504
40.800000000000004,2.851983274372114,0.006873735449943236,79.1812127883359,2.0062747818921345,0.00280206091196072,0.9673529209521649,-0.0010197551439532725,0.2617783016511601,5.05973646000763e-05,27.993855300020567,14.88700325730523,74.68838586750536,4.5243670725337335,2.34789231017937,0.14853905797303363,-0.0402000476006341,0.2674094634807904,-0.03679270653535503,nan,nan,nan,0,100392.6487426781,-0.2292729767798548,-0.09383599502109508,8.067601578353823,0.003086813201914281,-0.0021705695202486604,-0.006802742948322962
40.900000000000006,3.0805386794670873,0.007308339430542158,79.21207737961993,2.226925679998805,0.003678850599919888,0.8254020099412814,-0.0010313310061618418,0.2614723475457741,7.949890121240917e-05,28.491177319568003,15.161462067034906,74.67988348876754,4.717671446506042,2.3735590845861965,-0.053148334150814054,-0.040538882389514426,0.2671674498124126,-0.03681208147057743,nan,nan,nan,0,100379.45899493434,-0.3039919409702744,-0.053051176569940156,8.061699145976137,0.001988300970102075,-0.0035698339793940933,0.007152088981548626
41.0,3.3265296623355947,0.0078247855295163,79.22363929544255,2.4438231105427253,0.0045347079581103625,0.6831929412752166,-0.0010424308582062869,0.2611523098796902,0.00011464920979035586,28.972195978554804,15.399804052148319,74.66462766198512,4.902212191612891,2.3940380497509737,-0.2525136130885632,-0.04108347874864288,0.2668243392961056,-0.0369122152770957,nan,nan,nan,0,100392.05779139225,-0.3139468614479357,-0.08228411164678685,8.067461011584445,-0.001243766382664416,-0.002213531604723209,-0.000153674731450447
41.1,3.5896021924566623,0.008423379345611447,79.21598743400686,2.6570063906004004,0.005367107631299482,0.5408030321029074,-0.001060453861387472,0.2608273925110507,0.0001562292226090676,29.179295010188536,15.35426638473387,74.72482217376769,5.044155771808792,2.3761146186771342,-0.4356375742742385,-0.041244832535210156,0.2661154498333942,-0.03689836186606426,nan,nan,nan,0,100386.98763577233,-0.34455423988358436,-0.017707757757336975,8.05140369692065,-0.0027504689497320368,-0.0027919064577127976,0.00247740231556735
41.2,3.8694078755786196,0.009105019853027555,79.18921085532783,2.866527039351415,0.006180718235532984,0.39823100909899567,-0.0010895388510995876,0.26050308801691036,0.00020428562605341984,29.69265468424184,15.592973280417999,74.67145844764725,5.222101682486112,2.397619517649727,-0.6317688702210535,-0.04174535744362354,0.2657923868458818,-0.03694690937888674,nan,nan,nan,0,100372.04807661404,-0.3836805269066572,-0.06823946628418831,8.03048516574211,0.003771108566003431,-0.0036423085406046686,0.005641724537891309
41.300000000000004,4.1656042741835915,0.00987149549985222,79.14339869100876,3.072442806294143,0.0069881125606066265,0.2555248914726155,-0.0011312008802581183,0.26018117872440505,0.0002586936162689349,29.994312664724383,15.631861148592881,74.6635854773273,5.366236543645483,2.3890428699881485,-0.8160764337591973,-0.041816427664329595,0.26518640091911294,-0.03694385332148187,nan,nan,nan,0,100372.66987358234,-0.43957080811341737,-0.1149686932208978,8.057893432763514,-0.0010958055060277289,-0.0026234747267351016,-0.0019255980473147547
41.400000000000006,4.477926105705408,0.01072601770863474,79.07891574636902,3.2747269435118627,0.007800270485739572,0.12701889270053676,-0.0011908992618537167,0.2594159308249846,0.00031982640560781643,30.539590665170977,15.871961265843508,74.57250017548867,5.542031592923867,2.413283894649318,-0.993483744088428,-0.042472224578517334,0.2644108827182412,-0.036967170870836466,nan,nan,nan,0,100376.82154484058,-0.4495868750355672,-0.032706306166056576,8.799306315027327,0.0028638483004339473,-0.030575800483007263,0.0021131858116843227
41.5,4.807298262036723,0.011680386160690281,79.00130218708915,3.469447818216215,0.008659502675949672,0.04973129249225279,-0.0013493387869673373,0.2520146370364631,0.00039458349817471475,30.889361656163583,15.944715268201588,74.52068435567126,5.700623903460985,2.4183456255124565,-1.0901589436843617,-0.042606014302100946,0.25681001558378047,-0.036580198727053446,nan,nan,nan,0,100382.91140551648,-0.488421013362459,-0.0375096708732882,9.099997917603883,0.0031018906409715596,-0.10333127606065776,0.0014737628327873241
41.6,5.1538279164661995,0.012754627981199751,78.91562528545813,3.648961514113052,0.009681725258623786,-0.009995206111920648,-0.001586284551533135,0.24034546719361183,0.0004812082165360471,31.46854378835808,16.18775039565759,74.40798781564139,5.882272176765247,2.443357382895478,-1.156228432496656,-0.043174318949206536,0.24515727847168645,-0.036101168761718525,nan,nan,nan,0,100389.7491572692,-0.5366311624125149,-0.04676341360923856,9.494428917101116,0.0017719087728190008,-0.12397700759675487,-0.003661815140789309
41.7,5.516951619629484,0.013975590667342363,78.82611941913956,3.8117570359991455,0.010907911468169312,-0.03558645050557108,-0.0018400478049041104,0.22845327947383454,0.0005741848240327654,32.17867430870116,16.51514465712574,74.26607753798648,6.071249881376057,2.4836993052681278,-1.1839491331688128,-0.0437213936292496,0.23345093592569732,-0.03538586873267372,nan,nan,nan,0,100400.10114505982,-0.6199558793911212,-0.05251092955339734,9.906054112246967,0.003096022758052272,-0.1128833435828563,0.006958206512523816
41.800000000000004,5.896022768495643,0.015371938638780468,78.73684337260802,3.9599089166452153,0.01230824378738184,-0.0227692010827253,-0.0020465573092704713,0.2183217086966267,0.0006685497451292512,57.79156254195966,10.706553832012608,74.33935474675778,9.310070392319137,1.884071720209066,-1.216648081681274,-0.038002260429934216,0.250700025842405,-0.005061031276459564,nan,nan,nan,0,100391.5894521231,-0.640719651890324,-0.10677550881080597,10.201989712004956,0.0026408613784516125,-0.0891453503919583,0.002462517100421672
41.900000000000006,6.290373752438569,0.016967428417000767,78.65103028051972,4.096459604537854,0.01381645149257199,0.0233089187140156,-0.0021708727243431388,0.21063162638140343,0.0007605915228370866,58.66598080012512,10.86531447683503,74.2266032753267,9.491026808101076,1.9116534742798843,-1.1775864617824947,-0.038300900837652696,0.24303955959795487,-0.004544365689872768,nan,nan,nan,0,100385.9388405754,-0.6734972543520751,-0.13185153269734018,10.372851993661135,-0.00382756125238586,-0.06474299059940873,0.0031272475672859635
42.0,6.699378378030744,0.01877643762532345,78.57092932629145,4.224244739055441,0.015355810482962815,0.09348970128035743,-0.00220054257756993,0.20529040287109468,0.0008484123310039043,59.62431533789268,11.05819663617437,74.11147656587487,9.674968700422589,1.9459302332268924,-1.1214954158592085,-0.038684740023392894,0.23778470342468672,-0.004114952556136343,nan,nan,nan,0,100380.01160388702,-0.7170453469105857,-0.1467144026677414,10.577820265791768,-0.0006671224910159983,-0.04282489664169884,-0.005671592192794322
42.1,7.122477226657388,0.020802307711698644,78.49785228060647,4.345555685834357,0.016852109994998515,0.17873518462607615,-0.0021372049119749493,0.20193403785286157,0.0009321020540407377,60.61255190012043,11.259876938990145,74.00119270447092,9.855292656114012,1.9777370559633771,-1.057519662999097,-0.039105349252437124,0.2345459552330944,-0.0038918780691134247,nan,nan,nan,0,100410.9020689698,-0.7272302320627895,-0.10115803638470634,10.608195152192971,0.007404918118559135,-0.024222646907938166,0.003961953931023381
42.2,7.559185151230939,0.023037295057429272,78.43231945591435,4.462223305199999,0.01823792520596648,0.2720607979391356,-0.0019951361189011626,0.2001753827253303,0.0010123718232922453,61.60681618565572,11.459289272780794,73.89882805324743,10.02921639136025,2.011760768442564,-0.9892426736374428,-0.03927800124566357,0.2329029911421754,-0.0037594177354533798,nan,nan,nan,0,100407.85713716867,-0.7828884001397851,-0.10349650390041511,10.601168831133998,0.0004821016634636898,-0.009961951217769579,-0.0034671655076814797
42.300000000000004,8.009101751662545,0.02546459129032398,78.37430451315619,4.5756565805323515,0.0194593217739829,0.367464782232548,-0.0017976007702571624,0.19959709148170157,0.0010902054335668006,62.98091298452244,11.83438805978191,73.76439754387751,10.24494600572214,2.067786347437568,-0.9300178249489821,-0.039689824081700104,0.23286969713438732,-0.0035669508376399706,nan,nan,nan,0,100395.84480197328,-0.7548036559632652,-0.12284636223425653,10.566135627594814,0.006744620807851211,-0.0010921355236862267,0.004273043147468436
42.400000000000006,8.471897914463835,0.028061300270586474,78.3234110008042,4.686898558150159,0.020477879206249806,0.4610448441038922,-0.0015726962745382486,0.19982250835636095,0.0011665631066933657,64.01386234198831,12.042687684273263,73.67446565157097,10.413627048366676,2.0999516444512416,-0.8687664564019651,-0.039818605337433505,0.23319462810677916,-0.003318468949696375,nan,nan,nan,0,100381.36876945698,-0.75921364181078,-0.12784793121234866,10.531071111642584,-0.00037234420630807364,0.005696018445908726,0.00041820434178851246
42.5,8.9472991328405,0.030801897628525532,78.27902278187604,4.796673904510157,0.021275566061508735,0.5499696359551669,-0.0013467657609626865,0.20056419126514902,0.001242196046241765,64.82143030105647,12.139355686223762,73.61603575344765,10.549209118012213,2.121407381903812,-0.8108032785841811,-0.03966048913266037,0.23375945689502742,-0.003156045694909869,nan,nan,nan,0,100387.39594824005,-0.8069684107323447,-0.13122902280230886,10.435359529930826,0.010841019669006823,0.009873556922192486,-0.0014625378442793852
42.6,9.435072695362567,0.03366131066928906,78.24042448819925,4.90547162967748,0.021850494036109967,0.6329040437553661,-0.0011432132510900454,0.20159251531111444,0.001317618254485757,65.8844927371466,12.353306056559777,73.53729679265776,10.712001933697708,2.1571740851813717,-0.7646591613503233,-0.03966627180679319,0.23489762568542183,-0.003204248871914381,nan,nan,nan,0,100396.24156336336,-0.7954998892236782,-0.1209267576281207,10.295370120693512,-0.001700764651915343,0.011946228290884571,-0.00114553724999153
42.7,9.935014946487806,0.036617352069210185,78.20688223202188,5.013577247756147,0.02221922792780628,0.7091865019112259,-0.0009789836214684259,0.20274007897484925,0.0013930729285402308,66.64570887312291,12.418951618973043,73.4962560899783,10.834156412517318,2.172154487984488,-0.7195363794663922,-0.03989653425302059,0.23580492879515225,-0.0032398504234252175,nan,nan,nan,0,100400.42201130708,-0.8266538094899468,-0.061221206316345825,10.303071084266403,0.014211916939209597,0.012176647704616465,-0.002290314477336746
42.800000000000004,10.446941246269793,0.03965252954432552,78.17769746930227,5.121122649574177,0.022414225624467703,0.778758906490278,-0.0008628173534036788,0.2038914907604421,0.0014687528189746596,66.93766154432579,13.069364379764016,73.46825157096636,10.91743478058698,2.0610992802285186,-0.6751708790261932,-0.03518879892838814,0.23679432064713124,-0.011424864457398261,nan,nan,nan,0,100374.5592127488,-0.8220681993312104,-0.12002094067027512,10.160400237415882,0.007868953415873976,0.01254196196904983,-0.001071464645052274
42.900000000000006,10.970678486305408,0.04275487658612077,78.15223681207792,5.2281308815292995,0.02247488828921856,0.8421236612815873,-0.0007984177062981702,0.20496963318661932,0.0015448414715730696,67.80772072416602,13.167309242428438,73.42616071930009,11.046546868698782,2.0768508439673314,-0.643964847672003,-0.035140052216326906,0.2377201221632188,-0.011314160750421302,nan,nan,nan,0,100381.76629887056,-0.837020189013406,-0.1139277500305733,10.11069106975907,0.011810616106829616,0.012496254175236855,-0.0028916031738595834
43.0,11.506061335246661,0.045917952591526714,78.1299580803102,5.334542662865163,0.02244596945783814,0.8997676332780824,-0.0007832955284268399,0.20592128553770173,0.0016213292270924667,68.92016336250458,13.37639290430613,73.36282631957613,11.20192113903235,2.1047633179018694,-0.6228071166881369,-0.03554702810504972,0.23880476259607097,-0.011090265467788312,nan,nan,nan,0,100384.31737789989,-0.8878510323608547,-0.05645107053797536,10.137465675563716,0.0035771093890927517,0.00933130884370329,-0.0018561821076906629
43.1,12.052923829939312,0.04914046997966216,78.1103933084773,5.440239785238746,0.02237580044732333,0.9522735596629976,-0.0008075325984718226,0.20673988410984334,0.0016982572156619634,69.19132384697475,13.178523709600437,73.39064602288975,11.24951355126402,2.084345944119643,-0.5888734123921089,-0.035322787666012635,0.23885276770686215,-0.010824048374031753,nan,nan,nan,0,100395.23585946036,-0.9007581396018286,-0.07780790017170812,10.024110698018724,0.0012800492563238832,0.00716575238009437,0.008714853435411729
43.2,12.611100736342342,0.05242529520496357,78.093155821502,5.545100401037667,0.02230362275660109,1.0004608108915356,-0.0008599316817288353,0.20741938291056505,0.001775742845389716,70.32385011877295,13.388176903736015,73.3324521422117,11.40060623832522,2.109477498659646,-0.5751474077273783,-0.03559049498085497,0.2396172023695089,-0.010659769219785724,nan,nan,nan,0,100387.56308113868,-0.9131137762310071,-0.11512576949125124,10.009973842404785,0.012749545005100737,0.005856627851606146,-0.0007924281912809242
43.300000000000004,13.18042566781682,0.05577808482225246,78.07793121636335,5.648988702528085,0.0222603050454158,1.044814520110411,-0.00092923578013423,0.2079675100219014,0.0018537559515487709,70.7090186140144,13.23516141875449,73.35430673599635,11.457159649693985,2.0948333351685693,-0.5488131571406933,-0.035682132299558085,0.2394813082974092,-0.010490289126525075,nan,nan,nan,0,100397.97660393779,-0.919310694942895,-0.059596719563597834,10.020677948011429,0.004548083281088067,0.004445849598436481,0.001049971561149434
43.400000000000006,13.760729580758733,0.059206066193032016,78.06446098807766,5.75177952375508,0.022266529454228086,1.0860493343352848,-0.0010037220517662055,0.20840103069580773,0.0019322579181002871,71.86210451058012,13.446009778766316,73.29995120807028,11.60456629134226,2.1214494927738516,-0.538488867234521,-0.03603623199352114,0.24003662821781035,-0.010376106246847547,nan,nan,nan,0,100398.1212089249,-0.9263030795836343,-0.12458304455312362,10.006893703251874,-0.0002798180316531118,0.004577121964780393,0.004176175441655992
43.5,14.351841622998903,0.06271687290476097,78.05253484958534,5.853361696122867,0.02233420322438002,1.124528106207877,-0.0010732055921705771,0.2087407510914303,0.002011179868475975,72.33257144140171,13.324742449442523,73.31814182842369,11.665591003939976,2.1107758617649663,-0.5161719787084266,-0.03597162446889155,0.23977574836701288,-0.010134299665159602,nan,nan,nan,0,100394.67136985449,-0.9717975525518908,-0.02862115583569253,9.927886159771655,0.004700451225096819,0.0028118866780243645,0.0003707545500980374
43.6,14.953589801945016,0.06631760260123862,78.04198014021547,5.953651038953918,0.02246214495183193,1.1607644267546502,-0.0011309837969312325,0.20900334301168444,0.002090506069846338,73.50623091194423,13.537200660880133,73.26682797127768,11.807207740312029,2.138566566218166,-0.5101712798383083,-0.036350014216066484,0.24012905768280524,-0.009795291768733751,nan,nan,nan,0,100400.33933976524,-0.9894697465904377,-0.08868016497460368,9.90090913135734,0.001606640692282905,0.0021319302337140167,0.002454163949167221
43.7,15.565802284963864,0.0700139545661393,78.03265790267015,6.052580797034373,0.022641338921658007,1.195091450946897,-0.001173287709230528,0.2092010906188464,0.002169961859545768,73.59988479716324,13.226187229788234,73.32761499829323,11.81624677376866,2.104450802662067,-0.48548928107605716,-0.03621367457626739,0.2393223951167036,-0.009436081810023844,nan,nan,nan,0,100400.18986788603,-0.9855757029741978,-0.047545035603389005,9.924584433487038,0.0030952880969247467,0.0015789443997465214,0.0031259485275699724
43.800000000000004,16.188306637331397,0.07381001192375028,78.02445225155462,6.150094684920941,0.022865051962305837,1.2275296434582166,-0.0011988288600830537,0.2093525553654274,0.002249323730730805,74.78844660535364,13.438084040268334,73.27933393416887,11.954568009335004,2.132916779140129,-0.48049486954547127,-0.03647730534605867,0.23956351334629367,-0.00932633369345183,nan,nan,nan,0,100380.51133152843,-0.9958779468709957,-0.14172413510925602,9.9258616565626,0.000676260249903562,0.0016494002353136619,0.004949103840627988
43.900000000000006,16.820928595302433,0.07770840782821668,78.01724732976709,6.2461643170979135,0.02311210626620475,1.2586257578174895,-0.0012069981229376175,0.2094799437581667,0.0023290138519791734,74.83238565645365,13.094694537266012,73.349127207888,11.952782400604173,2.095527578580718,-0.4537248655418244,-0.03598579456630695,0.23861418077604513,-0.008809868355719782,nan,nan,nan,0,100407.50410337027,-1.0349826308636103,-0.08578193174124978,9.908788748833885,0.00574351749340626,0.001865075072713914,0.003463300359168036
44.0,17.463498839802057,0.08170971834040322,78.01095364227434,6.340786965764002,0.023364696700714175,1.2883372692342352,-0.0012013073479360896,0.2095800248925026,0.002408743922523803,40.94114367402738,0.534246974163946,74.59885328697742,8.247688363399583,0.20743977459428942,-0.08474311986576297,-0.01020181872853912,0.2130040143919587,0.02138019786194721,nan,nan,nan,0,100402.73867622414,-1.0204379809437443,-0.1901135516198945,9.834229316171106,0.002617068153047835,0.0012716111010793183,0.003863504420380051
44.1,18.115848896900324,0.08581311679808556,78.0054891789747,6.43395460785847,0.023609753177228066,1.3167956488672485,-0.0011852962870987356,0.20965883153635256,0.002488249691316327,42.00367552985883,0.7172128005374451,74.54334399059589,8.38562183057756,0.22906056935199964,-0.08516120051927968,-0.010566081467603917,0.2134071058661018,0.022196669899398384,nan,nan,nan,0,100392.15116485074,-1.078745148473435,-0.08546273963710704,9.91674551762898,0.0028832102413672007,0.001381284363287267,-0.00046609608707026386
44.2,18.777811691391744,0.09001686197023936,78.00077719854364,6.525665836852167,0.023836056245712146,1.3441267886250776,-0.0011625150376247373,0.20972393420114788,0.002567483966696232,42.847422926531415,0.7405232578530906,74.5352657317535,8.489536230668557,0.23682937307482924,-0.07702044243641079,-0.010584735563652622,0.21345128066425523,0.02236785676041373,nan,nan,nan,0,100401.93471540946,-1.0657586879866232,-0.1245611865873377,9.851036916943855,0.004618716054514224,0.0009340462419322196,0.00290986194857803
44.300000000000004,19.449222799004712,0.09431855143813055,77.9967489832293,6.615929481416638,0.02403565467404038,1.3703719609031983,-0.0011364871778129378,0.2097776347171012,0.002646359597133104,43.91130495160254,0.9102469297096274,74.48575652096486,8.621429022405282,0.2578524085138369,-0.07737625956450273,-0.010721615489035798,0.21379837879672592,0.023022987432077893,nan,nan,nan,0,100396.95905596815,-1.1096163110245452,-0.13190448816325695,9.848313997960979,-0.004115453495844815,0.0015237241740490926,-0.0013748613258945882
44.400000000000006,20.12992011466002,0.09871549236782359,77.99334060766238,6.70475781058781,0.02420236807875988,1.3956700139563043,-0.001110304750692554,0.20982113431435323,0.00272479933692999,44.77848122013835,0.9363574867577988,74.47823802179683,8.722319643568623,0.26401955322030807,-0.07264145496840388,-0.010881901989846796,0.21384593750098135,0.02327958231318078,nan,nan,nan,0,100385.84199028382,-1.0921063650496248,-0.10537635733920839,9.836285511880472,0.003988827617322018,0.0005527705403709762,-0.0010693491086773157
44.5,20.81974402315671,0.10320495649878768,77.99049368486585,6.792162775633204,0.02433670889510177,1.4200175257132375,-0.0010861909020811146,0.20985616211663305,0.0028026228411613665,45.5447997483463,0.8862869279254351,74.49314025842554,8.807262985636328,0.26395903909845453,-0.06510141761876298,-0.010885885523463909,0.21370026466137482,0.02343693021188279,nan,nan,nan,0,100387.49481139459,-1.088238508039511,-0.12434496874843781,9.812606961233413,0.0029827011010557106,0.0013256701849972674,0.00188808447894746
44.6,21.51853725359261,0.1077845076555821,77.98815379976095,6.8781587400769215,0.024440817878543054,1.4434783186020201,-0.001065470713256425,0.2098841046204014,0.0028797615248144556,46.430516246241744,0.9129946632610018,74.48687266211765,8.905850014910202,0.269904949954197,-0.06038285355550852,-0.010984572936205528,0.21373071387656317,0.023551445114333346,nan,nan,nan,0,100402.0184899837,-1.1496932173880614,-0.140279092808468,9.855001103852667,0.0009055199733316917,0.0008469149985341324,0.001958263016422528
44.7,22.22614500304859,0.11245209624519664,77.98627034354294,6.962761431315018,0.024518388410462968,1.466099270451418,-0.001048740500025837,0.2099058455296985,0.0029561914727321576,47.53908870217595,1.0874063944937362,74.43937872762324,9.031565335188066,0.2929028553004314,-0.06347607848611737,-0.01115391190698457,0.21410517130727813,0.024245684403006982,nan,nan,nan,0,100371.82351816334,-1.1318576150626287,-0.1195921538344029,9.793166576232746,0.004576100475238215,0.0018154447678252394,0.0019905850777119137
44.800000000000004,22.94241509432006,0.11720605502456367,77.98479708921856,7.045988023997436,0.02457315991077163,1.4879419433283405,-0.0010357859196708586,0.20992086499291052,0.0030318282567140774,48.447040849908845,1.1169524212746689,74.43315142694749,9.126873277254612,0.29836501719654407,-0.061541494109731094,-0.01141853657579565,0.2141255815192893,0.024410234376131785,nan,nan,nan,0,100398.6906215745,-1.154407034814122,-0.10441089485520204,9.78557880076262,0.0084937078099317,0.00035446430126464444,0.005783000460039596
44.900000000000006,23.667197741387966,0.12204507745247063,77.98369162729618,7.127853753007639,0.024611983299999286,1.509025158422083,-0.001025938790811014,0.2099297512795486,0.003106529287579514,49.322235437725716,1.118198002283761,74.43530856710014,9.214432374366387,0.30294137373745195,-0.05669194591307236,-0.01156816275197526,0.21406299563927544,0.024507004881625404,nan,nan,nan,0,100401.2731709723,-1.203807399498308,0.010010220513273826,9.843241020345868,0.004326000728602775,-0.00012070092039643523,0.0004304031338776585
45.0,24.400345525677846,0.126968239006218,77.98291499286577,7.2083745451723455,0.024639415631717586,1.5294007227853748,-0.0010181146613015566,0.2099329127816787,0.0031802976742135256,50.24825759911749,1.1489364103808617,74.42978460805045,9.305711150606209,0.3103574865535551,-0.05444531271876203,-0.011691778088475994,0.21406543109476384,0.024702050821890687,nan,nan,nan,0,100398.15310964508,-1.2086212535892802,-0.0963309407836217,9.747487302344705,0.004042025030958157,0.0010424542797854265,-0.0013841870837597366
45.1,25.141737544049846,0.13197486002891357,77.98254547411956,7.287804109682864,0.024654813643554957,1.5552521141125222,-0.00101206314436679,0.20969882012978402,0.003253064114284686,51.32401808121737,1.2764348643845567,74.39776770827893,9.41733863759774,0.32642644028044454,-0.047160778699095476,-0.011858098138127934,0.2139844351203668,0.025189373196762153,nan,nan,nan,0,100388.51399166757,-1.1880774799833633,-0.12626040998214377,10.302318679142964,0.0025876877622549557,-0.017962508657498523,0.001135768081089421
45.2,25.89191372153037,0.13706940844698268,77.98629476911995,7.374463852574332,0.024643791574638314,1.5748607636404517,-0.0010264126820084297,0.2015814643168068,0.0033301861399411027,47.339475832097264,-0.9768678316883845,74.79865053495067,8.984811574802269,0.11915807682188174,0.1045733925881319,-0.011403942253077514,0.20298943931920288,0.029217234786785316,nan,nan,nan,0,100390.54366508304,-1.2244769882663324,-0.16925814897467706,10.215965665337531,0.008323770954272594,-0.1296405117341388,0.004303284456337934
45.300000000000004,26.649951260495655,0.14225179916003422,77.99502007717402,7.458158292001022,0.024556763797132626,1.5178898573950772,-0.0011647573217183056,0.18578794454993397,0.0034098431453245424,48.29871214500624,-0.9173311550912796,74.78816444992059,9.069982019235017,0.12802442073445455,0.14674218674952502,-0.011803875087703584,0.1873709083792272,0.029587028446957778,nan,nan,nan,0,100418.71242305209,-1.2677424058495903,-0.10662597853052765,10.190661666098993,-0.006583261158783575,-0.176839029202238,0.007713489260534959
45.400000000000006,27.41383340969577,0.14753023124753903,78.00844660299761,7.524661045495357,0.02456732646532983,1.43893790127968,-0.0013910299246054072,0.16763386061593089,0.003491063138901427,49.20860552678607,-0.9041250878699356,74.8053449974355,9.123903359215284,0.13649687441994138,0.1976073167839118,-0.012019725708872919,0.16918614767504092,0.029970016768440473,nan,nan,nan,0,100387.97139885768,-1.3124854069414544,-0.08713367523250945,10.27056435530016,-0.004666363339164621,-0.18152519207466317,-0.009969884057685579
45.5,28.181535569172368,0.1529222745558694,78.02715737575843,7.5689197464288425,0.02482446370805986,1.369971735905339,-0.0016345836026117886,0.15071891814384486,0.003571656163300161,50.12487722567613,-0.8885327275880595,74.82705272668106,9.15825381147662,0.14252154557111194,0.2536710433111832,-0.012536852089737526,0.15221933401680787,0.030191881651965444,nan,nan,nan,0,100403.66129791526,-1.333954495865373,-0.14055943460598605,10.307460923725719,-0.008985396582374312,-0.1544830397385357,-0.0008572135879162503
45.6,28.951265863689443,0.1584456029991605,78.0517127052596,7.591990944371517,0.025401604456683193,1.3266107663519306,-0.0018145544682355683,0.1370907814157183,0.0036461259374315417,51.041681911222554,-0.8739255262463101,74.85539437917076,9.175450525474961,0.14968324493033816,0.31401803284413743,-0.012825965801276025,0.13851787494931922,0.030500871254322458,nan,nan,nan,0,100393.41633781132,-1.3140957907657853,0.023261343068913767,10.323149012702245,0.0007620370404860803,-0.11505145689140593,0.0008008470887701438
45.7,29.721604784817995,0.1641100482238985,78.08222033202037,7.597958931414489,0.02630046587779893,1.3111693775171172,-0.0018490159221858761,0.12758029488812572,0.0037090307089623622,52.01364023677944,-0.8155835082279467,74.8688461989209,9.190908260763257,0.16087783472961642,0.3712355100526326,-0.013004102845548883,0.12908379838828776,0.03071402648877647,nan,nan,nan,0,100399.2522244509,-1.31692592859784,0.0026380043262567016,10.248058485479508,-0.004148860491158387,-0.07526017903605228,0.0031720826098389876
45.800000000000004,30.491563598889467,0.16991066185743242,78.11824268098567,7.591907064328336,0.027417354002771965,1.3189699929783971,-0.0017012647477397988,0.12216212951380734,0.003756263443528607,52.932660322477744,-0.7992110552900196,74.90859322461652,9.188798576147171,0.16567887294613848,0.4226390715974955,-0.013054502349484406,0.12359259964374392,0.030888601341905023,nan,nan,nan,0,100395.90993377249,-1.257207354895411,-0.07232854577364678,10.206665532285253,0.006780599192707252,-0.03677210299877609,0.004586610898516023
45.900000000000006,31.26057048048823,0.17582589788571754,78.15882857149175,7.578839812892035,0.028592175228663003,1.3418826752864528,-0.0013906171293753447,0.1202528425943361,0.0037870019113511915,53.935929965324334,-0.7169168973298883,74.92077744341516,9.198998989032612,0.17407494458028674,0.4589577762033239,-0.012829760149991272,0.12183529295023887,0.03113067333879932,nan,nan,nan,0,100390.66065133877,-1.3115166070818989,0.006309451541771066,10.083159325783084,0.012268225932817761,-0.0043388671397106855,0.003380772551230078
46.0,32.02840539611201,0.1818201874936658,78.2026543507403,7.563091177340466,0.029648933621295483,1.3707942335715397,-0.0009617396400721395,0.12097238235873053,0.00380324805484332,54.8554804804921,-0.6990565522258277,74.9681063305355,9.192379281270014,0.1822705041338325,0.4852984569027894,-0.012675865151460193,0.12249787127671885,0.03144065052322466,nan,nan,nan,0,100388.81170570533,-1.2352126022714276,-0.04345676859275441,9.88921100556544,0.008601922928302832,0.01695958468608339,0.003600994253830479
46.1,32.79510851345606,0.187848705783093,78.24823860932258,7.548058115550188,0.030426780969257,1.3976261376720462,-0.0004778494852083644,0.12332013069883141,0.0038078464025143016,55.893052492174206,-0.5913155559943496,74.97337681729506,9.210232095449953,0.19192731843125738,0.4916765807262768,-0.012316901438601657,0.1251237084996717,0.03151582591005482,nan,nan,nan,0,100374.64238832305,-1.2312261359736318,-0.032079041066937444,9.78701314066324,0.009709486015401433,0.02871138215042197,0.00265495143569716
46.2,33.560878447358704,0.1938640081563085,78.29414667092716,7.536045046166853,0.030799026654630947,1.4165296247574866,-1.6967866126417442e-05,0.1263379252517245,0.0038031431442247686,56.81392275856362,-0.5717234473706732,75.0225174764159,9.20752635082908,0.1991598290762667,0.48898869650621546,-0.01234815320726427,0.1281139761565011,0.031538317316902334,nan,nan,nan,0,100380.24818440409,-1.2331189887482215,-0.10840786318158703,9.582467663878473,0.00280498341002016,0.0313709626511189,0.0017280060956391377
46.300000000000004,34.325976071651,0.19982282704605858,78.33911889319147,7.5282187590880145,0.030716087236748235,1.4236524369662507,0.00035521639842761295,0.12924372537546702,0.0037905163675548068,57.81707312357979,-0.4913488319861231,75.04094910049135,9.223681241050384,0.2042117439966752,0.4718672340122252,-0.011996760680331758,0.13121480491858573,0.031425331393387324,nan,nan,nan,0,100376.39679480073,-1.2109143314694142,-0.0890819004214855,9.563657548142508,0.007187610022279987,0.026391930578526807,-0.00209499954509395
46.400000000000006,35.0906496617466,0.20569173802387034,78.3821621156807,7.524670222228214,0.03021350738069148,1.4178351358367982,0.0005969142443781894,0.1315138489051766,0.003770886508471313,58.73956805652981,-0.4707928080698146,75.0871048969577,9.226210350315924,0.20553862979983614,0.4492654673606029,-0.011817496244031271,0.13343210428303265,0.03140316489619757,nan,nan,nan,0,100378.6597213147,-1.2324324897433598,-0.01093462467811085,9.430405218048193,0.012021672240167248,0.017694247570177173,-0.0066445717028161015
46.5,35.85508708968144,0.2114507290440812,78.4225839182142,7.524662047592382,0.029389134776645797,1.400230131275428,0.0006859794848255109,0.13291633556631766,0.00374537510081192,59.65556434510058,-0.45480288574507144,75.13309299754314,9.228407320311682,0.21145420990958183,0.4221098310974285,-0.011915532042061918,0.13481139797577413,0.031477567889784924,nan,nan,nan,0,100395.18880353413,-1.1963347555751442,-0.13639141719149972,9.434451175475127,-0.0027722291521918713,0.010378555081155781,0.003587848677359901
46.6,36.619396815553415,0.21709410995761705,78.4599764935162,7.527004048302776,0.028397201909615817,1.3734250774026067,0.0006356079239398008,0.13346956712901226,0.0037154778101391134,60.57860894078749,-0.43348279868907574,75.173728936368,9.232488190500622,0.21581007933497698,0.39112107740280433,-0.012025874080444135,0.13530504963051904,0.031608455302586345,nan,nan,nan,0,100377.8130279526,-1.2084632743598633,-0.039645696269562256,9.403653402275726,0.00206672550381727,0.0016070587737763583,-0.0019200762702568652
46.7,37.383613488575484,0.22262886269234478,78.49418549828356,7.530432939201932,0.02740200607320678,1.3409149384859496,0.00048189631996489344,0.13335399877286958,0.003682828691749435,61.565956143452084,-0.36753208868071985,75.18911259916663,9.24880063091932,0.22126322873713716,0.3565979851090303,-0.012020925607389928,0.13530355759530655,0.03169545926406275,nan,nan,nan,0,100392.59206973565,-1.2125051409435825,-0.12251250266609212,9.42592622874863,0.005511786793019259,-0.003714695572111782,0.004219169717204219
46.800000000000004,38.14771469835562,0.22807110205899345,78.52522106110236,7.53390487060567,0.026537109085881316,1.3059465805033013,0.00026687240182053434,0.13282130680950943,0.0036487037870031078,62.49104363370303,-0.34520943932459236,75.22332640216797,9.25266921817101,0.22636633028769815,0.327432341021794,-0.01218368680291389,0.1347441897507755,0.03177891276113946,nan,nan,nan,0,100380.3108585094,-1.2101283433804608,-0.09834833585541233,9.427467026743615,-0.0015515746108348267,-0.006488607789030636,-0.0010180107158374988
46.900000000000006,38.91164886208643,0.23344217393179093,78.55325747223827,7.536704694364294,0.02589504784853209,1.271661344660226,3.487460667266377e-05,0.13212531153770324,0.0036140229290904996,63.390725064439124,-0.3395573288271436,75.2633732842686,9.250358520557091,0.2320024815847772,0.3009665128078113,-0.012421156548037944,0.1339543774520886,0.03162117786603513,nan,nan,nan,0,100381.98587167426,-1.217650632042631,-0.10703816978969566,9.477289294806171,-0.00017843029853628406,-0.007903594358622226,0.0027948977406678627
47.0,39.67535416598153,0.23876456473713573,78.57851211899819,7.5385298546746755,0.0255132917563617,1.2397264115581053,-0.0001796263863182749,0.131458393270242,0.003578952903889164,64.31588655997814,-0.3160366118786999,75.29214560579773,9.252623570000226,0.23769065266099612,0.27463027567079984,-0.012693515286698388,0.133234459317632,0.03179932358167093,nan,nan,nan,0,100385.61825823033,-1.2173016249639237,-0.08602593164929102,9.456447713033002,0.007456779035925528,-0.006239313114186614,-0.0012160752700598834
47.1,40.43877553900006,0.24405860998968934,78.60121391941277,7.539361168632856,0.02539032340984741,1.2110812753226976,-0.00034800217023134403,0.13094160872512983,0.0035433104158110965,65.28133556983732,-0.26602919255653795,75.30507609207848,9.261826505043656,0.2425108100199564,0.24947964257764252,-0.013143685063181351,0.13276475271763455,0.03194845112690696,nan,nan,nan,0,100395.75944145581,-1.2082646584616812,-0.07811806525716739,9.498541453429628,0.005403154032778346,-0.00400912745030655,-0.004832932461786265
47.2,41.201874939687166,0.24934006354155455,78.62158365307802,7.539364639420008,0.025485706575270096,1.1860002190211927,-0.00045733422673690746,0.13062655397580447,0.0035066996856768264,66.20761068603368,-0.24154553600793624,75.32892309208738,9.263857726893203,0.24643325342929182,0.2276317298874292,-0.013498968767002545,0.1324358565404018,0.03183539343503241,nan,nan,nan,0,100385.59114851791,-1.2175654130321296,-0.058647249730684484,9.524811794339715,0.009176346315848814,-0.002498102171970143,0.0059083586044402165
47.300000000000004,41.964634772209145,0.25461899071247773,78.63981922041552,7.538794567363384,0.025737629927051153,1.1642579860080877,-0.0005087209914185751,0.1305106914264913,0.003468716282598877,67.18002653379848,-0.18776275586529736,75.33574356888128,9.275166201840623,0.25194092408552415,0.20661062628086593,-0.013627004867021404,0.1323796920151834,0.0317543684974513,nan,nan,nan,0,100384.57232117474,-1.21665379871336,-0.06478631503746754,9.553440193969147,0.00777587491458938,-0.0002622776423568774,0.0006017173647571625
47.400000000000006,42.72705604997983,0.25989981792133454,78.65608319590146,7.537917479440321,0.026082541329260096,1.145283727890778,-0.0005078997506959371,0.130556583623739,0.0034291239514684163,68.10763941773035,-0.16214969485740027,75.35547953045021,9.277099074934927,0.25998034617890825,0.18884654103704973,-0.013886802096579413,0.13237383825669458,0.03186191492570246,nan,nan,nan,0,100395.80227503185,-1.2337520225711158,-0.08935677166887822,9.564400721330664,0.00699184865875435,0.0015972019172043527,-0.0004515245244221364
47.5,43.48915608437882,0.26518209823976885,78.67053690937136,7.536936738572889,0.02645833833182873,1.1287537642392373,-0.00046972518072214216,0.13071593128871029,0.0033878627406145716,69.2074401021624,-0.030582050935551414,75.31858961417872,9.310849081485928,0.2719747878970824,0.1650063657468013,-0.014010565859945368,0.13288296875381556,0.031936916085413665,nan,nan,nan,0,100385.14726596052,-1.218350740515555,-0.10236338597784019,9.579865379044763,0.008986222807167292,0.002323151146368808,0.0007292971519346047
47.6,44.25096187422976,0.27046180243575285,78.68331692902929,7.536020827340119,0.026818467935222457,1.113989173554735,-0.00040697488172603295,0.13093558960283525,0.0033449776467579305,70.13868838252466,-0.0031794319027837925,75.33428965290162,9.314633567801119,0.27743829565340655,0.14840446337957072,-0.014465015004669757,0.1330874973283389,0.0320212843516457,nan,nan,nan,0,100396.57054558063,-1.2135966315248663,-0.15331339276965988,9.53730549657627,0.005297906439458415,0.002925203336031055,0.0012670849195758368
47.7,45.01250493088281,0.27573261477374894,78.69454358222417,7.535258822333171,0.027129203108659482,1.1005686024849628,-0.00033398546839937676,0.13117146679967973,0.0033005555064022827,71.25359887181871,0.13344458841724127,75.29090980916106,9.352392489854056,0.28768966478125846,0.12621645144950253,-0.014643396383376528,0.13365586162394405,0.0319791883215282,nan,nan,nan,0,100395.14672545079,-1.217702063485699,-0.07805311771524871,9.619331483679188,0.00033054400420689644,0.0021927024480182656,-0.0011141140006457031
47.800000000000004,45.77381770953894,0.2809873365670348,78.70433548197181,7.53468073156743,0.027372711420464872,1.0882498724217642,-0.00026335590903064877,0.13139262538824492,0.0032547525018395015,72.18905659032292,0.16254046124852647,75.30289330124907,9.356918900993417,0.2937590115401102,0.11367636492013344,-0.014888232379054693,0.13385776954088113,0.032069416758583665,nan,nan,nan,0,100378.09499447457,-1.2260087458645494,-0.10500676035503273,9.612336645420939,-0.005571398582143925,0.002548356284627767,0.00042077054413424764
47.900000000000006,46.534930426741475,0.2862190250074771,78.7128075740992,7.53427537015597,0.027546499437894174,1.0768850275021493,-0.00020193551441120318,0.13158207032914948,0.0032077633713109505,73.18793155333518,0.22831808957590594,75.29434241339132,9.372561011290962,0.3003063489882541,0.10019205188997647,-0.015020937779127571,0.1341283509968927,0.03225329755388714,nan,nan,nan,0,100367.14923620377,-1.213094782676879,-0.042371674808060276,9.582092842352498,0.012131924450260382,0.0015265081017977944,0.0025680037336910976
48.0,47.29586983989744,0.2914216984958796,78.72007686836983,7.534008294067751,0.02765683570591774,1.0664215090451592,-0.0001543780865684032,0.1317339021565589,0.003159767798706481,74.12544046849817,0.2587404410010604,75.30382751029074,9.377548591833731,0.30811629275884445,0.08926335261667384,-0.015142936643052619,0.13426558366660268,0.0322968650406816,nan,nan,nan,0,100384.0727023885,-1.2275536968658511,-0.04244495011511963,9.607260244200802,0.005752201497514499,0.0020534010787354256,-0.003220502094990748
48.1,48.05665863315437,0.29659076443038285,78.72625973018444,7.533837254873619,0.027716181426868398,1.0568628916542004,-0.00012253267465545115,0.13184982957501634,0.0031109217351396184,75.24261277248878,0.38948036533654523,75.25796939678148,9.415616355939669,0.3181081916192133,0.07142127855930945,-0.015617201561746069,0.13473621387402113,0.03225985877334723,nan,nan,nan,0,100380.41286670126,-1.2152744537029638,-0.04278573566579745,9.630379387996955,-0.0013468287499771973,0.0019432910296188202,-0.0004044100348334357
48.2,48.81731561084653,0.3017231504222052,78.73147030237101,7.533722171274727,0.0277406626593897,1.0482235507326416,-0.00010458148397302753,0.13193664233754787,0.0030613669673258386,76.18451203909247,0.4216749551494909,75.26465710233533,9.421442884314107,0.3271564879106757,0.062440260316469716,-0.015970512860113445,0.134810880956306,0.03234688906210091,nan,nan,nan,0,100372.2910638491,-1.2314186023808882,-0.0161887570195121,9.639803288729835,0.001144545942803241,0.000916553263320687,-0.0005548678355215591
48.300000000000004,49.5778563852129,0.30681713999008964,78.73581883298124,7.5336310555746895,0.027745303559800278,1.0405144927518082,-9.783503822584621e-05,0.13200252091730302,0.0030111996823052587,77.00274527544204,0.38780164362077163,75.30753096185461,9.405156442975448,0.33127791246982224,0.06071009487355836,-0.016178677220353238,0.13462242200481533,0.03257509887063717,nan,nan,nan,0,100370.18581214824,-1.2378826545850767,-0.1351281631469905,9.656154807546857,0.003255293630009825,0.0004213882468539151,0.003044957082250514
48.400000000000006,50.338294200915506,0.3118721088602279,78.73941074405853,7.533542606150377,0.027742733536304492,1.0337371154559152,-9.914087889463931e-05,0.13205518315664988,0.002960487514324769,77.94351245718958,0.4214169879519352,75.3132651096134,9.410526135979865,0.3418597579852422,0.05468405629828346,-0.016416712995740233,0.13465121252124712,0.03268471627868844,nan,nan,nan,0,100370.587408063,-1.234636053115255,0.0028178178442209018,9.711179854478724,0.003410639122083175,0.0017150914420973515,0.0014454526615561118
48.5,51.09864048371167,0.3168881872562392,78.74234240415751,7.533449336563978,0.027742734838342154,1.0278161903229217,-0.00010462150456465834,0.13210038222699172,0.0029092612986000434,79.03030508670729,0.531950566206081,75.27573713982044,9.441652003643432,0.3540415919353017,0.04293755086380141,-0.016455692485461748,0.1349537857885943,0.032693703191263405,nan,nan,nan,0,100383.12994079829,-1.203509342344176,-0.13421691400309185,9.660587793411354,0.0042483238723270735,0.0019410738533475339,0.0012298547976611436
48.6,51.85890549614324,0.3218659117267284,78.7447027619887,7.533342773183117,0.02775073970039632,1.0227643108887696,-0.00011178293610681874,0.13214284674988774,0.0028575421080531136,79.97474194017353,0.5676384803748196,75.2797565091384,9.446627213849974,0.3622476361580476,0.03757925544244921,-0.01665942457923067,0.13499456520696018,0.03274060811569777,nan,nan,nan,0,100403.47277225685,-1.2374536249602162,-0.09072054510972273,9.65539148375114,-0.005517650762143516,0.0020761857421056095,-0.0037202434946618434
48.7,52.61909888210379,0.3268059610404887,78.7465739984734,7.5332288790094,0.02776940966266326,1.0184705529353686,-0.00011809219281004916,0.13218445038581894,0.002805343793363389,80.9402980516221,0.6147057476203653,75.2773509309201,9.455470812967015,0.3707945913675922,0.032812849264550414,-0.01713490385483182,0.13503082048063586,0.03257301131279063,nan,nan,nan,0,100400.35340523408,-1.2076026383282414,-0.10634840503671757,9.626766724143264,0.0012806210177045817,0.001392009848110267,-0.0013651255759244887
48.800000000000004,53.37922954615748,0.3317089134005923,78.74802738175799,7.533112397042203,0.027798585298202005,1.0148587482357043,-0.00012220993142639355,0.13222582259693083,0.0027526548384356675,81.88610638507916,0.6521362512673811,75.28040329636717,9.461024352003998,0.37974354553705264,0.028415353610804495,-0.017465474314088437,0.13506931138573663,0.03265539813016035,nan,nan,nan,0,100381.50871972869,-1.207939779413343,-0.07595130342975463,9.668408765866415,0.0026112463524155163,0.0009681781477190093,0.004728339346436805
48.900000000000006,54.139305880145876,0.33657512127444467,78.7491261385743,7.532998936527614,0.027836420321296677,1.0118445676816556,-0.0001233862403502196,0.13226661906272819,0.0026994692215657236,82.81489932068958,0.6819928801624972,75.2881586804234,9.46408963468763,0.3901226828663055,0.026372612485217533,-0.017775709516023086,0.13505586769029065,0.03279544939731501,nan,nan,nan,0,100380.78953288279,-1.2531148547793696,-0.06333537199495261,9.676430054429442,0.0013572397511815075,-0.0003903450573341487,-0.0005733938528367287
49.0,54.89933573224742,0.34140464607352283,78.7499258484741,7.53289336866483,0.027880008853740635,1.009346737576419,-0.00012161980998067227,0.13230592924829998,0.002645782049894176,83.76162549610017,0.721537804228222,75.29063960191348,9.470442657426029,0.40015645265950256,0.023162656036958416,-0.01788607422408408,0.13507914096066487,0.032981507353596756,nan,nan,nan,0,100396.6147437368,-1.225528066858387,-0.15170429015307385,9.72640561369197,-0.0030427219050016734,0.0013267728717272149,0.0007068956477629773
49.1,55.65932634813489,0.3461972598996581,78.75047520921021,7.532798919080257,0.027926186716798633,1.0072955106548578,-0.00011733855945494118,0.13234278755428597,0.002591594235383233,84.91765197855783,0.8605661824184664,75.23419166756912,9.512000749400173,0.4109289932893113,0.013351183715884975,-0.018221800356124477,0.1354904033795512,0.03310016843312097,nan,nan,nan,0,100398.4021194131,-1.2406548330326461,-0.04819036143837817,9.707054506777244,0.005423039470314226,0.00033818349535653263,-0.0028867825294306114
49.2,56.41928430518505,0.3509524842457796,78.75081665597311,7.5327174098116085,0.027972112913495835,1.0056228412929014,-0.00011112581613758991,0.13237641812533885,0.002536908445504231,85.8691361422905,0.9022137762188883,75.23546962617534,9.518110502541838,0.4215385615837882,0.012466940272979139,-0.01876194805505132,0.1355125947778295,0.03317184650808788,nan,nan,nan,0,100378.56853181626,-1.2629015133721917,-0.06758023252613121,9.6850327514873,0.004083436075484075,0.0012729207543126795,-0.0020742155834321363
49.300000000000004,57.179215474125,0.3556696539921584,78.75098706724458,7.532649059667854,0.028015546770252135,1.0042713309049756,-0.00010368427886370702,0.1324062812163258,0.0024817306546486176,86.76447161720955,0.9191025590022016,75.25229438458165,9.514588571065365,0.4334174212973781,0.012001236758988221,-0.018940055581236098,0.1354202966502469,0.033276002491288086,nan,nan,nan,0,100380.38757664069,-1.2505013487540968,-0.052253588971371,9.692120196180992,0.0077298362458135175,0.0012376640901907224,5.635288882884701e-05
49.400000000000006,57.9391250171427,0.36034799001296797,78.75101858129551,7.532593034223797,0.028054901152015865,1.0031950202117605,-9.571331040637127e-05,0.1324321471685852,0.002426070444441721,87.7162865462405,0.9630143150467272,75.2533733015656,9.522098786373702,0.44321826613516213,0.009797135472698271,-0.019121539683762758,0.13542620858281618,0.033364737162379574,nan,nan,nan,0,100393.51291038067,-1.2213526451756844,-0.12231875000210729,9.7249929282671,-0.002294548559315503,-0.00032173674781864494,0.0019879009920932642
49.5,58.69901739390915,0.3649866658865386,78.75093900271936,7.532547796679968,0.028089368659159057,1.0023534471061495,-8.779083547565147e-05,0.13245412285193803,0.002369938448214398,88.83164868125702,1.0799298947771807,75.20965941162596,9.55593099735688,0.45607378555038025,0.0034988404963495977,-0.019412833969002067,0.13570170673012472,0.03353083773377842,nan,nan,nan,0,100390.83145609128,-1.2472652629371355,-0.13657188427164807,9.651174687421689,0.005740799987301081,0.00020074635866395394,-0.0014689003606638182
49.6,59.45889641049969,0.36958486335835417,78.7507723353165,7.5325115805083005,0.028118751502758787,1.0017107592307641,-8.02979586840781e-05,0.13247249709098874,0.0023133455960281076,89.78754700346666,1.1262285109420085,75.20992084714823,9.562109413946343,0.4705325203696149,0.002026675888510962,-0.019721744042870533,0.13566665732944183,0.03363111648378522,nan,nan,nan,0,100353.53624975,-1.240481537110191,-0.08083035719594267,9.716169176809192,0.005635400683286747,-0.0002748422111053875,0.005668538134750503
49.7,60.21876527926171,0.37414180950771875,78.75053920263052,7.5324826311236865,0.02814341243574512,1.0012377726293644,-7.347567430818994e-05,0.13248766455046512,0.002256296838229072,90.8082647890993,1.2014660157111048,75.1927144947812,9.579064756343849,0.48432091876865324,-0.00028287686980742074,-0.019789916247172454,0.13576925188905253,0.03382001388618096,nan,nan,nan,0,100393.37781412822,-1.241122531304879,-0.17593431178620966,9.669103235765906,0.0033649030629041834,-9.298244732993777e-05,2.840766279680018e-05
49.800000000000004,60.97862668178165,0.37865680488824527,78.75025714601165,7.532459390800559,0.028163957780544126,1.0009089478512292,-6.745541488886514e-05,0.1325000889124146,0.002198799928609718,91.76649500560664,1.2505792551739434,75.1926571935412,9.585965061168672,0.49708959299177596,-0.0009070124792471513,-0.020079241843006707,0.1357390822996123,0.03381972396794278,nan,nan,nan,0,100371.10614244151,-1.1930840995463314,-0.0888177509215872,9.708349381095823,-0.004765011895426859,-0.00019762619087131152,-0.009028305777594269
49.900000000000006,61.73848284391861,0.38312922909741465,78.74994101484135,7.53244057095269,0.028181212589434863,1.0007013316260778,-6.221102825336162e-05,0.13251023405189133,0.002140857785900058,92.55144953552396,1.2289444105791978,75.23926137254544,9.563636086120136,0.5097266799424208,0.0043591317436733005,-0.02059656095106352,0.1354142837636707,0.03381173645020243,nan,nan,nan,0,100391.96100669248,-1.2629419172811052,-0.08916939342036362,9.725998403823318,0.006333611882956693,0.0007164908670810912,-0.004744444213379802
50.0,62.49833559913233,0.38755854167920584,78.7496031946071,7.532425245013167,0.02819602388919231,1.0005939502338272,-5.7624028333980604e-05,0.13251849924093628,0.0020824749173841616,93.50809778836519,1.2805326846743827,75.23963757398512,9.570028595303352,0.5221803792786898,0.0035854736135039,-0.020811795366432313,0.13538961948435868,0.03390441419138454,nan,nan,nan,0,100393.73524825799,-1.2066441284648448,-0.09068856332145919,9.707609359915876,-0.003047943204919155,0.0009367103288774102,0.0029055065146067877
50.1,63.33417147717276,0.3923804293911376,78.74921866166244,7.532411657743474,0.028210402552680508,1.000569802541074,-5.31991482217776e-05,0.1325258139864185,0.0020177480047878027,94.53705984417907,1.3621457285483014,75.22088060124605,9.587782320615382,0.5370042286451364,0.0005301700567757041,-0.02121278397726079,0.13551694653060853,0.03397573708433978,nan,nan,nan,0,100394.31918867303,-1.234388318287177,-0.026464901277523115,9.729569635085298,-0.001348647054484709,0.00028466130973209356,-0.0017966529524743936
50.2,64.01803660763355,0.3962859950315047,78.74890135623038,7.532402615631554,0.02822112250158067,1.0006095009559663,-4.993439562100076e-05,0.1325306530886443,0.0019643947382497074,95.49621618755415,1.4164654772025196,75.22101491385035,9.594968917952341,0.5506303208394249,0.001258833452451034,-0.021509447214580476,0.13552287303655408,0.03409186085998009,nan,nan,nan,0,100367.6094088012,-1.2382251841842338,-0.02886719040623397,9.674601859848133,0.005518257498213746,-6.01201717394981e-05,-0.004884124279771162
50.300000000000004,64.77788706173052,0.40058333307977695,78.74855226271607,7.532394412521596,0.028232531086843028,1.0007032541115084,-4.653459311285764e-05,0.13253505016585732,0.0019046898572099573,96.23182215360798,1.3854063403093926,75.28045051889164,9.564930634471482,0.5647342762961323,0.01015537782413334,-0.02182528978664723,0.13515057279626985,0.034288386097912654,nan,nan,nan,0,100384.35334510943,-1.2350294080715485,-0.08233362434291354,9.75501000601001,0.00302496127869521,-0.0007321563521663532,0.0006972548974057455
50.400000000000006,65.53773859687247,0.4048359286743976,78.74821186397037,7.5323879296879666,0.028243727664744533,1.0008370861007616,-4.326461071929848e-05,0.13253855558424732,0.0018445360882274504,97.18859740790248,1.4424255314565537,75.28150662076153,9.570734160265085,0.5759902290652121,0.010586883392922334,-0.02238698349689769,0.13512161464255001,0.034414048327706614,nan,nan,nan,0,100399.24865527768,-1.248161914517931,-0.009274907610033897,9.734036192980602,-0.0045352032948993435,3.355388595917952e-05,0.004077892755249451
50.5,66.29759182765021,0.40904343992117087,78.74788417272359,7.532383004143284,0.028254921028364778,1.0010007821819795,-4.00097036109793e-05,0.13254130085226112,0.0017839320702062473,98.41923067667102,1.6030606991299352,75.21094302186881,9.620932758862057,0.5904969080596604,0.001669397729418333,-0.022617243512287007,0.13554053320071313,0.034639736612097446,nan,nan,nan,0,100394.27538939808,-1.231567299074784,-0.008184130955727148,9.693738337414125,0.004523115190950867,0.0002817200838495249,-0.003712690488167819
50.6,67.0574472200087,0.4132055263742507,78.7475720985094,7.532379503033631,0.02826615853641663,1.0011847580143747,-3.6709538189890335e-05,0.13254337739927236,0.001722876892881746,99.38161415734366,1.662896846789307,75.21101652282346,9.626829109129305,0.6053222062560777,0.0007329698514502556,-0.02307544064433307,0.1355219078945764,0.03450603863648411,nan,nan,nan,0,100383.43626013224,-1.2593848889921122,-0.088687647052365,9.77243995236963,-0.0015606164566216905,0.0005742418159765084,-0.0021586354027555775
50.7,67.81730511387688,0.417321842634365,78.74727767752618,7.532377237734212,0.028277443577655898,1.0013807059004098,-3.3336447129069576e-05,0.13254487221401723,0.001661367460483139,100.5130544893242,1.7852315025297265,75.16718921262141,9.658900773845561,0.6211742045685592,-0.004685599708418694,-0.023421304322010825,0.13574368003758952,0.03439658484415386,nan,nan,nan,0,100395.47581614522,-1.2394533057518522,-0.08416129117737361,9.713742393566516,0.0010580799031372624,-0.00045157718907878794,-0.012632046774428246
50.800000000000004,68.57716574142133,0.42139203552990195,78.74700221626784,7.5323759874079865,0.028288711179057326,1.0015837195297828,-2.988410650614471e-05,0.13254587078879787,0.0015993988432771921,101.47927445348425,1.848029271491802,75.16670130152666,9.665727150702418,0.6348722142129255,-0.004787878653439938,-0.023736545522370638,0.1357224700244568,0.03433294874229091,nan,nan,nan,0,100380.47264528251,-1.242062510732864,-0.11527885362460565,9.743037854928467,0.006844024185332859,-4.9385372088451836e-05,-0.004663757553018643
50.900000000000006,69.33702924942064,0.4254157428539581,78.74674647581227,7.532375600364555,0.028299956645240425,1.001789151814624,-2.6357028607228096e-05,0.1325464415145159,0.0015369644028732769,102.314988300842,1.8664493387708774,75.20021223229121,9.651565940400646,0.6524787171477373,-1.0895581742861101e-05,-0.024029018759858297,0.13551990029729843,0.034398938069732106,nan,nan,nan,0,100392.3039336654,-1.2353064099794582,-0.0425834297895997,9.742782054324373,-0.0012343532070385474,0.0010956685615464536,-0.0047196112709280355
51.0,70.09689570508714,0.4293925971495039,78.74651067286494,7.532375907738464,0.02831111974535121,1.0019916723547129,-2.2767352083163006e-05,0.13254665355459228,0.0014740610096896042,103.28043257570936,1.9324695823611988,75.2002612263758,9.657351835852895,0.6668639148393798,0.0015308532281421584,-0.02465565806998512,0.13548691900739707,0.03454221996501205,nan,nan,nan,0,100384.81204712114,-1.2610088428184654,-0.047068089664465,9.771359128477718,-0.0020716832573818966,0.0015224389020988924,-0.0016724367865818713
51.1,70.85676511385769,0.4333222240373569,78.74629465213651,7.532376737601271,0.02832216642730213,1.0021887720222047,-1.9133838735808407e-05,0.13254657673486792,0.001410683380413704,104.08583833676717,1.945684444964039,75.24187827319882,9.637484415695996,0.685584244702691,0.006616702861220779,-0.024840738856828776,0.13523591164334703,0.03447972669667462,nan,nan,nan,0,100372.16031230158,-1.251887441938955,-0.06467442432879683,9.693075960850853,-0.00490415279615433,-0.0005447301319422179,0.002041902346937364
51.2,71.61663743280651,0.4372042448910013,78.74609795311112,7.532377961338161,0.02833307787304314,1.0023790421641783,-1.5474342340513923e-05,0.13254625868081615,0.001346826560661067,105.04986143883919,2.0151833384028364,75.24258600014832,9.643134911218752,0.7039834630199696,0.00787388481104491,-0.025364687563187313,0.13519500219539005,0.03448205345402814,nan,nan,nan,0,100378.10102258339,-1.261426305455343,-0.11064997357043792,9.719459780045499,0.005702763725592799,0.0002564865372678996,-0.0004924508808203748
51.300000000000004,72.37651258084068,0.44103827765303877,78.74591990590075,7.532379434221506,0.02834389701342399,1.00255989132896,-1.1799450327262188e-05,0.132545760498183,0.0012824831017402179,105.94443084465912,2.063457699788042,75.26139837062652,9.63827804001672,0.7215433447476748,0.00958244820492283,-0.025670322822656758,0.13505996235800954,0.03450428122569015,nan,nan,nan,0,100389.88189879044,-1.2166119617400293,0.008890183003336147,9.669321007025749,0.006814958544103665,0.000325008158566852,-0.0012978207212115905
51.400000000000006,73.21237837547038,0.4451998318514212,78.74574455354136,7.532381221165414,0.028355723835647655,1.0027464930639813,-7.750022699647987e-06,0.13254506886977824,0.0012111382543467113,106.90855144848742,2.136596130851072,75.26232457903303,9.644001468733157,0.7403440686083278,0.009513940471805092,-0.02605968849575988,0.13501918511029176,0.03452177007659365,nan,nan,nan,0,100400.53196310041,-1.2254210067697624,-0.03386516923644835,9.703233471785655,0.0019892985981852023,-0.000527940928972502,0.00025983373284691163
51.5,73.89627089180678,0.44856085041015653,78.74561616825439,7.5323827554654885,0.028365297793770578,1.002889396785667,-4.434921032074168e-06,0.13254441173776077,0.001152317779164518,108.01838936562594,2.257482469270745,75.22607809550844,9.672165123253308,0.756822255290497,0.005611780055765222,-0.026563867291941278,0.1351966438672234,0.034657987010096786,nan,nan,nan,0,100382.68540487131,-1.2465074920817683,-0.11739257201276868,9.704647596527131,0.0026289134981126493,-0.0001844914338971005,-0.004127105639966262
51.6,74.65615377489652,0.4522486229092435,78.74548843184031,7.532384449796655,0.028375958401144336,1.0030376298153931,-7.465914356383479e-07,0.1325436257868431,0.001086482655328009,108.98590216379768,2.3341113495812573,75.22667682251212,9.677950526710115,0.776308303871362,0.006442642685613053,-0.026923390226772783,0.13517627092983853,0.03457182598886624,nan,nan,nan,0,100380.04533807577,-1.2304442922222107,-0.10523107684147306,9.711041957751233,-0.005267162645038476,0.001389227054929233,-0.0036312864905740263
51.7,75.41603893789522,0.45588687282414725,78.74537533809281,7.532386080722763,0.02838668854705475,1.0031737691091318,2.9488869814291814e-06,0.13254281796740663,0.0010201346033712816,109.97389837526444,2.418884745234844,75.22217660457954,9.686680561688041,0.7982205786398743,0.005701174807965205,-0.02720954403589711,0.13518442332032143,0.03468228983973279,nan,nan,nan,0,100385.60116044032,-1.231790255177665,-0.06162281234985847,9.748225493505968,-0.007778721479210088,0.00036055686910757307,-0.0028389906979732742
51.800000000000004,76.17592622025496,0.4594752166396547,78.74527575096194,7.532387646496924,0.02839749739184052,1.0032986991674622,6.665201622791587e-06,0.13254199428226987,0.0009532708707157076,110.94289412006162,2.499522869810321,75.22269999518747,9.692999001852504,0.8154865098096487,0.004914005188871627,-0.027692299597263107,0.1351692373370723,0.03477702714562654,nan,nan,nan,0,100395.01822251595,-1.2440844775492714,-0.07463951333743706,9.729325375473458,-0.0011194312033799873,0.00023085771001232774,0.002845592390252588
51.900000000000006,76.93581546211699,0.463013264800092,78.74518856009738,7.532389096194204,0.028408443128195165,1.0034128938110025,1.0407421768943701e-05,0.13254117384056818,0.0008858801740256239,112.11440907680495,2.641957913122046,75.17144741956757,9.728594444237132,0.8360207591343785,-0.001136438088123183,-0.028158133607351435,0.13542882559722536,0.03485824298275851,nan,nan,nan,0,100402.54013767534,-1.217421303264342,-0.013423398625008548,9.743180763809214,0.0005144075448786757,-0.00017104197267211904,-0.002083145248406505
52.0,77.69570650434245,0.46650062723002317,78.74511266666154,7.532390410181383,0.028419560838940948,1.0035157550261764,1.4179823017617613e-05,0.13254038200082507,0.0008179556324368073,113.08756712240053,2.726662661418219,75.17129581965308,9.734845860257021,0.8566144866986901,-0.0013194745934890827,-0.028667719864050915,0.1354046792134418,0.034795167016001695,nan,nan,nan,0,100387.56323985694,-1.2592759838718492,-0.12177652517809606,9.759546940575529,-0.004114189391139665,0.0008734231649940893,0.0014853806404955304
52.1,78.45559919423127,0.4699369091680507,78.74504702178034,7.532391588810055,0.028430884874308237,1.0036084585436043,1.8000904495978553e-05,0.13253961493586575,0.0007494885113483555,114.12923454406771,2.832723484590281,75.15379033498468,9.751751660680306,0.8770412366244738,-0.003032274127883332,-0.028984760326178343,0.13545115499289095,0.0348740225086565,nan,nan,nan,0,100379.64941556772,-1.2344566245493631,-0.05171787146715024,9.714842912278304,0.009453492522078088,0.0001621840805356485,-0.007507642384820455
52.2,79.21549338416452,0.4733217117349535,78.74499060875837,7.532392624892019,0.02844236567924907,1.0036918808707467,2.187294183307256e-05,0.13253887974516076,0.0006804713670124046,115.10472707414725,2.9216553833645094,75.15355509893058,9.757925486043613,0.8999526080031844,-0.002072010026309104,-0.029481261017748818,0.13542801389435977,0.03471192994232034,nan,nan,nan,0,100373.43493226789,-1.245779090602929,-0.11413397406812928,9.6564545378668,6.350866254218712e-05,0.0005446485832119419,-0.0006052036218056364
52.300000000000004,79.97538893522741,0.476654625575549,78.74494249581501,7.5323934955624,0.028454249322649942,1.0037660221134466,2.5799629580941486e-05,0.13253819308340842,0.0006108859211870886,115.91998391500218,2.9679961821645855,75.1947596758186,9.739631658672192,0.9213523807970383,0.002678657070331233,-0.030032017069572637,0.13521505013812485,0.03483980850867708,nan,nan,nan,0,100384.94836642465,-1.2148828093071926,-0.08549907253636192,9.68149446826903,0.008740861974042427,-0.000506330312944823,-0.00018618651549675224
52.400000000000006,80.73528571335632,0.4799352496429055,78.74490174908402,7.532394249628311,0.028466275608871633,1.0038311804557456,2.9798641722877733e-05,0.1325375464731262,0.0005407439061300156,116.89424986163527,3.0612552954083077,75.19493851958975,9.745641593860281,0.9438448537624128,0.000733309704476873,-0.03043644839509992,0.13517572961474422,0.03503332211601746,nan,nan,nan,0,100386.34507113497,-1.2253517256560136,-0.057317673516043485,9.727903761748598,0.0013315951997366262,-0.00013138349277463555,0.0014634419046891125
52.5,81.4951835948959,0.48316316245366214,78.74486752783822,7.532394865324511,0.028478492037514853,1.0038887774304086,3.385957478829475e-05,0.13253693728130145,0.00047002978006430347,117.92160321879018,3.170816971902834,75.18142179809385,9.759842926129622,0.9652851026766657,-0.00165546209422987,-0.03090440948563548,0.13521507041997882,0.03500374422839703,nan,nan,nan,0,100404.82885728298,-1.2329572518958365,-0.09533237623466584,9.738763820894315,0.004104405567619885,-0.0007709194954923079,0.004086666970322662
52.6,82.25508246385756,0.48633793903724715,78.74483904991804,7.532395333116773,0.028490890597845736,1.0039391573555567,3.7971079521513865e-05,0.13253637529391438,0.00039873330230167937,118.89786502870997,3.268368778014186,75.18124664856902,9.765628513161975,0.9865238241491319,-0.0015803872123844017,-0.031205131943870135,0.13520651595418132,0.03486087023664435,nan,nan,nan,0,100386.51914410767,-1.2461461867341346,-0.09975211656092842,9.725409185375744,0.006136774996029627,0.0008714240557367531,-0.004797342853659434
52.7,83.0149822141564,0.48945914665671214,78.74481561190565,7.5323956570225175,0.028503548492968305,1.0039827122425504,4.214618357093776e-05,0.1325358569234365,0.00032684054676426256,119.92717884269821,3.3816758039038874,75.1674279913941,9.778223638116092,1.0064517812108031,-0.004449982115031679,-0.031633228669428214,0.1352373460993106,0.03479818864550686,nan,nan,nan,0,100376.39172859477,-1.2336536950463268,-0.07475507483247247,9.792029886700362,-0.005530613623672444,9.76507158654659e-05,-0.004827017642299761
52.800000000000004,83.77488274776827,0.492526349549153,78.74479656622721,7.532395845236907,0.02851645935933117,1.0040204691551398,4.639471962053276e-05,0.13253537932867165,0.00025434473948693603,120.90533040155314,3.4836035060994073,75.16703354128958,9.78452276996139,1.0322754472040303,-0.0035644949476733444,-0.03192626695654672,0.1352164788494854,0.03509080226613145,nan,nan,nan,0,100393.60774374475,-1.2454815225441576,-0.12280638645833454,9.69162947761215,0.007430000026762325,0.00016601099623864,-0.0035053270749079895
52.900000000000006,84.53478397505657,0.4955391013334056,78.7447813264409,7.532395896467952,0.02852962383196476,1.004053050955037,5.070773736998967e-05,0.13253494494500084,0.0001812321183286782,122.05008143413161,3.629801095246104,75.12318127242791,9.813943439515883,1.053109942154135,-0.0108606878975996,-0.03227428139204172,0.1353882230618415,0.03531452766197442,nan,nan,nan,0,100409.80373688498,-1.2422001886169607,-0.1200263473542032,9.704133573861302,0.005659690179832663,0.0003930882240963398,0.0005786726203379485
53.0,85.29468581452184,0.49849695089342555,78.74476936355516,7.5323958198349485,0.028543066296781567,1.004080700164025,5.5095175282663885e-05,0.13253455332821296,0.00010749430641874801,123.03174648502588,3.736238678837143,75.12204306438676,9.819449973844796,1.0771592658627598,-0.011828631945912688,-0.03277190823561,0.13537966518862787,0.03531589437744715,nan,nan,nan,0,100387.62451822025,-1.2291995933160111,-0.07404038604421775,9.70218519453327,-0.0031434083563909457,0.0012597369466019791,-0.007600677382743509
53.1,86.05458819262282,0.5013994379554412,78.74476020556703,7.532395623438072,0.02855678649983926,1.0041040052894705,5.956709517779072e-05,0.13253419972136826,3.3119972113993204e-05,124.0297901125965,3.849147626038278,75.11660269833904,9.827249630198022,1.1034972308328201,-0.014356951395130695,-0.0332382445464649,0.13536884515064895,0.03523622801982264,nan,nan,nan,0,100390.61607157585,-1.2252335383188884,-0.07831747756137138,9.672800159353992,-0.0005992538558208362,-0.00036454566811118663,2.0290021699594443e-05
53.2,86.8144910430799,0.5042460923761191,78.74475343142545,7.532395314402687,0.028570782014746637,1.004123708701152,6.411695273278768e-05,0.13253388198245197,-4.190545083567531e-05,125.01278008190279,3.960898878729784,75.11505283831801,9.832657200025913,1.130300241122038,-0.015734222023486375,-0.033531256328226886,0.13537667943159715,0.03547543149480835,nan,nan,nan,0,100385.01946534446,-1.2263558493892497,-0.03629725465403848,9.698937673116426,0.006038130438617217,0.0006181562164043459,0.0038419994736628325
53.300000000000004,87.57439430641588,0.5070364371525361,78.74474866635663,7.532394900412717,0.028585089379029087,1.0041401463891857,6.874705673298158e-05,0.13253359910704554,-0.00011759282958973429,126.01151558739657,4.078915723650763,75.10946124283535,9.840742767542457,1.1574632690282107,-0.016400707943070403,-0.03400596286056449,0.1353800569452348,0.03559986273574777,nan,nan,nan,0,100389.7480340018,-1.2441117830301964,-0.09994602436703831,9.697303329265399,0.009214857550661983,-0.0004415515510899815,-0.0029600190041221127
53.400000000000006,88.33429792928186,0.5097699886991005,78.7447455782935,7.532394387526151,0.028599689445220382,1.004153504520558,7.346939344785323e-05,0.13253335159447843,-0.00019394918743863423,126.9959027743161,4.195827080191872,75.10781699591969,9.846621873684299,1.1819308882354855,-0.016428921499021667,-0.034375308659570454,0.13534679199639732,0.03551418004927471,nan,nan,nan,0,100382.08158222528,-1.2516578779734508,-0.0389954890342532,9.752497804051282,0.003937916630738213,0.000949831942593948,-0.000714192663085737
53.5,89.09420186475155,0.5124462515732657,78.74474387974465,7.532393787513181,0.028614564573744904,1.0041642861351352,7.82786630977663e-05,0.13253313346921924,-0.00027098748667039906,127.94855341406232,4.307941204597609,75.11479265290482,9.8479753069108,1.2087802251744697,-0.016322236641252052,-0.03466726399443026,0.13530189062148024,0.035765579356239106,nan,nan,nan,0,100394.21257477102,-1.2557998008086193,-0.05459823150687107,9.711365813426374,-0.0023925257341273383,-6.781356101371477e-05,-0.001650436777901743
53.6,89.8541060715994,0.5150647223140711,78.74474332052026,7.532393113647707,0.028629678279090475,1.004173183125286,8.316955987647972e-05,0.13253293671646516,-0.0003487177397513997,128.93360768253083,4.429984335296131,75.113170097742,9.85306198328302,1.2325641915029437,-0.016196941255158567,-0.035130967430637525,0.13529272459281372,0.035716906638046594,nan,nan,nan,0,100381.47490675279,-1.2547294763778574,-0.09901001158429013,9.705411387946933,-3.0100717530073687e-05,-0.00035634078626236535,-0.000858848855539903
53.7,90.61401051261186,0.5176248859720393,78.74474368065006,7.532392363047778,0.028645092175984356,1.0041799830570564,8.81496505461396e-05,0.13253276153272697,-0.00042715573900855186,130.34015591541294,4.649022063905948,74.99710036907656,9.917256648773613,1.254949025359804,-0.0316541965015531,-0.03522486617803995,0.1357737020523373,0.035879670615978895,nan,nan,nan,0,100408.20333984247,-1.2177856194561152,-0.08960700383171993,9.747364142485402,0.001918807137802151,0.000717181691471386,-0.003644656753981815
53.800000000000004,91.37391515403256,0.5201262219054187,78.74474476860895,7.532391535139995,0.02866076765767938,1.0041849313442817,9.321593083106084e-05,0.1325326142351182,-0.000506311346142747,131.33220799744436,4.775848385334383,74.99387230490231,9.923616243161232,1.2817123423664938,-0.033061149502341146,-0.03564590474426993,0.1357604400039749,0.03571545847182045,nan,nan,nan,0,100396.38764898802,-1.2420098623953737,0.03736464821381162,9.737990860290816,0.0009724587882259451,0.0002646776420689017,-0.006504101245761418
53.900000000000006,92.13381996774527,0.5225681982332144,78.74474642838389,7.532390649306213,0.028676751633729108,1.004188843664134,9.837098749859708e-05,0.1325324812774722,-0.0005861980145350362,132.49538608139568,4.942748558058112,74.94350213981727,9.953792607065377,1.3100566205748725,-0.04037584028886149,-0.036268777167913484,0.13593266884914135,0.0359195166735723,nan,nan,nan,0,100393.15962971657,-1.2413662808540262,-0.006858342231361711,9.739310882356381,0.007279128413417936,0.00023589792452186233,0.0012869616338610317
54.0,92.89372492855446,0.5249502740882003,78.74474852385104,7.532389708788,0.028692977372868456,1.0041916914418532,0.00010361892647245912,0.13253235775225125,-0.0006668282275812526,133.4910205678315,5.0752379989400085,74.9393502630046,9.95913226053641,1.3383397442952256,-0.043015713301293904,-0.03646007461376703,0.13589687583682286,0.03597073659250659,nan,nan,nan,0,100394.1152627065,-1.2453198849046787,-0.13466598320773393,9.729307511605715,-0.00519436339032176,-0.0004976899720894343,-0.0013851823980061792
54.1,93.65363001213767,0.5272718944125456,78.74475093169721,7.532388696986144,0.028709556594462275,1.0041930217582637,0.00010895398583900246,0.13253225856778728,-0.0007482254607442836,134.4393329341205,5.2001599449767095,74.94843202776498,9.958611258557282,1.3643502699536056,-0.04199802484848136,-0.036929797211747085,0.1357973946163058,0.03592826831550116,nan,nan,nan,0,100381.28700531946,-1.2572337259774138,-0.14619384957798115,9.750683527266375,-0.003131832182581532,-0.0004842009193710128,0.0015347408309490775
54.2,94.41353519910258,0.5295325016790723,78.74475356161334,7.532387637335923,0.028726497923206563,1.004193866171674,0.00011439404331657605,0.13253217012410956,-0.0008303982071212826,142.5718246125981,4.437260344760432,74.8700623157242,10.469024653509102,0.27337814993919657,-0.04148301380191419,-0.01835281224332065,0.13714259389602712,0.036443190625390344,nan,nan,nan,0,100384.71120680377,-1.2415979636496188,-0.14289289135694394,9.71570772747084,-0.0018550333328714091,-0.00025176587486785767,-0.0027510622234918486
54.300000000000004,95.17344047264005,0.5317315229263454,78.74475633791417,7.532386536963793,0.02874378925873896,1.004194333061488,0.00011994793289597929,0.13253207974429215,-0.0009133633715943338,143.58124681275518,4.456897083713469,74.87477474735861,10.471535291869097,0.282807086456886,-0.04171774160663484,-0.018288363200928394,0.137062247114204,0.03645368065286971,nan,nan,nan,0,100385.89247483258,-1.2399645543683824,0.05099943005358641,9.656430163588539,0.0013829256274786312,0.00040654558025824495,-0.005674066181477958
54.400000000000006,95.9333458143497,0.5338683771766702,78.74475918180808,7.532385366904959,0.028761424154623884,1.0041937683993625,0.00012560262718991458,0.13253201587675756,-0.0009971322965324774,144.6287620571808,4.4857983804234935,74.87061200268286,10.479082763573219,0.29417383263375435,-0.04123554376455256,-0.01841662344458721,0.13703019932289173,0.03630752500769921,nan,nan,nan,0,100373.94809245352,-1.2502219783272184,-0.11148260951047917,9.764412260166578,0.0027166497239349474,-0.00040551134160856094,0.0012696238217661875
54.5,96.69325121099688,0.5359424687849604,78.74476204774884,7.532384156835202,0.02877940487763648,1.00419281896671,0.00013136630095381298,0.13253196252041022,-0.0010817240105662688,145.82632816526544,4.547364737545673,74.83154063863249,10.510844585131762,0.30908145830802985,-0.04661282640091345,-0.018688638873703502,0.13723263285139486,0.036197473407037495,nan,nan,nan,0,100374.94643493852,-1.2268555654814723,-0.07759073829089037,9.69147336572727,0.003672696373412773,0.0006023639982192853,-0.0025395494119551886
54.6,97.45315665175863,0.5379531929674536,78.74476490148663,7.532382922406208,0.028797749792606298,1.0041920738064825,0.00013725659409596469,0.1325318996181124,-0.0011671513062987862,146.87780585825107,4.578889055770689,74.82683780459055,10.518778022795251,0.3220336785639217,-0.04796908141620314,-0.018985877595446107,0.13721484532187134,0.03625737689117758,nan,nan,nan,0,100395.04211667377,-1.2112567284061901,-0.07670018958619375,9.709753497714987,-0.004726536135543448,0.0010361356658574626,0.002146614208609993
54.7,98.21306212312179,0.539899930192645,78.74476769764054,7.53238163088899,0.0288164551954682,1.0041906195315264,0.00014325163215740883,0.13253185251718147,-0.001253432982383468,148.06011822745018,4.638492481447057,74.7916859293394,10.54769750501163,0.33418917376035895,-0.052480223065592115,-0.01942103546982269,0.13737455087489492,0.03615136990559592,nan,nan,nan,0,100392.3945708614,-1.2178797090447282,-0.08448108627011307,9.749472475350343,0.000978045010688811,-0.00047153349023644335,-0.0017828517415345883
54.800000000000004,98.97296761424106,0.5417820520308227,78.7447704119534,7.532380295148667,0.028835497618588408,1.0041887879812676,0.00014935531078141698,0.13253182190389823,-0.0013405834022762813,149.11532302821612,4.672604566055053,74.78640010645199,10.556223609286572,0.34678997837129444,-0.05294634604142026,-0.019701891817551623,0.13735499417819885,0.03598025644730592,nan,nan,nan,0,100391.9705851474,-1.2442502439436092,-0.033430683779616166,9.699276901652983,0.009095202656367922,-0.0006413719158566901,0.0005756814335023713
54.900000000000006,99.73287311831652,0.5435989130228409,78.74477304080004,7.532378947163364,0.02885495260305545,1.0041873742464797,0.00015559544661856604,0.1325317734736562,-0.0014286260637047285,150.23998571303244,4.721843575643962,74.7651519417163,10.57496274618881,0.36020235677741114,-0.055458374034828985,-0.02005165905286168,0.13745598873738007,0.03607958010756382,nan,nan,nan,0,100374.29307460702,-1.2525444285338272,-0.08230991918145092,9.70934692702283,0.003647701318813676,-8.787110045137931e-05,-0.005344548031803682
55.0,100.49277862437977,0.5453498595345672,78.74477555912277,7.532377548842497,0.028874812997683387,1.0041856951057322,0.0001619579407993591,0.13253173307001354,-0.0015175745483819816,151.29789878256094,4.7583931209012755,74.75959966985778,10.583328047086322,0.37163937550212134,-0.05483151635225042,-0.020223791486431386,0.13743523941779223,0.03621118301603539,nan,nan,nan,0,100377.62586220344,-1.249080773563312,-0.07803197791777552,9.736454643409996,-0.0017086634324413993,0.00016526369038596538,-0.0014524868653254398
55.1,101.25268412247875,0.5470342221904144,78.74477795425263,7.532376098164282,0.0288950821679331,1.004183527119719,0.00016843395807096062,0.13253171318866808,-0.001607449569971017,152.17767200666955,4.7603631627211245,74.79565004347315,10.563694353587984,0.38160539750972033,-0.0502325747389498,-0.020312732859924486,0.13718289029530162,0.036189867213222024,nan,nan,nan,0,100377.69291209163,-1.2421468522014543,-0.06744811048876952,9.716811752963412,0.0038349482788967875,5.176200313790148e-05,0.003108813410761931
55.2,102.0125896073815,0.548651318988402,78.7447802390375,7.532374636953838,0.028915762524893307,1.0041818569930718,0.00017505739291730606,0.13253167717586845,-0.0016982702937152554,153.23444616312491,4.798989371050426,74.79057361171259,10.57137773130803,0.391342079808198,-0.05168143919558786,-0.020566862261794105,0.1371218920741839,0.03626636370675227,nan,nan,nan,0,100392.17184549365,-1.2437640485578167,-0.0053623841124611216,9.749913069552335,0.0013427544543990388,3.30743935536375e-05,0.004430639244451454
55.300000000000004,102.77249507041348,0.5502004521849202,78.74478240636446,7.532373137636581,0.028936906219174895,1.0041802116222216,0.00018182288368918421,0.1325316362480018,-0.0017900583055783458,154.3654612602615,4.853292224867492,74.76832401303275,10.590222048302277,0.40710857078296575,-0.05498389633263651,-0.021003519354367943,0.13719932332492046,0.03626651178807211,nan,nan,nan,0,100374.92153489028,-1.2400436132612505,-0.0720051665302403,9.70968838258121,0.000964650081435163,0.00011397958280814219,-0.003509727479981979
55.400000000000006,103.53240050116453,0.5516809121711808,78.74478444633645,7.53237157789315,0.02895850369052814,1.0041781215348173,0.00018871431362921666,0.1325316179010314,-0.0018828312555000289,155.4248494920298,4.894793714946536,74.76273691617516,10.597889592801137,0.4228075217914233,-0.05703467064782194,-0.02136216759281443,0.1372008060828429,0.03618009116046097,nan,nan,nan,0,100389.63590735309,-1.2223478733601683,-0.013422571518849014,9.627528892117093,0.0011846947175287324,0.00013456525214600135,0.0029375033117842514
55.5,104.29230589416876,0.5530919736138639,78.7447863770623,7.532369998899691,0.02898054005569505,1.0041763842735603,0.00019575818860220035,0.13253159182073104,-0.001976609317587705,156.48839622512062,4.938442125483488,74.75616812708407,10.606224075233765,0.43583308654761443,-0.0575531820424073,-0.022148119585723373,0.13723035880357703,0.03620969265577378,nan,nan,nan,0,100392.62682552164,-1.2287452090406836,-0.16892478442481168,9.721218869989233,-0.0017094223836662738,-0.00019563937917106656,-0.0023820634345687233
55.6,105.05221124240684,0.5544328937523616,78.74478820555368,7.532368394172657,0.02900304985308208,1.004174904185232,0.0002029610861521698,0.1325315516297878,-0.0020714161408337053,157.5494426608138,4.982661129635392,74.75037189430526,10.614481406656086,0.44939706871079416,-0.05846900893362798,-0.02269104451175486,0.1372141999462302,0.03622903389349043,nan,nan,nan,0,100377.49148981969,-1.2424479416711884,-0.07417638904738437,9.7506495432762,-9.979318841153251e-05,3.105949899036197e-05,-0.005472875664408704
55.7,105.81211653534646,0.5557029163677484,78.74478992483412,7.5323667308142195,0.029026027341676603,1.0041730777632465,0.00021030216316518546,0.13253152732089157,-0.0021672717917507684,158.6010502722483,5.026480633856419,74.74686635988782,10.620973039086003,0.4654916336683598,-0.05940450287711297,-0.022936062828873248,0.13719234355732346,0.03597124725006918,nan,nan,nan,0,100382.54881543851,-1.2572832306487305,-0.004831766589060801,9.682257099478873,0.004041191041723576,9.052173154180571e-05,-0.0022434392571764115
55.800000000000004,106.57202176600411,0.5569012646502542,78.74479155097661,7.532365036205567,0.029049502912856913,1.004171425178478,0.00021779870020710774,0.1325315008670791,-0.002264207074712964,159.66349809319095,5.073870840680742,74.74081579689862,10.627963986126224,0.48208348160275455,-0.061704488098930144,-0.023285736625750248,0.13717563205526773,0.03576576900900903,nan,nan,nan,0,100376.80480129097,-1.2362702984945186,-0.16287398057652613,9.674152529373448,0.0009407329678464574,0.0008488627412059444,0.00016038842719451264
55.900000000000006,107.33192692701017,0.5580271499323808,78.7447930958393,7.532363312962727,0.02907356138767863,1.0041700793223325,0.0002254752592295889,0.1325314617171256,-0.002362242738424353,160.52908826398587,5.08577419317684,74.78058753183278,10.606430155107603,0.49559665045349854,-0.05594253718948174,-0.023506709721218315,0.13690331500691744,0.03595539236763873,nan,nan,nan,0,100379.58993623778,-1.2418907674898403,-0.12555064404349128,9.742049767053214,0.0019864455731600657,0.000261055280802103,0.0034677097622646457
56.0,108.09183200830238,0.5590797614531692,78.74479456147428,7.53236153627292,0.02909805426050721,1.004168615688572,0.00023331653948453768,0.13253142511515859,-0.002461409020216485,161.59007627185446,5.136015822005895,74.77503712222142,10.613394558060586,0.5101303876131184,-0.055325921272728805,-0.023850471963361625,0.1368667747816117,0.035881116681577764,nan,nan,nan,0,100378.53275488153,-1.231335532432065,0.010095252892034598,9.70290007474644,0.0015485160603372853,0.00012658339737741596,-0.0017575146512935431
56.1,108.85173700015373,0.5600582618543214,78.74479595759391,7.532359712313303,0.029123527489993244,1.0041668941020852,0.0002413488644459811,0.1325313886247994,-0.0025617542288978523,162.57223003591986,5.173252612894781,74.78798846995745,10.60767832910641,0.5263973561869332,-0.054260432570519435,-0.024270138178632883,0.13668908307926642,0.03599851830440418,nan,nan,nan,0,100379.44459868684,-1.2396131601194382,-0.101318720317601,9.725334714310415,0.008673173626225347,0.0004788634906620483,-0.0009270991405056065
56.2,109.61164189275335,0.5609618270285319,78.74479728953162,7.532357842208571,0.029149457800207064,1.0041657563462725,0.0002495897917939218,0.13253135677460604,-0.002663257804298703,163.63331616758245,5.226773336836734,74.78254618305829,10.613805940471911,0.5435809844614319,-0.05526940028174345,-0.024443246736673634,0.13664134986038445,0.03593578281159409,nan,nan,nan,0,100390.44485534295,-1.2494881714705164,-0.0830809482309358,9.744015892915598,0.0037372330659168054,-0.0006484809714383758,-0.0012532806654784224
56.300000000000004,110.37154667715694,0.5617895856824119,78.7447985675501,7.53235593077015,0.029175843589659217,1.0041644432582726,0.0002580144295443777,0.13253132444708915,-0.002765953422266536,164.73701811573162,5.289627313259559,74.76719141108035,10.628356198004022,0.559774784835672,-0.05657898009753636,-0.02466791498301444,0.13667578524767832,0.03607529068511762,nan,nan,nan,0,100389.7911236392,-1.223659677924569,-0.11630080156202675,9.741493645176728,0.0005084741029576601,-0.00011091688274333997,-0.004292728575582505
56.400000000000006,111.13145134362594,0.5625406438487779,78.7447998005973,7.532353980082684,0.029202718288918895,1.0041632283766884,0.00026661173762628334,0.1325312881866869,-0.002869882731388536,165.80024611408876,5.346337116003898,74.76148824413244,10.63625081489634,0.575417904182857,-0.056652368896248015,-0.025253468309306377,0.1366079784256642,0.035694835866503516,nan,nan,nan,0,100385.50343261882,-1.2434507287704133,-0.07003896098468049,9.709364623744412,0.005630114069391042,0.00017995873462409758,-0.005583819988173397
56.5,111.89135588159124,0.5632140938345087,78.74480099408161,7.5323519835748005,0.029230265657837075,1.0041621037374162,0.0002753954264231558,0.1325312507032539,-0.0029750774108229074,166.81673948190044,5.396227059981315,74.76686439594857,10.635758138454113,0.5921499635628946,-0.05727730443201734,-0.025569923794921668,0.13651918585204315,0.03553755594094393,nan,nan,nan,0,100361.72902497576,-1.223739094031305,-0.09131956365875721,9.69818070664215,-0.0029265452760687625,0.0009336641376280645,-0.005289925665071599
56.6,112.65126028045398,0.5638090089355348,78.74480215788981,7.532349944356563,0.029258453779367966,1.0041608461900013,0.0002843821886410905,0.13253120609564428,-0.0030815682849983954,167.8806984565443,5.456278421728366,74.7611989334113,10.643111624592656,0.6088678698422116,-0.056329751423050946,-0.026135241983110062,0.13649428516477435,0.035438716404120094,nan,nan,nan,0,100398.34190350262,-1.252094092007927,-0.15402589824228724,9.750914657225307,-0.0035660010750497473,-0.0004128882193095642,-0.0032378737277222475
56.7,113.41116452825938,0.5643244406904949,78.74480329871223,7.532347852403916,0.029287400371714005,1.0041597500141557,0.000293589476395098,0.1325311555515316,-0.0031893877599488115,169.1215200444649,5.549262824220582,74.71392206143673,10.675740908806672,0.6287720660329179,-0.0634012701593836,-0.026534564862623386,0.13665848203402597,0.035312407178382965,nan,nan,nan,0,100378.27779411449,-1.2563239987440693,-0.14573473781946356,9.685171635866414,0.0008638525969505034,0.0006071091665668114,-0.004245690397463952
56.800000000000004,114.17106861199642,0.5647594174693943,78.74480441973196,7.532345699330892,0.029317037512796913,1.004158787175955,0.00030301188909372177,0.13253110737959828,-0.0032985693301911716,170.18936458890272,5.612918600959786,74.70751355525655,10.681653283979813,0.6453661059115016,-0.06408456216072635,-0.027066612955950593,0.13662309683212337,0.03511460247460648,nan,nan,nan,0,100385.6835984953,-1.2704882155039072,-0.10162905919168537,9.720984227783347,-0.0025257459773960493,0.0004475500411576541,0.0005848848799183328
56.900000000000006,114.93097251870431,0.5651129429877055,78.74480552706537,7.532343486815987,0.02934748219271984,1.0041575308189103,0.00031266668604457626,0.13253106188407382,-0.003409150098070919,171.20285147977904,5.66874314883559,74.7140809353392,10.679471931036574,0.6637218422349217,-0.06334660933684419,-0.02734348961382524,0.13650627818386152,0.03494233520440682,nan,nan,nan,0,100385.59233074122,-1.271790889449523,-0.17608302166880516,9.689477051611357,-0.010758995214437886,-0.00012456501989221877,-0.0017999086361714734
57.0,115.69087623633325,0.5653839978472391,78.74480663625293,7.532341228700238,0.02937875296078347,1.0041565215776034,0.0003225881848302691,0.13253099892905085,-0.0035211642368266475,172.2711279472924,5.736044705590251,74.70764121129156,10.68655376403924,0.6822387088624355,-0.06498237081668394,-0.027914190881429463,0.13643180417636946,0.034865046871072836,nan,nan,nan,0,100397.96092253264,-1.2284313416481314,-0.053725495953263404,9.747131420588447,0.0020534821809650226,-0.0008024953436380118,-0.0030303900404070314
57.1,116.45077974928358,0.5655715323813514,78.74480774538159,7.532338893414948,0.029410711741340197,1.0041558453981694,0.00033275971136070967,0.13253093680379702,-0.0036346533252955677,173.19816574708165,5.780724641133699,74.73506941590492,10.67255550907529,0.6995864610992366,-0.06189524928569816,-0.028268663016160354,0.13622071743185682,0.03467085241389341,nan,nan,nan,0,100374.77907674639,-1.2447469078280395,-0.12035274622204484,9.696291452162923,-0.003423445164535115,-0.0004945161971817077,-0.0072235311366216914
57.2,117.21068304147681,0.565674459116074,78.74480885672054,7.532336482553411,0.029443960026117856,1.0041543142818692,0.0003431965762927876,0.1325308828782812,-0.003749682178116355,174.2657600909014,5.851609419637251,74.72879986213337,10.679027046170871,0.718387426517344,-0.06316553936582905,-0.028679834226267933,0.1361753533152037,0.0346946873845891,nan,nan,nan,0,100376.16902464099,-1.2288806929214149,-0.09033736130968308,9.745455402273448,-0.004251936063408785,0.0002172076792830533,-0.002566986753458058
57.300000000000004,117.97058609817954,0.5656917045762067,78.74480997743156,7.5323340127035605,0.029477937544425327,1.004153415140505,0.0003539469083705749,0.13253082826416396,-0.003866228091489704,175.17686313044416,5.897615397424632,74.76039511132339,10.662608434484541,0.7374434086103557,-0.05739292864719689,-0.029113095261041295,0.13593937793330824,0.034661111417926604,nan,nan,nan,0,100391.44378015751,-1.266276643239471,-0.12321433474935092,9.721557781157484,-0.004117528492335045,-0.0010653136133902876,-0.004463465960589077
57.400000000000006,118.73048890546313,0.5656221208397643,78.7448111203339,7.532331490288063,0.029512571405831356,1.0041527791384763,0.0003649717955266686,0.13253075366881117,-0.0039843577361636335,176.24338876785134,5.972413695423167,74.75457274895469,10.668247377132031,0.7592916155491076,-0.058943635225017346,-0.029488673004222934,0.13587792520976882,0.034584755570581785,nan,nan,nan,0,100407.62026209386,-1.2231307121845472,-0.0866193117041787,9.670784944398418,0.007512588213038965,-3.943895802694434e-05,0.0006702483351093804
57.50000000000001,119.49039144309387,0.5654645412759142,78.74481226662441,7.532328868319044,0.029548082095690174,1.004151623549781,0.00037623700981589156,0.13253070728483518,-0.0041041192244910705,177.64709643683528,6.106271579460338,74.66678659273587,10.723481509741148,0.7856682341115588,-0.06944493350429054,-0.02974275549536385,0.13626583112855983,0.034383642985656306,nan,nan,nan,0,100402.0086881147,-1.2631622505622566,-0.10622784343270991,9.714303559339655,0.0032464544931819902,0.00039575591239272904,-0.005453433424560122
57.6,120.25029369761143,0.5652177718170577,78.74481344257256,7.532326203861078,0.029584566081271146,1.0041504594915565,0.00038780639925770966,0.13253064030944017,-0.004225560601660602,178.71972290725978,6.185955491363598,74.65982091275363,10.729263025107702,0.8078521468832577,-0.0704608849331979,-0.02980946137902601,0.13623534798433146,0.03440401434062518,nan,nan,nan,0,100394.64873375275,-1.2521622531481738,-0.10756625898979419,9.708092953735456,-9.542109654541567e-05,0.00045263262788759707,-0.0041378702736731676
57.7,121.0101956518117,0.5648805856069968,78.74481465690245,7.532323477881215,0.029622137864553904,1.0041497308897556,0.00039971448556174426,0.13253054041443613,-0.004348733580177955,179.52118633914927,6.222229912318508,74.71952732068401,10.695360142269518,0.8243561909584358,-0.06208291568022472,-0.030193567493855905,0.13584613829126413,0.034373752599057186,nan,nan,nan,0,100377.03740260923,-1.231106276105693,-0.18630778411883964,9.711038095605074,0.006856296902257429,0.0005000345328922043,0.002837440993607748
57.800000000000004,121.77009728091156,0.5644517255037047,78.74481588360914,7.532320622056616,0.029660743002779006,1.0041486114654976,0.000411910372350016,0.13253047424328912,-0.00447368461253114,180.591030115116,6.305552742659471,74.71324605517555,10.701524669484279,0.8426332307300402,-0.062859838261296,-0.030704620490071423,0.13579123402011817,0.03424372045225094,nan,nan,nan,0,100390.82096296176,-1.2290969189468037,-0.15199193851434922,9.751172019210303,0.0006394272056781443,0.0003398478974586343,0.00158011804175708
57.900000000000006,122.52999856744147,0.563929899699286,78.74481714319255,7.532317694622522,0.029700457571320914,1.0041473120017208,0.0004244457665636063,0.13253040669037452,-0.0046004640371452715,181.69419571001262,6.396069854479972,74.69884657290537,10.711642190676914,0.8600818125193249,-0.06425604503491196,-0.030813732327573003,0.1358127394595443,0.034255838616308286,nan,nan,nan,0,100389.48205478532,-1.249102321971978,-0.1435203019931167,9.705478950255667,0.001987138440329962,0.00013895726633572286,-0.00028207334480227146
58.00000000000001,123.28989949426953,0.5633137747420734,78.74481846040163,7.532314714080897,0.029741472624941107,1.0041464702420577,0.00043739400966721605,0.1325302896017322,-0.004729133522560968,182.76569805689743,6.48301875231287,74.69243386386934,10.718337955007827,0.8795640080756418,-0.06403897684246448,-0.031126112623982443,0.13573883417855526,0.03425906482261802,nan,nan,nan,0,100392.03255997981,-1.2292922317468558,-0.05083614360798353,9.699683721074988,0.004773981975231223,-0.0012744933071502022,0.003716110017544332
58.1,124.04980003298239,0.5626019830199732,78.74481980438406,7.532311588582374,0.02978368740086642,1.0041454379900858,0.00045069598341879137,0.1325301989176524,-0.004859744500200686,184.04250160995434,6.605727281264034,74.63451798963621,10.752574252118936,0.9047725714112409,-0.07240290525567557,-0.031415155388694556,0.13593448019417642,0.034449742509489505,nan,nan,nan,0,100396.82353207718,-1.2549501364459381,-0.10897593704804351,9.736083515276846,0.017009086709223496,0.0008561072838638224,-0.001938546514597849
58.2,124.80970016036999,0.5617931169507467,78.74482117994027,7.5323083510011966,0.02982714546601888,1.004144008506378,0.0004643627253392499,0.13253013354532195,-0.004992350887570211,185.11800176677144,6.697218698873941,74.627239140921,10.757795644332328,0.9252812242170515,-0.07290284812933659,-0.03160689415260801,0.13587714006998164,0.034244579327602186,nan,nan,nan,0,100380.74619669034,-1.2613784882256855,-0.07194474637336105,9.73214547474824,0.00819053776520366,0.00014856694386270743,-0.005288118877592314
58.300000000000004,125.56959985939253,0.5608857195327862,78.74482262825735,7.532305071377908,0.029871987541690577,1.0041430245649843,0.0004784957224253346,0.13253000821068395,-0.005127024484511758,185.99284769462528,6.758010749233944,74.67110221547526,10.73515444565254,0.9426200505527199,-0.06786147587132801,-0.03190776043259756,0.13562184864684834,0.0342848661015147,nan,nan,nan,0,100383.78282660796,-1.243385096376669,-0.19039286999419877,9.76182112545464,0.0015961019720432171,0.0012697515722854382,0.006222295853010479
58.400000000000006,126.32949909953469,0.559878296684638,78.7448241219181,7.532301648136924,0.029918228336077112,1.004142018201474,0.000493058719300713,0.1325298884537116,-0.0052638223022978495,187.06667967009972,6.8533218560584075,74.66429445814153,10.74171662101104,0.963588411248638,-0.06865216003625002,-0.03228861024913269,0.13557500685195834,0.03409234569940777,nan,nan,nan,0,100375.51732002769,-1.2317064273925475,-0.056157490889638326,9.686410316230784,0.003108835153163322,0.0008041181941126483,0.0011584357471941579
58.50000000000001,127.0893978517075,0.5587692921074772,78.74482565563899,7.5322980734959994,0.02996564506085872,1.0041407117440144,0.0005080102352698537,0.13252979991332636,-0.005402837145791349,187.92408304680492,6.915889620312675,74.71344607047838,10.715966488592766,0.9835200126279744,-0.06247449380029903,-0.03295755972067842,0.13525665198455394,0.03397080025217718,nan,nan,nan,0,100379.98649452621,-1.28232805725466,-0.17732555758088614,9.680983422019935,-0.0019116559666110277,-0.00038213219047834017,-0.004306002949396029
58.6,127.84929609375348,0.5575571018288166,78.74482726933898,7.532294427212183,0.030015551790817902,1.0041390269308659,0.0005235176991883329,0.13252966174685366,-0.005544165727485638,188.9959107013434,7.015347652464561,74.70713636834195,10.720742499482792,1.0065193513066468,-0.06326339833929727,-0.03355780284123783,0.13521592935190818,0.03393618744009698,nan,nan,nan,0,100383.92028148093,-1.262599786685784,-0.08794796619267997,9.72308789261211,-0.0022566693995287003,-0.0007723002304167953,0.0007723963600378984
58.7,128.60919379236745,0.5562401253493466,78.74482893974056,7.532290630284895,0.030066686971563183,1.0041380971069278,0.0005395756439978022,0.1325295256972745,-0.0056877876303373705,189.9898518606481,7.104660073659588,74.7213414062459,10.714339872825294,1.0292147166169932,-0.061706291589742134,-0.03361522698143929,0.135084385713667,0.03405683154842154,nan,nan,nan,0,100383.8602358831,-1.252472877098006,-0.14890316625215308,9.68816291077788,0.005764239403906756,-0.0007503489927540425,-0.005997545584297298
58.800000000000004,129.36909091440555,0.554816638682212,78.7448306558406,7.532286664624768,0.030119107470460614,1.0041366358197839,0.0005560631088591759,0.1325294268329995,-0.005833823834762677,191.0615294565787,7.2087241699992575,74.71516092978274,10.719133037630245,1.0537756419871882,-0.06141534068757038,-0.03397046232304302,0.1350331257797559,0.03379636136779197,nan,nan,nan,0,100398.11406567808,-1.245509479057031,-0.007877693199694794,9.740400913839157,0.0009345067470202267,8.288859830105224e-05,-0.003441563151657478
58.900000000000006,130.12898743383698,0.5532848816912158,78.74483244945858,7.532282607604133,0.030173293457777427,1.0041352845958498,0.000573077294372666,0.1325292996040448,-0.005982366843867178,191.96476678882166,7.288451534833158,74.75397943457236,10.699320415303234,1.0749163485081847,-0.05715926691431069,-0.03427790763529064,0.13477635261518817,0.03386967948665478,nan,nan,nan,0,100400.80794924949,-1.2648039354758347,-0.06365597426270254,9.717742769637104,0.001757944410752261,0.0007509870323647691,-0.0028229204383611534
59.00000000000001,130.8888833190751,0.5516430484137455,78.74483433083601,7.532278432019197,0.03022933744239257,1.0041338833382494,0.00059069303649088,0.13252912612483825,-0.006133492984583308,193.0349016562046,7.39715160580807,74.74826637784997,10.703391550958383,1.099076568365265,-0.058047332162336686,-0.03476104098212499,0.13470200580383151,0.0338699863215935,nan,nan,nan,0,100383.98884363423,-1.2432355191634197,-0.042625191440175146,9.705721196653057,0.008723817480950519,-0.00027400582348315955,-0.004041600604730551
59.1,131.64877852814053,0.549889262995253,78.74483626991561,7.532274045805633,0.03028728120311952,1.0041322022884815,0.0006088430465476646,0.13252898348652375,-0.00628730247089508,194.0377886457261,7.4976069442136914,74.76072259414951,10.698278749490882,1.12283814138026,-0.05732031261532311,-0.03493719261921775,0.13454525316893262,0.03391552102988425,nan,nan,nan,0,100380.26484504658,-1.2401445532971325,-0.107192722266004,9.743281690893399,0.0017654972315224433,-0.0006598069769193225,-0.0006322080563493683
59.2,132.4086730269076,0.5480215885734373,78.74483828994109,7.53226950643956,0.03034688737871678,1.0041310633244547,0.000627574560599625,0.13252883628715462,-0.006443897850910903,195.107824140748,7.611150701645441,74.75498406017516,10.702403426064581,1.1479311678010193,-0.05733078789669535,-0.03525366537326242,0.13451376159671158,0.03392457422784218,nan,nan,nan,0,100401.45063445486,-1.2310841865114384,-0.04208259678911441,9.716997014510525,0.004816796553386808,0.0004552495347631437,-0.0025316851264510255
59.300000000000004,133.16856678110088,0.546037990606416,78.7448404307021,7.532264838295527,0.030409511593617083,1.0041289937297937,0.0006470508207111498,0.132528610029778,-0.006603452688342518,196.02816296532697,7.703672707133519,74.79070684364086,10.68504353173072,1.1726877387285106,-0.05237986727404637,-0.03547126003001566,0.13426149319147362,0.033903439531617924,nan,nan,nan,0,100375.91293892481,-1.2601822637904674,-0.0893913663613749,9.784862680539153,0.0011913337303954205,4.702189540696679e-05,-0.005837698591876932
59.400000000000006,133.92845973790327,0.5439364263050978,78.7448426453599,7.532259903464028,0.0304751801543759,1.0041266106889988,0.0006672998930811222,0.1325284167620191,-0.006766008364057909,197.09689594991747,7.822377671327836,74.78547936133877,10.689712483813638,1.2015137141309993,-0.05188236730602378,-0.03576684715942975,0.13417251340802694,0.033668833998914904,nan,nan,nan,0,100396.89569704773,-1.2253598958289127,-0.12755191604437743,9.709273885235415,-0.001526116758026743,-0.0005768003373312744,-0.0027780379476554143
59.50000000000001,134.68835185275418,0.5417147823283466,78.74484493118158,7.5322547439112935,0.030542410572812873,1.0041254588726067,0.0006882520521318668,0.1325282737679847,-0.0069315851797979245,198.10438497554196,7.934090335287252,74.79767810848664,10.684540065905498,1.2262635671617312,-0.05020944531491376,-0.03599020427954019,0.13402029940484983,0.033582665464126756,nan,nan,nan,0,100378.58544136462,-1.223282710942459,-0.043067442622550925,9.719301175781315,-0.006530154372737084,-0.0008154010901122432,-0.007284919642571414
59.6,135.44824309041422,0.5393707986701318,78.74484733738257,7.532249460050167,0.030611618240730748,1.0041237190738328,0.0007099452227724511,0.1325280781844318,-0.007100347763865011,199.17302834784962,8.058027741617387,74.79256882944259,10.688062954597934,1.251292312014748,-0.05236589566685585,-0.036155861100870476,0.133932057651307,0.03335171034360189,nan,nan,nan,0,100359.45862911154,-1.2621122523576764,-0.17182969427699385,9.720329234372345,-0.0007067271349059396,-0.0008035677814715277,-0.0034988321186474264
59.7,136.20813340211387,0.5369021435969853,78.74484986161964,7.532243973578663,0.030683444100156648,1.0041212745963937,0.0007324151503224027,0.13252784301273768,-0.0072724567848926076,199.85030415421284,8.122604374666722,74.90021369936235,10.635280742183703,1.2657984073098496,-0.03965918767717203,-0.03628247388531871,0.13337790516581438,0.033010602543156346,nan,nan,nan,0,100379.76482040348,-1.2337347381580723,-0.08177340433461514,9.685071326702069,0.008997000227135756,0.0002861205432452811,-0.007705902388347568
59.800000000000004,136.96802273274625,0.534306421237187,78.74485248858375,7.532238228333573,0.030757931881103772,1.0041197480779094,0.0007556519128005539,0.13252761923334178,-0.007448040238844555,200.9140000525232,8.250423977358535,74.89621025643451,10.63819133004252,1.29188281673139,-0.04058619389887849,-0.03644202113143319,0.13329998681183275,0.032875005988762,nan,nan,nan,0,100398.80637630753,-1.2399909551315158,-0.06147113528576596,9.649268017758704,-0.013088248920407601,-0.0006910598043097039,-0.005383786050288811
59.900000000000006,137.72791103140426,0.5315811323395966,78.74485524221865,7.532232252695427,0.03083559215247599,1.0041175290571056,0.0007797598136261548,0.13252736867064674,-0.007627265367618516,201.7575724583725,8.34634128423562,74.95710054089085,10.609315781459136,1.3155173024889932,-0.03376965947396067,-0.03666622571833619,0.13296395869852673,0.03273538631826657,nan,nan,nan,0,100384.71728652019,-1.2193095028421428,-0.14008146630081833,9.750824668393294,0.0038012289900008645,0.0004568840862158879,-0.0005701679641338579
60.00000000000001,138.48779824081225,0.5287237049954066,78.74485813852475,7.532226019130038,0.0309166799298988,1.0041144865398792,0.0008048917287315645,0.1325270790849593,-0.007810263071203532,202.8186480383651,8.4791871582733,74.95378009292395,10.611624804345531,1.3411665919445956,-0.032999485082617706,-0.03672293116328318,0.13288778860114747,0.03245098133805244,nan,nan,nan,0,100378.00709514544,-1.2310643002099184,-0.054282742819299276,9.76577304252608,0.006250109449978194,-0.0018826275939628663,-0.0029849441940185675
60.1,139.24768429662691,0.5257314441025058,78.7448611775796,7.532219472321496,0.031001297836584934,1.0041124207567462,0.000831054729203124,0.1325267760102753,-0.00799720451391042,203.83050354336515,8.606850911601505,74.96543296123042,10.606986631717975,1.3663984226139245,-0.03167556147886702,-0.03685372783026007,0.13275748655623776,0.03230799309885109,nan,nan,nan,0,100384.33483469376,-1.2366602689813482,-0.1799201706109429,9.749875161787918,-3.68720137404817e-05,0.00022570739655060145,-0.0033753815451268753
60.2,140.00756913182556,0.5226015541014362,78.74486435466594,7.532212592688917,0.03108947974138449,1.0041104086911132,0.0008582692357382207,0.13252649055613386,-0.00818824211004321,204.89134519103385,8.744657777359404,74.96221873964741,10.609695379898485,1.3905959181963978,-0.03206263941351518,-0.03729716048396191,0.1327090140550966,0.03216807175198824,nan,nan,nan,0,100377.10767338028,-1.2429052114163834,-0.1045445224830233,9.7766111322325,0.0006222297178160655,7.666821818049386e-05,-0.009479478354746612
60.300000000000004,140.76745268220674,0.5193311080609471,78.74486770819504,7.53220542239959,0.031181563402249413,1.0041067461041675,0.0008866775765389661,0.13252616098505188,-0.008383568946958202,205.8378702038917,8.866974842427865,74.9945603567884,10.595584175593288,1.4150336048491066,-0.028530761784207687,-0.037273045315487294,0.13246542360726465,0.032113177597961284,nan,nan,nan,0,100378.26578955329,-1.242441850792408,-0.20272668112640183,9.731912635996292,-0.0026975058105058597,-0.0008115087889654933,-0.0025476049240092
60.400000000000006,141.52733487518893,0.5159170491025153,78.74487126142134,7.53219792591684,0.03127780303563894,1.0041041455650852,0.0009163758289578122,0.13252576523463655,-0.008583394404605038,206.89751071333242,9.009883648951645,74.99158449351117,10.596792311838318,1.443547257879966,-0.03092375477039583,-0.03727205328061072,0.13238556515575284,0.031882632189494435,nan,nan,nan,0,100380.91886835718,-1.245191258430094,-0.09007715611386832,9.749056833252913,-0.0013659207718471436,0.0004990583891831516,0.00017491061296302898
60.50000000000001,142.2872156253128,0.5123561875781786,78.74487498565296,7.532189987217331,0.03137861355596071,1.004102044623918,0.0009473415489936691,0.13252539190364132,-0.008787927021051271,207.89667925844932,9.14607181084447,75.00785452250909,10.589401729472735,1.4721840509061606,-0.02853666519454188,-0.03776467978810053,0.13221064363377,0.031746195415880966,nan,nan,nan,0,100388.67146688922,-1.2219713160310128,-0.08734258060971829,9.688061601202984,0.001664796289310296,-0.00043222459882208734,0.0036713250844681218
60.6,143.04709485164534,0.5086451916528868,78.74487891289687,7.532181654891599,0.031484050658920584,1.0040979301758302,0.0009797020580890698,0.13252500289224778,-0.008997388610287115,208.95572272165336,9.294669978885905,75.00498365010947,10.59162788560271,1.500020390432845,-0.02907185834837938,-0.03777191125013706,0.1321530072526944,0.03180475704618165,nan,nan,nan,0,100400.6146503006,-1.2435212277603118,-0.07593886504829375,9.772759854835375,0.00803681457346361,-0.0006913016792507627,0.006595212201021228
60.7,143.8069724703265,0.5047805666739724,78.74488309858825,7.53217294237746,0.03159487949214948,1.004094023727926,0.001013682868091982,0.132524513039598,-0.009212035096310963,210.15348261419786,9.46856334299801,74.9565158093021,10.612615378174187,1.5335370827264896,-0.034591971636755973,-0.03787332982802097,0.13221510695494398,0.03163036963281339,nan,nan,nan,0,100385.92812036889,-1.2327854629142359,-0.1569368373763833,9.704464546774846,0.004350644532417763,-9.306338244814184e-05,0.007988047385053524
60.800000000000004,144.5668483796807,0.5007586509022469,78.74488753129735,7.532163710178116,0.031710356617156744,1.0040926254870475,0.0010492411781399683,0.13252399401746917,-0.009432128783439075,211.2148281556725,9.623330983294743,74.95299166083053,10.614220579905448,1.5622989230660922,-0.03566007356504733,-0.03812502924679505,0.13212721494071267,0.031455080275520464,nan,nan,nan,0,100386.33155851482,-1.2361810883866573,-0.061637443433226,9.687911914114187,-0.0016010806944381354,-0.000989576806718559,-0.0016054912560118965
60.900000000000006,145.32672247070204,0.49657554424128325,78.74489221466672,7.532153907320411,0.03183372944909576,1.0040866578453203,0.001086517988975702,0.1325234782138751,-0.009658075522287828,212.1424204048676,9.759120897308119,74.99483796867634,10.596853015984632,1.587981854213752,-0.03141925609820867,-0.03810319381801049,0.13187572216961208,0.03137168764529414,nan,nan,nan,0,100394.1469370619,-1.236439552407191,-0.016005759518726292,9.699375093564152,0.006448728947680374,-0.000540113281199569,-0.006770325508457114
61.00000000000001,146.08659463479873,0.49222734451349925,78.74489717997861,7.53214357457067,0.03196271112441384,1.004082305203506,0.0011258342924467778,0.13252293638428925,-0.009889910206819303,213.20224277777973,9.919243650867703,74.99160666320876,10.599318600347313,1.6137517558464287,-0.032921464543108174,-0.03816334725451704,0.13178630638826028,0.031151465804238644,nan,nan,nan,0,100378.66382778724,-1.227597525683771,-0.06502354423953666,9.739392172786603,0.007805348781695317,-0.0003727164501300238,0.0050261856707574945
61.1,146.84646476169635,0.48770976382825554,78.74490248486286,7.53213270427193,0.03209765828925422,1.0040795236976041,0.0011671261683587906,0.1325222879669472,-0.010128037465544908,214.1801792662134,10.06860956813931,75.01717265746596,10.588522860937639,1.6419678204078234,-0.029567146687047977,-0.038002151911716596,0.13160655066452276,0.0308941842369469,nan,nan,nan,0,100372.24562131005,-1.268102019749857,-0.15390311581315425,9.706619699041312,-0.003876567001180255,-0.0005856990445684081,0.004130098457982414
61.2,147.60633271385197,0.4830183213457573,78.74490807942414,7.53212111660199,0.0322391567428625,1.0040751520679985,0.0012103008669692049,0.13252168547248488,-0.010372839604457076,215.23909198507775,10.234163783194825,75.01425385531255,10.589576799558902,1.6684967342670496,-0.02921775190268807,-0.03795368464537399,0.13152672682636557,0.030739882820800327,nan,nan,nan,0,100379.40566269284,-1.2494010833835076,-0.15741348811625122,9.739687579711346,0.012373427246245565,-0.0006345795106240837,-0.003994764783704833
61.300000000000004,148.36619836635842,0.47814832639045707,78.74491405904948,7.532108924935973,0.03238871755389678,1.004068572462757,0.0012557701039638356,0.13252097823867026,-0.010624704708398196,216.23042874594069,10.391116788514665,75.03609884068892,10.582199733700199,1.6962243760466515,-0.02505555599846499,-0.038093065544562335,0.13134552811162403,0.030440868983086563,nan,nan,nan,0,100387.54785667192,-1.2494640236943464,-0.12693834300450252,9.716937404605819,-0.0015192130784731357,-0.0008700383761871647,-0.0035219597310779966
61.400000000000006,149.12606157819584,0.4730948493651321,78.74492049762635,7.532096069754448,0.032546558655528315,1.004064546834027,0.0013038115642205316,0.1325200751210427,-0.010884027080938696,217.28867678560889,10.562092462486987,75.03352071491183,10.582418189119853,1.7237546154147891,-0.02734811709998284,-0.038273853113273804,0.1312546170153841,0.03007950028911174,nan,nan,nan,0,100388.3534760765,-1.24649107685561,-0.10530856234064889,9.68111256602542,0.0047333098940358165,0.0006907330198367535,0.003072397412463383
61.50000000000001,149.88592216878922,0.46785265043034285,78.7449273241247,7.532082206316671,0.032713758200180645,1.0040593479079718,0.0013543393842932244,0.13251920914968296,-0.011151303656958142,218.2354840160294,10.71672722262568,75.07296409167853,10.567114744043652,1.7492390511346356,-0.024599884743988585,-0.038167312412498114,0.1310477630325637,0.02993440497501261,nan,nan,nan,0,100386.60565848599,-1.2495646849080126,-0.01671328368896352,9.667462045988417,0.010301687763234058,-0.0009496926838530458,-0.001368510785978524
61.6,150.64577996814484,0.4624162435011457,78.74493461984025,7.532067433918302,0.03289102272982427,1.0040516473199872,0.00140773789976212,0.13251830324797798,-0.011426979312694097,219.29222444965205,10.89308832556209,75.07045571631177,10.567862317601538,1.7781297908743645,-0.024439107724949248,-0.038181813981899404,0.13094519122769022,0.02969467973840567,nan,nan,nan,0,100371.67477695418,-1.2722511336218623,-0.11254563641503548,9.692542736818567,0.0012362191434943486,0.0002503233136123753,-0.0016091864843638544
61.7,151.4056348053791,0.45677976867271053,78.74494255688685,7.532051832353835,0.033079595486471734,1.0040450089032584,0.0014645433585771701,0.13251708596338108,-0.01171164347606669,220.21255794732616,11.048190402903964,75.12193546419154,10.547821965869602,1.8007852385164114,-0.017878113147374464,-0.03822267246202907,0.13072847212643146,0.029545558572541444,nan,nan,nan,0,100396.0523856427,-1.2258975394886444,-0.03340496247277737,9.723259225030729,0.007777446854536992,0.0001378876750819471,-0.00811345415493129
61.800000000000004,152.16548644749867,0.45093702900933347,78.74495106214869,7.532034929030755,0.03328020022728066,1.0040392868120838,0.0015247480879465956,0.13251583772390108,-0.012005876397574083,221.26736046646818,11.229763670670595,75.12010783598366,10.548221177220896,1.829856585514462,-0.018189190806328828,-0.03821856750351366,0.13064213846284778,0.02930577936236161,nan,nan,nan,0,100371.94829071552,-1.2540327307589147,-0.16487598816172783,9.738397854820438,-0.007027550679624246,9.003622605016997e-05,-0.0067227693745161125
61.900000000000006,152.92533465986708,0.44488140960134515,78.74496018465254,7.5320166687368655,0.03349451284333105,1.0040299317167285,0.0015886129239887975,0.13251459370711216,-0.012310370231765733,222.1999887332751,11.39194518757364,75.16886494106694,10.530088589591019,1.8524620315105058,-0.010941068618371689,-0.03835233352415225,0.13042160918228807,0.029073880256815107,nan,nan,nan,0,100389.68500793578,-1.2170530990484676,-0.06272148060381678,9.703996092364642,0.002845800057622548,-0.0005798154734270736,-0.0018499019613342793
62.00000000000001,153.68517921769214,0.4386059096171064,78.74497015635642,7.531997252165157,0.033723549183164586,1.0040211300649222,0.0016569493505366887,0.1325130049037515,-0.012625796648011747,223.25305350654534,11.57859806419926,75.16767380298151,10.531082071898695,1.8791051947842254,-0.012010738799122737,-0.03835853329447711,0.13034472090669946,0.028915363947486016,nan,nan,nan,0,100406.67807417449,-1.2457712811445798,-0.15858397899101367,9.747125847506029,-0.0005482809037100746,0.0007864289543945139,-0.002816539698006534
62.1,154.44501983007734,0.43210298698424354,78.74498099368017,7.531976197314611,0.033969161991625606,1.0040125452541637,0.0017299627349851143,0.13251120552964357,-0.012953013585074872,224.54719762417318,11.813222606403302,75.06175758515805,10.567963387148504,1.9156403249378364,-0.027478428144715798,-0.038533251472265086,0.13057917253416473,0.028859187823340588,nan,nan,nan,0,100390.43948274132,-1.2480915739803493,-0.11138809097945591,9.707644263624479,0.0021029033879777434,0.0010000195833040006,-0.006796351939114565
62.2,155.20485616986787,0.42536461657129604,78.74499269137064,7.531953208503812,0.03423206010837694,1.004002468334163,0.001807793949275393,0.13250942234750185,-0.013292867590151792,225.60398703090107,12.00620472855983,75.058967949219,10.56827738422853,1.9430286204025884,-0.02830362477331009,-0.03864895375153471,0.13051429214039567,0.028685704955936267,nan,nan,nan,0,100373.05299088797,-1.2403459315068797,-0.12789932407307042,9.698130335528699,0.006209518150028164,0.00011639756888161783,-0.006520348511280571
62.300000000000004,155.96468792883806,0.4183821318743391,78.74500555341149,7.531928505555899,0.03451539243000169,1.0039896982610936,0.0018914083771936572,0.13250722077086152,-0.013646441946391807,226.55320841912538,12.180761613321112,75.10517698214369,10.551065882477365,1.9646486847961044,-0.02384282843360468,-0.03855041121963843,0.13025821144984517,0.02857789866366004,nan,nan,nan,0,100387.30209069709,-1.2434740994781421,-0.17842548255604795,9.669459079844126,0.002989709781524754,-4.322192721501546e-05,-0.015343335496493929
62.400000000000006,156.72451472267494,0.41114628032829403,78.74501969736026,7.531901600067026,0.034821567270315996,1.0039771731919127,0.001981530603806153,0.13250461884275344,-0.01401480425168853,227.60827968978555,12.378612262457022,75.10268062215383,10.549902147987998,1.9932953377314828,-0.02534590695371791,-0.038623859949554556,0.13015040312900372,0.02816871558156195,nan,nan,nan,0,100371.67825905325,-1.2718526879954868,-0.14073211604987937,9.71700819431064,0.0024299043964057464,-0.0014065751455609133,-0.0029213425222980806
62.50000000000001,157.48433609953074,0.4036470534590475,78.74503514187269,7.531871938712061,0.035151842512818596,1.0039640189661903,0.0020783139994040743,0.13250190964886488,-0.014399202049816498,228.55407639245948,12.55700580133073,75.15291026735869,10.532248015754163,2.015414932621689,-0.0192354480720001,-0.03878597682274419,0.12992447750788916,0.028010169138264613,nan,nan,nan,0,100379.8644385196,-1.2281619824328907,-0.1503530186010078,9.654767169950725,-0.0070473415331105925,0.0003728010930239423,-0.007314163055200234
62.6,158.24445927579094,0.39586247916056805,78.74756357951777,7.535065168154809,0.035490373176873,1.0615411314978236,0.002175128109147095,0.12755221240841386,-0.014814127595906484,229.60756865777103,12.76006200048841,75.153419617549,10.543088550065754,2.0482493944721925,0.0778156071698545,-0.038750044230203125,0.12489438313757906,0.02787085393458729,nan,nan,nan,0,100385.06618515315,-1.2452272899138879,-0.09617912994913236,11.696608996136947,0.0036101827264019247,-0.193213912428297,-0.011126191987699131
62.7,159.0055466624261,0.3877350286258496,78.76717890016053,7.545021663530015,0.03582387725105032,0.9905180319777959,0.002178570642423659,0.09099772204905476,-0.015326824760962173,230.6743019650008,12.969454914005226,75.16455884768313,10.535139608876877,2.0862133764600497,0.26757608351809414,-0.03847566700142953,0.08846953302894511,0.028956038694337646,nan,nan,nan,0,100380.21967551565,-1.3890869966465662,-0.11064443395857154,10.88264354842624,0.0035991953571855115,-0.5108256047363221,-0.002642308276981462
62.800000000000004,159.76231344315354,0.3793519722024674,78.8025860948656,7.506322257285028,0.03630390349148744,0.7215206517921305,0.0019087152366163524,0.03669304628900427,-0.01589654503548551,231.7244010493516,13.179551129336435,75.19769414963561,10.456123152139561,2.1167056928795924,0.4101162772609452,-0.03870145619693473,0.0341478072583119,0.03071184309347083,nan,nan,nan,0,100383.60263767975,-1.4957168211164598,0.03508439923875559,11.045038803481502,-0.007676690089143345,-0.5821868920752212,-0.002006501072567839
62.900000000000006,160.50787443202339,0.37086507398205437,78.8519629575849,7.395104693902783,0.037209579193327,0.43435072608261416,0.0015390033823072854,-0.01689904885814153,-0.016463470465994938,232.76780562209566,13.39367645648063,75.24232879286821,10.312450272312596,2.1461501263133744,0.5310115708038378,-0.039029283035457614,-0.019584246370504044,0.03257079284131604,nan,nan,nan,0,100386.00610291553,-1.4475270868320194,-0.013708031474951268,12.096084327639344,0.000955541422986505,-0.4735277099828814,-0.007764722365682394
63.00000000000001,161.23572288350982,0.3696941547693668,78.92581111204612,7.221413847914937,0.08801048387331523,0.2632490915617529,-0.014026002311410424,-0.08243468460586789,-0.002554166667119843,233.78856114622678,13.61684595444096,75.31327602281826,10.091289731919002,2.32799255848742,0.7971733135131585,-0.05466936215219181,-0.08442063090352914,0.04921032568298194,nan,nan,nan,0,100400.86409144421,-1.5447158331873696,1.0875858146167712,8.274534340694444,-0.1285191058108515,-0.6789315978474127,0.28082729636383136
63.1,161.9404087572733,0.3816738865996721,79.0031004187942,6.973253077968863,-0.07145435777143214,-0.1289029305622275,-0.028356409800737233,-0.1281528609098994,0.03511631140459442,234.92951754041772,13.89099959194463,75.30110521542647,9.863305769708097,2.438918735184183,0.709922800141544,-0.06957798168359516,-0.12864097392433127,0.08890872949935524,nan,nan,nan,0,100369.91390212528,-1.3803523169641898,0.4007046066696117,10.082376432958979,-0.07591719510530577,-0.3469078630505845,0.41779163158371235
63.2,162.61852740526135,0.40002793232139267,79.0777047833571,6.684771794836107,-0.3103503094011058,-0.30497744076369765,-0.038893734622960544,-0.15448568406203234,0.08094855219805817,235.90199171151173,14.138323792473244,75.37117409622435,9.584046934119373,2.5031766131406115,0.6851492296386361,-0.08035821949420863,-0.15320993755901902,0.1361136566892666,nan,nan,nan,0,100370.6563443809,-1.260080015236163,0.07050073154460687,9.748965887772687,-0.010632251988007739,-0.2164495456072149,0.45536978536697315
63.300000000000004,163.2682400965198,0.42208309630875085,79.14946221340851,6.372541715668442,-0.5564831685736032,-0.3977712815503943,-0.046584497822730456,-0.1695264995317407,0.1291294894014019,236.77940386250427,14.372375973212234,75.48368945610756,9.281004807200752,2.54491548392658,0.6618527756114193,-0.08803653883692321,-0.1664742161398578,0.18497665911665617,nan,nan,nan,0,100387.43526365272,-1.1594556118254102,0.11914609182212928,9.873452817238185,0.018029358509368112,-0.1375937637830431,0.4704330039418175
63.400000000000006,163.8886048379609,0.4466857228747927,79.21827551561768,6.045612664592371,-0.787661956977148,-0.4447044920570901,-0.052361417931088186,-0.17826892725365528,0.17788064509700213,237.69267197176353,14.628911281527554,75.54831928512786,8.984093311737833,2.584313984790729,0.6306614064590842,-0.09395711926205091,-0.1733131831004593,0.2339491142699821,nan,nan,nan,0,100382.89706117782,-1.1367763344898774,0.03795546826452559,9.859187937750129,0.032767917415580765,-0.09071884059010042,0.4781961201456374
63.50000000000001,164.47929010347787,0.4730649253782696,79.28371285849097,5.709556597206278,-0.9967602346196447,-0.4651148073317377,-0.05770322024623846,-0.1830337232280237,0.2266557509112777,238.54792804944782,14.879301821668937,75.63336573562263,8.68116818486551,2.6127043821819513,0.5972088287929421,-0.09896913973634583,-0.17622460628365633,0.2831752808972692,nan,nan,nan,0,100404.70438422523,-1.0459892319214026,0.2406911387494185,9.803888698260769,0.045291694728177845,-0.061251460926954555,0.4778828687916189
63.6,165.04030741810715,0.5006080280433723,79.34538442659492,5.368386315090328,-1.1810107735612472,-0.47072143829129176,-0.06377001593188308,-0.18494650921350453,0.2752996834764296,239.40126633194325,15.141923836640482,75.69110908871579,8.386042893942872,2.6386697423137413,0.5572046979976865,-0.10450408131773639,-0.176269268759085,0.3319004877341716,nan,nan,nan,0,100380.04803464914,-1.0170692901864808,0.18855614174404195,9.790208287653673,0.02534985511624158,-0.0384064056110293,0.47552843274669604
63.7,165.5718790615646,0.528855715970566,79.40298613231309,5.025589523595661,-1.3385801227985215,-0.4673252465151224,-0.07142029455795643,-0.1844079230802933,0.32375327405988585,240.23581519927282,15.411751281081697,75.73228198037081,8.096251463562503,2.6620236974977542,0.5146817761107435,-0.11148815876616663,-0.173886241701098,0.3803853051040071,nan,nan,nan,0,100369.93268524033,-0.9323245675188283,0.18120839981046694,9.794175881175734,0.006192785813428936,-0.016919031313388472,0.4756292893585971
63.800000000000004,166.0743569692729,0.5575573855820782,79.45633698294277,4.684632287581446,-1.4677265765512901,-0.45770117087724166,-0.08128326220108384,-0.18141360952051278,0.37196100182013375,241.03099656816386,15.679051086795573,75.78159980495867,7.808026578663837,2.6846343815059837,0.47145208017398976,-0.12085498827976088,-0.1690788946509465,0.428479585040679,nan,nan,nan,0,100365.27493794574,-0.87951282981335,0.1814476251487048,9.752664405139429,-0.011739270436402747,0.005209221685442484,0.4822321946089097
63.900000000000006,166.54817545472585,0.5867360344565505,79.50537067819072,4.349199173171781,-1.5666363988314314,-0.44305828426607985,-0.09372421145601725,-0.17572166871465078,0.4198479291101318,241.793198207711,15.944723440982115,75.83713533877383,7.5245071581104375,2.7060877257624703,0.42866018076103707,-0.1327191949990971,-0.16160166602564963,0.47618541367065403,nan,nan,nan,0,100377.4645062407,-0.8104273343959768,0.2531753344073513,9.759131933997702,-0.04865682491157797,0.027224469378753648,0.47175137485186797
64.0,166.99381385927634,0.6167341385138673,79.55016408886137,4.023256238404335,-1.6337614139963137,-0.42430055315189896,-0.1088850397943433,-0.16702355493936238,0.4673082451150804,242.5316925328961,16.216774713822154,75.87792551005217,7.246642610522066,2.7350398360522363,0.38686063013601174,-0.14710569814104543,-0.15114939835695518,0.52339736912218,nan,nan,nan,0,100377.128832521,-0.7701983359658477,0.11342380007726811,9.828790955542177,-0.07591753556450233,0.05274825990941393,0.47462564887758124
64.10000000000001,167.41177953288505,0.6482463777940278,79.59090531325278,3.711054986681753,-1.6678532437099622,-0.4005567448552414,-0.12659606819680727,-0.15503369759479813,0.5142104646702425,243.24159505599167,16.49712660678076,75.89953942222743,6.975299600908735,2.772966651055365,0.3449882537377606,-0.16394397425377233,-0.13749766794489382,0.5697019944518327,nan,nan,nan,0,100366.90819608292,-0.7314064992993168,0.27919795636654443,9.801775103578505,-0.10959937598016163,0.07924389080104519,0.47453696231847753
64.2,167.80261014431346,0.6823266747529387,79.62779463435784,3.4170786829341027,-1.6681556665655997,-0.37365094777765384,-0.1467013260847959,-0.13940627784969073,0.5603791669582203,243.92568280807603,16.776816185508803,75.93213638350163,6.707526261609999,2.8236115066711496,0.3060440452414141,-0.18299087906067185,-0.12030774779628639,0.6151378191772752,nan,nan,nan,0,100374.53739812908,-0.6678596325526632,0.22639107616190468,9.861336000266602,-0.14532023713871473,0.10798103115098881,0.4720409145344134
64.3,168.16684384099372,0.720403679748068,79.66110885410554,3.1459649181420812,-1.634436450459241,-0.3417788417729183,-0.1687875201281273,-0.12001395153241035,0.6056435583773774,244.58251684805768,17.06284986294071,75.96001854817904,6.443640131586407,2.8936291057661063,0.26931345712635657,-0.20443377781137795,-0.09938434677957142,0.6596495774069544,nan,nan,nan,0,100382.0375026762,-0.6370581550217265,0.26823224867361517,9.911359746691675,-0.18004424964399882,0.1387383494082095,0.46370652506378013
64.4,168.50503027603176,0.7642635746577373,79.69107383096869,2.9023038864861803,-1.5672051688630322,-0.30422905586445786,-0.19240462050494417,-0.09683901730438271,0.649835845894885,245.21373819490216,17.35659740645905,75.98544658346843,6.182781071591213,2.9831779066601194,0.2358208376354555,-0.22727271863709783,-0.07475409134112287,0.7029739634275475,nan,nan,nan,0,100356.80623500638,-0.5961791812760812,0.1933331424208924,9.872380846188651,-0.2007110805023865,0.16667793466945854,0.4739472083105781
64.5,168.81770970534777,0.816030282822646,79.7178472488074,2.6904321135237126,-1.4677064316418522,-0.2601309997240853,-0.21686862624764397,-0.07011176666802621,0.6928530284494832,245.80296388926357,17.66379899927939,75.99474806792912,5.927177742841604,3.0954663995616127,0.19938564343972978,-0.250812956445443,-0.04660113055211945,0.745115929061075,nan,nan,nan,0,100368.0446688905,-0.5371298533214532,0.22276247583055397,9.883107775307385,-0.2159912895130211,0.1894214506834011,0.4724814832732654
64.60000000000001,169.10543436086144,0.878083965948662,79.74132261181232,2.514235417405904,-1.3381613278704751,-0.21326753464597847,-0.24168080188398586,-0.04005575066771638,0.7346100963407282,246.38314452281608,17.98008576591932,76.01291200325481,5.678040879401032,3.233222116797258,0.15969553000270562,-0.2747249434931205,-0.01520972419190647,0.7858251317766287,nan,nan,nan,0,100379.42485098164,-0.5410936811207679,0.18288773020958823,9.944142910535586,-0.2340986404467808,0.2148411979216271,0.47256530994391355
64.7,169.3685054636607,0.9532206694231989,79.76237410422728,2.3767498504195794,-1.1815712406738927,-0.12700200113342125,-0.2641733631944276,-0.009656648480180552,0.7758014637595656,246.88592089385585,18.31804952279153,76.00180723013554,5.419218878038532,3.406682800622874,0.1488248180536398,-0.29637556151216415,0.01654143110319395,0.826303368614073,nan,nan,nan,0,100370.63936181493,-0.49476412897838684,0.06145691942519227,10.44951051589245,-0.18563740348523758,0.15190141317972836,0.4730362338160259
64.8,169.60674327172615,1.044546155269513,79.78375065936284,2.2749052033048223,-1.0060570848284671,-0.04183763684960816,-0.278275946867948,0.013197282184279846,0.8187705440323328,247.4152094801045,18.66844705877146,76.01659936665465,5.168555265247463,3.6017594246311857,0.13758483623303158,-0.3095012899950585,0.040759564049887675,0.8686770226824259,nan,nan,nan,0,100372.25294655802,-0.4859981576411599,0.03619368517953457,9.94774314205373,-0.11078069308519213,0.07443920453500957,0.47693984283488355
64.9,169.8217828234933,1.152212402024801,79.79841324226074,2.2045416017546406,-0.8216771307132811,-0.08344045846460843,-0.27537440397236596,0.040479984420190185,0.8603361245935768,248.103864783284,19.023662219819784,76.09136234226195,4.969321838779983,3.7639803780905075,-0.012842632546850634,-0.3054462249579955,0.06927159125961535,0.9096213152134498,nan,nan,nan,0,100366.26603507264,-0.4925517345049246,0.06379355908538693,8.209441150123343,0.23866527278743158,0.2974703102965242,0.471959230532317
65.0,170.01693668536151,1.2745500637260894,79.79574608229443,2.177592149425055,-0.6535992474705015,-0.04878617505246104,-0.2381072168387235,0.0901395858937788,0.896256859372984,248.59076371440545,19.4088213185939,76.08218697281538,4.772682675058415,3.943550284947927,-0.15812033665149802,-0.26745216686716594,0.11987410217694072,0.9443000481636039,nan,nan,nan,0,100359.03472855133,-0.5090657935236763,0.12325021379128236,9.142553844081233,0.43847003904935095,0.443486657830933,0.4700620090960503
65.10000000000001,170.1951659968016,1.4133076797799156,79.78247816408579,2.2045518713060615,-0.5250264456317828,0.04092168635802596,-0.1863169585390499,0.1438800547306225,0.9331209349604503,249.2629088613486,19.802665573442585,76.11923292039653,4.645032289723308,4.133975431261448,-0.244969880871904,-0.21454538167992881,0.17468875897478497,0.9800068235486559,nan,nan,nan,0,100376.67527587224,-0.5142493419532143,0.026698998921844852,9.20824153280107,0.49269762998444916,0.44648336469150696,0.4669985725135757
65.2,170.36221513446958,1.5693428537800587,79.76094664991592,2.284089122804702,-0.4489987233649185,0.12342924615249411,-0.1317237283939267,0.1925699450459626,0.9735080703043275,249.72264163861044,20.22628161629284,76.09062069572599,4.558729884825368,4.339458568286216,-0.3310334120330273,-0.1590217116491926,0.22448768196312185,1.0193660620060145,nan,nan,nan,0,100361.56509380008,-0.5128617897058653,0.12504826777380323,9.264167731995117,0.4655262227524215,0.391263767787643,0.47400926588615955
65.3,170.52427049577224,1.7430735101455794,79.73135585034683,2.4085671056563944,-0.43063749503470755,0.18317456547988092,-0.08141979982726899,0.2314913167857262,1.0176492967152984,249.91424115218896,20.680551824501183,75.99270621339866,4.50213157527406,4.5584662406905245,-0.43140644177768867,-0.10769945547754961,0.2645278052536981,1.063009564741432,nan,nan,nan,0,100383.83869627223,-0.5085548928517748,0.15421709077482582,9.10251455922984,0.3745302168068129,0.2984712878488559,0.4686762899124956
65.4,170.68661830070891,1.9346405565135254,79.69273869918743,2.5660960316420414,-0.4675317324463409,0.20826666054382778,-0.040137327944305246,0.2586039653412522,1.0646327448081094,250.36517158631227,21.147156634564418,75.94455124768906,4.521725044363671,4.772634810741094,-0.5382437721998251,-0.0646343689461818,0.29281465179714683,1.110114525051554,nan,nan,nan,0,100353.63442514741,-0.4837351967255506,0.07972650686785696,9.060845580632737,0.24428367705037665,0.19739986030606166,0.47358243321375254
65.5,170.8530118968627,2.1440781379678633,79.64403658041644,2.7427486028666044,-0.5513106226743459,0.20375435235130818,-0.011855680372615196,0.2731058780689901,1.113227922859378,251.2727070305939,21.6217765543832,75.97393774416831,4.61746448289181,4.981710822474544,-0.6353065512335483,-0.03424008179883253,0.30850608715697003,1.1590701650607356,nan,nan,nan,0,100358.00560801357,-0.4987416294508312,0.05845879628758041,8.980047205551463,0.09557758374447223,0.07919678708689347,0.46979396432944254
65.60000000000001,171.0254162108744,2.3713438250460532,79.58470456674819,2.9233603303242126,-0.668629258043966,0.15664062462102238,0.0009008476456290326,0.27532710019590767,1.1623019596971838,251.73748500998963,22.13078403741997,75.90473350949422,4.678036026108779,5.197136366216901,-0.7529293993220842,-0.01947645395538722,0.3117742845067999,1.2089383228126427,nan,nan,nan,0,100371.16369328642,-0.529735515498273,-0.020977746339056094,9.042603915423697,-0.06358185753231976,-0.026985226025038212,0.4685283358261226
65.7,171.20457583977088,2.615976281916356,79.51481186610418,3.095163541960776,-0.8073673562899707,0.07626375053873205,-0.0024407027209853993,0.26747346847716313,1.2096579779689312,252.36264927651865,22.65679903543937,75.85046013923419,4.758692261502684,5.4051775042118395,-0.8551598619857287,-0.02070540314203395,0.3048237229954507,1.2571280953187052,nan,nan,nan,0,100381.8047656815,-0.5556176508835182,-0.08726875000330664,9.115778532482526,-0.21288753867644977,-0.11974452029628378,0.44246987645291874
65.8,171.38991846571847,2.8774576308850484,79.43558116635971,3.250186793553045,-0.9344530393939813,-0.0340545793960728,-0.01975856513726293,0.252621276368586,1.2529581177916858,252.84103898577837,23.20768329751239,75.76022481232728,4.804705603956648,5.611293797072062,-0.9484823941256252,-0.03599512420578066,0.29068310095423033,1.3014292977980837,nan,nan,nan,0,100361.92265570907,-0.5982528939642064,-0.11699292389872466,9.227370377353836,-0.31504497290943745,-0.1743393622942188,0.3970081488243009
65.9,171.57887097453275,3.155470882811635,79.34903054840717,3.38498671336029,-1.0254918788129084,-0.14924385775702617,-0.04601867864147813,0.23491235152656054,1.2917498081346799,253.40521649175332,23.776643896541586,75.67451955461193,4.828695894195336,5.814227078354478,-1.0131938894600574,-0.06059859212242913,0.2735217576210276,1.3411134013677168,nan,nan,nan,0,100363.21252327571,-0.6010638971807079,-0.05913549871792441,9.485108465163277,-0.3679148450664631,-0.19498648442835537,0.3423095326952725
66.0,171.76779134846007,3.449746555053518,79.25795488893438,3.501246729578317,-1.0716098487256038,-0.24670798182369974,-0.07551827322015658,0.21808716276583162,1.326226609212866,253.887162499531,24.36808246520687,75.57099244639106,4.803861596066993,6.0142028831720085,-1.0513395970572574,-0.08881767868260726,0.25707986771468105,1.3761521383227935,nan,nan,nan,0,100393.09850818326,-0.6400836198239643,-0.029737881111413858,9.873957856010703,-0.3502578630240188,-0.17783902276554472,0.3028537262218304
66.10000000000001,171.95270608682324,3.7600110617688043,79.16549729888044,3.6041005028598883,-1.073975188814665,-0.3047911511265221,-0.10386935349571191,0.20441993133289293,1.356634562583884,253.8721237211825,24.995695126535757,75.39662797947288,4.6858651902297215,6.218894784632266,-1.068423213347916,-0.11629394763913614,0.243770047974605,1.4072072777262825,nan,nan,nan,0,100365.59427468905,-0.6351448164352577,0.0535469076551124,10.070135011006172,-0.30666481604604734,-0.1441737203718911,0.2699676334242094
66.2,172.12983513374667,4.085939552488838,79.07446184270579,3.69937440185468,-1.0394894224384832,-0.3169368838869522,-0.12787456455899537,0.1948004869348925,1.3831700752534264,254.3360207847975,25.62727990217574,75.29068039062227,4.587018579804014,6.41198378344911,-1.0468224784281395,-0.1390772346579373,0.23439146412304357,1.4343132641466685,nan,nan,nan,0,100387.9501739763,-0.6453560092380713,-0.02971991490042436,10.275940494543164,-0.2575634424926607,-0.10700808724087262,0.23371528229370228
66.3,172.29594998258864,4.42717039705498,78.98694930617117,3.791788877373763,-0.976727102319994,-0.28813684477010376,-0.14572917673117025,0.1890668386451524,1.4060929679587848,254.5707074675936,26.28618555138003,75.15960140806224,4.434888497853892,6.603458689821446,-1.0160389667445968,-0.15620487149891638,0.22890702627099047,1.4578493842870432,nan,nan,nan,0,100368.32579826278,-0.6475399521678481,-0.0003629778240590853,10.46366842549177,-0.17619800182896456,-0.07034520273157568,0.20584048685464187
66.4,172.44862207327822,4.783317837637493,78.90419672450938,3.8845851385923837,-0.8940588642699993,-0.2266254293772186,-0.15652164524783596,0.1865999706684811,1.425749959191178,255.00688654744263,26.95575477924828,75.06009931157004,4.284697395954874,6.787507868424738,-0.972363603805074,-0.16625615206126365,0.22661059822005414,1.4778608646362965,nan,nan,nan,0,100372.33438503266,-0.6564156066434312,0.013021793549275476,10.51865739611857,-0.10601216461744395,-0.040050641530105964,0.18315330404787838
66.5,172.58633367615124,5.154015038767373,78.82673201879533,3.9796363134392436,-0.7992857646409016,-0.1418554016633153,-0.16012629641119536,0.1865467333916062,1.4425785370555277,255.91760507468013,27.62209767240038,75.02390376861447,4.179201035386532,6.959198270374882,-0.9148227943972258,-0.16851136852876525,0.22663081692981457,1.4952257684453913,nan,nan,nan,0,100401.00266288026,-0.7032507367406682,-0.14422518093188857,10.545770289894453,-0.02208781546956611,-0.01587596073664088,0.14868896974838255
66.60000000000001,172.70847497619923,5.538929245653718,78.75457613699089,4.07779203468552,-0.6989927307675378,-0.04486741888398958,-0.1570992745940365,0.18809663127980847,1.457037824338062,256.3275376735082,28.326871770234465,74.93474044847973,4.018635451226854,7.136293648683159,-0.8687265276046222,-0.16495219173791886,0.22828547990880743,1.5101529286666344,nan,nan,nan,0,100382.88831470779,-0.6693559994707242,-0.03271467198531888,10.504560745127197,0.030194409340390645,0.0002596036601161121,0.1379944658973566
66.7,172.81524816620532,5.937770308431468,78.68747346684212,4.179265587764986,-0.5988573277679847,0.05603543872299381,-0.14851928674430648,0.1905582411366744,1.4695465770390754,256.8699584327023,29.0418538920872,74.86661203636842,3.8788737119382573,7.307716177461053,-0.8236972318642798,-0.1560381005457563,0.23078626236017108,1.5229245907785223,nan,nan,nan,0,100388.59420975667,-0.6826709847050114,0.05385795047843815,10.447183292948885,0.09631608051248289,0.010344775098144233,0.12216977961110101
66.8,172.90750185523294,6.35028845210352,78.62504705080244,4.2838880481069115,-0.5034432493801821,0.15592436022504316,-0.13579569769824174,0.1933979315054979,1.480462483544571,257.2505773451942,29.781250863556302,74.78634321785094,3.737137777962854,7.479713285206606,-0.7823504808806281,-0.1430039988990882,0.2337068452655131,1.5340657405299658,nan,nan,nan,0,100398.38748329954,-0.7277093642604039,-0.06463196086140172,10.381911876528028,0.1361647005474503,0.01585677656655546,0.10301931020121052
66.9,172.98654778019008,6.776269519458026,78.56692738087747,4.391217665793178,-0.41614404455097426,0.2504637570337292,-0.12045166831195009,0.19622656946837336,1.4900587565216075,257.5102117059732,30.543775863939437,74.6987001032386,3.596821291657115,7.652931905033535,-0.7469563964448924,-0.12743175677821117,0.23657446841834529,1.5438220316740696,nan,nan,nan,0,100383.57774825023,-0.7296918499427433,0.023823058692062152,10.316467270285518,0.14462554726438362,0.01641632072910442,0.09014906612034951
67.0,173.0539712741293,7.215521937940332,78.51279842550677,4.500668868224485,-0.33932088530860255,0.3380630099261624,-0.10395045985128604,0.198781478744388,1.4985422485161024,257.86400205709396,31.31758062507523,74.6255675110812,3.4818852904219155,7.822761420063431,-0.7160474995121117,-0.11067035682979398,0.23915946372500763,1.552350538529642,nan,nan,nan,0,100387.9348898294,-0.7519803943068938,-0.054330246697505205,10.27444827133553,0.15317948087534533,0.015465405890287368,0.08175881840440927
67.10000000000001,173.1114684172752,7.667864281612486,78.46241364286139,4.611576876256146,-0.2741211693251563,0.418637847134825,-0.08756468543603768,0.20092960021770212,1.5060583354363812,258.7475642334863,32.07463730611674,74.6091955674689,3.4459590075338133,7.98080993082179,-0.6765214896071526,-0.09337889612854533,0.241242714609601,1.560287040032743,nan,nan,nan,0,100375.43204437829,-0.7571955732445749,-0.10086753267743823,10.19413618831586,0.15168378205225747,0.01397401662707803,0.07582001766010792
67.2,173.16070344105233,8.133112267632399,78.41556090047091,4.7232843680957535,-0.22073458388962633,0.4929993742354026,-0.07230854924397678,0.20265470043135747,1.5127253671935232,259.08818184073635,32.88108871608344,74.54301792928793,3.368353081679864,8.148572824200066,-0.6469709846416526,-0.07784114994917757,0.24300808972244026,1.5672531275885535,nan,nan,nan,0,100377.33115057333,-0.781886594563185,-0.0626065219416626,10.2254647308832,0.13347120857817857,0.010595954045948463,0.05931868487689081
67.3,173.20321158305256,8.611081805712887,78.3720860907872,4.835190591426534,-0.17857308946275693,0.5617059996011556,-0.05887652682137179,0.20396538733617864,1.5186372204902807,259.71654020188925,33.68399316746334,74.50759607814872,3.3354302677558434,8.310226996822665,-0.6146145111695182,-0.06389246181483976,0.24426848401005574,1.573287565593401,nan,nan,nan,0,100389.99839485598,-0.7583248796060631,-0.14223749190053983,10.153554577295303,0.10800041770781797,0.0073034164039642085,0.05436544481082516
67.4,173.24033140484676,9.101582433146927,78.3318638010334,4.946770273048875,-0.14634356250144664,0.6255699225667148,-0.04762902083854503,0.20491572218853915,1.5238704665159568,260.04739997204706,34.523338024422614,74.44744144119811,3.284516125045966,8.475953071136564,-0.588960013393673,-0.05260954658064343,0.24525566878769745,1.578882741440664,nan,nan,nan,0,100395.46844531453,-0.8451042810651048,-0.17335983584329834,10.162832958388703,0.0929431606617847,0.006073690136089855,0.05128346083953727
67.5,173.27316858820524,9.6044163351261,78.29477829038646,5.05759895004066,-0.12235475238724866,0.6856023628499456,-0.03865152520023052,0.20558551198361985,1.5284952978291262,260.17703685604835,35.39410095890175,74.3720198263927,3.2206614194810053,8.644135184547727,-0.5674808640961404,-0.043678054389146403,0.24593249764366232,1.5835068084101485,nan,nan,nan,0,100391.71521413825,-0.8330152745347009,-0.11066624595333396,10.136692839619178,0.07854142170806244,0.004279704312946082,0.04126686206080173
67.60000000000001,173.3025911354135,10.119381297597757,78.26071680709798,5.167363267739291,-0.10482159670501541,0.7426382940605185,-0.03182802522782657,0.2060528354913882,1.5325788410730343,260.4971955010672,36.26665501901644,74.31654814663973,3.1829187407972146,8.806699108752726,-0.5428417533321558,-0.036575120778691295,0.24640465748072704,1.5877368098566702,nan,nan,nan,0,100397.25411306259,-0.855510590941842,-0.10107552196256525,10.141476237403644,0.052388174834466165,0.002615844844779057,0.03666470950339968
67.7,173.32924621139543,10.646272882579579,78.22956142667437,5.275850064539969,-0.09201455953795705,0.7971604368387201,-0.026886788163254627,0.20638397534976138,1.5361840372133622,260.75131372823296,37.16056671387967,74.25795601778475,3.149396227430282,8.967093876941115,-0.5209568522902405,-0.03128376460108451,0.2467343291534887,1.5916257539171248,nan,nan,nan,0,100380.59230599804,-0.8901802109456534,-0.11130865563994836,10.118508442897244,0.04092296093030986,0.0018778570019724501,0.034475628117315124
67.8,173.35359078905142,11.184885668944004,78.20118299583562,5.382920266377072,-0.08234131836294592,0.8492315351852723,-0.023464075931427963,0.20664057281432302,1.5393677147245863,261.06484589504987,38.06519300873278,74.20682674739277,3.1228924099338036,9.125221667434952,-0.5008734568784016,-0.027525961280330913,0.2469650770927132,1.5949728755777388,nan,nan,nan,0,100388.16154177292,-0.9062097818048056,-0.10428156350604793,10.103966311494696,0.024327840694648453,0.001256804103337855,0.032090654189888795
67.9,173.3759310750847,11.735017676394763,78.17545049180157,5.488510324637777,-0.07451711519682416,0.8992272468532088,-0.021172608212903343,0.20685477721501533,1.5421794493480692,262.03731239437775,38.92486106941642,74.21340951584439,3.168573690956609,9.26778828999551,-0.4701418432504674,-0.024483532874352787,0.24704454056768,1.5980332426625994,nan,nan,nan,0,100391.52735222572,-0.9070108476357199,-0.11167981938571636,10.027214776404797,0.01761892735673651,0.002877544401358846,0.025102217659019484
68.0,173.39646190905327,12.296467808189835,78.15221162957506,5.59259499702296,-0.06756113805543493,0.9473231583544335,-0.01964427271246294,0.20706278417111412,1.5446651617662095,262.353055917457,39.85937019100732,74.16730117552942,3.1473708959630646,9.422188657444678,-0.4525308865513761,-0.022945304409212275,0.24724578068870984,1.6003577327338432,nan,nan,nan,0,100394.42746410648,-0.9144260052121455,-0.113143566780476,10.042999552553425,0.010370832480863472,0.0021921043509728786,0.020126461948278027
68.10000000000001,173.41530652737703,12.869040488632557,78.1313110297016,5.695189068498221,-0.06081588180686502,0.9934227446255687,-0.018557862747244136,0.20727542577756686,1.5468642458364,262.73096885644816,40.80274708592387,74.12823437180461,3.133441420194961,9.572956535215082,-0.4330635494785996,-0.02204428469715991,0.24742126042535606,1.6026315890843899,nan,nan,nan,0,100387.31290195478,-0.9437915973363804,-0.1322474915335189,9.985116412116987,0.0071322804350368385,0.00223871424718517,0.021799994792380303
68.2,173.43254877892875,13.452544482069646,78.11258633980755,5.796322162623952,-0.053919025394762565,1.0376760761300372,-0.017660938796126513,0.20749601625520264,1.5488105954274323,263.04329924428475,41.76749394329178,74.08566264775791,3.1124267320927865,9.721759536387637,-0.41834558358150753,-0.021184198327499293,0.2476093392064389,1.604660667763465,nan,nan,nan,0,100379.27755556737,-0.9584019871759704,-0.05467330588088057,10.012884695842235,-0.001312977142849234,0.0019253574386177202,0.017199921904848033
68.3,173.44825845415735,14.046792993770094,78.09587309132695,5.896024709496545,-0.046722900013235424,1.0799666085422623,-0.016775754137032917,0.20772675046660183,1.5505330639363866,262.88667442746976,42.79836363064708,74.00729266663564,3.0459033558433735,9.881655888591048,-0.41231105589708783,-0.020584562851005073,0.24793118476164966,1.6065501924177013,nan,nan,nan,0,100390.1229646548,-0.9892211918544072,-0.1173485917080439,10.015776854131165,0.005252358990406817,0.0020283661971656425,0.01745100264262045
68.4,173.4625074151882,14.65160320200731,78.08100349784971,5.994334165204194,-0.0392901131350027,1.1204635507645249,-0.015797668857114644,0.20796489590934075,1.5520589786919874,263.19037654355026,43.79389208893056,73.96674894240297,3.0288189896484794,10.0286752048493,-0.39776490291678934,-0.019463952546496133,0.2481561897394673,1.6082705878712262,nan,nan,nan,0,100404.06170621674,-1.0303695498100107,-0.04536969099149541,9.950436321093399,0.009809498965224399,0.0025904613401930053,0.015703877062446997
68.5,173.47659653847958,15.328881195048986,78.06658542140188,6.100904503281859,-0.03102929217312601,1.162766333587948,-0.014565506311559395,0.2082251155722028,1.5535373266503592,264.733622282232,44.65569343721639,74.02438034681784,3.1379175900444554,10.142274537950934,-0.36776885400116666,-0.017245375517069284,0.24809660274296408,1.60968664432029,nan,nan,nan,0,100404.5134968645,-1.0089488839599685,-0.13573871210204455,9.916480211558811,0.017915904315970736,0.0024655094595032816,0.007796226278816392
68.60000000000001,173.48698075088424,15.892200995580966,78.05615819980142,6.186892664306315,-0.02442873480757051,1.195730170620743,-0.01344189377427496,0.20843376847296535,1.5546089439420694,265.0467279772303,45.67712257267072,73.98814078682985,3.1251313931195197,10.286113664551044,-0.3579354479438383,-0.01608321545112079,0.24831095312076945,1.6109048618603476,nan,nan,nan,0,100389.592544038,-1.0051929553497698,-0.09018503882353436,9.90760529434348,0.01509514928136001,0.0023886851705492754,0.009874430994671186
68.7,173.49742235439257,16.52764366738053,78.0458808532065,6.281183281730893,-0.01746215740297862,1.2306840270759571,-0.012113937303507405,0.20865204719156982,1.5556712803354134,265.92924596786776,46.63875039843053,73.99644368194996,3.1707637359885306,10.412640715469987,-0.3423381732230617,-0.014248366863424122,0.24839039834980103,1.6123256307395626,nan,nan,nan,0,100390.393214539,-1.0306031430204832,-0.06737859044639491,9.898749689582393,0.016192551395605593,0.002070036536653076,0.00569183013038627
68.80000000000001,173.5068318867005,17.172957994244303,78.03685002993622,6.374163568319124,-0.011081716897417932,1.2639412480126988,-0.010758629263331487,0.20885154707591913,1.5566133311242112,266.24581502386474,47.687027188202485,73.96263442538051,3.160018597645317,10.553012731328112,-0.3341266482542131,-0.012959364577345478,0.24855889167049394,1.6134904088372823,nan,nan,nan,0,100390.79359866556,-1.0532817688312983,-0.04813709674512848,9.849715696394629,0.015838843211299698,0.0013098454781408021,0.008313696370551075
68.9,173.5153383535705,17.82797881175513,78.02893940723588,6.465834046876706,-0.005427446195392911,1.2955303196256178,-0.009437624356213203,0.20903241028651376,1.5574494278918736,267.0798266290463,48.67634084196294,73.96871890336293,3.2050443436909735,10.677353924383157,-0.32034462883583564,-0.011344573406473324,0.24859025388643907,1.6147599012648275,nan,nan,nan,0,100383.849412072,-1.0650702042122748,-0.05495767402961425,9.879324482836912,0.01396561061895374,0.0014562584360552472,0.0035846928196427742
69.0,173.52306760505425,18.492543981711986,78.0220358381509,6.556197490653844,-0.0005777105554987706,1.325608003963897,-0.008208603436249629,0.20919134420472663,1.5581922596489388,267.3998220304539,49.75095054013248,73.93693438491604,3.1945482787093256,10.814730066539237,-0.3155037471748028,-0.010008242565819003,0.2487189344320453,1.6156226297697442,nan,nan,nan,0,100402.06775916035,-1.0734577115442427,-0.0423736075418844,9.872689329776536,0.010850217955564588,0.0011651191989689312,0.011208701022737863
69.10000000000001,173.53013647473793,19.166493532495355,78.0160360290775,6.645251807101685,0.0034608138543066546,1.3542999791421675,-0.007115641846007881,0.2093280658033354,1.558853121451044,267.41569857023796,50.88534602966573,73.88289678673205,3.155666902124109,10.958405477011175,-0.31623978044018547,-0.00935204589452654,0.24889282003113689,1.6163696596389334,nan,nan,nan,0,100370.63759947526,-1.0797862635182214,-0.12949561242476543,9.813827491034337,0.013850772260088146,0.0016695141284999023,0.004563101980259208
69.2,173.53664833456546,19.849669699626784,78.01084716729521,6.732994220289626,0.0067385805263628015,1.381662852077549,-0.0061845177847563715,0.2094428047005843,1.5594419121481617,267.7310503336956,51.98791591492226,73.85140001713616,3.1504849982457315,11.092309841437402,-0.3130920568084359,-0.008695364020380847,0.24898555323945115,1.6170707119834913,nan,nan,nan,0,100395.23037939487,-1.1322486595330794,0.007674724022631904,9.9022430768579,0.014886567107853906,0.0013686671667687003,0.006069678129568226
69.30000000000001,173.54269045635607,20.54191672434613,78.00638629015675,6.819420673650723,0.009358292858467534,1.4077741999244777,-0.005424002428071395,0.20953779812083861,1.5599673131881382,269.09613501888117,52.930983315170735,73.89824294210703,3.2477414049978712,11.193050397738327,-0.29469373425133405,-0.007036262099624047,0.24879867969320668,1.617809186959387,nan,nan,nan,0,100379.57101578492,-1.1419887023587798,-0.08166110230486004,9.837583921629923,0.010214986393608213,0.0009458939553867783,0.006288198253134767
69.4,173.54833320738462,21.243081051539736,78.00257958164573,6.90453142532097,0.011439391343146452,1.4328124103125848,-0.004828283125643762,0.20961358471717273,1.5604370984445528,269.4207144147675,54.056801033194596,73.86888347303794,3.242727707981748,11.32283667536761,-0.29283098248978073,-0.006617353972634299,0.24884821449518713,1.61862831237366,nan,nan,nan,0,100395.35775170801,-1.1054191568284817,0.046617917263348393,9.81125991290575,0.005808281692872312,0.0011017967982161858,0.004835414971084885
69.5,173.55363071732285,21.95301078517969,77.99935936976888,6.988324620949295,0.013120770027541095,1.456787902721797,-0.004378684758193252,0.2096745355777052,1.5608583147783246,270.736152178117,55.01965244557784,73.91285549683715,3.3368806584882864,11.421329164153903,-0.2774183456766856,-0.005521092475901157,0.24860794044605306,1.6193263832126972,nan,nan,nan,0,100391.54088148904,-1.1782951523845882,-0.01548714096575822,9.829411012147354,0.003228072254027305,0.0009498298579233822,0.0021650527086391627
69.60000000000001,173.55862309107962,22.67155657366966,77.99666687020151,7.07080641870413,0.014521491245717,1.4798294826100655,-0.004049189523428809,0.2097200078378889,1.5612367795683881,271.0697274778737,56.16810288947365,73.88515976018168,3.335775755252415,11.547851708345323,-0.27700524506551333,-0.005329645926082982,0.2486591962206044,1.6199143292068112,nan,nan,nan,0,100398.40518453649,-1.1835473779941263,-0.1209737887606312,9.777663286298885,0.0008643906215291021,0.0005988912470699625,0.0002518401871297942
69.7,173.56333960203784,23.398571300203134,77.9944514556046,7.151981005891047,0.01576348998262997,1.5019896696236117,-0.003810919886934605,0.20975037393827178,1.5615760968249726,270.4680217083274,57.50790084413327,73.78859651840034,3.2364710242578902,11.702743709530091,-0.2893524455286711,-0.005872651534440387,0.2489024532653179,1.6203653565271496,nan,nan,nan,0,100396.88292960095,-1.1999290356064436,-0.09095160396604854,9.796760562980701,0.0005544836256162744,0.00028684388860626735,0.008799988083750454
69.80000000000001,173.5677995827005,24.133908554738912,77.99266175034485,7.231847124272822,0.01694340419596636,1.5233212724613043,-0.003632882398824533,0.20977506845070226,1.5618821148289082,270.7914933952037,58.68438548049193,73.75968877101685,3.2330835024631206,11.826849161674241,-0.289043897494838,-0.0057066124953621955,0.24889845878978023,1.6209153077866059,nan,nan,nan,0,100397.16043670193,-1.1744332281021426,-0.11986623493706715,9.79925394512728,0.004938556745860861,-0.0006464994488172086,0.005011262273448093
69.9,173.57201638295768,24.877557781655305,77.99188912360708,7.311942672283799,0.018110120892228347,1.5608545530273807,-0.0034786501323117447,0.20848814162635465,1.562163491855359,271.4063089900055,59.81331315406693,73.75289876805816,3.258387449498785,11.945689727351656,-0.2578078472734551,-0.005593081716746218,0.24753227892575147,1.6214773758396335,nan,nan,nan,0,100369.16281781234,-1.220392188563141,-0.09197579082956403,10.502960445688027,0.0021971585023516527,-0.05574753466655157,-0.00029688564250926366
70.0,173.57599588534768,25.630005311293118,77.99630241200467,7.399610963395858,0.019328917846184485,1.553423776269331,-0.003286902084607801,0.1975062196638515,1.5624487090436172,271.7320855474065,61.01440642270036,73.72990891988647,3.2567904145814035,12.072730708137252,-0.20628050085882774,-0.005398281117804715,0.2365805511545438,1.622116648125461,nan,nan,nan,0,100398.87412340558,-1.2464106599233578,-0.1783895744366938,10.20611578125748,-0.002313253279144792,-0.14805413819902224,0.0039363331072882575
70.10000000000001,173.579746873774,26.38975153456361,78.00547344858903,7.479049658281825,0.020486231150341948,1.4869458352585965,-0.003152039362485204,0.18065405706440685,1.5627212174701524,274.1353210244874,61.76686512819453,73.86473662477677,3.4596154372746577,12.103819375344239,-0.13656326214540468,-0.003895044470320963,0.21911173626267222,1.6226741608450141,nan,nan,nan,0,100391.3180146779,-1.2770415753302633,-0.034127102344625196,10.217479097422952,-0.0020065539599064142,-0.18003688274926596,0.003569227456416622
70.2,173.58326525473595,27.15476461413942,78.01954274533819,7.539161504053237,0.02163910228378941,1.4098097215123653,-0.0030908229783693786,0.1626207840713878,1.5629678336217538,274.4812787246687,62.98166789395366,73.8534646441179,3.458371597379708,12.189041257906347,-0.08733939485947745,-0.0038045552216129375,0.20103674362780977,1.6231793998143709,nan,nan,nan,0,100397.34557844703,-1.3059929682235965,-0.08536245271713688,10.229522242500064,-0.0003654492588434561,-0.17392044371684454,0.0025305067999662665
70.30000000000001,173.5865411599418,27.923069960127883,78.03913041212796,7.576960023414598,0.022915272118795946,1.348624514643664,-0.003024495928508397,0.14655861431203854,1.5631818530300743,274.9569891824816,64.17310622108663,73.85708179754259,3.472838352012995,12.250560723836207,-0.028959735205822172,-0.003887199558505139,0.18487572601149949,1.6238091480238621,nan,nan,nan,0,100379.85346661827,-1.3006428072186889,-0.036992277193561365,10.329563064910067,0.006292847515740019,-0.1445793451135573,0.006096327686558068
70.4,173.5898592637358,28.770003011110212,78.06758483835097,7.595487220103695,0.024510342476882253,1.312064485163695,-0.0028475015667941417,0.13309283647941061,1.563376452088714,275.30418330493274,65.4008651887767,73.85711446084251,3.4717593784286835,12.302732756245094,0.030108452303843677,-0.00394102439941213,0.1723581198404065,1.624459313540259,nan,nan,nan,0,100389.72535812354,-1.3006997014471575,-0.03718859746340998,10.338082865424862,0.0023467340655750086,-0.10385964289707972,0.0011516913473073936
70.5,173.5923604343116,29.46319242166801,78.0961960552136,7.596766488136407,0.025908713008535773,1.3061748999265363,-0.0025892534764465625,0.12581007222217133,1.5635030963406265,276.4308038594877,66.43422991469768,73.92121476829587,3.551395596471683,12.312564588182186,0.09730782985163283,-0.0031103174507197684,0.16377106571319677,1.6248015108868397,nan,nan,nan,0,100380.52813159414,-1.2770888033834527,-0.16550594493293397,10.306807400822008,0.013870749142638616,-0.06289551603351742,0.005963946114745175
70.60000000000001,173.5949392031163,30.232848019361118,78.13303794823976,7.58836907849089,0.02745149153690371,1.3197618413700067,-0.0021776106826144614,0.12145319769290763,1.563611933550308,276.7862045125515,67.66721164377265,73.93360496969407,3.5556891365057863,12.345822523914885,0.14837052490950448,-0.0029592125454146467,0.15936524473153346,1.6252313349050644,nan,nan,nan,0,100393.49054454401,-1.3019789273518119,-0.14448923479290962,10.123979953217463,0.0034393602549052534,-0.02544097051797776,-0.004671616893126868
70.7,173.5973488047067,31.001478105846502,78.17414253088705,7.574286058436219,0.028847691162976752,1.3455878032296333,-0.0016541619154628595,0.1203642048076321,1.5636920419043239,278.9966212058658,68.39703076075928,74.08989137081231,3.7432198929224776,12.298652251125954,0.20937226494866276,-0.0012749400130656063,0.15767075031861366,1.6254472367384558,nan,nan,nan,0,100394.90124020456,-1.2930377762313925,-0.09956840754318699,10.046482761951284,0.007900059326243599,0.003056030714137885,0.004562826891242837
70.80000000000001,173.59964413170846,31.768943159177432,78.21812068095355,7.558580247239486,0.02994449414609663,1.3748764303525443,-0.0010719836380828074,0.12161282352716318,1.5637491941759385,279.37113955648005,69.62834514916717,74.11207850018774,3.7467514910672497,12.327752869036576,0.23106896447965658,-0.0005025062106949196,0.158867608885787,1.6259084073521763,nan,nan,nan,0,100395.30836585074,-1.2763102393226924,-0.06917028547820084,9.875256726684496,0.0032309388363998886,0.020710591356668105,-0.0002530099665134782
70.9,173.6018853286718,32.53533432089931,78.26349227868873,7.544319944801702,0.03061282975668598,1.4003512411843455,-0.0005024855646099669,0.12420649477741463,1.5637884251189327,279.7971056845236,70.84775565782451,74.13952261337259,3.7578995940580144,12.355889221564498,0.23800629456825373,3.53400184788244e-05,0.1614184520183073,1.62621635705869,nan,nan,nan,0,100382.52391960642,-1.2428791237690717,-0.16588085064657365,9.675884252175095,0.008053682483321185,0.030582180108506142,0.002470607166855935
71.0,173.6041301677521,33.30087248644817,78.30886157387319,7.533489407475005,0.03078897477674374,1.416363461138047,-1.0002753792370811e-05,0.12723077666763327,1.5638131088757463,280.1731329009336,72.08494047134079,74.16314118893065,3.763247633140706,12.388229864807858,0.23221398976827098,0.0004470354318020231,0.16444100365742997,1.6265715831984788,nan,nan,nan,0,100393.62064430398,-1.239968589330598,-0.08578569627635298,9.594842226472844,-0.0037567402631622144,0.03064468502357896,7.14635210708821e-05
71.10000000000001,173.60642716104996,34.065817887013715,78.3530392656246,7.526931833556179,0.030479800565420996,1.4201832695732493,0.00035157023459619907,0.12997081334046845,1.5638252382078885,280.6821775642182,73.28459475166125,74.19578409138707,3.783659544331805,12.418076142172223,0.21783907254059395,0.0008303036018936227,0.16711984395495993,1.6268451604597458,nan,nan,nan,0,100389.80415856109,-1.2093201908557085,-0.14476547985540245,9.49251647474872,0.006527626907701781,0.024076906717527685,0.0033316640437892463
71.2,173.6088105041709,34.830402071645494,78.39511137330666,7.524476429940708,0.02976692948577263,1.4112491856743261,0.0005509365463802762,0.13199283248787785,1.5638263270742354,281.06089835979714,74.52824468029378,74.21636175517341,3.7907492553249975,12.45475310810254,0.19268802439322996,0.0010356243683063981,0.16909731839398212,1.6272918018038238,nan,nan,nan,0,100388.05740935654,-1.1933217860326681,-0.06894934401393144,9.463464709736288,0.001397766437655705,0.015701420522109037,0.00163752139702041
71.30000000000001,173.61129781344644,35.59478897004445,78.43445655855936,7.525232498555394,0.028796617330917273,1.391003316263876,0.0005890886469468448,0.1331401243177195,1.5638181489451628,282.5290004961115,75.4184810280913,74.31860022462465,3.9023704786002567,12.44110247366297,0.17748065463376206,0.001722865510460636,0.169864724785044,1.627437380438239,nan,nan,nan,0,100385.3042786144,-1.2001830716746618,-0.08564889112624162,9.424516771443486,0.004684247147877189,0.007417815866838098,0.0036401023925750186
71.4,173.6138907803055,36.35906472337294,78.47074597257506,7.52796230253418,0.027743014010756312,1.3626361823397029,0.0004957758727535122,0.133481998186606,1.5638027975617483,282.91964360452886,76.66445534965133,74.33480233510954,3.9108353531694244,12.478187156901814,0.14706893015914357,0.001844845279484364,0.17023022628859308,1.6277409835200254,nan,nan,nan,0,100391.66956029148,-1.2483324488491792,-0.17714368835630345,9.419521352490317,-0.0027173042732750244,7.330595681176333e-05,0.008741812195433766
71.5,173.61657849984195,37.123246031944454,78.5038807508326,7.5314442136007385,0.026764498539883153,1.3296022237751512,0.00031153080142165557,0.1332293480258273,1.5637820940180647,283.4336393852305,77.87160581483667,74.35758175156894,3.931948328539174,12.509523361977376,0.11796489571936424,0.0020123701467081867,0.16989830480633872,1.6279087384753415,nan,nan,nan,0,100393.38429693552,-1.228345656900549,-0.02577698004027265,9.486422892191367,0.012859650484149273,-0.005051087924167735,-0.0032282365196557557
71.60000000000001,173.61934166545873,37.887301170523585,78.53392752288774,7.534745029361536,0.02598470144017261,1.295010409616102,8.63510905935172e-05,0.13263572921556221,1.5637575521846219,283.82716538966287,79.12446297787609,74.36796689790361,3.9381463000370864,12.547176940431923,0.09020809359938342,0.0018434823503661324,0.16929983141515126,1.6280591035070882,nan,nan,nan,0,100380.37734676492,-1.2144263848943637,-0.09095805120589445,9.437141850921384,0.007925443419083883,-0.007527225689866094,-0.0024180915703615317
71.7,173.6221574137347,38.651173001232614,78.56105047091799,7.53727561172972,0.02546870835930252,1.261448546367577,-0.00013966834719236765,0.13193785145523962,1.5637299982196027,285.1125006661826,80.05315943834731,74.44656750100289,4.030302257145941,12.536681940934274,0.0745744420603256,0.0020138792560774332,0.16824338244228687,1.6283326231966293,nan,nan,nan,0,100379.58865363405,-1.2259515965017356,-0.052630291008140435,9.447282341479545,-0.00691585830447437,-0.00711626220835692,0.004739209228120067
71.80000000000001,173.62500336418788,39.414800836540486,78.5854699809591,7.53881423946166,0.025236906769901146,1.2304979681075081,-0.00032938773203039506,0.13130724984056696,1.5636997967912079,285.5158378055251,81.3085813834805,74.4526877473222,4.037901412539557,12.571438035567882,0.04818350252507832,0.0017488430354127837,0.1675704927346917,1.6284616199649267,nan,nan,nan,0,100374.27962615181,-1.2160678746283464,-0.18044907275056965,9.462452750305603,0.0030014270401551198,-0.00560612110511241,0.005103839497251602
71.9,173.62786100007116,40.17813403586423,78.60741269241827,7.539393745068722,0.025260114673762147,1.2030090447925794,-0.0004639045493948224,0.130845399311333,1.563666852932206,287.13694287170057,82.09419663121382,74.55478881954672,4.165707108797831,12.54123988419843,0.041109241981397995,0.0023323482430410714,0.16663452539188817,1.6287089659107665,nan,nan,nan,0,100380.9319982324,-1.2382167684690444,-0.055669859969674676,9.493944502838954,-0.0002874084451131068,-0.003551482520302965,-0.003882766233985142
72.0,173.63071746404412,40.941140038434305,78.62708769481355,7.539227827962096,0.025483414864750642,1.1788587962857846,-0.0005360599019671453,0.13058620611542704,1.5636309396850328,287.5538589472719,83.35005350534955,74.5578001323061,4.173739420259389,12.575885680279352,0.019781045013241138,0.0022081801462766615,0.1663430400437773,1.6288506981294755,nan,nan,nan,0,100393.99895375536,-1.2533405213702207,-0.14115250003273777,9.497762291078335,0.004838309112027393,-0.0018575048047815472,-1.1995644059837902e-05
72.10000000000001,173.6335661308842,41.7038065294022,78.64468307886536,7.53854490506558,0.025837303277134783,1.1581266102532384,-0.000551110932047405,0.1305191159429726,1.563591953504198,288.7366850906196,84.29477541825965,74.6217769437531,4.255390803161136,12.56675340663733,0.010829745096314769,0.002561735780468699,0.16597679473444216,1.6291052466906768,nan,nan,nan,0,100386.78701779495,-1.224368487388221,-0.21049272896446908,9.49975621171974,0.005728480176049773,0.0003521481764320103,-0.0003471152443317645
72.2,173.63640607696115,42.46614049838558,78.66037684170713,7.537616118088762,0.026254847903694988,1.1400945230960555,-0.0005182298719831335,0.13060191366695761,1.5635499604646959,289.1626362399282,85.55320323999717,74.62192985463399,4.262909038586989,12.601943538559178,-0.006661916934451252,0.002787966107654194,0.16605857459698048,1.6292958034509342,nan,nan,nan,0,100394.06687500823,-1.2237711414897574,-0.029716610452889314,9.576495325109155,0.010573686902635975,0.001171330326044637,-0.002647581122507914
72.30000000000001,173.63924111162964,43.228161740335565,78.67431076629512,7.536647643503142,0.026677602126182243,1.1241586494507139,-0.00045190674399342434,0.13078144567031913,1.56350502245379,289.30510094402143,86.93859104826653,74.59658535264488,4.244039298411661,12.653013789647986,-0.026863529082777924,0.0026754359088614343,0.16631696403142748,1.6296129211897914,nan,nan,nan,0,100373.97034740112,-1.2269613131734127,-0.037608630614632946,9.578987677347998,0.007290973769818942,0.0012185498406838404,0.0037009941670350004
72.4,173.64207824278753,43.98989840587974,78.68661109483948,7.535774314507698,0.027060810169565613,1.109847925468514,-0.0003683735463803073,0.13100740015877954,1.5634573073255233,289.7299653183273,88.20565209424304,74.5931544001994,4.25268691716843,12.688347796738583,-0.04082317572293467,0.0028419126512068127,0.16656091278732066,1.6300601891520907,nan,nan,nan,0,100381.77435793394,-1.2544746696997242,-0.1206752200515748,9.555250045382827,0.0012925526475254592,0.001992096243048794,0.0010496919478894333
72.5,173.6449260791555,44.75138239058368,78.6973983739091,7.535064514121304,0.027377267722158198,1.0968211614104213,-0.000282213059026315,0.13124009544875936,1.5634070696228468,289.7885518646552,89.64472905781126,74.55695778751436,4.224224038643971,12.745559713267028,-0.060581915417009705,0.002441151722990864,0.1669246795538224,1.6304692562353598,nan,nan,nan,0,100385.99911094773,-1.25307355582147,-0.07952844490589933,9.580908619200548,0.00271756815146623,0.00113255769810726,0.00018288842955758544
72.60000000000001,173.64779344974727,45.512645446307545,78.70678886998019,7.534539234191824,0.027617675221452847,1.0848114165841085,-0.0002021805114016395,0.1314521437083953,1.5633545987759463,290.21128226042634,90.92106676405058,74.55022506459473,4.232055067683385,12.780899681775884,-0.07427305222645202,0.0022408724383981005,0.16710089376766235,1.630637469325237,nan,nan,nan,0,100383.3514730195,-1.235764530640567,-0.12176453016457106,9.514952918728522,-0.002211446456560499,0.0021233847127386804,-0.001994526371434887
72.7,173.65097975554517,46.34981420293362,78.7156416424041,7.534148486241181,0.027795793398871504,1.0726777891242099,-0.00013036479694028547,0.131645754775082,1.5632946028117383,291.1625563704894,91.94486460561738,74.58830755772465,4.29219518200389,12.783014863502906,-0.07870114212146849,0.0026475996433652504,0.16702733944659198,1.630670452584702,nan,nan,nan,0,100384.65382922097,-1.248455254260751,0.042869861170601084,9.525969296072509,0.0016784983306956487,0.003014433960720664,-0.0046964488687932125
72.80000000000001,173.65361780295765,47.034621177806535,78.72183615009426,7.5339456088005265,0.027884341752629042,1.0634928771899932,-8.673090924005145e-05,0.1317699112426971,1.5632439494908867,291.5920458683967,93.22494648076133,74.57985344249293,4.2980150270381925,12.818544080528927,-0.09076175433207286,0.0021510274798433038,0.16715269036279579,1.630717117482278,nan,nan,nan,0,100375.97158882262,-1.2500104951489404,-0.08417253057983547,9.569764479843585,0.004959969540921115,0.0017481057991064683,0.001592285323754274
72.9,173.6565864460788,47.795380378473745,78.72772166785315,7.53379102768299,0.027937607057466157,1.0542281569114802,-5.447420596882413e-05,0.13187641829358876,1.5631862577012443,292.90752699799253,94.05401585251701,74.6494580170626,4.3890682495352085,12.79538943093702,-0.08862860457553971,0.0024660618554253055,0.16682772598383822,1.630949406467818,nan,nan,nan,0,100400.49757620749,-1.2811724562748688,-0.09780651582783854,9.588392030841153,-0.0010942346947625764,0.0011143288590812013,0.011133797700658565
73.0,173.65959767925295,48.556012257214626,78.73267087917307,7.533681817228687,0.027960045637384284,1.0458926432615718,-3.647099052750402e-05,0.13195649678900256,1.563127280634942,293.3469960280907,95.33533845739208,74.64015878743642,4.3999397908539555,12.831355289842923,-0.09718158462450455,0.0024926915461928045,0.16690074522492826,1.631120894233892,nan,nan,nan,0,100362.83354095489,-1.2635459958990347,-0.16086255863608,9.598525861644289,0.000787233600170733,0.0017793738970865167,-0.0020634455376189013
73.10000000000001,173.66265337577906,49.31653165952597,78.73679266043293,7.533589509021152,0.027967011722439088,1.038493242089211,-2.9614402307087673e-05,0.13201829516687558,1.5630671460173706,295.34520105755206,95.77335352321082,74.77310504608955,4.553446611816792,12.7585160672434,-0.08161466357069563,0.0033064268473343983,0.16621453332021585,1.631137860143327,nan,nan,nan,0,100381.52626340899,-1.2209719752543673,-0.13361496174747228,9.668463385099013,0.0038087482773766783,0.0009288005188132358,0.0035032540432667634
73.2,173.66575432719864,50.07695123593947,78.74018913818641,7.533498152189968,0.02797116853062282,1.0319929732313506,-2.968308988204882e-05,0.13206876284852864,1.5630059480605638,295.80092589515607,97.05094829512613,74.76443494933996,4.5611284665243135,12.793310023516621,-0.09149750624749871,0.0032209447854359974,0.16624446484680222,1.6312329454679522,nan,nan,nan,0,100407.05892838101,-1.2393710736314778,-0.05538501297779491,9.617557482078679,-0.010739502756012367,-0.00031132169322042506,-0.004967207666840318
73.30000000000001,173.66890064344213,50.83728206829462,78.74295446439817,7.533398602770541,0.02798085953706203,1.0263640244096475,-3.325456497760282e-05,0.13211335590969853,1.5629437497442447,295.10779559973315,98.99457877119298,74.64649247549721,4.463951414170619,12.913364597852318,-0.1131810192579987,0.002212506262436409,0.16681832160119847,1.6316887411084835,nan,nan,nan,0,100391.34236643002,-1.2740424735131337,-0.1191316920398777,9.645494748259782,0.0030008040190845574,0.0009150117770225702,-0.0030664137046370783
73.4,173.67209209657327,51.59753422830886,78.74517491910659,7.533290081204233,0.02800060351181364,1.0215421086403382,-3.751245010152893e-05,0.13215553158833515,1.5628805956920553,295.55459579058993,100.28769168401556,74.63498829108757,4.471510366849707,12.949230440576049,-0.11715191964792199,0.002071568562973747,0.16683894498893115,1.63165132933748,nan,nan,nan,0,100384.65483650124,-1.2697874469760635,-0.02308022361856625,9.658510243333565,0.000792316428442068,0.0002707923530720135,0.0035979066061501996
73.5,173.675328406485,52.35771702678604,78.74692769598134,7.533175544562637,0.02803181530774339,1.0174541385777143,-4.0361462288363015e-05,0.1321969718911964,1.5628165126716658,296.29098942293865,101.40770514477387,74.65113404146842,4.504956955924333,12.96286381799652,-0.11763779295433571,0.0022442697704792014,0.166713778202215,1.6317429575371625,nan,nan,nan,0,100362.61283657674,-1.2587668914936305,-0.03198201935155956,9.701150909330654,0.005762952373013205,0.0003955717696301671,-0.0012850530192014878
73.60000000000001,173.67860943929117,53.11783920853787,78.74828169270266,7.533060121844966,0.028073455647141875,1.0140195874264983,-4.05724519140227e-05,0.13223800349248416,1.5627515212689604,296.74173636324474,102.70577578584901,74.6392237732717,4.511378873848921,12.998586894448033,-0.12071554262160432,0.002263487039319223,0.16671070798093846,1.632043600147129,nan,nan,nan,0,100385.05348346297,-1.2205285525482608,-0.09602337800006357,9.708597913068303,0.008272593188496331,0.0007670355932349644,0.0025137721953940465
73.7,173.68193532007018,53.87790897634465,78.74929773805152,7.532949019168493,0.028122888297476677,1.0111588677952674,-3.780793928509496e-05,0.13227814518304215,1.5626856378007115,297.5010562989404,103.80713370786368,74.65804039983041,4.544989542194666,13.009610910447332,-0.11801028203108928,0.0027816843345727094,0.1665616426495089,1.6322058546753584,nan,nan,nan,0,100393.11708329912,-1.2376156667916394,-0.1187814401122094,9.67931037144402,0.00452658246916578,0.00040927669042195575,0.0014979251100652041
73.80000000000001,173.6853064688464,54.63793396686565,78.75002926166351,7.532846654663471,0.028176863762244257,1.008793103271366,-3.21957606700396e-05,0.1323165465071916,1.5626188768481524,297.95598905028135,105.10987818785577,74.64612870812307,4.5529487647736335,13.045169755969129,-0.11988290142480927,0.002763268904258931,0.16655549155015836,1.6324118378091679,nan,nan,nan,0,100382.76688834238,-1.2955537065521783,-0.10635427050816548,9.745335613145532,0.0018104601673262393,0.00010677056954097957,0.006802254005471022
73.9,173.68872358352016,55.39792119007332,78.75052291339347,7.532755860944741,0.028232201553940333,1.0068501758548905,-2.4206552368344347e-05,0.13235230044863222,1.5625512520678666,298.76795149124604,106.16927744243509,74.67126451922663,4.593523555960292,13.049950627155216,-0.11607538516969355,0.0031405140950399035,0.1663352005018155,1.63259303789595,nan,nan,nan,0,100372.73527783559,-1.2781158613100347,-0.09016965364101874,9.70411065999117,-0.010551675595129786,0.001401522622047959,0.004127457835972823
74.0,173.6921875836493,56.1578769847026,78.75081941289807,7.532677939844336,0.028286084667342948,1.005268771971656,-1.4574970834124734e-05,0.13238466724818476,1.5624827806827626,299.2278492911527,107.47603996083933,74.65958390825294,4.603320796433745,13.085254208922958,-0.11793102779095493,0.0031685724717230856,0.16637474253916573,1.6327620506005154,nan,nan,nan,0,100418.56550272231,-1.2340295959504661,-0.03121045084485114,9.65117815186637,-0.0009578419713802784,0.0016118535936143269,-0.00012617325162297553
74.10000000000001,173.6956995376271,56.91780698301729,78.75095419059407,7.53261275645157,0.028336407356855782,1.0039969110100482,-4.077180297490379e-06,0.13241324732390503,1.5624134830721448,300.86352789072885,107.9169068690868,74.77522011748535,4.719202228885887,13.014646367514388,-0.09989767620031757,0.004047585046818569,0.16562874927016757,1.632747986546205,nan,nan,nan,0,100370.96871020785,-1.2432686773817343,-0.10913871342491341,9.727075196569272,0.0018916090339948322,0.00030779935403366495,0.006099209861168872
74.2,173.6992605900362,57.67771611537858,78.75095806140732,7.532559338007765,0.028381844226795357,1.0029869943584946,6.641690081798934e-06,0.13243793167612616,1.5623433776780313,301.3359293016456,109.22011324733349,74.76524849249205,4.729047752616609,13.0493743277858,-0.10002039329501768,0.0039006112338718646,0.16563499129246306,1.6329935979555144,nan,nan,nan,0,100358.96911987607,-1.265906291877305,-0.046661559604690366,9.709089129173575,0.00040327723026283577,-4.7840267865935626e-05,-0.0006376481440554141
74.30000000000001,173.7028718959232,58.43760863283956,78.7508576991681,7.5325161615975915,0.028421911748166506,1.002200559545332,1.7083178603383153e-05,0.13245882255754693,1.562272480429297,303.1290296905859,109.48073146219282,74.90471075500449,4.8575448807711545,12.957230966115926,-0.07811837107368952,0.004833971924566027,0.164785172635032,1.6330757526582944,nan,nan,nan,0,100374.07175006026,-1.2714514032091977,-0.05138452530126179,9.744789861296614,0.0021306948035699825,0.00015496074292328032,0.0047982277421038414
74.4,173.70653456814142,59.19748815066554,78.75067608139338,7.532481487291932,0.02845666820857893,1.001605493775279,2.687940864687377e-05,0.13247623952030652,1.562200808139398,303.61538416212477,110.77817094881264,74.89702246181953,4.868963442914777,12.991611614789305,-0.075914973260908,0.004836550404586859,0.16475734913490458,1.6333046986334945,nan,nan,nan,0,100369.61768182328,-1.265247509469785,-0.05574738136849293,9.659029607625559,0.002410696297834164,0.0007871707321546433,0.0001052052285042866
74.5,173.7102496463955,59.957357709806374,78.75043287355226,7.532453617219396,0.028486582189388633,1.0011721972144678,3.582002554958219e-05,0.13249061847553123,1.5621283730396351,304.8484852110605,111.44399405193028,74.9780473798899,4.9501737047078995,12.948736202169561,-0.0613275626281943,0.005479915416205627,0.1642044418445432,1.6333387438584053,nan,nan,nan,0,100365.0119665992,-1.2468531944905183,-0.09669020194223962,9.712532837347885,0.004862046105254109,-0.0009036566465407813,0.009262528736176678
74.60000000000001,173.71401808051903,60.717219849677946,78.7501448243633,7.532431091098961,0.028512480871327284,1.0008757077843522,4.389210695732171e-05,0.13250239398494812,1.5620551820475632,305.3440818549881,112.74058331860887,74.97193065577737,4.962167378902774,12.982592536179569,-0.06057617639108425,0.005467452166177611,0.16416510294605735,1.6335133646142235,nan,nan,nan,0,100404.09024482759,-1.2657226542391011,-0.09507661087350507,9.750918478765257,-0.0011309455793726449,-0.0009617451058643059,0.00015963260017856726
74.7,173.71784072774562,61.477076673798614,78.74982606425094,7.532412674518976,0.028535226767324645,1.0006955575832908,5.1165700741262476e-05,0.1325120011617229,1.5619812367422705,305.91995399989696,113.96786082095934,74.97577755693807,4.980403037400947,13.008002371221716,-0.05839011558249064,0.00520711733948187,0.1640594459062017,1.6338366428335391,nan,nan,nan,0,100389.77961946295,-1.2259667825128704,-0.05381181755508929,9.728126517040181,0.005780973877081764,3.854493921991674e-05,-0.0008749220410633812
74.80000000000001,173.7217183613582,62.236929923827596,78.74948853409815,7.532397551849131,0.028556028325634704,1.0006110654890732,5.7750950681501045e-05,0.13251984966138664,1.561906531404055,306.4184796890246,115.27042368960147,74.97008405630785,4.989978428930605,13.04253617677391,-0.05623166316255814,0.004922597353433256,0.16403437916469144,1.6339375423694897,nan,nan,nan,0,100378.59741991764,-1.2721608355203133,-0.08021755004602006,9.701796345811983,0.0008236770900951645,-0.0010805658431734765,-0.0031753478233947892
74.9,173.7256516647768,62.99678099670343,78.7491415986039,7.532385319687849,0.028575248396720637,1.0006012456490412,6.384075448484516e-05,0.1325262034283783,1.5618310976364513,307.24181097281365,116.25367571246984,75.007395869414,5.029446867189331,13.037555898342099,-0.048748057194934434,0.005099586238803244,0.16376910334009454,1.6340827368373116,nan,nan,nan,0,100373.3727509953,-1.2579901953962382,-0.03210108068687513,9.734368119758543,0.0013375120888517336,-0.00033876689143653256,-2.0581489423843668e-05
75.0,173.7296412909618,63.75663103420559,78.74879304824154,7.532375282335808,0.02859351489993278,1.0006543535549832,6.959069645018356e-05,0.13253133503900894,1.5617549209736752,307.74521528879643,117.55908813557538,75.00262441247673,5.038452711345551,13.070642965777004,-0.04652263830899646,0.0050451271776380535,0.16373476779046525,1.6342256189865307,nan,nan,nan,0,100384.72491017972,-1.2733502491842965,-0.08247589800477832,9.697172616447185,0.002760773521486765,0.00041420861740570046,-0.002268391879380071
75.10000000000001,173.73368785418867,64.51648095789879,78.74844918378407,7.532367124254601,0.028611414716393994,1.0007564859928568,7.510424390611004e-05,0.13253546303013541,1.561677985468037,308.61546279372607,118.47039262723023,75.04969908597182,5.083903708847703,13.057876188170825,-0.03783416435498752,0.0050788450754566394,0.1633896915840447,1.6343915690212545,nan,nan,nan,0,100385.63568053502,-1.234785951632142,-0.06713400563175512,9.760428616324655,-0.0030859171636163757,-0.00022047307317345073,0.0012104445017851022
75.2,173.73779194692685,65.27633150397105,78.74811502364368,7.532360400917281,0.02862929752112703,1.0008990926287544,8.053255564777206e-05,0.13253876238855367,1.5616002708665198,309.1243486609081,119.77780133384456,75.04604722976494,5.0952727620541065,13.090548499833027,-0.03568835432499283,0.004981919841136495,0.16336826989261177,1.6345269227762858,nan,nan,nan,0,100374.48071616449,-1.2380946649246956,-0.08927229271050759,9.688853385390637,0.002656041731702115,0.0008932772446161626,-0.003848412556489626
75.30000000000001,173.7419541344338,66.03618324046127,78.74779427174441,7.532355455273186,0.028647529797815652,1.0010653160500627,8.604332798611836e-05,0.1325413115957368,1.5615217951351266,309.9855448424277,120.66942025996022,75.09587400403832,5.135134175243942,13.07454703035555,-0.02595881120952553,0.005125820754173782,0.1630221666668774,1.6346936598833275,nan,nan,nan,0,100375.29237377328,-1.2470368839670676,0.005193281850654152,9.75993477260206,0.0004300355864884577,0.0007566850831786174,-0.003831390062572879
75.4,173.74617499452822,66.79603657883334,78.74748942672169,7.5323518221869845,0.02866578580880035,1.0012497671043104,9.162922382965899e-05,0.13254321522041934,1.5614425561470253,310.49959989181616,121.9784478277819,75.09326995382378,5.146438237774198,13.10654814327498,-0.025676421271530376,0.0047547640293285065,0.16298208173640494,1.6350792486885597,nan,nan,nan,0,100404.44204677163,-1.2405740482230903,-0.10459544384501396,9.710865489381154,0.007662822736368006,-4.557877590906576e-05,0.0057137627542142196
75.5,173.75045511781434,67.55589182422098,78.74720237573885,7.53234934648025,0.028684149529788473,1.0014453539898738,9.732477980251009e-05,0.132544560177571,1.5613625405445766,310.3546276450765,124.1625525465983,74.9822051922679,5.097346034500776,13.24045691267972,-0.03867766703519512,0.004378792843854229,0.16364303293829652,1.6354411637573492,nan,nan,nan,0,100373.0961772848,-1.2820777463630142,-0.1263698146205138,9.714834960845367,0.005207621840645049,-0.000775333902036696,0.0008796557335246464
75.60000000000001,173.75479510507793,68.31574917718793,78.74693427713845,7.532347819075172,0.028702553748382674,1.0016469753558208,0.00010311499868431717,0.13254542471653274,1.5612817361749722,310.86488988795355,125.48821055165006,74.97838868788254,5.1073975972377,13.273207792592308,-0.03709438404361121,0.004570528098579718,0.16360532457221955,1.6354737789505998,nan,nan,nan,0,100373.56115706945,-1.2618139864648281,-0.1082284619904998,9.743464331417803,0.004036600629857558,-0.00017298247414019083,0.0036212098780149912
75.7,173.7591955637068,69.07560875365179,78.74668574967082,7.5323470892836,0.028721066608910013,1.0018488665044232,0.00010901624197845461,0.13254588557737312,1.5612001331418073,311.3220067360588,126.89736903360658,74.96491907632456,5.114510430603267,13.315414008268064,-0.037836716902212346,0.004498742244723464,0.16364261264464086,1.6357541222020222,nan,nan,nan,0,100371.24534021755,-1.2379751858957686,-0.0903253984485073,9.732919192320514,0.006429603577179529,-0.0003917390007356572,-0.0009387750065815948
75.80000000000001,173.76365710951916,69.83547059480958,78.74645690814445,7.532346979140163,0.02873956967139758,1.0020477368179233,0.00011500952000731424,0.13254601057688942,1.561117722821003,311.83391367966914,128.23054121724434,74.96126207049849,5.123501568426326,13.347804370801782,-0.03555306543790018,0.004434197297905285,0.16356693147189394,1.636085185597696,nan,nan,nan,0,100403.34571244649,-1.2818078385941922,-0.020031100847982153,9.745259418010793,-0.0017168291232225546,0.0006994021613985302,-0.0056005026411801336
75.9,173.76818037243558,70.59533468813557,78.74624756354137,7.532347331251479,0.0287581011227916,1.0022416106359882,0.00012106850846616002,0.13254585986737633,1.5610344881576483,312.43830957686384,129.41377247977033,74.97617226680633,5.143079889912299,13.363370729901023,-0.029438008440975803,0.004486434959869223,0.16342457994908144,1.6362354203233227,nan,nan,nan,0,100393.84116613374,-1.262090355780716,-0.059982551064947945,9.755642800907516,-0.0004779124477625439,0.0012885892386526952,-0.005623527918863025
76.0,173.7727659852157,71.35520097210639,78.74605720665579,7.532348003332575,0.02877667298890737,1.002427478030817,0.00012719927939564002,0.13254549235128987,1.5609504181130929,312.95303550693836,130.75177055476325,74.97337910633176,5.151055356791595,13.396481607747132,-0.025995000657874294,0.004075989887660114,0.163412031084601,1.6365043015239418,nan,nan,nan,0,100382.82505017993,-1.228024260341776,-0.06557222533707088,9.728380974026013,0.00620651846699216,4.982310458642814e-05,-0.0007590661049504878
76.10000000000001,173.77741458691833,72.11506934929965,78.74588512743972,7.532348893200674,0.028795342963227777,1.0026035987116004,0.00013339875294404724,0.13254496475075928,1.5608655001569147,313.534105132168,131.96669653873394,74.98571118355446,5.1667994473099705,13.41413140390111,-0.022219947456284927,0.0037593353907265925,0.1632812904846641,1.6367377029451076,nan,nan,nan,0,100378.31775689451,-1.278262429275581,-0.028818894000152487,9.72209918553455,0.002222330804095334,0.0006241847639161021,0.0054708098949369545
76.2,173.7821268250438,72.87493969534445,78.74573044182024,7.532349902218871,0.028814068909812023,1.0027700415112037,0.00013964271158406483,0.13254430993589938,1.5607797196807007,314.0510060562457,133.3096878782961,74.9835793449333,5.17239114432932,13.446270551752118,-0.020529538564457016,0.0035737548421094223,0.16322042264171066,1.6369550265436956,nan,nan,nan,0,100375.35089364837,-1.2454230879537742,-0.12713774630647293,9.801176482392485,0.002372164645956844,-0.0009723473477725312,-0.007894245561785137
76.30000000000001,173.78690335210902,73.63481186670931,78.7455921671876,7.532350960051299,0.028832992869010178,1.002925218919081,0.00014595271264761234,0.13254356894806252,1.560693062241934,314.3795909757494,135.08575540601382,74.93216888965402,5.16498912212688,13.527783959875382,-0.024088715257647574,0.0034389580450713275,0.1634924757455598,1.6372558199969227,nan,nan,nan,0,100389.60233181133,-1.2557285250088568,-0.1283254962081934,9.754743321103781,0.002834733599161192,-0.001196106315733833,-0.007720511623367498
76.4,173.79174482605876,74.39468570454083,78.74546923080494,7.5323519827847125,0.02885210314003193,1.0030686569000138,0.0001523336888342719,0.1325427813164315,1.5606055129471048,314.89654695268575,136.44024584553821,74.92982320875952,5.173325460360777,13.56167894053438,-0.022905957292353132,0.0030293602017070764,0.16342232348497565,1.6375626658246032,nan,nan,nan,0,100389.48951809858,-1.2481522673548973,-0.08903399694775431,9.705830890784952,0.001315269451550006,-0.00017984559766662638,-0.004238333520762003
76.5,173.7966519143323,75.15456104505677,78.74536054870373,7.532352943855439,0.02887148374508407,1.0032011878262075,0.00015878189598017567,0.13254196230054793,1.5605170533839945,315.361926957058,137.94237686715553,74.91120765496504,5.175841270035384,13.610476715326454,-0.024861868919454893,0.0027432710609033295,0.16346124456198985,1.637673936903091,nan,nan,nan,0,100384.55633439674,-1.296216634539262,-0.015396070801316095,9.728309834794537,-0.001766097244961604,-0.00046937092200968587,-0.003037924541798605
76.60000000000001,173.80162529081582,75.9144377197642,78.74526500672168,7.532353807595291,0.02889119065387046,1.0033225024079548,0.00016531536518582524,0.1325411321063641,1.5604276680734115,315.87977815677925,139.30502433031896,74.90881145427984,5.181528471168064,13.64263556267217,-0.023497155086594234,0.002396970807441612,0.16340940318787078,1.6378540108509623,nan,nan,nan,0,100380.32619127253,-1.2505684702926139,-0.039419667088465775,9.768312018512136,0.0040477647757444155,-0.0010907870756429812,-0.002293467749960024
76.7,173.8066656370814,76.6743155585975,78.74518149454327,7.532354540296161,0.02891127542013175,1.0034322471120356,0.00017195238015965675,0.1325403180258775,1.560337342398399,316.4594016018564,140.4562683575875,74.93047001099443,5.194880649763785,13.651343731685667,-0.017401683596986163,0.0022212533263900047,0.16318334741246776,1.6377838107215101,nan,nan,nan,0,100387.05847203892,-1.2676205786871075,-0.11095416469474936,9.758132321725828,0.003972389961271387,-0.00042608366556161326,-0.0004815469397833219
76.80000000000001,173.8117736461025,77.43419439534497,78.7451089316747,7.532355135888432,0.028931691729533342,1.003531693394332,0.0001786909577077278,0.1325395205100537,1.560246059993367,316.979533254089,141.8230021428024,74.92878446281621,5.206717599947699,13.683706506898574,-0.015818208524176623,0.002075383565632638,0.1631398540798108,1.637739972250945,nan,nan,nan,0,100377.98380825184,-1.263756604067292,-0.06658799920902608,9.672657435046336,0.003839356319099649,-0.000515978673976973,-0.004904296665420222
76.9,173.8169500269357,78.19407406915269,78.74504628938922,7.532355577100873,0.02895255614102127,1.0036213419010314,0.00018553844419666454,0.1325387473056039,1.5601537950444067,317.57794989409126,142.82091281385297,74.96802086015934,5.222343573957527,13.67448498358642,-0.008642156527438797,0.0023161287538288056,0.16281575615574306,1.6378054944922753,nan,nan,nan,0,100381.69180775249,-1.269943271198857,-0.0772077730199573,9.772928327645864,0.0027301589708506662,-0.0005262696771611561,-0.0006201489620400967
77.0,173.82219549695327,78.95395442340434,78.74499257281451,7.53235584793177,0.028973882539520258,1.0037011145188501,0.00019251674297604549,0.13253801216472727,1.5600605280253514,318.1005420812563,144.18998553772792,74.96731649977177,5.228972319521489,13.706811969260997,-0.006077926834434153,0.00243902240141447,0.16275273469242335,1.6381023237221357,nan,nan,nan,0,100374.14657360066,-1.2669386980277497,-0.049238859474863436,9.7116599640362,0.00795511091844032,-0.00038255584531657913,-0.00030755135512476205
77.10000000000001,173.82751078628374,79.71383530910873,78.74494684780373,7.532355956401898,0.028995743882175583,1.003771963372514,0.00019963890865670741,0.13253731703698124,1.5599662406182617,318.69285731315153,145.03636895920374,75.02343600544538,5.244415304080171,13.680097661750724,0.002168146630114814,0.0024770149339917724,0.1623097607710624,1.6382068094325382,nan,nan,nan,0,100375.01107518085,-1.2602132199375462,-0.14735006318989974,9.727748395360045,-0.0041593114666186055,0.00024372656902690908,-0.0028971518371740104
77.2,173.83289664210932,80.47371658518348,78.74490823506117,7.532355899703454,0.02901808420747686,1.0038348541643454,0.0002069011763931039,0.1325366608946621,1.559870910669979,319.2176551935955,146.40595782605948,75.02376104742468,5.251673729537026,13.711948762597284,0.004838620283054332,0.002459704106879901,0.16223929605740017,1.6382065060272761,nan,nan,nan,0,100385.53275385799,-1.2460757603892103,-0.060220872982743784,9.748515266682903,0.009357441289012941,-0.000954220506438299,0.001603755711129203
77.30000000000001,173.83835383369308,81.23359811900143,78.74487592813492,7.532355662833976,0.02904086412890286,1.0038900971629554,0.00021431403745164612,0.13253604388348394,1.5597745019314733,319.7422312193954,147.79671534804055,75.0223823565182,5.260613672115137,13.745671110873214,0.005442786243785332,0.0025389416591965475,0.16220680958852407,1.638512917411152,nan,nan,nan,0,100386.14444009333,-1.237052460941727,-0.031717225220071775,9.724617982250983,-0.0029643923325463617,-0.0002729346188895707,-0.0049059839577754736
77.4,173.84388315128544,81.99347978663326,78.74484920356483,7.532355244298053,0.02906456795882944,1.0039382734651416,0.0002219189042822478,0.13253546663516436,1.55967696797704,320.268655038605,149.17283101891385,75.02293260948407,5.268027914880761,13.776415102863298,0.006010533945127116,0.0025781392083681354,0.16217326557276612,1.6385755054857958,nan,nan,nan,0,100380.15371877934,-1.2675194442571283,-0.012599212661659046,9.765864864311528,-0.003396226920029673,0.0008601317336404948,-0.000537341433322023
77.5,173.849485380007,82.75336146936496,78.7448273568284,7.532354662550823,0.029089120567308984,1.003980121396907,0.00022973129144199245,0.1325349425176756,1.55957831296528,320.7908829282876,150.31912965005026,75.04800584972551,5.273227491691457,13.781651412646072,0.010513725818536915,0.002464026014791454,0.16193737747108594,1.638611745774003,nan,nan,nan,0,100369.23595078452,-1.277828106307185,-0.11360657744041032,9.725298864655445,-0.0007220740836812319,0.0002775848064376745,-0.003461522503844198
77.60000000000001,173.85516132318972,83.51324305738977,78.74480973211759,7.532353934674478,0.02911395149519449,1.004016116688183,0.00023772566450275256,0.13253447120019501,1.5594785481932196,321.31852556813544,151.69881361037255,75.04918077408892,5.279308308035369,13.811953799798495,0.01296892395701745,0.002400026777360731,0.16190494602427385,1.6386052716450157,nan,nan,nan,0,100391.9521605406,-1.2744450966555905,-0.08766310625344377,9.714419434725395,0.004578044131086903,-0.0008400190133067896,0.0029786907291143696
77.7,173.8609118319959,84.27312445205368,78.7447957690808,7.532353067926245,0.02913916743032476,1.004046829920508,0.0002458803974462187,0.13253403140554365,1.559377626054729,321.8798208995891,153.4234452367584,75.01530896707344,5.289739985354739,13.880979064421451,0.01076862897933129,0.0021709430683669595,0.16209044750055313,1.6389314925527236,nan,nan,nan,0,100384.68566162314,-1.2800622683808112,-0.19417737404868055,9.780213842051737,-0.004457762852640865,-0.0004558252346222809,0.0019318913454731757
77.80000000000001,173.86673776738192,85.03300556022421,78.7447849541669,7.532352055068918,0.02916488063107229,1.004073054089349,0.00025419534903969865,0.13253362814709413,1.559275511777873,322.4090977207763,154.81312752926905,75.01650002115669,5.295325928422716,13.912527385508477,0.012409192274637956,0.002022123787591812,0.16204100670533306,1.6391080026069504,nan,nan,nan,0,100381.31049635526,-1.2690584468932395,-0.16909749908164384,9.690253850378426,-0.0038122258163668776,-0.001188642159688084,0.0010510398228284672
77.9,173.8726400032126,85.79288629557367,78.74477682697348,7.532350893611186,0.029191214028931323,1.0040949838816942,0.00026266506544858625,0.1325332711111793,1.5591721785522683,322.7680222722429,155.21016867619863,75.1194135737592,5.294448835152718,13.833348535756564,0.028268287108721063,0.0019391378149161698,0.16123514458281063,1.6389960927315301,nan,nan,nan,0,100369.49659968028,-1.2561605964447442,-0.06176417620097653,9.695352488657047,0.003929825481196925,-9.677261596424198e-05,0.0008308095530588504
78.0,173.87861943416814,86.55276658125246,78.7447709951566,7.53234961385602,0.029218183609743542,1.004113439444099,0.00027132479937053144,0.132532931162614,1.5590675930315294,323.2979786109803,156.59502130029182,75.12229550200551,5.303189150663954,13.86389604855364,0.029413749248641877,0.0020444042204680324,0.16119119445001173,1.6392620727988731,nan,nan,nan,0,100371.57704930315,-1.2286152987274663,-0.08035900928764,9.731353481555123,-0.0046152587040078925,0.00037970362920510675,0.0023113834420838146
78.10000000000001,173.8846769871855,87.3126463444031,78.74476710904088,7.532348204106766,0.029245888267357245,1.0041286596371444,0.00028019932172784756,0.1325325991132673,1.558961695032381,323.84671818434595,158.05590296228476,75.11802176408298,5.3120310929010754,13.902520478006013,0.030472262136142576,0.0018709118231525768,0.16119411188248045,1.6395013296426393,nan,nan,nan,0,100364.31952783998,-1.2472422841949895,-0.06543706527181417,9.724403144944073,0.0033660397807279375,-0.00031582044825341656,-0.001475989029651797
78.2,173.89081358099153,88.07252551105535,78.74476481861375,7.532346611934552,0.029274646865630905,1.004140837437855,0.0002893023938314032,0.1325323427162004,1.558854486196581,324.37812855367287,159.44771155693326,75.12122260044401,5.3161310191828015,13.933598976693052,0.03406309650756364,0.0017384522065450048,0.161107806363882,1.6396783573475746,nan,nan,nan,0,100369.97989833904,-1.2645013073654345,-0.125976783536562,9.707287544164059,-0.004976478897383564,-0.0009963438090473684,-0.009419421039459305
78.30000000000001,173.89703016863746,88.83240402333418,78.74476387490988,7.532344928041934,0.02930393251936252,1.0041509088798173,0.0002986388315382449,0.13253209702523816,1.558745949202457,325.0911126952282,161.40415142513655,75.06869889710866,5.3363845888297,14.025622603133383,0.02684263045745546,0.0017027119213582909,0.16143603230640813,1.6400869421834119,nan,nan,nan,0,100396.83245377216,-1.2281955151894817,-0.1552217866797799,9.68828454446608,0.0014806288612726187,0.00014982438662113897,-0.0019136697353039005
78.4,173.903327740004,89.59228182355318,78.74476403494047,7.532343137173855,0.029333894183763413,1.0041589025421758,0.0003082155537446063,0.13253185951581337,1.5586360401408634,325.6252048480085,162.80828270198745,75.0714159634748,5.345132581241269,14.056442510356407,0.027763418389593068,0.0016638314750231364,0.1613976798477892,1.6404273976705848,nan,nan,nan,0,100383.31620846254,-1.25724165686932,-0.07205668959346935,9.752088062956116,0.005006321523091501,-0.0012287270903261983,6.553039509087782e-05
78.5,173.90970730948615,90.35215885442547,78.74476507378435,7.532341207578895,0.029364543752260098,1.0041645849755592,0.000317996332001691,0.1325316642082921,1.5585247123269053,326.4271168976592,164.88700829408958,75.0080771040932,5.369471252798187,14.1607913808216,0.019987626678814246,0.0013931506618896083,0.16180912582395268,1.6406315909552736,nan,nan,nan,0,100372.71130368373,-1.2274646736005552,0.016150336391072093,9.761153404918907,0.004924481780294062,-0.0016191611661257011,0.001728208121546934
78.60000000000001,173.91616991152648,91.11203506734073,78.74476682417082,7.532339183125897,0.029396071523880896,1.0041689902521889,0.0003280193106477425,0.13253148235054035,1.5584119262164475,326.9643645300901,166.30466871934112,75.01017150391878,5.37603302862699,14.19223706593901,0.021908676590288573,0.0014121123197462504,0.16176206728973663,1.6410417328015678,nan,nan,nan,0,100374.40384879117,-1.2661018393297685,-0.06901025062686676,9.713388316862297,0.0066665465868372895,-0.0006697170510997156,-0.0005526263828757962
78.7,173.9227166032435,91.8719104164265,78.7447691400251,7.532337068911021,0.029428519690481714,1.0041723730137948,0.00033832845046288806,0.13253129317440848,1.5582976486336775,327.1412878015447,166.96243446754283,75.08692948641122,5.359125525664717,14.139800844235689,0.03390826574343773,0.001385427541287787,0.16109770647131372,1.6412340857816319,nan,nan,nan,0,100368.5076542219,-1.2680082482110744,-0.054985667908367605,9.812506523334523,-0.0004768603243142295,-0.00023394419185126278,0.004160473431691088
78.80000000000001,173.9293484702084,92.63178485247977,78.74477186932482,7.532334815891289,0.029461773709289894,1.0041740684963314,0.00034888886535466845,0.13253114383554143,1.558181843767082,327.67763349513183,168.37795652596535,75.09052627613775,5.3677884600288275,14.17044712089294,0.03730262012327148,0.0012117452712940846,0.16101055382870033,1.6415350764096646,nan,nan,nan,0,100377.22627392804,-1.288230439888911,-0.13791759670464404,9.712137240327603,-0.001060448981251247,0.00033884602437237566,-0.0021539583403391363
78.9,173.93606663253271,93.39165833375756,78.74477491129998,7.532332464118262,0.029495984608330368,1.0041748421528394,0.0003597187613221253,0.13253101452289506,1.5580644617200323,328.02312995967765,169.44740016227485,75.12803735870882,5.36168132689382,14.160895174801707,0.04220851844795278,0.0010308849906435213,0.1606532328038408,1.6417796864377967,nan,nan,nan,0,100378.56903730576,-1.2620718134385123,0.024791104649702564,9.715862537011638,4.6843578016332686e-05,-0.0012720994516292865,-0.002806849683569541
79.0,173.9428722359268,94.15153082312935,78.74477819380398,7.532330049594927,0.029531150154699436,1.0041755143734654,0.00037087135175051245,0.1325308593644512,1.5579454610119787,328.55954222595284,170.86496287265402,75.13224068282224,5.368045678108965,14.191111466262436,0.04329406273059872,0.0010722590403693388,0.16056041240868169,1.6419806492841584,nan,nan,nan,0,100383.93878669139,-1.2502538896050075,-0.13401050376202456,9.71677340837893,-0.0008269335881582855,-0.0009898567629162492,0.004100702613405505
79.10000000000001,173.94976645959503,94.91140227637219,78.74478161578477,7.532327499586802,0.029567345439754193,1.0041749222800882,0.00038231967006718826,0.1325307319632023,1.5578247947369794,329.11835496450976,172.32050457771544,75.13326498636805,5.372872785652929,14.22433563095117,0.0433198455113409,0.0009965765632014012,0.16053826693471307,1.6421823479194668,nan,nan,nan,0,100388.77272808121,-1.260704711648871,-0.052598303860253305,9.672312355798445,0.001040817881651869,0.0007260246564778745,0.0010306882505088475
79.2,173.95675051019109,95.6712726541319,78.74478511651678,7.532324836676883,0.029604548363059043,1.0041735890022134,0.00039406991975787786,0.13253063442681912,1.557702423823402,329.6559588665531,173.74441270354734,75.13752782494277,5.378288794618224,14.254022366509604,0.04299734392685129,0.0011238399532077503,0.16044918029235755,1.6423912741675828,nan,nan,nan,0,100386.96001671253,-1.2482183869688241,-0.055484622911841905,9.71555843726986,0.0030202471451615353,-0.0009043166700202014,0.005232851800883216
79.30000000000001,173.96382563658668,96.43114192366954,78.74478867389197,7.532322118776877,0.029642821943505353,1.004172579446864,0.00040617750978144684,0.1325305044339875,1.5575782918613779,329.87671815460334,174.71841693787727,75.18510906549334,5.36077276788873,14.234364443648904,0.052126534392806484,0.0011152245450850584,0.16001319979759088,1.642549309406422,nan,nan,nan,0,100386.61133288968,-1.2447864326642886,-0.13710610455170164,9.755212430624706,0.003893555552120045,-0.0010755361598954601,0.00033675697821213576
79.4,173.9709931189373,97.19101004418205,78.74479222832062,7.5323192779719275,0.029682211764138884,1.0041709381490045,0.0004186236664811549,0.1325303848991075,1.5574523497245665,330.41317297095304,176.14335014008094,75.19041931768442,5.367412057959815,14.264256495678222,0.05352224448856485,0.0009705305667399022,0.15990186058322764,1.6427950954127808,nan,nan,nan,0,100370.52179143488,-1.2412481924885415,-0.019930052186211453,9.714352879982648,-0.0005071078923069476,-0.00016248923477897662,0.0034013226258610713
79.5,173.97825427336295,97.95087697585107,78.74479574095126,7.532316307703719,0.029722729333582627,1.0041684611971906,0.0004314002954797225,0.13253029949269468,1.5573245456388034,331.0315638157032,177.67600989982444,75.18594301327889,5.379635904986191,14.305704019938362,0.05417275158914246,0.000628935213828008,0.15986387334736318,1.643207249363012,nan,nan,nan,0,100384.58258844784,-1.2223675715842985,-0.10656765401957528,9.702649231906003,-0.0029525018040708817,-0.00041001586522433566,0.004940785999058047
79.60000000000001,173.9856104546054,98.71074268628605,78.74479921788932,7.532313274415847,0.029764452202537744,1.0041664969944581,0.00044457175453549436,0.13253018653578152,1.557194824728393,331.569727492792,179.10799072863975,75.19138772378471,5.383744951474208,14.334237670937316,0.05472646130042173,0.000654307088570838,0.15978062854485553,1.6433877946353603,nan,nan,nan,0,100383.22151829397,-1.277392760657508,-0.114078754699991,9.668419150534957,0.007074126209189995,-0.0003323212571927131,-0.0028978492612085
79.7,173.99306305838383,99.47060713659083,78.74480263368051,7.532310131790669,0.029807409677599365,1.0041644577627438,0.00045813182561693644,0.1325300648014096,1.557063128970607,332.1117456525584,180.54673135972524,75.19661687777577,5.391699408353669,14.364116415784318,0.05694924108555256,0.0005660117252813679,0.15971678904641973,1.6436591536151637,nan,nan,nan,0,100378.4667197925,-1.2553616889596821,-0.15106270382399303,9.683850161165582,0.004855229650853122,9.33378471217397e-06,0.00036807020847401915
79.80000000000001,174.00061352069397,100.23047028460225,78.74480596033166,7.532306843868744,0.02985163390278999,1.0041615933986558,0.0004720597416105754,0.1325299767267516,1.5569293977667737,332.6512383004293,181.98462576641083,75.20237023292351,5.397318606872752,14.393337977565439,0.05797373527032301,0.0003364530491256623,0.1596465113522949,1.6440240593083344,nan,nan,nan,0,100370.98311132076,-1.2495113399557078,-0.08274815979433331,9.717619876684674,-0.005118974797610896,0.0005717275580245621,-0.0006244808585965551
79.9,174.0082633197505,100.99033209528525,78.74480921739405,7.5323034736169445,0.02989722741610682,1.0041590656272894,0.00048642161593992483,0.13252986978700032,1.5567935678198466,332.63486224128144,182.82669203101653,75.26426591966182,5.361756002455067,14.358184209776613,0.06777132919902963,0.0002512791711395401,0.15910661196490405,1.6442309252966327,nan,nan,nan,0,100391.47666720914,-1.2192441037454205,-0.1685232496063142,9.677983350253372,-0.002331932234450309,-0.0012980154122728797,0.004900683601757537
80.0,174.0160139799018,101.75019252928419,78.74481240420725,7.5322999992006405,0.02994424800171073,1.004156870424004,0.0005012351402383652,0.13252973966463233,1.5566555723905222,333.1713990167078,184.2639298205028,75.27106493040405,5.369422511891327,14.386414325721093,0.06879191479155587,0.0002413174130602158,0.1589967554583387,1.6444755900775039,nan,nan,nan,0,100396.12874904386,-1.234513060095085,-0.07747913590298673,9.719706926210742,-4.490305085439296e-05,-0.00048204825611538287,-0.005192165990902321
80.10000000000001,174.02386707026207,102.51005154100214,78.74481549959904,7.532296364966281,0.029992750979565552,1.0041540592244855,0.0005164739042571309,0.13252963801237172,1.556515345379731,333.2524479434089,185.25039039890333,75.32027203748649,5.342569979146882,14.365253719594866,0.07630880066954995,0.00027783833885752784,0.15854388292741928,1.6446270024520084,nan,nan,nan,0,100374.26346642777,-1.2747498974589528,-0.08382847295126417,9.700246415206069,0.0004582286637841615,-0.0005892040184531376,0.001519498860134899
80.2,174.031824210817,103.26990909072052,78.74481852744202,7.532292624516631,0.030042737608156584,1.004151315774023,0.0005321918320501107,0.13252952519249606,1.5563728114009607,333.78711801765456,186.68826934526257,75.32793293954447,5.351430914691457,14.392845978606797,0.07734123547297109,0.00017535490646092278,0.15845166338447525,1.6449456706285117,nan,nan,nan,0,100398.41628813994,-1.2224213137576554,-0.21752795757890145,9.712652833079149,0.0016084864358899367,-0.00053367386962674,0.0007921548460911229
80.30000000000001,174.03988707493707,104.02976513592995,78.74482150150043,7.532288771127836,0.03009444162452679,1.0041489596918567,0.0005484346857241862,0.13252938277897264,1.5562278882515823,335.2907045410961,189.02318610242963,75.25279798293028,5.425729428450917,14.51846162393626,0.06798078211559098,-0.0001578043217747016,0.15908852169563503,1.6454885405493207,nan,nan,nan,0,100379.75224959846,-1.262927479839863,-0.09950939586326979,9.735419901444327,0.008130383079889668,-0.0002760089141891056,0.0020275971433712297
80.4,174.04805738684757,104.78961962710102,78.7448244106,7.532284750001111,0.030147876999178563,1.004146391195797,0.0005651835026772023,0.13252925383247738,1.5560804974212026,335.833751851594,190.4764583751226,75.25976043913671,5.4344502537920665,14.546925936821497,0.07146651101273523,-0.00025033357872839,0.15900363888158342,1.6456960889010133,nan,nan,nan,0,100396.4123246486,-1.264774445171809,-0.16575034729008004,9.729767122827903,0.0007650712916833249,-0.001012889427327704,0.0027418022420466156
80.5,174.05633692539965,105.5494725169342,78.74482726981354,7.532280580004894,0.030203163325520643,1.0041436385286129,0.0005824835241281523,0.13252912837852682,1.5559305594972466,337.2392672986161,192.67536883280667,75.19820347312387,5.499486403102603,14.657488422720524,0.062650395219873,-0.0005042454454637912,0.15947722203948977,1.6463321578550654,nan,nan,nan,0,100374.92032151806,-1.2662392752453138,-0.07773768534219247,9.75887466384025,0.003112916712973235,-0.0008333440091665895,0.00012842685518772148
80.60000000000001,174.06472753318906,106.30932375840237,78.74483010561886,7.532276284425642,0.030260281409421035,1.0041411310810964,0.0006003883375529373,0.13252897128961139,1.5557779829199725,337.78931457913075,194.14254269358818,75.2046125277525,5.501115947561337,14.685451031880119,0.06500148112056094,-0.0006248370931075664,0.15938536318287078,1.6465348654271015,nan,nan,nan,0,100361.71888430146,-1.2864401754818418,-0.04051242734383542,9.683177531539851,-0.004746753509121698,-0.0007913756934839545,0.0001694197037677538
80.7,174.07323111617538,107.06917329664036,78.74483291305081,7.532271807938978,0.030319477001847357,1.0041386754702695,0.0006188935063036194,0.13252881645523962,1.555622671827893,337.0384906790534,194.56198189055155,75.30819365657574,5.416621065071737,14.598028745491984,0.07996703794830493,-0.000986229593469501,0.1584288254971442,1.6465165696678203,nan,nan,nan,0,100386.06104755306,-1.2762466995492512,-0.1630123916375909,9.741642224030695,-0.0014051301656354933,-0.0006132620453304608,0.0021038494525439924
80.80000000000001,174.08184964548397,107.82902107745497,78.74483570808313,7.5322671619623405,0.030380690951458667,1.0041362523757325,0.0006380250540204413,0.1325286565733339,1.5554645268321172,337.5802627179507,196.02314470453948,75.31623061603912,5.418555676202316,14.625645672353798,0.08067571693457042,-0.001060273646912413,0.1583514870077558,1.6468002408892546,nan,nan,nan,0,100394.15786703736,-1.226021839671688,-0.08193504423777684,9.742284237064998,0.004988595516803703,-0.0004506977285081295,0.0040288192066780795
80.9,174.09058516323282,108.58886704446338,78.74483850889622,7.532262342352654,0.030444237036183347,1.004133485295072,0.0006578553343329352,0.1325284781295768,1.5553034382924045,338.1970258999895,197.54372948226177,75.31908359347467,5.429552599153655,14.65913637343363,0.0794719454046004,-0.0012646497541715096,0.15830176826349418,1.6469396197773234,nan,nan,nan,0,100382.37650236653,-1.2543443453087273,-0.04653408832926284,9.698444402898092,0.0016436241633275548,-0.0005676522474792461,5.417174715263663e-05
81.0,174.0994397791504,109.34871113634173,78.74484132288701,7.532257322853906,0.03051018818079334,1.0041308888509506,0.0006784067516342196,0.13252829368155505,1.5551393041111141,338.7401367441474,199.0109760845015,75.327113186628,5.434119577417561,14.685958242926006,0.0807845425187352,-0.0014177388883369613,0.1582260813112064,1.6471875086302035,nan,nan,nan,0,100382.69312919115,-1.2558478771318498,-0.07995786212696543,9.741917408386685,0.003308357638547533,-0.0004811732771711168,-0.005652343560127832
81.10000000000001,174.1084156871841,110.10855329080819,78.74484416713429,7.53225210916609,0.030578485148367772,1.0041288149794219,0.0006996944623591794,0.13252809363645301,1.554972004830508,339.3677462200482,200.5411082513862,75.32972316843143,5.443817317291142,14.719879365566376,0.0814510771077267,-0.00145533779425433,0.15817874615115124,1.6472812498952518,nan,nan,nan,0,100403.1707536008,-1.2778360948609515,-0.06312020752232937,9.727746074894634,0.0016265000927111113,-0.0001994356646883943,-0.0020538236748651314
81.2,174.1175151637589,110.86839344097464,78.74484705162489,7.532246674934823,0.030649496944415953,1.0041260127433014,0.0007217829670366216,0.1325278828400276,1.5548014103303243,339.9124201561307,202.01448281266457,75.33797691579859,5.449062143752028,14.7474242162049,0.0830470757657783,-0.001427367554534209,0.1580829598678628,1.6474408847679312,nan,nan,nan,0,100391.7039820937,-1.2565131174552884,-0.01709958820223273,9.70766988854725,0.002950671811026374,-0.0007055697726239543,-0.0027207251937274636
81.30000000000001,174.12674056616487,111.62823151633931,78.74484999082709,7.532241008516534,0.030723323589077624,1.0041229815053576,0.0007447247773052501,0.132527661491737,1.554627393324795,340.4469021783527,203.4833783857355,75.34705859386214,5.454350894044834,14.773539382339417,0.08566597663553722,-0.0015474780737878557,0.15796593345386256,1.647551220820757,nan,nan,nan,0,100371.91673077573,-1.2551329748773714,-0.12750081585031972,9.716124345956938,0.0021309598286606323,-0.0008843734657976625,-0.002896165040094849
81.4,174.1360943468124,112.38806744463382,78.7448530053823,7.532235113156443,0.030800079729906626,1.0041210098554958,0.0007685546187518044,0.13252741284736125,1.5544498153428483,340.9925403518191,204.96211912834656,75.35572210605753,5.457742532479544,14.800945564261314,0.08705865503463833,-0.0017161898222646244,0.15785193361497063,1.6476632161298532,nan,nan,nan,0,100392.42144503379,-1.2282917616127706,-0.10147117686963372,9.706375810945143,-0.00636745263958126,-0.0010096838861394113,0.013392368783027742
81.5,174.14557905190037,113.14790114675438,78.74485609759395,7.5322289437674215,0.03087998195987216,1.004118403699808,0.0007933168628262433,0.1325271585750345,1.5542685356544532,340.7043611918854,205.9077452295221,75.41394567351011,5.403234256411494,14.769407170668956,0.09465626136027953,-0.0022804966674567773,0.15732964614348943,1.6477097388944952,nan,nan,nan,0,100392.85883342626,-1.272384782814578,-0.08446580669417626,9.671621012260418,0.0029009633057619786,-0.0005795399006681476,0.002047196290002103
81.60000000000001,174.15519732707907,113.90773254019045,78.7448592820361,7.532222494880047,0.030963001131680334,1.0041148562259397,0.0008190681661767174,0.13252690036585646,1.5540834061240734,341.2448793363996,207.3859908279288,75.42349052069387,5.407982578079461,14.795952713947917,0.0972014085255176,-0.0024527142388268697,0.15721976584171538,1.647812635398303,nan,nan,nan,0,100392.5327114901,-1.2601423259627467,-0.15254095597099612,9.708888498724074,0.005391939209738331,-0.00112076973520734,-0.00034568305666097176
81.7,174.16495193299056,114.66756154117918,78.74486258616756,7.532215776913775,0.031049617290827013,1.004112533075737,0.0008458794976708983,0.13252660660868765,1.5538942565148657,342.8317532920715,209.50562547020402,75.37422153922127,5.482693001290323,14.893849472193454,0.09099829548902486,-0.0022450473096344847,0.1576977299651683,1.648254437732499,nan,nan,nan,0,100379.67595913234,-1.2280703344622674,-0.10392692733246338,9.723460646656937,-0.004187772761374786,-0.001004230276844504,-9.062298052129204e-05
81.80000000000001,174.17484575547135,115.42738805970721,78.74486602868276,7.532208768184167,0.031139697151207336,1.0041104239330394,0.0008737728004585277,0.13252626445655924,1.553700886260994,343.3802772567879,210.9963655367835,75.38336404888297,5.487931798112599,14.920914531476834,0.09186573367511773,-0.002370892688592474,0.15761037052616822,1.6481864267879516,nan,nan,nan,0,100385.88800891998,-1.2653170009699692,-0.05174094668522754,9.694907702215115,0.0005758333897801585,0.00010159554567645162,-0.0011405041516533267
81.9,174.18488178571934,116.18721199240225,78.74486959430365,7.532201366435134,0.031234056150957357,1.0041061525608284,0.000902850904470287,0.13252594251013639,1.5535031083967494,344.3768246143903,212.75007761172728,75.36835946286148,5.526066451232857,14.978202715561231,0.08795571954750145,-0.002358999392004235,0.1577510502746935,1.648446743866283,nan,nan,nan,0,100374.75964898292,-1.2537698352232531,-0.12547641647145327,9.705903455225602,0.003875022530377218,-0.0007702466727803164,0.004018741852756247
82.0,174.19506315237615,116.9470332414031,78.74487334068196,7.532193642476139,0.03133282017585377,1.0041029613490386,0.0009332529113318389,0.13252555778737785,1.5533007104791383,344.92965637520376,214.24932465354954,75.37715745982712,5.531107298309908,15.006908562420413,0.08828748332869399,-0.0025367988838048694,0.15768399662179067,1.6484529515973398,nan,nan,nan,0,100390.26124124754,-1.2488796347275628,-0.08967962855865493,9.680649442817575,-0.0017805687368506276,-0.00098859704987628,0.008387592303020908
82.10000000000001,174.20539312105961,117.70685169625953,78.74487727477812,7.532185525573695,0.03143625184531844,1.0041010455151098,0.0009650325703896012,0.1325251274537782,1.5530934825910732,344.3360271309157,215.11507786027983,75.44530566746681,5.458015915294341,14.96279737003401,0.09836293086063876,-0.0027437938353250813,0.15705707930413104,1.6483132942461105,nan,nan,nan,0,100372.48337223321,-1.2431715673742172,-0.06830693424056056,9.740726621468136,0.0009349510483421452,-0.0006808432093783215,0.004992576567470305
82.2,174.2158751032203,118.46666723352674,78.74488137822065,7.532176914999954,0.031544634392364004,1.0040964765345401,0.000998241262571753,0.13252473199300852,1.5528812059224468,344.88193842007047,216.61273122950448,75.45523454577449,5.458837184225555,14.98971735137365,0.10009734485152856,-0.003302482042859989,0.15694361508469612,1.6483387013238135,nan,nan,nan,0,100361.7227571979,-1.244466966242459,-0.03884003907926043,9.679855230459594,0.0007897549267008161,-0.0006001358165757155,0.0005224692144665901
82.30000000000001,174.22651267837122,119.22647973598377,78.74488571778386,7.532167906927692,0.031658069253800644,1.0040921639034337,0.0010330488011647265,0.13252427407336365,1.5526636266193252,343.7323595811023,217.21425191277677,75.54931660818961,5.3445315008077525,14.914421290572164,0.11248586815588232,-0.003964917412235036,0.15609147926957467,1.6482977595783987,nan,nan,nan,0,100390.20383462674,-1.2440008384649563,-0.06357962459640647,9.712086641556892,-0.003361022847384967,-0.000490390934716302,-0.0027969086078913326
82.4,174.23730960762862,119.98628907467052,78.74489032218517,7.532158450260463,0.03177719717692455,1.0040901526248214,0.0010695430746632262,0.13252372584933436,1.5524404613233334,344.26705596256625,218.70699054332388,75.56077974691449,5.348757770568605,14.939995978128925,0.1166097920447789,-0.003941423467374139,0.15600009305619,1.6482903794624937,nan,nan,nan,0,100369.5826310972,-1.2415750885252832,-0.10126411236748781,9.733292832186356,-0.0004516921571681605,-0.0007592087369094201,0.0031305484540899236
82.5,174.2482698206272,120.74609509920003,78.74489515586083,7.532148377005273,0.03190238529238153,1.004085682577278,0.0011077492977312753,0.13252320921638594,1.552211435712152,343.90269556072576,219.74599235548007,75.61546788543836,5.291650024280608,14.913719744487501,0.1252787998212288,-0.004162318097871487,0.15548504675649144,1.6482989517018933,nan,nan,nan,0,100375.0542661689,-1.236796330637161,-0.07176440119598537,9.748829514729103,0.0029798970716198754,-0.0006579731425657441,-0.0013936258074663923
82.60000000000001,174.25939744345536,121.50589766365835,78.74490028057792,7.532137760854431,0.032033920451934476,1.0040797540258133,0.0011478868524597008,0.13252264993388962,1.5519762439287588,344.4319566785004,221.23860130039168,75.6280389811335,5.293581949973448,14.9385488213979,0.1256840933110773,-0.0042919528548356345,0.155371658279847,1.64845507568876,nan,nan,nan,0,100377.98288779943,-1.2531813912103684,-0.13488004375362353,9.720151159197364,-0.0007363106441111858,-0.0005794956165996058,0.0023438641216830965
82.7,174.2706968323528,122.2656966158385,78.74490576935855,7.532126621476424,0.03217236182561276,1.0040769326980739,0.0011901383521562003,0.1325219402393505,1.5517345244286425,344.7948050001546,222.65268965458728,75.64837725933205,5.284305078904319,14.954561532330773,0.12873328256652053,-0.00441477597439055,0.15518438944617619,1.6485755159639526,nan,nan,nan,0,100385.07452751348,-1.2244603204168811,0.03309927864505935,9.700702399996608,0.005196104387043909,0.0006383548856530893,-0.001966595926384272
82.80000000000001,174.28217256796088,123.0254917712414,78.74491157945461,7.532114711630813,0.03231851838339096,1.004072704420566,0.0012345216073990084,0.13252122839905045,1.5514858994769092,345.3232876785161,224.14933849409465,75.66115515750472,5.284855007939159,14.978533315991145,0.12773472369130484,-0.004418879651710728,0.15511253809199577,1.6488262729457075,nan,nan,nan,0,100388.22388241143,-1.2485307685388065,-0.05714367323384449,9.731691857367135,0.012169648667993013,2.032300320908495e-05,-0.005106276379079474
82.9,174.29382945515758,123.78528294246806,78.74491775104283,7.532102025286025,0.03247309144050313,1.0040652314690524,0.0012813044943131846,0.13252050776102076,1.5512299938787444,347.0226605649848,226.19468357351664,75.62190961879602,5.365229320112362,15.066054396911925,0.12109334318243346,-0.004359221080891373,0.15554287590493754,1.6488078716122883,nan,nan,nan,0,100388.48274976347,-1.258618723912364,-0.12771554507749772,9.735886599972932,0.0026192307645607153,0.00012015725830573517,0.004059956083095173
83.0,174.30567257721947,124.54506994254379,78.74492440049688,7.5320886532403035,0.03263646811829364,1.0040604563165252,0.001330805762928211,0.1325196052475235,1.5509663810125316,347.55944313525754,227.7025979789129,75.63417258834053,5.370161502115091,15.092274940239164,0.12374264050998339,-0.004555442339443938,0.15546966008539265,1.6487496396649988,nan,nan,nan,0,100376.7146540333,-1.2178126084119174,-0.2163553005079269,9.71176843812179,0.00046457407208131763,-0.0008478686556879799,-0.004654913057483272
83.10000000000001,174.31770732620322,125.30485254679417,78.74493150784808,7.532074339592336,0.03280939814000009,1.004056268195808,0.0013830428792906968,0.13251863925231944,1.5506945713033906,349.83826625879937,229.99363189946257,75.57165234252857,5.487369179482331,15.207492365187019,0.11353686977865222,-0.0043861086017903395,0.15606414335726937,1.6488796593965924,nan,nan,nan,0,100385.95981840261,-1.243543478235482,-0.10128867910295698,9.747932829750052,-0.008411731449589645,-0.0008007812212663452,0.004404791923547911
83.2,174.32993940619772,126.06463051635882,78.74493910311263,7.532058993244395,0.032992839783063534,1.0040479678971161,0.0014382533013288512,0.13251764842290337,1.5504140260781407,350.38721565767287,231.51564385933926,75.58300919185207,5.490786639493037,15.232751769141897,0.11401338713037439,-0.004576177802056769,0.1559829033425726,1.648848240555944,nan,nan,nan,0,100386.18326142503,-1.2576762484606794,-0.11339793001374324,9.738394584824725,0.0016271972533829554,-0.001723878001293959,0.0013395822939896757
83.30000000000001,174.34237485696957,126.82440360987128,78.74494732735583,7.53204267608248,0.03318836658744713,1.0040403016252075,0.001496975290047664,0.13251644451107936,1.5501241679609987,351.83372869291594,233.42672895422322,75.5569782209223,5.554966644619552,15.303205130977796,0.10811063762571034,-0.004314201709626597,0.15623794631437637,1.6489879240675762,nan,nan,nan,0,100378.2135976942,-1.2408942395691973,-0.14595132709036,9.733751830954333,0.004645205535173211,-0.0003838194126396183,0.0011576149620326128
83.4,174.3550200892567,127.58417154410215,78.74495619692252,7.532025117330228,0.03339678309163337,1.0040348015824272,0.0015593697198947876,0.13251511330813104,1.549824397098947,352.38948455352283,234.95835823198573,75.56785360246867,5.557723713034258,15.32961714548623,0.10895845672101778,-0.004364779018181553,0.15613977290117398,1.6490097558958943,nan,nan,nan,0,100368.531312011,-1.2492546389615826,-0.04314613819304458,9.708737092573509,0.0017716271719267073,-0.001530856233966506,-0.003515466983380703
83.5,174.3678819375675,128.34393400925163,78.74496573288603,7.532006138628283,0.03361878611004422,1.0040258274973344,0.0016256154835309067,0.1325137537987675,1.549514031637834,351.7697239735178,236.00538070770085,75.62633422711865,5.480407335314518,15.298776200304387,0.11556064000035918,-0.004738066655280759,0.15558294173554654,1.64902903134748,nan,nan,nan,0,100387.37607994438,-1.2404042375880056,-0.030467590274785475,9.698504490076411,0.002381004799634219,-0.0011666911967268554,-0.003176208128724642
83.60000000000001,174.3809677062792,129.10369069293327,78.74497612438282,7.531985828873873,0.03385618768609053,1.0040152139785319,0.0016963803130820576,0.1325121232358366,1.5491922705099739,352.3179697135343,237.53655722563283,75.63791427138713,5.482976852053039,15.324824842691799,0.11652676616183189,-0.004779702112788553,0.1554856919819827,1.6489583181636447,nan,nan,nan,0,100376.56094665558,-1.243636855583514,-0.12674728249873557,9.751834783096701,0.0011695682451373288,-0.0005753013037401,0.000404809793377921
83.7,174.39428518950803,129.8634412306722,78.74498744575406,7.531963867748276,0.03411116111804811,1.0040067392681942,0.0017720831473337917,0.13251024353544882,1.5488582643552091,352.7129427660612,239.00907754523053,75.65568069218216,5.475854672050364,15.343905030344107,0.11882091240780365,-0.004841889069629124,0.15533453822602494,1.6489385245505637,nan,nan,nan,0,100386.77648144666,-1.219429031259193,-0.21202193765763636,9.69212637765525,0.0018200781694298449,-0.0012021720464845688,-0.005345642538702347
83.80000000000001,174.4078427457393,130.62318521339338,78.74499974348693,7.531939955679945,0.034384512804773185,1.0039968520303335,0.0018529434135469147,0.13250823546308022,1.5485110594504037,353.26060993709507,240.5447881036873,75.6676493444762,5.478246826044249,15.370285414937086,0.1205294555567263,-0.004827365019302143,0.15522913316639864,1.6489925139527695,nan,nan,nan,0,100391.24889196294,-1.2083131800465872,-0.07062736461454316,9.721107400301896,-0.0062576753701339095,-0.000962094986645476,0.0017758304874749512
83.9,174.4216493521683,131.3829222116424,78.7450132161332,7.531914019521051,0.03467950192139637,1.0039826062938428,0.0019398296372704626,0.132505924736658,1.5481495663669311,352.0359915076348,241.40135204303314,75.74777977735292,5.359626919910984,15.315055352474578,0.1316402227687352,-0.005602101567141471,0.15446410158559698,1.6486569554531427,nan,nan,nan,0,100378.3607876289,-1.2467227186756369,-0.1334327857764502,9.695336966552642,-0.010249329298506988,-0.0018243641389883497,-0.002846947012323144
84.0,174.43571465866387,132.14265174345047,78.7450280655903,7.531885791786695,0.03499839480345835,1.0039691335567706,0.0020335350508384753,0.13250318000705463,1.5477726002289465,352.57209743500596,242.93407961452812,75.76097383621111,5.364102072325769,15.3399886905856,0.13243346827634628,-0.005734098392651155,0.15435673461670762,1.6484362555617444,nan,nan,nan,0,100384.1427862587,-1.2395338387651051,-0.1389793240446765,9.71777098654806,0.00608092771847412,0.00028139726866355035,-0.0060121738186063615
84.10000000000001,174.45004944032166,132.90238109212765,78.74510434680906,7.531935017105065,0.03534247247381876,1.0064358649491443,0.0021339278346164114,0.13238135666992457,1.5473785038503982,354.12395777208604,244.84597111372403,75.73636337354935,5.436325316369629,15.411080333435839,0.1317856312790177,-0.00553061278463296,0.15447405285585925,1.6485611594599772,nan,nan,nan,0,100379.75438912745,-1.2444435571925196,-0.19562377871001757,9.794066429851478,0.004913195876341883,-0.008657189361598414,-0.003596362473296911
84.2,174.46471609742633,133.66319992878653,78.75534416905221,7.543463979352376,0.03568520198193913,1.0809116948384436,0.0022197528246024056,0.11240750419495327,1.546916673794101,354.6675258673581,246.38955075185012,75.75916485803812,5.434465872801483,15.458212755079204,0.3478337638256077,-0.005636835659002526,0.13458046160745285,1.6484420034290834,nan,nan,nan,0,100366.71599273637,-1.3480487893060764,-0.0904172663507451,11.068779288319334,0.0028600055989434587,-0.4236517521521472,-0.002694390891241583
84.30000000000001,174.4796916838745,134.42290909765154,78.7841473665846,7.534231047203365,0.03601049816161859,0.8494635894190641,0.002055572425904595,0.06261494137369605,1.5463630024004344,356.67645654009607,248.45943077177276,75.7472463515242,5.537687544474033,15.502593163939737,0.48670149753324143,-0.005557849826917094,0.08526924430060068,1.6486550232008126,nan,nan,nan,0,100382.86217564068,-1.457548991910572,-0.1559052826527756,11.024767375697252,-0.00032344061428900284,-0.5668715945375132,-0.0005923457772596196
84.4,174.49477142266983,135.17446813825214,78.82748496956866,7.45646577675097,0.03668309624314135,0.5686613497178743,0.001698500229202149,0.005878547095420128,1.5457882644436451,357.23072871500403,250.0058955312024,75.80308947160164,5.547733590837694,15.415971102990191,0.6404557847505519,-0.006008650256360992,0.028420908222402286,1.6488910911610712,nan,nan,nan,0,100368.95910288257,-1.5080683255242522,-0.18928015220363828,11.109150886870658,-0.00336629014608784,-0.5691665423605407,-0.005105065064273543
84.5,174.508344379568,135.91133293220406,78.8869092815596,7.31021560353498,0.08335832310901456,0.4215500192162218,-0.0033662883482465933,-0.047829227443235256,1.5480577909370572,356.8770734455583,251.22705107903917,75.90772742139204,5.435762630154162,15.223525505713603,0.9034987168323161,-0.011364560153958703,-0.025664329350805426,1.6518061741779118,nan,nan,nan,0,100390.97682675518,-1.5337130950290578,1.7045636488679368,14.714052583694917,-0.2656231550612647,-0.6984288827642574,0.13605620973427426
84.60000000000001,174.5079766728887,136.6271489715769,78.96759334555281,7.094862506734289,0.033089486752540045,0.0018747257415111748,-0.027776553070606336,-0.11040317252273191,1.5764507099955307,357.4137316873229,252.73849277031584,76.00231069887904,5.315366533372777,15.002907688852066,0.9102405107563538,-0.03541612424782925,-0.08816341678630812,1.6807341126630548,nan,nan,nan,0,100387.83208041213,-1.3928523888496245,0.5168154597586314,9.508757240375319,-0.13627462263646137,-0.4384306603598173,0.3690205701224805
84.7,174.49742383663892,137.31808290803028,79.04315579485434,6.824095864369812,-0.17077929830096888,-0.22793085416417566,-0.04395643055109688,-0.14326846219798584,1.6195724064897692,359.96324444912244,254.89545834669167,76.02145583268324,5.401754974104341,14.836401649298669,0.8879146431522256,-0.05005437898291365,-0.12027070173040122,1.7242302947393995,nan,nan,nan,0,100369.77917699222,-1.284447061616501,0.11552451670170336,9.821497908039394,-0.04957246305142231,-0.2753343347592486,0.45617749465438157
84.80000000000001,174.48091559175174,137.981353176322,79.11636879499332,6.523652415676466,-0.40775929046341924,-0.35871576345893724,-0.05367673659023975,-0.1624817273621304,1.6671668907888513,360.5022147904928,256.3660259198341,76.10923724174295,5.379905661232308,14.57281405401783,0.8686250821962669,-0.05914643091857663,-0.13933570313095944,1.7722138513802395,nan,nan,nan,0,100372.98793505617,-1.228026804443442,0.10628590666441151,9.953100158681394,0.00385849566423676,-0.16901038265897655,0.4697561010096864
84.9,174.46012785538554,138.6156540935683,79.18671499567661,6.205552347699131,-0.6387873861565816,-0.42305862184061177,-0.05924687801914674,-0.17355682433308584,1.7158990632623041,362.06932290990517,258.1328368262894,76.15918307403356,5.4401898232636094,14.342106017789094,0.8455762034593383,-0.06353397775983127,-0.15003538711975284,1.8208906649991112,nan,nan,nan,0,100363.51586266921,-1.1467722035314671,0.07513990604486603,9.891813712932574,0.05149918445985713,-0.11362253951923841,0.4794243413791144
85.0,174.4335292840123,139.27920759751808,79.26049494667517,5.84291507857796,-0.8727611112156944,-0.45587263981851683,-0.06304784541625352,-0.18046199626205972,1.7696758124740497,362.61340557090045,259.5533838965367,76.24257202741192,5.442511690497111,14.06864824256891,0.8216275790125683,-0.06610555500260096,-0.15638404814511242,1.8700457078917916,nan,nan,nan,0,100369.9554620284,-1.0991667445794302,0.1050347004071797,9.874311369151625,0.059919810568711186,-0.07954328156325442,0.47062021533327925
85.10000000000001,174.4096513399304,139.7953579191887,79.31768685207919,5.540110989705551,-1.0449510406472622,-0.46591370980403274,-0.06606272828915294,-0.18339618123643353,1.8135699191763157,363.4496701311025,261.03150928447934,76.3131144177736,5.473590857136665,13.808568952357373,0.7924320952727857,-0.06835226383504689,-0.15968450989755278,1.9186873623161036,nan,nan,nan,0,100363.66018673831,-0.9943939886085972,-0.021749018755626265,9.872783223551517,0.052136313779879956,-0.05369236380602293,0.47531238943703596
85.2,174.38161389102896,140.34073916078796,79.37755225322242,5.200470692551994,-1.2137599322498862,-0.4659661338565629,-0.07074701701772268,-0.1843575523977934,1.8621635032057038,363.99788752863583,262.39900148886295,76.3908885304476,5.491279617425873,13.541322782100044,0.7628323511582553,-0.07188119856245301,-0.16064866633355535,1.9671844353096892,nan,nan,nan,0,100383.98024215715,-0.9608357763957679,0.1024874494713982,9.791602963665271,0.037526390175684245,-0.03275000509329014,0.4710880514754474
85.30000000000001,174.35253789499882,140.8568175613047,79.43327616088244,4.860667637233056,-1.3566903599727747,-0.45900769235241184,-0.07781402966939299,-0.18292628021448887,1.910528467032682,366.60470669605206,264.27794447321025,76.39228373749519,5.647400757657813,13.348307524271943,0.7212136143201537,-0.07750300250590125,-0.15890781771518414,2.0157389164213524,nan,nan,nan,0,100372.18262765123,-0.8834707337387324,0.1624251548231513,9.735490871584576,0.0046193485059125685,-0.010593212157510594,0.47268178865288896
85.4,174.32270664454668,141.34400028883246,79.48471342284924,4.524256651743745,-1.4714063615789768,-0.4463227910282387,-0.08789698562330162,-0.17885710291738577,1.9586053547112898,367.17051355396893,265.5998344811739,76.46276637324632,5.668930383062592,13.090831424834928,0.6883422246721262,-0.08645217330695276,-0.1549709646741848,2.0638561377492906,nan,nan,nan,0,100370.76680996561,-0.842870466371844,0.134216894949787,9.781254088449368,-0.03513196846597638,0.012771038508034944,0.4713377315093705
85.5,174.2920488127441,141.80275544069224,79.53187360940531,4.195116590828614,-1.555702702813841,-0.4287814305883442,-0.10117611890795541,-0.17182405687319768,2.0063062093182635,367.70258618553356,266.88815247169094,76.53125303613717,5.683363160814789,12.834617205970451,0.6556359039516744,-0.09848992383238908,-0.14809604240929342,2.1118976021202363,nan,nan,nan,0,100363.75634694137,-0.7815678467891647,0.23094542664372905,9.815168491004945,-0.060200373740341255,0.03783780372075307,0.47223978018625606
85.60000000000001,174.26010486755305,142.233591102055,79.57488366109425,3.877453886738329,-1.607727274997639,-0.4072055949923121,-0.11759616660455996,-0.16149008532988618,2.053504967955255,368.271586150094,268.15918317101114,76.59527961197615,5.694547428085221,12.586747870466562,0.6242678089527982,-0.11384096298092006,-0.13803361401003444,2.159077782966513,nan,nan,nan,0,100383.19590610199,-0.7301240541405388,0.1566658784028252,9.835780016651487,-0.10211156652184569,0.06586392649973413,0.4736422677807158
85.7,174.22600896268466,142.63702854293902,79.61400230632866,3.5756840422643306,-1.6262256187489932,-0.38075230826999035,-0.1367214515009244,-0.1476676483302901,2.1000613136300634,370.9608245412042,269.77853588665835,76.57621094191848,5.831298169417191,12.397437073544028,0.5847300560795868,-0.1314662533551061,-0.1243155808925216,2.205660340472238,nan,nan,nan,0,100357.70368142516,-0.6982595857018928,0.20662494022322564,9.845250311609826,-0.13121013316263633,0.094472242051195,0.4765868716243518
85.80000000000001,174.1885092975533,143.0136253537937,79.6494152107501,3.2944563777864437,-1.610509906224528,-0.35014963556432627,-0.1582720164522834,-0.1300245636129702,2.145779693095995,371.5432967294714,271.00622006868383,76.6333923307222,5.815854567035039,12.157282107325006,0.55815274942927,-0.15181437932202746,-0.10703884373719674,2.251565236658758,nan,nan,nan,0,100378.09470890058,-0.6136152284723517,0.20357722226707942,9.814793371812518,-0.17269374934023882,0.12322742956951335,0.4737570102716375
85.9,174.14595402087167,143.36390947017065,79.68147550504966,3.038364117380875,-1.560697660927017,-0.31274071330127,-0.18146127259677391,-0.1087324107630252,2.1905293022522194,372.2110647251246,272.220263326876,76.68468777801755,5.7858124213137385,11.923474662134216,0.5349539706564088,-0.1742150597464862,-0.08608542087869675,2.296688200320359,nan,nan,nan,0,100362.60305094965,-0.5941453275269014,0.1869149250620769,9.821775817932934,-0.18381199582555088,0.14866742207640088,0.4724096089009514
86.0,174.09637892833405,143.68846066475666,79.71022171615272,2.8118325647125593,-1.4777947441171855,-0.2735902480102762,-0.20604033186088078,-0.08364267232260425,2.234111012040837,372.7869116836136,273.4008114602704,76.73694840330452,5.727927686348581,11.688953018827771,0.5095475901420333,-0.1979048545737072,-0.06136896738665487,2.3406740567411437,nan,nan,nan,0,100351.94534049765,-0.5690219869061813,0.1282620626582327,9.985679827357194,-0.21298657934238144,0.17855293411218617,0.47560626076489654
86.10000000000001,174.03748377434187,143.98780363602205,79.73577115523888,2.6190944927231525,-1.3632901685206662,-0.22649187416136568,-0.23113079146349969,-0.055225920443207954,2.2764834657504966,372.0118820188218,274.5057015942263,76.84354858327193,5.555086933076578,11.437254953661686,0.49343390059164416,-0.22264509203481775,-0.033317246914221776,2.3836119968105844,nan,nan,nan,0,100364.58339156909,-0.5229388380863408,0.18185511451628747,9.93169309028749,-0.23677962736340666,0.2006775432146441,0.4764158064645768
86.2,173.96669205348974,144.2624132643494,79.75822704909741,2.4636841035698316,-1.2197702654395954,-0.15859739374508072,-0.2555020380472226,-0.024544170745099514,2.317808951230252,372.5620298531081,275.63785829836286,76.89212668480359,5.44302955793663,11.205967371265434,0.4820590410331377,-0.24659975061520045,-0.003077598136800308,2.4253438804308445,nan,nan,nan,0,100375.02414520715,-0.5119274341350624,0.08646900207912081,10.11028198581598,-0.20689985327542199,0.1831702107007447,0.4735691734236639
86.30000000000001,173.88086702391482,144.51221267408226,79.78011535682803,2.3455616650597584,-1.0531759546773465,-0.06444148527293002,-0.2733668802814977,0.0013317624355559943,2.3600289161724897,375.281653252616,276.61634716210875,76.84118225929599,5.447421018518239,10.983250586677421,0.4810953824989712,-0.2631005452464452,0.022123989924336174,2.4678596931633363,nan,nan,nan,0,100348.96310792542,-0.48464964042695635,0.11009176350704013,10.115685702642656,-0.13178105219845368,0.09332110389954544,0.47145339123515334
86.4,173.77826520191186,144.73777064307026,79.79988303653715,2.259337325521803,-0.8727595456960714,-0.05620070158770363,-0.2810242441171835,0.023239089424376136,2.4031572700816097,375.8190279204121,277.70344088938293,76.88739053808997,5.30814932941318,10.767738405409156,0.3968759934312746,-0.26997186059152756,0.043465738834373546,2.511357501790716,nan,nan,nan,0,100367.29171510626,-0.47739811149466194,0.09551599905626952,7.720012490277373,0.07838993393280035,0.18710406542499416,0.4691855690514552
86.5,173.66112688839794,144.94262924991915,79.8025390291447,2.211068364742964,-0.6973243544068864,-0.07650186283682323,-0.252893729744057,0.06866570647479242,2.4398333392014075,376.9642158050214,278.65149190516075,76.88556288287631,5.222422290825783,10.580474443984809,0.21961446242754706,-0.24127154898404402,0.08816845151143182,2.5489040409839037,nan,nan,nan,0,100362.68281192849,-0.5368811602763999,0.17109514617886107,9.058572531254931,0.3884597727167483,0.4348920432027762,0.4709126137449157
86.60000000000001,173.52814414866515,145.12915109365278,79.79262294351203,2.21613907972378,-0.5546287603858647,0.012683043791333611,-0.20486081027067993,0.12369831049024849,2.4755888741715926,377.47886522196814,279.7014021083463,76.90294222292125,5.068445013695851,10.427227887801116,0.12833749759723098,-0.19272085874875367,0.1426387838583305,2.585387568400276,nan,nan,nan,0,100376.86068853132,-0.5392484556995131,0.14160154216093285,9.181280413001272,0.48035202888046524,0.46534151912406546,0.4719902840138142
86.7,173.37810901336616,145.3024616216307,79.7740262734327,2.2760865987216086,-0.4603611706748959,0.10376706005236629,-0.15097092902408416,0.17589702031115828,2.5144289641724207,377.64702229894846,280.864331421479,76.9316015301696,4.875494610291369,10.340444536583,0.05395975091843164,-0.13836804380532763,0.1943817571841795,2.6250204057268123,nan,nan,nan,0,100352.77802653256,-0.5146335087173097,0.054666902202588935,9.315544039870197,0.4802950749177089,0.42138519493912596,0.46906958293859496
86.80000000000001,173.21048131178867,145.46883303675597,79.74744974092918,2.38511492972662,-0.42204984680656643,0.17114826870162456,-0.0989865475078362,0.21949955904697438,2.5571840872106373,378.1255306371729,281.89626280309545,76.93320003069465,4.694092402300854,10.307467460745364,-0.028696690341377843,-0.0854565737873092,0.2373599635434045,2.6685827843384065,nan,nan,nan,0,100372.20525618138,-0.5023530605962846,0.12741293235529438,9.21432762575826,0.41522432013756194,0.34608481884368236,0.4719393373501801
86.9,173.02505046511513,145.63399829861757,79.71213013239824,2.5327390384355453,-0.4404920086242332,0.21428260689147488,-0.05411795303028444,0.25181224611827324,2.6032171074012,379.20875367258395,282.519636099182,76.88125786691747,4.552630443996844,10.30202760737373,-0.12416714892675028,-0.03949789436884843,0.2687434324677076,2.715401504017855,nan,nan,nan,0,100371.300183637,-0.5034600916555655,0.052120538617977843,9.014283013842654,0.28829164069127516,0.23933264296543771,0.4787340856336808
87.0,172.82172169030943,145.8023368980757,79.66702785336904,2.7054260070661327,-0.5094184389492507,0.21970238875028655,-0.020571749423489827,0.27146123851489046,2.6513650684734555,379.65438492420014,283.55230178537573,76.86395964264293,4.361347902000924,10.356240793202794,-0.22845167810910524,-0.005234710365164652,0.28764983303219593,2.7642755504808836,nan,nan,nan,0,100379.3243548802,-0.5101782845887877,0.01467534121085906,9.06151435056159,0.1492123381534531,0.12927862196626325,0.4719199254500135
87.10000000000001,172.60049594146753,145.97649189598758,79.6113476528252,2.888219303893445,-0.6168887110690104,0.19165716525153972,-0.0014028662189553565,0.2783566064156473,2.700440381706405,380.3271335851277,284.3238863463126,76.81303097198428,4.188407303196537,10.41011117360397,-0.34052806904775257,0.01468641279721683,0.293652594338327,2.8138396017767473,nan,nan,nan,0,100368.25671919697,-0.5437853121596015,0.052141009643215636,8.972729640127158,-0.011017657556875827,0.013182042060478039,0.4724510051629414
87.2,172.36163708119716,146.15753168108742,79.54486613374276,3.0665004153537914,-0.7527410849123927,0.12407008939129102,0.0021361596296405327,0.2740598889414174,2.7489470216391148,380.7364739963753,285.36879524156035,76.77365749729479,3.9999255761459946,10.488376340959443,-0.4486804984590164,0.01881360543116828,0.28851624816979204,2.862546902869134,nan,nan,nan,0,100376.36273037594,-0.5539231222789484,-0.06685867507212714,9.033356643332496,-0.16757968218331543,-0.08800541053975268,0.45787182897658957
87.30000000000001,172.10579757863078,146.34565284351768,79.46828442867678,3.230544060661464,-0.8926193884931605,0.02592960942346343,-0.008396275630575989,0.26156108116177745,2.794011639366523,381.4550260748694,285.8130055311827,76.68059185742926,3.845783865671108,10.517972748973893,-0.5488613947946088,0.008666375739003751,0.2749724108645317,2.9077349737680414,nan,nan,nan,0,100379.10642675262,-0.6204756316690848,-0.1481215287495768,9.368995808338422,-0.27551455599276337,-0.1628544449166557,0.42269762582718473
87.4,171.833225040569,146.5390714378278,79.38380362319218,3.3744627598275363,-1.004038680051091,-0.09167262747477492,-0.03180352157007138,0.24365587159029145,2.8346708626870134,381.830642271436,286.8673679261832,76.62215111297365,3.668144138534371,10.56372931148028,-0.6190312480501512,-0.014274149228074462,0.25628792637495934,2.948572216983745,nan,nan,nan,0,100365.71017234595,-0.5973842322702365,-0.08811181176814219,9.438489273277112,-0.35208786258736374,-0.19987433938588775,0.3777734672046241
87.5,171.5442855546569,146.7344047584945,79.29369286742512,3.497321214581415,-1.0732400437120517,-0.20095701026406462,-0.06040179878409502,0.22525109353114048,2.8710488545105246,382.19827205177455,287.88999205367105,76.55588232544919,3.497872254701271,10.570675384439184,-0.6595290580272397,-0.04252493498934462,0.2371342515360635,2.9850122048065124,nan,nan,nan,0,100380.02943983112,-0.5895204925130246,-0.045320000937876845,9.671732458750656,-0.3663352378758274,-0.195954883183409,0.3292215762870044
87.60000000000001,171.239264843687,146.92774993880812,79.20111307340316,3.6033576521438504,-1.097366268149313,-0.2787730047796716,-0.08961472196114584,0.2093325240237025,2.9033535018804235,382.53976345968044,288.9458646785421,76.48927705102864,3.333133438209174,10.540623388582341,-0.6664858028446263,-0.07150074849388144,0.2205335783296305,3.017443818298944,nan,nan,nan,0,100381.60957023122,-0.6440493893865132,-0.022971949433324604,10.00260594022605,-0.3412140257294282,-0.1683003450614524,0.28740226383561357
87.7,170.91848026218156,147.11517874524313,79.10912190980669,3.698660951539999,-1.081256039679104,-0.3122664313943898,-0.11585397905163597,0.19740062846472717,2.931770223716005,382.9480761976019,288.78459670846263,76.35722409118287,3.192082831732324,10.376835550015258,-0.6560532571202425,-0.09822494028330309,0.20772921701060754,3.045734884601768,nan,nan,nan,0,100378.9152724264,-0.6616422216252227,0.01198356946366938,10.251772094924126,-0.2799780209749635,-0.1290319667616611,0.24889953642865795
87.80000000000001,170.58228450637006,147.29316127044405,79.0201765382515,3.788837177781204,-1.0328494748855412,-0.3003963041102614,-0.13679451571239998,0.18967073977700988,2.9565143026123755,383.2597383338515,289.81761676304956,76.29363735285484,3.0421292393039914,10.27846445013335,-0.6124302562686614,-0.11924786907480667,0.19946630803474008,3.0706444203482937,nan,nan,nan,0,100383.91535738339,-0.630724547124054,-0.06623940733525,10.419621376679238,-0.21486896583245085,-0.08996158237263818,0.21767479063959883
87.9,170.23105957419358,147.4588714292928,78.93587464117729,3.8779679635683166,-0.9605939990036004,-0.2517146818696851,-0.15116401900109788,0.18564183925031275,2.977867773984518,383.62320814166816,291.5068283440365,76.26802488756323,2.896508509009357,10.211608615583522,-0.5515518536845062,-0.13328696712545574,0.19506831707515682,3.092213459910834,nan,nan,nan,0,100382.57961272889,-0.6755216357406927,-0.0630306270949113,10.533257962750428,-0.14549462137798397,-0.05381881237200163,0.1891956738684787
88.0,169.86519019540006,147.61033958072565,78.856962139811,3.9686468158857524,-0.8724360133707924,-0.17591139720850588,-0.15849064617744846,0.1845548493343825,2.996220118744212,383.90586460463754,292.5212805807076,76.21571043377726,2.7578364746018558,10.07453693806707,-0.49494085204251553,-0.1406910481457777,0.19360279535684466,3.110815371472256,nan,nan,nan,0,100388.65258050465,-0.6816922599731261,-0.006354735464172534,10.49731881520565,-0.06671910893665942,-0.02654156696428526,0.17107413873978367
88.10000000000001,169.48502350095384,147.74651042725074,78.78360341009133,4.06227443723049,-0.7753615182790916,-0.08310215574896225,-0.15897220016975355,0.18553231008133042,3.012006967242265,383.7021712191199,291.5856353695262,76.08164237819736,2.6087739156014798,9.776457033954205,-0.4522041809877437,-0.1418773896502139,0.1940669392562424,3.1266580014448784,nan,nan,nan,0,100375.83986078124,-0.7021313358758591,-0.10777010175322166,10.509664830309903,0.0018372420358697466,-0.007353686679177079,0.1483233339783907
88.2,169.0908667519175,147.86718000222746,78.71555997786471,4.159418331499539,-0.6755019050167819,0.017463261204230328,-0.1534268054898531,0.18780570670655639,3.025668844502724,383.9564322800731,292.55620051563074,76.0391759639315,2.4764711531804915,9.63539340616882,-0.39734226650707966,-0.13650975855997927,0.19601442010861003,3.1405832392449557,nan,nan,nan,0,100380.53183487976,-0.7092553640872277,0.03467419661521476,10.478949453234607,0.06127746747638426,0.006180439645417937,0.12969016643534814
88.30000000000001,168.6829850497983,147.97286795573172,78.6524002163386,4.260132121451228,-0.5777936524235323,0.1184361838858871,-0.1430854160371544,0.1907663320237225,3.037589223674286,384.65118757459663,294.7349967978749,76.05278593428199,2.365489357852428,9.5999807933344,-0.33883456783122007,-0.1254272127152647,0.19872953341903066,-3.1300964137133507,nan,nan,nan,0,100384.40448535993,-0.7059479442841823,0.001643571370834665,10.442694486012481,0.10011508327427,0.014209383151008783,0.11309349884683316
88.4,168.26160007812402,148.06463625321632,78.59366321736982,4.364142756922747,-0.48625751268806877,0.2156869749453098,-0.12937697620784272,0.1939135588741645,3.0480890126375426,384.88118239276804,295.6887899807665,76.02120641329147,2.234506914078525,9.478262610804991,-0.2933050875293761,-0.11184607894315812,0.20157580126552088,-3.1192574705772858,nan,nan,nan,0,100362.07076314745,-0.7359655300492585,-0.07201417147190217,10.339821979387432,0.1296085582310646,0.01680574656859573,0.10692074390137894
88.5,167.82690082076695,148.14391571177214,78.538955743791,4.47093648621109,-0.40386767201124496,0.30688624250615726,-0.11378756794095013,0.1968680557224216,3.0573943051757215,385.77835446317715,298.03965624016865,76.04857068189996,2.1372554343709673,9.491235765479626,-0.24059690138087605,-0.0957543060638042,0.2042430574920231,-3.1094764872506824,nan,nan,nan,0,100376.06571350538,-0.7502774136897383,-0.12601791417046246,10.295641579451036,0.13726392094330472,0.017342311270774218,0.08571479514783342
88.60000000000001,167.37906120814654,148.21232621981872,78.48797654955557,4.57984052437957,-0.3322470552935114,0.39070748213144546,-0.09766118073526386,0.1994147789535281,3.0656548663934124,385.98547785362916,298.9842875041952,76.0265171283089,2.005591635436732,9.404137556162997,-0.20122678108070172,-0.0796510598999951,0.20650981927961443,-3.101062136167415,nan,nan,nan,0,100371.15191125569,-0.7606361547313062,-0.10184359183757503,10.225391334401216,0.1486268371556478,0.014755459313425989,0.07454316652242342
88.7,166.9182675448546,148.27151057080187,78.4404222852733,4.690132852126364,-0.2719307322175254,0.46707664971916846,-0.08208449501012915,0.20157019808281396,3.073010424261759,385.29435146178554,298.398877198005,75.95272713141085,1.829739637756952,9.205726217281802,-0.17773778576918672,-0.06481562989475598,0.20847580740519334,-3.0937502973210442,nan,nan,nan,0,100392.36534585779,-0.7675274430791649,-0.07647299786912325,10.174025579594417,0.14473227012307235,0.011813977654382472,0.0749737300190128
88.80000000000001,166.44469032128328,148.3230391793934,78.3961234132333,4.801189021934993,-0.2230321109947843,0.5374490160177843,-0.06792346049384435,0.2032377754770649,3.0795731413770002,385.47081417559053,299.3163564376585,75.93665612513337,1.6996844694597857,9.146214066496293,-0.1431889828394401,-0.050566433073601535,0.20988987173686646,-3.0868506882296254,nan,nan,nan,0,100358.7122961933,-0.7855964980646403,-0.12552090954303013,10.169523078271046,0.12173730289037447,0.010211318559583606,0.07067055093116785
88.9,165.95851332964597,148.36833085164122,78.35493127875398,4.912375024422781,-0.18459166642610497,0.6025341108383593,-0.05572081861054934,0.20447530079520337,3.0854160389024443,383.78931087603627,297.47091735965347,75.82888758425426,1.470981040241124,8.871850744146998,-0.1304758271919056,-0.03979381579274244,0.21108179397561933,-3.0815123239379707,nan,nan,nan,0,100380.80409347835,-0.8123728564716004,-0.14206009270636097,10.183518693126025,0.10578554154931041,0.0066285216507192355,0.05793273313503756
89.0,165.45992479974362,148.40859219887338,78.31674632116865,5.0231663187486415,-0.1551378514324923,0.6632012118795425,-0.045689143252189535,0.20534071158498723,3.0906068660440207,383.9299596759632,298.3563093887821,75.81744442204617,1.342203487359976,8.838349129382944,-0.0988699868600315,-0.029766226572655485,0.21172925501626927,-3.076288506904218,nan,nan,nan,0,100379.54123643132,-0.7919061752881263,-0.14517831454461622,10.185400265360412,0.0809751430111976,0.002712625604318162,0.05881462774804653
89.10000000000001,164.94912462301338,148.44479791948632,78.28146409096462,5.13313604961183,-0.13294792055012683,0.7203774650620527,-0.037805570647615694,0.20593557865391032,3.0952135632798754,383.59753204414835,298.6226732234175,75.78880905465729,1.1889182852371685,8.758850429582832,-0.07285415509233698,-0.022214094975826937,0.21217727660889163,-3.0714530820424644,nan,nan,nan,0,100380.13290948053,-0.8110895782599439,-0.15507495053043407,10.075234384109978,0.057961847929000866,0.0015626809636090189,0.045798664264364505
89.2,164.42631434358918,148.4777012817591,78.2489982784981,5.241983269973908,-0.11633358463735084,0.7749125263880421,-0.03188743401471461,0.2063317132613982,3.0992982285313615,383.7100575694365,299.4975933652007,75.78291305290979,1.0619596925016108,8.739980460536675,-0.044561431548669046,-0.01620156585937549,0.21237782351674572,-3.067130958537016,nan,nan,nan,0,100373.94633039553,-0.8445777071246957,-0.0829331071878304,10.08972167165945,0.047839063253319936,0.000988912132141389,0.0421866023293114
89.30000000000001,163.89169876253032,148.507856517497,78.21925596468556,5.349496224938868,-0.10363584842923053,0.8270562226820903,-0.02762506959271871,0.2066053132951775,3.1029176377879186,384.10937670639373,300.7369757516665,75.79139756056072,0.9548416043742015,8.7565639038017,-0.01550578304014431,-0.012104262143091571,0.212419882350257,-3.063326457547512,nan,nan,nan,0,100379.54766360078,-0.8579454657373939,-0.050611309629155096,10.10204800919659,0.0343262148119452,-0.0002207437045238555,0.0322733006248962
89.4,163.34548222520226,148.53565137186084,78.19213575138633,5.455556147362111,-0.09346982743256937,0.8772638789304528,-0.024651094973586307,0.20680668587094275,3.1061251761643396,384.198710080721,301.61184271246356,75.79114464203958,0.8323468209229826,8.740786090927754,0.010344430676647875,-0.009356368285985406,0.21244966741328453,-3.059893178350463,nan,nan,nan,0,100397.42473849255,-0.8845592532940315,-0.14246371507340239,10.080865059824754,0.011956086541944156,-0.0008873389199690427,0.030718568323420993
89.5,162.78786785892308,148.56134706679123,78.16752296547295,5.56009687681329,-0.08470357414529592,0.9255338437401186,-0.02259545886198855,0.2069819326934117,3.1089674158101674,380.77681625147466,298.51744904403944,75.67129892346144,0.5129838892634463,8.395756725839043,0.008781817156061843,-0.009487472489941418,0.212962848187068,-3.057542826575392,nan,nan,nan,0,100395.97012093253,-0.9395271183712877,-0.07779391855745571,10.037649525467387,0.015525548664410324,-0.00016136659359034574,0.025799811522609635
89.60000000000001,162.21905600346622,148.58511535394865,78.14528504806984,5.663111923203328,-0.07656578725462734,0.9721782773748527,-0.02112476578662359,0.20715941346774058,3.1114888219231585,380.8221580526305,299.35642775144146,75.67340702517238,0.39423169275349484,8.38376034577155,0.032633624222192896,-0.00823802868192458,0.21303265714924757,-3.0547788243330896,nan,nan,nan,0,100386.55524762342,-0.9399234751847002,-0.0459370688967607,10.065323247288484,0.011044459736879033,0.0004437122520255998,0.020739723070858793
89.7,161.63924107632727,148.607075874323,78.12528533818173,5.764623656974565,-0.06855071245931374,1.0170190868758335,-0.01996275094216826,0.20734687798379192,3.1137252806316225,381.75184262835376,301.1465679638884,75.70632306927288,0.3277083667456694,8.459139564457427,0.05995178853742819,-0.006656667624428625,0.21288869161596913,-3.0522971620126205,nan,nan,nan,0,100374.39408967685,-0.972641501016705,-0.21685877758108468,10.019684760766772,0.008994646491092568,0.0005607427932126936,0.015550947075986228
89.80000000000001,161.04861480005275,148.62732074029736,78.1073682185369,5.864665138281143,-0.06041715930153983,1.0601266221028254,-0.01890233203131375,0.20755632196014595,3.1157110653174356,381.7788384926493,301.9921838087625,75.71323702296421,0.21195744025414412,8.451975889496012,0.07935506723950776,-0.005769869016975848,0.21293254103363757,-3.0501603023543487,nan,nan,nan,0,100390.99034501784,-0.9518004138406798,-0.11010486738630249,9.996368579510259,0.012961811935239279,0.0007398137177591154,0.016020517514770724
89.9,160.44736265805713,148.64593691119322,78.09137754081672,5.963283971805649,-0.05213577466650358,1.1014048716403184,-0.017810850173194614,0.20778219062400516,3.11747530700141,379.02054375551813,300.05397954114875,75.63995243984326,-0.06181312352817343,8.209664512294005,0.08025302560333153,-0.006010460455969424,0.2134255507624745,-3.0489024512162315,nan,nan,nan,0,100379.89898720558,-0.9996830716200727,-0.0660124121103515,9.945331293066106,0.01175006743608553,0.0011703608758714698,0.01119243386303219
90.0,159.8356655425215,148.66301840736557,78.07715419578368,6.060523874103253,-0.04382192882768206,1.140944677432116,-0.016622452120316433,0.2080169654655053,3.1190435561648897,379.0087553201236,300.87461959574216,75.64891316437742,-0.17426457546661642,8.203320507472151,0.09926634890465177,-0.004838870184501021,0.2134948972647801,-3.0471572283682944,nan,nan,nan,0,100372.2703297611,-0.9820341158403811,-0.08589736185671282,9.982823474703745,0.016825713680758088,0.0012368821701898825,0.016044498984023495
90.10000000000001,159.2136992050706,148.6786728522618,78.06454637619467,6.156418655373021,-0.03564720509093122,1.178632874659376,-0.015321550775245107,0.20824984452360473,3.120436664725472,378.35505338751966,301.0933642969868,75.64212349280884,-0.3205321057645684,8.147789462899244,0.11170715828958694,-0.0039962719298451965,0.21363007186669525,-3.045778328849876,nan,nan,nan,0,100390.44849314545,-1.0443974573483683,-0.11986609375260487,9.923709934525865,0.004109238786648459,0.0013793180031680262,0.009374775568577342
90.2,158.5816363831756,148.6930206422109,78.05340495171416,6.250989264622135,-0.027819362325458497,1.2145366055929183,-0.013931503518304522,0.2084766859724756,3.121674164862023,378.31756862190167,301.9078908089799,75.65401486469192,-0.429205630428049,8.14323256664462,0.12600282967755294,-0.0028594183918211336,0.21368863680340766,-3.0444131362581315,nan,nan,nan,0,100405.1427067407,-1.0317723586729213,-0.14616752873682576,9.952705037524153,0.012389388122479753,0.0006020438334025278,0.005913937248617364
90.30000000000001,157.93964626869007,148.70619226982927,78.04358859460773,6.344252515196801,-0.020540931721628443,1.2487305705701328,-0.01250197819831067,0.20869266440105494,3.122773989153359,372.9426020958,297.8746307406654,75.52717496952974,-0.8471389625093706,7.725090049193326,0.10881349457734854,-0.0038253527462179804,0.21463971971644602,-3.0439936880639697,nan,nan,nan,0,100408.86339970394,-1.0627648013937976,-0.031231219800577317,9.930004811851145,0.0187740323123248,0.0009273133702656314,0.0145164193872747
90.4,157.2878947264295,148.718323195691,78.03496559942921,6.436220402846786,-0.01397026745684217,1.2812770508636293,-0.011090799227294834,0.20889219756252397,3.123752227736165,372.8525709404588,298.64681598952853,75.53874800579385,-0.9533098569012457,7.718219270863158,0.1217732295558308,-0.002380358129175253,0.2146683648582688,-3.043053245014192,nan,nan,nan,0,100392.9226005247,-1.039680614969457,-0.05811733810176059,9.896848644270927,0.014053411120771282,0.00013878547235727872,0.008716341145096004
90.5,156.62654452544072,148.72954792064309,78.0274165532231,6.5268977566393716,-0.008200285656815494,1.31219544365556,-0.009753636311512714,0.20907000102306994,3.124622369440197,388.3727631870171,304.4593097639117,75.56169053262721,-0.4189333069855344,8.673730681365884,0.15267536864429482,0.005781091617840017,0.21501776127597827,-3.065597216435136,nan,nan,nan,0,100399.26943037368,-1.0769522409337753,-0.13928003488817903,9.855042730703595,0.008857521240068911,-0.0006638405480842242,0.01157096469457197
90.60000000000001,155.95575652753394,148.73999328854583,78.02083026772603,6.616281934885945,-0.003263930019252586,1.341657126361181,-0.008538497583865379,0.20922657807835154,3.125397152796916,388.32566957042565,305.32729505137337,75.57745447019822,-0.5226870912830569,8.684320410047468,0.16291881867435246,0.006772531191083342,0.21506022062174823,-3.0649465448607547,nan,nan,nan,0,100396.4504417766,-1.084204163331108,-0.1799746067028395,9.865011153964046,0.009948750410471571,0.0009965443515030713,0.004854485770794505
90.7,155.27568857198335,148.749774553156,78.0151095747379,6.7043725222582555,0.000869339651965816,1.369759608971109,-0.007478061988861251,0.20935856258990237,3.126087116229338,389.71620752859553,307.47922119804497,75.63245613722147,-0.540781823197473,8.794436876368405,0.1803126723648498,0.00850984324301618,0.21481647921614822,-3.06406602255905,nan,nan,nan,0,100384.10368420483,-1.12786964197589,-0.09755111053482006,9.852050652534562,0.017898625882275556,-0.00024026397630404184,0.003663435692965001
90.80000000000001,154.5864969292533,148.75899149950368,78.01016567942554,6.79116227993877,0.00428835103346238,1.3965484651364422,-0.006586227800460476,0.20946867232128596,3.12670195131912,389.65711563578395,308.3591648685908,75.65092364088245,-0.6410077830218235,8.804749817918943,0.18872860390677448,0.009471952418797835,0.21484038392371452,-3.063363603158142,nan,nan,nan,0,100394.14739956263,-1.1108799568351608,-0.07262740362640356,9.88298009489365,0.006999726937874423,-0.0004230959501362681,0.011654314328294854
90.9,153.88833565536743,148.7677271534146,78.00592007131017,6.876648319235419,0.007102403903947821,1.422162063679798,-0.005862270419587423,0.20955766904522188,3.1272503344828655,384.10774089849764,304.5705347579117,75.53128601332821,-1.0573825030708919,8.435306793990048,0.16558774397233525,0.008270160156127027,0.2158097119471687,-3.063538912307185,nan,nan,nan,0,100400.66878188433,-1.1276596820723044,-0.11538050925472139,9.883034567022342,0.005883386399431929,-0.0005662954748585394,0.005680520185614029
91.0,153.1813570804214,148.77604794685945,78.00230133055369,6.960826973577122,0.009440428928001465,1.4467103698721129,-0.0052933177340843685,0.2096292043722836,3.127740158303308,383.99702627104534,305.41444015026764,75.54826631398977,-1.1563858583672397,8.442628566586857,0.17370280059090434,0.008652859587147121,0.21578110403844408,-3.062986601253953,nan,nan,nan,0,100380.72309846859,-1.1455399677897382,-0.15213785417363004,9.807366823214991,0.008648415822270498,-0.0006565759408575062,-0.0006835540230066975
91.10000000000001,152.4657111082518,148.78400554361758,77.99924740396854,7.043700488634942,0.01143069293056564,1.4702558078138632,-0.00485677655791128,0.20968371050224666,3.128177840253028,380.4462552002203,303.4428964194002,75.48217091098634,-1.4529692477538627,8.223458522171011,0.1616585869729882,0.00790005561130247,0.21634517141450837,-3.062882792150458,nan,nan,nan,0,100394.85148328831,-1.1690532213657947,-0.1615536315011619,9.775333158426525,0.008972587037973082,7.393941914860154e-05,0.0003797470644974736
91.2,151.74154610828302,148.79163858607188,77.99670079048249,7.125269044495504,0.013194341254454813,1.4928670471476095,-0.00452475858106971,0.20972558511629846,3.1285695364929005,380.29619369140005,304.2656132744107,75.49861933527046,-1.5480125111843548,8.231472400166137,0.16695808306442264,0.008293571793016818,0.21627649341649247,-3.0623389964568313,nan,nan,nan,0,100407.29752236522,-1.1868890594352404,-0.10491772489921554,9.825869725361008,0.009484981651247287,-0.0006952331539187178,0.006246421408319984
91.30000000000001,151.00900801013944,148.79897597196745,77.99461117472136,7.205540028806718,0.014823166644928384,1.514634825775412,-0.004269189994929645,0.20975546008563728,3.1289203146094025,372.6076628715936,299.1223445981218,75.3376449696356,-2.0819689496029916,7.754603803617718,0.1343496240516383,0.005909659390020305,0.2175436032480691,-3.0629821204303878,nan,nan,nan,0,100382.82727972284,-1.1883262939885306,-0.09212774257798353,9.803494593505114,-0.0014067498674989946,-0.0012368670490122277,-0.0016227894937371314
91.4,150.26822516142005,148.80603938946453,77.99300623386657,7.284666121396225,0.016390475847360732,1.5401180674174488,-0.004062831905242037,0.20962516631852512,3.129235276843219,372.39479490431876,299.8981144042666,75.35133476658359,-2.1762121021731584,7.760847837347963,0.14500493365063769,0.005929001558968805,0.21729742135836427,-3.0627632958323163,nan,nan,nan,0,100398.31147313004,-1.218039644336121,-0.1462625912014963,10.261923844860775,0.00602691947269899,-0.016175148152201925,0.004762757770639045
91.5,149.51868073482825,148.8128412808547,77.99539432953799,7.3705966400438285,0.018013105151706392,1.5650802557768626,-0.003804070999556375,0.20207135027988254,3.1295465179538438,367.4680424385644,297.0709572241933,75.26095680771364,-2.551349335333433,7.473114845843602,0.18181964597227665,0.004669369610620588,0.21050359832897048,-3.0629843568799906,nan,nan,nan,0,100386.94343063122,-1.200732352650931,-0.14054519587269484,10.255648234879898,0.0037826516448522564,-0.1267330088941639,-0.0037656064822833685
91.60000000000001,148.76118421500573,148.81939595605743,78.00289140093874,7.454426025178341,0.019563600621856095,1.5110606934962607,-0.0035575251745560976,0.18658550954361952,3.1298495998964824,225.97912262082258,296.5748111612113,75.33998075350873,-10.477333913832595,8.004387701951835,0.15443252125035364,0.009560372115288374,0.22391071371796856,-3.0845401042406992,nan,nan,nan,0,100393.63560424058,-1.2677041031814147,-0.12448998383187437,10.2013161428033,0.0009251044059849602,-0.17583624703627954,0.005188160585617831
91.7,147.99773512532795,148.82570693508592,78.01515238332972,7.521601454760905,0.021039648596343778,1.4333641988343824,-0.003376179057823503,0.1685267656173539,3.1301238800608964,224.8915437055981,296.8123325900991,75.31275078922936,-10.565533402406658,7.993874680777741,0.1980339364754265,0.009511272782226188,0.20581183957073668,-3.0846129945480074,nan,nan,nan,0,100396.13379494818,-1.2867063950984712,-0.10581070507267808,10.256645906762504,-0.0008375465167512934,-0.18077030387680043,0.006521017208350804
91.80000000000001,147.2303571470019,148.83176788648137,78.03273312391526,7.566745223061884,0.02252914779647095,1.3650539185592616,-0.0032269503179516157,0.15156099832278902,3.130360071582345,223.83125924106886,297.6123467883018,75.33527599692067,-10.637670604305036,8.00843697763422,0.2545329675992112,0.009435226639683325,0.18879222331615053,-3.0846453876153777,nan,nan,nan,0,100405.10308855331,-1.3261148089488903,-0.16147688306211896,10.308560946282174,0.008082091197022776,-0.15629301532644954,6.004899132487746e-05
91.9,146.46085238680206,148.83757443250272,78.05619169587935,7.59068168641406,0.024115842212306608,1.3215129820707625,-0.003026349081451718,0.13780851225041224,3.1305546082791826,222.76223443779617,297.784151947788,75.31216784966632,-10.689688296295401,7.998368052769404,0.3072262557699236,0.00963955981826281,0.174982822692902,-3.0846011284247132,nan,nan,nan,0,100377.62312643632,-1.3106409257018419,-0.02706861990127163,10.28531625615015,0.0060697100569867095,-0.11796710291856422,0.004447997749701267
92.0,145.69065433282208,148.84313365565743,78.08566837681761,7.597410812843096,0.025777908259336173,1.3054154956638162,-0.0027185959404225635,0.12812607921932329,3.1307076776370515,221.69098019663141,298.58474932292404,75.34588020345285,-10.733686224471203,8.014000572886049,0.36698585100652936,0.0095734468743216,0.1652199860484207,-3.084577980265268,nan,nan,nan,0,100381.28310511255,-1.3157267960375616,-0.23307210550271293,10.330459509430215,0.0011732242444279376,-0.07781985442767342,-0.005867751871299242
92.10000000000001,144.92077115445736,148.84846982030464,78.12075175861504,7.591951760156887,0.027425205450413985,1.3127425161956867,-0.0022905958195966747,0.1225163801468101,3.130821407929868,220.6158173212801,299.3864406142686,75.38527692723585,-10.769193899399166,8.03053137865982,0.42033074374917373,0.009801543629758047,0.15953402977884235,-3.084594980149047,nan,nan,nan,0,100394.50296642564,-1.2940749017587487,-0.11499906328285947,10.223832124692516,0.006595557202507311,-0.03873225513999531,0.004817537120524585
92.20100000000001,144.07496007032768,148.85413157204587,78.16469656772549,7.5777872321721365,0.029072669054676474,1.3384107661067675,-0.00169660532268745,0.1203874608909441,3.1309074370836822,219.53734746029318,300.1902425097564,75.42946983763258,-10.79978574293997,8.046317193913424,0.46139630923736824,0.01017815406963174,0.15736864780303295,-3.084396441917586,nan,nan,nan,0,100375.78614591256,-1.2426837545525442,-0.0373285142340455,10.03299954001868,0.00879830221039694,-0.0046190444636537665,-0.0039924923074145455
92.30000000000001,143.38396738591504,148.85865159561905,78.20363536673791,7.56372946417252,0.030162952574631235,1.3647325560338075,-0.0011531543028311386,0.12101303344119452,3.130952953235081,218.4340911599443,301.18183097593675,75.49321982295557,-10.830106689378884,8.065088860120092,0.49106477238524054,0.010562027336826096,0.15786703289252002,-3.084667794429829,nan,nan,nan,0,100396.85347273061,-1.267971980722868,0.0045746990610674165,9.938130372363538,0.006052371289856055,0.0144057723903621,-0.004624096854674419
92.4,142.61726027398134,148.86361456806182,78.2486535007146,7.548729130474685,0.03098526198006697,1.3921893837725117,-0.0005490468420192851,0.12326245724282048,3.1309827366165717,217.34961749450807,301.98913946816384,75.54309350116132,-10.859916754865711,8.08089540615837,0.5031878670129808,0.010815645689231879,0.16004023943931323,-3.0847662785355054,nan,nan,nan,0,100374.70865443538,-1.2363492910481142,-0.14135195669584924,9.72928546904642,0.00504250837803004,0.025950909316553018,0.0026632233189297035
92.5,141.85148715108159,148.86857509824307,78.29411718918232,7.536623794728859,0.03132199817525972,1.4118754724306803,-9.3273118928483e-06,0.12622891806708614,3.1309943566714376,216.23167132970772,302.96797060973677,75.60868976547694,-10.894197047329339,8.105853727347569,0.5047580790582132,0.010738732600533263,0.16293706458335921,-3.084993899324039,nan,nan,nan,0,100374.17293882759,-1.202058663526863,-0.13337619228439623,9.630939185837013,0.0059398180960217265,0.03008007747509353,-0.004415840286763951
92.60000000000001,141.08639282664623,148.87358745568105,78.33875936403822,7.52861922175605,0.031162621110939353,1.4199002761171164,0.0004082778670788656,0.1291244967052967,3.1309903285632,215.14057779589027,303.7793029585102,75.65862662810703,-10.927996067936991,8.120402527704728,0.4927849127026307,0.011124360638482989,0.16579050870248357,-3.085067251122223,nan,nan,nan,0,100402.62548657443,-1.246328447512953,-0.06535724880809848,9.55358144065736,0.003733946486849789,0.026311958628473985,0.005971882112353981
92.7,140.32173060788227,148.87869247805713,78.38157256036308,7.524871064248134,0.030572940356361756,1.4151123654182434,0.0006685313700394158,0.13141162696897113,3.1309723018470805,214.29687019230343,303.5522388546406,75.61035301677072,-10.959928256243158,8.105285366566092,0.4578755127591799,0.011584249008133707,0.16819303667780527,-3.0850872407934484,nan,nan,nan,0,100366.98785991661,-1.2266254266328525,-0.09680412215410275,9.483113621837925,0.0033871172882443783,0.018559418836783522,-0.00430438944401257
92.80000000000001,139.55731197668518,148.88391441794644,78.42183976719386,7.524681984669013,0.02968464787017102,1.3984504695482758,0.0007643268670782799,0.13284876756520392,3.130942094021309,182.2356875570885,89.00000727881542,75.66254720920628,-8.226644505361188,-5.112979450621169,0.46413686643896207,-0.027298933163349304,0.13293408910062965,-3.11326630909626,nan,nan,nan,0,100381.24542820713,-1.1941835428113556,-0.035473460796508274,9.406735918232615,0.002451645395873203,0.008392274269487897,-0.004683537976368143
92.9,138.79302552635642,148.88926079413608,78.45913765890478,7.526883784913233,0.028664833651483302,1.3724742621360917,0.0007169184328783551,0.1334417938082071,3.1309019484503873,181.7767563420626,88.10374911444751,75.64181702447739,-8.227904473095814,-5.131497207469378,0.4257496802156351,-0.027161891350639067,0.1335605091258396,-3.11341599263203,nan,nan,nan,0,100375.42875778397,-1.228575090034492,-0.11043297941043106,9.383911961573615,0.005860141546014925,0.001017871803447939,0.0009228264235424991
93.0,138.02883290347927,148.89472515713712,78.49330112627717,7.530225819344784,0.0276792071912762,1.3407048365776189,0.0005653942401482315,0.13336059608229367,3.1308539591439626,180.953987115069,87.58952757222238,75.6828743636545,-8.227563359812116,-5.151779024188161,0.3951832218680011,-0.027241218862123828,0.13332084692900015,-3.113341542752206,nan,nan,nan,0,100371.91599079386,-1.2176123368481844,-0.2193242788392667,9.399756863539942,-0.003307888837803493,-0.0046385554170614235,-0.0025176064408951276
93.10000000000001,137.26475248761693,148.90029115488989,78.52434395881963,7.533664635362486,0.02686320303643721,1.3063122131465934,0.00035830866033248476,0.13285373964241676,3.1307999343303505,180.44481562611716,86.7726178936054,75.6682921564244,-8.229516376210759,-5.168290947941941,0.35835848698327905,-0.027222507470499258,0.13288303169860027,-3.113432339122835,nan,nan,nan,0,100397.46573750275,-1.2199529751208291,-0.08589528224595469,9.445553716512185,0.003478075771879524,-0.006925429016519442,0.0035286684434706105
93.2,136.50083523313387,148.90593737080553,78.55240472786271,7.5364882616620035,0.026299298996474783,1.2722397348881063,0.00014063021948196308,0.13216792874005945,3.1307411403182885,179.62191521430063,86.25468819841578,75.70276287202994,-8.228252256877756,-5.1903881685326905,0.3312115013641701,-0.02732440618191534,0.13205338511277365,-3.1134841220904397,nan,nan,nan,0,100406.66129120522,-1.2098963426370828,-0.14244683563935004,9.464318883538754,0.0013722521193505583,-0.009108401172971337,-0.0020509649596445675
93.30000000000001,135.73714273313914,148.9116418221412,78.5776872632923,7.538358414941236,0.026016195690945182,1.2403474443823959,-5.178173468878278e-05,0.13150166508303696,3.130678180645803,179.5121483458557,85.1057299184945,75.6224131197724,-8.233207683002794,-5.204729894510995,0.2920653405469542,-0.02713002664556652,0.13168561432780246,-3.1137242711669124,nan,nan,nan,0,100386.60345666332,-1.1975803246163108,-0.1533512301694847,9.493378401298191,0.00839617763329725,-0.007273667821280481,0.000452697577117246
93.4,134.97372982514793,148.91738547072234,78.6004211153161,7.539240308669285,0.025999194563218676,1.2116578631364476,-0.00019367238472312032,0.13097749571096973,3.1306112156776447,178.6889029981104,84.58419996345286,75.6503919877448,-8.231395892673003,-5.227264393304517,0.26819433770223655,-0.0272859292623584,0.13102349689421544,-3.1139796773676327,nan,nan,nan,0,100368.71849502053,-1.2277274925044082,-0.025096402737199125,9.467427736529574,-0.0011799379284061899,-0.00554671921722177,-0.0046889621672631734
93.5,134.2106353289434,148.92315456986907,78.62082565898557,7.539285041999273,0.02619898299738002,1.1865571812347824,-0.0002746804536970515,0.130651154236759,3.1305401309156684,177.6539490555184,84.23412885301626,75.70776919728631,-8.227120593120219,-5.2468357084308375,0.2509501367755908,-0.027693208889775,0.1304262846111457,-3.114069484753154,nan,nan,nan,0,100392.3635125481,-1.2164072132410189,-0.04667645781154148,9.550786513353534,-0.0010236868192460733,-0.0034155460729623508,-0.003157241433087293
93.60000000000001,133.44787777441,148.92894158905813,78.63910182089455,7.538741948924526,0.02654972510863559,1.1648048119546792,-0.00029568359227094554,0.1305246922797374,3.13046480966183,176.83141046565498,83.7083775346989,75.73194321249434,-8.223382692982316,-5.268481919997319,0.23228805799627092,-0.027788653729767354,0.1301612140852182,-3.114300633639434,nan,nan,nan,0,100375.2951246499,-1.2270259059736333,-0.11266815553049164,9.516529812783787,-0.007880428009372775,-0.0011090483134590275,0.0006234795268662376
93.7,132.68545662009024,148.9347450748269,78.65542153000655,7.537873271571489,0.02698256320503107,1.1459236157961517,-0.00026550516627477094,0.1305627888468328,3.1303851815074797,175.973913936083,83.20749760328123,75.75931054557819,-8.219433503458877,-5.291791963428356,0.2158948923488793,-0.0278797287314545,0.1300321853279094,-3.1143613310474265,nan,nan,nan,0,100379.91119196788,-1.2131082633149703,-0.0728133316196607,9.578963214884498,-0.002517141363397426,-4.12731139316563e-05,-0.006237727852074609
93.80000000000001,131.92335642292576,148.940568705906,78.66992822640913,7.536914117407575,0.027436094449637176,1.1291801620404163,-0.00019729485233721533,0.1307135766493288,3.130301220053522,175.1521409060303,82.67708639953347,75.78006755828139,-8.216119316679006,-5.315755269613385,0.1992728145134615,-0.027986029897592912,0.13003192154527632,-3.1143824429899487,nan,nan,nan,0,100395.69894913895,-1.243114815392926,-0.0941518698967634,9.563033537943795,0.009155857897804823,0.0006356304358371078,-0.0009805354473538404
93.9,131.1615516660927,148.9464198102721,78.68275149849796,7.535998087551723,0.0278607476140599,1.1143507844728606,-0.00010871332636219755,0.13092734923344107,3.1302131083989693,174.86944552769623,81.75456860428397,75.72498518921589,-8.218789686823772,-5.330116137937311,0.1755300375452336,-0.0278991997568101,0.13038418806795926,-3.1146545244487767,nan,nan,nan,0,100402.27089035182,-1.2348319081455594,-0.1033905883947665,9.559036071018893,-0.0028132491113759123,0.0005311119330123231,-0.0019085098608282503
94.0,130.40001085448702,148.95230771312907,78.69402265850069,7.535227778955644,0.028225538588252434,1.1009198811873986,-1.2777884270676054e-05,0.1311600427133388,3.130121130704583,174.0477023780302,81.2203930135028,75.74186350298405,-8.215613473150304,-5.352068057233404,0.1619604599840901,-0.027790647050901063,0.1304623345493947,-3.1148930179281615,nan,nan,nan,0,100390.89489289862,-1.223056382407784,-0.10448737958178134,9.618288360016294,0.002108582424279553,0.0013135852375098173,-0.005511231191264973
94.10000000000001,129.6387020588222,148.95824240183478,78.70385879347465,7.534636414188791,0.028515324489821397,1.0886034522444437,7.836879502409744e-05,0.13138093170129372,3.1300254957041274,156.50641004525355,82.58664771222946,75.75721429263855,-8.662532712111942,-6.27310875993004,0.14866056026203003,-0.033412695380607094,0.12892773350317777,-3.0348713756358148,nan,nan,nan,0,100373.38461492941,-1.217542138760363,-0.07115849244034604,9.570893535146627,0.003311137784671401,0.0006285083013614957,-0.0036525007050662284
94.2,128.8775950775886,148.96423332446452,78.7123763427433,7.534218260827662,0.02872990823942767,1.0772340191386414,0.00015801017359207137,0.13157130966126784,3.129926459376056,155.6404925483177,81.95808900974718,75.77150412837233,-8.655922728551463,-6.298567633940238,0.1371603062439786,-0.03331370551125312,0.12890255241527826,-3.0347935051507067,nan,nan,nan,0,100399.40399227657,-1.2193062025497676,-0.08932759482469757,9.621603011680268,0.004597941384158237,0.0014556259290119152,-0.003418945337879268
94.30000000000001,128.11666327546664,148.9702886958669,78.71969022469327,7.533939920197907,0.028877574569184817,1.066770470666297,0.00022157478925399765,0.13172449633409689,3.1298242459138423,155.4467454197505,80.89677841310663,75.69537279257173,-8.658796474567929,-6.3170329956718625,0.11587243858991864,-0.03315985125078447,0.1291852394010764,-3.034535656176235,nan,nan,nan,0,100358.93635979571,-1.2274685950838367,-0.04711560520768644,9.631712849429665,0.006921627298086945,-0.0005570718791789829,0.003171677744721321
94.4,127.35588393765515,148.9764150757542,78.72591637723147,7.533758848564901,0.028972967511129145,1.057214986132847,0.0002680957952967411,0.1318423824512145,3.129719089988136,154.5811666815867,80.26382474834323,75.70650058713855,-8.652620629791373,-6.341107845424851,0.10726633514586195,-0.03293058240331459,0.12911838350880367,-3.034287994283038,nan,nan,nan,0,100396.942171275,-1.2461979187288799,-0.11964603133493071,9.668513216253213,-0.006413170355331425,0.00010665480373815467,-0.005753510943085928
94.5,126.59523814111637,148.9826173295768,78.73116847625192,7.533636163869008,0.02903336299038677,1.0485680311623162,0.0002997940444167124,0.13193087675272852,3.129611178638675,154.30589025244512,79.26606925008271,75.63993316952397,-8.654448110230854,-6.360941698365013,0.08992756220310676,-0.03251564049918487,0.12930026106787484,-3.034090849349998,nan,nan,nan,0,100382.4004148755,-1.1979088470224108,-0.1473598173729815,9.666129700218375,0.00982186786583928,-5.677172796927812e-05,0.0012047901354454453
94.60000000000001,125.83471011900754,148.98889882261977,78.73555722369854,7.533539571669797,0.02907453505857056,1.040852179955237,0.00031963142306756787,0.131997979384199,3.129500667758191,153.4406894919866,78.62893805284295,75.64855499193511,-8.64914368134114,-6.383140407922115,0.08228069774466351,-0.03237844381668942,0.12913952025117204,-3.033983046729806,nan,nan,nan,0,100376.38823565964,-1.2423240241255697,-0.09625910070351278,9.62964721954491,0.0012938939285725773,-0.0003079323448967495,0.003266191177726245
94.7,125.07428660489016,148.99526175163703,78.73918686864793,7.533448411567834,0.029109678736560313,1.0340481994749084,0.0003313023751896349,0.13205135043231997,3.129387650381168,152.53790062358192,78.01207752953447,75.66138513081457,-8.643272599365934,-6.407388565286823,0.0767140514308794,-0.03222225299040726,0.12897419303184932,-3.0338855786998375,nan,nan,nan,0,100373.55981576376,-1.2409684490908035,-0.034319906250615366,9.651056159086393,0.011106321537538927,-0.0006199253324130035,-0.001722252466674274
94.80000000000001,124.3139561173419,149.00170751834435,78.74215400915504,7.533351141904309,0.029148573789730577,1.0281230961318306,0.00033861224206432894,0.13209712171556975,3.129272181831588,151.6738228309634,77.37007831554193,75.66882659815337,-8.637955749581712,-6.432727733419106,0.07238805083651295,-0.032215607177995764,0.1288279693610641,-3.033623752616088,nan,nan,nan,0,100379.9950926019,-1.2219622004127058,-0.04103829444763909,9.681103834414746,0.0021838857079553116,-0.0003693308129028741,-0.000766969972654985
94.9,123.5537083162894,149.00823708680346,78.744548016287,7.533243630994389,0.029196830808583672,1.0230348663300524,0.00034459456381097375,0.13213954453813104,3.1291543149902585,150.88578918524564,76.6822101200302,75.66631526101008,-8.632673808792836,-6.45845158335587,0.06704500466199832,-0.032169860612565104,0.12870096883203797,-3.0334180844308625,nan,nan,nan,0,100383.6267103706,-1.2352708773154526,-0.0383411470392558,9.688757198390597,0.005311889985820392,-0.000993114901756434,-0.0008912883087964391
95.0,122.79353368951695,149.0148513110486,78.74644939642671,7.533128567843444,0.029256618432504645,1.0187065069275674,0.0003515307969867987,0.13218083962849714,3.1290340535347854,150.02280015399367,76.03512834609708,75.67291663168224,-8.627023086630398,-6.483097041886356,0.06470264389770415,-0.03218865901378587,0.12857142426533597,-3.033189125019938,nan,nan,nan,0,100379.47707796244,-1.2232880973845115,-0.12878871761455118,9.690404804181044,0.0012354326728983604,-0.0009656442966824928,-0.0018471273479328352
95.10000000000001,122.03342335221248,149.02155114323932,78.74792989754238,7.533010302069938,0.02932767555578415,1.0150624845270728,0.00036089371605263487,0.13222186668518288,3.128911397886914,149.22267637984567,75.35082184214043,75.67138994954453,-8.62158948965167,-6.509677909310225,0.061620609590736286,-0.032074291899680585,0.12847555276212774,-3.0330071949415434,nan,nan,nan,0,100374.83972643659,-1.2560862000608117,-0.11837505926153286,9.793136981362114,0.0006054069137630359,-0.0006069383302303102,0.005695488076707321
95.2,121.27336895366149,149.02833778695052,78.74905296193526,7.532894656288606,0.029407928702516285,1.01201466554093,0.0003733899345583769,0.13226227811312885,3.1287863219147294,150.9589126168731,74.64536917906095,75.6678321261993,-8.595748539395816,-6.445896773496961,0.05815356363708744,-0.03181163605611115,0.1292361212975197,-3.0407640210428637,nan,nan,nan,0,100364.68479654468,-1.2171620270335286,-0.11082518084807462,9.715989440934573,0.003588485472096501,-0.0014583103165820971,-0.0006108259846492118
95.30000000000001,120.5133627063184,149.03521275133212,78.74987422541133,7.532786304476507,0.029494512668667573,1.0094875836632682,0.00038899123104796374,0.13230123158509666,3.1286587926675886,149.72553518254517,74.19890896710535,75.72116908109525,-8.584397732744316,-6.476215026387516,0.06487429912471873,-0.0318200378516289,0.12889361055346593,-3.04049452210257,nan,nan,nan,0,100402.45091781515,-1.2455145396070497,-0.054751363707945366,9.71600550980996,0.0006306519791725081,-0.00027358084277317313,0.005239767678670026
95.4,119.75339741287527,149.04217783956906,78.75044262927426,7.532688535521044,0.02958415899122991,1.0074102348532201,0.0004073205075194597,0.13233788363705146,3.128528792817373,148.86739184642792,73.54987006983076,75.72763034157973,-8.578236869444835,-6.503991283901508,0.06411127784313209,-0.03172427564779334,0.12876053767263484,-3.04016086072997,nan,nan,nan,0,100370.26447142748,-1.236865150190431,-0.10802822244949045,9.742067744655674,0.0037785957460373925,-5.407429785649694e-05,-0.0010767663292350095
95.5,118.99346653790633,149.04923512378653,78.75080077306174,7.532603213084613,0.029674181148428753,1.0057124896946146,0.0004277757727961795,0.1323714330587309,3.128396286271033,148.13263759271797,72.8341034149477,75.718367349958,-8.574238221910944,-6.52935284145893,0.05991611390707057,-0.03174009447456183,0.12867264576747428,-3.040149046754146,nan,nan,nan,0,100395.06312945735,-1.249519741013362,-0.05995488152713356,9.731625604833154,0.0018639258300972258,-0.0007685786648929285,0.0018989462275920957
95.60000000000001,118.23356422979566,149.05638686683133,78.75098590751652,7.5325307906658665,0.0297622302590188,1.004340051488047,0.0004496446282327149,0.1324012668017147,3.1282612487004253,147.27552645928134,72.17987974833221,75.72438448220369,-8.568221985398806,-6.555111077471678,0.059673304017915596,-0.031877291470542746,0.1284929179869092,-3.040015869551355,nan,nan,nan,0,100376.45251615127,-1.2322996033416018,-0.08347511033829584,9.652365911608245,-0.004961082997738657,-0.001505720458338884,0.00196528894838467
95.7,117.4736853556832,149.0636354579227,78.75103032765253,7.532470470061199,0.029846946253052647,1.0032476250343974,0.0004722499478586606,0.13242719640014755,3.128123650401169,146.408432143895,71.52834207891708,75.7317026463747,-8.561582013436896,-6.583137978098506,0.05973286488902978,-0.031800952260579995,0.12834434914045567,-3.0398187240112975,nan,nan,nan,0,100379.16224904977,-1.222177392081161,-0.0003240335780899245,9.695278733371175,0.0027485434592460453,-0.0017954313694986748,0.004547331156943154
95.80000000000001,116.71382547401859,149.07098334896799,78.75096204430058,7.532420850713751,0.029927480340930856,1.0023902315615272,0.0004950221367223673,0.1324493133474709,3.1279834513237645,145.5525798320243,70.86882158784591,75.73761671496185,-8.55542110506104,-6.6061637275486715,0.058041575564105156,-0.031556050843643435,0.12814800314253594,-3.0396751977042396,nan,nan,nan,0,100363.32547534845,-1.2472810185117342,-0.1542570446097385,9.71525643244391,0.007720430256769861,-0.0014655212618648143,-0.0015701100812608904
95.9,115.95398079097916,149.07843299438696,78.75080526392496,7.532380303320186,0.030003979740222418,1.0017325222934441,0.000517636408845501,0.1324678087097213,3.1278406158012433,145.27343941749038,69.91775470317539,75.66990922566234,-8.56019567311265,-6.626255772024268,0.04957359159680538,-0.031564343962629415,0.1282699946805519,-3.039559419664224,nan,nan,nan,0,100383.64022837323,-1.2300957190587252,-0.11824965411013133,9.735597313888738,-0.002484247928423547,-0.00025199575365601355,-0.004046700465115121
96.0,115.19414811198182,149.0859868327113,78.75058076164345,7.532347054476318,0.03007683584785269,1.0012483326006159,0.000539894689421283,0.13248305573900931,3.1276950774188874,144.4177778377345,69.25383966293641,75.6749181486118,-8.553441019406378,-6.650710925495168,0.05089238227801757,-0.03183507778248007,0.1281079698458718,-3.039533971633779,nan,nan,nan,0,100397.17668698698,-1.2312796199021763,-0.13500619165786007,9.737902521952833,0.004926814722279524,-0.002094429193974656,-0.0026865444630485248
96.10000000000001,114.43432478025755,149.09364724296037,78.75030618960848,7.532319528111067,0.030146970156992765,1.0009084632679497,0.0005616798229592934,0.13249557378204768,3.1275467897238034,144.08647408053915,68.32826929613309,75.61262598068528,-8.558179885844336,-6.671362637047858,0.04227460238862372,-0.03138810339008069,0.1282169672125748,-3.039479599014025,nan,nan,nan,0,100364.79195614613,-1.2503210474475974,-0.08508003143881414,9.70888938231677,0.00666017727123022,-0.0002064267008776554,-0.0008933968579245173
96.2,113.67450859321158,149.10141656409624,78.74999651515157,7.532296443792838,0.03021518226141039,1.0006891610030768,0.000583081457725676,0.13250575736344383,3.127395681245932,143.23098286023293,67.66004662112059,75.6168376235009,-8.551591781335084,-6.69324693459204,0.04208780554613184,-0.031321635556842864,0.1280396219383042,-3.0392296334007938,nan,nan,nan,0,100383.3845888128,-1.245106301464988,0.0032963437316595873,9.669958550172883,-0.002234976622741889,-0.0010262834351266385,-0.004648768389566342
96.30000000000001,112.91469774368079,149.10929709948195,78.74966429188532,7.532276773221914,0.03028241067393065,1.0005734164533209,0.0006043179812944555,0.13251398701226624,3.127241662400026,142.93374076149303,66.71670756798508,75.54864264381317,-8.556512139207783,-6.713564873155484,0.03337336953133897,-0.031100149004458455,0.12814311238962306,-3.039031310139156,nan,nan,nan,0,100389.73471999004,-1.2702827416992681,-0.0648964628272082,9.71476993962149,0.010017865492573483,-0.0012604510863149622,0.004383120171624549
96.4,112.15489075368238,149.11729115262426,78.74932006656564,7.5322596619821836,0.030350436606358673,1.000543352105306,0.000625506725563385,0.1325206619896946,3.127084587194714,146.06118433162564,65.54959014142393,75.52750493617096,-8.564877394123455,-6.598378398651565,0.028211541213044655,-0.03072989800642123,0.13045848698395535,-3.0508486663775516,nan,nan,nan,0,100378.83960783112,-1.2369476930575103,-0.08418959531330883,9.72655652669351,0.002073909018114937,-0.0014952039685600473,0.0016922453017449656
96.5,111.31910611956378,149.1262184033475,78.74893754922228,7.532243500589216,0.030427437544772173,1.000584367389812,0.0006491239416037686,0.13252654829870902,3.126908233569516,145.15178414972866,64.91389597578792,75.53740589898001,-8.560364326360355,-6.623707935383002,0.030134962765825557,-0.030888075964280448,0.13031828890988373,-3.050772637970822,nan,nan,nan,0,100360.67171522426,-1.2516808777849484,-0.10707386034671458,9.758551799765051,0.012385564571857193,-0.0006692016469777621,-0.0013826684791671301
96.60000000000001,110.6352838807347,149.13362880567507,78.74862733336404,7.532232105228675,0.03049079556903004,1.000663331909205,0.0006688347440129139,0.13253036768750381,3.1267611473148396,144.2959404181049,64.2503549545651,75.540498750302,-8.55672499842763,-6.646778583979272,0.03093532369540168,-0.03066124087134736,0.13016164636646432,-3.0505925092800625,nan,nan,nan,0,100385.8967815431,-1.2092641845113152,-0.08298049477180233,9.739370609258662,0.0029125635798181245,-0.0005865821242520646,0.002264783581422139
96.7,109.87548233565991,149.14197704055073,78.74829060280554,7.532220827731789,0.030562509997288732,1.0007922468962385,0.0006911965141493948,0.13253371186951246,3.126594592313432,142.98625962404031,63.79972204802698,75.60477817994418,-8.541917110841496,-6.680802870198287,0.038508412817415544,-0.030576666044335177,0.1297791103707373,-3.0503580515185056,nan,nan,nan,0,100371.66851990984,-1.2379806398655575,-0.14434878643105858,9.697745456453063,0.0016536056681047326,-0.001358610845540639,0.00164726495723017
96.80000000000001,109.11568123547777,149.15044810123302,78.74796638642417,7.5322108395143985,0.030637794650755647,1.0009505640000962,0.0007142172487728526,0.1325363142329643,3.126424570671732,142.13227552654902,63.13053713277977,75.60865824650155,-8.53782801964487,-6.703993208504354,0.03898610884040984,-0.030253947390645797,0.1296483035340703,-3.0499561723075654,nan,nan,nan,0,100401.37235361569,-1.2259857053441527,-0.10286320509438057,9.763101646944003,0.004729872929653456,-0.0011969642986089774,0.002060145532793026
96.9,108.35588018670309,149.1590443828541,78.74765741889523,7.532202245660268,0.030715136429361016,1.0011273932341678,0.0007380970320063351,0.13253820603576116,3.126251109682059,141.98053764925777,62.12756771916267,75.51650286942433,-8.551304379177513,-6.717168693286152,0.027609705106940143,-0.029934049862510026,0.12986647175025667,-3.049636178329056,nan,nan,nan,0,100372.3342225021,-1.2474253214362543,-0.132243370766947,9.738174622297867,-0.0018337532842094642,-0.0011384814243672026,0.005870925005679873
97.0,107.59607891446147,149.16776846469313,78.74736580070713,7.532194574241139,0.03079464510920097,1.0013187452159866,0.0007627604271618349,0.13253950249102453,3.1260740242434553,141.12559798580205,61.4547326860789,75.51929719978398,-8.547808019949738,-6.738984056115839,0.028107138923143198,-0.029822633554223987,0.1297227379267376,-3.0492163078217556,nan,nan,nan,0,100364.0852357517,-1.2175705635378777,-0.05948564185599507,9.765757396355742,-0.0005369065074368237,-0.0016733596173940054,-0.0029341055706198476
97.10000000000001,106.8362772500154,149.17662298704337,78.74709296091851,7.53218769980537,0.030877011934189697,1.0015171058950127,0.0007883170116940175,0.13254028681912833,3.1258931654508295,139.85063656123364,60.97758290795414,75.58075840758508,-8.532311022561727,-6.771551094285467,0.035130486707492276,-0.029626563038712916,0.12936868760566034,-3.0488677046224346,nan,nan,nan,0,100378.72243233975,-1.2649079792571658,-0.10526100885024153,9.725443732812414,0.010304685933509729,-0.0008065619348307116,0.006456988222121457
97.2,106.07647512103922,149.1856106887169,78.74683969024679,7.53218141950029,0.030962175158991488,1.0017174126249895,0.0008147992252487413,0.13254060287638647,3.125708377346014,138.9976685942418,60.299122242453066,75.58423768563306,-8.526887835853838,-6.798361372594884,0.03487528939394882,-0.029766874383152953,0.12923464899559645,-3.0485536870958603,nan,nan,nan,0,100376.18075555477,-1.2271173633630101,-0.11114565821468636,9.711827297222994,0.0033333737759204565,-0.0020513039574164326,0.001775032380455475
97.30000000000001,105.31667253841616,149.1947344065828,78.74660629606801,7.532175512697148,0.031050718417177027,1.0019160876130144,0.0008423000502877365,0.1325405520041647,3.12551949547435,137.95700685021907,59.706912822836934,75.6146728339392,-8.516054193676696,-6.824010563781444,0.04012712400798801,-0.02979601675969601,0.12902055284396607,-3.0482770029804507,nan,nan,nan,0,100365.38722852818,-1.2427158711248047,-0.01260131642740131,9.695953508458281,-0.003170013392394278,-0.0006504586902567894,0.0022784998193783475
97.4,104.5568695803037,149.2039970632529,78.74639266148262,7.532169827236531,0.03114267461120388,1.0021098250354785,0.0008708687579683794,0.13254022065329507,3.1253263836808314,137.10560495313808,59.02334096174773,75.61868371620882,-8.511607637433922,-6.848228165032972,0.03981899049573966,-0.02950093579577251,0.12892290877872803,-3.047900674866447,nan,nan,nan,0,100375.92545790778,-1.2360655870605592,-0.021122529341567733,9.697626564283809,-4.167410213310862e-05,-0.0008389120698075016,0.000743692788962455
97.5,103.79706637140228,149.2134017305826,78.74619841975482,7.532164217486091,0.03123797023153947,1.002297183651931,0.0009005203098635395,0.13253961262900282,3.1251288334034344,141.32253665046278,59.47569616175152,75.61702632648374,-8.484541189439295,-6.73192767953459,0.03857564176133785,-0.0298861363871048,0.12991305740194647,-3.0630693338479844,nan,nan,nan,0,100375.41894896679,-1.2405392109057356,-0.18065127194848435,9.744047241297373,0.0038865659299650492,-0.0013525662013955616,0.002604640220090077
97.60000000000001,103.03726308555673,149.22295158671986,78.74602294583354,7.532158551655266,0.03133734087185243,1.002474595026999,0.0009314059044949197,0.13253877833283045,3.1249266529926523,140.47430429656634,58.801362945353404,75.62091520217572,-8.480228333955527,-6.755667713383897,0.038641666899047515,-0.02982598479134646,0.12979881530974025,-3.062830428602118,nan,nan,nan,0,100382.33716035917,-1.2413800688398442,-0.10489553535125298,9.754992146685764,0.0111929394107214,8.378948500867007e-05,-0.004693039657898632
97.7,102.27745993657652,149.23264995069016,78.7458654254064,7.532152645028452,0.03144101905329993,1.0026419554233585,0.0009635867008810362,0.13253778636771685,3.1247196115043874,139.8659351502411,58.012063768713524,75.58880352088406,-8.48391010913479,-6.776945754692987,0.03588992157714176,-0.029535405009415205,0.12979657670295075,-3.062425854321349,nan,nan,nan,0,100366.30385807816,-1.2450953732950154,-0.14319391686392602,9.714228384873076,0.009867988405295083,-0.001676044667556889,-0.004006771081680226
97.80000000000001,101.51765716537753,149.24250027487724,78.74572491071399,7.532146402365653,0.031549373809754915,1.0027994033711773,0.0009970923101392248,0.13253669587122685,3.124507483311456,139.01773176767307,57.33324144034217,75.59236313247436,-8.480107340845104,-6.799961687310609,0.03573604237908046,-0.029380006272777814,0.12963940490069947,-3.062002394941187,nan,nan,nan,0,100384.40955185994,-1.2261873109431245,-0.09202388869126055,9.74115382629236,0.001957143916545098,-0.0009078031235665702,5.3682505383680426e-05
97.9,100.75785502999575,149.25250615906285,78.7456003868802,7.5321397799546785,0.031662900558163974,1.0029443119077626,0.001032101376532868,0.13253550155830496,3.1242900341813638,138.32916333560854,56.57666663503316,75.57129809970974,-8.480257954887263,-6.821699546860817,0.033925191314340956,-0.029316957859880644,0.12960765259168783,-3.061665441680079,nan,nan,nan,0,100384.02398802472,-1.236335598748395,-0.024403344440670473,9.74490048322945,0.005803888130759545,-0.0013759580771603706,0.0003265569078196688
98.0,99.9980538084245,149.26267136925483,78.74549078030033,7.532132685433501,0.03178184314296246,1.0030771010435937,0.001068783252527794,0.13253420392836612,3.1240670019280983,137.481328323979,55.89320527356095,75.57479947372236,-8.47595945254079,-6.8484449945675765,0.03545797265002225,-0.02919822925534188,0.1295000042782155,-3.061255473351066,nan,nan,nan,0,100386.03232231847,-1.231177306763893,-0.0791975356500855,9.762020489635434,0.0033394744928704526,0.0003930408529289626,0.0014395091968232164
98.10000000000001,99.23825379665135,149.27299985182466,78.74539497417095,7.532124994037382,0.031906562371963515,1.0031997266781896,0.001107159541498648,0.13253286584749935,3.1238381059948788,136.82579375929905,55.115441089385236,75.54789195186774,-8.479570839207536,-6.8681284311833455,0.035699409180921474,-0.028999494051100472,0.12949277607503062,-3.0609720414883155,nan,nan,nan,0,100400.70716451871,-1.2291400107229187,-0.07105383471431338,9.732205580849197,-0.004859005947727945,-0.00041332989647412767,0.00042079793916991164
98.2,98.47845529566631,149.28349576276423,78.74531189196246,7.532116650239919,0.032037533922379804,1.0033105164561356,0.0011473391026959323,0.13253148658309555,3.123603008331375,135.97805215192886,54.42732963750657,75.55146973522533,-8.475449304310393,-6.894561445631259,0.036286486087666436,-0.02885815678380177,0.12933579644574178,-3.0608118669830207,nan,nan,nan,0,100391.20817335875,-1.22589501601608,-0.02553016761985165,9.767977832804707,0.005020903476614647,-0.0015569457035113123,0.0065636680187023295
98.30000000000001,97.7186586141011,149.29416345802025,78.74524050735097,7.532107600991705,0.03217598401784309,1.0034085643131037,0.0011896310891359452,0.1325300296573131,3.123361349982103,135.21413779397858,53.69626340190055,75.54136789887681,-8.474945042418168,-6.917507044913321,0.03476434351048352,-0.02843247838511509,0.12924376600461085,-3.060605514311599,nan,nan,nan,0,100389.22837849561,-1.2316123345301393,-0.020289510997229643,9.76142511621141,0.003486910801177785,-0.00021444654732566838,-0.0056826435438523835
98.4,96.95886407464761,149.30500750790537,78.74517979152246,7.532097739893215,0.03232202025278612,1.0034981118892188,0.0012341822261991986,0.13252851285018652,3.123112775257992,134.36687157255275,53.00328060980012,75.54495596678582,-8.469975140580406,-6.942151554095346,0.036251847019260514,-0.028341058462550972,0.1291064678028997,-3.0604373022924523,nan,nan,nan,0,100384.32110274401,-1.259487268266868,-0.08164416416781307,9.718484015448073,0.008782612174375167,-0.00010707235380145303,0.005779877003868929
98.5,96.19907201203492,149.31603273953002,78.7451287260106,7.5320869240999855,0.03247654916807205,1.0035774597440015,0.001281065686496996,0.1325270347507368,3.122856887902424,133.4723276043777,52.331303653983824,75.55682601759584,-8.463527499974234,-6.96839567408659,0.03889534756158876,-0.028259654805550705,0.1289688176103998,-3.060148222040784,nan,nan,nan,0,100401.79114881104,-1.22412124847581,-0.08199147283645233,9.663290099734322,-0.00420273250441938,-0.00026813374688636584,0.004401178363745617
98.60000000000001,95.4392827551316,149.32724422643608,78.74508641344572,7.5320751998816675,0.032639877238283585,1.003645500577048,0.0013305846960915968,0.1325255245448349,3.1225932954933624,135.6901804290454,53.06406942023509,75.55545737235725,-8.514043694947071,-7.084329405859165,0.03887639505901679,-0.03121746159583405,0.1292721606782583,-3.0605760064361602,nan,nan,nan,0,100368.44569927765,-1.2219392317252131,-0.07982848657027493,9.706888331539265,0.004776123507292319,-0.0007633449004626382,-0.00301314348859768
98.7,94.6794966380082,149.33864737929136,78.74505204797457,7.532062528497389,0.032812934545998367,1.0037059461588314,0.0013830167754347311,0.1325238719066566,3.122321473728978,134.6049411739415,52.47042362936293,75.60092874638694,-8.501014487181623,-7.11346963716513,0.0449083951432748,-0.031020648557553487,0.12896478804519074,-3.0603024053716696,nan,nan,nan,0,100376.63296496209,-1.2546642952639853,-0.09495051143614253,9.751926596065468,0.006600145571452687,-0.0015082985432182368,0.0009127185706997547
98.80000000000001,93.91971402380787,149.3502479006062,78.74502476514618,7.532048653440484,0.03299645673875577,1.0037593731199517,0.0014384282068895526,0.1325222285838925,3.1220409149683856,133.75509551507935,51.75770721504929,75.60540269782382,-8.496123672391954,-7.140397100848439,0.04515832847372598,-0.03099096988532568,0.12881825332633778,-3.0599653148759742,nan,nan,nan,0,100384.51715792516,-1.2461595709430389,-0.08907167828129742,9.735581837812136,0.003679494173380685,-0.0003478154433224714,0.0011207441534785674
98.9,93.159935274357,149.3620518422036,78.7450038435642,7.53203353306412,0.033191879402682756,1.0038021352215896,0.0014971177814708803,0.13252058739756878,3.121751046071624,133.0472748758259,50.97069409889697,75.58387269968726,-8.495865868617466,-7.165127412493426,0.04370791700170799,-0.03072608732408799,0.12875455880141273,-3.05962336072707,nan,nan,nan,0,100391.1042949693,-1.2542661908756896,-0.05275580333688737,9.734995073296792,0.006713921888371761,-0.0007398463276096906,0.00686833820089889
99.0,92.40016074711636,149.37406564626644,78.74498874252471,7.532017254391141,0.033400052717672525,1.0038388508838645,0.00155962870789228,0.13251870257697163,3.1214512048735346,132.19798304686762,50.25303462632179,75.58823430856498,-8.490323037582712,-7.18914089639547,0.043243130431906446,-0.03071801475055458,0.12858312164853625,-3.059605727272338,nan,nan,nan,0,100362.14760668363,-1.2331539298568495,-0.07596594125445778,9.759566121818699,0.0031835930225878077,-0.000931613741023406,-0.0015214202241652297
99.10000000000001,91.64039084581619,149.38629619336976,78.74497882791,7.531999416154948,0.03362156785061372,1.0038721279844465,0.0016261483170705304,0.13251670252169312,3.121140632422177,131.3645617065017,49.52482231826938,75.5896894564871,-8.484934289520485,-7.215225351145367,0.043818384157049355,-0.030688925351722185,0.12844320779577423,-3.0594383504956264,nan,nan,nan,0,100359.60391530693,-1.2377972170224092,-0.10053009333226263,9.714192903177578,0.007832726537976639,-0.0005273922957337613,-0.0009710778769441838
99.2,90.88062599816669,149.39875087611122,78.74497356322854,7.531979821523069,0.033862773536062395,1.0038922017363274,0.0016971449429079577,0.13251467047711984,3.1208183902471456,130.51632870997895,48.80213174337053,75.5942740980246,-8.479828165678843,-7.2387805751895735,0.047632174633019206,-0.030427334926184102,0.12829097590308502,-3.059375889622497,nan,nan,nan,0,100383.11454080394,-1.2213469092793552,-0.07798087915342909,9.697426214380636,0.008032708409095337,0.0005122523903241458,-0.008319329418329436
99.30000000000001,90.12086663530123,149.41143727866248,78.74497249499336,7.531958481453427,0.03411979398176438,1.003910974435244,0.001773326120480645,0.13251256343302686,3.120484123382501,129.73427233271104,48.042298444845635,75.58572749743841,-8.476775904735456,-7.259564236473911,0.044628210539511486,-0.030322498127428155,0.12819523628586404,-3.059292287289893,nan,nan,nan,0,100380.90407000756,-1.1993178946646166,-0.11027988022498918,9.729507250743636,0.003668655467614594,-1.8391403444847822e-05,0.002523802645306261
99.4,89.36111319663432,149.4243638798964,78.74497535299318,7.531935371858869,0.034393707732817434,1.003926753594345,0.001854860555271065,0.13251012527181927,3.1201367320395343,128.8869080106651,47.315040384138186,75.59025217341764,-8.470468959314498,-7.2856831399610495,0.04583467682468283,-0.02998147528016548,0.12805970817215484,-3.059058192732075,nan,nan,nan,0,100387.9686276822,-1.2243629824622975,-0.08297857572487352,9.787314297336952,0.010495092192321176,-0.0008552177600318679,-0.003686553964261442
99.5,88.60136619860518,149.43753972031357,78.74498167955893,7.531909939815733,0.034687922941525666,1.0039348107039985,0.0019419254624359894,0.13250764587943187,3.119775099827076,128.23118481294134,46.480762626471645,75.55457393132566,-8.47332805858643,-7.30513954031434,0.040945325328744855,-0.02963685442788133,0.12802617984365283,-3.0590226714652284,nan,nan,nan,0,100386.82484035201,-1.232699500553636,-0.08249917392646917,9.753474771848378,0.011205921485790091,-0.001762485890115658,-0.0016881127384738544
99.60000000000001,87.84162615306533,149.4509744688772,78.74499135598147,7.53188224116275,0.035005765300894845,1.0039364815074443,0.0020354854042965442,0.13250483959984916,3.1193980475780956,127.38406932797368,45.749167709929026,75.55874285004951,-8.468551752135399,-7.32775121908615,0.04246853833268613,-0.02959373105572216,0.12788573409428405,-3.059004815592586,nan,nan,nan,0,100381.33015997914,-1.2714552706296847,-0.07104920754822316,9.736810167929852,0.005072661313008422,-0.0004931163976238805,0.003752050044280894
99.7,87.08187542881001,149.46467940036086,78.74514363381823,7.532039560198349,0.03534724099885464,1.009503624113048,0.0021361357655564905,0.13222549168765196,3.119003362024114,132.3177170645331,47.67012687053913,75.56483131283576,-8.337108899744868,-7.169938841690952,0.05097579590239905,-0.029735563747449456,0.12608574701391673,-3.08126413339991,nan,nan,nan,0,100376.41729331829,-1.231952716163642,-0.1730660904296758,9.936628798025453,-0.0014922552338381334,-0.015950436577959384,-0.004834282481604159
99.80000000000001,86.32102305782969,149.4787166603584,78.75584303712802,7.543662727530273,0.03569851686124781,1.0757582353376394,0.0022250125165810264,0.11141169867795364,3.1185393971065496,131.48344330747113,46.95149508020024,75.57961114808464,-8.345241616124026,-7.20296586925525,0.26491872435447866,-0.029622387864903788,0.10529184847747719,-3.0807082567032626,nan,nan,nan,0,100372.68378148098,-1.3296051625115086,-0.1242142858021434,11.127583827627284,0.009071247092293011,-0.42657487443639835,-0.002003837679826416
99.9,85.56143295280611,149.4930589017522,78.7849639639471,7.533081769533757,0.03600888200604836,0.8431126947552835,0.002042575552678727,0.0613636175494463,3.1179868423519332,130.54941967326562,46.28894717273296,75.6368095304773,-8.285546196529456,-7.229986980443847,0.4130697202413391,-0.029705920702488786,0.05511108402181586,-3.079075352984469,nan,nan,nan,0,100378.66962564996,-1.4602391500053955,-0.10692957089374398,10.928243586275162,0.0033449901384783676,-0.5664431324205708,0.004347774039039744
100.0,84.81014076327313,149.5075080936339,78.82861710115576,7.453713124242481,0.036670362391782216,0.564597150771802,0.0016859764292869173,0.004695608892835823,3.1174136166418616,129.7265349299067,45.56485191850594,75.6851793525381,-8.160898839948524,-7.251962264238678,0.5653285860630569,-0.029985055301293473,-0.0016625940371042258,-3.0772944787875893,nan,nan,nan,0,100377.30324961926,-1.5026477304869517,-0.03883993419692063,11.057766932843753,-0.0042571756366395815,-0.5706477708952071,0.0010019432464104137
100.10000000000001,84.07366629058485,149.52038668765127,78.88844047218856,7.306335183037858,0.08416501247392316,0.4235167570360144,-0.0035788590660872366,-0.048917752346744114,3.1198302627191175,129.01221357259655,44.781352519061855,75.7265673117629,-7.969925481392426,-7.33784322422299,0.8201620215198309,-0.035331777300999345,-0.05525253720169587,-3.0726761824633884,nan,nan,nan,0,100381.33603584512,-1.5155164233114407,1.7889158098347502,14.655956557043467,-0.26421242272062306,-0.7083411077046937,0.14254879634529397
100.2,83.35833925655416,149.51930096374403,78.96927662625512,7.089880851240894,0.0311197694966301,-0.00276701882141387,-0.027272910416769935,-0.1111568646492549,-3.1347352858164075,128.22779409455484,44.03920304439154,75.81141257730847,-7.7178274713659,-7.485245022450719,0.8055876489917917,-0.05974456088593727,-0.11674760667882644,-3.041509903907592,nan,nan,nan,0,100380.22118461378,-1.3920060615431105,0.7239307303869762,9.462009910922854,-0.13947987606304574,-0.4340898628292782,0.37524084571606936
100.30000000000001,82.66794813878278,149.50819470502054,79.04490951637872,6.818521225235729,-0.17420869044555512,-0.2297579011020185,-0.04313514641025229,-0.14380716490618828,-3.0915634064130666,127.5411854931287,43.24101643544561,75.87178149979717,-7.440858796229126,-7.560466990819381,0.782494235831249,-0.07629142043542814,-0.1481472685474594,-2.996746708897965,nan,nan,nan,0,100359.73902026535,-1.2914181810066052,0.24697703612422248,9.817224438118888,-0.052898156366395596,-0.2742109778996449,0.45223276492925485
100.4,82.00524669519122,149.4912760854469,79.11812492664022,6.517615040637803,-0.4121042417732654,-0.3604150485539035,-0.05270548303840439,-0.16289128453650692,-3.043971255221709,126.8117376282665,42.48232757813106,75.94843465471895,-7.145900408747461,-7.6097838650188585,0.7510792213785563,-0.08632308334181427,-0.16582777254200187,-2.947800996835416,nan,nan,nan,0,100376.94791657168,-1.1812791029871663,0.12918959780608114,9.914562254806699,0.006019309948189115,-0.16894030567560422,0.4733962449725636
100.5,81.37152992579999,149.4702139762748,79.18844082248604,6.199070498597574,-0.6438423178052769,-0.4248589006568985,-0.05820316579878693,-0.1739550589981318,-2.9952462524405346,126.39177759163292,41.5282324445236,75.94082893394832,-6.857040810422248,-7.641294509895747,0.7088146477830134,-0.09201942457427337,-0.17527166038009945,-2.8981295573208596,nan,nan,nan,0,100375.88347886397,-1.1178930613724882,0.16535832184540744,9.902508649639282,0.04819112808201844,-0.11459592769161388,0.4816778550637772
100.60000000000001,80.76739994586107,149.44602797668318,79.25559825814132,5.869278854092249,-0.8582978459913487,-0.4560539346390053,-0.06157523295615941,-0.18048087465591678,-2.9463541462793073,125.7213769155721,40.762594302979394,76.00995369243358,-6.55103313616809,-7.669507543085877,0.6726459541036373,-0.0959064652146413,-0.18028305886036944,-2.8483898262916307,nan,nan,nan,0,100373.46249002781,-1.05879136570415,0.11824444413639239,9.832141443168693,0.055053146473325265,-0.08046466699335646,0.4826966464059295
100.7,80.1929991940404,149.4196131581615,79.31917314406222,5.53237916807677,-1.0517336721181407,-0.4689230055031948,-0.06457244086382397,-0.1840778591507457,-2.8975620051678366,125.08324893256173,39.99332887121318,76.07472409326586,-6.244934173248135,-7.689350479260268,0.6341884187677256,-0.0993664236845917,-0.18231594978985344,-2.798915043168469,nan,nan,nan,0,100373.38904177085,-1.0013350944198849,0.2159407016136457,9.866009375339818,0.05229849188573964,-0.05570199811418569,0.48333663804341626
100.80000000000001,79.64820375047606,149.39177333488408,79.37880656563958,5.191635815602269,-1.2220932515571585,-0.47047902605162034,-0.06861041021863246,-0.18541655783082067,-2.848937857709538,124.47392374705049,39.22362570792652,76.136134912131,-5.9425312757605075,-7.702861253633815,0.5929847607278388,-0.10381051844363154,-0.18208085149767572,-2.7496239610434987,nan,nan,nan,0,100372.15273355877,-0.9307240716212039,0.18295712690702376,9.772712133222603,0.0437282618603491,-0.03702299602070922,0.48149677171379907
100.9,79.132717608071,149.363148636726,79.43421736100156,4.850119290627513,-1.3674359896786483,-0.46536333677113095,-0.07469924493639568,-0.18461471413216546,-2.800515543185483,123.89809361551397,38.449966139637965,76.19189999090759,-5.644541102672742,-7.709702090470044,0.5478859371576644,-0.10996684493421571,-0.17973730572401303,-2.7005347807978906,nan,nan,nan,0,100364.91054791893,-0.8838888310519115,0.24104068533492662,9.799757288881262,0.019324973533270163,-0.01731329636585545,0.48169605232681756
101.0,78.6461373350564,149.33413055341728,79.48522306019383,4.511101767085394,-1.4856922659469782,-0.4552356314930071,-0.08341728980476737,-0.18145155106300392,-2.7523452940247557,123.34834737912733,37.678807439448974,76.24431002983599,-5.350294340371953,-7.71436862303617,0.5001742215068143,-0.11849477862857771,-0.17501466231895635,-2.651862119975598,nan,nan,nan,0,100381.41377651508,-0.8435953445120398,0.2749923114834993,9.72143667643919,-0.017571225782206858,0.0045253596836904485,0.4854279973036122
101.10000000000001,78.1879901405933,149.30479501348643,79.53174563293224,4.1782789266980584,-1.574624590737067,-0.4407621122288301,-0.09526680912176233,-0.17549326711715785,-2.704511691517795,122.86103640347127,36.87305277013274,76.27707992139582,-5.064097594304595,-7.718323683740146,0.45204061197234263,-0.1301818097711347,-0.16750206725139938,-2.6037614746315443,nan,nan,nan,0,100379.72916167692,-0.7624120423938682,0.3339511608521208,9.804072241921515,-0.050361772034410786,0.028739609162982384,0.4778148864929605
101.2,77.75779850330261,149.2748457135767,79.57399760093388,3.8555203384182875,-1.6326760972320504,-0.42192566767367384,-0.10980546045313377,-0.16658282075278175,-2.6570984217492812,122.36898345174565,36.10058523101286,76.3201058445832,-4.778492291080448,-7.7312696929107005,0.4077804153253018,-0.14434723629597368,-0.15708544194287688,-2.5559880878682897,nan,nan,nan,0,100363.44422463849,-0.7050671926234316,0.1678524566372021,9.762366556049244,-0.09311420323199347,0.05529518008442841,0.4902520485651469
101.30000000000001,77.35502569786664,149.24362682241602,79.61212601282654,3.547163030016319,-1.658321646936774,-0.3989176328157603,-0.1272270221631362,-0.15421213157325941,-2.6102673916754213,121.86083261293015,35.3843181478467,76.38418617883866,-4.495802142556246,-7.753839888645497,0.3688008297963578,-0.161626649197538,-0.1432367909317147,-2.5089986422048485,nan,nan,nan,0,100382.76776833757,-0.661527533900131,0.2452382743636929,9.799391055824637,-0.11635260087418983,0.08363227912518018,0.47700178992355996
101.4,76.97913562244364,149.21008680298874,79.64641926657909,3.2577403475246145,-1.650733116437501,-0.37189360450378023,-0.14714409907143233,-0.13812920844368493,-2.564185033934476,121.42504138216839,34.6074300505181,76.41916882584499,-4.221625009986187,-7.786560588526005,0.32964078030100624,-0.18084688877095156,-0.1256750962152431,-2.462923492581769,nan,nan,nan,0,100358.11087422913,-0.6050339518211105,0.1930759906701971,9.886684877711726,-0.14701103401713939,0.11410931661425391,0.4760891489506012
101.5,76.62955878464041,149.17278915324601,79.67706432282976,2.9920417859702226,-1.609539046449537,-0.34332071155333954,-0.16934878928480512,-0.11793869395703971,-2.519072986785538,120.96468040820761,33.92200036735638,76.4923454357494,-3.9467984245555985,-7.840509614600024,0.29272379044634517,-0.2025489577865236,-0.1041175880983436,-2.4180155598668995,nan,nan,nan,0,100372.00251129294,-0.5650330953835192,0.2587345609557582,9.695042095694408,-0.18273223499227195,0.15405114870928158,0.4861371383434497
101.60000000000001,76.30575672218538,149.12987219556715,79.70440493019576,2.7551388214251915,-1.5346927882601882,-0.2989507505804033,-0.19315954654577405,-0.09379441466305338,-2.4750809595578134,120.58359318695646,33.13446719944314,76.5203124715127,-3.6762301266104513,-7.91316403309022,0.26418173450959287,-0.22592124807253056,-0.07860439904322902,-2.3743625296499986,nan,nan,nan,0,100371.13167113395,-0.5364580944081255,0.280019774301812,9.850889640487427,-0.2089963592502813,0.16813292999450716,0.4783080912270272
101.7,76.00722051182214,149.0791169350995,79.72882828878646,2.5506761294087146,-1.4284599391288912,-0.2569478992665932,-0.21754241524385298,-0.06640821128951058,-2.432229632945917,120.24702024123242,32.28100672254151,76.51977760895114,-3.414452106728798,-8.006427312468805,0.2263891111494905,-0.24970472616827655,-0.04992964134735467,-2.331871183846911,nan,nan,nan,0,100375.22276330716,-0.49097602130696016,0.1948391873860091,9.945098647228045,-0.21882696327169193,0.1959551462704363,0.4775766473431153
101.80000000000001,75.73334963021226,149.01812561448722,79.74996615828637,2.3828416254216167,-1.2926034129418973,-0.20930620910390885,-0.24239405089960542,-0.03544206740259215,-2.3907145928311513,119.91873184418738,31.47454588791527,76.54068158779477,-3.1519491521726297,-8.127710335525958,0.18687783477554792,-0.2739550120452148,-0.017708120572928143,-2.290887330747176,nan,nan,nan,0,100375.64867058069,-0.4910786998149339,0.17521301331342748,10.000640493871227,-0.24161522734667193,0.22249814530938275,0.48179687316662684
101.9,75.48392925637116,148.9439628031827,79.7691051101139,2.254432519290538,-1.1305061495287472,-0.1187075459684265,-0.26438034157391543,-0.004772984758993237,-2.34959998945163,119.61329859461505,30.705542007180625,76.58167994833212,-2.88120489511312,-8.286250607402325,0.1879984462499465,-0.2952711000766688,0.014274680120616168,-2.2502036156598066,nan,nan,nan,0,100363.92193410733,-0.43920154947684575,0.10192540966527547,10.439499020336067,-0.17986642545018613,0.15236283244357035,0.4772674814822619
102.0,75.25909490883822,148.8535478512172,79.78873755019218,2.1618856943088356,-0.9504337264524961,-0.033572524828492295,-0.2780630036654532,0.018150804305331336,-2.3066506048858857,119.33869407945946,29.868002797090064,76.60029604575398,-2.6133016353724736,-8.464995046518904,0.17538964429611298,-0.30808427261406535,0.03858275130368094,-2.2073472951075663,nan,nan,nan,0,100358.61544611065,-0.4140708103378155,0.20876908371946212,9.907701987173894,-0.11025174788668225,0.07306079915625083,0.47905587569131175
102.10000000000001,75.0566908385277,148.7472989237479,79.79925454792249,2.101986636180502,-0.7640601454908857,-0.09765016508280003,-0.26828196981953334,0.050396101244367886,-2.2664648137549968,119.10051660458538,29.08548875401862,76.64086660758542,-2.3906448104965454,-8.613781435342702,-0.01558025254352894,-0.297705629399007,0.07191204095321302,-2.167397955133235,nan,nan,nan,0,100382.0997997674,-0.474311782306575,0.1566894884662079,8.4788735417383,0.3145097152828381,0.36413445222898827,0.48397620630263005
102.2,74.87360098695062,148.62618935498733,79.79339726265113,2.0895257239745657,-0.6001301729630213,-0.033449166696564406,-0.22631690784707792,0.10258645741952854,-2.2308391963743848,118.87207076539036,28.215672198549235,76.6331743353536,-2.1855198386691472,-8.785670854864216,-0.13142383493773196,-0.2550638323655876,0.12503211227815814,-2.1326374528924514,nan,nan,nan,0,100357.1753557647,-0.4920187453544623,0.15154503816804984,9.33320631982618,0.46879567615051165,0.4484693520257984,0.47311435082666864
102.30000000000001,74.70628152855862,148.48831706831456,79.77831311586422,2.131599558496796,-0.4799238893253356,0.05444812102387989,-0.17284572927028297,0.15558347109902226,-2.1932173435151547,118.69389746907025,27.40878849444,76.6517986308379,-2.0322264732794038,-8.975744866358493,-0.2167624067302647,-0.2007997053245676,0.1790246246559115,-2.096018038838597,nan,nan,nan,0,100375.38186436375,-0.49338637969758925,0.17519662196386024,9.351681389287313,0.506126122548503,0.4380478943955867,0.4783064160087006
102.4,74.5486563633423,148.33297417816277,79.75554745406059,2.224898789480005,-0.41454519061697714,0.13384480510172359,-0.11837182668704926,0.20205160702556668,-2.1518588543212154,118.49582929756903,26.501206637138157,76.62632690192653,-1.939841741734844,-9.176354093836881,-0.2973776544094503,-0.14500335180033108,0.22649867177777283,-2.05550375677576,nan,nan,nan,0,100376.65234512735,-0.46150370101458266,0.10710456510581279,9.219145030484587,0.4494529685347669,0.3663405720017814,0.47396904886125213
102.5,74.39463437987047,148.15984943509844,79.72479800718781,2.3604316992859387,-0.40733341139642976,0.18341490442668265,-0.06896082535597392,0.23837154122179816,-2.106916610259546,118.24224689003393,25.473685650843795,76.54719629657406,-1.901268148215221,-9.38092531240723,-0.39671196862119573,-0.09475804568765733,0.26385206546924134,-2.010752684375671,nan,nan,nan,0,100386.15330702598,-0.46739137843946454,-0.003524585677656178,9.142553629124045,0.3427922854252553,0.2761044616914734,0.47588421650415325
102.60000000000001,74.23918409691188,147.96882934897704,79.68505295391168,2.525871252890018,-0.45472792775952636,0.20245370160027293,-0.029664793210102403,0.2627108980106556,-2.059415898698073,118.0518720408497,24.525086358074756,76.50272899200185,-1.910629705071301,-9.590729836672033,-0.5000633258837669,-0.054265919980176935,0.2892761184557917,-1.962987049201745,nan,nan,nan,0,100374.47103299054,-0.45542087877843884,0.14089751927200583,9.044433096288474,0.22061077032746712,0.1739006495962884,0.4788523436570089
102.7,74.07889209854088,147.75991449390463,79.63521464878846,2.707060766071283,-0.5468075005727501,0.19083853297576234,-0.004083780017663408,0.27458932584244145,-2.0105893138524102,117.89138693592888,23.59374476882542,76.46530807754984,-1.9470256510715551,-9.805306655651385,-0.6053958844888065,-0.02716199318449819,0.30222844360859713,-1.9136849328580094,nan,nan,nan,0,100367.49201169498,-0.5144873782408044,0.05165296399463798,8.986978732345655,0.05493385506410014,0.05713384063100669,0.4826501094932103
102.80000000000001,73.91215765340412,147.5331987253741,79.57472271509019,2.889074679771131,-0.6697526091991038,0.13752248011553597,0.005611799364883985,0.274721077596924,-1.9615129807314977,117.69467825186261,22.602569612596987,76.3992579560356,-1.9878620997330896,-10.016377905631476,-0.7192914902545141,-0.015702330713787127,0.30332190952625093,-1.8636088438148528,nan,nan,nan,0,100385.03180650936,-0.5077895187779757,0.036522049931084946,9.039806112797677,-0.10517774573972033,-0.04483565810189784,0.4741594221748404
102.9,73.73847868913448,147.28916594372646,79.50382870013203,3.060075141355644,-0.8099902488717194,0.0516844414816668,-0.001094984619492978,0.2653498777725909,-1.9144741802710479,117.33851032485416,21.44014837159367,76.25125878475471,-2.020840630048903,-10.22061431434232,-0.8341644431582017,-0.02094312333759607,0.29471002447502825,-1.8154266605485283,nan,nan,nan,0,100376.71892898418,-0.5150567031541398,-0.0452032386385067,9.042159036625991,-0.2496040658660912,-0.13014897747025353,0.4367873127984989
103.0,73.55879869467381,147.02832527814718,79.42378055801086,3.213114493219874,-0.9336384701331892,-0.06092259213952191,-0.021341038444114724,0.249846078702477,-1.871604454529014,117.1350530454323,20.407976825225802,76.16334577700786,-2.0426222455438645,-10.421610531759063,-0.9222012968721839,-0.039620382149048616,0.2798920761170822,-1.771220656644437,nan,nan,nan,0,100363.33539198052,-0.5677744617912677,-0.012349394835454525,9.2992801013246,-0.33501717584503976,-0.17985347983541167,0.4037266497481362
103.10000000000001,73.37594898239597,146.75098909755985,79.33665733931699,3.346076748337026,-1.0183247261565398,-0.17531238528199392,-0.04954355749739903,0.23235680527245606,-1.833297871661124,117.01970904734134,19.42901060497923,76.10313181687567,-2.037015667157508,-10.617088536937798,-0.9798617785876204,-0.06626461432706998,0.2629867969643327,-1.7316062787417277,nan,nan,nan,0,100376.12746519735,-0.5764321406075992,0.010214261274154826,9.573498061828197,-0.37475883721426456,-0.18952678410349846,0.3464792945979456
103.2,73.19373785250178,146.45739475254737,79.24535220607758,3.46156501281031,-1.0566679833249357,-0.2664265549054567,-0.08020496512990483,0.21625048059939722,-1.7993342297025086,116.81820660613973,18.35774138243981,76.00331155197337,-1.9879508287617256,-10.807143777989568,-1.012193031668048,-0.09555604606794343,0.24731169464124103,-1.6964271406728182,nan,nan,nan,0,100382.56530389213,-0.604295059093076,-0.035095546606048675,9.80793739928023,-0.36316127394775194,-0.17170569826781468,0.3058581998138479
103.30000000000001,73.01621508933346,146.14781471865808,79.15292854692122,3.565042365794284,-1.0511676625374387,-0.31726102216106045,-0.10894227538965584,0.2035720895329316,-1.7694927823092026,116.51396057081644,17.18861586703441,75.86230963485492,-1.888736228632651,-10.990761791716873,-1.0200381402895886,-0.1229894837534582,0.2348687865329988,-1.665744345589916,nan,nan,nan,0,100377.41324395775,-0.5878291003509428,-0.10661940512831618,10.05263661995017,-0.3128108190415988,-0.13636655136828854,0.261583147015792
103.4,72.84717190305606,145.82256042145536,79.06210775484367,3.6621530232756405,-1.0095709444433871,-0.32325761050225693,-0.13270794795049634,0.1949074526004353,-1.7435609410997763,120.62500075122067,16.598344232511423,75.79188903937715,-2.124364830573004,-10.913148980489156,-0.9687737692796276,-0.1397438283759973,0.2276633229656655,-1.668524821321789,nan,nan,nan,0,100375.97475805682,-0.6330593680162201,-0.01663698847486013,10.363883385647851,-0.24829983122934027,-0.09841580896954179,0.23130384094427142
103.5,72.68977536495171,145.48199198897,78.97484974359016,3.7573207893079448,-0.9406504261252484,-0.288305423700261,-0.14979088681269548,0.18997338947776798,-1.7212647963389136,120.42136252141827,15.49941996962354,75.69738327290996,-1.9836920892798733,-11.089652824871404,-0.9313887069783134,-0.15569324582192623,0.22285927029462727,-1.6454650520934084,nan,nan,nan,0,100378.05618676699,-0.6401619200363614,-0.051885985795545556,10.466402365887436,-0.17808765375016006,-0.06417765348597157,0.19861005716734892
103.60000000000001,72.54634707964811,145.12649102792605,78.89226505311086,3.8534049059886746,-0.8531480872386888,-0.22173024211191245,-0.15943314938479003,0.1880808669758136,-1.7022143496951212,120.2309395871095,14.381847491437851,75.60651250643922,-1.822418893216514,-11.261116482274439,-0.8853080091771288,-0.16466087007009156,0.22107552398895347,-1.625741902369084,nan,nan,nan,0,100382.20210023865,-0.6403214107515972,-0.005169993387160413,10.539589154246475,-0.09354335677308996,-0.0348999088875703,0.1807299013242594
103.7,72.41825228345485,144.75641968093942,78.81481646103613,3.951958464984517,-0.7548175092930637,-0.13452464861876817,-0.16166583482897257,0.18837442654735082,-1.685969544978336,120.00092706612509,13.214467823946244,75.50308381953867,-1.647280749417212,-11.428290661388397,-0.8392819140295433,-0.1662306755319123,0.22146180349477218,-1.608702063244067,nan,nan,nan,0,100374.42762984749,-0.690348402809975,-0.0758551641787934,10.54110747081117,-0.015373086138772649,-0.014190634803609034,0.15282770424739328
103.80000000000001,72.30594242655314,144.3721012958035,78.74252913396276,4.053596348675748,-0.6523081776313785,-0.036234851825070136,-0.15716338497850024,0.19003468534298307,-1.6720590811561924,119.84456434197824,12.063397349675043,75.42153874337517,-1.4802672751901325,-11.592716317492117,-0.7924806676583402,-0.1613412066289719,0.22317518768241773,-1.5941742518209114,nan,nan,nan,0,100375.82257254077,-0.6788994856665116,-0.04585690478420877,10.484789719057607,0.04930498981287547,-0.0008767426726780335,0.1347923924035237
103.9,72.20905662198844,143.973824247056,78.67516320493853,4.158352650326835,-0.5511515169234921,0.06482897359516768,-0.14716149460701355,0.19243824908604523,-1.660064044327675,119.77601641810496,10.934227171932989,75.36507116433027,-1.3246484941927044,-11.75345937077059,-0.7478800571463563,-0.15090589128008602,0.22563496986409404,-1.5815563923656057,nan,nan,nan,0,100401.92265094585,-0.6959738517777114,-0.07328328560361541,10.460337245967185,0.11355699336392894,0.007311776017681385,0.1121996116648372
104.0,72.12660090004972,143.5618342144401,78.61240871976365,4.26592578793135,-0.45589812848791295,0.16366014866253048,-0.1331816149981856,0.195080892249879,-1.6496320563835067,119.65110220523664,9.750896903018502,75.29230055788133,-1.1757922560084118,-11.913514488401498,-0.707531467110012,-0.1363583221315161,0.22828237208219537,-1.570583581717683,nan,nan,nan,0,100374.74915607029,-0.6845306394044354,-0.04710283030127713,10.40287194960719,0.1410414584088352,0.013247519162909976,0.10495383109337529
104.10000000000001,72.05714043967856,143.13634629590607,78.55396507256087,4.375799042643733,-0.3697806566274903,0.25713009287508093,-0.11681422284555487,0.1976233161515355,-1.6404953866904406,119.4848552849813,8.524062201243142,75.20805735997142,-1.039183235087435,-12.07393305252039,-0.6719571908835117,-0.11958096303805954,0.23087400099775346,-1.5607434452535518,nan,nan,nan,0,100360.44628276053,-0.7025534515351838,-0.0797189801114264,10.322131279716773,0.15443438766592063,0.012030808928889162,0.09488202579526762
104.2,71.99899193917796,142.69755748603595,78.49957382790247,4.487346700274199,-0.2949854804703414,0.3440800101782601,-0.09956994566853716,0.19986128616790455,-1.6324536068517252,119.38677369887725,7.308703081321906,75.14273300339084,-0.9261176248148879,-12.232605876356976,-0.6354454674693962,-0.10203328458707439,0.2330491769910885,-1.5523899698577432,nan,nan,nan,0,100378.2081600085,-0.7454313542588517,-0.04225535292051941,10.280445395422326,0.16332133849375413,0.012137613604642303,0.08337308895114368
104.30000000000001,71.9503911526759,142.24565897120036,78.44902008356921,4.599906095207807,-0.23246399676132726,0.4238051771078647,-0.08274303438902686,0.20172549237356452,-1.625360582023053,119.39325114748382,6.1211934793507545,75.10609735835239,-0.8383077641866318,-12.388828613070181,-0.5966770307144934,-0.08474290896898973,0.2349041500865956,-1.5448646938240973,nan,nan,nan,0,100390.09269881931,-0.7396250605690838,-0.1884338199750133,10.301020597158185,0.15265048555872482,0.009176195919277041,0.06393468960602522
104.4,71.9096302607265,141.78083687432988,78.40214896308119,4.712866698208591,-0.18220107030850477,0.49734457595178705,-0.06731288532630952,0.20318529275897235,-1.6191016030698213,119.31356820907912,4.874482490340229,75.04801987654221,-0.7563009379355438,-12.5451946391314,-0.5656984892964059,-0.06888953357524574,0.23633079453460226,-1.538031824599332,nan,nan,nan,0,100385.2909771897,-0.7611964531450096,0.02311928998358964,10.254291298443288,0.13677388045657213,0.008393758607364412,0.06249148117101676
104.5,71.87515828872951,141.30328412200836,78.35881183535115,4.825685083172237,-0.1433414855973487,0.5660068586118907,-0.05391540329240918,0.20428174720901326,-1.6135796582364932,119.23492452064471,3.6093115153142676,74.99128182144125,-0.6910291136064234,-12.701279855849966,-0.5363356401134458,-0.05509584584425342,0.2373983288328938,-1.5322224085229603,nan,nan,nan,0,100393.90252030756,-0.7859964238668051,0.007045071204626885,10.243231383675928,0.11243674113972346,0.006626447279733254,0.051608991246638244
104.60000000000001,71.84564082911162,140.81319675150408,78.31888374316148,4.9378995026278325,-0.11443651342116223,0.6302154507483727,-0.04287824282526598,0.2050716049976713,-1.6087167568344158,119.16856597250559,2.3314252320599542,74.93913470067861,-0.6378819546138372,-12.855655331834209,-0.5066075874806768,-0.04384032818146055,0.23812743519329937,-1.527117135480065,nan,nan,nan,0,100382.02559185558,-0.8348244084319433,-0.0937339997292383,10.18994405002426,0.09342033458559243,0.003974451590337057,0.04769038479144642
104.7,71.81999428007472,140.31077871172016,78.28222898123904,5.049152632649649,-0.09365087460005772,0.6905782712768057,-0.03423960298406947,0.20564738630743173,-1.6044384143962325,119.18233020285986,1.0697393454693407,74.90917406415242,-0.6033112794517569,-13.00635428001253,-0.476357556460745,-0.034666109266084266,0.23863493256168078,-1.5225192500727651,nan,nan,nan,0,100393.83718064324,-0.8309812990594607,-0.07093103839694584,10.144124284986914,0.06261883252401176,0.002903568836697485,0.04440846871771689
104.80000000000001,71.79738449729892,139.79623449479698,78.24871108485492,5.159214053442961,-0.07912313514040975,0.7481407440164023,-0.027825906652711785,0.20606733688464685,-1.6006736549311165,119.12403005204939,-0.23853567804560552,74.86292046310042,-0.5646764482476564,-13.158679391693102,-0.448897560735894,-0.02810463940134822,0.23901368662764444,-1.5183641082848727,nan,nan,nan,0,100372.28062498927,-0.846067132206392,-0.0923360187896406,10.13247853018505,0.05614358618769259,0.000518281569700071,0.04248603578808962
104.9,71.77720296752446,139.26976815572198,78.2181910606139,5.2679210818961595,-0.06901184537327912,0.8030507997533954,-0.02332078012062111,0.20638232978120508,-1.5973632770701025,118.8254671090818,-1.6603402185577896,74.75747678729633,-0.5052888232422807,-13.31680757345954,-0.43393222039055057,-0.02358121647379674,0.23928245463994213,-1.5145067405095425,nan,nan,nan,0,100387.89885758069,-0.8737279611953911,-0.10771332946608636,10.125390187848923,0.03381815301441308,0.0006143274866783168,0.028168535534020114
105.0,71.7590359717739,138.73158493011388,78.19051112411671,5.375177259312853,-0.061711021668931595,0.8555715547639057,-0.02032937368948806,0.2066452524407949,-1.5944506699315633,118.77629161663106,-2.999459343341583,74.71531816291515,-0.4788558774240754,-13.46526422057446,-0.409294876240989,-0.02048615195100867,0.23950457891979182,-1.5110806655925497,nan,nan,nan,0,100393.30977539152,-0.891946170444696,-0.16733180326067892,10.065735672618159,0.026007413817499794,0.0007593857158471483,0.03584973057086943
105.10000000000001,71.7426202071131,138.1818867912648,78.1655066447838,5.480945810135734,-0.05592397632966212,0.9058176773492705,-0.018437289645132915,0.2068872436867173,-1.5918856006599826,118.64573668545864,-4.38631614827745,74.65427157469688,-0.44524603777227895,-13.614691020171263,-0.3914493394482742,-0.018194193483322962,0.23967683983568677,-1.5081267383116304,nan,nan,nan,0,100399.762604083,-0.9226668606886622,-0.11395231740020945,10.098815041744611,0.024167164838604083,-6.17202404361336e-05,0.025475113638266243
105.2,71.72779931583634,137.62087184092312,78.14300482587272,5.585229189997149,-0.05070795569514963,0.9540403406587872,-0.017258518874197604,0.20712369968122002,-1.5896241127419726,118.60240998222145,-5.755016615077351,74.61616605590135,-0.4215081267719261,-13.759245372856387,-0.3710727376135665,-0.016831699302881198,0.23982950293032923,-1.5054422852595186,nan,nan,nan,0,100400.08067943956,-0.9229102756917246,-0.11993371582944497,10.090981548396426,0.014236184471327013,0.0008323087539431687,0.03121712800717793
105.30000000000001,71.71448315980766,137.04873348881313,78.12283151335905,5.68804382686243,-0.045424809904053086,1.0001306215691852,-0.01646445807298813,0.20736222164369522,-1.5876299595854504,118.67728928426695,-7.0931497548482465,74.6094859816287,-0.41508093706186416,-13.897223629321367,-0.3467138551591135,-0.015603650915264833,0.23997712337218102,-1.5028749570403868,nan,nan,nan,0,100385.04020718035,-0.9310622217568961,0.01930310925959039,10.003727024354918,0.006966027315603324,0.002133319778301265,0.026210759142576992
105.4,71.70261595935361,136.46566136884937,78.10480853711296,5.789417524447096,-0.039747912105165574,1.044184437523229,-0.015800423160235666,0.20760623765961972,-1.5858704741698237,118.63685351301511,-8.489918463867033,74.57560687984699,-0.3940115456735023,-14.038410598065408,-0.330094785741548,-0.014654202033939523,0.24015099141253016,-1.5005118991916468,nan,nan,nan,0,100387.15953387083,-0.9526150248702617,-0.09990138961122638,10.026599088550258,0.0037833833376870758,0.00044955779039951467,0.021400249215392
105.5,71.69215015805085,135.87184054692193,78.08876032021729,5.889381232982248,-0.033594930032049664,1.086194921586552,-0.015092259728213375,0.20785310738695406,-1.5843174820132169,97.2904149580313,-16.142322224445724,73.76289686292745,0.869100748441548,-12.145233560775576,-0.4317747982547364,-0.022623710426878052,0.21952760304466956,-1.5065072781623776,nan,nan,nan,0,100389.65834773752,-0.9816141194857851,-0.13887958147843388,10.058917789643552,0.004864928742851295,0.0016294582492697904,0.022615319485221552
105.60000000000001,71.68303014743249,135.26745245711717,78.07451228499517,5.987964405395479,-0.02707652747707891,1.1262971376239865,-0.014243626968194034,0.20809965612431136,-1.582945336196439,97.37863914951097,-17.36260983332511,73.72052402694865,0.896310760571967,-12.260528948320635,-0.41639025073419994,-0.021531693627179216,0.2196642503356323,-1.5048265907333995,nan,nan,nan,0,100393.67142028964,-0.9859279650226442,-0.13550435601743144,9.962529360279234,0.011095270333475621,0.0003503522941134963,0.020892232584078966
105.7,71.67518204146967,134.65267352372956,78.06190287786278,6.085191680804566,-0.020401265548027854,1.1644218409266158,-0.013223933471060434,0.2083360606649851,-1.581733280815636,97.58472033263622,-18.54342613461711,73.77040402070882,0.9147988450726553,-12.331748825576655,-0.39063922096856496,-0.020208768864218296,0.21943477622406138,-1.5042021731740718,nan,nan,nan,0,100385.45479842093,-0.9978019842360515,-0.09612876938097545,9.939877289192141,0.012975535639903252,0.0011248601405058425,0.011542699267526827
105.80000000000001,71.66851296002042,134.02767778343346,78.05077515199578,6.181075967819566,-0.01383017949266804,1.2006928646464137,-0.012051079413537114,0.20856052956840831,-1.5806618087915159,97.67735142561627,-19.782212298033457,73.73194524447833,0.9381317144821925,-12.443543414949465,-0.3784198763854195,-0.018880464473377323,0.21955811667274983,-1.5028667027374558,nan,nan,nan,0,100372.3366777633,-0.9851141017992473,-0.13998949372309955,9.96153720790727,0.013952241912248295,0.0015947210321378912,0.01826613067530484
105.9,71.66291307193818,133.39263584269466,78.04098357235247,6.275627595351991,-0.007624750417834772,1.2351349021166358,-0.01077605574010121,0.2087693064858107,-1.5797136057102552,97.77739447513379,-21.02978805498917,73.69839624099158,0.960243579169346,-12.55260933540196,-0.3665699092490097,-0.017507560259608645,0.21968659473971597,-1.5013475122911029,nan,nan,nan,0,100387.01263399248,-1.037764483671935,0.005583610653095747,9.913229284214783,0.013748462995754222,0.0013226691164218481,0.014386841740237289
106.0,71.6582613191757,132.7477152392924,78.03239426928776,6.368853978507253,-0.002012109038005685,1.267917701404307,-0.009468386217992841,0.20895776666676769,-1.5788733905557226,97.87459050664216,-22.290498017808165,73.66216574998785,0.9829529884105135,-12.66147995723516,-0.358258089524369,-0.015997669405732662,0.21976516435017923,-1.4999618133845853,nan,nan,nan,0,100373.82342744226,-1.0394904829038005,-0.09682423452053389,9.906585034718207,0.014627402141793543,0.0010660935661987315,0.013418476943332862
106.10000000000001,71.65443237189578,132.09308060339558,78.02488723977865,6.460755351589647,0.002864581729289167,1.2990801421887777,-0.008197727626941709,0.209122818375022,-1.5781285347915395,98.14270445434724,-23.48286187676126,73.74050939539279,0.9910833619535073,-12.709576811002847,-0.3344275445254794,-0.014189431242984885,0.21934298153038823,-1.4998227492419929,nan,nan,nan,0,100381.68428898824,-1.082648786496586,-0.024259987596609432,9.90067004711824,0.019067572704715763,0.0009977269432141014,0.011828051208608421
106.2,71.6513048372999,131.42889477730685,78.01835163050244,6.55132772296835,0.0069298629987650335,1.3287676670367101,-0.007023866359279096,0.209265785134642,-1.5774670881789583,98.24292544488755,-24.759005551325064,73.70733405861236,1.0125651030958813,-12.81333279101928,-0.32911784428243196,-0.01278803790613292,0.21939013874500812,-1.4989146336773,nan,nan,nan,0,100390.26351556038,-1.0679419086175015,-0.027940373328643443,9.873913521982423,0.019013438648381554,0.0004094476201298928,0.005273386972474699
106.30000000000001,71.64876698544639,130.75531826405972,78.01268822486001,6.64056751581159,0.010187022921416674,1.357038619055757,-0.005992027827793289,0.20938839520933183,-1.576878567633314,98.41833325887698,-26.009408610548157,73.72133726390416,1.0264417011265186,-12.89063315597692,-0.31663169608020286,-0.011252782812252171,0.21921857101470787,-1.498375415453225,nan,nan,nan,0,100380.49754864941,-1.0781333889734257,-0.0793061066387671,9.838490917581645,0.01052806497765868,-0.00032746273207209645,0.005188089694290518
106.4,71.64672141386741,130.07250935093134,78.00780745998846,6.728474970107864,0.012692892712146825,1.384076199717112,-0.005128605251279339,0.20949109989369075,-1.5763533185175442,98.52193228959068,-27.30351287577172,73.6899088980808,1.044462775728889,-12.99147342734802,-0.3117745744491746,-0.01055031934104722,0.21922928495458072,-1.4974268951836702,nan,nan,nan,0,100394.03570581967,-1.1074570967163893,-0.08396644275339935,9.820345091424906,0.0047337161080701975,7.648098696386076e-05,0.01074591089875443
106.5,71.64508706328077,129.38062395976024,78.00363034021652,6.815050029532948,0.014555997245352392,1.4099312019984886,-0.004440572465134518,0.20957400685250738,-1.5758836571700843,98.77186180963282,-28.532029002012038,73.74711808787862,1.0451807703099656,-13.043542270032223,-0.294250506136164,-0.009751890576694677,0.2188161371264743,-1.4972804700373965,nan,nan,nan,0,100384.47348372999,-1.1178434911942547,-0.03851255873533631,9.88730811853821,0.007853460880471475,-0.0006385227741866209,0.009640892775005135
106.60000000000001,71.64380050109861,128.67981641923998,78.00008459777601,6.90029057586217,0.01591440289018739,1.4346809716420506,-0.003918579265674738,0.20964130777042245,-1.5754624479415256,90.90132224322282,-33.273439380265295,73.46049030893771,1.2785869250190482,-12.875348476985826,-0.3461755731781519,-0.01564583850416712,0.21967648355850833,-1.4954624721664693,nan,nan,nan,0,100380.98263752912,-1.1126899745294074,-0.1642509413915344,9.859346087880322,-0.002723012867092911,-0.0007825129004458781,0.011761015187072066
106.7,71.64281464926722,127.97023873631578,77.99710609481816,6.984201160974226,0.016906690723703967,1.4584407928544716,-0.003541525504950349,0.20969429227339065,-1.5750833244563558,91.19686965747573,-34.47310793445485,73.54005871507299,1.277290564323438,-12.894614820675713,-0.3266554467995215,-0.014867686281603731,0.21903836502286333,-1.495764241173502,nan,nan,nan,0,100408.75967286178,-1.1358999099869629,-0.0869133366071394,9.810920232826152,-0.0027797245060761505,0.00029705740097945633,0.004302053648678796
106.80000000000001,71.64209649461573,127.25204092818855,77.99463640635597,7.066786993974612,0.017664185949028445,1.4812772569272876,-0.003280672921989858,0.2097351989567522,-1.574740724265955,91.32568331171724,-35.767218117871394,73.50750250178551,1.2990923492493018,-12.987832487431733,-0.32378114460008417,-0.014563151426307375,0.21900948993365454,-1.4950316889210384,nan,nan,nan,0,100385.56382611275,-1.1485104787879399,-0.0564440474737825,9.826259154209177,0.001225233507641716,-0.0008816604783876147,0.0072375354466209735
106.9,71.64162394481183,126.52537068851414,77.99262381691523,7.148056148092873,0.0182947156586173,1.5032577962762352,-0.0031049182790013896,0.20976471860218582,-1.574430291337146,91.62954093515735,-36.965201418284835,73.58788979485156,1.2962199443298272,-13.00270818920695,-0.30434936739933105,-0.014107937290480432,0.21835892011359048,-1.495468508294639,nan,nan,nan,0,100402.0571627985,-1.17760654102533,-0.08747131546358194,9.805081848537746,0.0030821176184142713,-0.0002557678026702825,0.0028054815539926867
107.0,71.64138262141016,125.79037343541947,77.99102330818688,7.228017613417722,0.018900769117812875,1.524399702793472,-0.0029840748169864817,0.20978340270909723,-1.5741488691447239,91.7601171832044,-38.270017062210584,73.55752456585843,1.3141230691459374,-13.092996990456037,-0.3032819988354244,-0.013802160454553292,0.21830163534771407,-1.4948716049942732,nan,nan,nan,0,100394.87635656801,-1.2056671802074002,-0.05563299314738636,9.801084554071434,0.008343268327323357,-0.0006969759406068,0.007298272219028789
107.10000000000001,71.6413652791385,125.04708647739736,77.99029903960827,7.307889734299195,0.019528137010980724,1.5601936490478943,-0.0028842637851226316,0.20874959828231088,-1.57388859320351,92.01753396674275,-39.500749740326185,73.6058540011807,1.3205665513105147,-13.13033423004977,-0.2661187099201364,-0.013660893737374113,0.2167683898030841,-1.4950867565114443,nan,nan,nan,0,100387.2542815935,-1.194510886594288,-0.041645265384994926,10.476345241215698,-0.009701852172698613,-0.05042762694485808,0.00430525928414856
107.2,71.6415730468129,124.29498996797626,77.99462969455607,7.395507740503322,0.020190003350421863,1.557407385255246,-0.002787362994276843,0.19820623169898477,-1.5736256870996175,92.1506051162373,-40.81846924535206,73.58207455742202,1.3397855632651685,-13.221392428871898,-0.21364237395921443,-0.013673782691603797,0.20618792768374505,-1.4944245070104163,nan,nan,nan,0,100389.07425857059,-1.2172369199152313,-0.03466895573999633,10.238882321528717,0.001192513489176897,-0.14566057656267373,0.0050126196807772135
107.30000000000001,71.6419999409791,123.53550278649615,78.00373824621126,7.475707860895946,0.02082644950928063,1.4922294075206943,-0.002786871179400796,0.18150773496648887,-1.573372028052349,92.38197198335448,-42.07453166085805,73.62121394485898,1.3461296289982638,-13.250253827352134,-0.16178227574045317,-0.013593366446697619,0.18911252773974074,-1.4941806071192634,nan,nan,nan,0,100387.71270428374,-1.239155149243015,-0.012103424509975029,10.209147335073062,0.007770703409154379,-0.18114895965025238,0.008492103639501761
107.4,71.64265211829306,122.77065490191465,78.01770803869987,7.536892156108136,0.021587599353969877,1.414589843715089,-0.002832496612673152,0.16343947098495204,-1.5731369487352822,92.51742550282296,-43.402228996432726,73.60737154944619,1.363093108475321,-13.300583088705597,-0.1139526819089859,-0.013552932718914779,0.17094349683321264,-1.4931893807284684,nan,nan,nan,0,100393.05153708984,-1.279175038865369,-0.004635100659675914,10.213952360226292,0.001873268500772239,-0.17688015253702996,0.003051024246052034
107.5,71.6435413365986,122.00243024997013,78.0371556983474,7.575751962595118,0.022558539225776005,1.351998205039887,-0.002874736391856425,0.14722687665526757,-1.572926975062382,92.6934962792061,-44.703387618887014,73.62165434287907,1.372506358941526,-13.314865254608636,-0.05612983173946332,-0.013419092381614206,0.15449059605097482,-1.4925716919296628,nan,nan,nan,0,100384.03977729035,-1.2951478618432488,-0.024915095248431406,10.325609040554577,0.0016446619717923674,-0.14748182106169846,0.008642595479377835
107.60000000000001,71.64467525483605,121.23253644571342,78.06255671720835,7.594313253689684,0.023769770494387003,1.3158710292225317,-0.002843599476993308,0.13458230184061715,-1.572746368972354,92.83158212947231,-46.0357824992168,73.61881397667125,1.3890478882035047,-13.331000057489245,0.0002729136511622427,-0.013442321522102674,0.1417383308778284,-1.4918928745365028,nan,nan,nan,0,100389.08506077761,-1.3156866975123467,0.035370951724149544,10.326763836059289,0.006623610323580889,-0.10774527954530921,0.007784952116998237
107.7,71.64604963933049,120.46228911835121,78.0938953251143,7.597033727671025,0.025200359175043836,1.3069150227233157,-0.0026563552354489373,0.1260827712411734,-1.5725965628731586,93.01772244491774,-47.329807160371885,73.64857316920974,1.3960737419689535,-13.317005337034105,0.06055532106039556,-0.013295038865835718,0.13298001299878015,-1.491630099850111,nan,nan,nan,0,100396.7583742072,-1.2965260824511493,-0.12270926866974669,10.264247451597159,0.007634200657692009,-0.06641629763558292,0.008999828693361259
107.80000000000001,71.64764216274595,119.69257432349319,78.13060484761847,7.588998500958627,0.026709455056632324,1.3195521243560546,-0.00230473078707516,0.12155556101943632,-1.572477356527704,93.15808663400642,-48.66142156395634,73.65705203923278,1.4111700325735788,-13.314413212397646,0.10731612802467615,-0.012991096918988365,0.12832553944094394,-1.4910439560356519,nan,nan,nan,0,100378.6436448359,-1.2678591800857781,-0.10509722364128798,10.11850046414216,0.0008606828317985779,-0.029383750923680785,0.009447168177406373
107.9,71.649413625672,118.9238750785124,78.17162657496091,7.575069559214738,0.028124765113711703,1.3448854907469459,-0.001823505143030535,0.12033539369334845,-1.572384811195679,105.28138423849103,-44.232803208639915,74.1523195963822,0.7176232403690355,-13.49781741426345,0.23679599356119038,-0.005653492614716704,0.12901593083244878,-1.5329496668804907,nan,nan,nan,0,100394.75942415878,-1.2666248963717965,-0.18198530883164557,10.005680017143534,0.017258909510767327,-0.0004562079592694355,0.006022548440625463
108.0,71.65131209125556,118.15634467940596,78.21556097053912,7.559354383481979,0.029281094698794995,1.3739512830238982,-0.0012635835808693097,0.12149963289553933,-1.5723136387956949,105.35320973169394,-45.58245469146436,74.17717842232379,0.7195842954742113,-13.495116019965335,0.25723182527955885,-0.005125973263409911,0.13008434906736155,-1.5325650992941098,nan,nan,nan,0,100396.83027695242,-1.2570306623408434,-0.013508477037708758,9.838814134407526,0.01071280103755849,0.018874483336645067,0.006312917474612387
108.10000000000001,71.65327990551695,117.3898986916086,78.26095002660102,7.544953903230135,0.030028473978390736,1.3996892395938227,-0.0006992507379469659,0.12405720522660713,-1.5722584210174309,105.50074399351081,-46.8533335738956,74.24995256405396,0.7099578460534588,-13.454772226484756,0.2695715532500243,-0.004460755085129442,0.1322820579290369,-1.5328567082267641,nan,nan,nan,0,100375.13595735123,-1.2389916396899494,-0.11706668966915046,9.724841208548352,0.0007721555370080995,0.028815487907736817,0.004145433522841018
108.2,71.65526066446104,116.62431894851878,78.30639418895912,7.533922159736879,0.03028020831259623,1.416282596985639,-0.00020224502845433978,0.12708377163657247,-1.57221581313698,105.5717980248415,-48.198864221161415,74.27663819049135,0.710735635172623,-13.45639103744785,0.26287693012966645,-0.0038603181388068286,0.13522932585069802,-1.532236708472725,nan,nan,nan,0,100376.30649049142,-1.2221641630711246,-0.13263458225058847,9.655284991076005,0.003389332605113666,0.028910281008661644,0.0036986338747780362
108.30000000000001,71.65720633232603,115.85934480395956,78.3506890311871,7.52715007460495,0.030032745580115462,1.4206932592599912,0.00017097266185739368,0.129855683348846,-1.57218383001773,105.76843526700027,-49.40384712502887,74.37859232035454,0.69544531950302,-13.39461355673643,0.2555638387721613,-0.003417888207071673,0.13745014870378758,-1.5326276527736766,nan,nan,nan,0,100375.94627622857,-1.2586359165854155,-0.05029411915633191,9.480987362278007,0.0047679981568186005,0.023062485567986537,0.0037381572001836524
108.4,71.65908250858988,115.09474106185354,78.39291254960287,7.524516548768299,0.029358596437116052,1.4122866727026344,0.0003850179272553156,0.1319203195173515,-1.572161034957883,105.83810843280662,-50.743502808375666,74.40286017526546,0.6988505523496605,-13.399317471840167,0.2291320563419659,-0.0032953279930922896,0.139435047587684,-1.5322010515121,nan,nan,nan,0,100373.01446638453,-1.2019598177669875,-0.012511609038999533,9.429560071182362,0.004657594518186986,0.015116223238787307,0.008263822133857655
108.5,71.6608709175118,114.33033981790989,78.43242854454496,7.525153212277393,0.02839683804288077,1.3925291148086285,0.0004346754614639181,0.13310953218235588,-1.5721458880975745,106.04774445777097,-51.915057597092265,74.50869770941485,0.6763678297424466,-13.333001122938082,0.21030926564608668,-0.002848597864501645,0.14002537492147837,-1.532769881403242,nan,nan,nan,0,100389.53215294026,-1.2211052915634273,-0.01663810666591388,9.394634082098928,0.0035259642987601897,0.006676010056133903,0.00292344167344952
108.60000000000001,71.66256913916332,113.56605136926153,78.46889415038984,7.527824831656315,0.027324625304294425,1.3644263388444369,0.00034707088136576303,0.1334866559885517,-1.5721365092429331,106.11549363574058,-53.248633988260664,74.52794493421142,0.6785573326027248,-13.338623493992012,0.17580710383515233,-0.0030654432416565847,0.14035005154099456,-1.5324398545947222,nan,nan,nan,0,100375.26671454316,-1.192472141757599,-0.10552062956884217,9.434814275753878,0.0004386009642268092,-0.0004011825707384602,0.006136617236518789
108.7,71.66418758856693,112.801856163087,78.50219949872645,7.531308706133828,0.0263072945750115,1.3314461093465981,0.00016301150471076387,0.13325505010148442,-1.5721312421632598,106.27847479922313,-54.45979467835078,74.60103057527147,0.6641330847990365,-13.29510002121431,0.15017388975823098,-0.0027993869163118745,0.13967117349866442,-1.5327697887899614,nan,nan,nan,0,100392.3206141686,-1.2247187405977078,0.0025312235023140575,9.380383663496948,-0.00016114595708366136,-0.005968425496227624,0.00748988106789401
108.80000000000001,71.6657454148068,112.03778448717262,78.5324048976272,7.5346406252801,0.025475007958913894,1.2968189375920627,-6.906251021809862e-05,0.13267096933673583,-1.5721287272695141,106.34480855602283,-55.78954986751599,74.61444546540673,0.662987064528971,-13.29970818951278,0.11818521334624203,-0.00301572373473169,0.13900664420998043,-1.5325212707947387,nan,nan,nan,0,100381.20090262976,-1.1990120379438278,-0.0017607140364230764,9.433296925047754,-0.012783892053439376,-0.008962631459959595,0.0032100337300629248
108.9,71.66726582306953,111.27389265345191,78.55967646164976,7.537220733950107,0.02490427511173724,1.263146737700913,-0.0003042577786196432,0.1319714962911427,-1.5721282081369028,106.43905393447172,-57.081366362340354,74.64146423453747,0.6603112488151265,-13.289416527271355,0.09193167074059222,-0.003165344781818291,0.13811526130074303,-1.5323318423522148,nan,nan,nan,0,100379.49812349892,-1.191208281710497,-0.020798052604280096,9.443718888764211,0.0017742023238836743,-0.007634599726785592,0.005621833390396482
109.0,71.66877183845641,110.5102420039829,78.58423154300458,7.538813582696923,0.024617959533360968,1.2319931333614074,-0.0005074516513051686,0.131333972480824,-1.5721294968706223,110.16380495437447,-53.88995188923468,75.12283141728128,0.21981196045204657,-12.967867775856353,0.16378144979626352,0.0015885292516695237,0.1378200202447828,-1.5561249891960127,nan,nan,nan,0,100383.74566855413,-1.2172616308076014,0.04504335307333092,9.485967117212375,-0.0036608879812939066,-0.005691620578934641,0.002882072251617665
109.10000000000001,71.67028297977602,109.74688502331455,78.60628205276457,7.53944528300668,0.024594241679359814,1.2041569812213486,-0.0006564174792502708,0.13086025491994557,-1.572132796671822,110.10444900438765,-55.329129458563756,75.06990410003313,0.23088766192111276,-13.02962950023252,0.128111930114819,0.0013031079119141253,0.13771202654405013,-1.5551220526519467,nan,nan,nan,0,100379.98670823453,-1.2255564436327904,-0.016570343491100557,9.471315836089383,-0.0037687245957660834,-0.0049990845422107355,0.008498210250294217
109.2,71.6718134301691,108.98385411055484,78.62606301774001,7.539290980650394,0.024779822231615206,1.1800603713191797,-0.0007433335872111257,0.13059284405744465,-1.572138237353206,110.12746818702536,-56.632250112810645,75.0815011078836,0.22812800483470952,-13.032672156293609,0.10490466098016635,0.0010714895711325667,0.1374060122521199,-1.5547120000119525,nan,nan,nan,0,100386.25364234624,-1.2272471164100853,-0.04462697395886717,9.50955926541362,-0.0006552351571562827,-0.0032580601795734326,0.007874184903354734
109.30000000000001,71.6733711911353,108.22116203991939,78.64376755132353,7.538624261343334,0.025106868986943993,1.159202739720834,-0.0007702891144845125,0.13051876526910822,-1.5721460245513468,110.14078942887997,-57.95305009636713,75.08315761052475,0.2280841303788035,-13.042943193219172,0.08227904200817408,0.0009234723711997184,0.13727305535211287,-1.5545761866015333,nan,nan,nan,0,100377.30139966319,-1.1901297195786007,-0.05280978805724467,9.52772106067524,0.0001548376902768756,-0.000929837452268818,0.004422036185869718
109.4,71.67495840223235,107.4588032706267,78.65956166270294,7.537704086321585,0.025506721219494943,1.1410372924388161,-0.0007470818212244046,0.1305963083885815,-1.5721562001340614,110.16341414928411,-59.257507247904165,75.09041568683845,0.22396630023142622,-13.046722209187774,0.06376483077909376,0.001068580081975412,0.1372629617902159,-1.5544345101844055,nan,nan,nan,0,100375.8350817207,-1.223514505774062,-0.10711431546153236,9.578426177631629,-0.0027957169433376334,0.0003426458625855654,0.0012614245202327186
109.5,71.67657237818564,106.69675844942563,78.67358832178304,7.536733533173691,0.025917607602954452,1.1250294350383405,-0.0006891903387256093,0.13077318492289214,-1.5721686830616666,110.2180064600388,-60.49967024290154,75.12197860521238,0.21738546195761418,-13.027367327542182,0.04948871255016778,0.0010906431705395292,0.13719929449448642,-1.5544433296195415,nan,nan,nan,0,100374.56564766275,-1.207773137261459,-0.03573730548764924,9.522588115923917,0.000954637385346756,0.00045567531327552445,0.011072389474479114
109.60000000000001,71.6782071110944,105.93499950036336,78.68597570520323,7.535856599118243,0.02629392248939678,1.1106346410264938,-0.0006116875981947434,0.1309979841170008,-1.5721832741869861,110.23955078452357,-61.80250805175192,75.12605053518627,0.21385928136490365,-13.029942372146262,0.032744683565826604,0.0009392777248091733,0.1373484524791322,-1.5541889956426775,nan,nan,nan,0,100374.60300518254,-1.211811576516771,-0.11203218028186604,9.58729125077166,-0.0007926075193514987,0.0007418519927663578,0.006632007421052026
109.7,71.6798547784847,105.17349472159964,78.6968419885712,7.535142190062771,0.02660606746404375,1.097528579584126,-0.0005290900815966282,0.13123065867705175,-1.5721997281183808,110.31029157209451,-63.00475716708706,75.16799391873276,0.20196619440334568,-12.998359453464895,0.023102682471292275,0.0009528828733875727,0.1372594280229238,-1.5542550276361196,nan,nan,nan,0,100374.33290627909,-1.2113029616472777,-0.009749919624990833,9.619509307059312,0.006352727268480908,0.0007967773718570645,0.003382352664905452
109.80000000000001,71.68150716039426,104.41221225142377,78.70630422285258,7.534610765912184,0.026841033675246467,1.0854580297664673,-0.0004529289247332535,0.13144389942927726,-1.5722177693205233,110.33033578146178,-64.30480601265207,75.16966427062157,0.19823731918329268,-13.001972274077616,0.009907646824015306,0.0008845578758096551,0.1374139171805644,-1.5540976593764064,nan,nan,nan,0,100395.67391798328,-1.2176105947220661,-0.04764242194115646,9.58732652136374,-0.005553561494716518,-0.00014048927118058465,0.007289445260323635
109.9,71.68315671831733,103.65112279111607,78.71447757515256,7.534243964872043,0.027000149654773282,1.0743232641346394,-0.00038993258094999206,0.13162316172452648,-1.5722371216778486,110.28097402619396,-65.75211301320023,75.11566307083196,0.2059704723108645,-13.05227626634089,-0.011412243939378081,0.0008359533000898978,0.13783510776771135,-1.5535548324216686,nan,nan,nan,0,100400.2787665872,-1.2242306287599078,0.013564437104641773,9.64294358782715,0.0024467557010080256,-0.0003426152853401286,0.0043571534278488535
110.0,71.6847972589301,102.89020072694649,78.72147881441548,7.534003091435077,0.027093703170797585,1.0641073420051366,-0.0003434828553287028,0.13176527532094306,-1.5722575344709528,111.90915830201476,-64.07329927113744,75.12890162290161,-0.24874125294071608,-12.313956862972214,-0.01873057663191539,0.004609980151474957,0.13344620689582642,-1.5696971887656677,nan,nan,nan,0,100378.37481071704,-1.209124709013143,-0.05875694930020796,9.646491981140898,0.005303057846207504,0.00015883594238766461,0.0033121724559337052
110.10000000000001,71.68642424405519,102.12942445568834,78.72742348581217,7.533848510311221,0.027137215323036524,1.0547793428918575,-0.0003139771394627955,0.13187327692560014,-1.5722788015814544,111.90103910307461,-65.2529701098895,75.14877671680438,-0.2579598618590786,-12.294425323616531,-0.027374323809183403,0.004525215968896212,0.1333312932475441,-1.5696675685350154,nan,nan,nan,0,100384.7209120724,-1.2238730488216376,-0.062309476613338535,9.624165269236522,0.003597707484587774,-0.000778959126277164,0.005094515236373777
110.2,71.68803480063828,101.36877608176825,78.73242427333292,7.5337406471401165,0.02714801362287047,1.046378923892854,-0.0002992575747888804,0.1319541809929623,-1.5723007539271088,111.87511581100075,-66.4823550480463,75.14554320681944,-0.26137402072865384,-12.293637388605672,-0.03726512916091151,0.0042990041139909785,0.1333146015508313,-1.5695676600839015,nan,nan,nan,0,100376.456652601,-1.2381337579390284,-0.038366859559196304,9.677975147522307,-0.01027588654868299,-0.0004016509034891829,0.005235148965393902
110.30000000000001,71.68962750359667,100.60824062640282,78.73659075660329,7.533650982704522,0.027142164687144876,1.0389105104496394,-0.000295766384071694,0.13201626843100867,-1.5723232607652255,111.87210648613907,-67.63951755803602,75.17076745362552,-0.27442287774001917,-12.26907147646353,-0.041902725667394745,0.004305826903874266,0.13311191759288077,-1.5695189963942333,nan,nan,nan,0,100388.84609923232,-1.2153821689635553,-0.1476581194649971,9.655635994885927,0.0017698150991678767,-0.0012949493816011826,0.0025210417356426856
110.4,71.69120202058784,99.84780541089147,78.74002510109757,7.53356183449649,0.027132343348209347,1.0323486711346928,-0.0002998008848912326,0.13206676966154363,-1.572346241136564,111.84423343770591,-68.86634187414889,75.16610150103237,-0.2825160725988287,-12.26780119047822,-0.051345419845246404,0.004120029496238686,0.13308033649264428,-1.5694066368667912,nan,nan,nan,0,100359.54488072032,-1.1952740523410985,-0.08289753948081117,9.647540605567915,0.003947484614189452,0.00036888134086705804,0.0010410944385819097
110.5,71.69275874272726,99.08745927214002,78.7428227394765,7.53346401352145,0.027127531124455973,1.0266651114874048,-0.0003077486729187173,0.13211129243875397,-1.572369635728553,111.89497924876265,-69.84756277862463,75.25492932199838,-0.3010148218710045,-12.188900038300904,-0.04679006296348568,0.004176592237438381,0.13249533455337015,-1.5695863549012135,nan,nan,nan,0,100374.65850170855,-1.2116627271390488,-0.16803501928714196,9.67416168659765,-0.0037098939619855564,-0.0014385462049553738,0.0053263411754571385
110.60000000000001,71.69429842227541,98.32719212489692,78.74507032814141,7.533356703762122,0.027132872113119894,1.0217945081008408,-0.00031646488229630787,0.13215336178129422,-1.5723934106441813,111.86446489952995,-71.06639934796773,75.2499803467354,-0.30889801352779844,-12.187739211984104,-0.05228612384941361,0.004107365916087957,0.13241543336310246,-1.5695618389235708,nan,nan,nan,0,100382.2351028215,-1.2208137841383198,-0.1207234780963102,9.674067037392515,0.003468806633603302,-0.0015912839032107382,0.007518058287770309
110.7,71.69582187593252,97.56699462013913,78.74684587977713,7.533242640889085,0.02714996820509909,1.0176670021260936,-0.0003238872721011976,0.13219481549835543,-1.5724175451901112,111.82723086130149,-72.30334495471624,75.23781176531867,-0.3184919160770358,-12.192060162088357,-0.05866881892916345,0.0038962270432212343,0.1324106468523052,-1.569091174141894,nan,nan,nan,0,100403.94267815532,-1.1960595351627024,-0.12683517698834235,9.679208666362598,-0.0034501289474370496,-0.0011887559723055123,0.007588770922919831
110.80000000000001,71.69732978130298,96.80685796455545,78.74821899637192,7.533127347970327,0.027177922506554757,1.0141982342452438,-0.0003287614444754672,0.13223596053044417,-1.5724420243762145,111.79493777951828,-73.5225295983418,75.23169650485187,-0.3270037271323582,-12.191362990071445,-0.06351550083099435,0.003951066703585138,0.1323626188057654,-1.5688863431205267,nan,nan,nan,0,100389.00469832035,-1.2439127980950984,-0.013016903355119097,9.657650255896273,-0.0002196362022862013,-0.0013009588423097058,0.0025056864014798494
110.9,71.69882255359005,96.04677391361786,78.74925090886063,7.533016268626203,0.02721427973223704,1.0113077200448162,-0.0003305164869381594,0.13227628896947574,-1.5724668360575484,111.73779393168904,-74.81822140710604,75.19849356307121,-0.32928925114300417,-12.212653171261966,-0.07255217314208724,0.003924294712946086,0.13244565075911363,-1.5683399703792897,nan,nan,nan,0,100366.11189947095,-1.2289220419601414,-0.10802573814419775,9.662544071366762,-0.0006248931034884834,-0.001498244077731478,0.007573909632032384
111.0,71.70030029979841,95.28673478690685,78.74999533928926,7.532913878165291,0.027255744169722616,1.0089152746075918,-0.0003292798295819743,0.1323149427345729,-1.5724919672091413,109.37570458423701,-76.50401943652821,75.17492244742292,-0.4609006993194176,-12.210903259506315,-0.08267184054551802,0.004559900172771858,0.13746232808551384,-1.5784496413341635,nan,nan,nan,0,100384.58576979801,-1.2177057712219228,-0.024037471608991435,9.669086231822947,0.006563847569453889,-0.0011733726961749896,0.008394556911399786
111.10000000000001,71.70176283431051,94.52673351751613,78.75049930278456,7.5328230440707555,0.02729891923768115,1.006949988790526,-0.000325611584649832,0.1323509674704575,-1.5725174022008566,109.32439782989573,-77.7406317482062,75.16132867760099,-0.46781890910804175,-12.219098240474686,-0.08749293581169504,0.004364974395808741,0.1374905298644613,-1.578092785372517,nan,nan,nan,0,100376.85717035142,-1.2262766630865098,-0.09349443437551995,9.736032905407777,0.0016614112043074327,-0.0010099279410228444,0.0043362508184236846
111.2,71.70320973450059,93.7667637031733,78.75080393650963,7.532745065606596,0.027340897237561983,1.0053516608603852,-0.00032019267293148523,0.13238363405286346,-1.5725431197989623,109.27712433174854,-78.96276243922138,75.15240990209772,-0.4778527493602568,-12.223345539768415,-0.0902481419697426,0.004224036075580528,0.13750914498530498,-1.5777511295152555,nan,nan,nan,0,100392.84425211619,-1.2291158716157171,-0.11634714391747568,9.667972660883342,0.002584644279786945,-0.0010352853336196709,0.00499044435837738
111.30000000000001,71.7046404112525,93.00681965028834,78.7509449858803,7.53267999606503,0.027379447138674996,1.0040641830552526,-0.0003137852906096583,0.13241251678451915,-1.5725690990998427,109.27459814157483,-80.03775810353783,75.19053779512576,-0.49336993905930643,-12.187381782366941,-0.08784075660095662,0.004354618041676694,0.1372562162316744,-1.57784020268668,nan,nan,nan,0,100378.48742274792,-1.23343121821919,-0.1095158360306363,9.6969596025897,-0.005053399042968763,-0.0014602083164014438,0.0004118056668145024
111.4,71.70605418668084,92.2468963698494,78.75095353711507,7.532626837160798,0.027413122441637343,1.0030413079608531,-0.00030710926285903994,0.13243746374760668,-1.5725953176379113,109.22486167706262,-81.25670091906221,75.18165927573844,-0.5000939683926972,-12.190964032901979,-0.08995212597157062,0.004290121244108214,0.13725490541833207,-1.5776544938208152,nan,nan,nan,0,100383.57939213143,-1.227129054648162,-0.11205476222351426,9.74791581985573,0.005175884751995407,-0.0018260007505032344,0.002930643104467954
111.5,71.70745036199098,91.48698955834213,78.75085650093236,7.532584066531778,0.027441292754197634,1.002244700598244,-0.0003006964535690049,0.13245858497863883,-1.5726217549243307,109.17316584906652,-82.4800680661821,75.17127066601762,-0.5071196028133508,-12.196105808309667,-0.09221735014811377,0.004010733504687725,0.13724733959862645,-1.5775345339044566,nan,nan,nan,0,100371.18225121447,-1.2355511749914614,-0.06747044353759243,9.718233384980136,-0.006511341806021987,-0.001729501489472441,0.003931927986350569
111.60000000000001,71.70882827105353,90.72709555012383,78.75067711848966,7.532549819807313,0.027463961368994316,1.0016419181454919,-0.0002949390317077416,0.1324762217524622,-1.5726483943524876,109.12209028344827,-83.69987234048025,75.16195987037526,-0.5138607898891724,-12.199941635906503,-0.0940822944714345,0.003933526107993135,0.13722896753956149,-1.577310025951812,nan,nan,nan,0,100367.32026311442,-1.2104273615389984,-0.010965672130596238,9.664328656112621,0.0031098099144904016,-0.0012518163328257446,0.009023101378659883
111.7,71.7101873225338,89.96721125922834,78.75043525142026,7.532522603466461,0.02748162661433328,1.0012009619513313,-0.00029003009110373235,0.13249076667036985,-1.5726752133855202,109.13781926405217,-84.69828657635811,75.21841674957533,-0.5295580406273747,-12.149748978657316,-0.08717680278621255,0.0038741474102441664,0.13689031396581486,-1.5774197461515218,nan,nan,nan,0,100378.8160929764,-1.2125186620478066,-0.006358950341774694,9.697616914247302,-0.00017484119962006865,-0.002064154349922942,0.00724375458661839
111.80000000000001,71.71152701220265,89.20733411588785,78.75014772083149,7.532500844543935,0.027494994603355926,1.0008981628424942,-0.000286041903874823,0.13250266914445796,-1.5727021963781465,109.0845296678047,-85.91339089942102,75.20962618988764,-0.5356980198244734,-12.152234698106827,-0.08850614375326427,0.003586935824945403,0.1368802668721285,-1.5773326801799357,nan,nan,nan,0,100392.06564114381,-1.2560597302760197,-0.10917704486980526,9.714927218567496,-0.001640914006585208,-0.0006544858022209409,0.0071021315938561294
111.9,71.71284693031791,88.44746198858915,78.74982875874198,7.532483339528762,0.027504970057870993,1.0007113294307686,-0.00028293021671543794,0.1325123743083889,-1.572729331839573,109.10011915826891,-86.89849261968881,75.26700828295202,-0.5530101048099565,-12.101019127718798,-0.08007449974884613,0.0033253884274095924,0.1365229260727956,-1.5773329102426654,nan,nan,nan,0,100390.2031751932,-1.2356658351072418,-0.017530343112133334,9.720036395773416,-0.009270155692440801,-0.002721064675252941,0.004023136426453558
112.0,71.71414675681076,87.68759312311818,78.7494902306543,7.532469137031228,0.02751243971386807,1.0006210733197263,-0.00028057680653970074,0.13252027850451165,-1.5727566106080773,109.04451164852993,-88.10871845719892,75.25890801227439,-0.5596323750702851,-12.103343238802946,-0.08174185519764007,0.0033161417095524115,0.1364894789108304,-1.5772467672319443,nan,nan,nan,0,100379.19145428437,-1.2312665917217418,-0.06551357941337327,9.760152826416295,0.0006299214756936922,-0.0022320439884776395,0.010632592625242
112.10000000000001,71.7154262486265,86.92772608063636,78.74914195674646,7.532457625736552,0.02751822525775961,1.0006096027305404,-0.0002788101402678711,0.13252670711185233,-1.5727840252713126,108.96664870790617,-89.39115210812282,75.23065603885622,-0.5632705500653771,-12.121498039116895,-0.08487620003496084,0.0030922377290147907,0.13652558511709034,-1.5768569007119169,nan,nan,nan,0,100401.18154207137,-1.232893782944712,-0.1039608819063681,9.693079818224739,0.005188101973095327,-0.0023041432383804432,0.007873700990196592
112.2,71.71668522263708,86.16785969556157,78.74879185243711,7.532448338972678,0.027522951822909297,1.0006616052297612,-0.00027747252577303705,0.13253192217261156,-1.5728115701316512,107.63352574740672,-98.30312056227706,74.93393989443558,0.1700679902983646,-13.266949950496159,-0.1304055816803823,-0.0048188854273987225,0.1412104037657329,-1.5557301831940133,nan,nan,nan,0,100379.7009407009,-1.2357262738328327,-0.03542911273444635,9.707846893067165,0.0017407485904656083,-0.001749470002249972,0.005486488412790522
112.30000000000001,71.71792353833935,85.40799302713413,78.74844626505134,7.532440985853194,0.02752711340418403,1.000763395733903,-0.0002764064298168556,0.13253613083015403,-1.5728392416384709,107.66859629652085,-99.55804492977407,74.946545722075,0.17736637480281564,-13.256241222484965,-0.12775617119705657,-0.004910790901289985,0.14108036718394756,-1.5553990233095067,nan,nan,nan,0,100371.60998073772,-1.2270649582765147,-0.07679337248468374,9.709662546624203,0.005247951774811713,-0.0019469444804134893,0.01316570111614357
112.4,71.71914108332227,84.64812532747794,78.74811014100388,7.532435352430399,0.027531029182999246,1.0009028666229052,-0.000275476964429866,0.1325394776632456,-1.5728670358231662,107.68644418553255,-100.88408458615281,74.93374934137863,0.18073359573485537,-13.26459939341019,-0.12841919671189483,-0.004998935156452777,0.14108335523656756,-1.5552843515148584,nan,nan,nan,0,100393.11658167225,-1.2405718708245117,-0.006190066299902909,9.74523453131449,-0.005643212105411122,-0.0013074524408688854,0.008798041606257377
112.5,71.72033775939705,83.88825601454876,78.74778723153479,7.532431255125909,0.027534862220965312,1.0010696767129958,-0.00027458980730887816,0.13254208113283994,-1.5728949493094384,107.68410574036183,-102.29238232889955,74.89307256010221,0.18584246063380688,-13.293872036586066,-0.13287952692000915,-0.00525456187779616,0.14121970463646405,-1.5548531347952572,nan,nan,nan,0,100390.35209035827,-1.2302308027970774,-0.1292931906751613,9.64631283294237,0.0054967811556326015,-0.0014575800732529532,0.005659531943315257
112.60000000000001,71.72151347268992,83.12838464825586,78.74748027375362,7.532428522778946,0.027538664126693962,1.0012553284755887,-0.00027368511005665397,0.13254403941298998,-1.5729229795733783,107.70286082690693,-103.62220661285754,74.87967328790936,0.18985927170090014,-13.302433015914872,-0.135214201517759,-0.0052573014528634054,0.14118129084040065,-1.554558478316542,nan,nan,nan,0,100383.2968014566,-1.2358703086831733,-0.00689737778993274,9.722447993637278,0.004457765984264546,-0.0024404452193447414,0.011537005303962334
112.7,71.72266812788124,82.36851090972314,78.74719115622973,7.532426983183315,0.027542418745463194,1.001452442997182,-0.0002727359639802529,0.13254543602365443,-1.5729511245848222,107.73302471465996,-104.91155997251929,74.87978394389503,0.19456905336420977,-13.301516722146754,-0.13410372018791009,-0.005547851579883911,0.14110505095599346,-1.5543849780216696,nan,nan,nan,0,100365.35808732442,-1.2135489753883935,-0.06891770659705362,9.70227075775607,0.0018194589779892772,-0.0009214593914060109,0.011130423541296468
112.80000000000001,71.72380162588082,81.60863458401823,78.74692105894509,7.532426473109965,0.027546075235918576,1.0016547308004018,-0.00027173576769701224,0.1325463475608757,-1.5729793823084135,107.75292197468241,-106.24217491090988,74.866287328446,0.20290272954947708,-13.310496474073734,-0.134995459969676,-0.00586479647053384,0.14109773745043652,-1.5542585005367782,nan,nan,nan,0,100399.75372276778,-1.2328590227629832,-0.09719712825167591,9.738117046119816,-0.003504640714227741,-0.0017573570668323892,0.007570618839410723
112.9,71.72491386307183,80.8487555454803,78.74667055492442,7.53242682814694,0.027549561697276126,1.0018575290239418,-0.00027069553393432866,0.1325468416996336,-1.5730077507082099,107.72864549719924,-107.73780921760806,74.80055690688266,0.20623518468525864,-13.357559167793168,-0.14118911779754495,-0.00622892347546955,0.14133810957930626,-1.5540302879218588,nan,nan,nan,0,100369.38936290037,-1.206204342397144,-0.012115054349319587,9.740844490255089,0.0011500159475731826,-0.0012126772631198882,0.004918594776408127
113.0,71.72600473170002,80.08887373787041,78.74643980926048,7.532427781306652,0.027552815796336994,1.0020583353146482,-0.0002696423567944972,0.13254699660707758,-1.5730362294555411,107.74944407594518,-109.07401377734409,74.78639410992773,0.20929248438231587,-13.366321797346735,-0.14161211479588148,-0.006467621114894406,0.141350713367411,-1.5538022422664364,nan,nan,nan,0,100374.23913433305,-1.2273380025489127,-0.11749669227471912,9.684578004530692,-0.003534788147213964,-0.0016404265538017418,0.0006274493525413698
113.10100000000001,71.72717987735203,79.25300055224398,78.7462086064214,7.532429401562216,0.027556117947635878,1.0022724749690854,-0.0002684831965493739,0.13254685158708424,-1.5730676820137521,107.81959407557666,-110.23634508512023,74.82613439538659,0.21486445008033309,-13.335902265474562,-0.13475720814658224,-0.0064560215542193156,0.14105095518190325,-1.5535274394099687,nan,nan,nan,0,100375.38942498731,-1.243670057374846,-0.12634683521114204,9.728712917562703,-0.006412170065693603,-0.0013878972639455435,0.007642271207023853
113.2,71.7281219308066,78.56910186395683,78.74603660370994,7.532431040015043,0.02755856712582331,1.002440671161191,-0.00026755407361556127,0.1325465383133282,-1.5730935131063895,107.84134094353858,-111.57036121338204,74.81258182277365,0.2198935726988392,-13.344623827639627,-0.1363501843271169,-0.00661135646153177,0.14105576735734893,-1.553247038539551,nan,nan,nan,0,100398.5520844734,-1.225792595705241,-0.11387957632460995,9.737776068549834,-0.0027121136318454,-0.0013396150049901083,0.0064100500730553955
113.30000000000001,71.72914804833174,77.80921193346103,78.74586291557888,7.532433114871187,0.027561055445703926,1.0026185958411724,-0.0002665492977746986,0.1325460270678036,-1.573122315319497,107.63506141318938,-114.42586912417153,74.80865251679725,0.2292938393050368,-13.588980864987121,-0.1279450735607233,-0.007533739283986041,0.14416346441145578,-1.5509699479934866,nan,nan,nan,0,100372.86290977911,-1.1978981057667377,0.0034195703784848375,9.757172777844957,-0.0031619240947077104,-0.001412287166565694,0.005923793191060225
113.4,71.73015237402862,77.0493194840046,78.74570670214533,7.532435323544672,0.02756329837017187,1.0027860066143455,-0.00026558947015009604,0.13254539343503136,-1.5731512233616871,107.6582197844785,-115.78537241788382,74.79585318140154,0.23431975318709092,-13.600843627211649,-0.12905724313040473,-0.007647205163443527,0.14419708050044866,-1.5507928018151311,nan,nan,nan,0,100394.8816518284,-1.2147015057848771,-0.04935908681735177,9.679388520758621,0.002335902976807082,-0.0013043306184731859,0.006303271977737951
113.5,71.73113481012786,76.28942464808559,78.74556698539403,7.532437595808912,0.027565343499108073,1.0029423911802307,-0.0002646781032588086,0.13254467584310392,-1.5731802369244363,107.65922238358816,-117.247916079949,74.7547007122286,0.2454321946863009,-13.633497509229725,-0.1337304149800174,-0.007751015737266886,0.1443555720867402,-1.5504415137927676,nan,nan,nan,0,100366.27454798348,-1.2295154765214114,-0.014586540806536881,9.724446281421802,0.0014365662824904419,-0.0008782906883464981,0.00963960322868515
113.60000000000001,71.73209526417666,75.52952757178434,78.74544270060895,7.53243987737396,0.027567241327588643,1.0030875685106653,-0.00026380910548906567,0.13254390226279122,-1.5732093553060267,107.68422322380039,-118.61185099245995,74.7413206958014,0.25364287036522326,-13.645008496750181,-0.1348831580472998,-0.008210063261029799,0.14432512912617512,-1.5501722512999532,nan,nan,nan,0,100388.42258771256,-1.20507792731808,-0.07236844481969995,9.682170143134671,-0.0013075678062602026,-0.0023303418229627163,0.0031911377498261523
113.7,71.73303364828182,74.76962840966102,78.74533273728753,7.532442123093674,0.02756903142400635,1.0032210506798196,-0.000262980455202233,0.1325431016107066,-1.5732385780307956,107.71034627589513,-119.9753800220967,74.72811530484192,0.2606408631550566,-13.655994332907854,-0.13690685970288294,-0.008531983014705258,0.14431276181699193,-1.549895270264269,nan,nan,nan,0,100387.19217187472,-1.221068829656322,-0.05754792417379873,9.703405716164754,0.004914469407678144,-0.0011925780786939879,0.005043621545063227
113.80000000000001,71.73394987817889,74.00972731998849,78.74523596908344,7.532444290634077,0.027570748916836123,1.0033430790634432,-0.0002621901366249846,0.13254229536803175,-1.5732679050978704,107.73672735797199,-121.34154744828074,74.71437882196224,0.2667554273700983,-13.667580919241175,-0.13749711861391353,-0.008716144378301927,0.14430009841157143,-1.5495408249475222,nan,nan,nan,0,100375.67746602435,-1.250418463197426,-0.016123660947633248,9.723480339430614,-0.0037253290750469455,-0.0012436261917625664,0.009864176152482147
113.9,71.73484387327159,73.24982445970448,78.7451512914224,7.532446358558344,0.027572444545198964,1.0034542742959451,-0.00026142362675962705,0.13254149572181295,-1.5732973365331673,107.81066295809606,-122.51350366970374,74.7518487138896,0.2746087950546403,-13.639659642862393,-0.13096801285461393,-0.008871847990129744,0.14401693037836982,-1.5491743307843917,nan,nan,nan,0,100380.02245071516,-1.253306668740031,-0.15983014805093382,9.728993561381877,-0.001746076612222006,-0.0024066075198165746,0.006786809227358713
114.0,71.73571555574465,72.48991998364012,78.74507761763232,7.532448307924244,0.027574142338868863,1.0035548159315235,-0.0002606748166058548,0.1325407176598581,-1.5733268723271394,107.83845306318348,-123.87802476545106,74.73878474485743,0.2820327435179691,-13.65114782111194,-0.13107212468295057,-0.008897901256907037,0.1440382739069399,-1.5489593787211131,nan,nan,nan,0,100386.94417152583,-1.2472449835571335,-0.058187069225414806,9.752955706927729,-0.004718057297761069,-0.0012783090573123342,-0.0021413799299835248
114.10000000000001,71.73656484892241,71.73001404109516,78.74501391139053,7.532450123971674,0.027575867062549487,1.0036451551809737,-0.0002599413900177261,0.1325399731319883,-1.5733565133287448,107.92015891049394,-125.02790888129786,74.78072943895731,0.29030844647117154,-13.619028737316771,-0.12676904403434858,-0.008921445250044346,0.14372857070480372,-1.5488486927672334,nan,nan,nan,0,100404.81179442676,-1.220504079993086,-0.0758935141472151,9.729111686759364,0.004512640270041545,-0.0018960375071551982,0.0026031319254146887
114.2,71.73739167656139,70.97010677363757,78.7449591987041,7.532451771950386,0.02757763962846389,1.0037265883374977,-0.0002592136571246684,0.13253926802760674,-1.573386261920896,107.94940718926692,-126.390379923453,74.76798397691358,0.29533158479998517,-13.630454989950005,-0.12867216209922414,-0.009063878733772679,0.14371507389401006,-1.5485502806628784,nan,nan,nan,0,100363.08449911494,-1.2274018396082846,-0.07573560345427673,9.71321770676931,0.0018271504287813926,-0.0015403045181385374,0.007247847347883339
114.30000000000001,71.73819596598311,70.21019831605129,78.74491253954814,7.5324533411901085,0.02757949594175001,1.0037984634949944,-0.000258472506673324,0.13253859821629055,-1.5734161144407595,108.08469431752393,-127.33580271291778,74.85973320833105,0.3016197080434869,-13.561232867317544,-0.114746261174191,-0.009310419554440674,0.14314777156598923,-1.5484901681866852,nan,nan,nan,0,100396.47524064343,-1.2484053340303385,-0.05838791214471795,9.739857893658826,-0.004067334110080053,-0.0018361608329883845,-0.005266720044907299
114.4,71.73897764128311,69.45028879874194,78.74487301024381,7.532454768694814,0.027581369015237295,1.003861957981528,-0.0002577371962302344,0.13253797331308825,-1.5734460718961172,106.58444365443714,-129.33363543697155,74.875265840214,0.2159965935544529,-13.64768003328987,-0.10848415349889776,-0.004540549147396433,0.14182132420623494,-1.5430751396866347,nan,nan,nan,0,100390.79066480022,-1.2259045259074621,-0.01007163510503449,9.732046779397558,0.001434758442018598,-0.001373359033053021,-0.0014433789958817316
114.50000000000001,71.73973662623077,68.690378339625,78.74483980433783,7.532456065045968,0.02758329945630484,1.003917813335736,-0.00025699447231064543,0.13253738947365235,-1.5734761355133267,106.5927569209768,-130.76433860897808,74.84903826837423,0.2192731393375223,-13.669031434361726,-0.11025352785434418,-0.0046476495964826725,0.14187908915806458,-1.5428295771645208,nan,nan,nan,0,100378.75435169335,-1.202054946815313,-0.014182549851221665,9.704273059370763,3.3780061606486966e-05,-0.000803367143159222,0.005702537789900565
114.60000000000001,71.7404728445703,67.93046704912256,78.74481216446291,7.532457227187203,0.027585276853187922,1.003966785080832,-0.0002562448913814297,0.13253684994374426,-1.5735063057544145,106.61492214614523,-132.13173740000394,74.83799276622584,0.2235396004996377,-13.678688156316415,-0.11080157816718716,-0.0047972032870249315,0.14184859852822895,-1.5426014656666514,nan,nan,nan,0,100377.54747683054,-1.2084134625195109,-0.0501909097268725,9.712614310186481,0.013875163404110684,-0.0015002228432423876,0.00828854719818525
114.7,71.74118621930438,67.1705550286743,78.7447893997409,7.532458260195257,0.02758730050822487,1.0040093323491301,-0.0002554944441712781,0.13253635769089422,-1.573536583292779,106.67244228892812,-133.3340986644965,74.86498245081418,0.2275929058273281,-13.657818706877253,-0.1072459099878714,-0.004816530592631096,0.14159127181141828,-1.5423861664152465,nan,nan,nan,0,100381.67067510058,-1.243222517753081,-0.021793459476094915,9.710902965545475,-0.012418752625051327,-0.0015494131309713624,0.008449241221687314
114.80000000000001,71.74187667282403,66.41064237081255,78.74477088026676,7.532459172176845,0.027589368433431027,1.0040460573397603,-0.00025473637024675533,0.13253590828419304,-1.5735669687356304,106.69533055296002,-134.70032205901367,74.85416245434672,0.2308156823647114,-13.666920521246642,-0.10868620752521223,-0.005112085813402167,0.14153869031114819,-1.5422399038151298,nan,nan,nan,0,100364.1710773073,-1.210384820995822,-0.007713469298472234,9.69682553143902,0.0032727170309588246,-0.0021377270811787506,0.0111653357608293
114.9,71.74254412679365,65.65072915970829,78.74475603643165,7.532459970567231,0.02759148829284629,1.0040776610325632,-0.00025396826012857865,0.1325355003975126,-1.5735974628517218,106.80668520764337,-135.66041685171427,74.93492738636604,0.23643232809637327,-13.603244286385257,-0.09870767998324308,-0.005275107862608319,0.1409977290019151,-1.5421323103233515,nan,nan,nan,0,100379.17909036743,-1.2500308823928608,-0.07697902474448107,9.759512817215551,-0.0009272987205740197,-0.001853127805367335,0.006754237052763368
115.00000000000001,71.7431885022235,64.8908154717188,78.74474435147262,7.532460660713639,0.027593643978039574,1.0041046527104376,-0.0002531982876130545,0.1325351342732053,-1.5736280662097621,106.83041452913125,-137.02117029877522,74.92498593257903,0.23901444290553828,-13.611675094271765,-0.09998050980068844,-0.005408180385324091,0.14094758051975798,-1.5418287705298912,nan,nan,nan,0,100372.12203207595,-1.225317010584394,-0.1189103537276184,9.73566810158906,0.00026707786050846126,-0.0024744480418452653,0.01118721065216339
115.10000000000001,71.74380971926442,64.13090137520621,78.74473536511618,7.5324612513205365,0.02759584099765195,1.0041274345856084,-0.0002524220642453612,0.13253480696753206,-1.5736587796876131,106.90953018842987,-138.13468165699396,74.96989522474394,0.24400197624492093,-13.577179172736438,-0.09317854949481083,-0.0056348990654062625,0.14061311497765727,-1.5418237825561611,nan,nan,nan,0,100370.98820167712,-1.2342773453684024,-0.0435024822084693,9.727981351961892,-0.0007758018646714153,-0.0012073755982837343,0.005898195118975013
115.2,71.74440769737407,63.3709869312341,78.74472866804176,7.532461751111204,0.027598081503889343,1.0041465572962047,-0.0002516351715174947,0.13253451432899044,-1.5736896041860051,106.93422389295652,-139.49280140413376,74.96054820197178,0.24941830914924876,-13.585308965113164,-0.09425419548092846,-0.006098708172869394,0.14058241493207713,-1.5418315619348428,nan,nan,nan,0,100389.77798230507,-1.2085823323374476,-0.08025949953147134,9.741394086484002,-0.0016212049525060777,-0.001627911513792905,0.008072286431102318
115.30000000000001,71.74498235551692,62.61107219429692,78.7447238960893,7.532462167615273,0.027600361148747126,1.0041625295121843,-0.0002508445480898791,0.13253425472676406,-1.5737205400907408,106.97500226079505,-140.78268023770863,74.96614932947752,0.25414829020325036,-13.581524244872327,-0.09216143492557771,-0.006091477700803871,0.1404767564551157,-1.5416655019426795,nan,nan,nan,0,100377.47845772527,-1.2205130410342064,-0.03741057985012688,9.764290842256635,0.0011602917860516035,-0.0014871016077343,0.0025617646657953796
115.4,71.74553361046009,61.85115721253196,78.74472072962303,7.5324625044951645,0.02760267147973545,1.0041756957253918,-0.0002500496955523124,0.13253402613879484,-1.5737515907886444,107.52945192156425,-142.0481121553147,74.97256306451013,0.28780953635593964,-13.648385952634888,-0.08989321985129682,-0.00708160557521742,0.14197124850633203,-1.5454254363408104,nan,nan,nan,0,100375.58944996216,-1.206893018596856,-0.06966651832723789,9.730057188286986,-0.001993221079841266,-0.00225529234648298,0.008462535354858306
115.50000000000001,71.74611286312474,61.015250500425594,78.74471876650851,7.532462796147243,0.027605298381427456,1.0041872683060031,-0.0002491607983009514,0.13253380915685242,-1.5737858767339525,107.5964150438397,-143.22228791599346,75.00271315930271,0.2942437185545062,-13.625389098324497,-0.08602582582265682,-0.007300817354811695,0.1417375862044461,-1.545226274552288,nan,nan,nan,0,100379.15691122186,-1.2155756803104592,-0.006873314255257126,9.735942280313601,-0.0008038860812291632,-0.0030660332849465856,0.009672787621355147
115.60000000000001,71.74656558375385,60.331326679180876,78.74471812465895,7.532462982165335,0.027607446653937995,1.004194806773329,-0.00024842645310596545,0.13253365247476867,-1.573814030028282,107.62621282133325,-144.58534160522203,74.99416054573726,0.30201091728046814,-13.635810180359119,-0.08481408197873325,-0.007376965232286814,0.14170023940895682,-1.545263471073235,nan,nan,nan,0,100378.37171124034,-1.1975339486000327,-0.11250211106366811,9.729863564206484,-0.0050289986724801165,-0.0017372475312334755,0.003029157921110346
115.7,71.74704613418852,59.57141119717422,78.74471822721647,7.532463134225222,0.027609859369281436,1.0042015789490137,-0.00024760981639249113,0.13253350124049534,-1.573845419801172,107.68449984936525,-145.81225869686253,75.01336726341917,0.3091666565058784,-13.622654537850488,-0.08095146121661972,-0.007481897565468909,0.14150504810807085,-1.5451924721753283,nan,nan,nan,0,100369.57533474437,-1.2159405580637104,-0.03381946092216544,9.723804947079458,0.0013148917319801734,-0.002349407538539149,0.006892767747111018
115.80000000000001,71.7475029471142,58.81149561059696,78.74471901248937,7.532463235220662,0.027612297928681064,1.0042066636731095,-0.00024678564384450485,0.1325333725244553,-1.5738769246770916,107.71572406419891,-147.17495674622546,75.00529111126255,0.3142862848860769,-13.631348697752792,-0.08083211094623391,-0.007721860527196256,0.1414959653955341,-1.5448475371245545,nan,nan,nan,0,100375.63107619708,-1.2161119074509257,-0.11389272238674297,9.689972629580026,-0.005743829913136475,-0.001015782692954582,0.010057145206323056
115.9,71.7479359369592,58.051579943420755,78.74472032646044,7.532463293768456,0.027614769391389942,1.0042104062883976,-0.0002459553775928658,0.13253326052637981,-1.573908545633708,107.78662998751416,-148.3492497454225,75.03491343316536,0.3208665418461428,-13.60945561021454,-0.07619942525821687,-0.007965850762847282,0.1412733300389597,-1.5447191932671238,nan,nan,nan,0,100383.05591769858,-1.1978474155755598,-0.039937276105238353,9.683253588212283,-0.002735065228302815,-0.002293140452814549,0.0035661655356816644
116.00000000000001,71.74834501769068,57.291664216416734,78.74472203660841,7.532463313085754,0.027617264916045874,1.0042132110104294,-0.0002451223105135458,0.13253316403736748,-1.5739402833119318,107.81911986842809,-149.71065067818662,75.02727489478231,0.3279334386660703,-13.618710701201701,-0.07616881388812691,-0.008293595665949116,0.1412169706352444,-1.5447299820102725,nan,nan,nan,0,100370.67942699003,-1.2212263905540588,-0.03455072922772646,9.671034549180035,0.003703522074601802,-0.0022580942168802863,0.0025449345420157517
116.10000000000001,71.7487301024712,56.531748447560325,78.74472402952152,7.532463293995977,0.027619789863082743,1.0042149940887901,-0.0002442832630130676,0.13253308576309997,-1.57397213884625,107.9119020855279,-150.791005091571,75.07492524304912,0.33533788894269945,-13.58322224205383,-0.07150949256556943,-0.00841192826536652,0.14090245098483312,-1.5447593947206393,nan,nan,nan,0,100380.73468548417,-1.220609512837221,-0.061128127617473785,9.649646251355906,-0.0020274227781700545,-0.002049597079728523,0.00544884106047584
116.2,71.74909110436376,55.77183265159401,78.74472621415318,7.532463244857428,0.027622351250520316,1.0042158978113214,-0.00024343574252438938,0.13253302136831557,-1.5740041124741948,107.94571827216983,-152.1497645846967,75.06768914447795,0.3412250470471983,-13.592149616706566,-0.07257114925221504,-0.00853222703387635,0.14086925482537782,-1.544737174928045,nan,nan,nan,0,100377.16853738304,-1.2193002137557014,-0.007101355268517157,9.711772317989501,-0.0018821053848985685,-0.0020824402678298807,0.008878650155369278
116.30000000000001,71.74942793511005,55.01191684050077,78.7447285170836,7.532463174900144,0.02762493616115776,1.0042163795440695,-0.00024257969767926824,0.1325329627695646,-1.5740362054759525,108.0231416745147,-153.3107702793405,75.098833282465,0.35067042220803113,-13.568829041201786,-0.07087090654387926,-0.00856757173708056,0.14064064383734642,-1.5446810628835266,nan,nan,nan,0,100398.5418456348,-1.235179217495946,-0.1062506786278392,9.633589534373058,0.000780548218679367,-0.0015432686938554228,0.005409312640532999
116.4,71.7497405057104,54.25200102537542,78.74473087146461,7.532463076211185,0.02762754999419228,1.004216364140643,-0.0002417206099273317,0.13253291774809584,-1.5740684187521246,108.0585348993048,-154.6679750711104,75.09168600944197,0.3568642844068846,-13.575154478062126,-0.07207734231526979,-0.008774634400017689,0.14059292241692511,-1.5447027723094866,nan,nan,nan,0,100395.05127503077,-1.2426952108122604,-0.1280909427354377,9.713696892808803,-0.005554699433209852,-0.002196403516073164,0.0017074038051970108
116.50000000000001,71.75002872692396,53.49208521488765,78.74473322768382,7.532462955646406,0.02763019109322017,1.0042157408248393,-0.0002408540405204329,0.13253288501463434,-1.5741007527859745,108.04511685705666,-156.25070221518894,75.04135733612922,0.3631992776278855,-13.618243145796256,-0.07703867179245333,-0.009236984511129975,0.14076206215954312,-1.5447368113189093,nan,nan,nan,0,100365.27034511037,-1.2044022543984385,-0.15806367307697633,9.713378704301793,-0.008906582284252477,-0.0008393803263941032,-0.001099223310485893
116.60000000000001,71.75029250840653,52.73216941532288,78.74473555074607,7.532462825635323,0.027632860755003607,1.0042149622841723,-0.00023997389712404615,0.1325328531637755,-1.5741332087625088,109.23069406916918,-153.9654080338368,74.93549491150355,0.40817582271422576,-13.191127964602362,-0.10658317516159728,-0.008152151375263816,0.13491609471420807,-1.5506536262420951,nan,nan,nan,0,100371.54196138038,-1.2270532626306603,-0.061343085310515355,9.73118118999795,-0.0018223386413200363,-0.0020408893353798577,0.002285213207218082
116.7,71.7505317588187,51.97225363289836,78.744737806204,7.532462677632472,0.027635552983054472,1.0042140986906711,-0.00023909017324896809,0.13253282856838422,-1.5741657873949517,109.34307635896411,-154.92013063663487,74.99103262067189,0.4145842765064364,-13.138023328705792,-0.10093000362128483,-0.008427441117324186,0.13448487011932686,-1.5504919897595624,nan,nan,nan,0,100383.46860700684,-1.2231895029264863,-0.05303382188141895,9.688044178712133,-0.004685931528610318,-0.0022413806078772198,0.006086120026552449
116.80000000000001,71.75074638598764,51.21233787265168,78.74473996857071,7.5324625123984505,0.027638263341181253,1.0042128135735144,-0.0002382048563482897,0.13253281550297702,-1.5741984900962893,109.38491083582825,-156.2340710504487,74.9808126444828,0.4217029184228776,-13.140655830838453,-0.1025470669914438,-0.00853619566564845,0.1343974644521313,-1.5504676440729988,nan,nan,nan,0,100376.25785379099,-1.245815781563354,-0.10526553675506493,9.747743253881957,-0.0053251217903461006,-0.0016316700231149704,0.008445428454759232
116.9,71.75093629788314,50.45242213741662,78.74474202635415,7.532462343329785,0.027641011493617813,1.0042114459825924,-0.00023730413415301577,0.1325328020283305,-1.5742313171793487,109.41340455912594,-157.61854403783718,74.95798799886835,0.4291937418081131,-13.15340633552318,-0.10300563361279311,-0.008681962632815399,0.13439614628988217,-1.5504020296701801,nan,nan,nan,0,100383.27371728401,-1.220352433903908,-0.07404708963386968,9.74518794268874,-0.008990562473439115,-0.001789566772344392,0.004251396204851825
117.00000000000001,71.75110140070582,49.69250643006622,78.74474396718232,7.532462166992066,0.027643775075248105,1.004210259220482,-0.00023639515890827578,0.13253278901301835,-1.5742642699167404,109.45672293116644,-158.93396208390718,74.94763002840618,0.43841039184639374,-13.155212142033964,-0.10486291325637731,-0.0089641609675013,0.13432734760036746,-1.5502526094409967,nan,nan,nan,0,100384.23527270593,-1.216535927763502,0.017811725991453704,9.73565559508498,-0.00882614088600418,-0.00229897798751369,-1.910703117319161e-05
117.10000000000001,71.75124159994758,48.93259075363274,78.74474577863143,7.532461975118534,0.02764655880240821,1.0042088500257196,-0.000235488804322892,0.1325327869675732,-1.5742973494403625,109.57046440774451,-159.9066898337908,74.99820876507965,0.44738221195109684,-13.107113035393278,-0.09957862261532871,-0.00923195756429962,0.1339406622393462,-1.5500263387416906,nan,nan,nan,0,100360.78555156275,-1.2093895865850228,-3.517246508954325e-05,9.772025581857456,-0.0024677772200487167,-0.0009214189339899543,0.007009755844313524
117.2,71.751356800933,48.17267510901975,78.74474746237671,7.532461782666355,0.027649373071048356,1.0042073139536176,-0.0002345692550274059,0.13253278474504127,-1.574330556881467,109.61565674953098,-161.2175307520987,74.98823556442936,0.457209310937419,-13.109364907049194,-0.10077391803179334,-0.009530899474583077,0.13386706381739644,-1.5499397194941231,nan,nan,nan,0,100365.26722599089,-1.2159115571782646,-0.05625138864523204,9.699716515691112,-0.010023340283214362,-0.0016289483983196096,0.007990141191375755
117.30000000000001,71.75144690785746,47.41275949712146,78.74474901937548,7.532461589619366,0.02765221872694664,1.0042060626647127,-0.00023363514472984903,0.13253277807848063,-1.574363893321008,109.75122865000507,-162.09512267788003,75.05474941804587,0.4680825724205252,-13.049114922636015,-0.09350677527351867,-0.009823379847912594,0.1334058151921893,-1.5497341815664303,nan,nan,nan,0,100384.49943376295,-1.2165098383898816,-0.04828800280881401,9.737970543814626,-0.00040254496481093656,-0.003027568438197531,0.007021447982632036
117.4,71.75151182385625,46.65284391984422,78.744750444826,7.532461383098651,0.027655078371244042,1.0042048048985308,-0.000232704148273144,0.1325327806952148,-1.574397359632381,109.79852392235091,-163.400069957273,75.04533825300801,0.4777660006774982,-13.04940695257957,-0.09502005771122303,-0.01006063978780869,0.13330656258046014,-1.5496377443329816,nan,nan,nan,0,100363.03438043916,-1.2490060974514499,0.01375445000413264,9.75643950167996,-0.0027044351020614,-0.001638754697753112,0.004105168323605985
117.50000000000001,71.75155145074116,45.89292837729117,78.74475174570445,7.532461176211951,0.027657968552525752,1.0042033626541533,-0.00023176527082036102,0.1325327848162916,-1.5744309589909358,109.94513484449874,-164.2360274047384,75.11829355999276,0.48831079121334,-12.985263040585238,-0.08507027191352368,-0.010221925379624075,0.13281508381831642,-1.5494789974731464,nan,nan,nan,0,100376.35163937163,-1.2259415474213538,-0.07914117033075038,9.768358947677081,-0.005239724797199466,-0.0024620209627287185,0.002579377363806497
117.60000000000001,71.75156569234962,45.133012869325626,78.74475293004176,7.532460971326972,0.027660911089905788,1.0042021846649107,-0.00023080397104280337,0.1325327832164347,-1.574464688586625,109.99447466222978,-165.53458357969046,75.10967380092752,0.49827158756657525,-12.985688530524683,-0.08812030974589619,-0.010224757777130389,0.13271530082250682,-1.5491812190337058,nan,nan,nan,0,100380.19714110004,-1.218073147004774,-0.040995759580628136,9.650919283191232,-0.0013188881985013224,-0.0016861121516157029,0.011011659735414018
117.7,71.75155444901232,44.37309739691395,78.74475399934965,7.532460757709762,0.02766384306333316,1.0042011757628215,-0.00022984389499935975,0.13253278666347246,-1.5744985495082537,109.62014842970528,-166.73388607094648,75.13176075112474,0.5066521117587195,-13.013149290498875,-0.08417442753987471,-0.01014349139830939,0.13399799580955207,-1.552048326316548,nan,nan,nan,0,100385.181420767,-1.237112215757362,-0.02324500501627945,9.679036559430337,0.0012699728558812813,-0.00143195850394701,0.005364451249660269
117.80000000000001,71.75151762035969,43.61318196022736,78.74475495980305,7.532460540158962,0.027666780581408302,1.0042000072313007,-0.00022888487786743017,0.13253279596041367,-1.5745325436403697,109.6712613353347,-168.0352933817396,75.12331837501529,0.5155435457124279,-13.015226360901233,-0.08514828573568202,-0.010048978212847004,0.13395981390504486,-1.5522115688332025,nan,nan,nan,0,100387.46773130125,-1.2285534190850538,-0.03268507244026031,9.72492073672296,0.006678305512380799,-0.0018076560748450789,0.0023408067795626297
117.9,71.75145510612109,42.85326655821424,78.74475582495128,7.532460331024501,0.027669752507199868,1.0041989568982383,-0.00022790778662096223,0.1325327968435761,-1.5745666721468232,109.70799608206264,-169.4155113953107,75.10174962128903,0.5280746482862512,-13.02812337271361,-0.08759902928255892,-0.01044242074765922,0.13395215906053215,-1.552240753767192,nan,nan,nan,0,100380.70001173223,-1.2045617418155967,-0.08346501042361107,9.719857332622905,0.0012079381377657855,-0.0029477830465587124,9.899601983697371e-05
118.00000000000001,71.7513668050521,42.09335119154772,78.7447565978316,7.532460117014781,0.02767273704901243,1.0041981678698582,-0.0002269261574188164,0.1325327982471427,-1.5746009357837918,109.7612294841257,-170.7184237683524,75.09298334400975,0.5370703194916218,-13.03005442272854,-0.08832265481058525,-0.010299031447309925,0.13387539436716045,-1.5523042734494172,nan,nan,nan,0,100364.09244675466,-1.226436403177611,-0.12720127445253077,9.662486912252037,0.0006438427021335733,-0.0025872941251360937,0.005637503917192027
118.10000000000001,71.75125261457008,41.33343586080839,78.74475728235186,7.532459895631547,0.02767573379079693,1.0041973047219965,-0.00022594973595169154,0.13253280743946538,-1.5746353368020678,109.90715690840716,-171.56137215183566,75.1596858446864,0.5460409564023538,-12.969901265017857,-0.08031650583184025,-0.010308987130958513,0.1334159055170896,-1.5519899203346128,nan,nan,nan,0,100370.35407264912,-1.2423001408793102,-0.044567362117868305,9.730536964256817,-0.002953045014577228,-0.0026139044537536035,0.008190148120117792
118.2,71.75111243287813,40.573520564978004,78.74475789216021,7.532459681446336,0.027678773505368775,1.0041964305421927,-0.00022495652496579144,0.13253281067191636,-1.5746698755957786,109.96224759975274,-172.85837605318295,75.15157886057888,0.5551882919173463,-12.970379097445706,-0.08160048697573764,-0.010278614540932374,0.1333761235279629,-1.5519670832158834,nan,nan,nan,0,100390.43292840855,-1.2340356473767526,-0.05816442453510316,9.693883337717832,0.0011375837627117364,-0.0026722747951342446,0.009578859757250993
118.30000000000001,71.75094615655739,39.81360530429901,78.744758433402,7.532459466929185,0.027681844913445035,1.0041957848981817,-0.00022394982152351695,0.1325328098536136,-1.574704553553357,110.08769999132493,-173.81160442850265,75.19957631297927,0.5631589343700429,-12.92486780468143,-0.0757595835076558,-0.01014813117337221,0.13299275246184505,-1.5517939748008924,nan,nan,nan,0,100352.85010228325,-1.2341838340651752,-0.07912641882183208,9.705719809852914,0.0012031850034487598,-0.0015949708526984603,0.003236513240465899
118.4,71.75075368128257,39.053690079820115,78.74475890747108,7.532459243003721,0.0276849265111896,1.004195209388243,-0.00022294640263897936,0.13253281696216002,-1.574739371467043,110.14465155972947,-175.10409326749863,75.19195381235902,0.5760939131567084,-12.925335761935775,-0.07737419674356581,-0.010210930991956246,0.13292104408220062,-1.5517077972225897,nan,nan,nan,0,100367.7045824353,-1.2448665687043103,-0.02285550136016998,9.692077591076254,0.0012292082271334248,-0.0025497339922588664,0.004775997260635016
118.50000000000001,71.75053490206756,38.2937748909487,78.74475932530062,7.532459022777698,0.02768804720949189,1.0041945411623208,-0.00022193203153930696,0.13253282221850426,-1.57477433069085,110.27620769624578,-176.03823818245405,75.24251640283352,0.5882659158281035,-12.878438865051915,-0.07168798572662088,-0.010259005898410667,0.13254796788692902,-1.5515351123726173,nan,nan,nan,0,100373.23789505697,-1.2110579558878742,0.0012831698276162817,9.730280676749011,0.006260219183376388,-0.001655729250505851,0.005520191227757536
118.60000000000001,71.7502897135983,37.53385973757109,78.7447596952696,7.532458806458574,0.02769119448749529,1.0041940050902678,-0.00022089942259029272,0.13253282097140429,-1.5748094315700292,110.33553873351102,-177.32608802436633,75.23527439624746,0.5984428803158471,-12.87844660104067,-0.0734244848158618,-0.010196756463665135,0.13249201986858883,-1.5515305345291566,nan,nan,nan,0,100378.37582766578,-1.2272678779152264,-0.08464935408677242,9.702433842223053,9.433211153333837e-05,-0.0020560942433896848,-0.00206770783320479
118.7,71.75001800810179,36.77394462090645,78.74476001767867,7.53245858204981,0.027694359365175836,1.0041936304562353,-0.00021986644036275926,0.13253282478617012,-1.5748446766320214,110.44729136708678,-178.36566511778875,75.26826631808682,0.6058951716151318,-12.846699199630507,-0.06788156531843688,-0.010331823947823615,0.13223840126190356,-1.5514312894928324,nan,nan,nan,0,100403.05872122232,-1.199263043047432,-0.022047924580896036,9.74663026924532,0.002106491207665857,-0.0011768223536267864,0.005139760653362137
118.80000000000001,71.74971967801734,36.01402954101385,78.74476029938256,7.532458357593542,0.02769755085811863,1.0041932021602493,-0.00021882822229035703,0.13253283019630913,-1.574880066543771,110.76402646071867,-179.95865583534012,75.22471463773734,0.488788719046256,-12.904910599948883,-0.07689864567715196,-0.008154386643432598,0.13231112070170958,-1.5541411957849718,nan,nan,nan,0,100381.21933436932,-1.2062674872075354,-0.044907091913626344,9.697420488017201,0.008073903919116275,-0.0028298258978983926,0.005149143193808346
118.9,71.74939461488539,35.254114497763446,78.74476054894522,7.532458137526062,0.027700785523711868,1.0041927278786176,-0.00021777100122999382,0.1325328293157415,-1.5749156026658064,110.82087286073741,-181.21088665946888,75.22288017080741,0.4988263437655403,-12.901182856981515,-0.07717985486418262,-0.008092164890600717,0.13221295858092885,-1.5540474622703488,nan,nan,nan,0,100368.70662990442,-1.2235892655460674,0.04209638672117575,9.70373623507516,-0.007746898012993755,-0.0020181209473338737,0.004306804388593391
119.00000000000001,71.74904270924118,34.494199492365006,78.74476076730518,7.5324579120509085,0.027704037322010034,1.0041924581856052,-0.00021670705643450638,0.1325328302249722,-1.5749512856717789,110.87118852264554,-182.5009730169116,75.21505938798634,0.506195404161957,-12.900338788287385,-0.0784580554267153,-0.008028854283556264,0.13212684487055726,-1.5541640895968891,nan,nan,nan,0,100385.5884874832,-1.2507797867497708,-0.051164222360331066,9.749625733601698,0.002279404530535955,-0.0014229239834151165,0.007233896255199455
119.10000000000001,71.74866384990169,33.734284525467864,78.74476095763278,7.532457683432895,0.02770731246524378,1.0041922394396792,-0.0002156417436092184,0.13253283455480958,-1.5749871175067416,110.9088731185717,-183.8590047782944,75.19677117794608,0.5146230544723955,-12.909276655820923,-0.07921300743311986,-0.008023454219847626,0.1321093851839228,-1.5540517480205605,nan,nan,nan,0,100387.88948859693,-1.2205172465453409,-0.10620343822095392,9.723177706600564,-0.003916205756084381,-0.002054471355662407,0.0017582453440057356
119.2,71.74825792617759,32.97436959717243,78.74476112672201,7.532457457969005,0.027710619779268815,1.0041918689376739,-0.0002145613725805795,0.13253283546058792,-1.575023098217299,110.96073695145358,-185.14996660405282,75.18891269894007,0.5229260528431772,-12.909563026196631,-0.07893963027658309,-0.007955639668880465,0.1320539039468387,-1.5540687062044762,nan,nan,nan,0,100380.1160090041,-1.211409526001784,-0.10008978662045384,9.66616801910659,0.0010405871599349313,-0.0020345990920453564,0.005369085024102248
119.30000000000001,71.7478248253691,32.21445470841656,78.74476127731795,7.532457231002944,0.027713952996095536,1.004191608218859,-0.00021346879642303307,0.13253283462345045,-1.5750592299082429,111.03666052344262,-186.32396777895883,75.19888046335566,0.5323680249782357,-12.895599329116566,-0.0773868999252934,-0.007814072330309507,0.1318998823883364,-1.5540982405943629,nan,nan,nan,0,100377.38518115325,-1.2206218292548123,-0.05499516186686951,9.726799137930286,0.0026546246062417564,-0.0021690432663612935,0.006198905907825452
119.4,71.74736443398,31.45453986027221,78.74476141018194,7.532457000162284,0.02771730311220792,1.0041915481711443,-0.0002123744443176534,0.13253283658225778,-1.5750955135128981,111.09029257904471,-187.6135405610949,75.19112614666722,0.5404504349354959,-12.895511201081572,-0.0779733276381296,-0.007722836471511396,0.13186113272530386,-1.5540703368069195,nan,nan,nan,0,100370.12348072758,-1.225272547759822,-0.08791546639065145,9.720134583262556,0.005633057465574705,-0.0014796654109198635,-0.0012202743268647726
119.50000000000001,71.74687663787694,30.694625053276884,78.74476152918086,7.532456769423355,0.027720683509402246,1.0041913029264735,-0.00021127182341185158,0.13253283826258078,-1.5751319501070165,111.14171396638487,-188.91751821217207,75.18107508100661,0.5464131136133193,-12.897947602711309,-0.07910506419805044,-0.007576953589073732,0.13179680893639478,-1.5540176208485414,nan,nan,nan,0,100393.40438590322,-1.1913300585137268,-0.0974042424213733,9.722880167820515,0.0002584973792136199,-0.0015753038336150395,0.0016593641484987697
119.60000000000001,71.74636132223219,29.93471028825592,78.74476163808568,7.532456538992652,0.027724092254579735,1.00419101410376,-0.000210154571756771,0.13253283722501852,-1.5751685410972007,111.19673801458998,-190.20736205055442,75.17317230245318,0.554852881246806,-12.898318572051721,-0.08044105858281439,-0.007531993633225653,0.13174282242878332,-1.5542224448053314,nan,nan,nan,0,100376.85499902189,-1.2120060480007158,-0.12625703708114763,9.687145829948996,0.003930308405998942,-0.0019567522461337453,0.010428908281035935
119.7,71.74581837052764,29.17479556637733,78.74476173767405,7.532456306093216,0.02772752719263356,1.0041910171327433,-0.00020903050333664908,0.1325328362245517,-1.5752052884459606,111.20982722010451,-191.70760799644592,75.13282473459363,0.5604875601683385,-12.925044854403064,-0.08590951253200921,-0.007500595570676616,0.13183312468541608,-1.5541702812932003,nan,nan,nan,0,100376.2512401214,-1.1980046226573249,0.03463184993729051,9.722435982487339,-0.006665143428810123,-0.001661440362836457,0.00657264082871663
119.80000000000001,71.74524766547242,28.414880888699823,78.74476182868801,7.532456070177477,0.02773099016099979,1.0041909256056751,-0.00020790183013885688,0.13253283705317154,-1.57524219362431,111.26617419422628,-193.0001200373169,75.12414122386366,0.5675923654758827,-12.924922351434553,-0.08726678356171685,-0.007309459348446623,0.13175436191991774,-1.5541327755678678,nan,nan,nan,0,100364.40738547666,-1.2242073778409497,-0.012120514161786625,9.652297153519765,-0.004798706695544101,-0.0017379377147591249,0.007353770119602891
119.9,71.74464908943966,27.65496625623084,78.74476191404675,7.5324558328283135,0.027734500669525985,1.0041906121044595,-0.0002067580673399405,0.13253283734726318,-1.575279257961299,111.42043376066333,-193.81749194920093,75.18821288468051,0.57309600679024,-12.867769305994035,-0.07830431676547238,-0.007392357867975541,0.13134590705445515,-1.5538482847350013,nan,nan,nan,0,100366.47841834689,-1.2093581057218339,-0.0997932876532644,9.76746664323584,0.011158848292163138,-0.0029897392757427532,0.005859307905701901
120.00000000000001,71.74402252391195,26.895051669951215,78.74476199642251,7.532455596089624,0.027738038689260454,1.0041905912323883,-0.00020560071088715492,0.132532834714709,-1.5753164817770173,111.6503560934807,-200.01698958412044,75.41156370275517,0.44464462399900717,-13.588178702463976,-0.01603999922255305,-0.004167984283286685,0.1381076892120534,-1.553497787312426,nan,nan,nan,0,100376.91339330692,-1.2200450199768365,0.041586473467288776,9.721629715848133,-0.010433670620995006,-0.0019187360981658237,0.0053074714471522035
120.10000000000001,71.74336784808493,26.135137131263974,78.744762074315,7.532455355147628,0.027741595945139245,1.0041906419630355,-0.00020443970469463668,0.1325328340975358,-1.5753538669528857,111.67765021157565,-201.4684896147951,75.3966132662845,0.44856972577285414,-13.606499858518731,-0.01671998659515129,-0.004272561979215439,0.1381164191423876,-1.553373884090031,nan,nan,nan,0,100373.82426616359,-1.2078482562456876,-0.04382701853319267,9.747474894708914,-0.0041975023666322485,-0.002919822639969339,0.00676322403034162
120.2,71.74268494100161,25.375222641470582,78.74476214855596,7.532455110525367,0.027745186636015128,1.004190361426061,-0.0002032697294912511,0.13253283601739496,-1.5753914148108628,111.72257811382957,-202.8294976938906,75.39492921023547,0.45024844826887056,-13.613529242472739,-0.016281603648212205,-0.004367891898853227,0.13810748188948874,-1.5532606382959777,nan,nan,nan,0,100392.67685404814,-1.2253628992372814,-0.0364048639436707,9.739284440746658,-0.004889059915481232,-0.0022243125949598626,0.0048664536272301885
120.30000000000001,71.74197368062973,24.615308201324943,78.74476222382049,7.532454869172031,0.027748812241287606,1.0041902534906257,-0.00020208214122274804,0.1325328329541855,-1.5754291270450809,111.738923484688,-204.34331065030807,75.37131348692077,0.4551493273934599,-13.638854224817836,-0.018407800448452926,-0.00442496701119266,0.1381743333362837,-1.5532034812191764,nan,nan,nan,0,100379.56570024983,-1.2272793885374944,-0.11207765481617081,9.736682976765907,0.003238249534398065,-0.0015995852159289264,0.007111536665129294
120.4,71.74123394335615,23.855393812360425,78.7447622981659,7.532454624410827,0.027752465037907514,1.0041903900087352,-0.00020088766365455868,0.13253282983785875,-1.5754670050133284,111.7845888291825,-205.70755581727366,75.3695884678145,0.4588303538371872,-13.645849164645139,-0.01673373288796752,-0.004649833511253476,0.13814793086926724,-1.5532601887953037,nan,nan,nan,0,100383.96848939061,-1.2228250297828591,-0.08588219759668164,9.715526991276292,-0.007135766685412944,-0.0012877657433473402,0.005554095643828435
120.50000000000001,71.74046560470728,23.095479476332113,78.74476236954914,7.532454372426348,0.027756149919146978,1.0041901924355103,-0.0001996896083147348,0.1325328322567194,-1.575505050317437,111.84112208964851,-207.0177510001024,75.37587178600802,0.46150246711208837,-13.646831215577746,-0.014753288618398894,-0.004915731182449257,0.13806529296379488,-1.553327617745456,nan,nan,nan,0,100373.48756409955,-1.223928946578806,-0.059088182654214005,9.72181220867231,-0.004956482413677731,-0.002297593111379189,0.0029926969305033675
120.60000000000001,71.73966853960927,22.335565193970638,78.74476244338577,7.532454123821195,0.02775987483155003,1.0041899845850388,-0.00019847212547363657,0.1325328304952622,-1.5755432646604506,111.88745330957777,-208.38277543639794,75.37445241561927,0.4659646724968171,-13.653716185780043,-0.014249640065760526,-0.005027111279346741,0.13804790317408,-1.5531330946329929,nan,nan,nan,0,100374.03743475136,-1.211156237800349,-0.05458266721862691,9.705162570526662,-0.001791273959798253,-0.0023516683193655023,0.012147981940280175
120.7,71.73884262194869,21.57565096665193,78.74476251927733,7.532453874407142,0.02776364042536388,1.0041901180633992,-0.0001972412319489747,0.13253282566619506,-1.5755816481451461,111.9690667070216,-209.5693586765845,75.3990399909315,0.47205104581393564,-13.640105208931576,-0.011700313935905534,-0.005103797262363763,0.13788931936643944,-1.5528486850939602,nan,nan,nan,0,100386.28825014796,-1.1966334029207482,-0.042304929696473745,9.748458909158623,-0.004137361948235246,-0.0021744051589675842,0.004065461269270867
120.80000000000001,71.7379877235022,20.815736796424684,78.74476259307454,7.532453616750064,0.027767401488666948,1.0041900570424098,-0.0001960117131601935,0.1325328270869821,-1.5756202026151702,112.0165080753422,-210.93370174012185,75.39794094187437,0.4764182146808305,-13.646681539898069,-0.01084125044808415,-0.005446521232793433,0.1378602210636939,-1.5529072610239822,nan,nan,nan,0,100364.79114252438,-1.2269437010018753,-0.056030382777379976,9.672095115327865,0.0008988758607035949,-0.0030490559295133866,0.003830439098657301
120.9,71.73710371510623,20.055822684296626,78.74476266859378,7.532453359553598,0.02777121702911673,1.0041897853628179,-0.00019476756404290807,0.13253282762470642,-1.5756589313864935,112.03240394725502,-212.46239944570993,75.37303719302412,0.4812078993703542,-13.672124203566295,-0.013367079576092362,-0.005681190942092407,0.1379662214038495,-1.5528953641481724,nan,nan,nan,0,100375.06851290727,-1.2441430843058787,0.04914402374052817,9.705165983556018,0.0008208439252029615,-0.0017078127140713823,0.005631893340930698
121.00000000000001,71.73619046737649,19.295908631212043,78.74476274916626,7.53245310625834,0.02777507823376003,1.004189849458426,-0.0001935037227496217,0.13253282058302918,-1.5756978353619115,109.79067662774497,-213.85816847298634,75.3795411481735,0.41778820343762574,-13.63275038632478,-0.01273014983625777,-0.0021723475442803064,0.13786085768473644,-1.5465495133935994,nan,nan,nan,0,100382.81562169372,-1.216007410849944,-0.09267419122580617,9.805374004254405,-0.0033409328678203677,-0.0020448957623097146,0.008380941909873086
121.10000000000001,71.7352478492027,18.535994639674794,78.74476282819396,7.532452842129932,0.027778964670319546,1.0041898920653236,-0.00019223801530854345,0.1325328199848026,-1.5757369154575434,109.82285693752426,-215.27315908829908,75.3711621025384,0.42257639468019503,-13.645676151704174,-0.012993595506399554,-0.0023274325865352274,0.13787674239826697,-1.5464450770076503,nan,nan,nan,0,100386.69799132508,-1.2319442125503304,0.011934930954100642,9.702265248787558,-0.0030516732954852825,-0.0016324966554304811,-0.0005237089488048215
121.2,71.73427572670394,17.776080710930042,78.74476290875084,7.532452576161377,0.02778288880402008,1.0041896305197988,-0.00019096248685068762,0.1325328206302845,-1.5757761771132164,109.86526217541066,-216.6380562028982,75.36986962665154,0.42535564961811734,-13.652242986453679,-0.01277626126700919,-0.0023175198392073604,0.13786264637142454,-1.5462953978354257,nan,nan,nan,0,100382.25007879241,-1.2308844434750432,-0.03274751780137969,9.725740995696775,-0.009830432200364062,-0.0015417354771869699,0.0019271471203748227
121.30000000000001,71.73327396891881,17.016166846103562,78.74476299363502,7.532452312410898,0.027786900995816065,1.0041895811588124,-0.00018965829007255852,0.13253281584177157,-1.5758156172676117,109.90152344108927,-218.03647722487142,75.36398834216187,0.4277212044589703,-13.66226360534128,-0.013262900688287243,-0.0023034650782034483,0.13789212523005356,-1.546170561475515,nan,nan,nan,0,100394.01029892756,-1.2231467901292343,-0.023649442531821257,9.674708712980104,-0.0025090112373637925,-0.0021911138636534627,0.0015389124282900691
121.4,71.7322424407501,16.25625304724359,78.74476307933737,7.532452042541893,0.027790901210575026,1.0041896857974177,-0.0001883494251661011,0.13253281321816623,-1.5758552366477354,109.9443821507921,-219.4030847695004,75.362643373338,0.4300289382912531,-13.669641843804783,-0.014107266983891295,-0.0022549642843374684,0.13785443952829057,-1.5461588456887414,nan,nan,nan,0,100374.31597038188,-1.2176377256735316,0.058512889267245766,9.7243048667649,-0.011346755892986435,-0.001265236373946244,0.010753045081429238
121.50000000000001,71.73118100494239,15.496339316256636,78.74476316376581,7.532451766103702,0.027794927271912677,1.0041895018147695,-0.00018703839703881897,0.1325328171330138,-1.5758950387875974,110.02289918749314,-220.59000710414603,75.386573687268,0.43362746225343307,-13.655952357994453,-0.010676533402994398,-0.0023580049356484167,0.13770087124201114,-1.546103544814021,nan,nan,nan,0,100387.24136949076,-1.2333606141830193,-0.08531940209763092,9.714217518475616,0.001399482540149243,-0.002565502079746549,0.008475935244975818
121.60000000000001,71.73008952502036,14.73642565365729,78.74476325364493,7.532451496926716,0.02779899249820391,1.0041893605068322,-0.00018570545328921995,0.13253281334971057,-1.575935024411842,110.06634537470036,-221.95595631644025,75.38556229936152,0.43683164467811364,-13.662964268027016,-0.010003408790571607,-0.0023841232233570153,0.1376915763775668,-1.5458848922250628,nan,nan,nan,0,100374.00964456906,-1.2218710168092919,-0.0898649654583111,9.728640393436907,-0.010973113138582928,-0.001697310889324621,0.005409747007916413
121.7,71.72896786164478,13.976512061469034,78.74476334595822,7.532451224112809,0.027803086593291466,1.0041894354075613,-0.00018436251216569222,0.13253280776241083,-1.5759751966466111,110.14583682556186,-223.1417387605155,75.41012473554298,0.4398475494441524,-13.649199053547632,-0.005767333201578069,-0.0024891311174637387,0.13755871587527424,-1.5457127483290645,nan,nan,nan,0,100381.04137989864,-1.2455555116940977,-0.00020707112204258749,9.660063018278432,-0.002994293799070063,-0.0023852990064726796,0.006183200462761608
121.80000000000001,71.72781587530635,13.216598542107606,78.74476343613765,7.5324509411874105,0.027807210345083676,1.004189350904245,-0.00018301950173194026,0.13253281028725317,-1.576015556666734,110.18987223942067,-224.5069377643002,75.40955577389657,0.4396557305394396,-13.65493249098187,-0.006088115385239606,-0.0027252896234917223,0.1375413757711208,-1.5456359706021843,nan,nan,nan,0,100388.18943362283,-1.2130339738023863,-0.08457559001556225,9.791966394094633,0.00036413782629292715,-0.0014832594045010893,0.007957284469706167
121.9,71.72663342537126,12.4566850963083,78.74476353038538,7.532450662609222,0.02781138597905374,1.0041891546066473,-0.0001816567755609233,0.13253280786695476,-1.576056106802647,110.22037821102539,-225.94113989234805,75.39928762741958,0.44311226219470196,-13.668394600771398,-0.006472658419839154,-0.0027267694759287586,0.137613391948753,-1.5455165580602763,nan,nan,nan,0,100377.21084140734,-1.2274879057925583,0.011731680632099832,9.75596666286977,-0.0034274673993661795,-0.0019831600261430724,0.010968303186717697
122.00000000000001,71.72542037008697,11.696771725863664,78.74476362829634,7.532450382742105,0.027815605489023072,1.0041891508123715,-0.0001802757198662297,0.13253280135146817,-1.5760968484831044,110.26491052613257,-227.30828735280528,75.39870367933865,0.4460040696565303,-13.674382206100866,-0.005085150611708654,-0.0027168591660764463,0.1376139870299482,-1.5453402795698077,nan,nan,nan,0,100374.58055673435,-1.2047750789299705,-0.1802392842369695,9.714688493629478,-0.0040778447728681754,-0.002571286400124791,0.0075348777676594175
122.10000000000001,71.72417656539483,10.936858433367254,78.74476372468445,7.5324500922454884,0.027819863957353037,1.0041891433592527,-0.00017889217075561792,0.13253280183167337,-1.5761377843415367,111.08510991552008,-228.20142981394736,75.3893303976728,0.4674313626390652,-13.632983403933673,-0.009322829808800873,-0.0041432562780996385,0.1369684155613573,-1.5495723956343674,nan,nan,nan,0,100377.81305222408,-1.2494187079708303,-0.08363452825762197,9.704397671852913,-0.002629403957767483,-0.0012618000337336884,0.004180562372797962
122.2,71.72290186727678,10.176945219967646,78.74476382333047,7.532449802606971,0.02782416744146516,1.0041889812690823,-0.0001774920651991252,0.13253280120947664,-1.5761789150687946,111.13200448675285,-229.56499428795274,75.38841711981323,0.4700945751074403,-13.638413703994074,-0.008471306117941365,-0.004225063618233271,0.13697478810943764,-1.5495414059393076,nan,nan,nan,0,100387.19863107089,-1.2173724768452414,-0.02455083940256238,9.682974222326477,0.0024644111321924355,-0.001989013741022163,-0.0005349160331767702
122.30000000000001,71.7215961293613,9.417032087178963,78.74476392622375,7.532449513595957,0.027828526746889654,1.0041888672339228,-0.0001760689632949175,0.13253279526994777,-1.5762202432900176,111.14419857894202,-231.1064859210451,75.36337168411727,0.4750782533915993,-13.66366564839089,-0.011139924253736366,-0.004208618879522064,0.13708422092173733,-1.5493886369925676,nan,nan,nan,0,100394.09299585743,-1.2392227506874487,-0.03600960522472958,9.739326929544173,0.001563985286957457,-0.0017386660675845994,-0.0016834390293999461
122.4,71.72025920395728,8.6571190375889,78.74476402874735,7.532449215876492,0.027832912303303765,1.004188887791476,-0.0001746394182203792,0.1325327939663159,-1.5762617702789923,111.19213799553367,-232.4731359100063,75.3623186001918,0.4826134052869382,-13.66963117449118,-0.010138161755659778,-0.0046727423609969065,0.13708182980724604,-1.5494718449662725,nan,nan,nan,0,100381.91426863766,-1.2204043951580286,0.040462727178138674,9.68930627172683,-0.0011823801287672176,-0.0016284389509316549,-0.0009487722590158535
122.50000000000001,71.71889094170997,7.897206072731098,78.74476413220627,7.532448916022576,0.027837343794519114,1.0041888014437887,-0.00017319894084111276,0.13253279409153662,-1.5763034981539783,111.23631537536028,-233.8621511255541,75.35824154484925,0.4863441558257203,-13.67778548529662,-0.011250000033506274,-0.004749067786970151,0.1371178279279588,-1.5493822045964274,nan,nan,nan,0,100386.86829835067,-1.219604183306412,-0.045693990996835465,9.698999516253096,0.00046091585990218256,-0.0010974772977199233,0.00995425342052762
122.60000000000001,71.71749119234036,7.137293194030152,78.74476423942161,7.532448617503791,0.027841820191422312,1.004188623651856,-0.00017173637985323786,0.13253278959878445,-1.5763454287630199,111.28517320034533,-235.23020760980899,75.35714962935403,0.49224152943939187,-13.683448753445168,-0.010794930230359445,-0.004729651709375116,0.13713978843718433,-1.5493786029240315,nan,nan,nan,0,100385.25171571545,-1.2008913100101464,-0.06318329315612542,9.729947460403974,-0.004659374256048833,-0.001818443255570415,0.0089973511037642
122.7,71.71605980325431,6.377380403930504,78.74476434740278,7.532448312390649,0.027846342916638518,1.0041885850205428,-0.00017026199056480174,0.13253278707254457,-1.5763875649951868,111.42349075372415,-236.1546060943326,75.41749276114025,0.49416780182610504,-13.640467926116662,-0.0024996238274514956,-0.004844251949151612,0.13684165432905115,-1.5489467019161625,nan,nan,nan,0,100391.13822173397,-1.240357286199135,-0.14673517956514845,9.707854451644213,-0.004530558348554476,-0.001755786420486694,0.007368173764230903
122.80000000000001,71.71459662123942,5.617467704236503,78.74476445606369,7.532448004167231,0.027850901097265218,1.0041885932038639,-0.00016877829697825586,0.13253278629465948,-1.5764299075891932,111.47325846197258,-237.51890536869627,75.4172416998006,0.5002912562160489,-13.64548935115567,-0.001900161792844013,-0.004884776561095094,0.13683861251560558,-1.5488581892699207,nan,nan,nan,0,100361.49608384148,-1.242092927087138,-0.005506806633954198,9.752147977100043,-0.004030246259064357,-0.001915483672384373,0.003959397901197365
122.9,71.71310149130026,4.8575550965592695,78.744764567236,7.532447695313046,0.027855506868122236,1.0041884058634922,-0.00016727599055610387,0.13253278308277805,-1.5764724587825394,111.49025429573932,-239.04865348699556,75.39411434889689,0.5053902101568347,-13.668380779521963,-0.004621705198302951,-0.005001438272242975,0.13696828311001585,-1.5487234181644443,nan,nan,nan,0,100349.13623019747,-1.2152587934602754,-0.11564892019612907,9.674185067198213,0.0038268839069849755,-0.002252262255925371,0.002045895813161282
123.00000000000001,71.71157425625763,4.097642583152119,78.74476468027234,7.532447381575333,0.027860135118090584,1.0041882888706837,-0.00016575827141607213,0.1325327797768463,-1.5765152222857386,111.54101554111791,-240.41579239039325,75.39369273036127,0.5112030042508605,-13.67425982343125,-0.004239237206159786,-0.005362908815945477,0.1369601381395804,-1.5485810610173782,nan,nan,nan,0,100385.05951191144,-1.2080032026609253,0.056972880630063276,9.718279472499727,-0.004110900235390121,-0.002214993080244165,0.0042102969807782924
123.10000000000001,71.71001475627955,3.3377301660260876,78.7447647950404,7.532447064713137,0.027864883880381792,1.0041883069827588,-0.00016422669484483787,0.13253277638966932,-1.5765582032726306,111.54323597444976,-242.02616761423494,75.35929247029277,0.5189562562035748,-13.705916812231134,-0.007153370554341522,-0.005753210627048588,0.13714274214306044,-1.548545743151875,nan,nan,nan,0,100393.28204648984,-1.2209061320935608,-0.02887926238966639,9.806828353534561,-0.006834744599247818,-0.0007321986142225049,0.005760380446922997
123.2,71.70842283517877,2.577817847288678,78.74476491047882,7.532446743355568,0.027869652518088768,1.0041881937265802,-0.00016267658506541327,0.13253277429372523,-1.576601396208082,111.5954663558741,-243.39703341967845,75.35866171071491,0.5253663304829056,-13.711731429534609,-0.005612834353319334,-0.0059797806368808715,0.13717107054233524,-1.548481667711636,nan,nan,nan,0,100375.11838280289,-1.198853766767263,-0.06012987314636201,9.696621098349722,-0.001660110624262398,-0.0026659667765655945,0.002624397373391839
123.30000000000001,71.70679833057027,1.8179056290717095,78.74476502699991,7.532446417610605,0.0278744498700099,1.0041879647994725,-0.00016110968053095753,0.13253277347040604,-1.5766448052198796,111.70739247182455,-244.48013205080284,75.39899279291036,0.530642140345608,-13.686760982899816,-0.00014909273257178508,-0.006098106253937807,0.1369716657763118,-1.5484844094573917,nan,nan,nan,0,100379.71778693443,-1.2166461666942545,-0.05682063715903525,9.671798189903487,-0.009457852247886861,-0.0015770801951750706,0.005985992823685179
123.4,71.7051410784403,1.0579935130803384,78.74476514617704,7.532446092529176,0.02787927775417163,1.0041880138794599,-0.00015953066869611732,0.13253277018097998,-1.5766884338833318,111.76081104527178,-245.84908250006174,75.39903132613107,0.5382387406058557,-13.691667880430755,0.0006548311277982149,-0.006226046918091477,0.1369566486421645,-1.5483442566254189,nan,nan,nan,0,100385.37532567943,-1.2304457476402975,0.051618854586611855,9.722155138389528,-0.004748603579042267,-0.002011966418585878,0.0035612772164720003
123.50000000000001,71.70345091373574,0.2980815014237236,78.74476526668693,7.532445764025387,0.027884157211335033,1.0041879858474687,-0.00015793928871421503,0.13253276635246092,-1.5767322848615795,111.78911653683065,-247.34446897743226,75.38105118650917,0.5460930221283428,-13.709877194803894,-0.0018697697103075594,-0.0065129019859493376,0.13708127790191127,-1.548368556816813,nan,nan,nan,0,100403.00982160277,-1.2088916948409785,-0.08148767148459746,9.709610432703208,0.004071655553592894,-0.0005656026061956032,0.007540273692896628
123.60000000000001,71.70172767119998,-0.4618304033074976,78.74476538691258,7.5324454279392565,0.02788908910765307,1.004187698874109,-0.00015633187338526255,0.13253276619297116,-1.5767763592772348,111.51051279721288,-248.41762712222754,75.39631793356884,0.4292290412604509,-13.674956517268937,0.0015611621088167,-0.002409182705187085,0.1352283525301361,-1.5482796467500952,nan,nan,nan,0,100375.1874051964,-1.218636708480892,-0.10785661733601302,9.75255669318848,0.002466050824749795,-0.0011067809146829422,0.00803990823548124
123.7,71.69997118285252,-1.2217421994344573,78.7447655101045,7.532445092755973,0.027894071833584878,1.0041876578443645,-0.00015470645421322704,0.13253276305535633,-1.576820660179028,111.58310793105838,-249.63467625263866,75.41697200129106,0.432853906713216,-13.662543016584912,0.005620106464789958,-0.0024267831945401497,0.13508268255802558,-1.5484248078504095,nan,nan,nan,0,100375.57006502355,-1.2060659941947918,0.010517173112740877,9.736866133719872,0.0014943097460373388,-0.001289264892115526,0.00012490622597970645
123.80000000000001,71.6981812792584,-1.9816538848933134,78.7447656354587,7.53244475578216,0.027899095954901254,1.0041877347076924,-0.00015306683373061958,0.1325327576825408,-1.5768651893795336,111.62661684295516,-251.00112834521437,75.41750963148803,0.4369384397286751,-13.666465141399101,0.0051213140154132974,-0.002725712381433265,0.1350618797738421,-1.54877644074476,nan,nan,nan,0,100384.33787129128,-1.2144085532194,-0.06256621467921089,9.725617635335455,0.0008095535287434797,-0.0012546371599759286,0.0028960378959549185
123.9,71.69635778909698,-2.7415654567903607,78.74476575972703,7.532444408755073,0.027904182161337093,1.0041874541129368,-0.00015141382161976136,0.13253275740900028,-1.57690995017315,111.65191689409428,-252.4620898877634,75.40510699178574,0.44140806225479995,-13.679855154676451,0.0031544876113791696,-0.0029089213277102566,0.13512767423744476,-1.5487458741848226,nan,nan,nan,0,100382.2499388737,-1.1992598385742028,-0.030114358603125474,9.733614747063246,-0.004156359715069101,-0.0016881030205061864,-0.0005876901615356417
124.00000000000001,71.69450054044586,-3.5014769132928207,78.74476588671254,7.5324440617934245,0.027909320990192204,1.0041873044172105,-0.00014973942739249235,0.13253275512022644,-1.576954943957226,111.69634456303788,-253.8302548107641,75.40543921859151,0.44628116838894516,-13.68345662460293,0.0037125992709767844,-0.002937987337546577,0.13508413037747435,-1.5488580458317074,nan,nan,nan,0,100374.87522722372,-1.2253628471254734,-0.04985159490985471,9.725732618108296,-0.0009125379782936776,-0.0021203138661374825,0.005064121937082114
124.10000000000001,71.69260935784341,-4.261388252482139,78.74476601737135,7.532443715005753,0.027914521018386783,1.004187410756296,-0.0001480459119960198,0.13253274780940916,-1.5770001744374462,111.77160946643004,-255.04471597618672,75.42715826433275,0.44812667318802185,-13.671720853325628,0.006804332180458057,-0.002910695807376129,0.13495591100203796,-1.5488846710342603,nan,nan,nan,0,100393.56838621368,-1.2218519775879546,-0.0009396380140676494,9.702549604857063,0.007634282697148369,-0.0018238616882460933,0.0032044599280975196
124.2,71.6906840649606,-5.021299471119594,78.74476614652025,7.532443356371507,0.02791977207060075,1.0041872158814376,-0.0001463397653593823,0.13253274672037918,-1.5770456437008258,111.81657293511363,-256.41207312056764,75.42778272013922,0.4504344681007393,-13.675472594564924,0.005820637624631584,-0.003248860953371402,0.1349299792357368,-1.5490277763454685,nan,nan,nan,0,100374.40049009347,-1.198743597182591,-0.11991848465879004,9.775670426901348,-0.002454623034112973,-0.001730759291858795,0.00811542889151836
124.30000000000001,71.68872448394882,-5.78121056707664,78.74476627710764,7.532442994769488,0.027925093804430194,1.0041869610462169,-0.0001446116176270218,0.13253274660137815,-1.5770913539978886,111.76723449761553,-258.2526047726456,75.36243230123993,0.45494917684375574,-13.728901432214814,-0.00011610016039461491,-0.0034202826199933867,0.13526300171535155,-1.5490211236720084,nan,nan,nan,0,100403.99002784037,-1.2310700394427743,-0.026742922228328178,9.7658149049323,-0.001960985733813289,-0.001026371660396601,0.00369761432947179
124.4,71.68673043428058,-6.541121538756876,78.7447664129112,7.532442637287412,0.027930464870681848,1.004187052963483,-0.00014285999572449803,0.13253273866321535,-1.5771373079544984,111.81273680001541,-259.6257117232596,75.36246220990594,0.45639894757344496,-13.733633036180029,0.0010246321664498371,-0.003574178300723041,0.1352493939827728,-1.5490515182037772,nan,nan,nan,0,100397.73092301218,-1.2264504938675396,-0.04736723047829844,9.71616107894273,0.0015254415649526266,-0.0014501992221140241,0.007301652668205493
124.50000000000001,71.68470173332891,-7.301032382768411,78.7447665476133,7.532442267888241,0.027935895974237106,1.0041869588329393,-0.00014109594902178557,0.13253273595964954,-1.577183508231986,111.76620615267352,-261.4579892132235,75.29783732379335,0.4632583836762616,-13.785529175120148,-0.005389344866357526,-0.0037851486790190236,0.13554787065729168,-1.549338369537593,nan,nan,nan,0,100382.76124965506,-1.2546859914382722,-0.01963998309431708,9.800118804854334,0.004194462540140427,-0.00034011858144429434,0.0044995773814170015
124.60000000000001,71.68263819780216,-8.06094309655778,78.74476668224416,7.532441892277935,0.027941378334044382,1.0041866600989233,-0.00013931390932830912,0.13253273740482796,-1.5772299560949699,111.81280590040778,-262.83675189168997,75.297381084148,0.4675992252416232,-13.78982837203941,-0.00447409088144367,-0.003999062474608461,0.13553452352843642,-1.5494526121161893,nan,nan,nan,0,100392.23824638929,-1.2086892596072591,-0.0736992302765821,9.710113315846392,0.0016455339543310706,-0.00088851413670031,0.007564004995567718
124.7,71.68053964075094,-8.82085367865142,78.74476682244395,7.5324415221743335,0.027946918770354462,1.0041866658652714,-0.00013750566703474298,0.13253273052392478,-1.5772766558232674,111.81803989785857,-264.4526687975556,75.25624389615183,0.4612959369436547,-13.829119442794086,-0.00913081589992073,-0.002916656692828923,0.1359143790020918,-1.5492457967018973,nan,nan,nan,0,100351.58279202416,-1.2272087928247526,-0.09599525204349073,9.753872759519577,0.001241610549681565,-0.002098556657292821,0.001152814791620634
124.80000000000001,71.67840587396873,-9.580764125832424,78.744766962979,7.5324411434038225,0.02795251348097381,1.0041866648991893,-0.00013568333893043683,0.1325327257283202,-1.577323609446176,111.86430715413988,-265.8357811398221,75.2554361840338,0.46410175020739747,-13.833458074144724,-0.00736476332472024,-0.0029581835929461953,0.13590988979789054,-1.5491789125088147,nan,nan,nan,0,100386.54765472533,-1.2062685629046574,0.008478260353922337,9.745338332713699,-0.0019478229451792483,-0.001705124275611753,0.003480268133740286
